,frequency,exponent
0,Flat,7.440857794023383
1,Block,8.438504755838153
2,Hill,9.770506456096314
