,frequency,exponent
0,Flat,7.428946984340354
1,Block,8.438504755838153
2,Hill,9.78763379314112
