,frequency,exponent
0,Flat,1.6600713833772105
1,Block,1.2115766445108889
2,Hill,2.2895112716314063
