,frequency,exponent
0,Flat,0.7428946984340293
1,Block,0.843850475583814
2,Hill,0.9787633793141083
