,frequency,exponent
0,Flat,0.8031036512613688
1,Block,0.9919033705027075
2,Hill,0.9753912169819293
