,frequency,exponent
0,Block,-0.3072596811812115
1,Flat,-0.10093201695505499
2,Hill,0.2833399748723493
