,frequency,exponent
0,Flat,1.206650844008152
1,Block,2.1064533484279484
2,Hill,1.533213966297082
