,frequency,exponent
0,Flat,2.1185212633073736
1,Block,1.9000338003847153
2,Hill,0.7879567940656729
