,frequency,exponent
0,Flat,1.195242844219907
1,Block,1.422817840863909
2,Hill,0.4486204005682673
