,frequency,exponent
0,Flat,1.6876793320351895
1,Block,1.9566042924111469
2,Hill,0.4451819071803259
