,frequency,exponent
0,Block,0.41206031472320925
1,Flat,-0.2564636908613585
2,Hill,-0.1956933840142092
