,frequency,exponent
0,Flat,11.952428442199134
1,Block,14.228178408639176
2,Hill,4.486204005682668
