,frequency,exponent
0,Flat,2.1623601599772106
1,Block,3.07266155827634
2,Hill,0.8012715412322917
