,frequency,exponent
0,Flat,11.93419334694174
1,Block,13.98913472825422
2,Hill,4.492126052682283
