,times,Mean Divergence
0,0.0,-4.056042594391906
1,0.01,-4.0261405279398215
2,0.02,-4.000950571056717
3,0.03,-4.004363694568632
4,0.04,-4.003330930168245
5,0.05,-3.9968511590579174
6,0.06,-4.023766463656493
7,0.07,-4.052177098679425
