,times,Mean Divergence
0,0.0,-4.344699063065628
1,0.01,-4.3154731787784515
2,0.02,-4.290753414641621
3,0.03,-4.2986416226225606
4,0.04,-4.299422101319163
5,0.05,-4.289633834175863
6,0.06,-4.314084447481642
7,0.07,-4.342311176305602
