,times,Mean Divergence
0,0.0,1.7734848965479593
1,0.01,1.885326580879571
2,0.02,1.9793956449419596
3,0.03,2.023412033721768
4,0.04,2.0241156031156553
5,0.05,2.0108486126649034
6,0.06,1.8981071251134312
7,0.07,1.812774795993306
8,0.08,1.9020952259839536
9,0.09,1.9826768321339365
10,0.1,2.0189084614575568
11,0.11,2.0094596490872965
