,times,Mean Divergence
0,0.0,1.7734848965479593
1,0.1,1.885326580879571
2,0.2,1.9793956449419596
3,0.30000000000000004,2.023412033721768
4,0.4,2.0241156031156553
5,0.5,2.0108486126649034
6,0.6000000000000001,1.8981071251134312
7,0.7000000000000001,1.812774795993306
