,times,Mean Divergence
0,0.0,0.9284093845508042
1,0.1,1.1961992969287183
2,0.2,1.3497000542363942
3,0.30000000000000004,1.4093699808235367
4,0.4,1.4238129072497683
5,0.5,1.3174723485904083
