seq,stamp,px,py,pz,ox,oy,oz,ow,lx,ly,lz,ax,ay,az,timestamp,lyap_z,wx,wy,wz,aa_x,aa_y,aa_z,roll,pitch,yaw,vx,vy,vz,jx,jy,jz,forward_velocity,forward_velocity_1,deviation
14222,1723238045001930245,0.2797357141971588,-0.0816607475280761,0.1301975101232528,0.0607784390449523,-0.0402865372598171,-0.0343281477689743,0.9967470169067384,0.0,0.0,0.0,-0.3314851622851665,0.2357190674806919,0.2687444668135054,0.0,0.1301975101232528,0.0,0.0,0.0,-38.695598118456545,-60.060174582871824,23.33153504090835,0.12461039008019362,-0.07621190412811793,-0.07360999699303439,0.00922576332912388,0.06991847973442716,-0.015101307007402006,19.2482429144084,-29.243578463419095,-1.0546211817217677,0.0,0.0,0.1447095472760086
14224,1723238045011052716,0.2798198759555816,-0.0810229182243347,0.1300597488880157,0.0590483620762825,-0.0427810288965702,-0.0335770733654499,0.9967725872993468,0.0,0.0,0.0,-0.15589362449752037,-0.03105462898807332,0.25912371566726283,0.009122471,0.1300597488880157,-0.3529994716632744,-0.5478972008871853,0.21284125179617022,-20.881615907408047,-17.65160602088404,11.95375971841625,0.121286360224199,-0.08141046843130968,-0.07229188556747955,0.006201799549247156,0.07206882009166682,-0.01264969340248534,42.00745746996418,-52.69708575800031,4.653606836668388,0.002909732295111404,0.014845914083215084,0.1447095472760086
14226,1723238045021886346,0.2798481583595276,-0.0802144855260849,0.1299542486667633,0.0570776425302028,-0.0438247434794902,-0.0326619334518909,0.9968724846839904,0.0,0.0,0.0,0.5920142603580849,-0.9037025965583987,0.3829798723256216,0.019956101,0.1299542486667633,-0.35003272024547527,-0.19350962773054914,0.1959601145021055,9.172383220554913,-7.486124113481367,1.2083268560139793,0.11734043225752107,-0.08374468117371715,-0.07042720764364716,0.006772024602575755,0.06830013889629338,-0.009966221235372608,50.111394361791405,-14.680465335461477,34.40277675374052,-0.003452265915553258,0.00796826553213951,0.1447095472760086
14228,1723238045031216269,0.2799447774887085,-0.079628050327301,0.1298594325780868,0.0560438074171543,-0.0465829446911811,-0.0317902639508247,0.9968342781066896,0.0,0.0,0.0,0.9074937469858546,-0.511413769235626,0.8885192001601603,0.029286024,0.1298594325780868,-0.19295596755309685,-0.5863421385326364,0.22946269161762553,29.130831917522578,4.0043560399441915,-3.356176567074895,0.11541072704810257,-0.08942680287939826,-0.06893041565435509,0.016629349161368268,0.05540257687948147,-0.0053060708173822135,-9.794188023771888,82.23205838277778,23.30837230397658,0.005070448677129328,0.014925510345422605,0.1447095472760086
14230,1723238045041090961,0.2801745533943176,-0.0791588574647903,0.1298577934503555,0.0571036487817764,-0.04697160795331,-0.0311479661613702,0.9967761635780334,0.0,0.0,0.0,0.3550210538983337,0.7205945849000939,0.7959850888039861,0.039160716,0.1298577934503555,0.22320068132865672,-0.06490340313621999,0.12371598312500386,20.981696366284226,46.56651362667762,-12.93756392688153,0.1175121972364895,-0.09020531697615564,-0.06778689603481292,0.024032973591378237,0.05945529709074293,0.007533690904693913,-34.74439331727912,53.60979397767239,-20.0379678259464,0.019901066850292064,0.025833012152797555,0.1447095472760086
14232,1723238045051459097,0.2804320454597473,-0.0784124284982681,0.130019724369049,0.0582555197179317,-0.0451867096126079,-0.0311722941696643,0.9967913031578064,0.0,0.0,0.0,0.22561773666760954,0.5018241060497486,0.4721037720769529,0.049528852,0.130019724369049,0.21036650920595715,0.3499846972933138,-0.03468462405218191,-10.308240796271056,15.151664220715915,-3.933798242633018,0.11968691623398717,-0.08655957356776782,-0.0677143546030884,0.023416685341203447,0.07030321009228979,0.010296811617500623,-1.9467782681740946,-62.68207233334465,-21.366463034849335,0.02118250177278446,0.027316524974243382,0.1447095472760086
14234,1723238045061864625,0.2806608974933624,-0.077698528766632,0.1300712972879409,0.0583290755748748,-0.0439149215817451,-0.0308729261159896,0.9968530535697936,0.0,0.0,0.0,0.3153685380385449,-0.5846569853913377,0.35286493979019684,0.05993438,0.1300712972879409,0.008381207151289493,0.24798939427647534,0.042846447483844,5.188856862604013,-8.586607667722559,-1.52568053118828,0.11970990003868244,-0.08405079724125063,-0.06696081068902889,0.028741236888810917,0.06983923288245286,0.017356419547382096,-1.3331087387910845,-22.389099039171075,-24.295999417952277,0.017708257468529838,0.025286199120094784,0.1447095472760086
14236,1723238045071478666,0.2809971570968628,-0.0770161524415016,0.1303483098745346,0.0596923679113388,-0.0430969968438148,-0.0310121104121208,0.9968038201332092,0.0,0.0,0.0,0.214093843085277,-0.07130083689926847,0.005255860146347602,0.069548421,0.1303483098745346,0.2767847301469175,0.17623370283933043,-0.05155874429068103,8.170281137075664,-14.764551289310674,-3.0897445147613762,0.12239491049497507,-0.08230903566012382,-0.06724928039501546,0.030029201534560457,0.05942102795051918,0.017856803576262514,-4.488188964557855,54.97656891936393,-59.69182268526386,0.032394194066265,0.036219448954794384,0.1447095472760086
14238,1723238045084176795,0.281295508146286,-0.0764554291963577,0.1303912997245788,0.0599722042679786,-0.0439611934125423,-0.0309095550328493,0.9967525005340576,0.0,0.0,0.0,0.2585006075840841,0.6532989359385128,-1.1474444505205084,0.08224655,0.1303912997245788,0.04933415402667034,-0.13369624331837346,0.022075992094134717,-3.46288710371263,4.736426638887472,-17.656629223919808,0.12301549941225884,-0.08402827952422362,-0.06717861756122562,0.03409164432634171,0.07549422872881717,0.017138779132258364,-30.592523710749347,-102.26661766267824,-49.1384935845024,0.020690324925452763,0.025538810420772724,0.1447095472760086
14240,1723238045091147834,0.2815737128257751,-0.0758092328906059,0.1305634081363678,0.0602822266519069,-0.0438922606408596,-0.0315577238798141,0.9967164397239684,0.0,0.0,0.0,-0.08522114682724458,-0.6693575775345413,-1.3306407261013402,0.089217589,0.1305634081363678,0.08049109331492887,0.01085467338331267,-0.19077257976052805,-6.1730127130944314,-8.102271195580645,0.4183506538185622,0.12368680373958682,-0.0837895447494243,-0.06849370126430526,0.035658594557544276,0.0777044040371262,0.0049650600474651085,-24.760356352649392,-97.2156509974193,106.93059920012789,0.03541968618637243,0.042762122300391385,0.1447095472760086
14242,1723238045100995621,0.2818657457828522,-0.0752525925636291,0.1303379088640213,0.0595263093709945,-0.0462517961859703,-0.0305277202278375,0.9966872334480286,0.0,0.0,0.0,0.012430813259566742,-0.33960359817087626,1.5755678792516028,0.099065376,0.1303379088640213,-0.12835448241115746,-0.470122660578881,0.24393640198543415,5.736383633377069,-0.4106148068251221,12.889760501897861,0.1222657800345594,-0.08867892664010439,-0.06667073824212477,0.030506715932757444,0.05739010550187151,-0.0023558983944678147,9.01691910561042,37.19131478886374,137.5879542243969,0.02369364212682685,0.03479536946119864,0.1447095472760086
14244,1723238045112055131,0.2822137176990509,-0.0746071338653564,0.1305669993162155,0.0610347166657447,-0.0455975383520126,-0.0304262060672044,0.9966292977333068,0.0,0.0,0.0,0.10098499424390628,0.11774672240535278,1.1407119437213649,0.110124886,0.1305669993162155,0.2697373039042815,0.12685947186357135,-0.0016823310196934212,33.6783826651727,56.3830830370125,-21.815170701638717,0.12523530802785865,-0.08728436350358401,-0.06651542734008435,0.03729629609172136,0.07503728114881891,0.04387159922405992,-0.5329420495602837,-38.55697799382315,-172.56209442671445,0.029215880705026,0.03252955812925277,0.1447095472760086
14246,1723238045120546151,0.2825684249401092,-0.0738612860441207,0.1310904771089553,0.0634376406669616,-0.0429905466735363,-0.0309403911232948,0.9965793490409852,0.0,0.0,0.0,0.04078712024460596,-0.7305817017325182,-1.1931295433759344,0.118615906,0.1310904771089553,0.5405962123003052,0.6212811817461913,-0.1843491260908387,6.705209416748399,17.45394465820077,-7.649191966903276,0.1299002831999016,-0.08185278120068776,-0.06740005539928749,0.0348099601162577,0.06640251560201382,0.033744897070346,1.1775575893565877,4.06114729535021,-141.99389829054869,0.04068454831038399,0.040953194214964406,0.1447095472760086
14248,1723238045135551899,0.2829060852527618,-0.0734333544969558,0.1308568120002746,0.0631682425737381,-0.0444981828331947,-0.0305309817194938,0.996542751789093,0.0,0.0,0.0,0.2776929500858363,2.087529545186136,0.1996072396827664,0.133621654,0.1308568120002746,-0.0269106673693938,-0.19811284504801943,0.06852028650582256,30.561824667763215,3.251126869263158,-10.770016521194627,0.12944333640308167,-0.08493358382263252,-0.06676266634511126,0.04426887970508275,0.06303320814398727,0.01582802640290204,-87.80936250141232,-29.25019549655744,-30.92051380276144,0.019154375927138555,0.025387114504803198,0.1447095472760086
14250,1723238045142837631,0.2833056151866913,-0.0728520154953002,0.1310832053422927,0.0647777616977691,-0.0444122590124607,-0.0308438651263713,0.9964337348937988,0.0,0.0,0.0,-0.728530533535416,1.1066115399948337,-0.4633728235941947,0.140907386,0.1310832053422927,0.4376485275496808,0.030237623626510956,-0.10765655863318446,2.141127688758922,17.62002735582039,-9.777539542847935,0.1326955914308007,-0.08461267835454052,-0.06751421722462576,0.04504456303676463,0.0864211700937858,0.02221211109107024,-84.09308017934839,-195.8659151500903,-115.29917804016404,0.05177901342078845,0.05608771637125738,0.1447095472760086
14252,1723238045150944473,0.2835824489593506,-0.0720916092395782,0.1311833411455154,0.0643868371844291,-0.0441855564713478,-0.0310792699456214,0.996461808681488,0.0,0.0,0.0,-0.9230117517875394,-1.0335711621696846,-1.6173022633440746,0.149014228,0.1311833411455154,-0.10085213759562785,0.049300149141531094,-0.0569945341428927,-34.40214053832878,-2.6206448156646753,6.388600288851574,0.13191227284181478,-0.0841555458641448,-0.06792094491240036,0.03160640083054567,0.07641775251004423,0.0063716108804268146,15.376307628437782,-135.07883992433395,-33.984657138840404,0.02864369163561811,0.038087740205232826,0.1447095472760086
14254,1723238045162259437,0.2838999330997467,-0.0715014263987541,0.1311609894037246,0.0644601732492446,-0.0445265732705593,-0.030998196452856,0.9964444041252136,0.0,0.0,0.0,-0.1273353336103722,-0.526024278432228,-0.2906178549065659,0.160329192,0.1311609894037246,0.015621444782387611,-0.05887423935301419,0.01749229014411216,-0.8911868096820279,-14.9064733015542,12.870879109016162,0.13207983435808235,-0.08484195899079609,-0.06781202759174906,0.03276414966352448,0.06788740304243568,-0.006611285121335797,18.643604615202474,16.450678301626084,85.65337398993715,0.02420458712711268,0.030999575849065566,0.1447095472760086
14256,1723238045170567591,0.2842008471488952,-0.0708414614200592,0.1310777813196182,0.0641538724303245,-0.0454537346959114,-0.0303931254893541,0.9964409470558168,0.0,0.0,0.0,-0.2876907201299339,-0.5626339126101882,0.22824994970653384,0.168637346,0.1310777813196182,-0.06001497447034145,-0.21533316288787976,0.16278367606775243,-2.711857377052244,-5.849108363651494,6.9255265630199005,0.1314861041958429,-0.08679318011743563,-0.066702318984672,0.030305245563360117,0.06490723663789488,-0.0037990409408870107,-14.160240575761561,-4.6432884033756245,18.265614811097386,0.029859690134429732,0.041296968223234004,0.1447095472760086
14258,1723238045184502169,0.2844849228858948,-0.0702765583992004,0.1311701238155365,0.0645094588398933,-0.0454244688153266,-0.0302875190973281,0.9964224696159364,0.0,0.0,0.0,-0.36486222813859426,-0.6328709260345695,-0.5499398455444564,0.182571924,0.1311701238155365,0.05158634604880165,0.006588544624222537,0.012433630389800268,16.579564202985097,-15.690255499350991,10.394710489837323,0.13218893129167622,-0.08672493177966054,-0.06651779297559277,0.026489724965195194,0.052301056074770536,-0.003194977082747741,-25.694376179584197,61.11069537147402,32.925635967775705,0.018154358058085282,0.02184839134907627,0.1447095472760086
14260,1723238045191339125,0.2846865057945251,-0.0698795244097709,0.1311153322458267,0.0651237741112709,-0.0461828000843524,-0.0297765284776687,0.99636310338974,0.0,0.0,0.0,-0.6081482898831924,0.006846359281949432,-0.02704171389943455,0.18940888,0.1311153322458267,0.19369048834438102,-0.20674264432887962,0.1545655915821869,7.459176190964898,-18.623978547270642,10.444266079725598,0.1334377369920653,-0.0882659229989894,-0.06565422407513594,0.023689763065997127,0.04888590029363238,-0.008945100486717372,-1.334066797996065,103.49614942609034,127.27244552105353,0.024804718483989605,0.03317132060005692,0.1447095472760086
14262,1723238045202004572,0.2848427593708038,-0.0695109665393829,0.1310044378042221,0.0653433203697204,-0.0472654588520526,-0.0293332673609256,0.9963111281394958,0.0,0.0,0.0,-0.05253434491005349,1.2758687408380522,2.1754304401933497,0.200074327,0.1310044378042221,0.05153866969295534,-0.19609444405532397,0.09384865790157344,-18.874571324094607,10.205134224452168,-14.433398985723331,0.13392351318175852,-0.09047211068241039,-0.06493811396966204,0.013899079315550011,0.05738363260538293,0.0043095375741639685,60.44197403613369,-8.031155134866985,52.774897469507394,0.011387102676975744,0.017385263899969097,0.1447095472760086
14264,1723238045210602225,0.2849570512771606,-0.0688593909144401,0.1311434209346771,0.0647172108292579,-0.0474119037389755,-0.0297650750726461,0.9963322281837464,0.0,0.0,0.0,0.5249772707685298,0.3265051514036963,1.5637018726630063,0.20867198,0.1311434209346771,-0.1491785100322065,-0.04454447171100952,-0.09082323868616975,11.508875719010545,27.70647948589984,-19.191691715370666,0.1327158718873454,-0.0907478930424856,-0.06576635618957503,0.019445612910798715,0.07167374126963955,0.0294772165378685,10.445358536642658,-115.21374925512588,-135.12081222341058,0.009714977885287083,0.015650447813885474,0.1447095472760086
14266,1723238045220690414,0.285226047039032,-0.0681850016117096,0.1315983682870865,0.0667388960719108,-0.0456042177975177,-0.0308518949896097,0.9962502121925354,0.0,0.0,0.0,-0.041115072707591294,-0.8925223775234277,-0.5566457457262165,0.218760169,0.1315983682870865,0.37950198983250893,0.3542770435704517,-0.2573534774060936,19.299096769690436,12.006127994873285,1.329374735893246,0.1367307056094657,-0.0868575515860607,-0.06786729736295337,0.023319515836103477,0.05915804319947382,0.029111362504295357,-38.989330409472345,-29.671268046561753,-84.43271946180587,0.025898532803255454,0.0259217083424552,0.1447095472760086
14268,1723238045231471927,0.2854389250278473,-0.0676358118653297,0.1317280381917953,0.067882627248764,-0.0447305627167224,-0.0309426542371511,0.9962097406387328,0.0,0.0,0.0,-0.2641560366708804,-0.1619664330472741,-0.018023085050856924,0.229541682,0.1317280381917953,0.2061028976457141,0.16653738454826822,-0.037496274424648854,-6.010570403211542,-14.38879252722031,12.240300405315084,0.13896605289128292,-0.08502350933536539,-0.06802157271768165,0.01797780661489412,0.053546353465169894,0.01711380568347387,-0.5219106764457928,41.500468920915495,16.305853626912388,0.017199542436379615,0.021336533435298795,0.1447095472760086
14270,1723238045241615190,0.2856044173240661,-0.0670677870512008,0.131950169801712,0.0691072419285774,-0.0445216074585914,-0.030826061964035,0.9961385130882264,0.0,0.0,0.0,-0.07701520312359567,0.008393825188000026,-0.17376396043809694,0.239684945,0.131950169801712,0.24125526341999928,0.04944851247964893,0.00886977948918496,12.66657877899551,3.4469819576872496,-1.38935099873211,0.14139964205901034,-0.08453943084570426,-0.06786183154548772,0.017505601297280293,0.055324820501001515,0.027378127969997834,-8.012499984290768,15.251250167167658,-100.33113138856581,0.014285162891673664,0.017278631969595473,0.1447095472760086
14272,1723238045250745118,0.2857740223407745,-0.0665682256221771,0.1322451531887054,0.0711133033037185,-0.0436375550925731,-0.0309137776494026,0.9960336685180664,0.0,0.0,0.0,-0.3676310911464497,0.13494700413310223,-1.7881063859609923,0.248814873,0.1322451531887054,0.4325123742806092,0.20410849762339603,-0.0527970024365531,-7.171113242458576,6.47390581532924,1.0548663155639844,0.14536610010123818,-0.08262617035599332,-0.06807337086018948,0.016552129765472046,0.05402956335487952,0.01604780648924109,-27.415458659707546,-3.7931811504920647,-81.86697423331185,0.017427945831074505,0.018549873534852084,0.1447095472760086
14274,1723238045261513835,0.2859265506267547,-0.0659951269626617,0.1322114169597625,0.0711131021380424,-0.0429037548601627,-0.0305505339056253,0.996076762676239,0.0,0.0,0.0,-0.6067740904950837,-0.130142661398013,-1.4636632788306299,0.25958359,0.1322114169597625,-0.0018755073737747163,0.1408887437346535,0.05775265926126742,-35.6757047134124,-33.44365360412318,9.989156389322941,0.14527733863235417,-0.08121503136458476,-0.06723548799342598,0.00925016922527,0.05899879768082528,-0.010156853460776993,13.123199542185302,-31.953067413668926,58.42114021618647,0.010267567658174423,0.01728103546484676,0.1447095472760086
14276,1723238045271023195,0.2859732508659363,-0.0653855502605438,0.1320558488368988,0.0695926547050476,-0.0448461212217807,-0.0300378296524286,0.9961142539978028,0.0,0.0,0.0,-0.18530165945487037,-0.4956018868363057,-0.6705327120421218,0.26909295,0.1320558488368988,-0.3019785167611384,-0.40867691829337777,0.15041995970944916,-14.319817679623764,-27.734659482949947,3.7691224229142684,0.14233408448336865,-0.08526617775344891,-0.06637382214714281,0.004078840594262445,0.05279344758007953,-0.015932154201506954,50.38047319552822,-10.998982339542748,80.45967778628054,-0.0007470390461241452,0.009848302467453104,0.1447095472760086
14278,1723238045283618147,0.2860107421875,-0.064909279346466,0.1318623125553131,0.0682944878935813,-0.0464617647230625,-0.0295891668647527,0.9961434602737428,0.0,0.0,0.0,0.5503064451561966,-0.17651054645210973,0.293715720225729,0.281687902,0.1318623125553131,-0.1947611705405147,-0.25658314726344444,0.09820622701667887,-7.016863213898642,-34.717774327098354,10.473627335719796,0.13981392363092188,-0.08863963997443107,-0.06560067474249177,0.007725599903054103,0.04916956584182408,-0.025431846795289204,11.36465522704983,-1.9685587187713267,153.87239134525691,-0.0008707805434858248,0.0064322946666356615,0.1447095472760086
14280,1723238045290840100,0.2860862016677856,-0.0645071566104888,0.1316369622945785,0.0670657977461814,-0.0490081273019313,-0.0289708077907562,0.9961230754852296,0.0,0.0,0.0,0.43758401075460296,-0.3037928105116783,1.7251380253333104,0.288909855,0.1316369622945785,-0.3097457669104591,-0.701088734633779,0.2343855795281361,12.880770507630018,-3.8084254190607973,2.41017079638665,0.1374875541208715,-0.09388822897791514,-0.06461988666495178,0.012779734294184664,0.048355361777604244,-0.018970960419299132,-29.29922355089502,42.88068912096907,116.78477740392185,0.003875820100257167,0.01639644023469883,0.1447095472760086
14282,1723238045301120391,0.2862516939640045,-0.06411724537611,0.1316209435462951,0.0683268159627914,-0.0485146008431911,-0.0287784803658723,0.9960671067237854,0.0,0.0,0.0,-0.06397027776633252,1.0224499176898219,1.7342447992500511,0.299190146,0.1316209435462951,0.24415859056015538,0.10472494957198943,0.018493919829989793,29.45084260670949,49.060345253663435,-17.274922632420516,0.13996600296014552,-0.09284825920438804,-0.06428123994329261,0.013440588441131496,0.04243646301555781,0.010917603293817635,-33.173326530119354,57.38515342410128,-93.58653628994992,0.013425216648397818,0.0180752828186627,0.1447095472760086
14284,1723238045314654594,0.2863862514495849,-0.0634625703096389,0.1319909989833831,0.0698219016194343,-0.0468263514339923,-0.029600266367197,0.9960201382637024,0.0,0.0,0.0,-0.23472286573846557,0.5229282788368597,-1.2156872350051253,0.312724349,0.1319909989833831,0.20746858567683021,0.24622171260432885,-0.14892518992539724,-38.27226815608164,-48.80027930890115,25.910925537996086,0.14291324010149847,-0.0892649844973788,-0.06581327747142857,0.010289568753400147,0.08475133686627867,0.01348651065067763,34.45940486346596,-98.69201367624636,-56.2207173899438,0.009149925779397923,0.009753448823706707,0.1447095472760086
14286,1723238045321082771,0.2864534556865692,-0.0628067031502723,0.1320353895425796,0.0693069994449615,-0.0476376786828041,-0.0292475260794162,0.9960280656814576,0.0,0.0,0.0,0.1305159945238515,-0.30011477982768753,-1.0832716820752926,0.319152526,0.1320353895425796,-0.14712519553737816,-0.24838746983341264,0.13451107068379223,-35.35954766541492,-51.72944230508188,30.88001905915619,0.1419106347424645,-0.0909682251033868,-0.06518142662897351,0.008774915925993554,0.08016376966438465,0.0013807196207427097,38.69594160927412,-80.25482143229078,52.945192021446196,0.004398346596448292,0.014976796034942808,0.1447095472760086
14288,1723238045335326304,0.2865254282951355,-0.0623550042510032,0.1318806856870651,0.0690312087535858,-0.0490534640848636,-0.0282335802912712,0.9960076808929444,0.0,0.0,0.0,0.10972349870618281,0.0648084237788158,0.691718181478272,0.333396059,0.1318806856870651,-0.025776219454920302,-0.18940886853014055,0.15734637239966293,53.36778847166738,86.46568048488838,-37.845938418513434,0.1413730495185009,-0.09395543050696567,-0.06333566053698095,0.022189684336517246,0.08894105045001588,0.011198677509153043,-112.73992284528502,-163.21900505724597,-26.47634266776886,0.002003307539477877,0.007693082978469925,0.1447095472760086
14290,1723238045340556049,0.2866743803024292,-0.0617799758911132,0.131981611251831,0.0699611827731132,-0.0479613654315471,-0.0284170117229223,0.9959908127784728,0.0,0.0,0.0,-0.6935561127061642,-1.1513918911846943,0.263125864949874,0.338625804,0.131981611251831,0.33944060012586813,0.4208638127662092,-0.1163279278011951,43.81282101915216,66.12293567565499,-32.81725622854287,0.1431752609655066,-0.0916904047097048,-0.06362704830502214,0.021165740420531876,0.0882211515430329,0.014820845317862652,-111.52459719558033,-154.49291148578666,-63.43330162142966,0.02310973684361219,0.03187035813754301,0.1447095472760086
14292,1723238045351857696,0.2867349088191986,-0.0613137036561965,0.1320397555828094,0.0710736364126205,-0.0483656860888004,-0.0284494049847126,0.995891571044922,0.0,0.0,0.0,-0.9263938850182124,-0.9909026634302864,-0.001468762305006699,0.349927451,0.1320397555828094,0.19906348755038084,-0.06691291842390237,-0.010644747402533765,-17.101430790945113,-22.17885210517464,7.435543018697638,0.14544603804023606,-0.09242146987111693,-0.06385582310105545,0.0011704183223653075,0.05044979767976043,0.0073052418786430096,28.53693436164619,67.35310626916,-7.9805746364471855,0.003175334599220855,0.0068597646169736995,0.1447095472760086
14294,1723238045362704550,0.2867040336132049,-0.0606707818806171,0.1321414858102798,0.0708568468689918,-0.0488605983555316,-0.0282225403934717,0.9958892464637756,0.0,0.0,0.0,-0.10530266368322302,0.29300436924163487,0.07261427193779357,0.360774305,0.1321414858102798,-0.0351588104057695,-0.0890645023629421,0.05006553803548769,5.2794759929297275,25.528752848739938,-4.329548443218326,0.1450276037718241,-0.09345595005217085,-0.06345657130500738,-0.00010371087481431118,0.0641785476630905,0.014196918656981694,11.582258622793635,43.694657915532,-39.71409238171472,-0.005695426667515496,-0.0008571095823234636,0.1447095472760086
14296,1723238045371804914,0.2867240309715271,-0.0600492767989635,0.1323074698448181,0.0719047784805297,-0.0472644455730915,-0.0283550638705492,0.9958873987197876,0.0,0.0,0.0,-0.489433138641625,0.12051395458377634,-0.6441657201118623,0.369874669,0.1323074698448181,0.21806426325587439,0.3537630376945075,-0.06512525710292504,12.164978192199076,18.769352342409114,-6.926342063355787,0.1470229272706343,-0.09018460180185642,-0.06357498477678217,-0.0009691405455178881,0.05941846233667025,0.010561111103382537,-27.432843018902556,1.4225055104849815,-64.66022227171369,-0.0004945211742522162,0.003785510372958458,0.1447095472760086
14298,1723238045384416055,0.2866564691066742,-0.0594550631940364,0.1323064714670181,0.0725466012954711,-0.0468306839466095,-0.028623528778553,0.9958537817001344,0.0,0.0,0.0,-0.577134365660793,0.49456377417132646,-1.2131248316529732,0.38248581,0.1323064714670181,0.09778850213572392,0.0680800992134377,-0.05230913916334168,-25.251370058069796,-32.42083554074073,1.5844262853436257,0.14830351869415415,-0.08923834212188679,-0.06410330491016362,-0.014032971856977383,0.07218567943312681,-0.0018380027592144188,64.87084576018336,-104.48313684171225,-66.42879915138225,-0.008338444575405212,-0.002951293595479254,0.1447095472760086
14300,1723238045391868325,0.2865136861801147,-0.058806724846363,0.1322850286960601,0.0719378963112831,-0.047606885433197,-0.0288509000092744,0.9958544969558716,0.0,0.0,0.0,0.22260061824629174,-0.8748069602185797,-1.8020282348745338,0.38993808,0.1322850286960601,-0.15959254682701798,-0.21654287472617642,-0.037999475681072835,-19.698420685319608,-29.335368429767804,10.42681733495437,0.1471608900679753,-0.09079280360128315,-0.06462303154769894,-0.016313660570535404,0.07359098575017153,-0.011891124177313195,84.53124882302266,-126.00674949165419,3.8422267983848997,-0.024896867433372504,-0.014352861746168273,0.1447095472760086
14302,1723238045401323116,0.2863935828208923,-0.0582717694342136,0.13206447660923,0.0710581094026565,-0.0494641885161399,-0.0282548367977142,0.9958442449569702,0.0,0.0,0.0,0.7485339991565286,-1.373494225925985,-0.7716936828502198,0.399392871,0.13206447660923,-0.16783885831599302,-0.38765421757454527,0.1626246083009078,-2.4428685305916407,-18.810378317646084,18.4718384847705,0.14548225519363434,-0.09464301206721418,-0.06363200999918699,-0.007867760973685023,0.052564169494015545,-0.03436317150061985,21.419959471875746,25.35743761122959,147.9005397238309,-0.018406702716880812,-0.007442375160382306,0.1447095472760086
14304,1723238045410844384,0.2863650321960449,-0.0578097999095916,0.1316314786672592,0.0699297040700912,-0.0522610694169998,-0.0270173773169517,0.9958155751228333,0.0,0.0,0.0,0.624503198460477,-0.38320227149828145,1.0097346514593635,0.408914139,0.1316314786672592,-0.20615812720937576,-0.5735847906769969,0.3121566505495578,2.641978140087113,5.987490136383768,-1.7787088630196375,0.14330840265670028,-0.10047510759252297,-0.06146635258781072,-0.002128749201760982,0.04764094493968596,-0.02632067490735146,-9.85715017823831,110.69249607698848,110.04805816949778,-0.010504895524464956,0.004183578623209639,0.1447095472760086
14306,1723238045424855372,0.2863531410694122,-0.0571604222059249,0.1316576600074768,0.0697423070669174,-0.0519654005765914,-0.0275221019983291,0.9958303570747375,0.0,0.0,0.0,0.5517442056547411,1.3055202242298556,0.962975614818853,0.422925127,0.1316576600074768,-0.03169115557677673,0.036378010433436865,-0.07324191499037018,22.65379570979337,6.260627690963192,-3.7399817095485752,0.1429591323211611,-0.09982424389178969,-0.06241409245781358,0.007069515001397519,0.04503209853235024,-0.008770383596619524,-37.735226019890405,63.40100506984312,24.661901891045275,-0.003533088894993734,0.00116118894193224,0.1447095472760086
14308,1723238045434378877,0.2864717245101928,-0.0567400753498077,0.1315052658319473,0.0708979740738868,-0.0527019910514354,-0.0272951014339923,0.9957163333892822,0.0,0.0,0.0,-0.01828261036818024,1.5395177412494894,1.3790903092865188,0.432448632,0.1315052658319473,0.25009054051639257,-0.1452840133474808,0.04499030591513896,25.57134734799738,17.95985254389459,-1.075328255204945,0.14531816073602624,-0.10125506419889657,-0.06218767555938996,0.011645916004173529,0.0671215603619002,-0.0014743613210086437,-60.22367295853767,-119.8772258012019,6.067360549114113,0.008017420183759979,0.016174641337324214,0.1447095472760086
14310,1723238045440994635,0.286545068025589,-0.0561903864145278,0.131562277674675,0.0722352191805839,-0.0522590316832065,-0.0272709410637617,0.995644211769104,0.0,0.0,0.0,-0.41840345173007054,0.08258408658150751,1.2463080501878148,0.43906439,0.131562277674675,0.4008044883048916,0.14373986688258272,-0.024121829465410822,8.864304261325138,28.067432856219355,-12.300501282684742,0.1479716962337532,-0.10029100138520206,-0.0622066891996592,0.00923247856079712,0.07372213273472417,0.010466524219594042,-24.571439581056246,-169.3444792437849,-69.31385880962509,0.006732629663738678,0.013963143736116106,0.1447095472760086
14312,1723238045450644950,0.2866080701351166,-0.0556107833981514,0.1316893100738525,0.0736986473202705,-0.0513028018176555,-0.0279413126409053,0.9955680966377258,0.0,0.0,0.0,-0.1500490567335745,-0.8354555780598738,-0.11577905757259693,0.448714705,0.1316893100738525,0.29044475584905516,0.1947235198924357,-0.16892259438629753,-19.28586523570213,-2.212603308286735,-8.994765725551511,0.15090722607794171,-0.09819009552477334,-0.06354548926884859,0.00444020836893344,0.06163714331065018,0.014630391553649424,58.735561711522294,-36.53886032750478,-70.82824078990645,0.003978761196840272,0.007972355283602711,0.1447095472760086
14314,1723238045461671158,0.2866307199001312,-0.0549112968146801,0.1318691074848175,0.0736488848924636,-0.0508047938346862,-0.0289723649621009,0.9955678582191468,0.0,0.0,0.0,0.8872172434680743,-0.5001869355047899,-0.010885155547838976,0.459740913,0.1318691074848175,-0.021101576182267816,0.07589391370675526,-0.19238509220984404,-7.425216929004623,-9.575481954373352,4.640361331497909,0.15086761391229267,-0.09704392201030558,-0.06552631020562329,0.0071515786868872055,0.057676623814938655,0.006459336878645416,40.11673407334064,20.56403445302361,14.932296579836647,-0.0005143011342238868,0.003505893326571706,0.1447095472760086
14316,1723238045471733046,0.2867494821548462,-0.0543838664889335,0.1318436861038208,0.0741468966007232,-0.0508349239826202,-0.0293699204921722,0.9955176711082458,0.0,0.0,0.0,0.7954478443586933,-0.38364671119559324,0.18912008434797972,0.469802801,0.1318436861038208,0.09544449101661559,-0.00942115379826204,-0.08354890796997182,37.71944490300788,21.12307985111541,0.11010826614066183,0.15191023538330836,-0.09701084495982112,-0.06637564153761842,0.021967151519810102,0.0513491916719766,0.013054184931869273,-67.58144431230231,42.265636305308334,-82.8243278631215,0.008016679891169384,0.014658635879695629,0.1447095472760086
14318,1723238045480503588,0.2870198488235473,-0.0539416819810867,0.1320772916078567,0.076968140900135,-0.0491061955690383,-0.029817285016179,0.995377004146576,0.0,0.0,0.0,-0.24420778623256933,0.2216173986279104,-1.3224422639746587,0.478573343,0.1320772916078567,0.6260762939417088,0.40214570995104015,-0.1644341371343776,3.9602762299766994,-0.38966390690067243,-0.980262460986224,0.15748541428909957,-0.09330371195388283,-0.06726114984202712,0.0237680688133306,0.04985897405121609,0.011147976499602308,-65.62239418537763,50.82235212020873,-99.1879037812965,0.029730943046261175,0.030508702742919933,0.1447095472760086
14320,1723238045491168603,0.2871817946434021,-0.0534171722829341,0.1319953352212906,0.0766068324446678,-0.0502124726772308,-0.0302837044000625,0.9953356385231018,0.0,0.0,0.0,-0.2578054808482354,0.5277550447276522,-1.4315253099319367,0.489238358,0.1319953352212906,-0.0649548443166926,-0.2156334092652414,-0.06799914741385292,-35.85960538033651,-31.132578078255165,10.805012016286003,0.15689456543431365,-0.09546157253692249,-0.06834224548461308,0.015333576018438322,0.05730015098946417,-0.017287604095248987,25.451840213216386,-20.04036656219786,78.86294021290746,0.011004686989787502,0.018470610054387614,0.1447095472760086
14322,1723238045500826982,0.2873311936855316,-0.0527927242219448,0.1317443698644638,0.0757924541831016,-0.0515637658536434,-0.0301774647086858,0.9953321814537048,0.0,0.0,0.0,0.22179102697135655,-0.09216492270804988,0.10942062327645419,0.498896737,0.1317443698644638,-0.1582166430053112,-0.2819702040862179,0.05177881181554379,6.1248052139537394,4.524299246967634,4.7423208212471195,0.15535961143540325,-0.09822959712758549,-0.06827137180169103,0.017506057238831474,0.06091078143382633,-0.020313995217806635,34.727085001143486,-51.90644211038966,110.22730339955626,0.008420297045860684,0.021522541915420194,0.1447095472760086
14324,1723238045510710266,0.2875248193740845,-0.0522285774350166,0.131600946187973,0.076073370873928,-0.0521811693906784,-0.0301031712442636,0.9952808022499084,0.0,0.0,0.0,0.4140261492861994,-0.4809959774228352,0.7000576366347065,0.508780021,0.131600946187973,0.06191506849150841,-0.12203690131069117,0.021188420513835172,7.296696234463965,-6.861090246954571,2.8116076863201647,0.15596955752947156,-0.09945360135740863,-0.0682513860190177,0.019666312105227846,0.05528704365412285,-0.014956965506100595,11.669855590970135,-24.04550845931398,26.275803406738632,0.014134575925559846,0.02399006915733244,0.1447095472760086
14326,1723238045521563518,0.2877391576766968,-0.0516499131917953,0.1314333081245422,0.0757596343755722,-0.054769929498434,-0.0296486709266901,0.995179295539856,0.0,0.0,0.0,0.44794871474426845,-0.5596545161492767,0.5861425813808298,0.519633273,0.1314333081245422,-0.03738745019190812,-0.4711415653162003,0.12210287054385253,8.624705385034503,11.738182048384123,-9.000475963612157,0.15551092500316077,-0.10471069700678719,-0.06773266317651007,0.026489290747374383,0.051115721454424445,-0.005475616529569294,-35.65019819157609,29.627045488987065,-13.559061572416105,0.014392379283397786,0.024052592524800173,0.1447095472760086
14328,1723238045530730405,0.2880341708660126,-0.0511983856558799,0.1314603090286255,0.0765998288989067,-0.0548665113747119,-0.0300774723291397,0.995096743106842,0.0,0.0,0.0,-0.17907582017751378,-0.0025641133908393954,0.4381318134397667,0.52880016,0.1314603090286255,0.17929236777472243,-0.023609511290980312,-0.10208094300950761,7.73441753329203,21.8456574478596,-8.902059601016555,0.1572551836001222,-0.10477873018637772,-0.0686959896596349,0.029196439408773145,0.04462803891233591,-0.0023281293134589376,-48.54976471782496,61.75279744033655,3.5653656001069223,0.02887604344633239,0.03412975074026005,0.1447095472760086
14330,1723238045541283115,0.2883059978485107,-0.0507836639881134,0.1313716769218444,0.0769382715225219,-0.0555084869265556,-0.0301438122987747,0.9950330257415771,0.0,0.0,0.0,-0.4502534604491719,0.6610095553962236,0.7152134232573901,0.53935287,0.1313716769218444,0.06772346647698933,-0.12077008882388846,-0.007074030015417482,-15.754600541027889,0.36601416031631895,-4.487471241327189,0.157998816176906,-0.10602566503475623,-0.06897130016361994,0.02154374767256506,0.05316736443005032,0.0034467132372695275,37.22948434129464,-14.037879268266101,-17.16949367474071,0.021971368931572848,0.028542039766184458,0.1447095472760086
14332,1723238045551109067,0.2884791195392608,-0.0501343682408332,0.1315139234066009,0.0763239786028862,-0.0555671714246273,-0.0310451798141002,0.9950492978096008,0.0,0.0,0.0,0.49129554157048094,-0.18068322227005007,0.14918793541254766,0.549178822,0.1315139234066009,-0.13449246642978196,-0.029586255847149787,-0.17459608790472422,-1.6084727791111098,-1.7666839663278946,-10.401623877644589,0.1568624726103279,-0.10604380367288893,-0.0707210565205041,0.019635016332411936,0.058306518927263795,0.01201121554387452,71.23514258246652,-67.23913030650219,-53.780028741690295,0.014365233894558363,0.019328663858032703,0.1447095472760086
14334,1723238045561235821,0.2886990010738373,-0.0496250391006469,0.1316098272800445,0.0765954628586769,-0.0563132464885711,-0.0321556068956851,0.9949512481689452,0.0,0.0,0.0,0.9560620255016532,-0.6693412391507558,-0.35550724414266044,0.559305576,0.1316098272800445,0.04721799290953385,-0.1627676044975917,-0.21055431019430365,24.470362325670116,6.910938648357407,-1.260787059117071,0.15759382696131116,-0.10733791823491315,-0.07309860411295414,0.03176516542506924,0.04913241545105995,0.005982145373399028,1.8874594866400862,18.81342423942699,13.109871840369824,0.018892786928307124,0.023206788570120217,0.1447095472760086
14336,1723238045570640457,0.2890855371952057,-0.0491731241345405,0.1316356211900711,0.0782249569892883,-0.0559284351766109,-0.0329861082136631,0.9948189854621888,0.0,0.0,0.0,0.5894513314126089,0.0933611772525953,0.3175720047088364,0.568710212,0.1316356211900711,0.334357624404374,0.07745224644207616,-0.20241043156060742,16.326269314792675,16.18687226879951,2.000024463764304,0.16092750654353816,-0.10631683932003004,-0.07487270767487865,0.038644959992435446,0.04490385042488221,0.004733610791164189,-40.38942557705461,58.40045170323802,23.403454814891212,0.03747091693005545,0.043167913261509004,0.1447095472760086
14338,1723238045583306865,0.2895331382751465,-0.0486580654978752,0.1317295432090759,0.0801889523863792,-0.0551384054124355,-0.0338130705058574,0.9946789741516112,0.0,0.0,0.0,0.053850986642264065,0.4458679822718956,-0.2076657876884248,0.58137662,0.1317295432090759,0.29881582416873737,0.1228764255715098,-0.15773050265778846,-8.327174511562454,6.33395269456393,-6.924616922584651,0.16489427874146692,-0.10445701178385813,-0.07660129397727389,0.043687369056854664,0.05534945532241986,0.016438477290876108,-60.26312818343767,-66.24300815956977,-107.24200599670078,0.03272026129631915,0.036564094595428365,0.1447095472760086
14340,1723238045591006914,0.289908617734909,-0.0481631271541118,0.131898358464241,0.0810678824782371,-0.0543786846101284,-0.0347073227167129,0.9946187734603882,0.0,0.0,0.0,-0.49433220202202954,-0.5045572172730064,-1.3413237050603943,0.589076669,0.131898358464241,0.20885180821213145,0.18451028438123004,-0.2599758679251489,-14.39724163813403,-9.003053708964238,1.2933327352641797,0.16668334471869742,-0.10272539596869042,-0.07835058943098593,0.04249064622596954,0.05700951002063359,0.009541767103075749,-23.105394310197475,-72.64881042768461,-87.04419810266936,0.045601078571950796,0.0497335167240432,0.1447095472760086
14342,1723238045600705903,0.2902441024780273,-0.0476989820599556,0.131839632987976,0.081241488456726,-0.0548908598721027,-0.0350760705769062,0.9945635199546814,0.0,0.0,0.0,-0.13096198081947685,-0.5887778314089682,-1.450315370121129,0.598775658,0.131839632987976,0.03606051282498106,-0.11058718662230747,-0.06940945009424916,-9.288407483783871,-15.032450905144955,11.370628114136862,0.16712029586302904,-0.103671234463847,-0.07919712358623376,0.033555652360771404,0.04331787867463954,-0.008912192188690327,39.94554669727364,23.756346253035723,36.06100979375228,0.02990383458220885,0.03790377994035976,0.1447095472760086
14344,1723238045612148204,0.2906140983104706,-0.0472645722329616,0.1316990852355957,0.081497885286808,-0.0553017556667327,-0.0353871546685695,0.994508683681488,0.0,0.0,0.0,0.35959512821780937,0.1209528036458023,-0.3992148177040922,0.610217959,0.1316990852355957,0.044885176660793155,-0.0748016538568307,-0.051040151226680326,-11.894243634323267,-10.178211198471434,2.2785110916899147,0.16770888474184428,-0.10441783860444011,-0.0799194918900771,0.04272493329601801,0.0476888974387748,-0.019400843141401225,0.7441646834155664,7.696472247375684,118.85818919335023,0.027762340798554695,0.03580896300586172,0.1447095472760086
14346,1723238045620564640,0.2910380065441131,-0.0468030050396919,0.1314917355775833,0.0809088572859764,-0.0562886260449886,-0.0356174260377883,0.9944932460784912,0.0,0.0,0.0,0.10505405212074925,-0.15061637831427976,0.7682806599440862,0.618634395,0.1314917355775833,-0.13363072113774785,-0.24283807112547837,-0.027696055117243965,-10.468302700842184,-9.029490398021615,1.1601206380832652,0.1666445068362863,-0.10639439946412112,-0.08049262536445712,0.04301665363493612,0.04709077937812434,-0.01955746303693573,-13.81499305352467,-3.7769709778009037,82.6032872158673,0.04291892955655736,0.05620553253411252,0.1447095472760086
14348,1723238045633293447,0.2914440631866455,-0.0463527962565422,0.1313405632972717,0.0805108845233917,-0.0571843273937702,-0.0359931886196136,0.994460940361023,0.0,0.0,0.0,0.24546318903466435,0.3497520577160178,0.7395087286116915,0.631363202,0.1313405632972717,-0.060086697635907335,-0.14725098320040625,-0.04399037296239191,26.10602051333144,29.33859706468551,-16.050670255801364,0.16597256205127398,-0.1081501788810104,-0.08136011716876015,0.045708987952043145,0.04364219978305384,0.005370029141353427,-42.9055985423335,14.21346221922299,-80.29658495734397,0.027469704332482418,0.03523523772557596,0.1447095472760086
14350,1723238045641428976,0.2918877303600311,-0.0459547266364097,0.1314739286899566,0.0816429257392883,-0.0563106648623943,-0.0368828736245632,0.9943858981132508,0.0,0.0,0.0,-0.3840533507285755,0.33489033490392606,-0.3195165634362226,0.639498731,0.1314739286899566,0.2580017970437212,0.20494019955151085,-0.2513745215867022,3.8335885848339917,-4.1210657969884235,-2.1855589839854903,0.16825863513587588,-0.1061659346637696,-0.08310938893417222,0.047882483234186424,0.049715005205783314,0.005048619605320326,-45.8550844358801,-27.75155028990141,-49.26948180968351,0.05173843438967985,0.055244926907534665,0.1447095472760086
14352,1723238045650573521,0.2922572195529938,-0.0454920344054698,0.1314034909009933,0.0812814086675643,-0.0577422678470611,-0.0371648073196411,0.9943228363990784,0.0,0.0,0.0,-0.4793554355794567,-0.185358158502684,0.0615186783979052,0.648643276,0.1314034909009933,-0.06942131665496802,-0.32007465585266054,-0.03180896698296455,-18.245277665413735,-21.505093294851115,10.652245291848146,0.16770760735938559,-0.109003023234528,-0.0838900403693461,0.03767685081812111,0.04854707423768434,-0.0007513507303480438,28.179947443864997,-31.265874373691954,34.19928048877497,0.03497191182492353,0.04422000067705926,0.1447095472760086
14354,1723238045661288827,0.292626678943634,-0.0449975840747356,0.131482720375061,0.0810512006282806,-0.0582270994782447,-0.0376768484711647,0.9942941069602966,0.0,0.0,0.0,0.3072793855398226,-0.19862715243327722,0.3341976420327316,0.659358582,0.131482720375061,-0.04444365555078257,-0.09965429436335553,-0.08539213009477618,18.357728678050282,18.74391570018349,-6.030700840193186,0.16735009861710007,-0.10990333156531695,-0.08497679613112515,0.04053448116061986,0.04583719304946765,0.008643885299793652,4.796758257485761,-16.77318466635616,-36.849362768547365,0.031066050664525717,0.0362683486720005,0.1447095472760086
14356,1723238045670717128,0.2930590808391571,-0.0445679649710655,0.1315745860338211,0.082329660654068,-0.057925671339035,-0.0382881686091423,0.9941833019256592,0.0,0.0,0.0,-0.21672108419588,-0.48564509890659746,-0.5300372879415335,0.668786883,0.1315745860338211,0.2615940857010634,0.061914968610014845,-0.15079682476063008,10.498725843999889,4.20322278947646,-2.50613694289821,0.16995979506212705,-0.1090892063620445,-0.08628824596248087,0.043768355044257135,0.04441470208185061,0.007293395737531405,-19.000882176383314,2.730676301902017,-79.78320788438631,0.04257702868891851,0.0472706509255352,0.1447095472760086
14358,1723238045680685252,0.2934733033180237,-0.0441373772919178,0.1316214650869369,0.0830286666750907,-0.0580593980848789,-0.038902174681425,0.9940935969352722,0.0,0.0,0.0,-0.020649604831525448,-0.10882156036338198,-1.2001172065410453,0.678755007,0.1316214650869369,0.13480549273123307,-0.03249003939123114,-0.1290814479381467,-9.70419251449076,-9.562756853042561,3.5901775787845858,0.17144854547851002,-0.10918979869513926,-0.08761919169338715,0.035709270408226246,0.036045633612213246,-0.0020665048229004945,26.179451919148946,60.930188121441155,6.143472855259146,0.03790377998648271,0.043500085328150806,0.1447095472760086
14360,1723238045694637094,0.2938573658466339,-0.0437741130590438,0.1314604431390762,0.0834081619977951,-0.0592083744704723,-0.0393322817981243,0.9939770698547364,0.0,0.0,0.0,0.4717191555340312,1.1928889508052256,0.3182550550962917,0.692706849,0.1314604431390762,0.05829407733335179,-0.16770596845880356,-0.05142477677491554,-17.249255948694156,-43.38984204243707,-2.114945662702988,0.17238443312737006,-0.11137236387118445,-0.08873311531535091,0.050805744626053695,0.0487974176469157,-0.023909681053016385,-83.59957384859631,-45.810683105546,219.17496292529583,0.02367381064637084,0.030462414350389436,0.1447095472760086
14362,1723238045700759618,0.294230967760086,-0.0434141978621482,0.1312808245420456,0.0831202268600463,-0.0607712268829345,-0.039738979190588,0.9938907623291016,0.0,0.0,0.0,-0.3595510016657333,0.5386537319532387,1.9566311377407235,0.698829373,0.1312808245420456,-0.078925460304051,-0.5239004756287458,-0.0850106053457273,-12.51361542574881,-19.290138023680775,-1.1011076974854317,0.17202170279020712,-0.11444334865099469,-0.08980234988335739,0.052054064247816,0.056850255965671614,-0.01689965060116716,-99.17945102356741,-119.6637511946614,149.40571977374285,0.05178982341272301,0.06816492647422262,0.1447095472760086
14364,1723238045710639852,0.2946023046970367,-0.0428833588957786,0.1313121616840362,0.0828898102045059,-0.0612155459821224,-0.0399187579751014,0.9938754439353944,0.0,0.0,0.0,-0.7560192460092379,-0.8478443629658576,1.548305555891064,0.708709607,0.1313121616840362,-0.04473665440192924,-0.09445835833883467,-0.025982097862294433,17.750289460183513,39.26593092183097,-4.095994806505267,0.17162726135058426,-0.11531896360530193,-0.09021757062463248,0.03951797940920265,0.04978954834030214,0.015373844624805066,7.083425648909987,-40.90514285212102,-149.975605240416,0.03273887858466256,0.04049338271560171,0.1447095472760086
14366,1723238045721437126,0.2950518131256103,-0.0423922315239906,0.1316221356391906,0.0847053751349449,-0.0596966110169887,-0.0407033488154411,0.9937830567359924,0.0,0.0,0.0,-0.12247657308640059,-0.11634599146985414,-1.3530075674019448,0.719506881,0.1316221356391906,0.315531532262732,0.27996272783860393,-0.18903263572989262,5.856169145706138,-2.382846466874742,-3.694454366945493,0.17520413686774555,-0.11198931720779422,-0.09171610145089652,0.037405605358612704,0.03906328216755606,0.011817954808400977,22.50187373235947,58.809821483326544,-125.41811671775191,0.040265443170782435,0.040812579377861355,0.1447095472760086
14368,1723238045732555051,0.295419305562973,-0.0420314595103263,0.1315601617097854,0.0850626304745674,-0.0606081262230873,-0.0413117446005344,0.9936721324920654,0.0,0.0,0.0,-0.28642932293355905,0.43516711197317903,-1.1070009101851808,0.730624806,0.1315601617097854,0.06569800353861323,-0.17079861102176663,-0.09952308668701398,-17.32177286924454,-14.065405614307714,8.233557868014122,0.17609556453035022,-0.11366564036435949,-0.09314647167706964,0.0368814972086966,0.04781062634397193,-0.014943818485656735,770.584663715967,978.9003342941825,353.2244244549927,0.02906743271834187,0.035738521243446425,0.1447095472760086
14370,1723238045741156327,0.2957620024681091,-0.0415180101990699,0.1313692778348922,0.0848397463560104,-0.061083298176527,-0.0414842739701271,0.99365496635437,0.0,0.0,0.0,11.567408368888216,15.038758985648876,4.134399476168847,0.739226082,0.1313692778348922,-0.04902529345304458,-0.11558495960554553,-0.02748867135969019,-7.797547697969851,5.615689916309294,5.655796831545448,0.1757205359217378,-0.11460311374005464,-0.09355591973991192,0.03282554337232968,0.04921389310918706,-0.01581430654242899,-27.04488296617717,-45.24013858554099,118.16354745690523,0.03133029273721607,0.04656094312516277,0.1447095472760086
14372,1723238045763771030,0.2960871160030365,-0.0410282239317894,0.1313908845186233,0.0860341191291809,-0.0614818818867206,-0.0421355068683624,0.993500292301178,0.0,0.0,0.0,-72.59585998943203,-89.62645361449131,-22.40038063158272,0.761840785,0.1313908845186233,0.1040626045549571,-0.036366202201587636,-0.06125730076990887,22821.20089538279,-1617.0746131535013,-9790.278408335153,0.17824795683023476,-0.11516878089212684,-0.09507440405041018,1.0102457572418189,1.2738026453061337,0.32952943757175035,-10349.958806590264,-12923.708360987832,-3525.4699457211536,0.01228387423404533,0.015676971255013872,0.1447095472760086
14374,1723238045764106525,0.2964310050010681,-0.0405946373939514,0.1315030753612518,0.0873771458864212,-0.0615862980484962,-0.0426284521818161,0.9933555126190186,0.0,0.0,0.0,-76.10120970644995,-94.00358122101042,-23.59486507789446,0.76217628,0.1315030753612518,7.874012373787607,-0.5869525163169049,-3.394567062130826,22191.31632657483,-1572.824360743861,-9520.063288051151,0.1810233157712873,-0.11515903589060927,-0.09623781712451841,0.9853137728357626,1.2430178199047701,0.3218267267350198,-9975.702097564686,-12460.831054055536,-3407.5194812470722,0.9285822142477497,1.0656549335493497,0.1447095472760086
14376,1723238045772125169,0.2967221140861511,-0.040087454020977,0.1316732317209243,0.0883118882775306,-0.0620264187455177,-0.0430609919130802,0.9932268261909484,0.0,0.0,0.0,-65.51950524878033,-81.62468309497635,-21.62535519341071,0.770194924,0.1316732317209243,0.23243304059041958,-0.11050973386437417,-0.11330151653310228,-535.5572448552027,32.83139419972464,230.9063487062223,0.1830094079436953,-0.11586608648531813,-0.09729881116104958,0.032566138875058215,0.059135455050370656,0.01080874679451238,3721.061074124677,4575.625168837056,1128.019529336869,0.03223994809561825,0.03783151194062582,0.1447095472760086
14378,1723238045781944720,0.2969969511032104,-0.0395562537014484,0.1316541731357574,0.0882515683770179,-0.0625550150871276,-0.0430607609450817,0.9931990504264832,0.0,0.0,0.0,-0.1034228413481384,-0.23620561667637796,0.06212124015558007,0.780014475,0.1316541731357574,-0.007063908365049831,-0.10780858217226769,0.010072990122490005,-3.4070150038738998,5.1910727721010925,-0.10085424298854573,0.18295119599579687,-0.11692504452569458,-0.09739483034478856,0.030086936558635813,0.05146150510309644,0.004823190123333099,3230.798394441137,4032.427620037717,1072.4879345198412,0.022215046316017777,0.031951714605043306,0.1447095472760086
14380,1723238045791207155,0.2972939610481262,-0.0391026139259338,0.1317579448223114,0.0889432057738304,-0.0626195296645164,-0.0434926226735115,0.9931145310401917,0.0,0.0,0.0,-0.15494970733360702,-0.07032643713370668,0.0698283052509551,0.78927691,0.1317579448223114,0.14470395830233282,-0.01677592787144093,-0.10151455914886877,-2.086838068652086,-2.4135259155585578,-0.7071111133718712,0.18440344240014858,-0.11690609446379284,-0.09835422853505056,0.030431257016179103,0.054037837312051584,0.011266970710698487,-2.9650497029762217,0.18173254298593022,-31.247402873615982,0.02822362702472643,0.03389848114939291,0.1447095472760086
14382,1723238045801158647,0.2975793182849884,-0.0385107398033142,0.1318707466125488,0.088538534939289,-0.0634575486183166,-0.0435287617146968,0.9930958151817322,0.0,0.0,0.0,-0.15667965453123012,-0.25805245673267163,-0.5841176776814908,0.799228402,0.1318707466125488,-0.07356388473842963,-0.17167984391694632,0.012696022037535866,-9.587013520097594,-4.795962469687181,3.969858383380117,0.18369363126764238,-0.11860880992641222,-0.09854398220168756,0.026835127614086574,0.049612156820486364,0.005270275601876762,5.213381450876584,9.889583660159945,-15.519086516564528,0.023866116269249005,0.03129292916843275,0.1447095472760086
14384,1723238045813177268,0.2978751361370086,-0.0380576439201831,0.1318460553884506,0.0884807705879211,-0.0638648122549057,-0.0438610129058361,0.9930602312088012,0.0,0.0,0.0,-0.01582578103975285,0.2781704195872572,-0.04205902673454853,0.811247023,0.1318460553884506,-0.00958032491457629,-0.07299362035731752,-0.04855500209802502,-10.989947489362029,-6.0341099839705326,-8.82265674287031,0.18366623552027384,-0.11936474649067938,-0.09928318993258142,0.027923102060047,0.04922030401308097,-0.0014818478726876805,8.136269083222539,15.535049518974432,61.002953214466125,0.020362978117320244,0.02745240567504992,0.1447095472760086
14386,1723238045821116445,0.2981141805648803,-0.0376064553856849,0.1318372935056686,0.0877626985311508,-0.0645555853843689,-0.0445204861462116,0.9930499792099,0.0,0.0,0.0,0.02997686294445545,0.2489935724331922,0.5256475414107966,0.8191862,0.1318372935056686,-0.18238687045152985,-0.19560721064222553,-0.13814193479549838,-7.452500446255444,0.9470371575760068,-5.482154196369441,0.18238240245795476,-0.12069216851815143,-0.10065412197455649,0.027239716575298445,0.05305857451906815,0.000909998033243653,9.233982656163308,-25.903754972135246,28.237926328807347,0.02393723682650482,0.034270410775422595,0.1447095472760086
14388,1723238045832462402,0.2983767092227936,-0.0370656177401542,0.1318802684545517,0.0876256972551345,-0.0640380233526229,-0.0450915992259979,0.99306982755661,0.0,0.0,0.0,0.1909254824579938,-0.40533937928322894,0.1444425706820342,0.830532157,0.1318802684545517,-0.03484971981099329,0.0809141966687464,-0.10626492184929075,22.595852007037237,11.877615626144063,-2.2819063282340135,0.1821100472745156,-0.11957080922729733,-0.1016808471598193,0.029461612192548614,0.05208186898060507,0.01051214853648652,-17.491221484017736,-55.776291482631606,-54.49272604316954,0.01850245563062375,0.02607705436016671,0.1447095472760086
14390,1723238045841221008,0.2986775040626526,-0.0365796089172363,0.1320178061723709,0.0886817201972007,-0.0635843873023986,-0.0456878654658794,0.992978036403656,0.0,0.0,0.0,-0.1764487075560679,-0.8810511296429773,-0.4741107256517713,0.839290763,0.1320178061723709,0.22791501259169833,0.10046888019191044,-0.16067598403772312,14.427943833290996,-4.58487078705101,4.863228987361379,0.18425258288692906,-0.11844922696372547,-0.1029130337207345,0.031100682412068537,0.04637308652336203,0.007031770329531284,-33.212875189707205,-7.024884851992303,-12.596757121128512,0.030116835032019916,0.03622051973741735,0.1447095472760086
14392,1723238045851352569,0.2989546060562134,-0.0362166166305542,0.1319874227046966,0.0896334573626518,-0.0637671500444412,-0.0455452091991901,0.992887318134308,0.0,0.0,0.0,-0.41061621389194203,-0.39801260091664403,0.07830889050824014,0.849422324,0.1319874227046966,0.19158348941175263,-0.02588225281255511,0.018398330781744996,0.7833469146436123,-7.954178812520739,6.624924485419926,0.18617751189082615,-0.11874127532055481,-0.10277713576348924,0.025051839288348532,0.03475979816806274,0.0013288688536476911,-0.23860157664346815,40.10630241354571,23.53835566351041,0.02300929879590413,0.030249508020313776,0.1447095472760086
14394,1723238045861995246,0.2991955280303955,-0.0358586199581623,0.132049947977066,0.0909449383616447,-0.0641280859708786,-0.0456723533570766,0.9927390217781068,0.0,0.0,0.0,-0.1574330587919488,-0.05580707178920896,-0.017593457011969016,0.860065001,0.132049947977066,0.248767570166533,-0.060039374306035925,-0.034628783937964036,6.230499988544253,-6.627415098663804,1.8299480188052675,0.18888263477440656,-0.11930035852593741,-0.103261785556201,0.022765807941134142,0.03888884194687314,0.00933055955147033,2.879545813609486,-14.095682831184497,-37.333833886006985,0.019613252237264216,0.024217852105434957,0.1447095472760086
14396,1723238045870841120,0.2993978559970855,-0.0354760065674781,0.1321578919887542,0.0922687724232673,-0.0648347735404968,-0.0455032028257846,0.992578625679016,0.0,0.0,0.0,-0.28569927477373747,-0.5205436575330875,-0.5560845470781011,0.868910875,0.1321578919887542,0.31018581745170676,-0.1437949985963327,0.03164670412403655,-1.45150373346112,-3.7078520454280004,5.547213260442444,0.1916223267507673,-0.12060231744826264,-0.10322716924240338,0.021794950258010815,0.03513233885708589,0.003517658714130789,-10.563271839917292,-9.82789805523503,6.965755743551416,0.0196290686433106,0.024302135759426573,0.1447095472760086
14398,1723238045881872500,0.2996234595775604,-0.0352001674473285,0.1320772171020507,0.0931968912482261,-0.0654905289411544,-0.0451311506330966,0.9924658536911012,0.0,0.0,0.0,-0.34806814725900415,-0.041414903777291956,0.45403000482790656,0.879942255,0.1320772171020507,0.178689725363726,-0.10545174990422614,0.06608256436705041,-15.919035909130406,3.7391283369444244,-1.8065581983609509,0.1935334740453658,-0.12188361349042294,-0.10273065978660167,0.01622282133738473,0.028070989195625673,-0.0012266361657085056,17.581541590877812,28.821449795339362,93.38114589923967,0.016757942925261993,0.023139294873488085,0.1447095472760086
14400,1723238045892107071,0.299749344587326,-0.0348837599158287,0.1321224570274353,0.0930689051747322,-0.0658142864704132,-0.0451653823256492,0.9924548864364624,0.0,0.0,0.0,0.05249801288182376,0.11481654534258601,1.4269682644453092,0.890176826,0.1321224570274353,-0.022205131115524784,-0.06468331502354926,0.0007985327575910133,-12.65190704643572,-2.5546745243364084,-6.022899112709785,0.1933208570748238,-0.12253484403398203,-0.10285078778072966,0.014151714273992866,0.033331970423362556,0.011815000645663432,11.946272477052794,-8.086780103900807,-9.171373362535128,0.00953324136557727,0.013921456209172936,0.1447095472760086
14402,1723238045900583059,0.2998822927474975,-0.0345842763781547,0.1322745084762573,0.0927184596657753,-0.0663362070918083,-0.0454408265650272,0.9924404621124268,0.0,0.0,0.0,-0.03712377184990623,-0.11764705058063907,0.617544132619004,0.898652814,0.1322745084762573,-0.08046597598208058,-0.1322312624373012,-0.04775338508766553,10.896006358004938,3.2054331066724298,-5.2762775257338,0.19271458027369517,-0.12355720385958742,-0.10346770398707306,0.016385709517958702,0.03150277216940034,0.024981823364152334,-18.232047888930367,-6.923030349400629,-125.5746073205751,0.01407181352188625,0.01572147909903847,0.1447095472760086
14404,1723238045911652677,0.3000738024711609,-0.0342909283936023,0.1326528638601303,0.0944028347730636,-0.06600371748209,-0.0458456836640834,0.9922851920127868,0.0,0.0,0.0,-0.3496627978908246,0.10212882472253582,-1.2073599612148567,0.909722432,0.1326528638601303,0.29704243222542587,0.0648040037051005,-0.09962677096004936,-10.672891177496469,0.1543748974788075,5.3824937998985165,0.19611945241759693,-0.12264029832105768,-0.1044183589347354,0.011627701846036231,0.03161958736937942,0.01828785357119056,1.7353874467642616,-21.150423299750038,-68.39496373765607,0.01851697260571287,0.014384863783583777,0.1447095472760086
14406,1723238045923489905,0.3001396358013153,-0.0338518396019935,0.1326681822538375,0.0919981151819229,-0.0668675974011421,-0.0455502346158027,0.9924667477607728,0.0,0.0,0.0,0.05023324420115616,-0.667269930682195,-0.7959437288687726,0.92155966,0.1326681822538375,-0.39607264766810535,-0.15672363209407392,0.09153602663936414,-16.32835974587609,-36.17484951934062,14.778909402148614,0.19134325984217118,-0.12466935601453172,-0.10370681216127745,0.008503372535511033,0.033987685315818084,-0.0036322553183278927,25.776112285905754,-67.52032212197831,106.74376639404638,0.0018394579833893672,0.008203562852620949,0.1447095472760086
14408,1723238045931489175,0.300223559141159,-0.0335967540740966,0.1326124966144561,0.0906606093049049,-0.0690329074859619,-0.0450255498290061,0.992465615272522,0.0,0.0,0.0,0.21314108772638585,-1.2210169037115395,0.44707093459956765,0.92955893,0.1326124966144561,-0.29843001364497146,-0.5404812388108896,0.202348681802212,16.812666390698144,-12.282742691579063,5.269787640554769,0.1888574667031861,-0.1292208081925027,-0.10292803158146034,0.01060352845573398,0.023961527405272243,-0.004291630107470468,8.23244961904231,-20.54339789838123,108.95537961980486,0.0062026720560217725,0.01381037090416963,0.1447095472760086
14410,1723238045941108383,0.3003268539905548,-0.0334579572081565,0.1326020956039428,0.0901580154895782,-0.0702550187706947,-0.0444264262914657,0.9924525618553162,0.0,0.0,0.0,0.1519871674685953,-0.8555218576611006,0.9580051044776385,0.939178138,0.1326020956039428,-0.0834243686415681,-0.24578264684360432,0.15375790586734017,23.010233780935636,29.061628808580792,-6.770975281602904,0.18792236841683577,-0.13182018187278097,-0.10190925730251103,0.01208232989959157,0.012590709813621537,0.006133674567389669,-6.97957198609381,41.67124789294607,-1.2961578184636977,0.008992696180579692,0.011839050038893004,0.1447095472760086
14412,1723238045950639633,0.300454705953598,-0.033355314284563,0.1327286958694458,0.0908091515302658,-0.070239171385765,-0.0440266318619251,0.9924121499061584,0.0,0.0,0.0,0.07958802318204994,-0.4236369342025872,0.43177713065085566,0.948709388,0.1327286958694458,0.14211118485154692,0.016338036503929662,0.07298251620632451,15.654074372194085,22.81707201999049,-6.508837844064555,0.18918241390434767,-0.13179760819571396,-0.10119055235323227,0.013514458252330996,0.007520705221496282,0.01407663469741971,-11.869929470233084,37.52749582824654,-58.20039645941428,0.0138967386618527,0.012075323098128754,0.1447095472760086
14414,1723238045964395912,0.3006426095962524,-0.0333163514733314,0.1329381018877029,0.092224508523941,-0.0686939135193824,-0.0436290614306926,0.9924073219299316,0.0,0.0,0.0,-0.16855391028759514,-0.061963482349437105,-0.4281996899607077,0.962465667,0.1329381018877029,0.19844733010212617,0.23721676525083712,0.022477605851715307,-7.305637858032752,-11.809468414200953,3.26510948868281,0.19179162296241858,-0.12865194775753164,-0.10026121319133272,0.013206236360023382,0.0038432054939505633,0.012043185258820088,-16.608101287824077,38.24040827042582,-20.3647239131493,0.015150424417534149,0.011489930226804711,0.1447095472760086
14416,1723238045973019182,0.30075404047966,-0.0332777462899684,0.1330247670412063,0.0925114005804061,-0.0688081011176109,-0.0432361625134944,0.992389976978302,0.0,0.0,0.0,-0.3040381819900405,0.3323846705841824,-0.3759619549865176,0.971088937,0.1330247670412063,0.07382004020668058,-0.0152518384485518,0.08812948574163125,-9.794451751713085,-18.367757107632883,5.185514707978021,0.1923348621776478,-0.12892613439814812,-0.09953432240167136,0.010962734489565307,0.00441901779820042,0.006835084988357387,1.0810642659077732,27.100507602005457,30.274141529627073,0.013602407902988648,0.011625688506234078,0.1447095472760086
14418,1723238045984493493,0.3008499145507812,-0.0332279242575168,0.133054107427597,0.0926383286714553,-0.0692132487893104,-0.0426253639161586,0.9923763871192932,0.0,0.0,0.0,-0.03524579156333085,0.35889917249702963,0.3411478437089519,0.982563248,0.133054107427597,0.032553467387862134,-0.05943814207220135,0.11056174618642396,-19.14112287197598,-17.306711719946772,11.255099378955311,0.1925633517146909,-0.12983819636450772,-0.09841017102149167,0.006804302528777839,0.012288234505509088,0.006002230023508304,19.90112178306237,-45.88588956390053,20.510608022329855,0.008153172904647501,0.008185324820987747,0.1447095472760086
14420,1723238045991193059,0.3008894324302673,-0.0331145152449607,0.1331077963113784,0.0920339450240135,-0.0700178518891334,-0.0419932454824447,0.9924031496047974,0.0,0.0,0.0,0.084296426487251,-0.1370477626421101,0.31432147261684223,0.989262814,0.1331077963113784,-0.15649008370258172,-0.22802088266475887,0.22234533112457194,-5.075802569092775,-4.937662614952855,7.2869766326935626,0.1913610060981766,-0.1316219804453853,-0.09722929451880055,0.00784795191612453,0.013413915991011827,0.009906172998045193,3.8485673048576774,-30.388568457787972,-20.826882990054294,0.005242607817472615,0.0058370408204998295,0.1447095472760086
14422,1723238046001034056,0.3009948432445526,-0.0330333039164543,0.1332326382398605,0.0926080718636512,-0.0700389742851257,-0.0411694459617137,0.9923827052116394,0.0,0.0,0.0,-0.08012963322225078,0.19470750138233694,-0.1338152916424239,0.999103811,0.1332326382398605,0.12807940757913414,0.015757257992188103,0.1582009550463132,12.770854860419833,14.413609298175752,-5.457222997105495,0.19241505751577,-0.1317666553378964,-0.09565782133795026,0.007644205208292121,0.007655294433226212,0.009119649635282556,-4.834121397587277,29.201233389132938,-15.023991924113353,0.01145537763215377,0.009277045919096921,0.1447095472760086
14424,1723238046015341922,0.3010404109954834,-0.032936193048954,0.1332889348268509,0.0923807919025421,-0.0700530260801315,-0.0404522009193897,0.9924323558807372,0.0,0.0,0.0,0.09771364625003398,0.5186900300503874,0.28597852822973,1.013411677,0.1332889348268509,-0.025067769531405076,0.006513677712883477,0.10218790572023499,-37.03852800256034,-41.10471351614234,30.79713875695898,0.19186366823960843,-0.13195436402482397,-0.09419210841157687,0.005261530635841893,0.02666428862460668,0.0060839595042985195,25.17274476033955,-26.867561708416087,115.18625777544538,0.0030280031131592372,0.003023730938160492,0.1447095472760086
14426,1723238046021335043,0.3010771572589874,-0.0327264927327632,0.1333307921886444,0.0913294926285743,-0.0711337327957153,-0.0395004525780677,0.9924911260604858,0.0,0.0,0.0,0.28056608947942047,0.23337984541600132,1.1918061683175436,1.019404798,0.1333307921886444,-0.31315330839304056,-0.3413965400738473,0.37389749659995997,-24.481295241403863,-29.641374943082276,22.894394945957977,0.18974414185741578,-0.13438823241153006,-0.09236379987979183,0.006510477204615839,0.02773979411088101,0.009048380089156094,19.109281530795634,-29.412367828292023,102.70617270110617,0.0037878663525820365,0.007302526924130446,0.1447095472760086
14428,1723238046033631012,0.3011667728424072,-0.0325683131814003,0.1334941238164901,0.0911764949560165,-0.0711129903793335,-0.0389581881463527,0.992528200149536,0.0,0.0,0.0,0.2279129789404869,0.3307113113253535,1.2327035545278617,1.031700767,0.1334941238164901,-0.019108836677866108,0.010849920107274924,0.08923997465280314,8.091535829723542,41.40828663616307,-24.35151926770061,0.1893600720210789,-0.13446398589390254,-0.0912510014530486,0.011780955410397809,0.031969767123161574,0.0412905514227031,-11.046040515106455,-40.1884947434926,-146.11685048581427,0.007811451511114316,0.006050916519436398,0.1447095472760086
14430,1723238046041283465,0.3012783229351043,-0.0322326757013797,0.1339434832334518,0.0911386832594871,-0.0695967972278595,-0.0392219685018062,0.9926286935806274,0.0,0.0,0.0,0.11117034961654854,-0.205927481268104,-0.597176625683097,1.03935322,0.1339434832334518,-0.03254333266859914,0.388499532025594,-0.10282890305979578,-1.0446441571525027,18.52035617019588,-10.708640540648798,0.1891395699362941,-0.13139604280293873,-0.0914664528850103,0.012569103964560568,0.03443717013950165,0.044106349251775256,2.414392664824824,-16.635385763644482,-106.17903509873547,0.018112888584718247,0.008716622038071569,0.1447095472760086
14432,1723238046053387701,0.3013920187950134,-0.0319962501525878,0.1341975480318069,0.0909361615777015,-0.0694784075021743,-0.0389641821384429,0.992665708065033,0.0,0.0,0.0,0.4787009909827139,0.6168430343783109,0.662935876207019,1.051457456,0.1341975480318069,-0.031576492166130225,0.022412672555491196,0.04306639406910849,1.4933659388909362,-10.23649013916171,12.714336570463434,0.18868300805285165,-0.131227471713116,-0.09089860651321921,0.014071299565845408,0.021828678681383717,0.018399642042382425,14.094573112003086,66.58032455750728,77.0770993397738,0.010262604020153597,0.0074939901800593674,0.1447095472760086
14434,1723238046063451319,0.3015727698802948,-0.0317573621869087,0.1343610435724258,0.0908678323030471,-0.0691246539354324,-0.0380442440509796,0.9927323460578918,0.0,0.0,0.0,0.4844183857212163,1.2752230249940926,1.2124666244589823,1.061521074,0.1343610435724258,-0.004721128361851637,0.08680420514637231,0.176550005285114,5.9321908574979405,28.454701136876235,-19.694152967247046,0.18838405000880956,-0.1307023799373109,-0.08897314721899986,0.02185567630441909,0.04191307764607366,0.0483876693734242,-16.001965243902767,-82.75669756628237,-172.7479554461089,0.017763338906883665,0.01689002460402237,0.1447095472760086
14436,1723238046070905350,0.3017571866512298,-0.0313445925712585,0.1348991841077804,0.0911793708801269,-0.0675246641039848,-0.0384500920772552,0.9927982091903688,0.0,0.0,0.0,0.27365355995204965,-0.15976121889104733,-1.3304517805509861,1.068975105,0.1348991841077804,0.05751655029117576,0.42068194901441164,-0.152217063277672,-8.653267815469796,2.187550410151868,-13.298008052293778,0.18888108831593015,-0.12740945094799083,-0.08950404922456212,0.023870395506024877,0.04744054058055602,0.04766749823292571,-18.58496776936427,-144.07652987948683,-200.57282830329828,0.02870559700016808,0.01780178827064329,0.1447095472760086
14438,1723238046081630745,0.3019997775554657,-0.0309582278132438,0.1350319236516952,0.0894848555326461,-0.0686872750520706,-0.0377005934715271,0.9929014444351196,0.0,0.0,0.0,0.2238679019917691,-0.9575728278912705,-1.3122720783040696,1.0797005,0.1350319236516952,-0.297688353201251,-0.21334087962454693,0.18059903485257678,-0.8731475343984514,-14.663249064878391,9.545560071928172,0.18549707404170765,-0.1300181353359534,-0.08801440259337992,0.026857409906600793,0.03181773418846645,0.014356730090178793,-22.595134697563715,-2.896015136002333,79.02220724891497,0.0208054882356863,0.02282312412373397,0.1447095472760086
14440,1723238046091127153,0.3022904694080353,-0.030691435560584,0.1351849138736724,0.0892947539687156,-0.0686197355389595,-0.0372758507728576,0.9929392337799072,0.0,0.0,0.0,-0.14166037220673933,-0.3839751310995141,0.08834113836451163,1.089196908,0.1351849138736724,-0.03485645364692717,0.021165228893465025,0.09059554193199067,11.277391465186245,12.407018968750585,-6.147849923130616,0.18505065936295687,-0.1299790601248271,-0.08712425156192374,0.02852399705097497,0.02692032907829356,0.016975155593413227,-4.997986486112514,49.39613052759789,58.058054191711946,0.029901538306232326,0.02967015226070575,0.1447095472760086
14442,1723238046100831832,0.3025465905666351,-0.0304418224841356,0.1353582292795181,0.0888527557253837,-0.0685365349054336,-0.0369884818792343,0.9929954409599304,0.0,0.0,0.0,0.1420054519451679,-0.013747914217465018,-0.2351544571193972,1.098901587,0.1353582292795181,-0.08805620470176113,0.01971312378819339,0.06395583861491541,-2.8389142111257097,-1.4560471959337373,-0.25094945136274127,0.18411180735197277,-0.12990493208322448,-0.08647353728611792,0.02400381890338288,0.02450046967853159,0.015974065550819816,40.13156872167329,56.85563701573851,59.04804042537799,0.026182119572721707,0.025099302865272285,0.1447095472760086
14444,1723238046113012729,0.3028024733066559,-0.0301620438694953,0.1355239897966385,0.0883100256323814,-0.0686804130673408,-0.0364336110651493,0.9930543303489684,0.0,0.0,0.0,0.7975204445287738,0.9648040045299777,1.8965268091901566,1.111082484,0.1355239897966385,-0.08222879395827601,-0.017996580295766517,0.09903100386529524,-6.5517150845921215,-23.487070089080913,21.416732624886144,0.18296018095461686,-0.13034059584921975,-0.08531773154801377,0.035025861866092356,0.02793511018911099,0.011091547706676863,-28.76743464630873,23.909692811205694,128.31749287869405,0.020580973878663842,0.020192535430048317,0.1447095472760086
14446,1723238046120653756,0.3031373023986816,-0.0299247857183218,0.135596677660942,0.0875467956066131,-0.0698957815766334,-0.0352430082857608,0.9930801391601562,0.0,0.0,0.0,0.181874798975308,0.8770418468175933,2.6532367821453993,1.118723511,0.135596677660942,-0.165987295860407,-0.29520101558492556,0.35152911555729643,-11.013011339564272,3.585600335671268,1.6583246598317274,0.18139611374418524,-0.1330455621364473,-0.08306530326575572,0.040605224397252115,0.03858015615283761,0.036594635857517765,-52.92202172881191,-34.530427646704524,-55.624616681729385,0.041991314059373404,0.04369705912837986,0.1447095472760086
14448,1723238046130789931,0.3035056591033935,-0.0294324867427349,0.1363317519426345,0.0862144157290458,-0.0684271603822708,-0.0354887768626213,0.9932901859283448,0.0,0.0,0.0,0.017219770377276067,0.21717290557991498,0.009880318305250713,1.128859686,0.1363317519426345,-0.2783072966675066,0.27715910521898834,-0.053690974977248895,-2.705380653474297,15.908274747911918,-16.029637059589728,0.17857943387318728,-0.13018417909585486,-0.08309809287801566,0.03507610455906551,0.040530451293190106,0.05428559158614377,8.764068903341357,-35.857786950435106,-124.27340630499069,0.041326047748297345,0.028458200552086258,0.1447095472760086
14450,1723238046141929225,0.303880900144577,-0.0290794055908918,0.1367132365703582,0.085043653845787,-0.0686488002538681,-0.0352504700422287,0.9933843016624452,0.0,0.0,0.0,0.4209898610623237,0.17572123139766926,0.2966871979979042,1.13999898,0.1367132365703582,-0.20591036285784922,-0.04214199944558063,0.06091379604663034,-10.338524037234553,-33.60528936541259,10.404950597173338,0.17620896632053584,-0.13076598238133932,-0.08250802747080462,0.04215636172321524,0.04325275144821039,0.033150839030307466,-22.025907553227025,-37.20523705596422,71.92532707534451,0.035160607448480714,0.030258583574461484,0.1447095472760086
14452,1723238046150598756,0.3043035268783569,-0.0286264531314373,0.1369932442903518,0.0831803008913993,-0.0702216401696205,-0.0348532199859619,0.993446171283722,0.0,0.0,0.0,-0.16315488823624924,-0.37275931875605295,1.2318254969823246,1.148668511,0.1369932442903518,-0.40915087699798747,-0.36682207544678197,0.1519066950864169,18.035976679080086,10.688230764163535,-1.4214446223360995,0.17256253704593474,-0.13412642838312816,-0.08175623086378662,0.04435802180751125,0.04431285889844694,0.05052669073297977,-49.48685609896791,-50.04997180950342,-33.79798208305982,0.048239941266851376,0.04646344441031455,0.1447095472760086
14454,1723238046161198928,0.3047168254852295,-0.0282595548778772,0.1377650946378708,0.0849379748106002,-0.0683224350214004,-0.0346636027097702,0.9934364557266236,0.0,0.0,0.0,-0.45582779611518687,-0.7320169238420922,-0.9624967992209617,1.159268683,0.1377650946378708,0.3196333775843293,0.37039188769470505,-0.017616178790314598,17.905284783631256,17.69749125914109,3.157509938034206,0.17588466013389853,-0.13022726134622364,-0.0812551743794526,0.037222509799725856,0.033945468055069705,0.053573133416752405,22.51305803545231,3.5532965570127537,-130.25408871731645,0.045202241944092336,0.030200965103971307,0.1447095472760086
14456,1723238046171865640,0.3050948977470398,-0.0279046278446912,0.1381300091743469,0.0846714153885841,-0.0684023648500442,-0.0335010103881359,0.9934936165809632,0.0,0.0,0.0,0.32231904507482967,-0.2921929556448988,-1.5280266047301114,1.169935395,0.1381300091743469,-0.03514919695558618,0.0026265808073395527,0.2216135699860944,-16.426993834956946,-22.079453879476105,11.988302261705797,0.17520380641509098,-0.1306125199872525,-0.07890274707088055,0.03469299703387563,0.028777983387709982,0.02989052520857527,62.72413692679859,48.815802836466915,105.41949310474902,0.036888156343738654,0.03201859178437234,0.1447095472760086
14458,1723238046183492991,0.3054887652397156,-0.0276270043104887,0.1384228020906448,0.084487609565258,-0.0690723732113838,-0.0322328992187976,0.9935048222541808,0.0,0.0,0.0,0.9220147309257984,0.3715097100376943,1.7058420514455692,1.181562746,0.1384228020906448,-0.01279241547412091,-0.09695543700670341,0.22869165341151468,-18.871142875991342,-37.557820964476285,27.461209452990804,0.17473492697358092,-0.13218552089317853,-0.07645944346637644,0.0455315903123541,0.02781731143655164,0.020897023149299088,-20.017569495309065,30.14251604510637,171.7910590234409,0.03499162426843161,0.031137933024988098,0.1447095472760086
14460,1723238046192039272,0.3059511184692383,-0.0273645166307687,0.138574481010437,0.0829242169857025,-0.0718055516481399,-0.029855877161026,0.99351704120636,0.0,0.0,0.0,0.3012115455126576,0.4598970692713378,2.5060580946317663,1.190109027,0.138574481010437,-0.3046905659012975,-0.6000611795667198,0.6320605834567246,14.676822899782126,32.724457629277204,-14.223998909174677,0.17152739717081367,-0.1381677195011412,-0.0719810121879967,0.0533476357197884,0.03384503143466655,0.0510498439710263,-69.27412281559342,-2.3504840196923134,-96.75033989584203,0.053702160343031165,0.05228175967188422,0.1447095472760086
14462,1723238046200804923,0.3064119815826416,-0.0270396899431943,0.1393213719129562,0.0841500088572502,-0.0696015134453773,-0.0297828465700149,0.993573009967804,0.0,0.0,0.0,-0.27575840542580954,0.3251780305673144,-0.05369417857304937,1.198874678,0.1393213719129562,0.2629911812987662,0.5102693405937744,-0.04484747808178326,11.51540344726933,36.64446580146306,-37.39645056496544,0.173780559173685,-0.13369383589910896,-0.07159631237676463,0.050473592054936844,0.03566996685087509,0.06382752908501654,-14.912756906729282,13.067642067814557,-185.04511738872174,0.06070384015550942,0.0415205325690147,0.1447095472760086
14464,1723238046210748615,0.3068901598453522,-0.0267006419599056,0.1397148966789245,0.0830155983567237,-0.0702776834368705,-0.0297582242637872,0.9936216473579408,0.0,0.0,0.0,0.1502091971258892,0.7758851533223605,-0.6870346148287783,1.20881837,0.1397148966789245,-0.22312848697810697,-0.14082355413496414,0.032537012875529576,-16.882489672777865,-24.102345943008928,2.437459671318017,0.17155129352855586,-0.1351289247466298,-0.0715174692122326,0.04831942088952701,0.040223049549916956,0.04624500939807419,24.528191629249708,-4.814596939055297,-45.76639675776494,0.05044570164599383,0.04342436696117058,0.1447095472760086
14466,1723238046221705963,0.307422399520874,-0.0261859335005283,0.1403021514415741,0.0829150378704071,-0.069756418466568,-0.0297523103654384,0.99366694688797,0.0,0.0,0.0,0.19789469029650864,0.11771634254218988,-0.9720649362513318,1.219775718,0.1403021514415741,-0.02167968900408066,0.09466198369155758,-0.0052899213194928674,7.925124985462064,10.371156371437372,4.074531971994031,0.17129751173619476,-0.13409699444196477,-0.071396549134847,0.05439473893313007,0.0525643152198636,0.051771387213479514,-36.06779489318152,-82.48856018661064,-71.78825359557709,0.0518595759451145,0.04255492528385869,0.1447095472760086
14468,1723238046230858367,0.3079647421836853,-0.0256621055305004,0.1407620459794998,0.0827683135867118,-0.0693108960986137,-0.029314748942852,0.9937233328819276,0.0,0.0,0.0,-0.44121210335975247,-0.8086644817811466,-1.9790439256486971,1.228928122,0.1407620459794998,-0.029107744786082114,0.1045734370168415,0.08954202479949357,-9.440584257549515,-15.331172606047538,12.774567299745941,0.17090056451794677,-0.13329340107499707,-0.070417287546934,0.053480153230456295,0.04593130081000196,0.03158776350886594,-35.66707788094508,-38.083829510414645,31.461103428788597,0.06127243840121022,0.054097874118845896,0.1447095472760086
14470,1723238046241192631,0.3084500133991241,-0.0253193266689777,0.1408707350492477,0.081474095582962,-0.0706431195139885,-0.028218837454915,0.9937681555747986,0.0,0.0,0.0,-0.41117399579508085,-0.4655458644025585,-0.002970362191787146,1.239262386,0.1408707350492477,-0.22735864394991204,-0.24539487700750381,0.24971610505072092,-13.66738603893582,-5.589975715135367,10.753284508598108,0.16826412047426048,-0.13622852545884612,-0.06828230908584579,0.04493820123886927,0.03659492965733624,0.013775703809998596,16.502195616874108,13.212633558329248,150.63132060448646,0.04560023386420168,0.04636748945621578,0.1447095472760086
14472,1723238046251176573,0.3088791966438293,-0.0249209217727184,0.1410396993160247,0.0798192471265792,-0.0708670914173126,-0.0267955791205167,0.993925929069519,0.0,0.0,0.0,-0.11528127439958791,-0.5264394016444882,1.1094675174082236,1.249246328,0.1410396993160247,-0.31060407115628597,-0.028479682163709368,0.31129839496760026,6.2238893303744955,15.385048031902752,-5.329104200430422,0.16474816996611732,-0.13702405572090795,-0.06523605045667308,0.044839726343717246,0.03617063747541982,0.03034230092242929,4.821161969338441,-8.655437899269238,-19.088749950934503,0.04222854948805535,0.04171146758176279,0.1447095472760086
14474,1723238046260854358,0.3093305230140686,-0.0246058981865644,0.1414592266082763,0.0792278721928596,-0.0706179440021514,-0.026080634444952,0.9940099716186525,0.0,0.0,0.0,-0.30141960107458643,-0.6341854683728098,-0.2995994370666133,1.258924113,0.1414592266082763,-0.1137659274344645,0.06092510610973347,0.15186869351961407,14.458581133418287,4.791613184093536,-12.60893749941333,0.16343420974652212,-0.13668244293846468,-0.06367512586232954,0.042735131483924604,0.026536002900210742,0.035921274017916005,-4.112383563963151,18.160472240892307,-75.83346940226419,0.049961425210109184,0.04116524199222482,0.1447095472760086
14476,1723238046272611527,0.3097772598266601,-0.0243798270821571,0.1417754590511322,0.0790494233369827,-0.0703269988298416,-0.0257233828306198,0.9940541386604308,0.0,0.0,0.0,-0.13378869519964032,-0.0022564670949043464,-0.19471515048806065,1.270681282,0.1417754590511322,-0.027768396132378536,0.053749608263186775,0.05882611636846753,-9.674590472461542,-5.286002093584905,2.6803915452074083,0.16299995846183693,-0.1361712900969509,-0.06288264217201904,0.03799216144301809,0.02424114261002952,0.01988561149798329,35.393430355201176,56.71560020539451,96.49050221462815,0.04002497034447603,0.03447033110372192,0.1447095472760086
14478,1723238046283429340,0.3101882040500641,-0.0240676961839199,0.1419207900762558,0.0773475691676139,-0.0706362426280975,-0.0248202346265316,0.9941890835762024,0.0,0.0,0.0,0.4594648739455649,0.6408163594783877,1.720726018026546,1.281499095,0.1419207900762558,-0.3015271199324571,-0.04997293042084244,0.19327035694321448,1.6746135316835358,1.2111225078333203,0.12134537156973824,0.15946636100540423,-0.1370405297231407,-0.060887196777521524,0.03922854711091084,0.026137079849152034,0.029416760963001387,30.261735604432715,14.418297702271438,58.934741033397366,0.03765789823805532,0.0367320768098295,0.1447095472760086
14480,1723238046295880479,0.3106944262981415,-0.0237811878323555,0.1425161063671112,0.0780139565467834,-0.0699195116758346,-0.0246019233018159,0.9941930174827576,0.0,0.0,0.0,0.4840188293557075,0.1750491441466986,0.7616170910425231,1.293950234,0.1425161063671112,0.10598902493911969,0.11987171717712596,0.018413075114343563,-21.887945205484556,-8.913306604753341,-0.006822240276164848,0.16072233323543222,-0.13560359933415245,-0.060418578747321254,0.04989611065831312,0.040787885640966914,0.06287506491159434,24.224493099174147,-43.70799789754783,-76.4487514170361,0.04529695282946903,0.03425385446920857,0.1447095472760086
14482,1723238046303547474,0.3111205995082855,-0.0233845394104719,0.1430692821741104,0.0767676681280136,-0.0701240375638008,-0.0243814829736948,0.9942811727523804,0.0,0.0,0.0,0.774803560044186,-0.18980453866541058,0.1782281407696953,1.301617229,0.1430692821741104,-0.3196777289614527,-0.054946718034403985,0.08462892581921044,-20.188109022945476,-17.365584156325387,9.42925608290002,0.15819297135359006,-0.13612258952979675,-0.059839530353952015,0.05184736821875191,0.037401284039301874,0.05962370052229904,9.521650579510489,-15.714133292235623,-37.34379921004003,0.06169835077757822,0.046592817634630246,0.1447095472760086
14484,1723238046314607457,0.3116343915462494,-0.0231995619833469,0.143528863787651,0.0767818242311477,-0.071093626320362,-0.0233331844210624,0.9942363500595092,0.0,0.0,0.0,0.4269220319969316,0.14492283794783667,0.38339857851490144,1.312677212,0.143528863787651,0.020735478396156158,-0.16028350350714135,0.20156469596007617,-42.78118832099602,18.916097541873334,14.653417898262916,0.15815695046158304,-0.13822433749172558,-0.05789906077608077,0.068717860641474,0.03932110730496596,0.07120432378050268,-57.69011831025804,-47.99084113609156,-33.70726346189606,0.05070172241085251,0.04050504489211845,0.1447095472760086
14486,1723238046321020834,0.3121578991413116,-0.0228633470833301,0.1440957933664322,0.0750350058078765,-0.0709175691008567,-0.022446246817708,0.9944026470184326,0.0,0.0,0.0,-0.040636698592772635,-0.45388822380793187,-0.027123003281541935,1.319090589,0.1440957933664322,-0.5272016044804942,0.06680006240797995,0.31071789631320107,-52.54210552977766,22.256145693462265,7.965763625731597,0.1544927934263274,-0.13811138322389388,-0.05584432223121848,0.06737083618449269,0.040143967292901206,0.07119503397143578,-41.894788354581124,-71.90472644898205,-45.71572373895387,0.08999592843903942,0.06974094965667911,0.1447095472760086
14488,1723238046336014524,0.3126682937145233,-0.022691898047924,0.1445602476596832,0.0737575441598892,-0.0714047625660896,-0.0217255484312772,0.9944793581962584,0.0,0.0,0.0,0.41817296059506504,-0.7796068597440979,-0.07128639377155643,1.334084279,0.1445602476596832,-0.16193764517041695,-0.06050850898247563,0.11278575192470962,18.219159772674296,-1.4699668671638841,13.093641239646036,0.1518507851320675,-0.13926602032042987,-0.05429660694384541,0.07269948022194228,0.012930695248321022,0.06988838133040431,-130.91499367626338,27.15999869845828,-120.17087425173693,0.037346877178740835,0.029536418328025733,0.1447095472760086
14490,1723238046341945140,0.3131901323795318,-0.0226117018610239,0.1450660079717636,0.0734993442893028,-0.0716110616922378,-0.021008051931858,0.9944990873336792,0.0,0.0,0.0,-0.737115984856862,-0.5038598967222568,-1.0589611317718077,1.340014895,0.1450660079717636,-0.06829475571245297,-0.052756820623032226,0.2521211631108341,-2.5998860900846843,-12.201181288807017,8.408450704843686,0.1512448054036491,-0.13980105656083297,-0.052851705839433806,0.07532677405777122,0.010735929050333382,0.06950281453652707,-125.86704486030891,29.604537633925013,-114.9700444356103,0.09818650490761355,0.07502310823080374,0.1447095472760086
14492,1723238046351432900,0.3137125968933105,-0.0225521363317966,0.1454859673976898,0.0716714859008789,-0.0733719766139984,-0.0207790844142436,0.994508981704712,0.0,0.0,0.0,-0.8850038553026787,-0.47935788326228157,-1.367042778547411,1.349502655,0.1454859673976898,-0.372087980659818,-0.3735529814600277,0.10291930248526873,-8.197328093598145,-6.906986410293003,-11.254640907820637,0.14765209141954347,-0.14345113282144414,-0.05240939421774327,0.05042077757827457,0.0039247625204797965,0.04436904730626434,54.960342537874155,7.285099964109554,18.96931953966449,0.060429117078178225,0.04802866168608425,0.1447095472760086
14494,1723238046365476784,0.3143241107463836,-0.0225459393113851,0.1461112797260284,0.0717208236455917,-0.0727724730968475,-0.0204662922769784,0.9945559501647948,0.0,0.0,0.0,1.353389177357105,-0.27928929341484326,-0.031293187289997526,1.363546539,0.1461112797260284,0.008002568822168444,0.08873631703921907,0.03780481749713442,-17.428500276485124,-13.013821673692664,20.563384945964458,0.14766255654788285,-0.1422965988626242,-0.05169360791317456,0.07416413773226438,0.0021512963266707708,0.05182117928930374,20.467499245231785,18.923951576349836,47.64620201536749,0.049337311912526195,0.036482847826831095,0.1447095472760086
14496,1723238046373029891,0.315008670091629,-0.0225227437913417,0.1465323269367218,0.0704810991883277,-0.0735655725002288,-0.0194931793957948,0.9946057200431824,0.0,0.0,0.0,0.9436656767326705,-0.11735159933123925,0.1357646679915141,1.371099646,0.1465323269367218,-0.3043773210274866,-0.1961417888865257,0.2954898873266041,-13.30279727838006,-6.755651111833893,13.422308220730695,0.14507634769328795,-0.14408773387609392,-0.04968107278623988,0.0830163818744527,-0.0005797625537828921,0.04930215226350487,-75.47246676709261,28.392271328375777,28.88752013716643,0.09743641166216473,0.0813594366282627,0.1447095472760086
14498,1723238046383329072,0.3157567083835602,-0.0225799847394227,0.1469496190547943,0.0702010840177536,-0.0727466791868209,-0.0187167786061763,0.9947006702423096,0.0,0.0,0.0,-0.1317401691803397,0.27270246095937045,0.5283544649064451,1.381398827,0.1469496190547943,-0.047390826598905526,0.1690861116991465,0.14310779141582855,25.391806035316428,34.55936522228364,-11.448001280012468,0.14434152740592426,-0.14257703000517455,-0.047953747906741506,0.08952871494224013,0.0016414802584190369,0.057290724484580835,-131.14804156042976,-8.923864560345866,-83.68391754255765,0.07783218472761366,0.06569085630611475,0.1447095472760086
14500,1723238046390628919,0.3164976835250854,-0.0225307531654834,0.1474546194076538,0.0707182064652443,-0.0712630152702331,-0.0182937048375606,0.9947793483734132,0.0,0.0,0.0,-1.2274085836745714,-0.034563043395015564,-0.7127289507887631,1.388698674,0.1474546194076538,0.14024035234970178,0.4166948070404438,0.07685931124709607,8.7744506874243,10.500224520094264,-6.683709406185462,0.14522406119868383,-0.1396480058772829,-0.04694971631128546,0.0846138217465402,0.003927242099437622,0.05986812258551577,-80.13545193442948,-37.366580260946115,-145.7920051599693,0.10972263711148812,0.09059673390418031,0.1447095472760086
14502,1723238046401951846,0.3171590864658355,-0.0225357599556446,0.1479689627885818,0.0703884735703468,-0.070574440062046,-0.0180240273475646,0.9948567152023317,0.0,0.0,0.0,-0.9060679955300208,-0.3746677813268655,-1.9380880426665608,1.400021601,0.1479689627885818,-0.05773441411992418,0.12426696075655491,0.04318457237892807,-15.524814138240949,-29.43644051492554,3.88188587933964,0.14447423280189253,-0.13832624773423546,-0.046256069401309455,0.06098381819429832,-0.0025706208867986025,0.03307900519700713,69.31160556142035,0.4920205375379796,9.245513610040398,0.0640765816204562,0.05128745886897925,0.1447095472760086
14504,1723238046412114719,0.3178023099899292,-0.0225812997668981,0.1481925249099731,0.0693181753158569,-0.0716587826609611,-0.0174353197216987,0.9948648810386658,0.0,0.0,0.0,0.1717048771020364,-0.09119345882450114,-0.7726520751630299,1.410184474,0.1481925249099731,-0.19763628942147818,-0.20782352994645775,0.1451730896402731,-16.66249794413063,-27.073044846167804,11.904890187809748,0.14230305980439462,-0.14062749576654357,-0.045086290436402984,0.06254687324066488,-0.0045612855891399295,0.017284986114677103,71.86545044006601,48.02645577489706,123.4500075492729,0.06588631957978686,0.05930241451764618,0.1447095472760086
14506,1723238046423463342,0.3185026943683624,-0.0226340815424919,0.148328959941864,0.0667597353458404,-0.0742426514625549,-0.0160660687834024,0.9948734641075134,0.0,0.0,0.0,0.5540673175842064,0.7089847011756127,0.7395281266457158,1.421533097,0.148328959941864,-0.4234394965831149,-0.44405008747331337,0.30396869906320245,0.4785177969633745,3.9380808273561527,3.0913337334806545,0.13710576723982912,-0.14609813626523596,-0.04234387296840875,0.06472238419445553,-0.004269591006660023,0.018419392755689934,112.23197699869033,13.973794604797835,81.25876134333389,0.06294811263075803,0.05909882848614205,0.1447095472760086
14508,1723238046435017355,0.3192858695983886,-0.0226789265871047,0.1486170291900634,0.0656346082687377,-0.0749246478080749,-0.0149685870856046,0.9949142336845398,0.0,0.0,0.0,2.7746674248105228,0.20540965781887066,1.0668384048164685,1.43308711,0.1486170291900634,-0.17823138809995775,-0.10737083411583731,0.21145427796933056,2.6751907964737534,23.30824499942982,-12.628933029434656,0.13471320669484466,-0.14765826237701443,-0.04006681785732438,0.07538667630495866,0.011959551266629953,0.03448722886853517,38.64608129683289,-116.36146762155465,-67.3253160776906,0.07081430716609795,0.06314889379168151,0.1447095472760086
14510,1723238046444801759,0.3200864791870117,-0.0224306546151638,0.149033635854721,0.0641335248947143,-0.0745658501982688,-0.0148160178214311,0.9950413703918456,0.0,0.0,0.0,1.8805332007097935,-1.536135969608429,-0.3844724676804714,1.442871514,0.149033635854721,-0.30573824989803294,0.07236889415185539,0.04959218609247042,28.37434700815459,43.11004002910026,1.7371408068854688,0.13163640987819059,-0.14702087862681035,-0.039485566753782,0.11787778508521285,0.0040328083525946745,0.0422423819168376,2521.669075440791,-337.24128834372647,289.70060883364755,0.08612581751446784,0.07498546393955789,0.1447095472760086
14512,1723238046451043688,0.320965826511383,-0.0224904641509056,0.1492959707975387,0.0642353817820549,-0.0732277855277061,-0.0143057685345411,0.9951416850090028,0.0,0.0,0.0,28.025836666124462,-4.275305761814401,3.1680601701457833,1.449113443,0.1492959707975387,0.03625182812915706,0.4399739077412154,0.13322662387241774,42.849307394961876,42.71455083527431,10.388017971567251,0.1316888108515266,-0.1444075491302998,-0.038287945767442835,0.11981139244063499,-0.008446570294797395,0.03515539372541565,273.83031635595216,-57.713789801963316,-20.900080165570557,0.1457200083655799,0.1329237447988657,0.1447095472760086
14514,1723238046475061552,0.3218965828418731,-0.0225884094834327,0.1495051980018615,0.0636838153004646,-0.0736514180898666,-0.0131132118403911,0.995162308216095,0.0,0.0,0.0,-327.1923325156986,29.560349355349445,-51.86342436338441,1.473131307,0.1495051980018615,-0.03804025722342124,-0.029257429205096042,0.1044772424638714,10260.001079846308,-13796.127082300582,40003.162350229955,0.13042549095832698,-0.14543215056145167,-0.035866593408207116,3.354355819841203,-0.3214726018787246,0.508955093833265,-39463.40975342505,4428.117633413014,-5484.793453707185,0.0397260449373096,0.036959188318485374,0.1447095472760086
14516,1723238046475336339,0.3228287398815155,-0.022677743807435,0.1496466249227523,0.063947893679142,-0.0742828398942947,-0.0115840760990977,0.9951174259185792,0.0,0.0,0.0,-338.11393409683416,30.78663080660998,-53.380614162661836,1.473406094,0.1496466249227523,2.813540003713093,-3.8635649530143352,11.222592810429932,9950.15414750012,-13376.624993240423,38788.50617265531,0.13076887018470687,-0.14688636650094725,-0.0329158251104366,3.262995599605105,-0.3132158960823924,0.49447863156536564,-37782.6787370004,4275.853867799643,-5216.50946567753,3.439853703765541,3.272682741358228,0.1447095472760086
14518,1723238046481978877,0.3237422406673431,-0.022849403321743,0.1496876925230026,0.0648541674017906,-0.0745281726121902,-0.0103838518261909,0.9950536489486694,0.0,0.0,0.0,-273.87909159979597,29.192882685300432,-39.08554339746314,1.480048632,0.1496876925230026,0.3004650322891638,-0.048662797023006917,0.34384243384902147,-254.5785770806254,359.1824828643138,-954.450614514161,0.13243528810826272,-0.14750651850930255,-0.030669714069578937,0.11184264286234935,0.009944384503135506,0.027795489899243186,18560.077996907432,-1537.2436577532605,3155.409113641801,0.13765797928057552,0.1347559414832148,0.1447095472760086
14520,1723238046490904726,0.3244325220584869,-0.0223314128816127,0.1501950174570083,0.062708631157875,-0.0719483196735382,-0.0102903423830866,0.9953819513320924,0.0,0.0,0.0,-1.5895106348868921,-0.08832998287140179,1.1134838872046546,1.488974481,0.1501950174570083,-0.4875805469988363,0.5770533209086389,0.019952082329121594,-30.167203642403898,20.619725415339225,-19.025219460132615,0.127959789722999,-0.1424225303060772,-0.029815456167717663,0.07217131891012407,0.03714499913491276,0.052792144357331594,16789.624392433216,-1873.870649670132,2364.877614569795,0.0828731952465654,0.06896889150892878,0.1447095472760086
14522,1723238046501661891,0.3251419365406036,-0.0222026295959949,0.1507104635238647,0.0623884461820125,-0.0711157098412513,-0.0100507289171218,0.9954643845558168,0.0,0.0,0.0,1.2006880869923187,-2.010075428656311,-1.1748211537657385,1.499731646,0.1507104635238647,-0.05860348422309391,0.1573698555190603,0.039077235226953125,51.053795568133665,-24.127360829664916,4.10326619927131,0.12723923834474235,-0.14079694096413187,-0.02917669982602603,0.09208594181604468,-0.0044574238020052,0.042899509368547584,-21.39110247860073,64.36977782158658,-92.5969430653866,0.07164614777440685,0.058556617661331974,0.1447095472760086
14524,1723238046510630711,0.3261632919311523,-0.0223654620349407,0.1510577052831649,0.0645164102315902,-0.070929929614067,-0.0094657316803932,0.9953476786613464,0.0,0.0,0.0,-1.0907135480683618,0.38447903340868017,-1.1070240320370872,1.508700466,0.1510577052831649,0.48285700670313314,0.052297322371660994,0.09326727959994414,3.778336932454212,-10.979002145420997,9.255334421981054,0.1314439042474908,-0.1404396923315992,-0.028277816361569987,0.09798964434509116,-0.008596647392324352,0.03045450237864422,-143.2184723850875,165.8101878406589,65.3686962859752,0.11863994986606564,0.10702218741271248,0.1447095472760086
14526,1723238046521214660,0.3270019590854645,-0.0223370604217052,0.1512768417596817,0.0634575635194778,-0.0712877735495567,-0.008334812708199,0.9954002499580384,0.0,0.0,0.0,-1.2043252523795487,0.8757192326321301,0.30687172673789,1.519284415,0.1512768417596817,-0.18399730961086977,-0.05470740243691479,0.23135900001394885,-37.81559679005707,-6.861703309543743,4.605911088497559,0.12916280003397565,-0.14133196286558206,-0.025901571427673697,0.06460117957072953,0.006039039588351391,0.02224201425561745,66.36488080967068,-8.705868083770184,74.2869578310496,0.08127082467861642,0.07548309380122194,0.1447095472760086
14528,1723238046534206809,0.3276078104972839,-0.0222050845623016,0.1515903323888778,0.0616110675036907,-0.0719325616955757,-0.0074869813397526,0.9954767227172852,0.0,0.0,0.0,0.8874982425410689,-0.1164517553156591,0.3262576481558681,1.532276564,0.1515903323888778,-0.27355615635301894,-0.09204937451293663,0.15657428447989769,31.458327817157574,31.594685769685782,-10.883888867559108,0.1253418713617063,-0.14277641085416595,-0.024016574922260184,0.08005847368898245,0.009329136088445544,0.04349790571925638,-93.50977831210861,-48.628695041600736,-114.60411183582201,0.04933624759978476,0.04272777908301998,0.1447095472760086
14530,1723238046541259547,0.328300416469574,-0.0221424624323844,0.1519712656736374,0.0619366914033889,-0.0710257589817047,-0.0071944966912269,0.9955236911773682,0.0,0.0,0.0,-0.7464313386372363,-0.35321980192648195,-0.9264955669731918,1.539329302,0.1519712656736374,0.09514239450629272,0.2627455569434251,0.06018124219905686,15.807055059250287,8.670898996661894,-2.892579129909879,0.1259195445442546,-0.14099109579353764,-0.023356650499758658,0.08516061374282202,0.007092458800293966,0.04078428241216603,-146.1094894084523,-36.42431478254543,-128.99237179701606,0.10458757888036375,0.08956564195363528,0.1447095472760086
14532,1723238046550768527,0.3289429843425751,-0.0220979265868663,0.1521894931793213,0.060821134597063,-0.0719610229134559,-0.0065165213309228,0.9955300688743592,0.0,0.0,0.0,-1.0388024349619656,-0.7361581861157087,-1.5295601213182104,1.548838282,0.1521894931793213,-0.2221217786141325,-0.18859199196431015,0.17081681524522097,-15.019328038092311,-19.90231688989572,3.451847022016014,0.12360893657542188,-0.14297263020677373,-0.02195403461636374,0.05921827248436884,0.00327108120386832,0.025028872843955163,34.64219984432467,-29.792741779049216,-20.489037217422823,0.07003748574239671,0.06358263664575348,0.1447095472760086
14534,1723238046564572441,0.3295929729938507,-0.0220810770988464,0.1525766551494598,0.0603732131421566,-0.0713696479797363,-0.0061354748904705,0.995602250099182,0.0,0.0,0.0,0.7497099401540037,-0.937438726153589,-0.9520957128356149,1.562642196,0.1525766551494598,-0.06182922272353662,0.08898672512691926,0.05448865462910197,-62.07212782966452,-63.25709826912856,37.2310742745178,0.1226267759598338,-0.14184591211208167,-0.02104753973801874,0.07873202073362506,-0.013589491362413497,0.006466647177326479,-76.53099972003898,54.787429941566515,77.05853994088622,0.05054366699005127,0.042601811770958536,0.1447095472760086
14536,1723238046570767411,0.3301686942577362,-0.0222064387053251,0.1525567173957824,0.058263424783945,-0.0730828568339347,-0.0051086195744574,0.9956094622612,0.0,0.0,0.0,-0.2973872419232464,-0.40517293210453764,-0.3767873561610036,1.568837166,0.1525567173957824,-0.6512211699899244,-0.5346627535893114,0.4120731783807808,-40.06855058840079,-45.442146817880705,28.685633352633218,0.11828347764804947,-0.14544088730101873,-0.01888903485812931,0.08153059578244637,-0.018607331710329356,0.0016599822145915155,-118.88521078617262,84.39828980795667,93.58958334299184,0.09184782277027306,0.09237282777401237,0.1447095472760086
14538,1723238046581564133,0.3308343887329101,-0.0223766900599002,0.1526664346456527,0.0579389706254005,-0.0730618387460708,-0.0041801845654845,0.9956342577934264,0.0,0.0,0.0,-0.6375130517988898,0.47743660959809175,0.6472697919368569,1.579633888,0.1526664346456527,-0.04755684058892146,0.01392537956140123,0.17541857649127032,15.036968465839939,9.405112852813685,-9.737649693354504,0.11749186457296337,-0.14551433490732285,-0.016970282449305936,0.06422346774563081,-0.015364600466519551,0.005101879748783844,14.643372850442518,35.54613067267692,67.34604042690643,0.06273495826234687,0.05951556531585649,0.1447095472760086
14540,1723238046591176314,0.3314736783504486,-0.0225209183990955,0.1526721715927124,0.0566587895154953,-0.0743047297000885,-0.0034482348710298,0.9956188201904296,0.0,0.0,0.0,-0.10185875498669228,0.42373605836580214,1.059253708158863,1.589246069,0.1526721715927124,-0.252809352267922,-0.2500027191857325,0.1860626359499093,5.9074182835684494,12.747824316093538,-7.5998992315953835,0.11484032664572835,-0.14810852349971335,-0.015456109756864839,0.0663578138622185,-0.009259906171693144,0.014134544327465193,17.804479625630336,-55.28485269121086,-31.115585825104617,0.06608972873078772,0.06570706054663454,0.1447095472760086
14542,1723238046600881012,0.3321161866188049,-0.0225544944405555,0.1529419869184494,0.0569995045661926,-0.0730202421545982,-0.003218415658921,0.9956951141357422,0.0,0.0,0.0,-0.30063672602416114,-0.5997342997838234,0.032459800738124045,1.598950767,0.1529419869184494,0.07162449236389687,0.2676487448571761,0.026993351681321397,18.012423431896103,21.949722331618496,-7.435699041658601,0.11545278362622473,-0.14555835274434722,-0.014891376491142078,0.0621956526836982,-0.007218639992814024,0.025585581522497236,-19.404388091601763,-70.738148656105,-95.92973762518322,0.06958210665712156,0.061452121733916,0.1447095472760086
14544,1723238046611326916,0.3327207863330841,-0.0226721633225679,0.1531843245029449,0.0574322715401649,-0.0722877606749534,-0.0028825073968619,0.9957247972488404,0.0,0.0,0.0,-0.49120938118658675,-0.9482404693543873,-0.8585918550131785,1.609396671,0.1531843245029449,0.08642291018111449,0.14398660510499298,0.050011165571967844,2.763226659484258,-27.282675593282413,7.967198170386144,0.11625451689688325,-0.14412477461151624,-0.01419127543524033,0.060497173747670274,-0.022591632632120495,0.013022619155563575,3.7323541660043826,49.07817290936184,-8.44646351425753,0.0607634850471303,0.05395473801881276,0.1447095472760086
14546,1723238046620647095,0.3333064019680023,-0.0229769144207239,0.1532210707664489,0.057943470776081,-0.0734431445598602,-0.0021058162674307,0.9956125617027284,0.0,0.0,0.0,-0.27367478691221203,0.19473831292117552,-0.29820529010980434,1.61871685,0.1532210707664489,0.12337431780532011,-0.23872437845085315,0.17219625729805788,1.4606592367286844,-21.25795175295533,5.0160794708462095,0.11720902548203632,-0.14652150289560772,-0.012842210221023248,0.05318635436272423,-0.02707662887023432,0.007881653797138455,14.148427806657322,78.29939324178869,32.31932679880726,0.06314572397752707,0.06171834595334897,0.1447095472760086
14548,1723238046635872570,0.3338762521743774,-0.023249352350831,0.1534390449523925,0.0585475079715251,-0.0739943087100982,-0.0017318131867796,0.995537042617798,0.0,0.0,0.0,-0.2868788975604204,0.2841551001759539,-0.4977504509468579,1.633942325,0.1534390449523925,0.0833328970245224,-0.06979739977669772,0.04725988629738123,-93.86262300349401,-18.669821660436796,17.081362002094586,0.11839042103545871,-0.1476613776958308,-0.012246099726860346,0.06172266975225682,-0.007299110448190316,0.009643746525007657,-79.69163217598776,-74.91801615109355,20.94750769795884,0.039340394552689,0.03499857329086945,0.1447095472760086
14550,1723238046641682828,0.3342887461185455,-0.0232682712376117,0.1534847170114517,0.0565812774002552,-0.0747317299246788,-0.0013302798615768,0.9955963492393494,0.0,0.0,0.0,-0.924683370082928,-0.33027362416386363,-0.3005339493469715,1.639752583,0.1534847170114517,-0.6643214006396083,-0.24427078836672203,0.20257553223934957,-60.860874323234064,-12.251534254892512,16.113830269185513,0.11438038832830286,-0.1492077553919967,-0.011230692915157587,0.05817660061573626,-0.007898234017817751,0.005391424727107186,-54.9254999062551,-52.52941121124827,66.33259567267983,0.07140552799646452,0.06904888343169488,0.1447095472760086
14552,1723238046651326068,0.334644615650177,-0.0234187319874763,0.1534971892833709,0.0557170175015926,-0.0751558467745781,-0.0005086375749669,0.995613932609558,0.0,0.0,0.0,-0.5765330223789218,0.014941399274677802,0.857519519032246,1.649395823,0.1534971892833709,-0.16581189431930454,-0.07789815230833817,0.18803476055736812,30.704661551244342,13.527130212530848,-12.761725101955555,0.11252254716816178,-0.15015939606580897,-0.00949471530833978,0.04422819990318061,-0.01471877581457659,0.009396668049425294,39.83588008447943,54.22868557212411,60.01556991527896,0.03682656897837907,0.036407851975185056,0.1447095472760086
14554,1723238046661119280,0.3351505994796753,-0.0235540848225355,0.1536698043346405,0.0553748793900013,-0.0750568956136703,-0.0007692863582633,0.9956402778625488,0.0,0.0,0.0,-0.14928685173327683,0.7293105826665758,0.8477968149610993,1.659189035,0.1536698043346405,-0.07387667294385789,0.017522454762470434,-0.04886889899976379,5.443887230292015,9.784599413296531,-12.70095644062939,0.11186804269310431,-0.14993527962931508,-0.009956262508660512,0.047233797546374134,-0.007389513539449721,0.022192221490040964,18.175030819446338,10.24277408448788,-54.17696545540221,0.05385352263705635,0.048542441179457635,0.1447095472760086
14556,1723238046671471096,0.335591048002243,-0.0235602036118507,0.153949499130249,0.0550838746130466,-0.0744263902306556,-0.0010401722975075,0.9957035183906556,0.0,0.0,0.0,-0.2396423617112866,0.14923268656572142,-0.2949893342484594,1.669540851,0.153949499130249,-0.06067629302105223,0.119260050649287,-0.054623951220695355,8.774078933575238,10.607031365242563,5.663048413014026,0.1113037798898649,-0.14864543772678954,-0.010385504120960828,0.04069661399485014,-4.873142664174601e-05,0.02594839151304207,12.024306098381679,-58.36770964132995,-72.94341063246021,0.046084019618687445,0.038072450335238706,0.1447095472760086
14558,1723238046682548985,0.3360199332237243,-0.0235543139278888,0.1542242616415023,0.0557431951165199,-0.0730952620506286,-0.0004620728141162,0.9957658052444458,0.0,0.0,0.0,0.139583407538161,-0.5249964319293317,-0.6590668759835474,1.68061874,0.1542242616415023,0.12542064627962413,0.24599895600111601,0.08183615773930758,-13.799668596744157,-4.944903731553097,10.490254831413651,0.11251428518518233,-0.1460385572371841,-0.009167067153704217,0.042687324584381514,-0.005033067188335849,0.014881904877853458,0.8844587763776399,-16.254639886734243,31.898385966254345,0.041906185344286695,0.03468600505642085,0.1447095472760086
14560,1723238046691081244,0.336410254240036,-0.0236338265240192,0.154286041855812,0.0548720732331275,-0.0727243646979332,0.0001773175317794,0.9958414435386658,0.0,0.0,0.0,-0.072021260879918,-0.37053961094070276,0.03869902692714766,1.689150999,0.154286041855812,-0.193403571216701,0.09612808075179945,0.15932893548844126,-18.723955767694445,-18.650686722510905,-5.199009560328559,0.11065246250091378,-0.14537484632570682,-0.007709308901983016,0.04361464794576264,-0.010005742920836891,0.011492287267349965,-18.337823073861514,19.54615956311138,32.95707845662113,0.04638261791774442,0.04429163479065771,0.1447095472760086
14562,1723238046700597139,0.3368026614189148,-0.0237363278865814,0.1544405221939087,0.0540634356439113,-0.0731536224484443,-0.000104674094473,0.9958542585372924,0.0,0.0,0.0,-0.17793365788354687,-0.16922094587684666,-0.1658362834073005,1.698666894,0.1544405221939087,-0.1737223427711132,-0.09287004003950065,-0.04171111657040822,1.5588522211459388,-10.047122224254585,-4.176715676083528,0.10907149944331206,-0.14620974630747788,-0.008205998580407357,0.041011484979023294,-0.01127896102385173,0.016487460208939986,-4.872532326836891,-13.543865714217493,-44.75757690354729,0.04324822410513236,0.03851314415611942,0.1447095472760086
14564,1723238046710618722,0.3372112810611725,-0.0238547157496213,0.1546084284782409,0.0532126687467098,-0.0736283138394355,0.0002866999420803,0.9958651065826416,0.0,0.0,0.0,-0.16072139167013644,-0.6711797317767771,-0.8599044595393357,1.708688477,0.1546084284782409,-0.16347640962603005,-0.08997778047888676,0.09532481332518962,3.0549916570697313,7.880610440601934,8.879574406588617,0.1073072625373966,-0.14720935930204668,-0.007344389557272476,0.040237556395601004,-0.013348670132144136,0.0075350777820499815,-10.784001325496138,-14.131074659426828,-0.4265385662130037,0.04287521141789412,0.03797469345832934,0.1447095472760086
14566,1723238046721670368,0.3376494348049164,-0.0240209531038999,0.1545793414115905,0.0525800734758377,-0.0731748342514038,0.0010134036419913,0.9959316849708556,0.0,0.0,0.0,-0.4322656877600055,-0.38912609021810884,-0.02573728115545093,1.719740123,0.1545793414115905,-0.10494118069136267,0.08964415997733986,0.13502528647435985,10.457880293920933,-15.224497153594102,2.1317295053728573,0.10591251675982044,-0.1463830645556742,-0.005737912166063261,0.03744371562180859,-0.026429327216004772,-0.0015611465111415868,22.44894809627203,65.14499924027318,90.07818862786566,0.038922852753486885,0.03975080626433656,0.1447095472760086
14568,1723238046732113004,0.3380187153816223,-0.024409307166934,0.1545736044645309,0.0528143942356109,-0.075189284980297,0.0016731431242078,0.9957683682441713,0.0,0.0,0.0,0.26610999199763863,0.6821327017187621,1.05896937275912,1.730182759,0.1545736044645309,0.05519478992631597,-0.37993362867085606,0.14287475777416497,-3.906109554863778,-13.9194339949442,-7.646460011557632,0.10632989620609486,-0.15048630116313874,-0.00466274072117298,0.03115888737698569,-0.02265367099784732,0.006037470471823347,55.51491077380292,37.25569195280312,59.13236587896904,0.03505181556858724,0.03546418422171111,0.1447095472760086
14570,1723238046743351570,0.3383180499076843,-0.024488091468811,0.15472112596035,0.0515957027673721,-0.0760779902338981,0.0012820845004171,0.995765209197998,0.0,0.0,0.0,0.752587612243294,0.3106636102956686,1.182388664827756,1.741421325,0.15472112596035,-0.22142645618737727,-0.16083841759293643,-0.04463728778779895,40.97394180678306,85.51996892326076,-17.99642599984977,0.10394637799295173,-0.15223122743823458,-0.005359288998517576,0.044647614438328986,-0.011110118502353883,0.021946090777063887,-67.70371172617978,-42.778544777390735,-42.558650618334674,0.02835384973495855,0.02441205470799497,0.1447095472760086
14572,1723238046751737403,0.3388051688671112,-0.0246069133281707,0.154960349202156,0.0538784824311733,-0.071982592344284,0.0008109505288302,0.9959493279457092,0.0,0.0,0.0,-0.5096544144450348,-0.1089245802116422,0.49048469567738695,1.749807158,0.154960349202156,0.5325697646888874,0.969450957538587,-0.2037601022499809,22.579070747196678,13.937989733639087,-10.788078775328495,0.108537346376969,-0.14396621316736075,-0.006205531580810885,0.04815776724871412,-0.012988081015939734,0.03040253595648501,-105.49605405859904,-9.128243578217285,-94.85560654900397,0.06166605620177523,0.05353129437738279,0.1447095472760086
14574,1723238046760564852,0.339138001203537,-0.0247105881571769,0.155246153473854,0.0544161982834339,-0.0720630809664726,-0.0001424510410288,0.9959145188331604,0.0,0.0,0.0,-1.0225313327327858,0.19061840979449685,-0.46157999085093615,1.758634607,0.155246153473854,0.1061959383757007,-0.030466815502582317,-0.22291400391416893,-24.27730452115629,-62.69639191571014,3.5295179318210295,0.10976263815398679,-0.14401918075018127,-0.008211641141911075,0.035033354334903066,-0.012880803645313632,0.029919439415499127,27.562300139692024,5.032933542350846,-80.00842486705821,0.04205486075656328,0.03275364573012986,0.1447095472760086
14576,1723238046771722316,0.3394912183284759,-0.024870328605175,0.1555453240871429,0.0554249994456768,-0.0721248313784599,-0.0006506770150735,0.9958542585372924,0.0,0.0,0.0,0.4930490940761112,-0.16079154443632815,-0.9615967624128151,1.769792071,0.1555453240871429,0.17411543110435834,-0.016733676223012053,-0.10315880162591175,-2.913281345218048,7.9695717882559505,8.37295701923709,0.11187426112603813,-0.14407746386842799,-0.009388408238931315,0.03017146096342671,-0.008237174930905478,0.019031732224965126,69.92447960381065,-20.525925510968527,2.2893891476239006,0.03531097029175095,0.02757025670949812,0.1447095472760086
14578,1723238046785116123,0.3398714363574981,-0.0248829033225774,0.1556751132011413,0.0553756430745124,-0.0707911029458046,-0.0007748481584712,0.995952606201172,0.0,0.0,0.0,0.3698598922346603,-0.25933865678027335,-0.1735775242765546,1.783185878,0.1556751132011413,-0.009620314947219148,0.19835706867443875,-0.028961810046775914,16.76123353820119,-36.33450762360529,-3.132287653844932,0.11175820261214398,-0.1413940119250282,-0.009478359485506247,0.05170890110620263,-0.019667726006356467,0.006381021745898607,-49.87176837069851,75.37102014803288,38.18018863088328,0.02947743322726091,0.026741711716704697,0.1447095472760086
14580,1723238046791153576,0.340247094631195,-0.0250526163727045,0.1557046324014663,0.0559152252972126,-0.0712714046239852,-0.0009797852253541,0.99588805437088,0.0,0.0,0.0,-0.041932419340310556,0.42085393088933437,0.0007232251998230306,1.789223331,0.1557046324014663,0.17452305134097845,-0.16359807057285886,-0.07147326202355629,16.74963387020237,-39.28827421752463,-4.8281645613970365,0.11288893748175789,-0.14232714523175913,-0.01002334246976371,0.050572311814347515,-0.01961669494808116,0.007431150473226733,-34.909116356799565,69.13950830856903,10.564454265167186,0.06256151912500314,0.06106365408540054,0.1447095472760086
14582,1723238046806598493,0.3405679166316986,-0.0250200144946575,0.1559198349714279,0.0551012270152568,-0.0708912536501884,-0.0014711803523823,0.9959599375724792,0.0,0.0,0.0,0.7345021756033621,-0.23091371123908622,-0.5593756348992124,1.804668248,0.1559198349714279,-0.11007704579143086,0.0460264069636208,-0.05860122567377618,-82.3722189296274,-42.06142069365405,-1.869227214620759,0.11130595238318387,-0.14151948308818948,-0.010851559334295248,0.05570606834970704,0.0031777318567676183,0.0005985316706080823,-130.35290671778696,-94.43012192188577,49.751400968455414,0.022505756854547882,0.018583022823095065,0.1447095472760086
14584,1723238046812481449,0.3409739136695862,-0.0249989293515682,0.155893474817276,0.052953515201807,-0.07183089107275,-0.0018995457794517,0.9960083961486816,0.0,0.0,0.0,-0.4371031034960544,-0.9034810411421688,-0.0739452636650798,1.810551204,0.155893474817276,-0.7379589569210493,-0.32608405419421077,-0.075653924601735,-39.37536590986069,-20.646870287054526,2.024880544126639,0.10705799887108641,-0.14337790321326818,-0.011509675916145351,0.06092816754934205,-0.002005268394804638,-0.00295440193135299,-157.5488954465961,-58.65582379198554,89.81640104341788,0.06761868780736739,0.06892810279286768,0.1447095472760086
14586,1723238046820611965,0.3413784503936767,-0.0250780396163463,0.1558866053819656,0.0517346523702144,-0.0718892514705658,-0.0020064443815499,0.996068000793457,0.0,0.0,0.0,-1.2505679451711758,-0.7548457693563055,0.7383557505555134,1.81868172,0.1558866053819656,-0.30126541859797873,-0.015207382650637275,-0.003866001118076845,38.40131913004679,22.422327816121747,6.598688316709387,0.10461494958993169,-0.14349752629668325,-0.011554453406101433,0.04248819958668548,-0.009603427639999662,0.002399765890511496,-9.192910567491756,27.71828448687525,49.01828904937934,0.049231120923204495,0.049395337103761774,0.1447095472760086
14588,1723238046833046036,0.3417685627937317,-0.0251950416713953,0.1559781432151794,0.0510067120194435,-0.0721290931105613,-0.0018482593586668,0.9960885047912598,0.0,0.0,0.0,0.3628387357287739,-0.23074268787747143,0.3801635242714151,1.831115791,0.1559781432151794,-0.11489170767769243,-0.03710795771731317,0.03576357098669277,11.084488149589276,2.1245073131913617,-2.0498908552604354,0.10312928072471829,-0.14400254840454366,-0.011155893214684588,0.046285466084661664,-0.01557256284916142,0.013098512001555207,25.385777053412315,57.96078920833696,6.830758757576071,0.0322081504073869,0.030023147806509602,0.1447095472760086
14590,1723238046841230251,0.3422276973724365,-0.025355689227581,0.156116247177124,0.0508251786231994,-0.0721218883991241,-0.0018989511299878,0.9960982799530028,0.0,0.0,0.0,0.008362181351972975,0.32878933874649297,0.6280474705251948,1.839300006,0.156116247177124,-0.04520692473580543,0.0012122023711291924,-0.009224848826008259,1.4096073184105755,0.7504163848689986,-3.930551557535268,0.10277005316725599,-0.14398494133618714,-0.01123074831594932,0.04956447711602863,-0.016117942411465247,0.013622651168843092,-16.322096273906595,40.85494491768212,27.32293189138997,0.05815543306272058,0.053157847963966456,0.1447095472760086
14592,1723238046852905760,0.3426975309848785,-0.0254853945225477,0.1562211364507675,0.0499814338982105,-0.0724344253540039,-0.0021461332216858,0.9961177110671996,0.0,0.0,0.0,0.26734500997012756,0.34754304446806167,0.8976690891542063,1.850975515,0.1562211364507675,-0.1470897767213122,-0.055514739184372955,-0.029025466587912465,26.742735578902206,37.47355531254236,-6.715356387988933,0.10111125642011878,-0.14459522874840877,-0.01163806672986218,0.043128094428304564,-0.005692862888158068,0.030349573085455717,26.509316018685688,-24.5828634520762,-71.74325157661698,0.0412407301200892,0.0385529218689246,0.1447095472760086
14594,1723238046862134529,0.3431166112422943,-0.0254984218627214,0.1566570848226547,0.0516773611307144,-0.0696543008089065,-0.0024747166316956,0.9962286949157716,0.0,0.0,0.0,0.5435622173222372,-0.07037008734458411,-0.4562410796059184,1.860204284,0.1566570848226547,0.3584505697250816,0.5991236676152332,-0.12761565358442434,22.2515723324624,16.025833334382554,-1.7396527109665927,0.10450555769666404,-0.13897437659749862,-0.012248262113330126,0.051566985221064954,-0.006463734071690208,0.034731387461039986,-34.85300192829638,-12.461771929118765,-99.74752944970524,0.05152988878646834,0.03840429069949858,0.1447095472760086
14596,1723238046871212326,0.3436397016048431,-0.0256022103130817,0.1568606942892074,0.0529211200773716,-0.068492405116558,-0.0026170641649514,0.9962435960769652,0.0,0.0,0.0,-0.35129292285100977,0.10958146059251028,-0.9424283136138973,1.869282081,0.1568606942892074,0.2700011509477219,0.2543069789398805,-0.06355081177127238,-17.23597058457446,-30.43389976033935,2.7567526537419567,0.1070023375835705,-0.13661782994808702,-0.01258141522249279,0.053189911798405376,-0.006985038335761029,0.022276188332726043,-59.463162571710455,13.650397215882183,-7.740545139866132,0.060278852048325955,0.054037726764842975,0.1447095472760086
14598,1723238046881660739,0.3441421389579773,-0.0256216991692781,0.1570916026830673,0.0529514290392398,-0.0683273151516914,-0.0030596500728279,0.9962521195411682,0.0,0.0,0.0,-0.5022157636240576,0.17797174862466156,-0.47230716651468074,1.879730494,0.1570916026830673,-0.00019175858378251152,0.027125802044928593,-0.0864655234306609,-12.402983583952679,-11.761008083548422,1.1601097065433543,0.10711950271640916,-0.13623950998667742,-0.013457527010936533,0.04314481864073194,-0.003831655334330719,0.017595936812396573,29.625027676304256,-7.23335117296298,11.266466446475384,0.05066396367194679,0.0446237642449534,0.1447095472760086
14600,1723238046892870682,0.3445663452148437,-0.0256883017718791,0.1572346836328506,0.0530906617641449,-0.0682322084903717,-0.0032314409036189,0.9962506890296936,0.0,0.0,0.0,0.35990315137218065,-0.06883186191473314,-0.7516570337994414,1.890940437,0.1572346836328506,0.022615216791766292,0.015340292692753414,-0.03313144198143658,-8.674481712606042,5.920034736472738,-1.2121549221435801,0.10742107947188531,-0.1360287716210059,-0.013811659056759764,0.04303759399482132,-0.003325941506640895,0.012008324847665008,21.94024187683115,-22.72391205496703,0.6677809200954172,0.039301004661416616,0.03575396035777364,0.1447095472760086
14602,1723238046902614729,0.3450297117233276,-0.0256985574960708,0.1573452949523925,0.0523837134242057,-0.0675640180706977,-0.0037115775048732,0.9963319897651672,0.0,0.0,0.0,0.1081332656224494,-0.2962464729028625,-0.5284271149875862,1.900684484,0.1573452949523925,-0.15261299112272894,0.1320718717913255,-0.09550687231869366,-1.4706183947554583,2.2248784189806177,-1.9213720536337575,0.10604134922524286,-0.13465004580685735,-0.014607168517385156,0.049673845442239184,-0.0049617371913350805,0.002539531675264328,-47.30433023020638,-16.11379709810847,60.93106590020005,0.04865746245482738,0.04558528590745717,0.1447095472760086
14604,1723238046912403366,0.3455367982387543,-0.0257855672389268,0.1572834998369217,0.0523853935301303,-0.067263439297676,-0.0040408740751445,0.996350884437561,0.0,0.0,0.0,-0.5659961010219972,-0.38293176639050747,0.4418887559046305,1.910473121,0.1572834998369217,-0.004633954791021441,0.057926206818706416,-0.07026055314026701,7.41921934136642,-10.254589119086285,0.8926942692650242,0.10608028605349289,-0.13401338638086688,-0.01523670244641297,0.04509851665839548,-0.00912390448351763,0.0017263511304737023,-22.188743640987184,7.25302982974959,57.96521461896265,0.05062386704315669,0.05217303956122129,0.1447095472760086
14606,1723238046921252353,0.34588223695755,-0.025868184864521,0.157363086938858,0.052404511719942,-0.0674850195646286,-0.0043879984878003,0.9963334798812866,0.0,0.0,0.0,-0.38892702701222026,-0.18988735810072888,0.6255488513408363,1.919322108,0.157363086938858,-0.000563507223083954,-0.054254657630283615,-0.07585194348161543,2.1809403857630354,-3.3632216832666892,3.79168883194903,0.1061723005887349,-0.1344196985805914,-0.01596151477426988,0.03930139923373943,-0.012174304636086708,0.009836077795216447,60.82500717809317,-0.42210260843328484,-40.5353761057261,0.04003301627921407,0.03745082634797253,0.1447095472760086
14608,1723238046930769961,0.3462589979171753,-0.0260131061077117,0.157465323805809,0.0525822043418884,-0.0674441307783126,-0.0043474249541759,0.9963271021842957,0.0,0.0,0.0,0.6077935701420096,-0.4215447573077616,-0.3876644586568456,1.928839716,0.157465323805809,0.03781076384900945,0.009080941120260961,0.005518705471390149,1.2657860028217143,5.978031390367492,1.4049733654606946,0.10652387543597364,-0.13433934360418853,-0.015899555031137394,0.03832465920605799,-0.012396621323794377,0.012811840495638549,72.80826381433238,2.9621036482934873,-45.414234842968014,0.040902677471160144,0.03775160373793489,0.1447095472760086
14610,1723238046943525668,0.3467262983322143,-0.0261228531599044,0.1576641350984573,0.052669059485197,-0.0669424310326576,-0.0049469894729554,0.9963535070419312,0.0,0.0,0.0,0.9909021592237641,0.08297937087102114,0.07659531288586532,1.941595423,0.1576641350984573,0.0066683089873863,0.07376918874060032,-0.0986987133867963,0.9019543804883416,-51.24977793189316,14.075319450439252,0.10676394829306088,-0.13326969140470582,-0.01706160059529219,0.058222433085010294,-0.024580907902552518,-0.00410545267968665,-99.00966439921322,97.6366166823074,127.46907094384478,0.03852097351658729,0.0341930854113733,0.1447095472760086
14612,1723238046950741921,0.3472345769405365,-0.0263654608279466,0.1575541198253631,0.0527333803474903,-0.068851500749588,-0.0047036507166922,0.996221125125885,0.0,0.0,0.0,-0.2503898021688,1.024673070891229,1.3682430250158477,1.948811676,0.1575541198253631,0.026826272148275182,-0.5259892237366741,0.09368841221374573,-0.5497055994822525,-20.871163160068235,8.24011258179754,0.10692114193266476,-0.13711580308550672,-0.016791679735086114,0.06305009183358656,-0.01974379972582807,0.002174310941381208,-140.2824499498348,63.16833172776353,73.1093859126211,0.06823968821002108,0.07179237033024927,0.1447095472760086
14614,1723238046960594685,0.3477564454078674,-0.0263733267784118,0.1578098833560943,0.0526449084281921,-0.0683133825659751,-0.0050420714542269,0.996261179447174,0.0,0.0,0.0,-1.2056981549221306,0.7413244529197038,0.6641892308489181,1.95866444,0.1578098833560943,-0.023563274303221412,0.10567192962000925,-0.07292143662553968,3.104223920850945,37.39698592447328,-12.09174958221245,0.10677188458338356,-0.13600395503706547,-0.01740069673354582,0.048214955810491844,-0.004880818855107272,0.02235489605120211,-10.10952326639833,-25.85690615556226,-84.98294035603016,0.05600300826418611,0.04892022037418843,0.1447095472760086
14616,1723238046972397040,0.3482583165168762,-0.0264886487275362,0.1580227762460708,0.0534693151712417,-0.0672755017876625,-0.0058045857585966,0.996283769607544,0.0,0.0,0.0,-0.09716937351129618,0.4771709713940312,-0.5300285688336954,1.970466795,0.1580227762460708,0.1292644013536409,0.16938276480785502,-0.14751405982543378,-1.41550826497678,-5.52524594639341,-1.4408453314313938,0.10850332204284603,-0.13382937642585832,-0.01893077483703868,0.03822597419667062,-0.006977678774900298,0.010626920532391892,90.46795731409318,-19.746222381080692,-54.235231327707396,0.04472532758043628,0.03966323314509883,0.1447095472760086
14618,1723238046983201260,0.3486288189888,-0.0265364088118076,0.1580642908811569,0.0533598475158214,-0.0672325640916824,-0.0064322995021939,0.9962886571884156,0.0,0.0,0.0,0.8460806774175587,0.28989187216862533,-0.6516442670697148,1.981271015,0.1580642908811569,-0.02810034905109361,0.0016490048661705417,-0.1148225419464687,-18.679042167707163,-13.929672527236594,1.4748498725434054,0.10836540120066981,-0.13367740139634832,-0.020173224817583008,0.04458595346726213,0.004654430721012792,0.009486296029031394,2.468136166164193,-73.7480754186241,-29.991906783713013,0.0345800233048279,0.033437194476658404,0.1447095472760086
14620,1723238046991179118,0.3490451574325561,-0.0264458172023296,0.1581732183694839,0.0525871366262435,-0.0676012262701988,-0.0069534676149487,0.996301293373108,0.0,0.0,0.0,0.3660152213035297,-0.6307882731853888,-1.0012843145477532,1.989248873,0.1581732183694839,-0.20135366722665993,-0.10008304048282708,-0.11219289876130137,-2.876895720820393,-6.529752516391971,7.7664760066376335,0.10689058071438048,-0.13437508173858417,-0.021157703176898808,0.05285231375229138,0.002332598241546746,0.0010707325018852742,-65.53083073525634,-50.03290530291871,11.048243792094896,0.053295853610589826,0.049932143721073935,0.1447095472760086
14622,1723238047001220534,0.3495842814445495,-0.0265364311635494,0.1580249369144439,0.0526031740009784,-0.0680525302886962,-0.0066747115924954,0.9962717294692992,0.0,0.0,0.0,-0.35970144230960654,-0.30697610962361954,-0.1967993922211373,1.999290289,0.1580249369144439,0.007870426853076349,-0.08701219769807188,0.059786001086006804,9.76241710891487,0.42011006335088563,4.9179923160279495,0.10690129968904735,-0.13530789890770328,-0.02064940388368027,0.04805780605933485,-0.008295466318096523,-0.00830638718446508,-25.386366700968008,41.18476979922961,84.78243412235321,0.05138058736882294,0.05514529121917836,0.1447095472760086
14624,1723238047011939940,0.3500349819660187,-0.0266170166432857,0.1580098271369934,0.0525339506566524,-0.0685387849807739,-0.0068512656725943,0.9962408542633056,0.0,0.0,0.0,-0.09530385201031244,0.23676906276007292,0.7654089632207894,2.010009695,0.1580098271369934,-0.014200501257535783,-0.09259697594898933,-0.02720534289078599,-11.724805421483664,1.235450070186824,-9.79337974809619,0.10680315923036372,-0.1362637222796389,-0.021048901396644604,0.045549703666889485,-0.0029871320019363434,-0.001981826375226703,25.98030433939443,16.029314434442515,65.91132446294975,0.04161160223668392,0.041791341947787344,0.1447095472760086
14626,1723238047021095596,0.3504794239997864,-0.0266089364886283,0.1579872071743011,0.051673524081707,-0.0688093677163124,-0.0075222067534923,0.9962623715400696,0.0,0.0,0.0,0.1528460813112802,0.1122043685496969,1.1823479580257295,2.019165351,0.1579872071743011,-0.19713587882312286,-0.06755015791121918,-0.12999267838924178,1.5046160798857136,7.657077157544869,-5.7156234422088,0.10516980656236878,-0.13675281478489149,-0.022309545602467867,0.045761567834730954,-0.0028403542555250905,0.006397616322973754,13.968610855385212,-9.220494802320783,-11.41171382084148,0.04772141217912332,0.04842532733600749,0.1447095472760086
14628,1723238047032166441,0.3509488105773926,-0.0266902185976505,0.1581767499446869,0.0523133017122745,-0.0683213323354721,-0.0081166103482246,0.9962579011917114,0.0,0.0,0.0,0.13165874517740717,0.06882247454837666,0.2936316995768492,2.030236196,0.1581767499446869,0.10713649040907974,0.08310138841509017,-0.11949526238828218,5.918078036367382,10.471234608946947,-7.497605075595324,0.10652289726521127,-0.13569819544910097,-0.023539250599106214,0.0491900303383197,-0.0003107223770333345,0.023063152442819757,50.12641292851737,-51.69630972190447,-131.25172613092764,0.044484411574296195,0.039585554617151075,0.1447095472760086
14630,1723238047041165829,0.3514411747455597,-0.0266415774822235,0.1584277749061584,0.0524071529507637,-0.0675707086920738,-0.0091945836320519,0.9962947964668274,0.0,0.0,0.0,0.9634669544673242,-0.7459316610586819,-1.2604719928164645,2.039235584,0.1584277749061584,0.002628808451828087,0.15438936118957888,-0.24875459964591132,-7.564276609776731,-0.2929554335286606,-3.542955092869624,0.1068285625974038,-0.13407832705799494,-0.025636278016361744,0.049072531916172224,-0.0008594491648177272,0.016841282806943525,48.82732997732606,-65.26588444528679,-100.08242385085968,0.05779342440897719,0.05048025627261232,0.1447095472760086
14632,1723238047055616973,0.3520194888114929,-0.0267993658781051,0.158414676785469,0.0523366257548332,-0.0678426325321197,-0.0095679033547639,0.9962764382362366,0.0,0.0,0.0,0.6572681588026654,-1.1027292224606513,-1.0218818701472259,2.053686728,0.158414676785469,-0.012736573306584398,-0.04046321558118674,-0.04886657645312668,-17.471971371188054,-31.570280592892075,-7.120494796379717,0.10674780521351136,-0.13458444868278685,-0.026407703980085465,0.08565646997473664,-0.027533825050739758,-0.014580388541489242,-275.5049568167376,117.46706500332348,104.6295695981488,0.039806941400242594,0.03963566625284089,0.1447095472760086
14634,1723238047060991462,0.3525710701942444,-0.0269805565476417,0.1583089828491211,0.0519804880023002,-0.0684802532196044,-0.0099733648821711,0.9962474703788756,0.0,0.0,0.0,-1.3317610962815707,-0.18725857233226317,-0.2834171131369,2.059061217,0.1583089828491211,-0.1394374259582168,-0.24628935066768806,-0.1290156850470317,-10.775093413413462,-20.442116797957446,-6.097883370679459,0.10611131829570722,-0.13582697683154404,-0.027245431524826842,0.08544259189444148,-0.03197510888902588,-0.017768937342333757,-243.58865036653168,170.17618666083118,178.95937604761997,0.09989356771230275,0.10392035974796357,0.1447095472760086
14636,1723238047070632661,0.3530975878238678,-0.027258776128292,0.1581704765558242,0.0518802404403686,-0.0691166222095489,-0.0101840989664196,0.9962066411972046,0.0,0.0,0.0,-1.4924344852709046,1.4506744646318448,2.1607103729294823,2.068702416,0.1581704765558242,-0.021954415112257545,-0.13457472565621784,-0.03534970154837712,1.730450246882424,4.535506835080134,8.332699898014075,0.10596504528424487,-0.13708108616313922,-0.027726123107052778,0.05025804166609582,-0.022727068233966197,-0.015142376041962002,66.14640922615632,99.4784591718617,166.49429078270987,0.05290746226985291,0.05569305165900637,0.1447095472760086
14638,1723238047082382467,0.3536257743835449,-0.0274380315095186,0.1579814404249191,0.0509662181138992,-0.0701872333884239,-0.0100508239120244,0.996180295944214,0.0,0.0,0.0,0.4706019375917858,1.6112784587331288,2.870976512619887,2.080452222,0.1579814404249191,-0.1513341721534637,-0.1822608838642559,0.042761368628302925,27.776435227729394,47.121061246042544,-32.01542808279687,0.10414863664581338,-0.13926349000998708,-0.027448375713099847,0.06360900937160352,0.0013554833888640427,0.03728492352564494,-22.73815245810524,-85.47777347523285,-233.20545845031927,0.0426821594553864,0.04657072103711466,0.1447095472760086
14640,1723238047090909629,0.3542836308479309,-0.0273236744105815,0.1586296707391739,0.0525121353566646,-0.0678210854530334,-0.011830935254693,0.9962443709373474,0.0,0.0,0.0,-0.8978966880897985,0.2688379702671444,-0.9348563845759705,2.088979384,0.1586296707391739,0.3255535217494254,0.5362673761926005,-0.46950324240635494,6.351607842988933,25.317501576248816,-17.95403164132518,0.10740620999926609,-0.13429350826912617,-0.030979711931899325,0.06350248029015226,0.01238252848934751,0.05192049297216972,-69.9036036120376,-153.74869291713543,-358.06181650986287,0.08618363570886252,0.06627046788948414,0.1447095472760086
14642,1723238047101440338,0.3547748923301697,-0.027206651866436,0.1588630229234695,0.0512305982410907,-0.067584328353405,-0.0124921631067991,0.9963191747665404,0.0,0.0,0.0,-0.45599320109587715,-1.3023550386302514,-3.557717890448358,2.099510093,0.1588630229234695,-0.252271427293252,0.03628567374977845,-0.11079537169690386,-23.533481907025084,-32.67606460729782,22.166463341286743,0.10490061707748932,-0.13378993982576903,-0.032109550417858866,0.04253230607399239,0.0018921721387841206,0.007596863551238897,59.87072659374529,-59.04537385980957,-22.609003475817357,0.04881192132125312,0.0433967430385381,0.1447095472760086
14644,1723238047113977568,0.3552466630935669,-0.0273205526173114,0.1587409079074859,0.0507260523736476,-0.068526767194271,-0.0126401428133249,0.996278703212738,0.0,0.0,0.0,0.5619071695610849,-0.6969499873148213,-0.4610301425133485,2.112047323,0.1587409079074859,-0.07957792107617657,-0.15244022629313125,-0.01045837033243076,-17.118754269330637,-45.264141360915026,3.5041266787035954,0.10394760135415566,-0.1356770283652889,-0.03244217736727227,0.05973204572033808,-0.019005921295616623,-0.02728615614208607,-25.197759519347258,44.622779527372366,139.22644984581967,0.03623865773684666,0.03844094413688725,0.1447095472760086
14646,1723238047120692546,0.3557272553443908,-0.0274838581681251,0.1584945768117904,0.0496803075075149,-0.0704031735658645,-0.0128170680254697,0.996198296546936,0.0,0.0,0.0,0.010073792013778116,-0.41049328951084385,0.08626042389576116,2.118762301,0.1584945768117904,-0.3056393318614325,-0.5650433396777539,-0.003109159790058804,-11.842317282470482,-25.645107281790033,-0.5342398008528702,0.1019520900938249,-0.13944904737862468,-0.03285678923052157,0.060592075000180046,-0.02019750116862462,-0.022033175195103283,-45.23567174032035,42.88404934584077,50.65882607841248,0.06652938783893847,0.075578661777377,0.1447095472760086
14648,1723238047133782476,0.3562402725219726,-0.0276430584490299,0.1585800051689148,0.0503324158489704,-0.0703111290931701,-0.0131054203957319,0.996168315410614,0.0,0.0,0.0,0.3606380405960179,0.1565891895371787,-0.03766958803915088,2.131852231,0.1585800051689148,0.096201893937451,0.012775692812383319,-0.051661652091227035,-12.37391014657835,-43.826917426434505,34.56258152490095,0.10330330240040672,-0.1392134156077353,-0.033518761281607995,0.05771286815889454,-0.03151737454087078,-0.038664336057433246,-2.584745034046364,116.48695636973264,199.875257800585,0.040100028922473115,0.03763647374276274,0.1447095472760086
14650,1723238047141217659,0.3567475974559784,-0.0279591381549835,0.1581016778945922,0.0495448186993598,-0.0729061365127563,-0.0119209755212068,0.9960361123085022,0.0,0.0,0.0,0.2174004171936197,1.3316841952832839,2.3325450782229993,2.139287414,0.1581016778945922,-0.1777056205872997,-0.6846005912160178,0.366948255491505,-20.054524985259405,-27.997761128306077,11.713357278260165,0.10166872369141443,-0.14455596922798442,-0.03130323938413619,0.06284626672479199,-0.026039627392282494,-0.03373774417718156,-26.452381383886603,89.6592338221435,195.25374107658317,0.059537551475938644,0.0762051806771774,0.1447095472760086
14652,1723238047151499447,0.357317179441452,-0.0279926732182502,0.1581898033618927,0.0488537028431892,-0.0730491131544113,-0.0127353789284825,0.996049702167511,0.0,0.0,0.0,-0.15677147458924656,1.281213785868307,2.5837258277992663,2.149569202,0.1581898033618927,-0.14525104827636878,-0.03695998372155214,-0.14657817502402667,13.6125443181514,37.660732047409645,-23.729957422244244,0.10039931113362069,-0.14478204039791173,-0.03285720256196784,0.05835602999153622,-0.003888382806565449,0.01398858230506761,-19.589020226289705,-64.58742414454727,-135.3827645304412,0.056130611565297216,0.053470587112525364,0.1447095472760086
14654,1723238047161174203,0.357908695936203,-0.0280359983444213,0.1583744585514068,0.0493015721440315,-0.0725551098585128,-0.0133461924269795,0.9960557222366332,0.0,0.0,0.0,-0.1933260830204926,0.1130573723967108,-0.1809319883303404,2.159243958,0.1583744585514068,0.08163415749458108,0.09681998813581773,-0.1375071951899129,0.22490043416571304,9.33605263803108,-5.929729404808749,0.10136765528648871,-0.1437161038700647,-0.034099348084401,0.05938781045909636,0.0005578002180721686,0.02024940566842126,-9.57843727827862,-101.3523524005657,-174.27773698931713,0.06335937640198766,0.05760387075962176,0.1447095472760086
14656,1723238047170661756,0.3584558367729187,-0.0279838517308235,0.1585773974657058,0.0487740226089954,-0.0718078389763832,-0.0145755931735038,0.9961186051368712,0.0,0.0,0.0,-0.33816587146189336,-0.6681209430110804,-0.7971738075154071,2.168731511,0.1585773974657058,-0.132329481836017,0.14360578470190175,-0.2576591911627082,-6.142403380558239,-3.433226804531429,3.038340051076639,0.10044239330582533,-0.1421143134436609,-0.0364178593713708,0.05476268085362612,-0.0015934629801150901,0.010828539459480702,0.33076064912749636,-49.277115533983505,-30.445268972850478,0.05988160253581851,0.054080770584609805,0.1447095472760086
14658,1723238047181290919,0.3590033054351806,-0.0280852150171995,0.158566728234291,0.0487775541841983,-0.0717579796910286,-0.0147776547819376,0.9961191415786744,0.0,0.0,0.0,-0.1489182388547583,-0.7982116264886313,-0.7098626838694082,2.179360674,0.158566728234291,-0.002209888541659402,0.00750772188787506,-0.038376482001819374,12.526160137200986,2.0219379345503814,6.234940950899719,0.10047582241927468,-0.1419940322553249,-0.03681976453441222,0.05294648647035416,-0.013950985723010456,0.004686830961640354,-8.987376443904157,28.761435144361023,-11.065701272209537,0.05115881512846918,0.05088429975116245,0.1447095472760086
14660,1723238047191127246,0.3595372140407562,-0.0282626263797283,0.1586646288633346,0.0494329445064067,-0.070945605635643,-0.0152245871722698,0.9961382746696472,0.0,0.0,0.0,-0.481198127090968,-0.14209268357311755,-0.9942072329038033,2.189197001,0.1586646288633346,0.12359036681935398,0.16235311446800144,-0.10808308258219708,-9.365601227086573,-14.58683913858416,3.108206871711536,0.10181887259905742,-0.14029788005161098,-0.03772522162888913,0.05168148755533508,-0.01848551453719338,-0.003497575620608373,261.16080592721113,-39.30145363846029,20.017881043442912,0.0557730807884343,0.05186536950248859,0.1447095472760086
14662,1723238047200702905,0.3600078821182251,-0.0284438244998455,0.1585057526826858,0.0485849827527999,-0.0721771642565727,-0.0152650298550724,0.9960908889770508,0.0,0.0,0.0,4.769005356192535,-1.5065988827008918,-0.34644449933062293,2.19877266,0.1585057526826858,-0.1726176763299709,-0.26004968535291023,0.01671546517115073,-26.353521765222226,-37.58605933641845,11.230358005986801,0.1001790263472484,-0.14279147340611045,-0.03781797737424068,0.04378685909680091,-0.016873340872295584,-0.014529292421780304,-3397.776932953372,1119.7901721107955,-1105.6276375475707,0.046964583171785756,0.050585106149418455,0.1447095472760086
14664,1723238047261525268,0.3605981767177582,-0.0286783408373594,0.1584188044071197,0.0483798086643219,-0.0729337558150291,-0.0152123318985104,0.9960466027259828,0.0,0.0,0.0,-1726.3726046817237,554.2606373329563,-520.8638938196377,2.259595023,0.1584188044071197,-0.006144694235180793,-0.024905381375874686,0.0033995323449758294,544.1233407025456,21859.629229477363,-29089.962140216943,0.09979741642240135,-0.1443193610113559,-0.03776288859234334,2.494765060547252,-0.7555949569808718,0.2756315101277096,135169.19917450845,208189.66901308624,16881.764306531288,0.009535941652352747,0.009717648338604343,0.1447095472760086
14666,1723238047261783072,0.3612440526485443,-0.0288739576935768,0.1584901660680771,0.0484788864850997,-0.0721635892987251,-0.016142439097166,0.99608314037323,0.0,0.0,0.0,-1691.346638162842,608.1502785642574,-516.48390846522,2.259852827,0.1584901660680771,0.13472407283584856,5.634477093651438,-7.5278965327259915,-1864.4249852855405,11692.03359017004,-16707.8333943665,0.10009020789121996,-0.14268034868617946,-0.03956753129231988,2.047768790352251,-0.612085414104957,0.14077633407278256,806382.4655943506,41130.52620226398,218711.60591005854,2.5469707348399218,2.418580055422036,0.1447095472760086
14668,1723238047262353083,0.3618346750736236,-0.0290379710495471,0.1583989709615707,0.0473764687776565,-0.0723068714141845,-0.0165991950780153,0.9961183071136476,0.0,0.0,0.0,-386.63817979535906,419.9857595308117,-137.58394669029545,2.260422838,0.1583989709615707,-3.966424383524753,-0.6319943768194118,-1.2908476458762532,-2191.9755897206837,-4919.347915791604,5831.600566610373,0.09793971796160109,-0.14296609800473514,-0.04034323583028627,1.137263656250468,-0.20054123657141787,-0.14529710776434968,1953072.1888876022,-842959.3869709085,490973.2127436133,1.013445663342843,1.040508404278708,0.1447095472760086
14670,1723238047262780301,0.3623529076576233,-0.0290957260876894,0.1583416014909744,0.0466780140995979,-0.0724585577845573,-0.0167508888989686,0.996137797832489,0.0,0.0,0.0,340.21293121067083,-104.35498376586574,16.53436409234891,2.260850056,0.1583416014909744,-3.300972931334688,-0.7886781951759628,-0.43580572306580173,-3523.6878068446476,-5602.977403275056,1610.9500793376294,0.09656091691182785,-0.1432833879738818,-0.040563514411956374,1.3597488123238008,-0.1178173854679585,-0.08743138822038077,229158.54891751258,-940429.3839441952,-35752.5797279634,1.185872727873935,1.2156199999816308,0.1447095472760086
14672,1723238047263160970,0.3629202842712402,-0.0291346833109855,0.1583242118358612,0.0454553961753845,-0.073329247534275,-0.0168718695640563,0.9961285591125488,0.0,0.0,0.0,-71.91192754522785,-365.03032973540815,-131.56553765360454,2.261230725,0.1583242118358612,-6.365876594978715,-4.697642668079965,0.044989373191413794,5336.225014220239,1223.1255626402058,3726.486476833652,0.09415986393796182,-0.1450651344669936,-0.04071834018191523,1.4280115789741785,-0.25861748124961537,-0.12147172848392529,-864269.0187366725,-315405.0358005576,-239447.4827825272,1.4711132433994918,1.4775807730599864,0.1447095472760086
14674,1723238047263553633,0.3634557127952575,-0.0292995311319828,0.1582458168268203,0.0456460379064083,-0.0732699111104011,-0.0163612738251686,0.9961327314376832,0.0,0.0,0.0,-322.83331956895665,-339.2675832780757,-164.99279605653038,2.261623388,0.1582458168268203,1.15190126425139,0.43721192928740754,2.506029940449113,18170.3348424758,12412.652969045757,5934.45869942825,0.09446673339799357,-0.14498689146241897,-0.03971195633198495,1.2980154478318795,-0.39998896609277834,-0.19020208389858362,-605220.8309869516,64828.339279142136,-79601.80053715876,1.335859405152781,1.3667774383368194,0.1447095472760086
14676,1723238047270932043,0.3639423847198486,-0.0295013170689344,0.1581522822380066,0.0456141978502273,-0.0736044943332672,-0.0159737300127744,0.9961158037185668,0.0,0.0,0.0,-101.63568341040605,30.643937421755567,14.081709144117,2.269001798,0.1581522822380066,0.0007929268197018449,-0.08602414246121767,0.10933885048518902,-96.42373655182213,-43.14333787783745,-198.2429125083445,0.09436378079692664,-0.14569483923142487,-0.038960719566628534,0.05700545937683721,-0.024268007209232945,-0.015073465111967721,21681.73874574515,29182.552827706644,14175.617667515795,0.06442410699480085,0.06640126513739805,0.1447095472760086
14678,1723238047282165428,0.364429622888565,-0.029721250757575,0.1579419672489166,0.0452319346368312,-0.074146419763565,-0.0157599877566099,0.9960964322090148,0.0,0.0,0.0,0.01942748454409582,0.13620458349788356,0.6819956626034078,2.280235183,0.1579419672489166,-0.06329451914653896,-0.09571519244193007,0.0472624036915515,1.2478127394349263,19.475631813495568,-9.484055417790131,0.09358976596352281,-0.14681511620466028,-0.038528424654461026,0.05361663948483297,-0.02683190582172279,-0.021987963989229087,3983.8358396397425,-1147.023572628957,-482.88627282051095,0.040882833747705176,0.04518451447168682,0.1447095472760086
14680,1723238047291001722,0.3649745881557464,-0.0300087612122297,0.1577249765396118,0.0452507138252258,-0.0731750428676605,-0.0159996449947357,0.9961636066436768,0.0,0.0,0.0,0.012639379444139731,0.9049551676834411,1.349809817711671,2.289071477,0.1577249765396118,-0.003940828868350315,0.21774323113730754,-0.06405235439906289,10.518222752998259,27.602649932497272,-17.163193081536704,0.0936112992669165,-0.14484660072730624,-0.038916221603330386,0.05602019214572529,-0.023095216220549775,-0.006942906494237455,2.0151166871140784,39.04718979365096,-17.486295448250637,0.05868958284814691,0.06377541248193498,0.1447095472760086
14682,1723238047303219856,0.3655635416507721,-0.030131421983242,0.1579377204179763,0.0465974435210228,-0.0705277994275093,-0.0179338697344064,0.9962594509124756,0.0,0.0,0.0,0.08428259068559818,0.5719242782144665,-0.4360648684517554,2.301289611,0.1579377204179763,0.1887905560475751,0.42201585419686133,-0.3508895019503416,0.9144918335796097,6.407699929272994,2.606675651164668,0.09645846235978267,-0.13930676471389933,-0.04273326236203736,0.05179275733402022,-0.003894036703514736,0.0035883827755345266,-18.684409993893,-72.22689267997283,-70.00685578502593,0.050535194317958394,0.044923932585139124,0.1447095472760086
14684,1723238047312076497,0.3660452961921692,-0.0301264580339193,0.1578807532787323,0.0471279509365558,-0.0686824768781662,-0.018524432554841,0.9963526725769044,0.0,0.0,0.0,-0.23879658591751207,-0.3564682391218359,-0.5671513835052403,2.310146252,0.1578807532787323,0.10149090719470555,0.41256952423127463,-0.16035081469324816,-4.038873613757368,-25.97012155896731,17.551732715798018,0.0975038896265273,-0.13553245441906508,-0.04380303679199133,0.055301599793548206,-0.00524615847630483,-0.008606838556037388,-16.876794703098827,-47.99616262241958,78.48947109518242,0.05295078687878773,0.05475282107255629,0.1447095472760086
14686,1723238047320939916,0.3665435016155243,-0.0302244629710912,0.1577851772308349,0.0476548746228218,-0.068853810429573,-0.0186730604618787,0.9963129162788392,0.0,0.0,0.0,-0.21450939830039228,-0.2777999441870786,0.9560383973046531,2.319009671,0.1577851772308349,0.11730037358014932,-0.038513979603532006,-0.03992547344375865,-2.666583763002107,-30.26729469053766,7.550909056499108,0.09859619657904158,-0.13583751316905757,-0.04419219932023486,0.047552656439192376,-0.010213439068009311,-0.006450591832190433,9.886282637645424,18.97768878999774,81.6610168431708,0.05466073504428907,0.05679679863578465,0.1447095472760086
14688,1723238047335058158,0.3670201897621155,-0.0303496830165386,0.1577915400266647,0.0475445128977298,-0.0688419565558433,-0.0191693492233753,0.9963096976280212,0.0,0.0,0.0,0.08577291350247407,0.21731186970607108,0.08070741772151191,2.333127913,0.1577915400266647,-0.020426643511857048,-0.002000648344118093,-0.06905747541551276,33.038041378477686,35.0086800930903,-23.944033573217123,0.09844078907211129,-0.135769755792743,-0.045174272380560834,0.059360971354649905,-0.007779682565720147,0.023075953791849457,-55.54119365213971,24.666432157053546,-231.85648139681234,0.0338769901228884,0.03307577436705533,0.1447095472760086
14690,1723238047340841437,0.3674241304397583,-0.0303920935839414,0.1579785943031311,0.0483951494097709,-0.06802249699831,-0.0198242925107479,0.9963122010231018,0.0,0.0,0.0,-0.41740198474331924,0.3353210344329126,-1.6625757252269242,2.338911192,0.1579785943031311,0.2720194891634131,0.2772735091589094,-0.2593679632126545,28.041914117314636,25.724096991672436,-17.722198567261547,0.1001949524672272,-0.13402537316744606,-0.046520104281708975,0.058078804461436206,-0.006416472207240176,0.018779406002983556,-44.317352725329215,6.752676037635099,-196.2070119471199,0.07380495381214791,0.06445756822096958,0.1447095472760086
14692,1723238047353924870,0.3678357005119324,-0.0304489061236381,0.1578228026628494,0.0482254065573215,-0.0683581307530403,-0.0201261453330516,0.9962913990020752,0.0,0.0,0.0,0.2662676422619663,0.019574352599915468,-1.1150471678419533,2.351994625,0.1578228026628494,-0.027819799128412856,-0.054081257529203765,-0.0417876037192559,-75.16543447509176,-33.97979711158693,2.8563575053258576,0.09991405337366056,-0.13467478948142655,-0.04714036117981636,0.0468253452667895,0.0009188401535928925,-0.030193021144128807,6.889503740731559,-49.002435183550865,221.03148230338616,0.029741837776770308,0.03263739374917309,0.1447095472760086
14694,1723238047362020061,0.3682917356491089,-0.0304151158779859,0.1574867963790893,0.0445976853370666,-0.0697694569826126,-0.0208006370812654,0.9963486194610596,0.0,0.0,0.0,0.09481540105216535,-0.5016737955748821,1.571731636384087,2.360089816,0.1574867963790893,-0.8979971857174984,-0.37249779118880727,-0.08765517143544824,-22.73623121626095,-3.509854092404445,-0.9593203910064543,0.09278104593034184,-0.1376079623691026,-0.048146034057486874,0.05462271982446154,-0.001632866693670687,-0.026056251883087356,1.3024941507124304,-41.64238249061533,224.1875614612891,0.04984422741301805,0.06173161535720932,0.1447095472760086
14696,1723238047370809747,0.3687555193901062,-0.0304848887026309,0.1574052274227142,0.043342500925064,-0.0700020343065261,-0.0211253128945827,0.9963808655738832,0.0,0.0,0.0,0.3208268965628336,-0.6506008190034247,2.51430576792502,2.368879502,0.1574052274227142,-0.288941847693617,-0.06145082475088851,-0.05116761020452058,53.236006283965494,27.01963576762369,1.9480994208513411,0.09031032217549363,-0.1381047186996838,-0.04864803830382686,0.047168359010273164,-0.007821962429907403,-0.00211800287559738,30.056651348983536,-7.322449773246067,18.758286296354683,0.0513051122722328,0.053225858658683484,0.1447095472760086
14698,1723238047386064057,0.3693268895149231,-0.0306011345237493,0.1575625240802765,0.0441512092947959,-0.0690096765756607,-0.0216364711523056,0.996403694152832,0.0,0.0,0.0,0.8943052116216688,-0.5075996985195541,0.45812337034024475,2.384133812,0.1575625240802765,0.09807668944252985,0.12918232839088523,-0.07977398431157155,13.094213031618946,55.77978021242882,-7.246429167617592,0.09194884841231253,-0.13603158747242697,-0.04969033932326501,0.08300744987722197,-0.01632928032153913,0.030699275891809208,-212.7154286352776,43.34079540713985,-180.83709455630515,0.03883787691942965,0.03534455399962233,0.1447095472760086
14700,1723238047391556095,0.3698728382587433,-0.030708035454154,0.1577714383602142,0.0446054860949516,-0.0675766319036483,-0.0219018757343292,0.9964758157730104,0.0,0.0,0.0,-0.768876050574427,-0.20240849543266914,-0.6260831565239245,2.38962585,0.1577714383602142,0.14571541967582718,0.5211104178066022,-0.13019203396493267,2.0380660585083437,34.83276892979873,-4.373085291017176,0.09280976230693072,-0.13311585475210813,-0.050142380948334245,0.08504175664184466,-0.01901797478694922,0.029867285442098712,-206.3507187897078,52.20852550850591,-152.62985344868093,0.10441972058434168,0.09247439205614928,0.1447095472760086
14702,1723238047401498603,0.3704597949981689,-0.0308890808373689,0.1579212993383407,0.0448881052434444,-0.066522479057312,-0.0222713816910982,0.9965259432792664,0.0,0.0,0.0,-1.0838594216257662,0.2561750360529643,-1.3375139215290843,2.399568358,0.1579212993383407,0.04653338817367432,0.20991346694308433,-0.0871460829777188,-13.09986826468054,-23.650127256541776,5.442808351882297,0.09336124619379144,-0.13095730691672056,-0.0508169649480616,0.05689071596301076,-0.015861823628509297,0.015100055259546608,51.39372467305614,12.658568226553406,-24.630132733239066,0.061339294657132004,0.05572597719706162,0.1447095472760086
14704,1723238047411349240,0.370999276638031,-0.0310224201530218,0.1580703109502792,0.0443465523421764,-0.0662517920136451,-0.0224082395434379,0.9965651631355286,0.0,0.0,0.0,0.23317369686990164,0.05426489064476614,-1.1221730798794927,2.409418995,0.1580703109502792,-0.11300075698489002,0.0516009761685831,-0.0226653579825219,-9.357389628688928,-6.937688931080487,2.373394901884474,0.09227114666905505,-0.13043050152030397,-0.05099366905425037,0.0632691600975015,-0.013936260188221361,0.003366656335016316,56.80517169634977,-33.97904950003047,49.83957873890638,0.056881940786421135,0.05167780505940658,0.1447095472760086
14706,1723238047420769823,0.3716719150543213,-0.0311573129147291,0.1579960733652115,0.0437105409801006,-0.0659074261784553,-0.0226153582334518,0.9966112971305848,0.0,0.0,0.0,0.07553994222259375,-0.38729995007445495,-0.4005840704303047,2.418839578,0.1579960733652115,-0.13954789569352008,0.06853133394991896,-0.03789744956258883,-2.635846007111264,-3.470803584258105,1.7650276890378958,0.09099528598692358,-0.12975490503699683,-0.051292625238768125,0.06173285731597744,-0.014697267399353953,-0.006583605594539854,1.627622860199585,-20.275750907748133,66.2661183986613,0.0704159093960735,0.071195443952116,0.1447095472760086
14708,1723238047432858273,0.3722681999206543,-0.0313408486545085,0.1579366028308868,0.0426731593906879,-0.0662259832024574,-0.0224808249622583,0.9966381788253784,0.0,0.0,0.0,0.38002109867961487,-0.21984006585806837,0.24021854429068507,2.430928028,0.1579366028308868,-0.16858574953952865,-0.05514123974393856,0.03589885675075044,0.14980581583615482,-7.2223060657933935,-0.44183164513544315,0.0889086270461217,-0.13045776457050787,-0.050917122824288244,0.06634744398546033,-0.024133792829569067,-0.0012558346683952948,-13.120910251154157,35.00051428716352,-47.22332218341573,0.04897046201763929,0.04890861463224903,0.1447095472760086
14710,1723238047441135817,0.3729138672351837,-0.0315913520753383,0.1579469740390777,0.0420347638428211,-0.0666145980358123,-0.0225600749254226,0.9966377019882202,0.0,0.0,0.0,0.054277291962393726,0.18974370486599956,-0.718797500862688,2.439205572,0.1579469740390777,-0.15288135049020551,-0.09787286269141324,-0.004864356649229116,-2.7073898059794086,-0.30514667464890244,-4.121181211074184,0.08765783913418188,-0.13126122816042507,-0.051029630833394124,0.06948336986567227,-0.02277499085819512,-0.00040393396171189977,-18.743393722018272,9.66767356321554,-72.17628064107765,0.07892496141452117,0.07587046830975397,0.1447095472760086
14712,1723238047451049757,0.373501569032669,-0.0317282304167747,0.1579232960939407,0.0408838540315628,-0.0667943358421325,-0.0228252150118351,0.9966674447059632,0.0,0.0,0.0,0.11316809472810618,-0.18715225156652537,-0.9156844433501284,2.449119512,0.1579232960939407,-0.23439674629997057,-0.04322436640859737,-0.03618238113032731,-13.7972288051979,2.6190145551579325,-3.8624978326448223,0.08538617967605058,-0.13165713372813964,-0.05142745518485916,0.0661675794023715,-0.020590049538313338,-0.017286954132970322,-5.448113955479283,-15.958389594439847,59.62968165963838,0.05907967133246138,0.0584592989119553,0.1447095472760086
14714,1723238047460623756,0.3741987347602844,-0.031988076865673,0.1576200425624847,0.0389098711311817,-0.066947154700756,-0.0233477130532264,0.9967241883277892,0.0,0.0,0.0,-0.044285255326729445,-0.1359923933501448,0.39014531320641316,2.458693511,0.1576200425624847,-0.41803559359379794,-0.044900306879279185,-0.07966637592185115,5.866880741922971,5.655217318742936,-4.363740779006722,0.08148946121530178,-0.1320219691803894,-0.05223032988101434,0.07138966794299506,-0.026149871770282385,-0.01877481273854187,-22.452143511299184,24.11240002483462,87.23185227430287,0.0693215121944646,0.07524944642524058,0.1447095472760086
14716,1723238047471135563,0.3749326765537262,-0.0322515219449996,0.1575715690851211,0.0386109165847301,-0.0664849057793617,-0.0240015182644128,0.9967511892318726,0.0,0.0,0.0,-0.34961838856609395,0.33409188433547443,0.7397134760805698,2.469205318,0.1575715690851211,-0.06727457670227617,0.08183615494580428,-0.12348113864261327,13.746996225482553,-2.8341986642329333,2.928256055224873,0.08094421090459963,-0.1310592448862416,-0.053464933577775535,0.0641177935037387,-0.02244657276000095,-0.008377210663121915,12.93882035392756,6.803822973527497,16.686434389034854,0.06984818935618249,0.06867227167448593,0.1447095472760086
14718,1723238047482610740,0.3755970001220703,-0.0324763394892215,0.1574282646179199,0.0377041138708591,-0.0672480165958404,-0.0240967739373445,0.9967324733734132,0.0,0.0,0.0,0.3248024083459127,-0.06279834491604075,0.7236439106712074,2.480680495,0.1574282646179199,-0.15531809108306824,-0.137221149036408,-0.000983394543238927,3.863591263384185,3.846995119642281,3.4098222617608416,0.07918010958431321,-0.13262795175587813,-0.05360332384214134,0.06439208293509324,-0.018840886713197946,-0.003013337216891898,35.15983234509872,-38.67769466097627,-36.49032776949888,0.05669040698990818,0.05815645012085125,0.1447095472760086
14720,1723238047491241206,0.3761949241161346,-0.0326340720057487,0.1574637591838836,0.0375116504728794,-0.0670471116900444,-0.0241836253553628,0.996751070022583,0.0,0.0,0.0,0.4749814932409482,-0.4231583908057954,0.18094781877398586,2.489310961,0.1574637591838836,-0.04709303867907013,0.04486122271769577,-0.01871316545601275,13.421213370147992,20.49155255391188,-5.356652523091607,0.07879103653545728,-0.13222921691762324,-0.053734916275754385,0.06914840682281564,-0.021830052697208613,0.004895104035642639,-16.702620774721257,-1.331464948740844,-90.05357296232117,0.07009196914223895,0.06723037293220224,0.1447095472760086
14722,1723238047500680679,0.3768462836742401,-0.0328768268227577,0.1575180441141128,0.0379880741238594,-0.06594730168581,-0.0246007591485977,0.996796190738678,0.0,0.0,0.0,-0.03477938575443984,-0.018387459985183652,-0.9496441601545353,2.498750434,0.1575180441141128,0.08869525284683527,0.2320333531897824,-0.10337142559973649,15.995450672385733,2.3221175819372397,-3.7805375767545164,0.07973366346225721,-0.1299685594413359,-0.05454111830978892,0.0728460217409932,-0.026617434044972743,-0.0009892645675524392,-48.565327843154606,55.33438757699952,-33.21833656519773,0.07045552242102236,0.06642085014631734,0.1447095472760086
14724,1723238047510936523,0.377636194229126,-0.0331598445773124,0.1574327945709228,0.0394078269600868,-0.0656542927026748,-0.0249284338206052,0.9967523217201232,0.0,0.0,0.0,-0.4722656146146944,0.6878828989165463,-0.3258657019580749,2.509006278,0.1574327945709228,0.27068532138327156,0.06077636568690458,-0.08433509550231982,-36.53231312053609,-30.0239166884287,2.9040918803646725,0.08261556613739512,-0.12927717848999226,-0.055359527401310865,0.0677369426926262,-0.021359640445885786,-0.014364181204378212,20.813698155394075,31.886136191022988,86.03409097460118,0.07670338181909415,0.07613650300657428,0.1447095472760086
14726,1723238047521372070,0.3782444894313812,-0.0333165265619754,0.1572186350822448,0.0357985496520996,-0.0676048696041107,-0.0254676733165979,0.9967444539070128,0.0,0.0,0.0,0.41889667967038235,0.6279741296648174,0.8396617069335085,2.519441825,0.1572186350822448,-0.6868876243013979,-0.39403444748326405,-0.04290178675339412,-14.26786428994718,-2.684353952776013,-2.092216126324919,0.07554933116175697,-0.13334092422404326,-0.056137372411640435,0.06308357836857148,-0.012320653278550031,-0.007377206159691063,30.9249633188802,-7.35386670220954,37.088404844330086,0.055788850569451695,0.059795829738631116,0.1447095472760086
14728,1723238047532825703,0.3790272772312164,-0.0334237813949584,0.1572993844747543,0.0365739613771438,-0.0670834928750991,-0.0262181013822555,0.9967321157455444,0.0,0.0,0.0,0.08833209598348457,0.5234681676395045,0.3266615223275784,2.530895458,0.1572993844747543,0.12385907265979702,0.08935661538514333,-0.1430786853477972,23.909312247678777,18.807719321294616,-2.615790735965456,0.0771757736875789,-0.1321954408230025,-0.05770710944694401,0.07875304876590405,-0.008122474008885217,0.004378627652721789,-9.77733269813663,-9.894534524025584,-114.520335186263,0.06909963330279964,0.06623518739299725,0.1447095472760086
14730,1723238047541198824,0.3797504007816314,-0.0334841907024383,0.1573196947574615,0.0367760248482227,-0.0666356235742569,-0.0267236568033695,0.9967412352561952,0.0,0.0,0.0,0.12327956417325092,0.43590510331933674,-1.059063713620155,2.539268579,0.1573196947574615,0.03712185890716023,0.10362325841421897,-0.12745539117188054,-7.9211228257079105,3.143628705827827,2.027190906939006,0.0776186704614586,-0.13124785594572136,-0.058712731700512395,0.07165917164812186,-0.0027788153756748146,0.0028307087952059717,14.94038019978939,-25.264793785810106,-124.72420302110604,0.08620933968402619,0.08479621080780346,0.1447095472760086
14732,1723238047556035191,0.3804270327091217,-0.0334088057279586,0.1573723405599594,0.0367387123405933,-0.065215989947319,-0.0273690354079008,0.9968189597129822,0.0,0.0,0.0,0.627979879724144,-0.3281923354122598,-1.8376609220472861,2.554104946,0.1573723405599594,-0.016310235394740108,0.18811276457709128,-0.09313877516061407,-46.81805462402909,40.72990898384853,-5.630083508881787,0.07752828653262182,-0.12835824230300238,-0.05988398304928682,0.0990012903983839,-0.0016294097510760608,-0.035863357253024475,-250.7643657100988,-14.15154339074876,189.41985803944922,0.04530267337949224,0.04493444963859723,0.1447095472760086
14734,1723238047561928227,0.3811354339122772,-0.0334341153502464,0.1570687443017959,0.0356522500514984,-0.0636700987815857,-0.0278149731457233,0.996946096420288,0.0,0.0,0.0,-1.5163805987569468,-0.32416150689511525,-0.15518395722932699,2.559997982,0.1570687443017959,-0.39336901005839225,0.5101432832753858,-0.144909659466889,-33.55732267796922,9.938686785564824,-3.8750367059495647,0.07528947034366584,-0.12529555823062807,-0.06051101319329364,0.09985817496806249,-0.004513008556653375,-0.04488947682683442,-218.48566913373355,8.586608157234814,174.65624986730168,0.11286886394012743,0.1254729852751038,0.1447095472760086
14736,1723238047572196954,0.3817966878414154,-0.033484362065792,0.1567263901233673,0.0346664562821388,-0.0645857751369476,-0.0284082870930433,0.9969051480293274,0.0,0.0,0.0,-1.1583361634722786,-0.09458301100705266,-0.3451099949322165,2.570266709,0.1567263901233673,-0.19352548614147497,-0.1877662071629043,-0.09684345353933449,17.651883941745854,-31.5051253267684,2.1765849131138992,0.07344621744984015,-0.12714444071355857,-0.06165507258788844,0.05455177316951243,-0.004886423118447891,-0.021853135252039024,60.13180001732718,10.648183518694111,-5.623236051003231,0.05982531061910632,0.06785737675852034,0.1447095472760086
14738,1723238047586901033,0.3823915719985962,-0.0335560701787471,0.1566469073295593,0.0349513255059719,-0.0637067109346389,-0.029226953163743,0.9969281554222108,0.0,0.0,0.0,0.2577918939117225,-0.18454372923138695,-0.15676497744388662,2.584970788,0.1566469073295593,0.027930089329351156,0.11664001181959843,-0.11756620188828294,-140.1762660688551,-77.56160321233456,2.6636125746553176,0.07405965144581748,-0.12530665120923531,-0.06326551761040229,0.10602759414331331,-0.007502985913254712,-0.0814281474175047,-394.7118146869277,7.206492920697855,491.63414559016553,0.03968990580173566,0.04049476033380685,0.1447095472760086
14740,1723238047591180427,0.3829269707202911,-0.0335914492607116,0.1562037616968155,0.0333114974200725,-0.0643714591860771,-0.0295721236616373,0.9969314336776732,0.0,0.0,0.0,-2.0428773459231584,-0.13710920231329626,2.543484553375505,2.589250182,0.1562037616968155,-0.765279607057056,-0.33765937249222927,-0.10109491576921907,-101.43114204005096,-65.95270847525029,2.5136572064399263,0.07085263260223895,-0.12671652275325565,-0.06380590010762442,0.10309179738383811,-0.008300935785912511,-0.07724818242941289,-392.50419788614795,13.246710496914911,433.1768799226877,0.11129129724889245,0.13689807532707085,0.1447095472760086
14742,1723238047601092960,0.3834432959556579,-0.0336745046079158,0.1560420244932174,0.0341076254844665,-0.0647138282656669,-0.0300614163279533,0.9968677163124084,0.0,0.0,0.0,-2.6017128220341035,0.04384756711941007,2.295445528714816,2.599162715,0.1560420244932174,0.15625384779767304,-0.06823199498268182,-0.10683820081425112,46.046819078658366,20.90384715975652,-1.3557091165590798,0.07254258761554055,-0.12731527268839865,-0.0649196402073628,0.051687429472810464,-0.008526825996825638,-0.01606268780190323,79.34635012171078,15.02619771828414,-184.49435058966304,0.05002514683131674,0.05323115213184088,0.1447095472760086
14744,1723238047611934784,0.3839989304542541,-0.033768706023693,0.1558708846569061,0.0347026921808719,-0.0642519816756248,-0.0307176318019628,0.9968570470809937,0.0,0.0,0.0,-0.1320183159785615,0.1684668988281554,-1.5958612686223608,2.610004539,0.1558708846569061,0.09910079756603421,0.08397408125631543,-0.1307422602902207,-34.275834322607935,-23.61563241458712,5.814586495542037,0.07378877288651083,-0.12630365689234968,-0.06627768384005069,0.05412277577199731,-0.007261254086304625,-0.03715135533833802,156.9389201302945,-0.7215319089033159,-196.1307330093085,0.04931174736954014,0.052291675343503645,0.1447095472760086
14746,1723238047620488623,0.384481281042099,-0.0338211841881275,0.1554089039564132,0.0329990610480308,-0.0657832473516464,-0.0309945307672023,0.9968063831329346,0.0,0.0,0.0,0.7322375768030402,0.07985401340329237,-2.1749422137999854,2.618558378,0.1554089039564132,-0.3898303386394516,-0.3721484336047493,-0.026884827642677942,-49.64643241078915,-46.330667918166,10.723751954505895,0.07051321201318567,-0.1294620779675573,-0.06674030129473028,0.050586634461865065,-0.005471062422170853,-0.04844504337392658,26.807007970003696,-2.2709701343800024,47.96738508607787,0.049226741924343155,0.0626346132859883,0.1447095472760086
14748,1723238047683347127,0.3849804103374481,-0.0338583812117576,0.1549336314201355,0.0317027270793914,-0.0674336925148963,-0.0313764624297618,0.9967262148857116,0.0,0.0,0.0,-31.87114087548582,3.673327112955903,54.268570716267845,2.681416882,0.1549336314201355,-0.04020198856037718,-0.05419252900768182,-0.00774617536418407,-6564.765913464075,-4952.566926493409,-616.0884186272044,0.06808135247995986,-0.13282664991188103,-0.06746816524052138,0.6258063495706665,-0.06023843276361163,-0.5799322719577731,161450.9965636156,-34735.00730027261,-23670.58566570146,0.006890863526342181,0.008849622782840112,0.1447095472760086
14750,1723238047684011898,0.3854007720947265,-0.0338988453149795,0.1545440852642059,0.0302024316042661,-0.0685029551386833,-0.0316514782607555,0.9966911673545836,0.0,0.0,0.0,76.59551131140756,-19.662101362785826,38.3603251890961,2.682081653,0.1545440852642059,-4.450460029872418,-3.3813694899598956,-0.42163737862968254,-2605.550409792629,-1365.088759699382,-497.51568826734655,0.06518066006211776,-0.1350508290776163,-0.06790137668229844,0.6043309371112286,-0.05776456101406424,-0.5434151260090232,85608.00811415655,-23157.02078871084,10901.561857579225,0.5503338476883223,0.7026886017533657,0.1447095472760086
14752,1723238047684775393,0.3858376145362854,-0.0339402258396148,0.1541665196418762,0.0290995128452777,-0.0689285025000572,-0.0320049002766609,0.9966834187507628,0.0,0.0,0.0,73.94953063076537,-26.867213587083413,77.22708807740537,2.682845148,0.1541665196418762,-2.9070959421067304,-1.2318438549527222,-0.6917978428726311,1415.9122117145926,-294.6420366649095,-1495.988967815024,0.0630411936272787,-0.13595558214070017,-0.06849417398864137,0.7583039241231972,-0.0932810002275346,-0.5286585131828474,-110263.07513126294,3221.468729377528,67295.37629491456,0.5022014915704925,0.631180629007243,0.1447095472760086
14754,1723238047685277759,0.3862800896167755,-0.0340000055730342,0.1538896560668945,0.0285118427127599,-0.069498710334301,-0.0325198210775852,0.996644139289856,0.0,0.0,0.0,-16.744555203172304,-21.06462385794303,116.45134547656534,2.683347514,0.1538896560668945,-2.395947729108526,-2.40787169712885,-1.8208643382918526,981.9683549583981,-1782.7167964629289,-1692.0142397371435,0.06197335837941811,-0.13710571274437927,-0.06949197521103073,0.7532363873913219,-0.10028257308127175,-0.4707237386465781,-145883.41743418243,8622.615155467396,57770.79416721791,0.803270908036087,0.9405380534675382,0.1447095472760086
14756,1723238047687563173,0.3866754472255707,-0.0340346246957778,0.1536497324705124,0.0278863571584224,-0.0702541545033454,-0.0324835367500782,0.9966099858283995,0.0,0.0,0.0,10.113586015683268,-31.799933975085708,37.335924293336774,2.685632928,0.1536497324705124,-0.5209770401697372,-0.6778542272325996,0.0875652661508425,4666.410115818626,9523.211654443105,-2328.5169458981895,0.0607681681724577,-0.1386642290998873,-0.06938623055340917,0.6457528452717725,-0.22252809145641095,-0.19286145433017055,-22919.362661409054,26320.573658019184,-28139.738046038543,0.15744866714430172,0.18488833330171145,0.1447095472760086
14758,1723238047688153768,0.3871289789676666,-0.034197699278593,0.1535224169492721,0.0288138035684824,-0.0684170126914978,-0.0328942164778709,0.9966980218887328,0.0,0.0,0.0,-8.71405437787476,-11.521149693461764,21.705385828154178,2.686223523,0.1535224169492721,2.8219626917176743,6.284418771013263,-1.7704719856967177,4634.095143331049,9616.949881387703,-2561.1837676821137,0.06254698705673596,-0.13489532476656813,-0.07020886999523082,0.6604472317846586,-0.23799869644526161,-0.18366857986769514,-33594.986249175534,32040.72543010705,-21297.117729892863,0.7492751069184036,0.7718644445728636,0.1447095472760086
14760,1723238047691295277,0.3874078094959259,-0.0343083664774894,0.1534785330295562,0.0291921645402908,-0.0681022629141807,-0.0329275727272033,0.9967074394226074,0.0,0.0,0.0,-142.92605773656072,50.77688524670968,41.170179736868704,2.689365032,0.1534785330295562,0.23186608406647866,0.20744143484795297,-0.043222407445779855,-628.8544717450204,-1466.1547171661573,416.20902940468363,0.06328819228595307,-0.13423639026103165,-0.07030426854236276,0.07169102484348322,-0.02898745916711498,-0.012880059965965085,-28736.34692495042,13727.86816086402,3646.1184974396274,0.08832392361263218,0.08749215769238221,0.1447095472760086
14762,1723238047700989172,0.3875922858715057,-0.0344027131795883,0.1533862501382827,0.02913324162364,-0.0680915042757988,-0.0329560562968254,0.9967089891433716,0.0,0.0,0.0,-3.137602215099076,1.3028236442653889,0.24091569862353523,2.699058927,0.1533862501382827,-0.012599311314342714,0.0016622975036972246,-0.005083620398394522,-13.18385907658032,-14.043857924298617,1.699276517649595,0.06317256388022117,-0.1342172030294387,-0.07035287360686711,0.016881098618007684,-0.008046047638478715,-0.00847946143726297,7599.813102191618,-2691.2179307575616,-2201.7722956468215,0.018216482271399697,0.019522020950458928,0.1447095472760086
14764,1723238047711410178,0.387744128704071,-0.0344676673412323,0.1533095389604568,0.0290478412061929,-0.0684204772114753,-0.0330356508493423,0.9966862797737122,0.0,0.0,0.0,-0.3469855862777475,0.2830563046065421,-0.06995712261286091,2.709479933,0.1533095389604568,-0.015168560198019244,-0.06421067325179212,-0.01241375858202893,-2.1540253121165263,-2.9724022907578784,0.4712988184293323,0.06303767597478652,-0.1348768425486653,-0.07052573502106864,0.012375208683241823,-0.004074968766293319,-0.008355490819607958,151.84635578547363,-54.308309643573836,-19.303267082598374,0.013848000392497362,0.0150350376269673,0.1447095472760086
14766,1723238047722263514,0.3878536224365234,-0.0344875007867813,0.1532076150178909,0.0287100039422512,-0.0687276870012283,-0.0330348648130893,0.9966750144958496,0.0,0.0,0.0,-0.009500204995571138,0.18588589483350232,-0.16045655290572503,2.720333269,0.1532076150178909,-0.06010831645443694,-0.05861799531231036,0.005979736326419287,-2.582481586013544,-0.19727568189654532,-0.0793847414100114,0.0623819198993412,-0.1355158753820508,-0.07050061106768152,0.009574582027280343,-0.0021107129226587418,-0.010039996609834567,22.667279956094582,-13.883140662932494,-22.510014764174475,0.008829966435725778,0.011162406386348618,0.1447095472760086
14768,1723238047733079564,0.3879516422748565,-0.034513384103775,0.1530920267105102,0.0283189620822668,-0.0690816268324852,-0.0331474356353282,0.9966579675674438,0.0,0.0,0.0,0.14482785122272712,-0.017415813760653265,-0.5566803308616969,2.731149319,0.1530920267105102,-0.07124534591564821,-0.06843246955025908,-0.014001905012280852,2.465950264513239,-3.5233128182739835,-0.21162643488993813,0.061638260743530654,-0.1362452292319341,-0.07069946291109046,0.012150842582588695,-4.730064219549135e-05,-0.011832094949133065,-4.109028769575611,-10.225295563606966,-9.62516730733337,0.007671994375243665,0.010298921525230997,0.1447095472760086
14770,1723238047742233438,0.3880867958068847,-0.0344956442713737,0.1529748439788818,0.028203148394823,-0.0696296468377113,-0.0331848338246345,0.99662184715271,0.0,0.0,0.0,-0.03515835371274634,-0.04461615343884123,-0.4355549661414413,2.740303193,0.1529748439788818,-0.021591254499843157,-0.1209502700740222,-0.0032664960826032487,0.003017790031948575,-3.881220534220576,1.1277790568502262,0.061454096700974244,-0.13734845096714873,-0.07079832633983758,0.012753299540278817,-0.0018195912529670455,-0.019956941084143587,2.3462400450269385,15.856165588886135,58.40600626956926,0.012700408640370699,0.016510176279352622,0.1447095472760086
14772,1723238047751904610,0.3881895840167999,-0.0345516353845596,0.1527087241411209,0.0278074629604816,-0.0702906474471092,-0.0331951566040515,0.9965862035751344,0.0,0.0,0.0,0.2124092546337616,0.3011066075209531,0.590872700193791,2.749974365,0.1527087241411209,-0.07695593945829997,-0.1395221568370412,0.007180722592641932,-5.577385751707755,-0.5104028812774031,-2.3139204900070087,0.06071165352375444,-0.13869951181073037,-0.07081150317823642,0.011381567163702755,-0.0007286967217434714,-0.01955055389630811,26.428738640370337,9.690999025198533,55.957254533664965,0.007101204797118427,0.014045384611439796,0.1447095472760086
14774,1723238047762080931,0.3883134722709656,-0.0345048606395721,0.1525950729846954,0.0271343756467103,-0.0709181055426597,-0.03352802246809,0.996549129486084,0.0,0.0,0.0,0.4902465338805523,0.12071327360219439,0.6230402041958101,2.760150686,0.1525950729846954,-0.13213564739160624,-0.12961883514561806,-0.052710689277427954,5.734365947438908,18.71385424359433,-7.8731742540407,0.059453197757903815,-0.13998395718475345,-0.07143215096646492,0.017336332117075415,0.004351835788146241,-0.007660613433046137,16.958252512086382,-16.47169761879052,-63.63009353158468,0.010141229275440337,0.013912715563478832,0.1447095472760086
14776,1723238047771524062,0.3885224163532257,-0.0344659090042114,0.1525534689426422,0.0273078661412,-0.0699496045708656,-0.034175232052803,0.9965909719467164,0.0,0.0,0.0,0.5597427954873431,-0.023833191147203253,-0.563101982532427,2.769593817,0.1525534689426422,0.019778531555573832,0.20255598563455363,-0.14447677145690163,7.060135217372014,12.863869765860125,-1.8719158885616278,0.05981455122948545,-0.13799331505264728,-0.07269220894716442,0.02113409934210786,0.0021747145009916036,-0.00655596077230669,1.4129575913379604,-11.750312346775981,-71.09691861885118,0.020955585004443566,0.02274605408408575,0.1447095472760086
14778,1723238047785104383,0.3887900412082672,-0.0344744622707366,0.1524224430322647,0.0268918257206678,-0.0703283846378326,-0.0343276709318161,0.996570348739624,0.0,0.0,0.0,0.46279570839451134,-0.11394285644490382,-0.46399567882154535,2.783174138,0.1524224430322647,-0.06064320481249892,-0.05851296721066051,-0.016668011782458737,-39.76306758705261,-22.99796443492292,-1.2111745245307377,0.059029034487580574,-0.13877308405081212,-0.07296798734074693,0.03181294768192089,0.005888263625344781,-0.027485113091680446,-14.902033728617262,-40.286870902325056,113.35644889832162,0.01817628132099961,0.02079496174712294,0.1447095472760086
14780,1723238047791595931,0.3890341222286224,-0.0344160124659538,0.1521886736154556,0.0255096890032291,-0.0709861144423484,-0.0346294902265071,0.9965495467185974,0.0,0.0,0.0,0.3419688395024565,-0.47988893862700677,0.6009667626426384,2.789665686,0.1521886736154556,-0.4237772553900264,-0.21951589959428067,-0.05749237215488194,-16.780159631280195,0.03840024198154168,-4.203831209764067,0.05634189516506848,-0.14017417691052558,-0.07342718695302415,0.033813216797886625,0.003946502601608781,-0.02715475343742657,-10.238288618824587,-28.12040728749134,108.19059998869972,0.031445293298390416,0.042878145595024994,0.1447095472760086
14782,1723238047801888087,0.3893203437328338,-0.0344579219818115,0.1520537137985229,0.0257852841168642,-0.070029892027378,-0.0349317379295825,0.9965996146202089,0.0,0.0,0.0,0.3732517461131528,-0.3082902928541244,0.8029125040025993,2.799957842,0.1520537137985229,0.042517444189097246,0.18622154840663502,-0.06673574483074053,23.466105649385845,24.45528882876549,-0.34425224741416116,0.05686038419950422,-0.13822178421737522,-0.07401016368824741,0.03788492100299834,-0.003942336815895953,-0.011993420437150348,-35.73673322545345,14.397551455794385,-63.84974531855252,0.02596053993682388,0.02905419279226724,0.1447095472760086
14784,1723238047810789394,0.3897351324558258,-0.034492015838623,0.1519555747509002,0.0262198913842439,-0.0687547773122787,-0.0351633094251155,0.9966688752174376,0.0,0.0,0.0,-0.2433672648259375,-0.1976487612370223,-0.40802844639869107,2.808859149,0.1519555747509002,0.08326521737028246,0.2886856045232267,-0.06553630054402698,-5.989653190985995,-7.448426176395104,0.7259291300202833,0.05766153288618588,-0.13562291971686372,-0.07444961156889378,0.04103520808531158,-0.0031591092666212184,-0.010005798377755504,-39.564032786947216,-24.246531529125203,-107.85393446912897,0.04483441533300747,0.04731953002339451,0.1447095472760086
14786,1723238047820654085,0.3900791108608246,-0.034515842795372,0.1518680155277252,0.0257898159325122,-0.0686931982636451,-0.0354484543204307,0.9966742992401124,0.0,0.0,0.0,-0.3088671550447508,-0.8377915672285108,-1.163825710559315,2.81872384,0.1518680155277252,-0.09134709459055367,0.007936894169404482,-0.051912253420926605,-16.197061342912292,-26.736453240325524,4.121607700685731,0.056829556334143695,-0.13551546923998647,-0.07496109307620374,0.03210479480306816,-0.008231555624834463,-0.020932722264764614,10.959799958810043,-19.15904626979389,1.5940270271799042,0.033433012805249934,0.03552244473797014,0.1447095472760086
14788,1723238047832544024,0.3904212117195129,-0.0346970669925212,0.1514463424682617,0.024160124361515,-0.0703335031867027,-0.0353837572038173,0.9966029524803162,0.0,0.0,0.0,0.07366409906237648,-0.41018883730606714,-0.024040856352721462,2.830613779,0.1514463424682617,-0.2623800103101332,-0.28525837135527116,0.036367673415636445,7.122818358483495,-2.506348263700838,1.5951779767186396,0.05367610475465926,-0.1389258581639654,-0.07471431832729569,0.03697971502613484,-0.022830196901782784,-0.03557515749703377,-11.769050253204785,67.97365718757072,117.12871335813166,0.024631220044099893,0.032424829390290344,0.1447095472760086
14790,1723238047841000230,0.390783280134201,-0.0349357612431049,0.1511448472738266,0.023823045194149,-0.0710540264844894,-0.0353607423603534,0.9965608716011048,0.0,0.0,0.0,-0.2901279094126218,0.3571236197026707,1.0943283479615258,2.839069985,0.1511448472738266,-0.072799522184509,-0.17322341189263396,0.014797078620378523,12.31629723059871,12.413082369697625,-1.747828204539696,0.0530539261678384,-0.14039528776653903,-0.07466705646742745,0.03557984930392166,-0.021381545342106234,-0.02851667036997796,6.289078697594579,40.079459889283385,68.02283661756867,0.039373247484374554,0.045492963440959086,0.1447095472760086
14792,1723238047853757880,0.3910979032516479,-0.0350767821073532,0.1509184092283249,0.023112416267395,-0.0712271034717559,-0.0353647768497467,0.996565043926239,0.0,0.0,0.0,0.7391775544449732,-0.10661791916437802,0.725869952144395,2.851827635,0.1509184092283249,-0.11012230560991101,-0.030947670299739504,0.00795494306863762,7.090052609874209,19.536814265935277,-5.716749632590613,0.05163759757407703,-0.14079485853183127,-0.07458555312309449,0.029480597984282042,-0.013249152718551427,-0.0095587230332832,25.254446067817334,-25.642998789085865,-68.51833679441509,0.022674402112703974,0.026155634042476762,0.1447095472760086
14794,1723238047864556451,0.3914602994918823,-0.0352399200201034,0.150890052318573,0.0235122963786125,-0.0698444545269012,-0.0358545556664466,0.9966360926628112,0.0,0.0,0.0,0.5052685260718839,-0.28565944520788555,-0.3763251537258008,2.862626206,0.150890052318573,0.05798578992981365,0.2566602379489609,-0.10112865587261427,-6.502598938388471,14.421582027092004,2.6335438526160893,0.052396548310486346,-0.13797027521329147,-0.0755412928218134,0.04858884849418388,-0.021201520994377,-0.008668261486842965,384.1746418309033,-222.49919373778354,-400.42855453676,0.033914088226683715,0.03248588049605403,0.1447095472760086
14796,1723238047870500039,0.3917982578277588,-0.0353858694434165,0.1508187651634216,0.0233970340341329,-0.0689400061964988,-0.0359741486608982,0.9966974258422852,0.0,0.0,0.0,4.116287619791261,-2.281742719707457,-3.732356520453913,2.868569794,0.1508187651634216,-0.052863084385892385,0.30242508276672975,-0.043814222125867774,-15.628700024026275,2.005293318056122,8.31600994359229,0.05210526885336848,-0.13616162597397174,-0.07570904038871648,0.04745611955085138,-0.021424727965481283,-0.0124058475661728,500.55965024251645,-272.87933399314375,-448.8623869976075,0.05638538764398297,0.05616009605256571,0.1447095472760086
14798,1723238047891324479,0.3921003043651581,-0.035603579133749,0.1505303680896759,0.0217085871845483,-0.0696286708116531,-0.0357671193778514,0.9966952204704284,0.0,0.0,0.0,6.734005614747048,-3.3706918110810875,-4.631735985068303,2.889394234,0.1505303680896759,-0.1578695327406561,-0.0713045685102598,0.03253681374609555,-6417.763582611992,-1141.652838554676,913.5839426579355,0.048734796471976975,-0.13767876783730143,-0.07510149188827489,0.4474140726168798,-0.23268168748811746,-0.3165692505314439,-60.364457489497,-267.07769917290807,671.5361077326706,0.01320297428452186,0.015556598762758316,0.1447095472760086
14800,1723238047892003840,0.392413854598999,-0.0357665792107582,0.1503085941076278,0.020104369148612,-0.0698720812797546,-0.0356557443737983,0.996715784072876,0.0,0.0,0.0,6.688872524777024,-3.556894274834645,-4.159680122429492,2.890073595,0.1503085941076278,-4.659972742039919,-0.8718036445350308,0.6733565863978828,-6479.434949402617,-1152.0430689721895,922.2717228161792,0.045509406535536416,-0.13829191625827403,-0.07466832260258505,0.45171247301023665,-0.2348214727146153,-0.3194948103044618,-217.92232307524588,242.26724003182562,779.157202416023,0.4285837288770041,0.48541428898698,0.1447095472760086
14802,1723238047922523518,0.3927298784255981,-0.0359271094202995,0.1500868648290634,0.0180369038134813,-0.0700462833046913,-0.0353021807968616,0.9967557191848756,0.0,0.0,0.0,-207.6621262311537,711.7911309610229,135.2071532649304,2.920593273,0.1500868648290634,-0.1330657995098173,-0.015560347740443002,0.032882826726164195,380.7085402982146,17229.297114383782,1359.3991675282819,0.04131134251212984,-0.13880992308109183,-0.07367680509339643,1.1518386689897397,-0.9016643470423844,-0.24536545541042187,-150633.7685303816,96180.4798605768,27960.942523647973,0.009605557662968636,0.010894200747379349,0.1447095472760086
14804,1723238047922865775,0.3931284844875335,-0.0362391509115695,0.150001972913742,0.018066469579935,-0.0690333396196365,-0.0351979546248912,0.9968295693397522,0.0,0.0,0.0,-259.768789735376,744.9887683002353,144.86677368669265,2.92093553,0.150001972913742,-0.0018737175429524285,5.94730856422635,0.5034448654121656,-6835.957641621887,4676.541258284262,101.30978902298527,0.04127517677020995,-0.13678327218801098,-0.0734181688436836,1.0798797608185282,-0.655233008671658,-0.1985802346450498,-140095.51907372454,59937.894011939294,21212.72226811055,1.183083865561084,1.1234023024778133,0.1447095472760086
14806,1723238047923276374,0.3935301303863525,-0.0363818481564521,0.1499447971582412,0.0167765486985445,-0.0686617642641067,-0.035299077630043,0.996874213218689,0.0,0.0,0.0,-311.307551456951,751.3447344737275,150.1233751476992,2.921346129,0.1499447971582412,-6.364834718164199,1.589140282063257,-0.0823018907526258,-14994.051895655768,-10284.112411856557,-1381.5811604245735,0.038662838554080065,-0.13612994723594835,-0.07342593628275583,0.9488257148880832,-0.337041273940726,-0.13507334412564864,-120853.04713116647,13143.379354209877,12033.183233439375,0.9728957267152689,0.9621035015728714,0.1447095472760086
14808,1723238047935927936,0.3940853476524353,-0.0365554876625537,0.1498639285564422,0.0162647534161806,-0.0677273944020271,-0.0354798547923564,0.9969401359558104,0.0,0.0,0.0,-20.633189085372614,6.855323182308868,2.550102211199477,2.933997691,0.1498639285564422,-0.08800436636124627,0.14462670684959186,-0.025043518594513446,135.16716309721141,-24.906453215952283,5.425482186405283,0.03758302511651071,-0.13428943106719973,-0.07367507238375302,0.07828609121937546,-0.031433559753362594,-0.007735433556334215,9409.754445741037,-18214.813388373623,-3780.11162989638,0.04351754645169555,0.04330204964853781,0.1447095472760086
14810,1723238047941176631,0.3945711553096771,-0.0367590337991714,0.149820402264595,0.0158526636660099,-0.0671673417091369,-0.0354860946536064,0.9969844222068788,0.0,0.0,0.0,-0.7834180822904788,-0.27495258826693936,-0.12243090801859824,2.939246386,0.149820402264595,-0.16455226081082094,0.2082864505874378,0.005392253778588876,-12.001783423278518,2.653274620778244,5.115972351994327,0.03671007091294943,-0.13319799922264974,-0.073605565699873,0.07489139685976731,-0.03312372619984838,-0.010714417904782891,2674.7359256297395,-943.518496152709,-364.2887998776567,0.0932148413174726,0.08994808899813946,0.1447095472760086
14812,1723238047953663361,0.3949815034866333,-0.037004604935646,0.1496146768331527,0.0143436389043927,-0.0673688128590583,-0.0352847501635551,0.9970009326934814,0.0,0.0,0.0,-0.2727545124007653,0.27064967067887347,-0.36703497854383277,2.951733116,0.1496146768331527,-0.237702379532073,-0.04006047724967599,0.04899188962328706,48.61669390056172,62.887278166827016,-6.2624041549007705,0.03366223364843854,-0.1337194628912676,-0.07300648130290593,0.06104975759335218,-0.03515889786152204,0.0009800821030019335,1.7076799078416371,68.3672526067347,-126.5933354584057,0.03170778038250806,0.03336681618847212,0.1447095472760086
14814,1723238047960735317,0.3955261409282684,-0.037315297871828,0.1496915221214294,0.015586894005537,-0.0648118183016777,-0.0352911539375782,0.9971514344215392,0.0,0.0,0.0,-0.4176391731314433,0.8529603180975494,-1.6908768447713416,2.958805072,0.1496915221214294,0.3242988005566125,0.7362153196553725,-0.034363160533441586,17.30717497662186,30.113996070206774,0.19191310078183488,0.035963791739368034,-0.12850764475697546,-0.073068651220061,0.062468256850461756,-0.03150804998821122,-0.006836782872807312,-13.532421008820485,34.869740510255674,-77.09893271920195,0.08074823283929645,0.0717550919485816,0.1447095472760086
14816,1723238047971460064,0.3959595263004303,-0.0374511294066906,0.149330273270607,0.0128061668947339,-0.0659939795732498,-0.0346158929169178,0.997137188911438,0.0,0.0,0.0,-0.449656372333505,0.45484705300218753,-0.7270950407474717,2.969529819,0.149330273270607,-0.5011025908629596,-0.23633693767296612,0.16251851117046492,-35.95333287782715,-40.74345951728772,1.6661431422354918,0.03037315748639501,-0.1310987156744386,-0.0713966336342081,0.047934284603943667,-0.016883805383268946,-0.034494455271921964,29.64280492010025,-52.236051521129625,159.00665875655937,0.03645350349172641,0.043571071865375295,0.1447095472760086
14818,1723238047980782387,0.3964673578739166,-0.0376427099108696,0.1490021347999572,0.0104165067896246,-0.0668979510664939,-0.0345845259726047,0.997105836868286,0.0,0.0,0.0,0.0910788002398637,-0.1545959480888034,1.315489291747896,2.978852142,0.1490021347999572,-0.5039635829552382,-0.2114861644908209,0.042794367387352775,11.748210977037358,10.08069151531826,-8.676153996200096,0.025629387586548435,-0.13308064724610677,-0.07105002207014921,0.05108016802900295,-0.02000744503323415,-0.02626724782525436,35.15734529080898,-45.58071976747962,91.8385264311494,0.05063237072573669,0.0571894120492863,0.1447095472760086
14820,1723238047991105238,0.3969558477401733,-0.037843033671379,0.148833081126213,0.009151835925877,-0.0669708847999572,-0.0346658565104007,0.9971106052398682,0.0,0.0,0.0,0.1928443098934216,-0.3988599654152176,0.8087514432058678,2.989174993,0.148833081126213,-0.2448894859517837,-0.022666001763525515,0.0008589414313594711,23.576773121982015,22.51577582873141,-4.9512179407514125,0.023101009175134767,-0.13331479266256063,-0.07104684132568465,0.0492040700878249,-0.019540349197588514,-0.0077385660741988715,17.29233089171802,1.4965787219579108,-57.70424441735574,0.045971555670893144,0.04766280615084206,0.1447095472760086
14822,1723238048001448142,0.3974842727184295,-0.0380465313792228,0.1488425582647323,0.009131396189332,-0.0656552910804748,-0.0349667482078075,0.9971876740455629,0.0,0.0,0.0,0.4487363136413025,-0.12265801053731762,0.1226416532905536,2.999517897,0.1488425582647323,-0.016792801219445597,0.2539889268179222,-0.05956197156574463,8.788222238979362,1.7364994583951165,4.174147383706866,0.023001047278520023,-0.13067428008729656,-0.07160703034335829,0.055080479049976816,-0.02826801608099938,-0.0095933782972768,-11.259045835607221,58.01606431369986,-11.021455983425732,0.05204024945416544,0.049056129724682256,0.1447095472760086
14824,1723238048010728161,0.3980286419391632,-0.0383804067969322,0.1486660242080688,0.0089109679684042,-0.0653643682599067,-0.0346885360777378,0.9972186088562012,0.0,0.0,0.0,0.04450421247526348,0.6764436576186281,0.4809335379595163,3.008797916,0.1486660242080688,-0.04568898179321518,0.06184653110113884,0.06257037708266691,-0.5825995121413835,1.577880448002153,-1.2736498000612775,0.022499219432543717,-0.1301137297850343,-0.07100840435453108,0.058250408217219274,-0.023401534979291316,-0.005940920927312021,-35.32591009352817,12.5095654031866,-2.491817556291382,0.058080761815849286,0.05806244553406668,0.1447095472760086
14826,1723238048021359475,0.3986429274082184,-0.0384760238230228,0.1487621963024139,0.008907931856811,-0.0634989812970161,-0.0353512093424797,0.9973158836364746,0.0,0.0,0.0,-0.2307778091336532,-0.08696955709152387,-0.046139568968546485,3.01942923,0.1487621963024139,-0.021054263227331216,0.35001252303717767,-0.12677261558182995,-5.526082325220754,-0.6430748157099546,-4.57499499094634,0.022438349170665412,-0.12636329271207364,-0.07228268563918638,0.05510526975429997,-0.014358304597735128,0.0002359099990858482,-7.055535345242562,-48.574355135303136,-47.20080662023609,0.05895480592757902,0.055394928652257286,0.1447095472760086
14828,1723238048032081786,0.3992048501968384,-0.038687989115715,0.1486694514751434,0.0080443369224667,-0.0632359534502029,-0.0355802066624164,0.9973317384719848,0.0,0.0,0.0,-0.10271397293002682,-0.3565484296239547,-0.5265404060619483,3.030151541,0.1486694514751434,-0.1651244079481053,0.04304288460510777,-0.0327033626287423,9.113075309677786,5.398701090849137,0.25038455603173304,0.020711022256464564,-0.12589430267262633,-0.07262602293716217,0.05333435651960983,-0.025430016605188843,-0.007040792726710876,-0.6223969744672484,15.747709075949066,-4.3926439073287895,0.0521920835066511,0.05156815578546932,0.1447095472760086
14830,1723238048041458067,0.3997125327587127,-0.0389728471636772,0.1486166268587112,0.0086281299591064,-0.0615071728825569,-0.0360035672783851,0.997419774532318,0.0,0.0,0.0,-0.21158182852133134,0.12636933510236936,-0.23638646172755529,3.039527822,0.1486166268587112,0.10521125600527416,0.37266387273104806,-0.10023638168371525,-3.3901850731139866,10.030822178485128,3.7174053543716443,0.02180549287353815,-0.12238091034819086,-0.0734980904541093,0.05288330300470889,-0.023230127517927412,-0.01073059780803387,-20.846210113844727,2.548149141480028,25.01807882403069,0.05512182898945189,0.05214037656974702,0.1447095472760086
14832,1723238048051033390,0.4002065658569336,-0.0391253605484962,0.1484640389680862,0.0074969204142689,-0.0604019984602928,-0.0358644351363182,0.9975014328956604,0.0,0.0,0.0,-0.5014985090805419,-0.32795238758809964,-0.054792350412166124,3.049103145,0.1484640389680862,-0.2423370835808885,0.22303545674536215,0.04214062640956533,-4.359282160936943,-16.312723763202577,7.771156772241646,0.01943048181830769,-0.12025403785128397,-0.07304731850796554,0.049258773563927605,-0.02307866637642375,-0.011457476867072103,-19.97266657473591,-29.304235706936247,-7.970131514247496,0.05032755719444029,0.05188883945690532,0.1447095472760086
14834,1723238048060657420,0.4006580412387848,-0.0394166409969329,0.1483970880508422,0.0076113888062536,-0.0601228550076484,-0.0356234274804592,0.9975261092185974,0.0,0.0,0.0,-0.5940377179310579,-0.4344811623608409,-0.39203834317651387,3.058727175,0.1483970880508422,0.024634879651008225,0.05940310922783575,0.04827159694151047,0.9148416811016808,-22.93823587353623,-1.389979595987911,0.019610231394859328,-0.11969152781347074,-0.07256824333812274,0.0432428465997603,-0.02956017438170666,-0.011780512932345388,21.699956842544193,12.530324275280957,16.336466838994927,0.04780110739226347,0.04516794201702947,0.1447095472760086
14836,1723238048071287605,0.4010746479034424,-0.0397225841879844,0.1482152193784713,0.0060723777860403,-0.0614173710346221,-0.0356719009578228,0.9974560141563416,0.0,0.0,0.0,0.004327406325747241,-0.02418886085650418,0.38488400574836834,3.06935736,0.1482152193784713,-0.28061024719846916,-0.2541294716745079,0.009695450376237043,-10.64124562716185,-15.864481731834047,1.1190784385252845,0.016620704691746115,-0.1223943827259478,-0.0725137244548456,0.03729276835401407,-0.031372679728841835,-0.02015697170971542,79.55372535333493,27.352646942091837,92.80447541442382,0.03877628765549316,0.03887249235748736,0.1447095472760086
14838,1723238048082721172,0.4014776945114136,-0.0401131622493267,0.1479472666978836,0.004962857812643,-0.0629109889268875,-0.0352831482887268,0.9973829984664916,0.0,0.0,0.0,1.2000089996436099,0.15027127098520943,1.6884560217447664,3.080790927,0.1479472666978836,-0.18001340001740204,-0.26789900557476465,0.08087986738324904,21.330154440861655,23.9185443518053,-7.693895116402123,0.014453254970676628,-0.12547144994538073,-0.07162991607309083,0.044278886907680004,-0.029849891281771956,-0.0013327869449142327,17.98278574124287,5.870532061973458,-16.769066628225133,0.03437718915046313,0.03545062272063458,0.1447095472760086
14840,1723238048092945788,0.4020129740238189,-0.040378950536251,0.1481357365846634,0.0058187199756503,-0.061883021146059,-0.0358664616942405,0.9974218606948853,0.0,0.0,0.0,0.592107472613522,0.1244555216994292,0.3211960778406193,3.091015543,0.1481357365846634,0.15266348190645557,0.20636961992706718,-0.1250629822502494,16.709941061579126,12.56866695244323,-8.287770782257834,0.016170029924334816,-0.12334206384108672,-0.07288588469000944,0.06193395223402476,-0.028157204050720086,0.016315598513823915,-89.36015546567484,-21.86975884174126,-153.95627975811738,0.05596278832260928,0.04769203264665755,0.1447095472760086
14842,1723238048101005496,0.4025730192661285,-0.0406196266412735,0.148253783583641,0.0066119921393692,-0.0615341365337371,-0.0362861491739749,0.99742329120636,0.0,0.0,0.0,-0.3181041941294205,-0.17471008435673863,-1.048196348182281,3.099075251,0.148253783583641,0.18678936955571998,0.09282804918318348,-0.11654871355313183,-1.5837199014714107,-13.162188940393381,1.6596350754902383,0.017789998407240687,-0.12257804754798249,-0.07381943846832824,0.05949775031565174,-0.02741521104962885,0.009978929840086082,-51.17928373086585,-24.736739343524977,-51.18201359302143,0.07275453252809305,0.06483568025887183,0.1447095472760086
14844,1723238048112555818,0.4030948877334595,-0.0408957861363887,0.1482917815446853,0.0070497193373739,-0.0617986880242824,-0.0367655754089355,0.997386395931244,0.0,0.0,0.0,0.11295898964660989,-0.2554730634297764,0.325836926648888,3.110625573,0.1482917815446853,0.07219568929829487,-0.043882181878970715,-0.08739421003368492,-14.644535661071078,-3.133917564722566,8.30669524372529,0.018749612655573546,-0.12306637920662103,-0.07484569423802574,0.05556143339855879,-0.033848967717295064,-0.006464563493173259,10.000055916911705,44.55669004911904,117.359532489885,0.04689305471197264,0.04257500602266117,0.1447095472760086
14846,1723238048120763034,0.403611421585083,-0.04123155772686,0.1481818407773971,0.0067340196110308,-0.0618648752570152,-0.0367259159684181,0.9973859190940856,0.0,0.0,0.0,0.03570637923837827,0.4108330943011538,1.2796949411961955,3.118832789,0.1481818407773971,-0.07554009486232571,-0.018854385602510515,0.014503014313720372,7.242939031488741,13.58818939056437,-1.6415156456456979,0.018115261280554077,-0.12322328480446267,-0.0747286484192684,0.059134696948440535,-0.03418715096135094,0.00641212937253588,-18.344261823534083,53.16252239729647,-16.784370625242282,0.06366981957997597,0.060981652792688607,0.1447095472760086
14848,1723238048131074712,0.4041719436645508,-0.0414969623088836,0.1485045850276947,0.008519104681909,-0.060594368726015,-0.0375618115067482,0.9974191784858704,0.0,0.0,0.0,-0.26916802846490073,0.5959702209789446,-0.6165767682773802,3.129144467,0.1485045850276947,0.3261974734627817,0.25779952780181575,-0.18454390047184693,7.318560582545782,14.609234546225506,-6.132729271640355,0.021705462985512722,-0.120527588419349,-0.07659213275968396,0.054324805750063376,-0.02409426854038843,0.015860442527557694,-8.192366537815058,-10.542223398010416,-124.10114915106121,0.059523820937555955,0.04810012801819731,0.1447095472760086
14850,1723238048141227084,0.4047231376171112,-0.041725143790245,0.1485112905502319,0.0090351272374391,-0.0591675862669944,-0.0381066426634788,0.9974795579910278,0.0,0.0,0.0,-0.13869989161998175,0.20410565195939023,-1.2788212321884487,3.139296839,0.1485112905502319,0.08423059759841708,0.2839730684532258,-0.11516127488149479,-22.517718419024813,-22.06634864051702,9.354048981284372,0.022692788340122737,-0.11761932830544256,-0.07770487857171009,0.053564057813218824,-0.021870160357979618,-0.005720916626474448,29.16516402087241,-27.6999327890921,54.521961324499344,0.05556449172293686,0.051991311407564425,0.1447095472760086
14852,1723238048150946216,0.4052369594573974,-0.0419320687651634,0.1483963131904602,0.0084125520661473,-0.0599194355309009,-0.0381527170538902,0.9974384307861328,0.0,0.0,0.0,0.2965533645664489,0.036289144929210426,0.36530745970232725,3.149015971,0.1483963131904602,-0.12237925699127797,-0.1597937359929304,-0.0008017502725733583,-15.345291772353638,-32.647470220276574,11.892225142207941,0.021508380094058442,-0.11917185020328137,-0.07774729756487085,0.05162270409334724,-0.02002569027061951,-0.010269843724948657,39.47841583625978,-15.064334901232547,94.76532881348345,0.05256893232318842,0.05215622213766909,0.1447095472760086
14854,1723238048162013360,0.4057925939559936,-0.0421377569437027,0.1483023166656494,0.0070916879922151,-0.0618506222963333,-0.03751065954566,0.9973551034927368,0.0,0.0,0.0,0.6666158930960462,-0.10267662301086578,0.47650607701133235,3.160083115,0.1483023166656494,-0.2176944382903461,-0.3571338788605922,0.13239645382268475,18.641003548341402,17.79802080557542,-2.760833804448077,0.018930474721533752,-0.12315310795515201,-0.07635201896460844,0.06115912225459752,-0.021558348659265203,0.004274991934799743,8.209501861497326,-1.5522028540862467,-28.664085092062553,0.0500439525429426,0.049358418592474314,0.1447095472760086
14856,1723238048171632200,0.4064724445343017,-0.0423699766397476,0.1484501808881759,0.0080259274691343,-0.0613472834229469,-0.03753612190485,0.99737811088562,0.0,0.0,0.0,0.5346702809172523,-0.0256094479133695,-0.12284180187330589,3.169701955,0.1484501808881759,0.18945110076915472,0.11192492724099007,-0.017857622472004925,1.4550899422022283,1.872895045315424,2.138939663026126,0.020771303230018818,-0.12207331234155405,-0.07650351600093705,0.06594038297908256,-0.02224659933151152,0.001854950601780203,-18.598836196028415,19.87513624897262,3.832740316154389,0.07365121908463364,0.06627359025220288,0.1447095472760086
14858,1723238048181600924,0.4070808291435241,-0.0425721630454063,0.1483290195465088,0.0068172332830727,-0.0630728974938392,-0.036687571555376,0.9973111152648926,0.0,0.0,0.0,0.2988320100819464,0.2950812291127479,0.5987063426677097,3.179670679,0.1483290195465088,-0.21831446091320544,-0.3538585259722188,0.18694680421279172,-2.3934062221731933,5.52780806558883,1.9201271147519021,0.01837161659798231,-0.12563664727528207,-0.07469544637143807,0.07165879884023241,-0.022027241267143616,0.001960555492622973,-44.21182576160847,36.72131643144229,18.72511686374054,0.06035812339403196,0.06044787033666591,0.1447095472760086
14860,1723238048191276791,0.4078740179538727,-0.0428016856312751,0.148480549454689,0.0074216723442077,-0.0621767230331897,-0.0364968925714492,0.9973700046539308,0.0,0.0,0.0,-0.3219910191427586,0.6931389977927017,0.2759709495127548,3.189346546,0.148480549454689,0.12020846148950015,0.1903611076180406,0.030610926232653924,8.020949990483118,17.605400684052515,-11.350535076614431,0.01949323804895831,-0.12380065946818028,-0.07436184173227572,0.07196940770259275,-0.016607444666580706,0.013276885765164614,-34.90742940374775,-1.8774318076672127,-57.53844199399076,0.08480645492993118,0.07746791489472137,0.1447095472760086
14862,1723238048201733209,0.4085134863853454,-0.0428949557244777,0.1485924422740936,0.0068960608914494,-0.0624804124236106,-0.0367080457508564,0.9973471164703368,0.0,0.0,0.0,-0.35642285892826653,0.18742220347203198,-0.5989500761578438,3.199802964,0.1485924422740936,-0.10062802045228425,-0.062175038417007,-0.0337588865009987,-8.858301244987345,-7.325790694408106,-0.08902733073528124,0.018486605338959454,-0.12444398413307368,-0.07472996225736263,0.06460131337339448,-0.00785676256764578,0.006065260730878208,28.4559884485363,-47.95249996743103,-13.637899356295048,0.06250233901611212,0.05852880127234709,0.1447095472760086
14864,1723238048211027907,0.409142404794693,-0.0429591983556747,0.1486105173826217,0.0065145497210323,-0.0624264329671859,-0.0366594493389129,0.9973548650741576,0.0,0.0,0.0,0.17037767190186193,-0.25487991993952835,-0.14707606100004594,3.209097662,0.1486105173826217,-0.08165895375105033,0.008747134225118972,0.015539322973094554,2.752420368967514,-4.776637533839956,2.891062013731732,0.01770936811050855,-0.12436531329396386,-0.07458294749396568,0.06416552305550738,-0.0114805130915836,0.0012478492122331986,50.405383777200015,-4.0767238500993965,70.81194574854503,0.06770722792889554,0.06621207454267314,0.1447095472760086
14866,1723238048221643801,0.4097811579704284,-0.0431364700198173,0.1486153155565261,0.0062395478598773,-0.0634369775652885,-0.0365907326340675,0.9972953200340272,0.0,0.0,0.0,0.6294267823019624,0.2293932998635403,0.8737756007484054,3.219713556,0.1486153155565261,-0.04381181419769435,-0.1923950096251958,0.016975052649977677,7.8321073754892065,3.2579143649986184,-5.950798424727855,0.017226049660647107,-0.1264105793541221,-0.07443729206703459,0.06860853165982306,-0.01254951650200109,0.004187515618925275,7.769046499294136,22.29688621530716,35.39740311989077,0.060813051961468426,0.05826121240713846,0.1447095472760086
14868,1723238048231124767,0.410503089427948,-0.0432203188538551,0.1486866474151611,0.0065862443298101,-0.063320480287075,-0.0370000302791595,0.9972853660583496,0.0,0.0,0.0,0.40272487353006303,0.2433228900483656,0.6948559360247463,3.229194522,0.1486866474151611,0.06657413368110485,0.026512654051975875,-0.09097704089265193,15.876125223575993,24.59264015826168,-7.858003105362567,0.017966160648960453,-0.12614406910821596,-0.07530216843564436,0.07636189600865606,-0.007579637539689932,0.017525619731891595,-13.990103034222589,-8.645870089875926,-69.21980765298534,0.07693285904248422,0.07372707023434491,0.1447095472760086
14870,1723238048241731639,0.4113156199455261,-0.0432857125997543,0.1489912271499633,0.0081990510225296,-0.0617574080824852,-0.0375940725207328,0.997349202632904,0.0,0.0,0.0,0.37206297638616004,0.03158673894095043,-0.6368075849709561,3.239801394,0.1489912271499633,0.28520365112491525,0.3052045103231966,-0.1324586831985664,-0.14846704950140432,2.60319314672371,2.9126227640642686,0.021159171208682236,-0.12287993575620819,-0.0766540106304134,0.07570827707730743,-0.008331712250489343,0.016447242805198492,-15.856800218253113,7.0363029473188075,-59.44126457509098,0.07979152546670357,0.07179214777912525,0.1447095472760086
14872,1723238048253263882,0.4121774733066559,-0.0434089601039886,0.1490270793437957,0.0083454772830009,-0.0615408383309841,-0.0376605726778507,0.9973589777946472,0.0,0.0,0.0,0.0266257790616935,0.451247246709809,-0.4934390959888302,3.251333637,0.1490270793437957,0.023188784834185912,0.03842424737334309,-0.01331483620340645,-36.68737715078841,-16.754802157161286,6.2104304145549865,0.021444355839211806,-0.12243367536939447,-0.07679919509165478,0.08543669259630704,-0.006682375999341517,0.0023936548451093387,-68.59989452075865,26.633947235484897,47.66247192250828,0.07514966721028454,0.0727807056591524,0.1447095472760086
14874,1723238048261590618,0.4129532277584076,-0.0434405244886875,0.1490427106618881,0.0068112448789179,-0.0617443174123764,-0.0376999862492084,0.9973564743995668,0.0,0.0,0.0,-0.7769353526332585,0.6143642920568373,0.11524771779152598,3.259660373,0.1490427106618881,-0.36627124378596,-0.06273880802154234,0.013621740826235787,-12.802977325805763,-1.6874351332261006,-0.23433748775244823,0.018381805266516067,-0.12295821618809855,-0.07669540006427542,0.08074665530280711,-0.0010718225870218756,0.0026449608935514846,-39.24122946425666,-12.804064100837719,32.08845428976957,0.0927076070222434,0.09167506566849702,0.1447095472760086
14876,1723238048271911362,0.4136277437210083,-0.0434168055653572,0.149079829454422,0.0065035666339099,-0.0614544712007045,-0.0378891974687576,0.9973692893981934,0.0,0.0,0.0,-0.44941727002873666,0.0678292968863575,-0.07820954703990711,3.269981117,0.149079829454422,-0.06386401824842093,0.05367501016938799,-0.03317682133743501,18.800699567922468,9.139078083549805,-7.834621628958015,0.017763659059005708,-0.1223981599801819,-0.07703026373000624,0.06999459120331153,0.004508559076939811,0.004922603373245238,35.21918899929269,-54.24277838745704,-23.198604865470507,0.06493764430944876,0.06440326886642272,0.1447095472760086
14878,1723238048281123546,0.4143106937408447,-0.0433570966124534,0.1491360813379287,0.0066676777787506,-0.0609019994735717,-0.0384877175092697,0.997379183769226,0.0,0.0,0.0,-0.09631364848436252,-0.4424541703610849,-0.3285440482422518,3.279193301,0.1491360813379287,0.022991426192279164,0.12026505589797147,-0.13248737064594857,-1.1705669329562833,-20.727613126474633,-4.5596475931247,0.01812244021217231,-0.12126853753603421,-0.07823965287602848,0.0707253900444158,0.0012451788395733132,0.0017443965808769946,32.44468636147857,27.5712640878521,56.43078378418093,0.07360174480634052,0.07311333287954559,0.1447095472760086
14880,1723238048291200579,0.4149858057498932,-0.0434022694826126,0.1491055786609649,0.0060935751534998,-0.0628715753555297,-0.0390854738652706,0.9972373843193054,0.0,0.0,0.0,0.16575754519347186,0.7498952383271574,1.161695741409129,3.289270334,0.1491055786609649,-0.10563677063511871,-0.3967698432618519,-0.10986384355197945,7.257522777625667,-13.169528278570187,1.8870437032120462,0.01720381387935615,-0.12524662482414486,-0.07942620102063541,0.06781870558604908,-0.00418577062164327,-0.0013849534831908983,15.660980566057791,87.43825287906817,91.44779020965797,0.066235545700442,0.06629577294782742,0.1447095472760086
14882,1723238048301918533,0.4157220721244812,-0.0434437468647956,0.1491094529628753,0.007174473721534,-0.0634616985917091,-0.0395221449434757,0.9971755743026732,0.0,0.0,0.0,0.21567282108679908,1.3349742029920395,1.4984676639618069,3.299988288,0.1491094529628753,0.20039275264821627,-0.10315261679467135,-0.09371983367519242,7.641492589217567,47.9044234049603,-20.6151393265455,0.01948118210341527,-0.12633359330913924,-0.08045895049510164,0.07477304895934367,0.01854386610437242,0.027849035887424378,-57.04685707599441,-75.50954130527504,-131.2436873897684,0.06828085215912119,0.06757929272372093,0.1447095472760086
14884,1723238048310848682,0.416435033082962,-0.0431113764643669,0.1495626717805862,0.0078873271122574,-0.0613422915339469,-0.0414444766938686,0.9972248077392578,0.0,0.0,0.0,-0.7528764806823212,-0.30734064932853855,-0.8838762481299925,3.308918437,0.1495626717805862,0.11303928170144129,0.477243361543626,-0.44241164922218074,-13.727774403979216,18.643844925078653,-9.362922613275039,0.020972868888894856,-0.1219926994000756,-0.08435272872983914,0.07347596009988422,0.024619096319379752,0.032085354267903377,21.81040839146594,-152.11587282998428,-193.87567527355813,0.08202590074540277,0.07576054633198571,0.1447095472760086
14886,1723238048321373216,0.4171294271945953,-0.043008554726839,0.1496688276529312,0.0075427670963108,-0.0608002990484237,-0.0423729345202446,0.99722158908844,0.0,0.0,0.0,1.092466952145398,-1.5139684024794544,-2.0201100513500587,3.319442971,0.1496688276529312,-0.08038260595712371,0.0985673574940395,-0.1727683798213176,-9.382017769552041,-22.837074874559494,18.895646726310538,0.02034614901611508,-0.12091796803585204,-0.08616253988162706,0.05801552120073872,0.009134130339633284,0.00593568121611554,85.85783013338298,-39.1352498736884,-38.04755206545095,0.06563594830951419,0.06484099721475683,0.1447095472760086
14888,1723238048335991649,0.4178158342838287,-0.0428879335522651,0.1496713161468505,0.0073131113313138,-0.060557372868061,-0.0426278710365295,0.9972272515296936,0.0,0.0,0.0,0.5307108227208381,-0.5527717777749466,-1.1567373367897331,3.334061404,0.1496713161468505,-0.034867500360873264,0.03159591650827882,-0.03308938243160616,-56.966011378414095,-71.14558390121277,37.09952723700295,0.019893964259096914,-0.12044645555770442,-0.08664034571816591,0.1259955605875689,-0.01386366608125833,-0.014162983250045613,-483.3366048082691,158.22100848592873,122.0151039836947,0.04575149451154885,0.04711341560919344,0.1447095472760086
14890,1723238048340493258,0.4184925854206085,-0.0429809987545013,0.1495876908302307,0.006412305869162,-0.0613792799413204,-0.0422988757491111,0.9971972703933716,0.0,0.0,0.0,-2.2618265235942747,0.2876599684123595,-0.5202036725913487,3.338563013,0.1495876908302307,-0.3745901791034516,-0.3809469682665764,0.17210119511030772,-47.82219921265907,-54.24555272406921,31.71723141290373,0.018117249806409826,-0.12217575861605148,-0.08589286062697742,0.12267392829863155,-0.014937474785500227,-0.019067760000559986,-441.8398613854609,160.99784590635738,154.67232373223538,0.14816101560640563,0.14922104135516215,0.1447095472760086
14892,1723238048351653157,0.4190963208675384,-0.0429889969527721,0.1493613123893737,0.0055767097510397,-0.0610814839601516,-0.0415534190833568,0.9972519278526306,0.0,0.0,0.0,-2.2542006477882883,1.3734080642366622,1.573083538381418,3.349722912,0.1493613123893737,-0.14345031085393306,0.04834299930931446,0.14248480752360643,9.980949305377095,20.12375327858896,-16.915574129977053,0.016320416196629835,-0.12166371609603524,-0.08428173298951122,0.05526995638774679,0.00283081238933125,-0.009121114274761588,128.7815149488003,9.21229075769955,70.39438748944275,0.0511061697373625,0.05592990259522526,0.1447095472760086
14894,1723238048362650980,0.419716864824295,-0.0429194159805774,0.1493819952011108,0.0048369676806032,-0.0606525354087352,-0.0426880307495594,0.997234046459198,0.0,0.0,0.0,0.5504567227964818,0.5201266345627635,1.0772832117236104,3.360720735,0.1493819952011108,-0.1499819609258516,0.07085244699691177,-0.19811998841571848,27.70433801967085,35.25414749753516,-19.128457761225153,0.014934932008349722,-0.12085053801946304,-0.0864642037435747,0.0715077661753476,0.01556451160318284,0.015568786071353813,-4.759650830641689,-90.30896923353114,-125.34336975961992,0.05548782138174844,0.05611014958501584,0.1447095472760086
14896,1723238048370707541,0.4203819930553436,-0.0427394993603229,0.1495882123708725,0.0059657106176018,-0.0584752149879932,-0.0437526479363441,0.9973117709159852,0.0,0.0,0.0,-1.0210821363875167,-0.28254059397648085,-0.40625066703485924,3.368777296,0.1495882123708725,0.24023344032258614,0.5508669352247025,-0.2823406539254365,22.829149982809973,18.459897184031444,-1.1893702479329384,0.01713295953584246,-0.11637652213155303,-0.08868302785177694,0.0704773844903066,0.015991226708054862,0.017356337069937666,-105.05765710570779,-54.084075939136454,-89.0057393244532,0.08268428138061876,0.08061118353695147,0.1447095472760086
14898,1723238048381295833,0.4209601283073425,-0.0426584109663963,0.1496573239564895,0.0067208036780357,-0.0575797483325004,-0.0445847585797309,0.9973222613334656,0.0,0.0,0.0,-0.8809811262821308,-0.221413175726841,-0.024820732019476432,3.379365588,0.1496573239564895,0.12564136471310108,0.17410665571657538,-0.1660156481877545,-13.560267078120228,-26.79773207198207,8.65633479967129,0.018663259326307465,-0.11450187440393655,-0.09041913826242576,0.0472366074787125,0.008330841907086883,0.004314084531071849,51.42021395028117,21.689503553036328,26.707215231453095,0.05408099816050176,0.053943810323981586,0.1447095472760086
14900,1723238048393365073,0.421428918838501,-0.0425486117601394,0.1496789455413818,0.0062901591882109,-0.0577268823981285,-0.0451754853129386,0.997290015220642,0.0,0.0,0.0,0.26499362309233643,0.25932955997921847,0.16934454286867973,3.391434828,0.1496789455413818,-0.0756847285273479,-0.02846362175684309,-0.09359286020228152,33.81859149619602,5.887955869507172,-11.491625805218968,0.017880598089302605,-0.11482472047192606,-0.0915623342448134,0.05468053630441716,0.012565606191345946,0.020618794005237362,-26.080730427686653,5.551498041259242,-92.17831169295206,0.0378032605788961,0.03903018987656452,0.1447095472760086
14902,1723238048400909226,0.421916127204895,-0.0424374602735042,0.1499232798814773,0.0079391999170184,-0.0573294796049594,-0.046070072799921,0.9972601532936096,0.0,0.0,0.0,-0.5025014492103799,0.13955595207817917,-1.0366063544312516,3.398978981,0.1499232798814773,0.417585666437197,0.12286896069635514,-0.26277460242585426,21.513602064455807,6.291946054853807,-6.1332431767031075,0.0212564670153859,-0.11385914262793524,-0.09353911950015054,0.055020842805596715,0.01409034416309618,0.016324413926870562,-75.95378847460832,-15.69009984484475,-80.18487513091868,0.06619465727658444,0.06149567780982209,0.1447095472760086
14904,1723238048411735920,0.42236328125,-0.0422949008643627,0.1498504430055618,0.0077889868989586,-0.0574422031641006,-0.0464911982417106,0.9972353577613832,0.0,0.0,0.0,-0.9242734351769113,-0.027422106843699723,-0.6669091568603989,3.409805675,0.1498504430055618,-0.031136803271603435,-0.022924810210401877,-0.07603565512853397,-17.767531205455516,-3.2386089372823412,5.933954459423309,0.021014173780246552,-0.11408990098027709,-0.09437281430126708,0.04107191971155544,0.014629362243863131,-0.0021604225378286657,19.556991255356728,9.578106636086257,65.75523859483386,0.038851363360117866,0.042834768810772805,0.1447095472760086
14906,1723238048421591914,0.4227660298347473,-0.0421375967562198,0.1498701274394989,0.0078616021201014,-0.0572576038539409,-0.0470731444656848,0.997218132019043,0.0,0.0,0.0,-0.2065162247039638,0.2912960171284822,0.26477506413892077,3.419661669,0.1498701274394989,0.006196862693839073,0.03692020746878127,-0.1190640368001196,3.549762000564243,-1.0690331409278462,0.4645730238296848,0.021208579457884527,-0.11370133087007352,-0.09554597210667445,0.03522919117102674,0.01366635364960267,0.0006015991857513114,45.923362637965184,29.657058303598127,43.381221264346095,0.039128092046107656,0.041668780160615246,0.1447095472760086
14908,1723238048433145456,0.4230967462062835,-0.0420107692480087,0.1498581767082214,0.0081113278865814,-0.0576829612255096,-0.0473399758338928,0.9971789121627808,0.0,0.0,0.0,-0.04027254243588496,0.5976377239727513,0.07325398599357796,3.431215211,0.1498581767082214,0.0439837718157923,-0.0721444667751299,-0.048277833606927806,-5.536156540742962,-1.3971365892079795,-7.546375124148158,0.02178271034521501,-0.11452265662337001,-0.0961252925708522,0.038074949937545455,0.022300316423179645,0.0034512704352742674,3.0377840582529565,-31.68119229372961,-36.23301140628975,0.02714100865390961,0.02945180898674678,0.1447095472760086
14910,1723238048440557296,0.4234238862991333,-0.0417916439473629,0.1499050855636596,0.0079958941787481,-0.0578345879912376,-0.047974981367588,0.9971407651901244,0.0,0.0,0.0,-0.07173021881578379,0.08610775425635175,-0.2887615232223716,3.438627051,0.1499050855636596,-0.03892410757755698,-0.04425751518674261,-0.16922425512826628,-8.627227855423458,-1.7829302657029644,-4.889541735806005,0.02163946343941731,-0.11482339175899323,-0.09739472891384104,0.03641379657007704,0.026018289425115748,0.0031697490944866402,5.160833113343895,-57.219088395940815,-31.935034281881496,0.04150825337042392,0.04570547136582589,0.1447095472760086
14912,1723238048453510618,0.4237207174301147,-0.0415348932147026,0.1498746275901794,0.007327142637223,-0.0590527728199958,-0.0478507466614246,0.9970805048942566,0.0,0.0,0.0,0.2080310410185664,-0.3880291667012563,-0.3196683652513357,3.451580373,0.1498746275901794,-0.09275306077967474,-0.1928890298342154,0.026156371353850714,12.75057023654358,-14.735880015129394,10.254834525754868,0.020404630681790298,-0.11732852376314921,-0.09710658008582342,0.03893447377054571,0.01772720301663977,-0.006247780867425945,11.637925342450425,20.298800780232288,61.453218456673014,0.02046689758559932,0.024803460163465813,0.1447095472760086
14914,1723238048460605649,0.4240592122077942,-0.0414172559976577,0.1498151570558548,0.0074820085428655,-0.060162503272295,-0.0475619845092296,0.9970267415046692,0.0,0.0,0.0,0.2518968129469519,-0.02287366104745281,0.3644374659445152,3.458675404,0.1498151570558548,0.06341377336367392,-0.3101154106899899,0.08014972347253818,9.371716902231409,-5.82956028620494,2.047835634309054,0.020792290932487807,-0.11954002838342749,-0.0965796472843057,0.04046266822074429,0.015953626371059126,-0.006932717830073543,1.7592138731702498,44.78502831608502,65.15289843889384,0.04456048262392694,0.049716588154757387,0.1447095472760086
14916,1723238048472979384,0.4244035184383392,-0.0412333719432354,0.1497606486082077,0.0068668834865093,-0.0610688552260398,-0.0476934276521205,0.9969698786735536,0.0,0.0,0.0,0.17820899012433733,0.38710237851929685,0.4958755602712477,3.471049139,0.1497606486082077,-0.09337047113081169,-0.15150125204416004,-0.014541775990137557,38.941402331203534,45.1462729969024,-12.77400774986607,0.019663321950085622,-0.12141066484164961,-0.09679907240546295,0.0443673951965593,0.02057138285607074,0.007524481519947557,-38.73057408838814,9.386639649057624,-54.87157839667492,0.02553221771838625,0.029431499026659907,0.1447095472760086
14918,1723238048480454556,0.4248098731040954,-0.0410538092255592,0.1498707681894302,0.0085616977885365,-0.0599051155149936,-0.0480826497077941,0.9970086216926576,0.0,0.0,0.0,-0.2593181774535629,0.3500346804769786,-0.21006106844142983,3.478524311,0.1498707681894302,0.4307969593702156,0.331962446120243,-0.133157206949402,31.062625868683856,32.67272439023223,-3.8078194710431186,0.022997370273475586,-0.11890850957298067,-0.09774812545257268,0.045079252577634676,0.0235278653830282,0.008194302212738869,-31.19758273898973,13.455260453419719,-44.479594093447446,0.053138884598215134,0.05422569903299123,0.1447095472760086
14920,1723238048492150039,0.4251672625541687,-0.0407876670360565,0.1498469859361648,0.0090455524623394,-0.0591805167496204,-0.0477977469563484,0.9970613121986388,0.0,0.0,0.0,-0.12403405186442074,0.8443494065460451,0.18388276471683257,3.490219794,0.1498469859361648,0.0793781094566163,0.12847556842914828,0.04299007281762315,-19.37366255338753,-15.999116633874205,2.3332464667652357,0.0238618834882325,-0.11741811491431682,-0.09720649337977205,0.03555871469196603,0.02678961627809784,0.0002540821514394054,19.455612178561978,25.06864462294753,30.436234452671627,0.027772673303031063,0.03259057572778287,0.1447095472760086
14922,1723238048502117422,0.425564169883728,-0.0404863804578781,0.1498689502477646,0.0089387791231274,-0.0592680685222148,-0.048013474792242,0.9970467686653136,0.0,0.0,0.0,0.13689647931858717,0.9481378944261629,0.45966877601349854,3.500187177,0.1498689502477646,-0.02305722951396197,-0.019104328908067576,-0.04187220892741047,-7.605427421288016,9.359026066833668,-14.160424926200555,0.02368185631003947,-0.11759857479505549,-0.09763119832729031,0.04018372191876196,0.040008936633426195,0.009416040558456018,-4.843912436313442,-73.2056961417422,-77.77356953941126,0.03668972250751547,0.041956965370416925,0.1447095472760086
14924,1723238048511186678,0.4259316027164459,-0.0400428101420402,0.1500138640403747,0.0087383715435862,-0.0580449812114238,-0.0490020886063575,0.9970723390579224,0.0,0.0,0.0,-0.16303239197102304,-0.40580793278660776,-1.1157963935710535,3.509256433,0.1500138640403747,-0.06998638052153058,0.2651885654148606,-0.21689135747929703,-2.827835558306097,18.68679789833248,-2.4149981923109443,0.023270415479897034,-0.11514798378893387,-0.09955423802633959,0.038725877347868476,0.045487574471046566,0.009792866603605788,1.0715960114598264,-126.33668897792376,-130.5543698597813,0.037053489177064206,0.04291299710405763,0.1447095472760086
14926,1723238048521332769,0.4263042211532593,-0.0396201275289058,0.1500430107116699,0.0084659466519951,-0.0564512610435485,-0.0492611303925514,0.9971534013748168,0.0,0.0,0.0,0.23538472058463356,-1.4270976653066918,-1.950506732940224,3.519402524,0.1500430107116699,-0.07204101934668307,0.3110846461359087,-0.04975803944365837,-0.049115458219118224,-21.183609160720124,15.961833465963934,0.022588790521423912,-0.11198093815716775,-0.0999893866439718,0.037045780951594054,0.029907088617071143,-0.01466489171694807,24.121003840751463,3.3230003105042663,29.733945242700525,0.0325014885678532,0.04004010390188299,0.1447095472760086
14928,1723238048532035950,0.4267043471336365,-0.0394327230751514,0.14968803524971,0.0079988213256001,-0.0575365386903286,-0.0486764498054981,0.9971240162849426,0.0,0.0,0.0,0.3225331341768465,-0.21749115891748305,-0.3676477087822485,3.530105705,0.14968803524971,-0.07083480609416345,-0.20590296833378502,0.11531644840067005,39.491822169398354,-18.574047179934873,6.0529506272227716,0.02169602429455418,-0.11421156000897109,-0.09879662528467383,0.04409250105138085,0.015857853840643976,-0.03034712483797186,-43.82678099796607,127.71528695037165,135.05810598564733,0.03146373569921792,0.04247402070854152,0.1447095472760086
14930,1723238048541337893,0.4271687269210815,-0.0392985641956329,0.1494285315275192,0.0107932928949594,-0.0583206638693809,-0.048072226345539,0.9970813989639282,0.0,0.0,0.0,-0.5052669685384221,1.0893587090313774,0.7849461043105992,3.539407648,0.1494285315275192,0.6148627140309677,-0.13835046513840074,0.0958722535443346,-1.7020105248388848,-5.483801238843334,0.46755088200084405,0.02731622879897681,-0.11551994448617842,-0.09793091604917524,0.04437767909087498,0.022687970774017074,-0.024894234285519623,-45.576164877437826,60.098304799383975,62.03185829670194,0.04473617835791803,0.053990481904297206,0.1447095472760086
14932,1723238048551170014,0.427547425031662,-0.0389895960688591,0.1492149829864502,0.0097701027989387,-0.0598751604557037,-0.0475198216736316,0.9970263242721558,0.0,0.0,0.0,-0.5021757418015398,0.8447582037258519,0.751792293967176,3.549239769,0.1492149829864502,-0.18564959811330303,-0.32473082543063253,0.12705216354350027,-51.93119356843141,-5.473802555495823,-0.28080999468460277,0.025353848384955097,-0.11874453341444602,-0.09675820013257934,0.03384022466087089,0.037088966144292135,-0.015111179187391244,40.21918307791879,-60.15114075233662,10.058573835254709,0.03247884756601611,0.043620566186606945,0.1447095472760086
14934,1723238048562832446,0.4278773963451385,-0.0384786874055862,0.1491301655769348,0.0074585676193237,-0.0609478056430816,-0.0472230426967144,0.9969953894615172,0.0,0.0,0.0,0.5188992296553683,-0.3447044313720413,1.0548909825422694,3.560902201,0.1491301655769348,-0.38338788863098716,-0.20205938068232074,0.07602356512224297,3.457786696343657,3.1566685314717606,-5.492760916406244,0.02078233660221621,-0.1211208585785406,-0.09592014899907397,0.035862650255960915,0.038365114892989105,-0.009707991669928973,37.986734576803634,-62.9254607106117,29.823495618631895,0.022913512830707236,0.03293134555002893,0.1447095472760086
14936,1723238048571446718,0.4282344877719879,-0.0381828323006629,0.1490310430526733,0.0064471065998077,-0.061854999512434,-0.0471961013972759,0.9969478249549866,0.0,0.0,0.0,0.5307504704301578,-0.638195641852146,1.3361947589971945,3.569516473,0.1490310430526733,-0.22371820673428602,-0.22170889909180674,0.021598321263819425,34.524623023995595,12.2822765173151,-10.690795698342932,0.018836984467525755,-0.12303402496363561,-0.09577084758515463,0.04253084343629965,0.03250621100572815,0.0031433086458916293,-20.895557707939712,-2.3135129709452826,-35.33521964183769,0.03628005577037177,0.04558233899921965,0.1447095472760086
14938,1723238048581700244,0.42868372797966,-0.0378719680011272,0.1492420732975006,0.0081750443205237,-0.0615100041031837,-0.0478127636015415,0.9969270825386048,0.0,0.0,0.0,0.04468198477565011,-0.2743340111324122,0.1440757393684618,3.579769999,0.1492420732975006,0.32542393752828996,0.08196900024918177,-0.14138839917382998,20.519167610401922,2.4298696234088144,-3.1141151996496923,0.022350189525453187,-0.12216387078872261,-0.09721378719001318,0.04500305642800839,0.026474364613763512,0.014944147653151774,-35.810834424143195,49.20398619607205,-71.60535379629282,0.04286868631131065,0.04360093171498408,0.1447095472760086
14940,1723238048591125803,0.4291182160377502,-0.037655733525753,0.1493340879678726,0.0092557063326239,-0.0621740669012069,-0.0480322167277336,0.9968659281730652,0.0,0.0,0.0,-0.19239800865439882,0.30829563700868867,-0.14389954777093072,3.589195558,0.1493340879678726,0.23257894443564014,-0.13068899040282572,-0.05999548802662855,-15.107284223682035,-3.789214677604482,4.79872277443569,0.024615706582988527,-0.12338207917064997,-0.09781256069016002,0.04372228080208629,0.026608699788670753,0.007578516391910206,15.788002255102205,53.18605865524107,17.016391570898932,0.044505804854361806,0.046479448450907616,0.1447095472760086
14942,1723238048601404851,0.4295410215854645,-0.0373411104083061,0.1493875086307525,0.0093770008534193,-0.0619670078158378,-0.0482994131743907,0.9968647360801696,0.0,0.0,0.0,0.42882762615338565,0.7582822172958401,0.5642525758068546,3.599474606,0.1493875086307525,0.018361080151130922,0.04079930027120238,-0.053676983394585966,-9.499979225235752,10.565193456529443,-3.69965966928346,0.024871435774975574,-0.12294916861157612,-0.09835788725135712,0.041111092158953255,0.03307385942506946,0.013246225899823827,27.387817946653776,5.990306646266452,-2.6136491751137196,0.03827929683249318,0.04289004608262689,0.1447095472760086
14944,1723238048612636730,0.4300025105476379,-0.0369393676519393,0.1496350765228271,0.0097360592335462,-0.0615005865693092,-0.0491068251430988,0.9968507885932922,0.0,0.0,0.0,0.3308415192275942,0.36180641241260947,-0.34270437164186307,3.610706485,0.1496350765228271,0.050837913525240454,0.08437872507892949,-0.14818136491676798,22.02458913900429,35.02267008453478,-2.2694338398565668,0.025644265840907447,-0.12195971941408033,-0.10001016046549138,0.05430836953236451,0.04317791028170159,0.019741770780438372,-32.70438516566336,-41.77618202017248,-105.03280164378187,0.039715283965023995,0.04131379143605176,0.1447095472760086
14946,1723238048620788717,0.4305234551429748,-0.0365435406565666,0.1497824043035507,0.0112756518647074,-0.0593123883008956,-0.0495280623435974,0.9969462752342224,0.0,0.0,0.0,-0.07764773634161526,-0.017074681441736628,-1.3426119042700486,3.618858472,0.1497824043035507,0.34358559704094316,0.554142927285823,-0.1303269663144531,9.315636941035658,25.441008778390568,2.7472707928224813,0.02855817876196594,-0.11741520838969162,-0.10095654499398628,0.052010905472652524,0.04294550252444984,0.011498726855759589,-11.681654236609702,-32.64933795410469,-39.67290117230211,0.06039797265657424,0.06571348615677201,0.1447095472760086
14948,1723238048634837313,0.4309661984443664,-0.036076046526432,0.1497847884893417,0.0101677682250738,-0.0583203583955764,-0.0501360408961772,0.9969863295555116,0.0,0.0,0.0,0.6885876761989236,-0.14097495335995536,0.1091471397957321,3.632907068,0.1497847884893417,-0.16943274409695483,0.1323476811509169,-0.07824450211542547,-11.755725621818659,-61.669535696576304,17.985575802316795,0.02630048011829263,-0.11552646174883005,-0.10201151222750537,0.05586337167167699,0.04298246510294179,-0.015387436199366888,-44.38716313889996,-66.8184625497334,112.7479385919133,0.027795716873291344,0.03440962817607259,0.1447095472760086
14950,1723238048641863399,0.4314442574977875,-0.0357399433851242,0.1496220082044601,0.0094970548525452,-0.0597382634878158,-0.0498402304947376,0.9969238638877868,0.0,0.0,0.0,0.029089559462366132,-0.8142522615797132,0.9343884778721766,3.639933154,0.1496220082044601,-0.16501847848407925,-0.41214815622049417,0.09829663904301279,15.453237437548085,-22.56597826813674,6.733660775780281,0.025068649708640065,-0.11843904262415743,-0.10139123715028346,0.062157494847845385,0.04148734047048164,-0.007512059742094124,-84.98619368492501,-70.72065259305245,12.07534794743419,0.05967137697939198,0.07469779526610942,0.1447095472760086
14952,1723238048651461449,0.431963711977005,-0.035424992442131,0.1497551798820495,0.0103914262726902,-0.0593394860625267,-0.0501593723893165,0.9969226717948914,0.0,0.0,0.0,-0.6702078230404074,-1.1638719530755162,-0.33138342525552805,3.649531204,0.1497551798820495,0.1776801312584336,0.09148197555551658,-0.0782315140036292,24.225827509609918,11.435929936506051,-0.6590742369021827,0.026860305487441956,-0.11754177711569051,-0.10212413794594614,0.05107252948456775,0.02578611264490127,-0.0009888944103408903,-22.096351376917898,43.070340307158965,-26.12047810271902,0.05177228655164548,0.055052580356587014,0.1447095472760086
14954,1723238048662006403,0.4324669539928436,-0.0352344997227191,0.1495725512504577,0.0118618002161383,-0.0608095116913318,-0.0494476594030857,0.9968533515930176,0.0,0.0,0.0,-0.31512193517763576,0.21129117364445626,0.6184076970801038,3.660076158,0.1495725512504577,0.30015070748927297,-0.263342363641154,0.120260398059814,-5.404166042930774,-13.121839818063298,7.065236697303574,0.029883310512176943,-0.1203535976139718,-0.10092684847934742,0.04962072544287466,0.018981443303110135,-0.016196238026420673,94.45211497911512,290.2409289851646,219.71478424305582,0.04325082508316435,0.05101203185033481,0.1447095472760086
14956,1723238048671768966,0.4329685270786285,-0.035040907561779,0.1494245827198028,0.0122428024187684,-0.0618388429284095,-0.0490280836820602,0.9968061447143556,0.0,0.0,0.0,1.156303084006274,4.489377669823676,3.935139376065999,3.669838721,0.1494245827198028,0.09357696259818593,-0.20591853395350126,0.08296230358543086,-15.440554717069775,16.401059228387446,-12.751594046982646,0.030705547646834027,-0.12238750048057898,-0.10017263819393678,0.04494054645660306,0.02878625699855042,0.008464731235081846,68.30618889604523,130.16008813586222,18.80262437001393,0.04691861820815316,0.05453224041080577,0.1447095472760086
14958,1723238048687482784,0.4335119128227234,-0.0343620367348194,0.1501550525426864,0.0124975265935063,-0.0593142695724964,-0.0516880266368389,0.996821939945221,0.0,0.0,0.0,0.14513535276938683,-1.2568907284494841,-3.8868506978806927,3.685552539,0.1501550525426864,-0.004396836419883252,0.31786170297647065,-0.3433071164540964,-512.810239265776,98.87080054259386,-203.35869582107418,0.031266947044563925,-0.11722789951705798,-0.10544777090553646,0.1044822650401045,0.1874787328413925,0.10594019082699546,-438.48470796507576,-1281.0851421391426,-832.2698506275025,0.03507306965430866,0.03298277933563655,0.1447095472760086
14960,1723238048691284811,0.4339734613895416,-0.0335165150463581,0.1506125330924987,0.008129546418786,-0.0576163083314895,-0.0543651618063449,0.9968243837356568,0.0,0.0,0.0,-1.8661692112811028,-6.969705529875247,-7.3588680674313744,3.689354566,0.1506125330924987,-2.4201225271270523,0.7540609923399257,-1.278600872982245,-396.44396122830074,51.84479103183568,-137.6713682335463,0.02262144685769197,-0.11423102005764152,-0.11026226850244203,0.101681899580365,0.17225360303268944,0.08188029877154435,-386.44014652799274,-1102.1554770162356,-567.5708327751188,0.10927509332077213,0.129839190964622,0.1447095472760086
14962,1723238048700883792,0.4344717562198639,-0.0330780185759067,0.1504667997360229,0.0059698508121073,-0.0588059984147548,-0.0543755665421485,0.9967695474624634,0.0,0.0,0.0,-2.1205203202534233,-7.845387124045285,-4.43076005890666,3.698953547,0.1504667997360229,-0.4351114429220788,-0.2722306325231117,0.025159431300482187,130.11328161200956,-63.25748375423258,77.16095951517873,0.01842301199573662,-0.11684854757536929,-0.11007316254281843,0.05639264502618957,0.033490536073962796,-0.01373572583863858,102.86147671686442,316.08583749222527,393.89715331404915,0.04449128872401109,0.05795470918108589,0.1447095472760086
14964,1723238048711112947,0.4350974559783935,-0.0328683294355869,0.1503420621156692,0.0060995938256382,-0.061088241636753,-0.0534787662327289,0.9966800212860109,0.0,0.0,0.0,0.3417714598348547,-0.1721063342038811,0.5670405764112184,3.709182702,0.1503420621156692,0.05996464977957906,-0.44338493372322635,0.17499591825984406,53.59514983824978,25.43714716104713,-3.2689067079202383,0.01883228126398075,-0.12141656275532944,-0.1083557198387727,0.06301729405070944,0.025299387227473824,0.0012254820046555537,103.67059474965426,447.60443898260206,216.0998052747825,0.056684366947353744,0.06402471527387785,0.1447095472760086
14966,1723238048721032590,0.4357403516769409,-0.032571192830801,0.1504833102226257,0.0093371495604515,-0.0601963922381401,-0.0534248016774654,0.9967121481895448,0.0,0.0,0.0,0.051866736724849094,1.3577467344654468,0.08951361381857093,3.719102345,0.1504833102226257,0.6415982413710852,0.21458850924678413,-0.029781919545556,14.746273432447284,20.97804535153727,-6.2629239208015,0.025226770832169433,-0.11928193979470866,-0.10860600426572106,0.06346539500097848,0.02963953302616651,-0.001764551361691069,-37.285140033483174,123.61615089244988,40.25482488715432,0.06244140443970291,0.06540425308763852,0.1447095472760086
14968,1723238048732264544,0.4364360868930816,-0.0322422869503498,0.1502599567174911,0.0106653105467557,-0.0609838664531707,-0.0528838858008384,0.9966797828674316,0.0,0.0,0.0,-0.4694220564978515,2.3569230698892554,1.6658424227246593,3.730334299,0.1502599567174911,0.2490623141254612,-0.126572107115669,0.08276575550458731,-42.221969684144554,-0.6776878556566812,-12.906990178271048,0.02791672494261089,-0.12072778567069961,-0.10770802130684468,0.0641330887406184,0.056592878670771674,0.004212776663932161,-23.887169883953685,9.732839156204676,43.24154422018328,0.055615367820913766,0.06662389065177975,0.1447095472760086
14970,1723238048741263828,0.4370290338993072,-0.0315360762178897,0.1504716277122497,0.009916927665472,-0.0605653561651706,-0.0538213700056076,0.9966627955436708,0.0,0.0,0.0,-0.5219815397931202,1.8732622437911817,1.3548412965881784,3.739333583,0.1504716277122497,-0.1833525365704504,0.08145288787028832,-0.19870340125754835,-32.45421391998771,18.77190090863306,-21.79163372686856,0.026480419435631144,-0.11994639651178811,-0.10948847895056993,0.056095265849045006,0.07749504263088314,0.027378408477861882,35.810942569230605,-101.697798134124,-99.4766680913594,0.05932438230657371,0.0704831536533823,0.1447095472760086
14972,1723238048752901800,0.4375344812870025,-0.0306489262729883,0.150848314166069,0.0082068480551242,-0.0590847767889499,-0.0557179152965545,0.9966630339622498,0.0,0.0,0.0,0.5216526843058951,-0.03200989646450303,-0.7799077181964509,3.750971555,0.150848314166069,-0.3263329454463549,0.23454362841264803,-0.3095581459452276,-10.206323372301682,-23.231506616967494,3.5451791503485452,0.02310342384554822,-0.1171283199628274,-0.11304731943970821,0.05560686325056707,0.09253261074381047,0.024794779434007097,2.844017446268434,-217.80286596277406,-108.55628114051999,0.038100204855442354,0.04740871072721619,0.1447095472760086
14974,1723238048760771955,0.4380369186401367,-0.0298339091241359,0.1510031521320343,0.0066735353320837,-0.0595477856695652,-0.0566461980342865,0.9965945482254028,0.0,0.0,0.0,0.0819061562137966,-2.03403495553297,-1.2357732545344522,3.75884171,0.1510031521320343,-0.3955915854990082,-0.14194423464000408,-0.21209383772683754,17.044539745303776,-26.157865182101155,17.367435809071793,0.02019018970276043,-0.11820904061631304,-0.11475209821516202,0.06271203036765627,0.08523347539998216,0.015687501185968067,5.109357908404903,-61.26951770694574,3.0637072810439605,0.05352394935748394,0.07223846888356664,0.1447095472760086
14976,1723238048770912243,0.4386580884456634,-0.0292090307921171,0.1511101424694061,0.0072097787633538,-0.0602080263197422,-0.0564685054123401,0.9965612292289734,0.0,0.0,0.0,0.9304942946857613,-0.1322663304553524,-0.4078963622308316,3.768981998,0.1511101424694061,0.11491211303116838,-0.12394407641048726,0.029126220915276165,28.316105618201924,0.934498045626257,16.155104484495663,0.021323288826597706,-0.11947172897651258,-0.11448098748853437,0.052817424352740616,0.050149914128828965,0.00212971818346519,52.57753654088829,163.92268263457623,85.3064000534384,0.05469125723916824,0.06603021708430093,0.1447095472760086
14978,1723238048786216913,0.439271479845047,-0.0287065301090478,0.1509482115507125,0.0074087590910494,-0.0612147562205791,-0.0556943900883197,0.9965420365333556,0.0,0.0,0.0,1.0166216886698258,1.8308397719920961,0.9823268161469407,3.784286668,0.1509482115507125,0.03945082693155724,-0.12905945961168053,0.10005411721871373,-18.76566823875723,-50.31467853732125,-8.094818989851623,0.021746883185189365,-0.12147946666689051,-0.11298172074323855,0.1110916238758648,0.12498955239157539,0.01734908130403312,-355.15473100962106,-366.4924912332105,10.445518193073227,0.03457316705862014,0.04444413514735179,0.1447095472760086
14980,1723238048791360246,0.4399656057357788,-0.0279043763875961,0.1510857194662094,0.0071275611408054,-0.0624191612005233,-0.0556228011846542,0.9964733719825744,0.0,0.0,0.0,-1.4336636465939376,-0.909339408181546,0.8970970249114103,3.789430001,0.1510857194662094,-0.08098093622443737,-0.47423499067770636,0.036417526103770415,-15.972121145468034,-20.23642060567619,-10.864018364472065,0.021313753206562053,-0.12392208281226905,-0.11284594739455041,0.11149627133486106,0.12911848444096807,0.02238060183827706,-346.6010632725905,-385.27715221413024,-9.947945041014869,0.11894689869806935,0.14687262428622944,0.1447095472760086
14982,1723238048801478300,0.4406267702579498,-0.0271322112530469,0.1512254923582077,0.0067366808652877,-0.061110358685255,-0.0558625869452953,0.996543824672699,0.0,0.0,0.0,-2.357014684525258,-1.8719689994579092,0.9282697211679862,3.799548055,0.1512254923582077,-0.09443919358145227,0.254027802173976,-0.04347703629668042,3.702772293328139,43.07935141193741,-18.311560588503394,0.02040581169081168,-0.12134320488135887,-0.11323507143514332,0.06688819082745923,0.08583913688681921,0.029841962813880407,81.96418380016313,21.66365284037047,-63.3084688734822,0.057561545660525716,0.07119025684043007,0.1447095472760086
14984,1723238048811502711,0.4413126111030578,-0.0261771399527788,0.151683822274208,0.0069129234179854,-0.059104599058628,-0.0575018897652626,0.996570348739624,0.0,0.0,0.0,0.18500513637074834,-0.4947544597339353,-0.3657153321965604,3.809572466,0.151683822274208,-0.007336203891568712,0.39887633695791896,-0.33048082468290413,7.491731257678878,-0.6020021131948035,-2.370124954524753,0.020719478074058877,-0.11727742348238528,-0.11648815905911378,0.0636377003985018,0.0909639884887925,0.041042666075792766,171.05767121706515,36.44703625090184,-170.06009251608316,0.061839215302003966,0.07290562306103618,0.1447095472760086
14986,1723238048822689831,0.4419648647308349,-0.0252133309841156,0.1520845592021942,0.0073312106542289,-0.0579847805202007,-0.0576360672712326,0.9966254234313964,0.0,0.0,0.0,1.068345255820557,-1.3472096723574203,-2.7797792591992785,3.820759586,0.1520845592021942,0.061526065676107126,0.2042273376287362,-0.029143219032260866,43.499161126275446,-16.369201303997176,29.152602943320737,0.021440186448531535,-0.11498635003219398,-0.11676784868570514,0.07206536067578995,0.07286961821435534,0.018435845437494436,-27.67398646347664,69.16172046003253,-4.198386484923262,0.05166361640758307,0.06317845534695284,0.1447095472760086
14988,1723238048832680370,0.4428076148033142,-0.0246038418263196,0.1521136313676834,0.0113923726603388,-0.0579849705100059,-0.0559901557862758,0.996681034564972,0.0,0.0,0.0,-0.15951943582002315,0.6406598135246391,-0.9339184083892076,3.830750125,0.1521136313676834,0.8292842605396853,0.04988142904056904,0.28188233746657654,-8.295334334965272,-7.659626408811099,21.010581432624846,0.029399211421541685,-0.11455973401554186,-0.1139211936572018,0.08554920084315398,0.061821147797598064,-0.016107307770319323,-133.1619492616032,236.67452545052208,362.58666999977424,0.076701850901107,0.08964688946928537,0.1447095472760086
14990,1723238048841202642,0.4435453712940216,-0.0240710638463497,0.1518381088972091,0.0118994107469916,-0.0578618794679641,-0.0543084591627121,0.9967753291130066,0.0,0.0,0.0,-1.3689440297030875,2.9317306793553897,3.4488999048734725,3.839272397,0.1518381088972091,0.1396111855247547,0.041232626654835264,0.38735957019631323,-80.88569884078362,-2.075608510702822,-13.585175226809136,0.030208560115420887,-0.11430687142551328,-0.11058921460221738,0.0732183085550453,0.079978099462934,-0.005719877221069147,-11.723968724523159,112.8267776507125,279.5464742479759,0.07493579880503912,0.09593108590666516,0.1447095472760086
14992,1723238048851295567,0.4441247880458832,-0.0230551250278949,0.1520984470844268,0.0085171470418572,-0.0576343350112438,-0.0548073574900627,0.9967958331108092,0.0,0.0,0.0,0.06888748645912468,2.2057287679420776,3.464582224998814,3.849365322,0.1520984470844268,-0.6762808179082733,0.0076043315805352394,-0.06007763141603512,-23.981734697545924,20.37104623217027,-40.95886393846933,0.02345221897233299,-0.11421387980955489,-0.11119725893843414,0.060333494416404676,0.11914463464227776,0.05574542349860856,107.54644275260361,-230.7888093911875,-230.4214619862637,0.04852445423123419,0.06459359945407163,0.1447095472760086
14994,1723238048860913629,0.4447318911552429,-0.021739749237895,0.1529091298580169,0.0068957987241446,-0.0554978959262371,-0.0569249577820301,0.9968109130859376,0.0,0.0,0.0,0.7832801794885191,-1.47002304138507,-0.8778043676330036,3.858983384,0.1529091298580169,-0.38582008533893253,0.42078434762448513,-0.42310804138288016,26.464427924599796,29.88254830806424,-0.8321249544758427,0.02018960785696564,-0.11007890693310823,-0.11520262561055783,0.07332834807156274,0.12500843313246257,0.06500517246024806,14.142874341683605,-271.1421895708713,-303.18741579636,0.05595753939662477,0.06834723386507101,0.1447095472760086
14996,1723238048870699451,0.4455510973930359,-0.020633453503251,0.1533532738685608,0.0062754256650805,-0.0526062659919261,-0.0572604164481163,0.9969526529312134,0.0,0.0,0.0,0.3229623042281933,-3.017905296358116,-2.368241331342996,3.868769206,0.1533532738685608,-0.1640322513476598,0.5830162397539939,-0.06373118642051062,24.036668101090736,3.815767923315832,25.97781822472963,0.018639606364647277,-0.1043625878208568,-0.11571838809917136,0.07533999962225302,0.08991661566596454,0.03808968234117671,-20.230801009557055,19.972659093728677,-50.06575256668476,0.07444747797109066,0.09074058316860742,0.1447095472760086
14998,1723238048883077253,0.4463525414466858,-0.0198826808482408,0.1537104994058609,0.0073549873195588,-0.0500086545944213,-0.0566403679549694,0.997114360332489,0.0,0.0,0.0,0.49227140683596016,0.018465250779570397,-1.3872429533075452,3.881147008,0.1537104994058609,0.15497665873563496,0.43043338627253197,0.08956769522514808,25.444979910141633,-41.85667391632587,23.402344616366438,0.020434130922328368,-0.09905743556338788,-0.11449956639450497,0.08117552662032068,0.061455630834042374,0.01476016371366029,-34.785297398092474,221.9469953531949,182.7683986018457,0.05996753097632001,0.0679135336540762,0.1447095472760086
15000,1723238048891067534,0.4470858871936798,-0.0193875022232532,0.153755709528923,0.0086961714550852,-0.0503234304487705,-0.0552425868809223,0.9971661567687988,0.0,0.0,0.0,-0.0356484456092625,1.6713896382576912,0.6070508806246997,3.889137289,0.153755709528923,0.35659901582823744,-0.05632628678719851,0.333386450108788,-2.5737677423643537,-34.32344611612617,15.396935759823883,0.023019074040547528,-0.09956526637389407,-0.11183298343788275,0.08521630501411082,0.07355847917456348,0.006242029685780359,-71.92234717703799,72.10331755018179,197.599546344659,0.08443521902000914,0.09695480245256319,0.1447095472760086
15002,1723238048902012012,0.4479201436042785,-0.0184087604284286,0.1538327783346176,0.008127779699862,-0.0504913702607154,-0.0537663549184799,0.9972430467605592,0.0,0.0,0.0,-0.9105292855819718,0.44029432870594354,1.9902912090070088,3.900081767,0.1538327783346176,-0.08842508240341303,-0.0332873606873622,0.275273066636618,-2.994545754251332,26.995044335277715,-26.01301886774722,0.021750579408076554,-0.09999690152592534,-0.10881413320202986,0.07671066948955385,0.09419994369462226,0.03796737080276902,7.810532538772548,-31.84543999667941,2.457636393842762,0.06643654074709805,0.0841980884786466,0.1447095472760086
15004,1723238048913166786,0.4487813413143158,-0.0173037275671958,0.154607892036438,0.0100676696747541,-0.0475079268217086,-0.0550467371940612,0.9973021745681764,0.0,0.0,0.0,0.1742194308875895,1.0018716578072615,0.6087383115985843,3.911236541,0.154607892036438,0.3064166206818235,0.5508130988230449,-0.25027305955918033,13.723976735794317,24.533645690412285,-22.933185951485957,0.025425802303365243,-0.09378857093474527,-0.11147266891172646,0.0650376568760116,0.08267475351133613,0.0498402138922307,82.32649995934223,49.8597228616437,-98.73036418451983,0.07192397345096158,0.08050851267747514,0.1447095472760086
15006,1723238048930974647,0.4495936334133148,-0.0162973888218402,0.1549368947744369,0.0095717459917068,-0.0457331985235214,-0.0548011399805545,0.9974035024642944,0.0,0.0,0.0,1.21615220398182,1.8759955861298634,-0.43522326161610003,3.929044402,0.1549368947744369,-0.06532295945977612,0.1965343148504072,0.02877440844141055,-45.959857826718675,10.411374976455775,9.60124361298416,0.024207235673558737,-0.09030249880079652,-0.11087101531137664,0.10284288905559436,0.1583713487453675,0.04772726093193924,-114.25663104900559,-288.3806491293448,-115.27765631538455,0.040588427494873645,0.0495727828266246,0.1447095472760086
15008,1723238048941662014,0.4510598182678222,-0.0139514822512865,0.1556345969438552,0.0058724614791572,-0.0428507775068283,-0.0544573664665222,0.9975789785385132,0.0,0.0,0.0,-1.1130755240353887,-3.3705516066776777,-2.030617377351007,3.939731769,0.1556345969438552,-0.7174072036813627,0.5021868162887294,0.09246197067083833,-12.393964968089234,-6.6568535893008,-2.7692502304156132,0.01644361385750267,-0.08495663284387864,-0.1097697433035684,0.11002413097199337,0.16318916272352402,0.041045383978129735,-121.70002031239406,-288.7788699604725,-67.48138053607838,0.11745096004325821,0.15398677085083956,0.1447095472760086
15010,1723238048950983270,0.4518645405769348,-0.0128881707787513,0.155820146203041,0.0038774344138801,-0.0420257523655891,-0.0545604862272739,0.9976181983947754,0.0,0.0,0.0,-1.4650464002993857,-4.419045182849063,-1.9946370017726383,3.949053025,0.155820146203041,-0.43766094127574,0.1535112547436464,-0.004310741595243259,41.293767407214006,-21.552059187630324,8.256719357537403,0.012365712732490054,-0.08352528609310214,-0.10978938095087684,0.08513712800861128,0.1007047254670872,0.010691865226297281,59.15191174468697,186.1115398043562,212.85911667251108,0.07471836160444159,0.09621646738874999,0.1447095472760086
15012,1723238048960643043,0.4526749849319458,-0.0120492186397314,0.1558311879634857,0.0042090290226042,-0.041548877954483,-0.0532808601856231,0.9977059364318848,0.0,0.0,0.0,0.0764927226422949,0.36786724213923616,2.153736568502115,3.958712798,0.1558311879634857,0.07416807104596385,0.10403546274264601,0.2620311458853719,39.75700849300442,-0.306779521086904,12.11319849721854,0.012870450955345893,-0.08255233521014357,-0.10723693372359586,0.08304659528342384,0.08088583164956659,0.004054873311811313,89.6696059844259,348.94917564469193,240.94835557336523,0.07396309434093554,0.09224088470402124,0.1447095472760086
15014,1723238048971360500,0.4535548985004425,-0.011253248900175,0.1559092700481414,0.0060414336621761,-0.0408066287636756,-0.0520885735750198,0.9977901577949524,0.0,0.0,0.0,0.20618175478554157,2.364477184960707,2.4946460746289043,3.969430255,0.1559092700481414,0.3429613932105736,0.15800318890337356,0.20803075036895835,7.647057247343926,55.36323195280834,-33.17813756189276,0.0163615132044859,-0.0808917156723495,-0.10497532245251162,0.08734936998252962,0.11359931092793873,0.06091740685345037,-31.396929285074773,-76.19727785780972,-247.47096768033273,0.07421411380147673,0.08846752511165236,0.1447095472760086
15016,1723238048981150200,0.4544569551944732,-0.0097894398495554,0.1569852232933044,0.007687424775213,-0.0352449566125869,-0.0538005903363227,0.997899889945984,0.0,0.0,0.0,-0.4901518774415772,-0.7287450872361401,-2.4254112149190323,3.979219955,0.1569852232933044,0.2619343986919479,1.1500360227366202,-0.36840465077275103,-43.74897793386364,-11.963829695489803,-6.263282954012959,0.01918253713648735,-0.06957080866933865,-0.10839089995890436,0.0876214792847172,0.13059565835675135,0.06020298393666046,7.795100666543176,-201.0223064097152,-334.4535405692927,0.08288488418277568,0.09953344918861948,0.1447095472760086
15018,1723238048991138804,0.4552860856056213,-0.008677895180881,0.1570800095796585,0.0049613178707659,-0.0357234254479408,-0.05337480828166,0.9979230165481568,0.0,0.0,0.0,0.39207130215571784,-1.565212655583057,-4.0527182879851225,3.989208559,0.1570800095796585,-0.5365736769824185,-0.12414986024380918,0.10529835862665654,-29.161322103029352,-62.88677018833626,24.334110024002403,0.013750396559112305,-0.07082804280032648,-0.10735713137215669,0.07744686038232373,0.098195454418816,0.012001562551692935,67.60493582098579,47.91819244279357,47.96645502882618,0.07110036767888658,0.0934563250604286,0.1447095472760086
15020,1723238049003487110,0.4561575353145599,-0.0076651088893413,0.1572665572166443,0.0042296461760997,-0.0351512394845485,-0.0530705228447914,0.9979629516601562,0.0,0.0,0.0,0.9106073478186012,1.0363524868153924,-0.24118998802919167,4.001556865,0.1572665572166443,-0.12147744855491371,0.0866322849399804,0.05330026528164251,38.87363279782116,-17.949104686610816,45.70579155316853,0.012203038434725035,-0.06976691408597936,-0.10668347740499291,0.10382317355846737,0.10449087392007161,-0.026243613516530928,-153.18583698568133,12.180965604909293,336.802164805083,0.06234144562660868,0.07759716913623191,0.1447095472760086
15022,1723238049010730179,0.4570508003234863,-0.0068127987906336,0.1569007933139801,0.0047760927118361,-0.035889808088541,-0.0508945286273956,0.9980475306510924,0.0,0.0,0.0,-1.028147612723076,0.2812442961221233,2.317819470455524,4.008799934,0.1569007933139801,0.18242564701391947,-0.1921525692214453,0.5964228351509795,25.841899898296624,-2.12571583558349,15.622961534591681,0.013220618052191322,-0.07121349099835664,-0.10237087114841993,0.10521254380919132,0.11423422918342194,-0.015856747205739374,-176.24702956878258,-105.63420872542403,151.6488602612374,0.10678240009658761,0.1379265421581991,0.1447095472760086
15024,1723238049021239341,0.457880288362503,-0.0056647197343409,0.1572623699903488,0.0059864833019673,-0.0341587737202644,-0.0516046546399593,0.9980652928352356,0.0,0.0,0.0,-1.4863309570591121,-0.8499507489138303,0.8366707513520633,4.019309096,0.1572623699903488,0.20826704189062514,0.3399895612946968,-0.1445488768606283,-30.13273671793519,5.33788609619527,-33.953315977101234,0.015511374520904274,-0.06761902986205419,-0.1038420184460299,0.07580546921297682,0.1009666940695517,0.021977450254338393,98.36991034292191,30.41033993559963,-140.99318967649083,0.06935210284580982,0.087166835866297,0.1447095472760086
15026,1723238049032433302,0.4586915969848633,-0.0046332143247127,0.1573601961135864,0.0030712669249624,-0.0347902327775955,-0.052203994244337,0.9980255365371704,0.0,0.0,0.0,1.3075613014126124,1.1364758244533766,-0.7422499811857568,4.030503057,0.1573601961135864,-0.5176406753487227,-0.14036533917316601,-0.08877487282867755,-27.198523229265273,-21.6725521696913,19.083118972122158,0.009786346827894157,-0.069177578780958,-0.10485793006581669,0.07480983831196042,0.09637104138723604,-0.0016065004603253996,131.44125319538736,98.61549853604073,26.63907855719841,0.06288921379444434,0.08087952354817197,0.1447095472760086
15028,1723238049042696063,0.4594812989234924,-0.0036044502630829,0.1572463661432266,0.0007185200229287,-0.0355098135769367,-0.0510575845837593,0.9980639815330504,0.0,0.0,0.0,1.5448540265057318,1.406738375789823,1.1089418492252048,4.040765818,0.1572463661432266,-0.4425262779140083,-0.16294335581774183,0.23974361987587506,72.20947008574154,73.30839629057657,12.32240523241575,0.005073104186322328,-0.0708680650650992,-0.10240397955769147,0.10136877728320215,0.12259040288763248,0.0036154829340677708,-135.4060916280742,-126.06562766365403,81.85952567649495,0.06534609875429372,0.08735139415016281,0.1447095472760086
15030,1723238049051121926,0.4605043530464172,-0.0024169227108359,0.1573785692453384,0.0034827403724193,-0.0315338037908077,-0.0500900782644748,0.9982407093048096,0.0,0.0,0.0,-0.6927142105052293,-0.709737173461801,1.1171428131282886,4.049191681,0.1573785692453384,0.6147957303544427,0.9770909674064651,0.20737168653220633,46.56205215172426,32.08482928732012,-15.054013442965921,0.010132338384929215,-0.06264872508384586,-0.1005901114717585,0.10717001981400287,0.12650134950438002,0.017110707642764567,-184.62890138523898,-130.92456481888084,-57.362369908289416,0.10742454458631591,0.13363772516280886,0.1447095472760086
15032,1723238049060972445,0.4613959491252899,-0.001337076537311,0.1575634777545929,0.0043285251595079,-0.0310594476759433,-0.0504070408642292,0.9982362985610962,0.0,0.0,0.0,-1.5794028960561897,-0.6144515989599748,-0.11970334043484943,4.0590422,0.1575634777545929,0.1645713481511456,0.10449074303108778,-0.0700366702743609,-30.662218289510214,-50.019528686498624,-19.98547573406938,0.01179566585019628,-0.061611932606306506,-0.10126999076125508,0.08444023375773924,0.10599140506604486,0.022535611741473893,2.083469371926654,50.50894614485354,-97.1016091101511,0.07997226418555616,0.09970841076106178,0.1447095472760086
15034,1723238049072035155,0.4622546434402466,-0.0002096469979733,0.1578595489263534,0.0044372482225298,-0.030891178175807,-0.0514507852494716,0.9981878399848938,0.0,0.0,0.0,-0.41212340134193326,0.45166104284264197,-0.8403222951780711,4.07010491,0.1578595489263534,0.012264801386897473,0.0302692849064629,-0.189546941436803,-28.23703352091121,24.006478043686144,3.005295812362282,0.012060073512458757,-0.06125209096354599,-0.10336671595110208,0.07601332663999116,0.11742829946457542,0.012881947731743892,124.20820495763482,14.634436820140946,-46.08908238908339,0.06820388109155798,0.0858388380013591,0.1447095472760086
15036,1723238049082492411,0.4630336463451385,0.0011717025190591,0.1578570455312729,0.0023744625505059,-0.0277229845523834,-0.0516185276210308,0.9982792139053344,0.0,0.0,0.0,1.0715368688683022,-0.20325323953402208,-1.1339758266624274,4.080562166,0.1578570455312729,-0.42604691561733876,0.5849333210374037,-0.021625810322289246,-4.612902705434936,15.393880139981476,12.41834945473617,0.007614435790165817,-0.055133353038374404,-0.1035329575978623,0.07515958372108145,0.11639679047599666,0.004413852199982138,70.87414549497448,-29.26820260076116,1.2491099245518953,0.060338327914705565,0.08759205976274269,0.1447095472760086
15038,1723238049095306499,0.4640071988105774,0.0024167289957404,0.1579866707324981,0.00306654185988,-0.0265354607254266,-0.0510837435722351,0.9983370900154114,0.0,0.0,0.0,0.8648064095797565,-0.05448390221665278,-0.657420388340832,4.093376254,0.1579866707324981,0.10055784582209953,0.1910520343885983,0.0803560962855492,21.803215432461524,-61.01633450357939,18.56641624611495,0.008846340188678796,-0.05269375021054787,-0.10248162213133244,0.10699766568870928,0.11214964620486204,-0.015207540068159275,-54.99379529321312,127.52871858530229,272.7297079599755,0.0660784706486357,0.08482686900064877,0.1447095472760086
15040,1723238049102284450,0.4648717045783996,0.0032562594860792,0.1577843278646469,0.0036058810073882,-0.0277883857488632,-0.0501992516219615,0.9983460903167723,0.0,0.0,0.0,0.3333968685570907,1.2758813491118755,2.1406933092740372,4.100354205,0.1577843278646469,0.1793905337755219,-0.3497699827533301,0.2502199924104367,1.448568311540207,-32.87693889949107,7.738238726408977,0.010005125397382745,-0.055150781078462316,-0.10075617860504152,0.1068771870281644,0.11282186862826596,-0.01647460643450227,-41.58125521819135,116.72348443966496,234.80107377105952,0.1093936357437933,0.13672978777696818,0.1447095472760086
15042,1723238049113682574,0.4657731354236603,0.0044027660042047,0.1578297019004821,0.0037029900122433,-0.0271873027086257,-0.0500285290181636,0.9983708262443542,0.0,0.0,0.0,0.5031609878965604,1.2298773983472984,1.7227711779784358,4.111752329,0.1578297019004821,0.012533533993486662,0.1063800813955714,0.02927078748711215,11.046560002449699,119.69489473744564,-38.42540665834203,0.010129101640277803,-0.053941664684038236,-0.10040983623988492,0.11720600750627597,0.14932560630256408,0.051161971310026644,-114.21905055961648,-232.62341720968686,-440.60327868044567,0.06871940521244364,0.08838334306623737,0.1447095472760086
15044,1723238049121139047,0.4668330252170563,0.0057539492845535,0.1584413349628448,0.0048168213106691,-0.0220585335046052,-0.0512895546853542,0.9984286427497864,0.0,0.0,0.0,-0.9783119374028599,-1.619700528573914,-3.532944413928998,4.119208802,0.1584413349628448,0.22019362620260918,1.387529787515585,-0.3501260213408784,3.081772878967584,53.676090134889826,-13.085625508701856,0.011892814739371057,-0.04356741948673445,-0.10290944950573372,0.11899189523728992,0.1488733511413529,0.04346573821126665,-110.94727276609684,-245.63995865590766,-416.9535770124147,0.12623238252385793,0.1561243505181773,0.1447095472760086
15046,1723238049132423572,0.4677804112434387,0.0068816835992038,0.1582732796669006,0.00384491099976,-0.0221511106938123,-0.050479132682085,0.9984720349311828,0.0,0.0,0.0,-0.7319653262377646,-2.060134460967162,-3.321369260188582,4.130493327,0.1582732796669006,-0.1680118819815889,-0.024355431628202213,0.14768170576498352,-32.97607948056273,-88.80670041265276,33.237135703574005,0.00992411683559158,-0.043860414886417426,-0.10124442256084225,0.08715436084859007,0.10397061973845667,-0.0391099665390815,85.99825625314139,99.1518019930053,259.60699581813043,0.07270020867915025,0.0941657080235429,0.1447095472760086
15048,1723238049142074647,0.4686479568481445,0.0079184109345078,0.157695934176445,0.0013764795148745,-0.0248452350497245,-0.0487157106399536,0.9985027313232422,0.0,0.0,0.0,0.6276555412041418,0.03734836412865494,1.1721746917257283,4.140144402,0.157695934176445,-0.47450030489205736,-0.5817283460054166,0.37867580337520174,26.65142298441961,8.912687038912752,0.45599862611413844,0.005175907149744567,-0.049502172506812464,-0.09762835480122378,0.0973359899291566,0.09992773124313281,-0.03817953860779877,81.79300900504992,206.8148166072163,258.71943541806985,0.07593549207727623,0.1027727497248837,0.1447095472760086
15050,1723238049151960398,0.4696855843067169,0.0088303945958614,0.1575376540422439,0.0032798571046441,-0.0240422748029232,-0.0479498393833637,0.9985550045967102,0.0,0.0,0.0,0.8379417991249314,1.9753745758329542,1.6349068149482668,4.150030153,0.1575376540422439,0.3804197053685515,0.18144000174365685,0.14543679064427656,14.426974176771168,51.185810381641815,-18.3633849962816,0.008866090338202686,-0.04771863811555841,-0.09617632659153434,0.09921375692740497,0.10491703546199954,-0.01569834091428035,19.17471227775851,86.49261074821368,-26.757733360779525,0.09474546335585984,0.11395136763360282,0.1447095472760086
15052,1723238049162523074,0.4706686735153198,0.0100815324112772,0.1573753654956817,0.0019083867082372,-0.0217114891856908,-0.0479224845767021,0.9986132383346558,0.0,0.0,0.0,1.016812105196653,1.6525943522592517,0.5220142396938477,4.160592829,0.1573753654956817,-0.28038022761125786,0.4285174796406359,0.01049662071643875,-14.535307625740636,21.42993918603424,-10.07579483193408,0.005897952565395211,-0.04319328119112117,-0.09603188767690289,0.11537790570482542,0.14238028086180565,-0.005643267335500468,-69.56632032466521,-179.47103510845474,-123.79507674187826,0.08054650854629929,0.10455297260925367,0.1447095472760086
15054,1723238049170514780,0.4717256128787994,0.0113640949130058,0.1573890447616577,0.0016020069597288,-0.0193447116762399,-0.0481413714587688,0.998651921749115,0.0,0.0,0.0,-0.06216796000754865,-0.6820866800846863,-0.578782391109448,4.168584535,0.1573890447616577,-0.10616079084944412,0.5879182812971714,-0.05370425261908884,6.00099565871319,-7.491151968644966,-1.300644831561792,0.005066030853733625,-0.03849252622011716,-0.09643565371788493,0.12039910847805402,0.14413424852091333,-0.004071057765314912,-82.99084130017135,-193.54911092758513,-163.2928959739346,0.11616718213459216,0.14689745019243758,0.1447095472760086
15056,1723238049181593613,0.4728774130344391,0.0127097852528095,0.1572551280260086,5.868633888894692e-05,-0.0188075974583625,-0.0479755885899066,0.9986714720726012,0.0,0.0,0.0,-0.18263575181941683,-1.3122083937099358,-2.7802944222608286,4.179663368,0.1572551280260086,-0.28232609281332577,0.08353521625877898,0.03529165782828283,-6.351691601660439,-14.4208910044476,1.1620700558533357,0.0019231860655718118,-0.03756842769643544,-0.09604115194335804,0.10910578772968194,0.12273092069720026,-0.02239399330752434,22.87385869170332,28.521909711666144,-36.88486553068077,0.09131840456998383,0.11550500324593553,0.1447095472760086
15058,1723238049191347151,0.4739857316017151,0.0139177162200212,0.1569482088088989,-0.001168426242657,-0.0177235417068004,-0.0480597764253616,0.9986864924430848,0.0,0.0,0.0,0.33024807710900905,-0.3007242295245218,-1.75046672935024,4.189416906,0.1569482088088989,-0.262279142884858,0.20997952973811945,-0.012372937541854832,-0.7122434449497117,-9.170289866023968,14.777258260198641,-0.0006306019207195093,-0.035520300817003025,-0.09616057316286843,0.11450921136141545,0.1152535028920808,-0.059184070343224704,-10.219371058589577,67.6517321474928,147.97632560995834,0.10003545264300537,0.12604004289207033,0.1447095472760086
15060,1723238049200751754,0.475070595741272,0.0149237168952822,0.1561402678489685,-0.002592243719846,-0.018016880378127,-0.04665182903409,0.9987453818321228,0.0,0.0,0.0,-0.33537503760591925,0.00858300621134589,0.025602461523126507,4.198821509,0.1561402678489685,-0.29407448012306486,-0.07697997938389108,0.30491889906307873,1.8523211885942885,7.73716677477886,2.747253353826638,-0.0034992465629316346,-0.03623834892118814,-0.09328960550636309,0.11558608100490275,0.11665027342874845,-0.057315195034387756,-49.90863176981946,20.256941971405947,101.66531371219207,0.1017069828906486,0.1278266192953665,0.1447095472760086
15062,1723238049211084766,0.4762675762176513,0.0162389781326055,0.1558726578950882,-0.0035972273908555,-0.015709051862359,-0.0467732287943363,0.9987755417823792,0.0,0.0,0.0,-0.6141692497687083,0.07448647189068947,0.08628536041749824,4.209154521,0.1558726578950882,-0.21552211196728685,0.4372213700639854,-0.01853308764171587,5.5041990557759455,9.556301526014764,-0.771792480907596,-0.00571902762607585,-0.03172146114050928,-0.0935020494067666,0.10701313150216407,0.11515024826817322,-0.05901605147554445,48.47595429328816,20.422111036805422,60.626304627133365,0.10257668089872575,0.12798744726591132,0.1447095472760086
15064,1723238049221723895,0.4773094058036804,0.0173311233520507,0.1548819988965988,-0.0045544831082224,-0.0151352612301707,-0.0451552234590053,0.99885493516922,0.0,0.0,0.0,0.7281510778150562,0.4456040725112178,1.3310844230220544,4.21979365,0.1548819988965988,-0.17994305971189242,0.09845561052433328,0.3077017442946568,-6.814554565802892,0.4266977558508245,-10.499314106410752,-0.007735374336309811,-0.030651977741468384,-0.09023389746067802,0.10283952567304766,0.11834888629850482,-0.055349727956903294,92.90727558773851,-9.724297691650078,-18.1842850037446,0.08538050298161956,0.10953146688551323,0.1447095472760086
15066,1723238049232137890,0.4784304797649383,0.0187235996127128,0.1546905487775802,-0.0062790722586214,-0.0128111336380243,-0.0463438481092453,0.9988237023353576,0.0,0.0,0.0,1.356637040920714,-0.11036794462677513,-0.23632463527549552,4.230207645,0.1546905487775802,-0.3544640224594162,0.43182908397961167,-0.2212381735121822,8.71997874390534,19.491066468222503,-14.579343775758552,-0.011360074163868458,-0.026177110107761206,-0.09258165890493601,0.1218438262629924,0.12446702777512986,-0.031432045436627476,-18.887316881600373,-20.741377061876324,-127.60178264914629,0.09431440875193974,0.120013136888372,0.1447095472760086
15068,1723238049242436872,0.4798299074172973,0.0199113208800554,0.1542339324951172,-0.0061848685145378,-0.0102123143151402,-0.0463735461235046,0.9988528490066528,0.0,0.0,0.0,0.3550645424311307,0.008520529856320458,-1.3171687242448917,4.240506627,0.1542339324951172,-0.005154646682162751,0.5050378726109832,-0.002563553191226406,5.3704301165536386,-16.599412380657306,24.175824536995663,-0.011411142611977797,-0.020976365328487165,-0.0926672998652325,0.1310466309920315,0.1162224771607554,-0.059665273718350065,-78.81694347118491,43.43966401412502,87.53831160612589,0.12366834550483424,0.14684478096597806,0.1447095472760086
15070,1723238049252078456,0.4810497760772705,0.0210399981588125,0.1535203009843826,-0.0071844412013888,-0.0095266383141279,-0.0451497919857502,0.9989089965820312,0.0,0.0,0.0,-0.23847919949255392,0.7152453088864155,1.2642375048811214,4.250148211,0.1535203009843826,-0.21103972675833868,0.1310034399453098,0.2570952730433135,24.189648709804448,19.138024496147178,10.310046050083486,-0.013495978134630054,-0.019682512303712724,-0.09020390588761103,0.12960943493734334,0.12360715698060343,-0.05950989488765579,-65.7132988200579,-44.910554576512865,119.77786002911445,0.11398285550713913,0.13791877284127207,0.1447095472760086
15072,1723238049260623762,0.4821807146072387,0.0221458189189434,0.1531216353178024,-0.0055981827899813,-0.0064558261074125,-0.0442221127450466,0.9989851713180542,0.0,0.0,0.0,-0.8314690436122145,-0.5638152094275002,1.1671830569097426,4.258693517,0.1531216353178024,0.34060013841704984,0.7333013024022115,0.2193149718801459,0.5388493606883848,37.28588894578852,-12.650673359666612,-0.010615174158171163,-0.013394076523004205,-0.08840521744372423,0.12689434188346382,0.12933535493243808,-0.039253724030863246,-24.54282442295814,-117.272845932899,-142.18856991192985,0.11976833470702877,0.1438391908201944,0.1447095472760086
15074,1723238049271109468,0.4834411442279815,0.0235010720789432,0.1528052389621734,-0.0079363696277141,-0.0026943760458379,-0.0443589836359024,0.9989805817604064,0.0,0.0,0.0,-0.5117352193452884,-1.3765314580857586,-2.0071290699543125,4.269179223,0.1528052389621734,-0.47742375291222827,0.6971337687874907,-0.019222880682456946,-24.834431568291006,-34.079984942549146,-5.202368140961604,-0.015618443073154777,-0.006087394876456345,-0.08870267616971593,0.11156565670587781,0.10754392318791406,-0.04249700545425128,78.09678403024105,52.583021900191035,-50.81360343141233,0.10809669686463595,0.13133137057828134,0.1447095472760086
15076,1723238049282814009,0.4846341013908386,0.0244762636721134,0.1521468311548233,-0.0083938064053654,-0.0032644411548972,-0.0434835031628608,0.9990135431289672,0.0,0.0,0.0,1.0243061245897422,0.9385621928048433,0.6893895465693824,4.280883764,0.1521468311548233,-0.07331555884045927,-0.10194927441198486,0.14913158651268535,-49.60799562976021,-67.91039806557652,25.582419379830483,-0.016488334580862758,-0.0072524896420390365,-0.08693817378384079,0.11798952278650887,0.10059963610908285,-0.08817168725856739,-29.83353941114225,25.36637413889107,342.6119696194154,0.09389287206203825,0.1091041066051519,0.1447095472760086
15078,1723238049291051435,0.4856991767883301,0.0254051368683576,0.1512354761362075,-0.0125074945390224,-0.0057886838912963,-0.0417253226041793,0.99903404712677,0.0,0.0,0.0,-0.15521227836360918,0.1478916873609064,4.162263914170429,4.28912119,0.1512354761362075,-0.9697096294785873,-0.6592644702166688,0.42478770990710535,0.009262678294952309,41.47013134866219,4.829998475863619,-0.024512159700106773,-0.012610277289959589,-0.0833282490902021,0.12918363364345709,0.11721168804095639,-0.05587328743736997,-78.36838286851781,-61.90137554082036,113.27507223864635,0.11805843215644815,0.13941973895829024,0.1447095472760086
15080,1723238049301148395,0.4870021343231201,0.0266436822712421,0.1513490825891494,-0.0103740757331252,-0.0002619386068545,-0.0411825776100158,0.9990977644920348,0.0,0.0,0.0,-0.14424286101247308,-0.05529415654890357,1.490122208049202,4.29921815,0.1513490825891494,0.37728019477751407,1.1100380226357704,0.11917555483765262,62.444821597854045,61.588482048171485,-14.624691126424342,-0.020709357054598004,-0.0013778673470925813,-0.08237862770017026,0.10887699073923152,0.0955766183497847,-0.01086030542448313,23.87778917509299,74.54607850216848,-167.2925647363258,0.11852874853085418,0.13870541209515574,0.1447095472760086
15082,1723238049314916221,0.4881225228309631,0.0274510234594345,0.1507844477891922,-0.0110786259174346,-0.0014266809448599,-0.0397155247628688,0.9991486072540284,0.0,0.0,0.0,0.6123713122125842,2.7483009418150903,1.0145505655554796,4.312985976,0.1507844477891922,-0.09515455787180983,-0.17546890241268395,0.2114966414650508,-36.417964154249226,-39.06225347191646,14.870820057997207,-0.022026999005055028,-0.0037309280976681428,-0.07941581455201328,0.14193930970737512,0.13400337022807296,-0.04606272109407783,-187.39172883491352,-178.43277465722502,85.41688345532106,0.07631524920820738,0.08585678402321124,0.1447095472760086
15084,1723238049320720257,0.4890945255756378,0.0284131821244955,0.1505047380924224,-0.0120146786794066,-0.0021614108700305,-0.0387866795063018,0.9991730451583862,0.0,0.0,0.0,-1.0682266124233735,0.7778379800905135,1.8038267680970062,4.318790012,0.1505047380924224,-0.3116726790373648,-0.2693076583707442,0.31778598867984775,-19.154155966173768,7.76506044621169,4.18116800320902,-0.023844406412587792,-0.005251290079249802,-0.07753600553992751,0.14111612970621756,0.14984999945337596,-0.031435776919215286,-192.88104697692054,-331.29187464260366,14.64124650051453,0.15387121519334232,0.179985557904887,0.1447095472760086
15086,1723238049331838622,0.4901022017002105,0.0297401081770658,0.1505121141672134,-0.0127117820084095,-0.0003123668429907,-0.0384585633873939,0.9991793632507324,0.0,0.0,0.0,-1.1536875956182016,-2.7307907858667786,-0.6178954623733817,4.329908377,0.1505121141672134,-0.13805267780006913,0.32676532457421137,0.0632848869558579,22.202977749220583,30.69871591905783,10.356280080652411,-0.025381431813819872,-0.0016019754400327436,-0.07692199823986058,0.10950819007828372,0.11691398949048515,-0.02663652257119864,52.530384585031925,-123.62602640346483,-112.04302857355788,0.08119340118661589,0.0995369216833377,0.1447095472760086
15088,1723238049340852924,0.4912272989749908,0.0307762362062931,0.1500724852085113,-0.0121402777731418,0.0016550897853448,-0.0366835854947567,0.9992518424987792,0.0,0.0,0.0,-0.24007299747644684,-2.4423824918545267,-0.8548756200460731,4.338922679,0.1500724852085113,0.11023492824603785,0.4360361569991131,0.3996183152286656,5.477248758116897,-29.744467057511017,13.826447525481344,-0.024386307330844865,0.0024170075531001105,-0.07341862175757134,0.11145366670932688,0.09398983320038168,-0.03987694204124814,53.83002253294799,168.65464355656727,54.783134277360574,0.11616241553353354,0.1326932011586649,0.1447095472760086
15090,1723238049351956862,0.4922821521759033,0.0315333008766174,0.1497513353824615,-0.0129586765542626,-0.000892884505447,-0.0353640802204608,0.9992901086807252,0.0,0.0,0.0,-0.29234794609971004,1.2995825563690762,0.8623407210586638,4.350026617,0.1497513353824615,-0.13077108226326187,-0.46689243057540014,0.23192387748779378,-5.6934800993311985,-34.858015694075554,3.6526183314533576,-0.02583877184979339,-0.002701047947726885,-0.07071398676098989,0.10255220076500393,0.06824720677481633,-0.04097186003049025,-21.336074343044356,211.48428749462025,93.68392456498921,0.0898649993573928,0.09960584482151615,0.1447095472760086
15092,1723238049361714952,0.4933476448059082,0.0321998409926891,0.1492481976747512,-0.013270036317408,-0.0028497190214693,-0.0332496277987957,0.9993549585342408,0.0,0.0,0.0,-0.6431409321638935,2.2869701549127592,1.2537164675103973,4.359784707,0.1492481976747512,-0.04902778077850913,-0.4086453249395642,0.42839628829263177,-22.052663396978932,90.9771684045929,-9.854082100579971,-0.026337063411553032,-0.006578256649815632,-0.06643101546098555,0.10406688956691568,0.11195359689335938,-0.02431659048002377,26.655246974924054,-98.90283267746977,-177.53229160579593,0.10407408372835886,0.11374023415650614,0.1447095472760086
15094,1723238049371568818,0.494322121143341,0.0337373316287994,0.1492796838283538,-0.0158539004623889,0.0038126041181385,-0.033182006329298,0.9993162751197816,0.0,0.0,0.0,0.24246439259242614,-0.6786110634989715,-2.661308761191475,4.369638573,0.1492796838283538,-0.5691244103095795,1.3337111683076552,0.03289352595963898,-14.207406125971639,47.279921285900954,-14.728669047718824,-0.031945263199577134,0.006567913461160245,-0.06648994047858352,0.08978527022222771,0.11267721839288392,-0.016471245995427708,98.03347918040355,-92.21051195410428,-183.35097867202,0.08828465641621014,0.1090286383530055,0.1447095472760086
15096,1723238049384953967,0.4953583180904388,0.0344573110342025,0.1487016379833221,-0.0163201205432415,0.0012572831474244,-0.031147975474596,0.9993808269500732,0.0,0.0,0.0,1.7030140218189818,1.8825335512210568,-1.225329227677813,4.383023722,0.1487016379833221,-0.05795112091482645,-0.3887199739270725,0.29771693681129613,-125.18045816031957,-88.3179612945605,65.56955272611377,-0.03270422095708417,0.0014963324727041514,-0.06233885505842042,0.12379097788986826,0.08992026077619064,-0.11495685142597623,-194.27555690825523,50.178657549745395,563.1450658163907,0.07397709304539189,0.08045761800236588,0.1447095472760086
15098,1723238049391095241,0.4962492287158966,0.035111341625452,0.1477934271097183,-0.0203444641083478,-0.0010863662464544,-0.028556378558278,0.999384582042694,0.0,0.0,0.0,-0.3449531073494385,1.7929386911265635,3.5175825545274595,4.389164996,0.1477934271097183,-1.2870453113634563,-0.8173705714128353,0.8294047303282526,-82.2469437581905,11.862078835505642,24.363876132236,-0.0406132316021778,-0.003333329964420161,-0.057064688330265415,0.1318897198207729,0.11157636039241736,-0.10520243640706894,-271.7057553565445,-139.7375989098087,479.50868712155057,0.13826553796610247,0.15106502783163436,0.1447095472760086
15100,1723238049401322321,0.4973736107349396,0.0363389402627944,0.1474444717168808,-0.0208582300692796,0.0024834771174937,-0.0285318959504365,0.9993721842765808,0.0,0.0,0.0,-2.0716902196389535,-1.7675981998786758,3.434957353817557,4.399392076,0.1474444717168808,-0.12038963368961264,0.6947170783674916,0.01902756088568565,64.38427947840093,68.60322860533694,-38.59547119114491,-0.041844494636339935,0.003773595158932914,-0.05716310113372487,0.10002719878667676,0.10039134608273059,-0.03637050924585328,52.94534488073671,-136.40728981777306,-158.24695133785283,0.10303231010058447,0.1163841752415789,0.1447095472760086
15102,1723238049413882987,0.4984770715236664,0.0372968986630439,0.1469529271125793,-0.0212869402021169,0.0046141752973198,-0.0275623928755521,0.9993827939033508,0.0,0.0,0.0,2.0147550186148937,-0.21450016121231608,-0.8693282004435074,4.411952742,0.1469529271125793,-0.0782474880407409,0.33388040318080425,0.1612295111445803,9.074167431003346,-10.428900275484256,12.525560436123227,-0.04281642657913198,0.00804930370296595,-0.055317204245134324,0.09010803462916783,0.0677925770872696,-0.04406241652364695,180.5279744733533,161.66231528922637,-120.86946125435617,0.08381171360398623,0.09149304394175778,0.1447095472760086
15104,1723238049426721316,0.4996635317802429,0.0380560457706451,0.146322563290596,-0.0204721093177795,0.0074636423960328,-0.0254583917558193,0.999438464641571,0.0,0.0,0.0,2.4322340396652287,2.3598059480984785,0.48953297789323713,4.424791071,0.146322563290596,0.11329615618520258,0.4401075028756286,0.33784040655901454,17.186509534934466,5.442397487298294,-17.1404569076113,-0.04131698300367512,0.013876974013825285,-0.051221108892174246,0.1527745521013344,0.09627999408446852,-0.05859483871739357,-221.08408208525458,-7.355850796986772,-12.71433067893417,0.08993956752748353,0.09449269702801778,0.1447095472760086
15106,1723238049433891406,0.5010006427764893,0.0388951413333416,0.1458644121885299,-0.0195469334721565,0.009124013595283,-0.0251724142581224,0.999450385570526,0.0,0.0,0.0,-0.168491226286549,1.4746506403852635,-0.07638879897811401,4.431961161,0.1458644121885299,0.24560237291494377,0.46779016583847954,0.09121695299890147,4.4803520364480915,37.031422435013695,-20.169865658611116,-0.03954792111938103,0.017254766986714597,-0.05070311751916657,0.16040715557872076,0.11376412314988427,-0.04859170441818872,-267.0227354386066,-168.69435183880404,-146.0077636568107,0.18138943110889713,0.19083565714905157,0.1447095472760086
15108,1723238049443550149,0.5022106766700745,0.0399515032768249,0.1455942243337631,-0.0188733041286468,0.0151859698817133,-0.0249019414186477,0.9993963837623596,0.0,0.0,0.0,-1.502478817234456,-0.7433930912836431,-2.359425343208099,4.441619904,0.1455942243337631,0.1070826016655804,1.2570553380099767,0.08150205204628004,-32.26445921088578,-37.88323854997731,21.791729209362785,-0.03850631572968581,0.02941788585485564,-0.0503901547158971,0.14273699653255534,0.11546682494386218,-0.06847558390242092,-70.74712238065419,-158.06148125681176,81.83937632848479,0.12038187633373519,0.12957106249523398,0.1447095472760086
15110,1723238049450911940,0.5033594369888306,0.0408357642590999,0.1448628604412078,-0.0196742545813322,0.0163624975830316,-0.0235497690737247,0.999395191669464,0.0,0.0,0.0,-1.6453151384122036,-1.5053701794053027,0.028556568816642702,4.448981695,0.1448628604412078,-0.23100937180069495,0.30709115540731513,0.36984701738577896,-45.60323934984707,-99.9038158864827,19.82833804779737,-0.04012640520884573,0.03178390568040276,-0.0477571547522699,0.13351070606329785,0.10483372828867288,-0.08753290759426768,6.864625657304309,-66.79810372616161,304.501967795731,0.1532127555279862,0.15802237052385282,0.1447095472760086
15112,1723238049460748810,0.5043765902519226,0.041666142642498,0.1441570818424224,-0.023002753034234,0.0150319878011941,-0.0219396948814392,0.9993816018104552,0.0,0.0,0.0,-1.2325328385616885,-1.6799849403923122,2.762688295868177,4.458818565,0.1441570818424224,-0.6753701851548999,-0.2926835657855276,0.31069660001571087,-4.492236295231965,9.542623674831876,-5.552411097030321,-0.046673266330997,0.02904011888286086,-0.04457736028330205,0.11217284196548505,0.0892237105862348,-0.0528508141467503,218.56062313680903,101.67215548669776,14.616660315968558,0.10157897517670421,0.10467113261817186,0.1447095472760086
15114,1723238049470986207,0.5056183934211731,0.0426307953894138,0.1438173651695251,-0.0243931822478771,0.0179404132068157,-0.0206591971218585,0.9993279576301576,0.0,0.0,0.0,2.886473581205715,0.6332358322637606,0.10673877095032203,4.469055962,0.1438173651695251,-0.28793681269800037,0.5562884105899321,0.25876301202007923,29.199784680632362,33.50698865855707,-3.6774934399500383,-0.04954519622842973,0.034855883353163516,-0.04220402910062136,0.10953408633723605,0.07103316867722187,-0.03269764206436676,339.041409905019,245.94220522916532,-212.6200783650846,0.11830224921828653,0.12370401161352981,0.1447095472760086
15116,1723238049485956505,0.5070005655288696,0.0431864112615585,0.1433385163545608,-0.0246650539338588,0.017809810116887,-0.0188971273601055,0.9993585348129272,0.0,0.0,0.0,6.576139789975393,4.752546051648682,-2.0513858448993467,4.48402626,0.1433385163545608,-0.040060285579237374,-0.024002598478223527,0.23425772297921782,-2.072200424174394,222.671046428875,103.73959247871454,-0.050022482470713205,0.03467152026065688,-0.03868145801035654,0.22157670722930334,0.13327326160359476,-0.07185791566567445,95.73730229425405,119.70981518670396,-13.081634782562617,0.09187749412375282,0.0924038892256559,0.1447095472760086
15118,1723238049490975574,0.5083301663398743,0.0440171286463737,0.1429107636213302,-0.024755585938692,0.0217171721160411,-0.0166501756757497,0.9993189573287964,0.0,0.0,0.0,6.803015734307493,5.091786979497927,-1.8964725131617792,4.489045329,0.1429107636213302,-0.08181031687937007,1.533522830879271,0.9322547185336546,-7.90624022973825,295.00212268479,132.08938711720194,-0.05026737990133244,0.042593271403997435,-0.03439087870390731,0.2530545658965677,0.15812780206279198,-0.08120409414744727,174.93308472190057,133.1524846074223,174.32911564413098,0.26245619393460995,0.2660735320184409,0.1447095472760086
15120,1723238049592515767,0.509671688079834,0.0449039787054061,0.142926275730133,-0.0266696214675903,0.0226778537034988,-0.0162885356694459,0.99925434589386,0.0,0.0,0.0,291.0639013284781,153.29285641670162,310.5158600440733,4.590585522,0.142926275730133,-0.0381756374723394,0.018132895648438885,0.0067467415364527595,-4128.1421318308885,4339.125052468208,4737.487073235015,-0.05411813218428369,0.04446772304667669,-0.03380224435769034,2.035384952965842,0.962260574096689,-0.34431231548845176,2560818.910261336,1445841.7094497734,435431.79596197297,0.012889460316148744,0.01347193848835757,0.1447095472760086
15122,1723238049593200096,0.511073887348175,0.0455668792128562,0.1426890641450882,-0.0276128966361284,0.0237520541995763,-0.0151753285899758,0.9992213249206544,0.0,0.0,0.0,2055.3042017228863,1149.385798182973,610.488499046597,4.591269851,0.1426890641450882,-2.8822241020836024,3.0076029985943946,3.270637991598839,4177.271257203193,12445.453716146581,1932.8158414337381,-0.055993809875059246,0.04664596247105769,-0.03167849976734334,2.2358298615543504,1.0678337878501267,-0.13037324919795878,781507.0662004016,428018.5879978691,-24687.86616011185,2.0312728508928526,2.057120211407093,0.1447095472760086
15124,1723238049593898982,0.5127698183059692,0.0463839396834373,0.1427523046731948,-0.0254082940518856,0.0298450645059347,-0.0144865363836288,0.9991265535354614,0.0,0.0,0.0,1319.195082878794,715.1000891515177,262.74309463847885,4.591968737,0.1427523046731948,5.985082944479268,17.470525570058314,2.5967816724650175,2408.765455923667,52459.17875354191,2970.163652612857,-0.05174980967308556,0.058935949075995704,-0.030522114420255177,4.930168715868376,2.581388118887361,0.5088887360651597,-3833625.7927330323,-2227841.044009195,-1391053.1926144636,2.380333393149319,2.4588114675420214,0.1447095472760086
15126,1723238049594157397,0.5142830610275269,0.0471859537065029,0.1429237872362136,-0.0246036518365144,0.0342437215149402,-0.0141370613127946,0.9990106225013732,0.0,0.0,0.0,62.865758719147834,-14.102613126083725,-182.09782652743405,4.592227152,0.1429237872362136,5.625388486242134,34.06189191915412,3.7402422728211357,-1859.8536970961773,47779.49123248786,3467.659436209408,-0.05026334325624516,0.06777591345994045,-0.030004569297266883,5.028755014888105,2.627579550934489,0.5144924749544977,-3688178.636613628,-2347761.9151865165,-1563833.2664407152,5.701952974781197,5.968087603840865,0.1447095472760086
15128,1723238049595315763,0.5158134698867798,0.0477579869329929,0.142745554447174,-0.0239120181649923,0.0366600640118122,-0.0126040326431393,0.9989621639251708,0.0,0.0,0.0,1883.9396603044424,-272.09650646760565,-1175.3214826985304,4.593385518,0.142745554447174,1.0412953037710806,4.1224807840406745,2.786618088016188,-51011.625082368075,-23411.741105569923,8747.90207096353,-0.048846950573015975,0.07270529519867902,-0.027009767127927853,3.4470586373211063,1.6098674202068821,-0.7545795902746022,4415654.456213826,2405450.5530993356,560077.2659975714,1.3150837098577723,1.3174152649310866,0.1447095472760086
15130,1723238049595674463,0.5172860622406006,0.0484594106674194,0.1424081623554229,-0.0279030743986368,0.036022987216711,-0.0111869890242815,0.99889874458313,0.0,0.0,0.0,3783.682539212994,882.6633253942973,-816.9713540895978,4.593744218,0.1424081623554229,-22.483132584416822,-4.004897867216107,6.987607758653151,-21771.261767792967,-13854.620334953164,10805.885709904127,-0.0567255518550524,0.07140298851678857,-0.024424300691504894,4.4837548028784795,1.579631168935876,-1.1850257164624338,4083496.659991944,2543127.1175818336,2604924.358340644,4.113147026640389,4.06517035281809,0.1447095472760086
15132,1723238049596000368,0.5188593864440918,0.0488629341125488,0.1419495791196823,-0.0305565353482961,0.0351370722055435,-0.0093955928459763,0.9988711476325988,0.0,0.0,0.0,4755.426272470591,1511.263265825065,507.5068602027113,4.594070123,0.1419495791196823,-16.605633981115233,-5.913471516108511,10.241078378317411,39002.26905995318,115631.20359195898,12939.201184482743,-0.061893947825319665,0.06967698699389015,-0.020969722836775215,5.981458844204326,2.1536197032094293,-1.3378577239373044,-4382201.643201369,-5739961.744687995,1538233.0519204393,4.886846645179343,4.735783965848901,0.1447095472760086
15134,1723238049596242933,0.5205186009407043,0.0495506003499031,0.1416375637054443,-0.0308535397052764,0.0405304916203022,-0.0078588929027318,0.9986708760261536,0.0,0.0,0.0,2363.007788456318,-1265.5395782712176,424.6348310518342,4.594312688,0.1416375637054443,-3.3595794864346398,44.06753851741765,13.913399813355056,34862.05014888933,82985.16996497681,-13010.888266026544,-0.06250536768829032,0.08055538849592048,-0.018258132341602607,7.163827145065852,2.475073975219715,-1.0384687577619047,-12200291.019912548,-9636037.112925295,-2734286.2425971893,6.868886891540274,6.749624549248432,0.1447095472760086
15136,1723238049596486022,0.5223388671875,0.0500645861029624,0.1414455026388168,-0.0307644009590148,0.0447029620409011,-0.0075162858702242,0.9984982013702391,0.0,0.0,0.0,-1172.1459897294244,-3166.6160655551885,-822.9203831463174,4.594555777,0.1414455026388168,0.3045437336046771,34.25949484344218,3.8927549387899623,18335.399830284798,-72715.75474028089,-7301.91484078065,-0.062395261644048336,0.08892634334771146,-0.017831916827519178,7.126428205903949,1.5362872862896637,-1.1324815263274104,-9272090.295504116,-2338889.3032294493,-3383960.7173240255,7.4899054927333,7.412315102832881,0.1447095472760086
15138,1723238049596727713,0.5239743590354919,0.0502969734370708,0.1410895138978958,-0.0300346761941909,0.0458108074963092,-0.0063389004208147,0.9984784722328186,0.0,0.0,0.0,-2146.6102040860083,-2414.668834868871,-1220.7153669834545,4.594797468,0.1410895138978958,5.519960692634246,8.906636220556488,10.279009346394446,21013.16681923035,-102245.93749937392,25721.500976869105,-0.06084915661798072,0.0912279251277865,-0.015475304077130148,6.598433184264778,0.9380234003908943,-1.4361880536500409,-3923938.0184394848,3038389.9361856175,-1600354.1438805382,6.857291943740125,6.61214455209213,0.1447095472760086
15140,1723238049605962241,0.5254773497581482,0.0506737641990184,0.1407831907272339,-0.0301137380301952,0.0476125665009021,-0.0053922310471534,0.9983972907066344,0.0,0.0,0.0,-304.0018615504937,-43.7089460971879,64.66086394691501,4.604031996,0.1407831907272339,-0.02949120115922937,0.38416744121619223,0.21554057772003463,-305.4631918244712,-457.75179019594174,-476.3021739028825,-0.06095621979519841,0.0948900906751051,-0.013696806425949287,0.17496695055672262,0.04134230442600506,-0.05112270041814959,111044.79105672427,115705.24468758331,55976.24031295652,0.16459692048997693,0.15916817717587514,0.1447095472760086
15142,1723238049613157265,0.5268046855926514,0.0509742498397827,0.1403147280216217,-0.032130841165781,0.0465641133487224,-0.0044443178921937,0.9983885288238524,0.0,0.0,0.0,-1.1023206127124663,-1.8946784127346619,0.9049419187752652,4.61122702,0.1403147280216217,-0.5708426365711223,-0.301813449244695,0.22758350184699552,-40.29933775945536,-75.82401071492583,3.3178887304699707,-0.06489676031639105,0.09282580407839863,-0.011918191660345386,0.182905362951729,0.026168476546064134,-0.0642246793533694,21357.566459517908,3018.315281098067,-4363.574020507734,0.1892119828557152,0.17784574032467612,0.1447095472760086
15144,1723238049620644547,0.528161883354187,0.0510486774146556,0.1398407518863678,-0.0343401692807674,0.0439241006970405,-0.0032619908452033,0.9984392523765564,0.0,0.0,0.0,-2.7931513625923925,-1.0589695742209588,3.2758104441173614,4.618714302,0.1398407518863678,-0.6003404202387735,-0.7174641915906913,0.2652353579493058,24.744849033144135,1.3847463798118653,-2.409964618177154,-0.06917992163427289,0.08759904815379378,-0.00956735141298669,0.15746692594605705,0.013651835285810598,-0.036210362186079426,-109.35010683378142,82.82210609057519,102.10803147154695,0.18600733435399106,0.17503188068860506,0.1447095472760086
15146,1723238049635065250,0.529771625995636,0.0513486266136169,0.1400710940361023,-0.0303283184766769,0.0502715110778808,-0.0034838328137993,0.9982689023017884,0.0,0.0,0.0,-1.1349500657217284,-0.6643881042525636,-1.2106258497602864,4.633135005,0.1400710940361023,0.5532016686693171,0.8828544434153757,0.023873548469561395,-30.863994300761284,-22.519553655448995,6.561990332846623,-0.06124798381067509,0.1003258714388682,-0.010055637298640578,0.13397476517855011,0.015399689437548325,-0.0019076565031959092,-19.52804504692324,-34.66117960457761,-205.2179298996973,0.10925235133813958,0.11274809390875079,0.1447095472760086
15148,1723238049642613983,0.5308712720870972,0.0514435358345508,0.1399860382080078,-0.0307384319603443,0.0509903915226459,-0.0028592105954885,0.9982219338417052,0.0,0.0,0.0,-1.8139000803226812,-1.1711211266485373,-2.3413258541454463,4.640683738,0.1399860382080078,-0.11782988579025053,0.18536214211495855,0.16547484630919765,-75.00588659572045,-100.43452856225989,7.8809381210346,-0.062019766120844554,0.10179941468814178,-0.008889119019354899,0.127359796139622,0.007280133909473907,-0.025229608617181043,-43.63016030173352,-0.2918694487940421,25.137363878144445,0.14594691764553192,0.14379639225081267,0.1447095472760086
15150,1723238049651747051,0.5318320989608765,0.0514515414834022,0.1396013349294662,-0.0336817651987075,0.0472736060619354,-0.0020582505967468,0.9983118772506714,0.0,0.0,0.0,-1.7006322217101344,-0.4352501317668288,-0.1788465781322881,4.649816806,0.1396013349294662,-0.6494092169996292,-0.820709729503565,0.1172581075320396,-17.896101873424048,-36.773809815025245,-2.6043114143287474,-0.06779790219310652,0.09438904798029296,-0.007326748135505341,0.10043293404031672,-0.0044710937668179795,-0.03834562174800382,57.22852788673798,90.436635987582,204.02433144450384,0.1086955358592747,0.1007511470988982,0.1447095472760086
15152,1723238049661828172,0.5327914953231812,0.0513469614088535,0.1392567902803421,-0.0355754420161247,0.0454116091132164,-0.0012960217427462,0.9983339309692384,0.0,0.0,0.0,-0.6248929092146422,0.5862203703947293,1.5135150425318578,4.659897927,0.1392567902803421,-0.38129452083223647,-0.3748525789625813,0.12077054413069013,34.53602226691075,61.94650015362881,-2.379780514684514,-0.07150465801189992,0.09070400983145328,-0.005842852937055963,0.09717198775049951,0.0006153242650173141,-0.026158382757074605,4.340554852155634,19.72857112852622,49.55617341143224,0.09793092001877786,0.09167940442137135,0.1447095472760086
15154,1723238049670605826,0.5336597561836243,0.0514363497495651,0.1390884667634964,-0.0356344431638717,0.0467573776841163,-0.0009937798604369,0.9982700347900392,0.0,0.0,0.0,-1.3691613057029626,0.13577138818279308,1.044229013342616,4.668675581,0.1390884667634964,-0.01746375925179726,0.30431803316599537,0.07903079577626242,38.75139640417047,45.60694606282935,-7.61339831788877,-0.07161169858352119,0.09341796837452682,-0.005339775758818884,0.08938320698182523,0.006385156587552121,-0.010545313423147462,-63.35630058906206,-37.533861073320914,-99.94726202108924,0.10021914967759574,0.09667921878917288,0.1447095472760086
15156,1723238049681428272,0.5344998836517334,0.0514547675848007,0.1390895098447799,-0.033666156232357,0.0487674996256828,-0.0013826680369675,0.998241662979126,0.0,0.0,0.0,-1.7688122476971815,-0.08651107415047296,-0.6577017522746447,4.679498027,0.1390895098447799,0.36591665554363345,0.373997698774184,-0.04150302017162622,-2.90210764733338,-24.541023898603843,-4.561451245166536,-0.06772142027724028,0.09742444621511127,-0.00607293727787499,0.06813633730068602,0.0008950496331556757,-0.009045063855607438,8.410823410131528,9.265215881231477,-77.09652062819995,0.07723904349705193,0.07726720718459865,0.1447095472760086
15158,1723238049691456651,0.5350949764251709,0.0514562465250492,0.1389138549566269,-0.033770453184843,0.0479624085128307,-0.0014817693736404,0.9982770681381226,0.0,0.0,0.0,-1.26315122534445,0.28336212717920595,-0.6859358688997944,4.689526406,0.1389138549566269,-0.019340216306421926,-0.1599879620426473,-0.026139569380058365,-29.305114870647273,-17.984473355962574,4.521080620912146,-0.0679301887095999,0.09580596148297238,-0.0062264511267615145,0.05220458960976515,0.003937593270103346,-0.023040661630200354,44.07401195670424,5.6896804196302595,59.39398987543237,0.06074223482664579,0.05738850102208691,0.1447095472760086
15160,1723238049700876532,0.5355235934257507,0.0515268743038177,0.1386479288339615,-0.0347706712782382,0.0478889755904674,-0.0012287942226976,0.9982465505599976,0.0,0.0,0.0,-0.9041571214682596,0.06095331712319971,0.42399630846122893,4.698946287,0.1386479288339615,-0.21476913882337736,-0.01738193591243632,0.042896792458016274,3.0405361913803555,21.57174099890885,4.854411474077659,-0.06991348659340645,0.09567043317485625,-0.005810144747604635,0.04318611204802991,0.006429588294050159,-0.023222778088721086,290.16271071504445,74.6928335213876,70.5725702087137,0.04794580329626264,0.04258439174133387,0.1447095472760086
15162,1723238049711138502,0.5359408855438232,0.0515809133648872,0.1384655982255935,-0.0343310832977294,0.0493131726980209,-0.0009650632855482,0.9981926679611206,0.0,0.0,0.0,4.891263320560398,1.9264159124574767,0.6199178700147279,4.709208257,0.1384655982255935,0.08235529854170776,0.2759022475888061,0.06505066672183674,22.715781316034413,21.725832450846003,1.2418000093853183,-0.0690226251483353,0.09854123280745322,-0.005338511211208882,0.034502760628161155,0.004779054325126431,-0.01391561050393142,-4927.210718853831,339.6883873229008,-6485.829083071977,0.04218612411499599,0.03870804197072301,0.1447095472760086
15164,1723238049749560015,0.5363802313804626,0.0516944900155067,0.1384850591421127,-0.0332393050193786,0.0516903884708881,-0.0014693300472572,0.9981088042259216,0.0,0.0,0.0,-974.4529296867408,37.6927299380518,-1184.3262710012946,4.74762977,0.1384850591421127,0.05775403846548345,0.12469163308730087,-0.0191551475103552,22061.41953372225,19396.861142077512,-6196.992877108443,-0.06691091924771103,0.1032710495106334,-0.0064035676164570085,1.0477778138156282,0.37905236473386594,-0.03138882665291476,-344594.7860457916,-196409.57724122496,258781.31371150818,0.011302693142916174,0.011424562979752952,0.1447095472760086
15166,1723238049749819337,0.5366537570953369,0.0517934449017047,0.1384768635034561,-0.0324964076280593,0.0523536913096904,-0.0017425364349037,0.9980981945991516,0.0,0.0,0.0,-1064.3724582345865,-13.585992930150269,-1116.7116673711882,4.747889092,0.1384768635034561,5.817379966286331,5.188681029110283,-1.6370142895173672,-5526.475127349603,-7877.434193941379,889.9303242385834,-0.06545579924575834,0.10458555483468279,-0.006918919197631434,0.793329019463954,0.38887584140654496,-0.34058277490703404,-205000.9897927693,-201812.8928177282,428776.991888233,1.0496575876470893,1.0457064942038716,0.1447095472760086
15168,1723238049750053460,0.5367842316627502,0.0518860295414924,0.1383318156003952,-0.032652910798788,0.0520682036876678,-0.0017158829141408,0.9981081485748292,0.0,0.0,0.0,-1082.4063462387608,-61.695612628302406,-980.8058598788338,4.748123215,0.1383318156003952,-1.3392960223292427,-2.4483255694184773,0.07815836369042335,-28816.960937765714,-30738.330637285617,6908.238986844551,-0.06576352462823878,0.10401479554643933,-0.006862774820116825,0.5265562325487299,0.374816251642634,-0.5860498267421601,-58146.68330187498,-193767.101966149,563188.2771294051,0.6158913466416838,0.48981177455080893,0.1447095472760086
15170,1723238049753951095,0.5368422865867615,0.0520078688859939,0.1382205039262771,-0.0327343232929706,0.0517063476145267,-0.0018948655342683,0.9981239438056946,0.0,0.0,0.0,-83.92569414721103,-56.3518509281693,91.70820537241798,4.75202085,0.1382205039262771,-0.036331009650891075,-0.18282333532492404,-0.09989214754272327,213.79314195348653,379.2120909236826,-28.386981609745003,-0.06594066011787393,0.10327813555117774,-0.007206225951387565,0.009497558435629827,0.027709845272998912,-0.019422485474729356,165243.4479831184,4008.663633341917,167275.47128246064,0.017535352157219474,0.011876242073376963,0.1447095472760086
15172,1723238049760493870,0.5368451476097107,0.0521501787006855,0.1381937712430954,-0.0326227396726608,0.0519547201693058,-0.0022223454434424,0.9981139898300172,0.0,0.0,0.0,-1.491705501590573,-1.154778952051483,1.1382079076992548,4.758563625,0.1381937712430954,0.03897752985138299,0.0792790663933619,-0.09567332238763138,-4.9965329736541415,9.044758740109529,3.4032041552316423,-0.06575406965287599,0.10375452082552776,-0.007868513831668185,-0.004362715867522127,0.018199661246612653,-0.00884559241975591,7897.1733735138605,5281.9093234304855,-8658.659059991045,0.0006878547317797631,3.33284676844758e-05,0.1447095472760086
15174,1723238049771331747,0.5367116928100586,0.0522836744785308,0.1380124539136886,-0.0343146845698356,0.049904067069292,-0.0021176834125071,0.9981620907783508,0.0,0.0,0.0,-0.3172468151451131,-0.5402028469857998,0.3644400351305492,4.769401502,0.1380124539136886,-0.31151213731856486,-0.3794948156256427,-0.009269511309527998,13.57056823267742,11.53780489003717,1.224348287033918,-0.06911215170208963,0.09964417258266291,-0.007690691391820128,-0.00927870046265511,0.011047832274944103,-0.005097768291483895,49.3910415936517,49.79551004192553,-51.55389395241523,-0.010682269863658826,-0.013911559026032192,0.1447095472760086
15176,1723238049781126253,0.5366476774215698,0.0523806437849998,0.1380654871463775,-0.033212948590517,0.0509202256798744,-0.0024873665533959,0.998147189617157,0.0,0.0,0.0,-0.355508660036588,-0.11365200703420686,0.035118347739566264,4.779196008,0.1380654871463775,0.2277800534257553,0.21033287849896387,-0.05700848707986341,16.031797474602023,10.679940569216125,0.9692048873321332,-0.06695156301579507,0.10166155754861873,-0.008391360844139493,-0.011179097423717366,0.006816251024530873,-0.0013633348493096165,3.457988303123229,40.67533099989774,-8.820570197925619,-0.00713402820110583,-0.005934902060578673,0.1447095472760086
15178,1723238049793189701,0.536443829536438,0.0524170473217964,0.1379483342170715,-0.0341615825891494,0.0485411956906318,-0.0021092316601425,0.9982346296310424,0.0,0.0,0.0,-0.20437242097291697,0.3343207419242267,0.2972279142282739,4.791259456,0.1379483342170715,-0.15871240353528704,-0.3969003121276109,0.041502648055028846,-20.922650529407907,-10.178854190352112,0.8632559919224647,-0.06878408928706682,0.09691855369993409,-0.007563068997854334,-0.01786705479608841,0.010175768678079233,-0.006082932605360192,32.0211447508003,-11.417333615742866,32.40396478890158,-0.015901170341907973,-0.01775803783643801,0.1447095472760086
15180,1723238049802992523,0.5362609624862671,0.0525738187134265,0.1379176080226898,-0.0355121381580829,0.0476776026189327,-0.0020542950369417,0.998229205608368,0.0,0.0,0.0,0.264800605675399,-0.16435851405817226,0.6999244059992056,4.801062278,0.1379176080226898,-0.27526804074950406,-0.17679206622109836,-0.008208062741781534,17.374106581364188,23.710250422905673,1.3205422845165016,-0.07147852358144224,0.09518410909867427,-0.007521700068986254,-0.017082234736548685,0.01389781445530458,0.002314885097167263,30.64311305865781,-43.354893766259266,-8.446028207563039,-0.0183914126206594,-0.018856940918088035,0.1447095472760086
15182,1723238049811002712,0.5361344218254089,0.0526714324951171,0.137971818447113,-0.0352818444371223,0.0477688163518905,-0.0018911878578364,0.9982333183288574,0.0,0.0,0.0,0.39756012933591356,-0.4624437554326569,0.3081060832130135,4.809072467,0.137971818447113,0.055446389702094305,0.021357032675984107,0.044205160644498614,24.80545628151479,8.210239651729584,3.642550087687308,-0.07100179392690603,0.09537995038605665,-0.0071791294685093175,-0.013751939732671303,0.00902026295569125,0.006895430652191337,-2.297683927143855,-3.3701644953780523,-41.02915664750714,-0.01645686534510486,-0.015073990246767819,0.1447095472760086
15184,1723238049822588662,0.5360093712806702,0.0527228862047195,0.1380538493394851,-0.0348877124488353,0.0468477979302406,-0.0016582629177719,0.998291313648224,0.0,0.0,0.0,0.05469162204517747,0.0656501180585703,-0.03510536423174043,4.820658417,0.1380538493394851,0.06664919743886781,-0.16047614341783747,0.037796659881399526,-3.0338852936691927,-7.398861511440416,-1.724844734279575,-0.07017579706395075,0.09355621301654607,-0.006608632643011753,-0.009450775927088984,0.006117025560620881,0.006045498066937327,-15.752159238591492,32.100164307744905,-8.825120286110092,-0.011436508371839474,-0.01008260015391156,0.1447095472760086
15186,1723238049835591389,0.5359060764312744,0.0528268814086914,0.1381173580884933,-0.0350920669734478,0.0459674559533596,-0.0016292274231091,0.9983250498771667,0.0,0.0,0.0,0.05185348315202232,0.28632397485549177,0.15364340393202647,4.833661144,0.1381173580884933,-0.03118250156332018,-0.13562848348896409,-0.001729614345428798,-0.6149167511571059,-27.34857229078769,16.7769860702481,-0.07057180431369074,0.09179544286527767,-0.006506623371569412,-0.013358942684234876,0.011585362045262393,0.006147257055346245,48.58366199691789,-11.480042541119424,18.34798320438908,-0.008410021167897729,-0.007461422022757359,0.1447095472760086
15188,1723238049841276520,0.5358166694641113,0.0529016628861427,0.1381554454565048,-0.035124734044075,0.0449492633342742,-0.0011851002927869,0.9983709454536438,0.0,0.0,0.0,0.44936431927684917,0.15033715661472358,0.2674789781930037,4.839346275,0.1381554454565048,-0.01750471932255518,-0.36383874398407506,0.14290819618809847,1.0262847575869634,-15.867464390339403,12.426377672462264,-0.0705842650707014,0.08978942493940753,-0.005546372359199333,-0.012188146256971066,0.012879499834424601,0.007383196483094601,55.426302877636395,-13.171301709561344,19.49736620565266,-0.016336259675427216,-0.0150714238278474,0.1447095472760086
15190,1723238049851168493,0.5357570052146912,0.0530243441462516,0.138240247964859,-0.035269595682621,0.0444481037557125,-0.0009537998121231,0.9983885288238524,0.0,0.0,0.0,0.7481581168014725,0.20504646035388524,0.451292664599954,4.849238248,0.138240247964859,-0.031098124041457825,-0.10299857576389054,0.041817743896534934,-1.2132080258045381,16.488959341043174,-7.848475886282323,-0.07084849802922825,0.08880234130046757,-0.005059817770750324,-0.003553286409829326,0.013036189670382559,0.010891063215269448,-0.7105700735141944,-7.102037622895885,-12.710327023809443,-0.006830533727272106,-0.005261560034546884,0.1447095472760086
15192,1723238049863122138,0.5357503294944763,0.0531893335282802,0.1384039223194122,-0.0355328172445297,0.0441545359790325,-0.0010379828745499,0.9983921647071838,0.0,0.0,0.0,0.2930786970758376,-0.06232843395556631,-0.15266151031960473,4.861191893,0.1384039223194122,-0.043275062866636405,-0.048610824044108235,-0.017751514626165945,24.28741014085858,25.623367612167357,-0.3311619954704955,-0.07138091477230621,0.08820766074112632,-0.005230858204902579,0.003587803924041566,0.018220329656637446,0.017682129046381334,-36.02957041342487,-41.29703430517708,-57.373054960791094,-0.0018344170151662611,0.0006372395223944571,0.1447095472760086
15194,1723238049870891901,0.5357991456985474,0.0533532127737998,0.1385614573955536,-0.0344714187085628,0.0451502576470375,-0.0011080178664997,0.9983847141265868,0.0,0.0,0.0,0.023443963615497457,-0.4787952576865512,-0.633022703210042,4.868961656,0.1385614573955536,0.2732351198755922,0.25690357416757964,0.0031702987869789596,17.080961459367998,15.341273462427965,1.8502991198695018,-0.06926828082699983,0.09020052845433689,-0.005347005684257481,0.004328056360058952,0.015231037405552428,0.012855855551597628,-10.102024146347464,-29.962069168825824,-35.154993491619,0.004318519500292705,0.00806769330478991,0.1447095472760086
15196,1723238049883827408,0.53581303358078,0.0534240156412124,0.1385679692029953,-0.0345676764845848,0.0447580218315124,-0.0010320757282897,0.9983990788459778,0.0,0.0,0.0,0.422570369813183,-0.3572893922061069,-0.5134251234957359,4.881897163,0.1385679692029953,-0.01524506503755752,-0.061068391353233734,0.008962678910892535,-10.36574736543343,-7.299907022648357,-1.1369490804187201,-0.06945013120689345,0.08942050309769449,-0.005175911144657798,0.003084416267665091,0.007011902990721186,0.004411935054467797,18.94612745951838,12.997832199186165,22.691268888851575,0.000996149052663737,0.0011086907435458996,0.1447095472760086
15198,1723238049896195808,0.5358749628067017,0.0535289347171783,0.1386687606573104,-0.0345881357789039,0.0450802780687809,-0.0011899736709892,0.9983837604522704,0.0,0.0,0.0,0.5160662499969049,-0.15389811904737405,-0.07376082654719274,4.894265563,0.1386687606573104,-0.002299643471143869,0.05301623506693423,-0.023840923397035137,36.22855435033078,-28.45031991008869,13.896169669861536,-0.06950914769368377,0.09005418738405596,-0.00551696973177262,0.014445303870601833,0.005881704899488582,-0.00029038928116875695,-56.76650579469037,23.121748157772036,73.00971232737737,0.00420720750870025,0.005714601259086021,0.1447095472760086
15200,1723238049901621994,0.5359758138656616,0.0535546578466892,0.1386470943689346,-0.0338244959712028,0.0445704087615013,-0.0009596766321919,0.9984330534934998,0.0,0.0,0.0,0.05491046359760332,-0.012539574347019022,0.4115840885259299,4.899691749,0.1386470943689346,0.27803522170108835,-0.19104550206301874,0.09095639076235147,31.226032546883147,-21.036654564523907,10.723986144351032,-0.06794986956678452,0.08905387915854743,-0.0049511288332075515,0.016287466341720958,0.004897793016128915,3.8834843924639983e-05,-73.30900925827518,13.907659295651168,46.65336314489483,0.018843853122606148,0.018151274606161973,0.1447095472760086
15202,1723238049912726003,0.5361044406890869,0.0536126159131526,0.138739138841629,-0.0329415239393711,0.0452262833714485,-0.0011715319706127,0.9984328150749208,0.0,0.0,0.0,-0.49375273606568637,-0.1340455398219588,-0.042728044873262205,4.910795758,0.138739138841629,0.16037332984829258,0.11939305589515765,-0.0270144861657852,-9.374918357217735,22.337257694439778,-6.119177382024519,-0.06620398970696481,0.09035652622555979,-0.00534084993263764,0.010430591425745206,0.008593894669480129,0.012582802659277803,-14.691741383361004,-31.001147056294347,-72.12654503147567,0.010760662362521522,0.012282310551896911,0.1447095472760086
15204,1723238049921768983,0.5361902713775635,0.0537151806056499,0.1388845443725586,-0.0325681865215301,0.0464824996888637,-0.0014525204896926,0.9983869791030884,0.0,0.0,0.0,-0.37091784187221977,-0.5621099922231677,-0.9248299766857648,4.919838738,0.1388845443725586,0.08459131638343773,0.279999325784057,-0.04917306301008603,-11.893500387784826,-12.39337795687661,2.795976448925238,-0.06549509422818287,0.09285380373419072,-0.005953739174689126,0.006213802202822194,0.003943183067001588,0.0035622194016555753,20.830321086058124,-14.785195644050376,-21.310144759460915,0.007892238813807614,0.010942847110974206,0.1447095472760086
15206,1723238049931792705,0.536216139793396,0.0536724999547004,0.1387811750173568,-0.0329294092953205,0.0455920957028865,-0.0012202378129586,0.998416543006897,0.0,0.0,0.0,-0.08160178387637479,-0.3486389562144313,-0.2913990526581229,4.92986246,0.1387811750173568,-0.07366146439208503,-0.1792610886280781,0.037144198838183824,-1.7536253198925942,-13.810702477245899,1.5505610544490818,-0.06618829385097862,0.09108533834436146,-0.005461921703083328,0.0035556582465154918,-0.0022225741479449113,-0.004900336103162317,29.665727438343637,31.83817199421218,88.21952032370945,0.003531160009602451,0.001632719069565305,0.1447095472760086
15208,1723238049941336970,0.5362589359283447,0.0536697842180728,0.1387835890054702,-0.0327552258968353,0.0454936847090721,-0.0012833806686103,0.9984266757965088,0.0,0.0,0.0,0.20882951767409041,0.05103222250203031,0.7780242887656341,4.939406725,0.1387835890054702,0.03714066054848486,-0.020205922036888948,-0.012222991914662355,3.373595383948042,4.347311368766147,-2.319559018960978,-0.0658432724385818,0.090885210755929,-0.005566035694939084,0.0044451889437553405,-0.003128397320272036,-0.002657333813249174,12.744289261563576,12.463318356973117,55.24253220468603,0.004444009598536051,0.004488504838087794,0.1447095472760086
15210,1723238049951679045,0.5363044738769531,0.0536055602133274,0.1387234926223755,-0.0328615866601467,0.0449082143604755,-0.0012813211651518,0.998449683189392,0.0,0.0,0.0,0.14243648202911552,-0.14968136822834152,0.712743152518741,4.9497488,0.1387234926223755,-0.020263269038479467,-0.11328478392452265,-0.0042409605655661,16.299591611380716,15.602231067354811,-2.3909837827797107,-0.06604980798028869,0.08971326631364929,-0.005532456865654921,0.007900724159441097,-0.0009651329089450655,0.011474376362667016,-20.909044660832457,-26.237793055625087,-57.53685722104578,0.004940229244465709,0.003866247002241086,0.1447095472760086
15212,1723238049960608405,0.5364019870758057,0.0536373779177665,0.1389592140913009,-0.0315609164535999,0.0458607114851474,-0.0015946374041959,0.9984478950500488,0.0,0.0,0.0,-0.15597523633716978,-0.4366272044605594,-0.19594689101829577,4.95867816,0.1389592140913009,0.29373773991968,0.21570715023659603,-0.04997479047515879,4.605837090275944,-3.101309940475261,1.1045401747492138,-0.06347873055653064,0.09160647455902078,-0.006104771584556927,0.0076947530174820145,-0.005068308857898884,0.01279904772863727,-15.413880125294579,13.852523584997757,-15.583016043879809,0.008437970269236981,0.01329575825067653,0.1447095472760086
15214,1723238049970770341,0.5364428758621216,0.0534860529005527,0.138932004570961,-0.0316206477582454,0.0444570034742355,-0.0013783953618258,0.9985098242759703,0.0,0.0,0.0,-0.10438528902109029,0.23597207628777006,0.6423560431038046,4.968840096,0.138932004570961,-0.012864214237102767,-0.2777599610798397,0.03325420181729053,-13.37284728556751,-13.15492545006642,3.8258045791003834,-0.06356274518707458,0.08881103995695949,-0.005586246058258996,0.004572701998061035,-0.00924059575935221,0.0068261730962682066,14.893986559692305,40.677401188841806,65.55385774645694,0.004328145434131387,0.003770721724390463,0.1447095472760086
15216,1723238049982361341,0.5365031361579895,0.053453654050827,0.1391367763280868,-0.0313014052808284,0.0446792878210544,-0.0012841671705245,0.9985100626945496,0.0,0.0,0.0,0.19804446716589702,0.37018601022937014,1.1782191996968685,4.980431096,0.1391367763280868,0.054228071820596004,0.037857474007414474,0.019896375176214193,-5.043023218171776,29.54073238842072,-4.993808804584197,-0.06291611320630273,0.08926353894770499,-0.005383014205606396,0.006044587775328125,0.002042641248088284,0.030535249323026648,15.878064725040382,-50.75246066800607,-59.80437343462973,0.0036182236312577456,0.006756479589865011,0.1447095472760086
15218,1723238049991232747,0.5365625023841858,0.0535046234726905,0.1394950449466705,-0.0315932855010032,0.0460705012083053,-0.0015389105537906,0.9984373450279236,0.0,0.0,0.0,0.26955505900320037,-0.5032856912624446,-0.07230008469548954,4.989302502,0.1394950449466705,-0.06405440123421854,0.3156181879102391,-0.05048833962424078,-0.3504408656260338,7.815214259453265,-2.127819264401649,-0.06354108616688287,0.09202963111179707,-0.006009515243159451,0.008284006473825656,0.0012306164218900406,0.03509913589941949,3.4326621561616326,-76.2993759965793,-119.62761530886814,0.002917702778688042,0.010383548461328758,0.1447095472760086
15220,1723238050002397347,0.536677360534668,0.0534549281001091,0.1398126482963562,-0.0309528931975364,0.0464763380587101,-0.0015402992721647,0.9984385371208192,0.0,0.0,0.0,0.24285145310135503,-1.0437793312152959,-1.1081531011629608,5.000467102,0.1398126482963562,0.1144454231625397,0.0727616086139972,0.007333930478518604,1.3817284678190456,-32.41383517382213,5.158873663217424,-0.06226049991007411,0.09284551558537345,-0.0059787287056766,0.011534082357151476,-0.01017372869111055,0.02604777546736159,-10.56982257186435,2.380932159488225,-41.36762547341431,0.00763229684718081,0.01288517311954768,0.1447095472760086
15222,1723238050011501575,0.5367916226387024,0.0533198192715644,0.1400319784879684,-0.0308590456843376,0.0451135076582431,-0.0012556303991004,0.998504400253296,0.0,0.0,0.0,0.08590710009466296,-0.645016246767174,-1.1030824775411534,5.00957133,0.1400319784879684,0.018586623311815507,-0.30149294164535323,0.05415153641551043,-11.461434748265606,-26.474053869466697,4.131134242853908,-0.06203050448363474,0.09013658112453982,-0.005313419545272254,0.0133868154761565,-0.01984213276749136,0.013750724889389332,-6.499510767638275,48.926587213549574,35.181227035771585,0.010409306813793864,0.01467570376845957,0.1447095472760086
15224,1723238050022245786,0.5369460582733154,0.053043209016323,0.1400486081838607,-0.0314651615917682,0.0429806858301162,-0.000701266399119,0.9985800981521606,0.0,0.0,0.0,0.1522427495529577,-0.05433261089460284,-0.2860656182915159,5.020315541,0.1400486081838607,-0.11637982618715076,-0.40038587843089973,0.08571482467051617,-16.202141078528335,1.6651235898357886,-0.12342450526530557,-0.06317605467130259,0.0859007879290162,-0.004120534659129005,0.012818755608204668,-0.02148553001321485,0.005038625841454092,24.451475855090898,17.422204871336447,46.565043547047935,0.014293624828441655,0.014487231898423285,0.1447095472760086
15226,1723238050033018464,0.5370673537254333,0.0528577603399753,0.1401405930519104,-0.0332304574549198,0.0415649190545082,-0.0003038491704501,0.99858295917511,0.0,0.0,0.0,0.6130687755969471,-0.27228557112732177,-0.10282809809982746,5.031088219,0.1401405930519104,-0.33024058254119565,-0.26504500263881686,0.05132131198737015,-7.267491503703548,1.8243414621939067,1.2251777797416867,-0.06667120809686135,0.0830874118884453,-0.0033809496871710855,0.01667429925029751,-0.021005579032309818,0.007625401214559346,4.774148090019221,8.02277144648714,-25.77676410500056,0.0105699951206037,0.011966734977971584,0.1447095472760086
15228,1723238050042441813,0.537269115447998,0.052628569304943,0.1402049213647842,-0.0345993414521217,0.0399981439113616,0.0002737151808105,0.9986004829406738,0.0,0.0,0.0,0.34479616365836985,0.036220835060474244,-0.6984197298245243,5.040511568,0.1402049213647842,-0.2949890239931975,-0.3363755273356632,0.09928296963277161,1.8462736729509146,-10.312660039667477,4.4245056455794884,-0.06935711781329022,0.07998854177253192,-0.0022282811494391693,0.024554822446543056,-0.026183127628433667,0.003829454192750603,-48.32526040697902,58.19977456703617,-60.06920331202461,0.02085088229115288,0.02196813154512496,0.1447095472760086
15230,1723238050051543017,0.5375202298164368,0.0523739084601402,0.1402134299278259,-0.0359141491353511,0.0379540510475635,0.0010064999805763,0.9986334443092346,0.0,0.0,0.0,-0.2695605071740945,0.7897151989889092,-1.217568318322828,5.049612772,0.1402134299278259,-0.2948393810151742,-0.4543452719448975,0.1337045294285966,-10.591786545757255,-7.443072092791805,0.8525317480197749,-0.07192289150401827,0.07594966095421911,-0.0007179957062981295,0.02337273720968014,-0.020705488816878947,-0.005125317772329829,-33.213464821977425,34.97777633670743,-25.834720631691013,0.02746088440158011,0.027715118453704647,0.1447095472760086
15232,1723238050060947582,0.5376990437507629,0.0522498860955238,0.1401063352823257,-0.0382279008626937,0.0357602275907993,0.0017066024011,0.998627543449402,0.0,0.0,0.0,-0.2486937349510997,0.6540189118992011,-1.157261558189115,5.059017337,0.1401063352823257,-0.4975416911651329,-0.4707110440454121,0.11325267608194128,-2.287147536816269,13.539417710555085,-1.3568858998042925,-0.07649929539505546,0.07161397319797201,0.0006761766736838712,0.019480239750556905,-0.011452964376507335,-0.018846711724149756,66.36121681864643,-41.305076068121885,-3.645041927164229,0.019770700027741336,0.018233954251841288,0.1447095472760086
15234,1723238050072812640,0.5379371643066406,0.0521399602293968,0.1397710591554641,-0.0396035984158515,0.0353007093071937,0.0024232696741819,0.9985888600349426,0.0,0.0,0.0,1.498852106559358,-0.23838729010700666,-1.351064369689118,5.070882395,0.1397710591554641,-0.23627371287536608,-0.08134021826806125,0.10939483289657348,10.025641096352011,9.645154215519593,-2.6909636020892718,-0.07920508543855653,0.07075274655431699,0.002048757251901112,0.019002410848194984,-0.00863007754228251,-0.028060666223099773,67.63394279268658,-20.626714031290803,55.372543813371635,0.021997496211288138,0.018102772917806008,0.1447095472760086
15236,1723238050086611506,0.538182258605957,0.0520310588181018,0.1393870115280151,-0.041590578854084,0.0330996736884117,0.0028177460189908,0.998582363128662,0.0,0.0,0.0,1.1538943410875877,0.35297957457052576,0.5637485795824952,5.084681261,0.1393870115280151,-0.2904141295722475,-0.3200999266694803,0.03429624979836457,105.00378648489678,104.97983976749308,5.549597033102373,-0.08315547885813733,0.06638864082510511,0.0028805834390962385,0.06438450618189506,-0.01956319643531934,-0.055923350017273776,-315.257327581435,127.487869150834,191.85702342616742,0.019546390941793376,0.0159555425771955,0.1447095472760086
15238,1723238050091662959,0.5385937094688416,0.0519106537103652,0.1390525698661804,-0.040473349392414,0.034211941063404,0.0029434745665639,0.9985904097557068,0.0,0.0,0.0,-0.9753655564087678,1.1534813774808017,1.6310825120037231,5.089732714,0.1390525698661804,0.44143845857337977,0.4363287359424155,0.08265638079964492,89.57179509940944,95.09527980551664,2.751628412772558,-0.08090964648438075,0.06861953515066972,0.0031166469991089412,0.06626538145258465,-0.015662222450268937,-0.04829915138029239,-321.53620304532103,124.40999314592693,65.57836581682251,0.08572531732632452,0.0769580495840562,0.1447095472760086
15240,1723238050102005976,0.5389574766159058,0.0519217550754547,0.1389322578907013,-0.039467953145504,0.0355637781322002,0.0026814811863005,0.9985841512680054,0.0,0.0,0.0,-2.1837159734750813,1.7189526850558703,-0.776524227512466,5.100075731,0.1389322578907013,0.19659024989015803,0.2625520268990026,-0.03335501123115019,-28.186897723962417,-36.36488077888636,-0.6706618459173517,-0.07891559440912015,0.07129890860786987,0.0025546033994824292,0.02763582409226828,0.004341891465872827,-0.028849937787554403,43.50372208023378,-3.7279145198376114,-153.00095140343177,0.035912236958891446,0.0342483447709175,0.1447095472760086
15242,1723238050112958035,0.5391727685928345,0.0520072132349014,0.1384166181087494,-0.0403459779918193,0.0335961394011974,0.003238073317334,0.9986156225204468,0.0,0.0,0.0,0.1520965686592033,1.000865010562723,-1.5270506147056704,5.11102779,0.1384166181087494,-0.164464105850784,-0.36259578840510825,0.08159838020006828,-19.069788152399976,-25.988163149603775,2.2492004660595226,-0.08063296409324892,0.06741159086388895,0.003764802873848402,0.021708016539399466,0.020673260498377033,-0.06816696090761809,113.99366580495911,-46.61883726016645,173.8312763829407,0.022813631712672935,0.01639443312395396,0.1447095472760086
15244,1723238050120680904,0.5393515825271606,0.0522369593381881,0.1377753466367721,-0.0412442311644554,0.0320823453366756,0.0035385228693485,0.9986276626586914,0.0,0.0,0.0,0.4917825377750755,0.7440187396899778,1.1352671589915235,5.118750659,0.1377753466367721,-0.23605724795308106,-0.3939769600276108,0.05405796440513591,14.873041958977314,22.64745216247062,-7.311223182595203,-0.08241218107633402,0.06441305521848864,0.0044301119521392915,0.02665846685624018,0.02573271408311295,-0.06872619820677617,-2.1435330126010186,-24.590571244456022,239.79796788983134,0.028581961223165274,0.01752021449423334,0.1447095472760086
15246,1723238050132372755,0.5397253036499023,0.0524667352437973,0.1372250914573669,-0.0391375534236431,0.0340721681714057,0.0028167171403765,0.9986488223075868,0.0,0.0,0.0,-0.34977169258902263,0.6099260173222212,2.0815596964374974,5.13044251,0.1372250914573669,0.3651872806114912,0.34361181482139214,-0.09771492403601961,-2.6441403384416886,33.767321914802324,-10.291101972313662,-0.07823956913970602,0.06832589007083288,0.002965744230738223,0.02976686785173399,0.03600512175314119,-0.034076163104383994,-60.716869636718016,822.1655606260409,-311.8643411088948,0.035160794621558134,0.028534164215247494,0.1447095472760086
15248,1723238050141327036,0.5399767756462097,0.0529012754559516,0.1370090246200561,-0.0393001101911067,0.0360309518873691,0.0019767938647419,0.998575747013092,0.0,0.0,0.0,-0.8162232753216164,13.688638384862845,-3.404666704790013,5.139396791,0.1370090246200561,-0.029273543205164832,0.4449173090123878,-0.17141727332349696,-32.65007901256439,4.332749423479052,-4.451130525253577,-0.07863134290690243,0.0721772981941615,0.0011188293344073382,0.022413096226656215,0.03962411733459903,-0.02148609445573535,-58.90414140229595,-1557.3831659246794,358.04978492857356,0.029805138788987637,0.02594920490884247,0.1447095472760086
15250,1723238050166997886,0.5401347875595093,0.0532631203532218,0.1366520375013351,-0.0396666713058948,0.0365696623921394,0.0018722981913015,0.9985418319702148,0.0,0.0,0.0,-2.829641347507352,-248.40066972500927,77.22884172241493,5.165067641,0.1366520375013351,-0.0282454149936462,0.04238243324599184,-0.007503917151853764,-30553.70597304184,8863.451841395736,676.0025322375326,-0.07937666286605229,0.07324668915947229,0.0008401955240691483,0.0018304558138879656,1.3686973201658645,-0.4629318697378153,11.61189630930312,-25614.911369095556,9110.820734828245,0.007168291232459566,0.005031648957464108,0.1447095472760086
15252,1723238050167403804,0.5401355028152466,0.0538273938000202,0.1364612430334091,-0.0422248765826225,0.0373162031173706,0.0019912044517695,0.9984090328216552,0.0,0.0,0.0,-2.8243499187813317,-258.8971029029575,80.96540505494282,5.165473559,0.1364612430334091,-12.62665513089532,3.697208160294193,0.27119564557707415,-27647.210563492034,7988.122783243834,620.1681171719293,-0.08450302268722701,0.07475142149073728,0.0008270385502961989,0.0006688376112347072,1.265940335806428,-0.43097722051388176,35.1899611096469,-22591.817066415664,8164.7015341447495,0.038006468792883795,-0.04309556742270465,0.1447095472760086
15254,1723238050171091207,0.5401013493537903,0.0543359145522117,0.1361802667379379,-0.0440976060926914,0.0357348769903183,0.0027430695481598,0.998384177684784,0.0,0.0,0.0,-1.952494501287696,-232.77870560221254,76.21804049602765,5.169160962,0.1361802667379379,-1.0316231007289265,-0.8710201804977976,0.3330603896700118,2360.1533600206967,-896.236635140791,4.393240287086414,-0.08819700325961552,0.07165750588705971,0.002331615144039482,-0.008494352088813883,0.11867750701779167,-0.057276050134080325,212.27224315525316,10784.46943863619,-2773.9693377314893,-0.00346212652802692,-0.01584708505719421,0.1447095472760086
15256,1723238050181763338,0.5400344133377075,0.0550084896385669,0.1361534893512725,-0.0444739460945129,0.0365185812115669,0.0027080823201686,0.9983391761779784,0.0,0.0,0.0,-0.43362608908153166,-3.3609501274490636,0.699270345867633,5.179833093,0.1361534893512725,-0.07014837851907589,0.14741595611719122,-0.002566729402843916,20.15487322287791,2.3947608143462418,-11.672888117576157,-0.08895770762105276,0.07322215113181764,0.0021647206715009262,-0.012883962621657474,0.05451181513935355,-0.019985191720053308,100.20184022396431,10524.958753740939,-3428.584518936299,-0.005935601855547355,-0.0069830446918126,0.1447095472760086
15258,1723238050191720837,0.5398446917533875,0.0554722286760807,0.1357921212911605,-0.0470331721007823,0.0330805890262126,0.0032786838710308,0.99834007024765,0.0,0.0,0.0,0.1728162443918435,-0.4959430581367368,0.4486737228105192,5.189790592,0.1357921212911605,-0.5192235007755728,-0.6930979845647196,0.06493419263730452,-3.0373025950242845,-21.352294259793553,4.832060271885573,-0.09403879850307255,0.0664085695726026,0.003442307348526181,-0.01740907747685938,0.04567953479489972,-0.03898937786857992,50.01915796533529,185.00306678543186,138.04010033511946,-0.016442799506854483,-0.021846708617692518,0.1447095472760086
15260,1723238050200909884,0.5396986603736877,0.055884413421154,0.1354109644889831,-0.0478872247040271,0.0314712934195995,0.0038100366946309,0.9983496069908142,0.0,0.0,0.0,0.5401501004542486,0.3329994136837735,3.101107205305314,5.198979639,0.1354109644889831,-0.19045287907888467,-0.35458101592904884,0.09282719021278701,47.25428612684845,47.00294497402681,-2.7797540477944445,-0.09571371699334726,0.06324576669759809,0.0046025698243695136,-0.010501966646124572,0.04443839594109944,-0.014877644201698459,-5.941438928605933,56.89844804142932,88.36849245246069,-0.013032262541543488,-0.0189277802964428,0.1447095472760086
15262,1723238050210852701,0.5396522283554077,0.0563217625021934,0.1355492323637008,-0.0458914712071418,0.0325818248093128,0.003707155585289,0.998408019542694,0.0,0.0,0.0,-0.012914781787884078,0.5403523724867632,1.825009112247634,5.208922456,0.1355492323637008,0.40284879047622196,0.2221066835799044,0.002626084951456276,39.93461099295601,37.188817958298685,-2.6966956504690773,-0.09171988572682994,0.0654468753670577,0.004421532339400711,-0.00740694900281369,0.05278500452354917,0.021089397328162285,-38.58047702752359,30.764206740754133,-143.22736547032767,-0.005375266857920981,-0.004217000426576001,0.1447095472760086
15264,1723238050220702102,0.5395525693893433,0.0569275096058845,0.1358270347118377,-0.0429242067039012,0.0344959460198879,0.0037113514263182,0.9984757304191588,0.0,0.0,0.0,-0.22661253353428645,0.9400485562616216,0.2690876431408,5.218771857,0.1358270347118377,0.603611786108972,0.38533818627269384,0.03826808903566143,0.534407356466847,1.2746640336720274,3.0054872969614554,-0.08577202581664196,0.0692607046039123,0.004460675930560576,-0.010697293071903147,0.05518878846518671,0.02157663488200079,-12.682267189801038,33.91211267625626,-132.1679148880464,-0.011772176891797784,-0.008797890824643027,0.1447095472760086
15266,1723238050233820009,0.5394021272659302,0.0575411915779113,0.1359942704439163,-0.0411843620240688,0.0354038625955581,0.0040523521602153,0.9985159039497375,0.0,0.0,0.0,-0.23548872979728896,1.2683961434188467,-1.0138684099466142,5.231889764,0.1359942704439163,0.2638414129648875,0.13478559972831783,0.06698035680292933,20.154228177882597,21.937030163924533,2.6341842596190483,-0.08225985979626044,0.07109630657044531,0.005189638878706435,-0.01179265967282106,0.0796800243747704,0.028943476605514107,2.4996178931401616,-90.89617097262018,-202.39490790302023,-0.012102780189374163,-0.01105723561449201,0.1447095472760086
15268,1723238050241284804,0.5393127202987671,0.0582757331430912,0.1362791210412979,-0.0389065332710742,0.0371888354420661,0.0042290133424103,0.9985416531562804,0.0,0.0,0.0,-0.20333723286007532,0.0974334856563388,-2.9690024700604347,5.239354559,0.1362791210412979,0.6099263412681383,0.47286118684717576,0.0885360038100104,-16.90430559267786,-0.8870995965906898,4.831279038291127,-0.07767936396388457,0.07466763746734906,0.005567456089929227,-0.014196156221373712,0.08660551663541005,0.014682828299146244,31.907058889065432,-107.87949990495746,-112.24972161592935,-0.01424389000633031,-0.010237908623537479,0.1447095472760086
15270,1723238050250932459,0.5391480922698975,0.0589642003178596,0.1361280530691146,-0.0405230410397052,0.0366748087108135,0.0050789881497621,0.998492419719696,0.0,0.0,0.0,0.44863041441092494,-0.33256294751306203,-2.1858113014056864,5.249002214,0.1361280530691146,-0.342020779373347,-0.11146325361349664,0.15938140794095743,-63.01699923899136,-42.81700910867394,5.590354097874306,-0.08085880413722842,0.073717417509579,0.0071899015981814855,-0.014678577711986662,0.0771923993171666,-0.02716077609856704,64.97157579995991,-20.745427580574628,156.77447844380262,-0.015352320332074301,-0.019093532653803997,0.1447095472760086
15272,1723238050260744591,0.5390278697013855,0.0597798153758049,0.1357467621564865,-0.0434400029480457,0.0349622406065464,0.0062219719402492,0.9984247088432312,0.0,0.0,0.0,1.0601311454156548,-0.2983641066935596,0.10687475353600173,5.258814346,0.1357467621564865,-0.6045424235421398,-0.3544601623798427,0.19674155745670066,14.749413000293057,-11.343384797751884,-3.129059285488374,-0.08663079554510228,0.07041306499221472,0.009410278358050753,-0.005300477919945479,0.08034727499166516,-0.027138860534493325,22.5263923510063,27.991144784604888,106.19939702580633,-0.008707346699324955,-0.016198694994286975,0.1447095472760086
15274,1723238050271644824,0.539054274559021,0.0606220066547393,0.1355928629636764,-0.043094266206026,0.0332655385136604,0.0067133880220353,0.998494565486908,0.0,0.0,0.0,0.823802691851064,0.30348633899778266,-0.2789265466666886,5.269714579,0.1355928629636764,0.058804034499529284,-0.3155840647106617,0.07863874094167725,54.79986353547807,-5.023308602090946,-0.4585984574252304,-0.08591063327584046,0.06705978608509398,0.010563393944168614,0.007518958748764959,0.06958876427838678,-0.024706800373702542,-44.49351184389857,110.93019919671941,11.685707827850894,0.004177249149453234,0.00022970873551285707,0.1447095472760086
15276,1723238050282941147,0.5391988754272461,0.0613182559609413,0.1351898163557052,-0.039616335183382,0.0306687336415052,0.0078137321397662,0.9987136721611024,0.0,0.0,0.0,0.05412849866754821,2.2088430864398685,0.4042303294892382,5.281010902,0.1351898163557052,0.6069409609202426,-0.4728886517821009,0.19493148726954415,-2.7853223003798817,12.7651714856334,-7.6634077435297145,-0.07888426968479659,0.061917224923264555,0.013203079951337853,0.012700975381875423,0.08812449655114118,-0.03373500646041627,-52.51223393732648,23.2868224035538,140.60201304288822,0.0157950099843414,0.009499745084550643,0.1447095472760086
15278,1723238050291006561,0.5393007397651672,0.0621815584599971,0.1349289268255233,-0.0384418107569217,0.0298116710036993,0.0079321796074509,0.9987845420837402,0.0,0.0,0.0,-0.27943968418027115,1.5594556726356785,1.999656477043491,5.289076316,0.1349289268255233,0.28900976884435026,-0.21623280315113308,0.029709285320107397,-28.937974198309877,34.686856726758144,-13.947701134311817,-0.07653039694774291,0.06019707635641655,0.013578057875868231,0.010807581880097672,0.10921048842135983,-0.023544564361920095,-7.777112944716769,-159.46593019194108,49.55029879779768,0.01600241997241606,0.008757833775648885,0.1447095472760086
15280,1723238050300742094,0.5393845438957214,0.0632703155279159,0.1348031461238861,-0.0378177911043167,0.0305654443800449,0.0077419932931661,0.9987871050834656,0.0,0.0,0.0,0.03946955098990251,-0.9208200518335841,0.7397735638410026,5.298811849,0.1348031461238861,0.13045172708348313,0.15513111805238225,-0.029252840892698972,-24.76272706818314,29.257552331152645,-11.443988564001257,-0.07528469873383749,0.06168141830667915,0.013178813804346658,0.007561972131586714,0.11199578668946453,0.004574393849988034,40.50933075849266,-200.15225058830217,-178.914677530937,0.010858340883721193,0.005821613564676809,0.1447095472760086
15282,1723238050312506075,0.5394586324691772,0.0645901411771774,0.1351056396961212,-0.0395306944847106,0.0326901860535144,0.0062968749552965,0.998663604259491,0.0,0.0,0.0,0.6262169694892169,-2.499079576926389,-2.0686765072882602,5.31057583,0.1351056396961212,-0.2813462410367836,0.37297780616378157,-0.2404648621715295,58.24585264057278,7.877071536804923,20.367946707460337,-0.078796093045788,0.06583839230807484,0.010014251698141668,0.013326339862274494,0.08400688338365159,-0.017264104778868195,14.363523023280282,17.80005235729736,-19.47583798519126,0.005713308577921926,0.006249074666963963,0.1447095472760086
15284,1723238050322712243,0.5396568775177002,0.0651979595422744,0.1345488876104354,-0.0336865372955799,0.0346183367073535,0.0075975595973432,0.9988038539886476,0.0,0.0,0.0,0.45835780720254427,-0.9718541814533492,-0.3260063450803544,5.320781998,0.1345488876104354,1.1388236901779325,0.3591499174878242,0.30674215785599634,51.192584738608154,-56.64936977884186,15.943236124272733,-0.06697913732133975,0.06972220222444714,0.012876238987302618,0.02092375541952407,0.0574393962744999,-0.040257114871633526,-33.092039286639555,232.49817722585425,248.46820595085822,0.02394049550984233,0.014588037517280323,0.1447095472760086
15286,1723238050332647396,0.5398792624473572,0.0657481774687767,0.1342871636152267,-0.0296874977648258,0.0310008879750967,0.0080841360613703,0.9990456700325012,0.0,0.0,0.0,-0.0313980042452775,2.1394241764752047,2.894233359782356,5.330717151,0.1342871636152267,0.7967816480633877,-0.7384419790981605,0.10080126819855115,-35.48023736197138,-42.51703672593009,-8.736133898276243,-0.05896619527339303,0.062463211711007376,0.014340622210063499,0.02271125359529691,0.06356002140428263,-0.02486084600825933,-40.23173928964808,161.62806663698188,194.95783152619777,0.024774728316376934,0.01972207343811381,0.1447095472760086
15288,1723238050341160870,0.5400750041007996,0.0663489624857902,0.134086325764656,-0.027580264955759,0.0284605491906404,0.0085806660354137,0.9991775155067444,0.0,0.0,0.0,-0.3077894922500529,2.4099904041496485,3.611691364248385,5.339230625,0.134086325764656,0.48704128570626076,-0.6046362927847829,0.11391355635136467,-33.558755218473785,44.26175192129855,-17.60984320541533,-0.05474412908534677,0.057379075976786445,0.015603629617741602,0.020902359145896554,0.09288726611458209,0.00958799092561069,4.747450365144584,133.43185039335518,-58.44433157823116,0.025403485580503378,0.02029997563307716,0.1447095472760086
15290,1723238050352851870,0.5402858257293701,0.0677932202816009,0.1347310841083526,-0.0268472619354724,0.0305705107748508,0.0061646802350878,0.9991530179977416,0.0,0.0,0.0,0.3451427842376953,5.6018956251060885,0.6371609574419546,5.350921625,0.1347310841083526,0.14003757545044607,0.3711003781487256,-0.39940698254572293,-25.02269476512723,68.17737442974386,-35.32572474797426,-0.05339827184646653,0.0614589289122668,0.010697849966145057,0.015773755454787874,0.10444906830482656,0.0448334082265216,1789.4387147630355,10519.328823036112,2752.3264253482307,0.015929460954093914,0.01962394419606351,0.1447095472760086
15292,1723238050411516202,0.540546178817749,0.068302035331726,0.1343242973089218,-0.0255015715956687,0.0268624536693096,0.0078214509412646,0.9992831945419312,0.0,0.0,0.0,615.6417186110237,3638.937698371208,1047.205389564256,5.409585957,0.1343242973089218,0.043451892881393145,-0.12824390531242436,0.05441644558694314,15673.368643410942,-1166.0442299117333,4103.765980104888,-0.05064211294675502,0.05411171897175851,0.014283010093978369,0.26675675493993367,1.791003185808762,-0.6176831453486216,661177.6891419957,1416898.2758086734,845622.4290209878,0.004929796456953155,0.003914100710997412,0.1447095472760086
15294,1723238050411951420,0.5406631231307983,0.069087266921997,0.134053498506546,-0.0239858441054821,0.0267454255372285,0.0081876534968614,0.9993209838867188,0.0,0.0,0.0,905.4990879857273,4259.972223893956,1417.9082262717718,5.410021175,0.134053498506546,6.915395352002606,-0.6394647698200858,1.8536744817148427,5498.320161476524,-39372.88364327264,-19842.77587939517,-0.04758812532222129,0.053873361497671086,0.015103650738084147,0.5366690755038235,3.3863909072414344,-0.1585028418058414,387248.58283954253,-8889741.607912593,-3100597.9443900306,0.3289967826364955,0.20342706830446908,0.1447095472760086
15296,1723238050412178701,0.5408169031143188,0.0700447186827659,0.1340725123882293,-0.023200849071145,0.0251331012696027,0.0075801946222782,0.9993861317634584,0.0,0.0,0.0,960.427329968533,1014.9997805589373,244.08972892846347,5.410248456,0.1340725123882293,6.9435652830172225,-14.121978824686446,-5.502067843357303,515.194169080587,4588.6866555709175,-31972.904872064384,-0.046067439803966354,0.05060868033403253,0.014003250249962667,0.7763370697757637,4.42513420135208,0.2068279558177153,-1124840.5466553215,-16566814.674806427,-5328675.511438578,0.7303558596833979,0.6111090951193735,0.1447095472760086
15298,1723238050412430537,0.5410402417182922,0.0712184235453605,0.134158968925476,-0.022344147786498,0.0257131196558475,0.0058513218536973,0.9994025230407716,0.0,0.0,0.0,295.8340625017581,-3795.9791271545296,-1143.6431254556187,5.410500292,0.134158968925476,7.182485912396948,4.867197076221669,-13.444839009438896,19633.577482910587,31910.20634228437,-4654.011367287956,-0.04443461037463014,0.05168000053153638,0.010560872173175183,0.9919566237779236,3.6886617831188886,-0.1121240066791529,-2655819.442180204,-10757462.209290497,-2148787.3421087926,0.917027216030364,0.8432985585122043,0.1447095472760086
15300,1723238050412763612,0.5414169430732727,0.0720188692212104,0.1339209973812103,-0.0187001004815101,0.0251128152012825,0.0052463975735008,0.9994959235191344,0.0,0.0,0.0,-596.1656970744918,-3702.3666822741743,-378.4631456155524,5.410833367,0.1339209973812103,21.953007224189257,-3.6637596954170735,-3.1513793301905912,18717.729921083705,-14111.061117507086,19908.408610480532,-0.037173631880183904,0.05041788652183874,0.009560575844432788,0.8436430425667822,2.0403730736170402,-0.43891903322537473,-1893483.4489871114,1490814.990703587,2098674.3600676055,1.188444952025757,1.0663047446884473,0.1447095472760086
15302,1723238050413420559,0.5415988564491272,0.0728891566395759,0.1339896917343139,-0.018397007137537,0.0257345475256443,0.0038072485476732,0.9994922876358032,0.0,0.0,0.0,-823.4557975448187,-1155.4432721626347,742.8606541798366,5.411490314,0.1339896917343139,1.0420186372846811,1.9692069959763372,-4.32049016218559,-29245.28961856913,7849.472697565119,-1588.206011627203,-0.036636335720091326,0.05160595040140106,0.0066726865534945945,0.2564923661591303,1.2230429447460098,0.09337170598712152,-308928.5616282242,3572367.541078956,1559388.4973374086,0.27996637280728826,0.2705604529778519,0.1447095472760086
15304,1723238050420820945,0.5417951345443726,0.0734618380665779,0.1337474733591079,-0.0179083291441202,0.0243245065212249,0.0033859661780297,0.9995379447937012,0.0,0.0,0.0,-20.944861725606522,-106.28948868146982,-11.792283251228682,5.4188907,0.1337474733591079,0.13370734316134292,-0.3796045934054295,-0.11745520703916944,-79.33346415635363,-209.44170562924458,391.3684297775558,-0.03568537518780957,0.04876713614787501,0.005904634990532852,0.023150749195137266,0.06593210607515076,-0.02694439648078628,74918.12505408812,99434.06992977735,-69862.65412201847,0.028542616071010125,0.02431186158235927,0.1447095472760086
15306,1723238050437071101,0.5420510172843933,0.0741245597600936,0.1335160881280899,-0.0147272488102316,0.0248859394341707,0.002822775626555,0.9995778799057008,0.0,0.0,0.0,0.264063220366765,-1.1461366542647227,-1.215095365741142,5.435140856,0.1335160881280899,0.393340961820341,0.06886295361098724,-0.05853888548063333,280.35683183017335,-68.89610056144458,-37.47193388766884,-0.029342231788372555,0.04985466221840115,0.004916293515059376,0.060538295229207506,0.1253094859845021,-0.059217889051659256,9.995282420474553,805.0265345762688,355.65380063124707,0.016636557108797047,0.014759471583434153,0.1447095472760086
15308,1723238050440840131,0.5423183441162109,0.0746707469224929,0.1332535743713379,-0.0115699842572212,0.0243698824197053,0.0023075663484632,0.9996334314346312,0.0,0.0,0.0,-0.8304664857184951,-3.0644434966919736,-0.13272223284967455,5.438909886,0.1332535743713379,1.6811299900059777,-0.275161653058351,-0.23569842267801672,238.1518985222372,-67.9664962094323,-29.541211970465763,-0.02304848692783839,0.04879465576400922,0.004054359308174408,0.059753123370553496,0.11679350860310334,-0.0631236725733686,-221.6777021609626,-358.8300900190676,253.82335731316198,0.07482626618613555,0.06670217548397396,0.1447095472760086
15310,1723238050452706788,0.5426099300384521,0.0750060454010963,0.1327483505010604,-0.007765432819724,0.0231327731162309,0.0026221382431685,0.99969881772995,0.0,0.0,0.0,-0.8934209359063878,-1.7132297839027357,1.6332175667225965,5.450776543,0.1327483505010604,0.6393363413230677,-0.21078693370143037,0.06618693627839782,-61.98873801817173,0.3614541907330988,-3.880733026378671,-0.015422017424738671,0.046308885839529856,0.004888685451512328,0.02665385696725764,0.050353266488343706,-0.030940014367091706,82.11615980676245,163.61122972938165,-12.42937887560467,0.026654115032794023,0.02241951270396223,0.1447095472760086
15312,1723238050460678850,0.5428335666656494,0.0755258128046989,0.1325640082359314,-0.0066450946033,0.0221954099833965,0.002118004951626,0.999729335308075,0.0,0.0,0.0,0.22941296138717093,-0.14249464441830084,0.6705583606926832,5.458748605,0.1325640082359314,0.2833499985210115,-0.23502316975555007,-0.12178128506871824,-0.28347106824156043,10.62928004625924,-13.490911491074147,-0.013205982888622786,0.04442156151145968,0.003943782824245766,0.029684951799833215,0.057505625788394354,-0.023698073578024115,82.10013249324766,103.00976960482603,-83.9914924077425,0.029308374481343925,0.02670377021164035,0.1447095472760086
15314,1723238050471636959,0.543183445930481,0.0760400891304016,0.1322956681251526,-0.0014643917093053,0.0226802993565797,0.0013548781862482,0.9997408390045166,0.0,0.0,0.0,0.24420678107243243,-0.4298930626214019,0.30391174144549604,5.469706714,0.1322956681251526,0.9485837407372887,0.08735103778570168,-0.11767260542885145,13.457360794996113,3.127303764042791,1.1100392498714662,-0.002869522887671508,0.04536837309768682,0.0026453534908918185,0.029927415141237645,0.040283957122057235,-0.0199327666760567,-14.78345410026433,17.34323013474008,-9.406131179041392,0.03313044676561414,0.03065518101489337,0.1447095472760086
15316,1723238050483854439,0.5435218214988708,0.0764417126774787,0.1321141868829727,0.0013911053538322,0.021262863650918,0.0007172507466748,0.9997727274894714,0.0,0.0,0.0,-0.15617345961286722,0.37549323147769975,0.5166297965874822,5.481924194,0.1321141868829727,0.46938400642332334,-0.23257279182671944,-0.09409756337904479,-14.708124690119178,-13.630521875646698,-8.536086496913072,0.0028146285048533085,0.0425268842372527,0.0014946851856763735,0.035936093681826264,0.050583487139767236,-0.016760473169838974,-40.32632182942914,-2.4251339365126796,0.2732039841556073,0.028351551885936115,0.02699417434962035,0.1447095472760086
15318,1723238050491031549,0.543814480304718,0.0768794268369674,0.1319858580827713,0.0030527103226631,0.0202695410698652,-3.5490815207595006e-05,0.9997898936271667,0.0,0.0,0.0,-0.477453973149761,0.0699299817918495,0.4463350097598833,5.489101304,0.1319858580827713,0.46717869215432534,-0.2774656533347433,-0.19948711963127932,-7.122666546821339,-3.126025935810323,-6.441913540407354,0.006107755838148923,0.04054188646907447,5.283076937796976e-05,0.032083214694592854,0.05130729075149665,-0.011969103709009499,-9.29514959985792,2.5554944771008046,4.094585265221308,0.04147110705616661,0.04003036681603901,0.1447095472760086
15320,1723238050503816201,0.5440266728401184,0.0773149207234382,0.1319674551486969,0.0044522685930132,0.018697990104556,-0.0006705741398036,0.999815046787262,0.0,0.0,0.0,0.21147157282700269,1.1303697011274698,0.8149803067521992,5.501885956,0.1319674551486969,0.22090801565541213,-0.246173250457593,-0.09414149139783615,10.248373642159695,-25.422376119184882,5.026390092149872,0.008884144187930985,0.03740375580905661,-0.0011752255505544235,0.027331298411006344,0.051497191898841166,-0.011301606569736222,2.943706911013394,-30.972811993393726,43.33193795169231,0.01659964668265587,0.016583359243323288,0.1447095472760086
15322,1723238050510495246,0.5442466735839844,0.0777197033166885,0.1318575590848922,0.0057565849274396,0.0169845502823591,-0.0009423791198059,0.9998387694358826,0.0,0.0,0.0,0.053375941937728766,0.526001511529069,1.1549806517763195,5.508565001,0.1318575590848922,0.3923317398184317,-0.5132176800180104,-0.07178332015508417,20.45885491921911,11.950168618315683,-7.3084461541798245,0.011486185191644113,0.03398101279897556,-0.0016898847193043715,0.030778556341708452,0.06293936510309628,-0.003196775549103137,-13.88218588313086,-111.80365120517185,-20.387724725969065,0.03337654468564904,0.03248729353205063,0.1447095472760086
15324,1723238050520849722,0.5445306897163391,0.0784088820219039,0.13203726708889,0.0084254657849669,0.0192905589938163,-0.0026236621197313,0.9997750520706176,0.0,0.0,0.0,0.06675811410271804,-0.9738481553424432,-0.200556473880935,5.518919477,0.13203726708889,0.5205864686879305,0.44416651743328894,-0.3185128760744866,-1.2675081427482953,39.30574563159666,-5.148590437129544,0.016759201805897586,0.03862625466120751,-0.004924773260260703,0.02390288450575362,0.04932924764965918,0.007823520631908387,8.825735315566845,-69.53183179389036,-117.1125552756662,0.026410763629208203,0.028448009492911364,0.1447095472760086
15326,1723238050535165627,0.5448030829429626,0.078774057328701,0.1319606006145477,0.0100831314921379,0.0189638379961252,-0.0028194214683026,0.999765396118164,0.0,0.0,0.0,0.3422129847635649,-0.47848678025077707,-1.603974754094503,5.533235382,0.1319606006145477,0.2321903766988027,-0.04523101302071024,-0.022493942529568038,2.156926874541359,-43.13087181006533,-0.21024356593108529,0.02007042175285341,0.037984768888957014,-0.005258907952467675,0.03932298459771033,0.04212861071618157,-0.020082860237920386,-91.76054609521853,-12.916138927861383,72.71112047167544,0.01908265002265023,0.018964122285767923,0.1447095472760086
15328,1723238050541424592,0.5451047420501709,0.0790832191705703,0.1317946016788482,0.0110349645838141,0.0179009437561035,-0.0031016687862575,0.9997740983963012,0.0,0.0,0.0,-0.5358628339252968,-0.6893595346162686,-0.6816494767486976,5.539494347,0.1317946016788482,0.30671885239004143,-0.3396638989568307,-0.08096829278144296,10.708515678247148,-19.04362669980208,-1.1888827783414402,0.021969796360854773,0.0358699449524035,-0.005810634078285626,0.039453824162762885,0.039200807382803404,-0.029177045576055605,-109.59824065967317,14.665471230491232,164.55924308479007,0.048828809350803824,0.04754286809852842,0.1447095472760086
15330,1723238050552196394,0.5453676581382751,0.07931649684906,0.1314310878515243,0.0131930634379386,0.017752131447196,-0.0028327640611678,0.9997514486312866,0.0,0.0,0.0,-1.1474380704152765,0.3650754724287313,1.4097855632316456,5.550266149,0.1314310878515243,0.3998419565493648,-0.025754683910338503,0.057380904657944404,-5.599253694788194,9.398555843543608,-6.16562355238581,0.02629866508724177,0.035577688998337485,-0.00519902340284299,0.02335999674632916,0.027667369100315753,-0.022220238916327517,-7.094187868800589,117.1113880016037,102.00549019952703,0.02547989363881359,0.023329506941862522,0.1447095472760086
15332,1723238050560926267,0.5455641746520996,0.0796005576848983,0.1313186585903167,0.014273633249104,0.017392661422491,-0.0034283308777958,0.9997410178184508,0.0,0.0,0.0,-0.8578727799178829,1.5234456266180025,1.6482976581576532,5.558996022,0.1313186585903167,0.25018227014681893,-0.08338995544252066,-0.13093510238846376,-31.00796210658374,-4.273431831848245,-12.994327398355658,0.028441750571254882,0.03488125646048954,-0.006362286068709669,0.015795435710945327,0.04101261342756635,-0.004508026691182998,33.83505270110245,20.525857024388323,-42.49326430400356,0.022738900544681324,0.02228925582465966,0.1447095472760086
15334,1723238050570763568,0.5456451177597046,0.0800979435443878,0.1313671022653579,0.013232447206974,0.0169178061187267,-0.0042223813943564,0.9997604489326476,0.0,0.0,0.0,-0.5176490949440637,0.4819971843861999,0.4563686146546596,5.568833323,0.1313671022653579,-0.2085440169428161,-0.09961549404750435,-0.1636850069329029,-11.409987312294607,13.257304731061094,-10.046471877943542,0.026333900668906438,0.03394577075472623,-0.007999705807491677,0.007452077614598096,0.055941103660171354,0.007487496405716776,31.4891299880844,-57.31703734492075,-81.13577328619377,0.007651808119592021,0.008838724766870951,0.1447095472760086
15336,1723238050581679022,0.5457170605659485,0.08077372610569,0.131479874253273,0.0137150529772043,0.0181724093854427,-0.0061501287855207,0.999721884727478,0.0,0.0,0.0,-0.21142818891673532,0.4443852920473179,0.05555036335474406,5.579748777,0.131479874253273,0.0935034499583494,0.22564046845025298,-0.354705405866129,18.95629354204007,5.654225572337943,-3.1827803511795274,0.027220452711765923,0.03651152106295453,-0.01180650837572399,0.005804470837848186,0.04866007367765457,0.0032274063362063288,17.01067917388469,3.119489554709684,-12.374162977187348,0.0054784854464154506,0.0077518723979599895,0.1447095472760086
15338,1723238050593920929,0.5457773208618164,0.0811874940991401,0.1314218491315841,0.0149517338722944,0.0179570857435464,-0.0073822005651891,0.9996997714042664,0.0,0.0,0.0,-0.15480331732701041,0.5727115452712921,0.2383279295579217,5.591990684,0.1314218491315841,0.20590815165413526,-0.036620779376800396,-0.19709976146930025,14.96904538368777,16.96170645173717,-32.39646303122407,0.02965306114716871,0.036132003761601264,-0.014232759082866761,0.0023857463190424255,0.06935954961495838,0.010028508022921656,14.685819319894975,-217.9231783478196,-132.4122184589749,0.004609245535145799,0.005266643766487536,0.1447095472760086
15340,1723238050600638351,0.5457839965820312,0.0817844867706298,0.1315436512231826,0.0160226710140705,0.0187127981334924,-0.0093437638133764,0.9996529221534728,0.0,0.0,0.0,-0.019070040437169422,-1.733075539949021,-1.194247084591792,5.598708106,0.1315436512231826,0.3277927848983546,0.2188053335349791,-0.5815887350328989,15.26900464083348,15.702879843568153,-20.069935064078813,0.03171239387517761,0.0377209754957337,-0.018095242453687776,0.0018046302733623065,0.06908515374684931,0.010460141242185195,6.992154018058013,-225.53202374682326,-152.17723011801672,-0.0012978160995033164,0.003379388540437096,0.1447095472760086
15342,1723238050611204504,0.5458165407180786,0.0821855887770652,0.1315266638994217,0.0183367058634758,0.0187784079462289,-0.0103152999654412,0.9996022582054138,0.0,0.0,0.0,-0.1648066543107502,-2.1595288874496514,-1.7869354807609739,5.609274259,0.1315266638994217,0.44133576113158907,0.013740156176540482,-0.17592429766780954,30.307570547472878,-29.204102025356214,35.1682863460383,0.03630549669201438,0.03792926892617096,-0.019949396428325907,0.0027239656747575225,0.022648388222299864,-0.023074780520610183,-19.88997044699156,129.41938065098515,70.08179963623469,0.0023814687445510387,0.003826450222186823,0.1447095472760086
15344,1723238050620758045,0.5458394885063171,0.0822696909308433,0.1311207860708236,0.0226278100162744,0.0170516390353441,-0.0097952950745821,0.9995505213737488,0.0,0.0,0.0,-0.40749367777306394,0.5434369885764798,-0.02751064504431089,5.6188278,0.1311207860708236,0.8998534385750633,-0.3498831195968507,0.13220391060798023,10.472242790548437,-1.192927643376314,6.369982275189364,0.04494314963808502,0.034538107760010046,-0.018822438181236745,-0.001025686041650431,0.021325972450893627,-0.02816659001451871,-16.916679543519717,170.545283001389,117.2757271762617,0.003701615491703118,0.0011499600133932362,0.1447095472760086
15346,1723238050631706837,0.5457852482795715,0.0826603174209594,0.13099205493927,0.0255966149270534,0.0175830461084842,-0.0105057433247566,0.9994625449180604,0.0,0.0,0.0,-0.486228194323562,1.0005423596206229,0.41720680537877464,5.629776592,0.13099205493927,0.543689245166137,0.09967725971477141,-0.12282492220172697,-10.419286065152988,21.335528533163817,-11.189701872855661,0.050850555149410157,0.03569259296847153,-0.02011422742729747,-0.005675536008343585,0.03583178422130828,-0.02212531170408205,5.783284847941431,-13.563950191479304,22.127197966249078,-0.005247387968448123,-0.004575406211520401,0.1447095472760086
15348,1723238050641785515,0.5457213521003723,0.0830228850245475,0.1306728720664978,0.0288351662456989,0.0182281453162431,-0.0111668203026056,0.9993556141853333,0.0,0.0,0.0,-0.30756715125753276,0.35065438979260577,0.46866784776083614,5.63985527,0.1306728720664978,0.6438134659838641,0.13171067077921922,-0.12331256626108408,-3.431171681395874,-2.5849275225939845,-8.720246085581605,0.057296789307032234,0.037085293055584105,-0.021284266463443204,-0.011147000772218973,0.04290683708214438,-0.019168911037586334,35.61632756917838,-57.77676013819932,-22.92657727625287,-0.005924844776148113,-0.006626621078212587,0.1447095472760086
15350,1723238050650784530,0.5455824136734009,0.0834647119045257,0.1306008100509643,0.031089162454009,0.0185173265635967,-0.0124208535999059,0.999267876148224,0.0,0.0,0.0,0.15668856256685054,-0.11540713818188264,0.03710976528591414,5.648854285,0.1306008100509643,0.5055449228974214,0.06214100471347074,-0.2714646858221238,-13.264196279497238,-1.6929335172843354,-1.7681721296301296,0.06175610808499981,0.03778884012445367,-0.023691271739862695,-0.012024099489433837,0.04323945874707391,-0.013542538394615278,23.41514577995643,-9.052320411504564,7.388803858368728,-0.01628364578381558,-0.014438808204146208,0.1447095472760086
15352,1723238050661296242,0.5454979538917542,0.0838473066687583,0.1303904950618744,0.0331444628536701,0.0191318802535533,-0.0130153112113475,0.9991827607154846,0.0,0.0,0.0,0.056876347752709444,0.31420353794433753,0.7943420711813981,5.659365997,0.1303904950618744,0.391908818856278,0.11848255867730871,-0.10961618659100911,1.0161091928801937,4.110866739618875,10.613234729894181,0.06583457828983472,0.039105226835875466,-0.024762577330613798,-0.007256349119444394,0.04015543908117092,-0.020373684344271226,-14.129596436847393,49.23114729932732,138.49174635285442,-0.008144519191585726,-0.007781081698676936,0.1447095472760086
15354,1723238050670710655,0.5454362034797668,0.084257036447525,0.13019560277462,0.0355061255395412,0.0197986811399459,-0.0132728526368737,0.9990851879119872,0.0,0.0,0.0,-0.1152200309049265,0.8481866357896275,2.6584842481482367,5.66878041,0.13019560277462,0.5011922190304545,0.14665267060771847,-0.05003362449971421,-17.77402196584093,2.3634678899216697,-3.7727446144940444,0.07053803496661287,0.040514756162380997,-0.025138746652522664,-0.010065639761588585,0.04823649329771129,-0.0007183966464907598,10.672979056634682,7.883625633305137,71.59107209340047,-0.0068062605146023475,-0.006135702459107522,0.1447095472760086
15356,1723238050681083333,0.5452917218208313,0.0848112627863884,0.13041652739048,0.0353981032967567,0.0206873379647731,-0.0143009191378951,0.999056875705719,0.0,0.0,0.0,0.3263770457285238,0.3718382463399199,1.9563059223220645,5.679153088,0.13041652739048,-0.01896498015599732,0.16398233775459226,-0.20461316852320166,-14.012812252680634,8.891602362459285,-10.72602185606912,0.07025850501932084,0.04236077309964326,-0.027137951064602525,-0.009167274894977595,0.05691807426195572,0.03337940928866434,11.883505757035778,-64.81337876571082,-163.50346634808142,-0.01626193966762524,-0.011447559931235245,0.1447095472760086
15358,1723238050691673435,0.5452461242675781,0.0854517295956611,0.1309006363153457,0.0365749225020408,0.0225001499056816,-0.015706742182374,0.998954176902771,0.0,0.0,0.0,0.12040610944683017,-0.5187823350300094,-0.8111017152972508,5.68974319,0.1309006363153457,0.2233222155551422,0.3362182773537927,-0.27304566350870313,11.249493994287452,6.426486865574684,4.233040475845277,0.07250707712155423,0.046118529870782715,-0.029770796128718524,-0.0031185140617182583,0.05582687687985555,0.039706380577174905,-27.43731301274152,-52.422920770331174,-176.97163499196853,-0.008204971513336098,-0.0002993788526162728,0.1447095472760086
15360,1723238050703070660,0.5452251434326172,0.0860309526324272,0.1312794983386993,0.0377778448164463,0.0241449438035488,-0.0162062309682369,0.9988629817962646,0.0,0.0,0.0,-0.29028198925868665,-0.7277195558720542,-1.7934792606538683,5.701140415,0.1312794983386993,0.2088936461777461,0.28879852157166885,-0.09361771201802348,-28.73042745198417,-53.38633166726008,22.291729692207838,0.07484857148823766,0.04947964124241727,-0.03059352927120683,-0.00727524077384345,0.04481475166568494,0.013185068431543101,1.799733080986278,23.95235205483811,42.021102928010336,-0.00503453154632429,0.0014630326843577636,0.1447095472760086
15362,1723238050710733319,0.5451413989067078,0.0863434076309204,0.1312772035598755,0.0371802747249603,0.0227074958384037,-0.0158216562122106,0.9989252686500548,0.0,0.0,0.0,-0.08157880373342674,-0.3263383945658216,-0.8109436493850204,5.708803074,0.1312772035598755,-0.15274949039363453,-0.3738841638901284,0.11093337509816237,-28.781465150895844,-38.6804267827898,10.184513721016549,0.0737086215840278,0.04655950984487989,-0.02995770354200343,-0.00911611342457519,0.04046714805195917,0.002190832403466736,38.61080972970118,42.57109329741926,101.99901497968749,-0.01211828993342779,-0.009567640141555186,0.1447095472760086
15364,1723238050721625610,0.5450701713562012,0.0867794007062912,0.1313396245241165,0.0361858904361724,0.0224302615970373,-0.015994070097804,0.9989653825759888,0.0,0.0,0.0,0.5150930432452595,-0.014536703822240149,-0.10598336967726983,5.719695365,0.1313396245241165,-0.18113832014930212,-0.05508306339500742,-0.03376080387169431,-10.944261046121497,-3.6831837816300315,-4.9159311674206485,0.07171661964507872,0.04598783713926125,-0.03036849666299745,-0.007548129558532679,0.04064458318622943,0.0030167546323012218,46.12406197572612,-2.8002031764394424,27.85782564914657,-0.008006897144451826,-0.004935088256597524,0.1447095472760086
15366,1723238050731791713,0.5449838638305664,0.0871984511613845,0.1313445419073104,0.0342658534646034,0.0204037390649318,-0.0160481985658407,0.9990756511688232,0.0,0.0,0.0,0.9018714542945885,-0.3411851420148382,-0.1725480770420282,5.729861468,0.1313445419073104,-0.37151191089664604,-0.40518320593333834,-0.00433681055803273,21.753073713911363,25.314688247683563,3.107127257291946,0.0679252125808526,0.04188181120274189,-0.030700165252151582,0.0012098533980875459,0.040204307872013345,0.0002142465673697913,-3.9734317568997923,-41.6961630999013,-10.052594604256072,-0.009762709880978609,-0.0070796645010947415,0.1447095472760086
15368,1723238050741138001,0.5450785160064697,0.0875654816627502,0.1313442289829254,0.0351328067481517,0.0219960063695907,-0.0158862061798572,0.9990143179893494,0.0,0.0,0.0,0.5036800640956395,-0.8130777946466154,-0.296618527529873,5.739207756,0.1313442289829254,0.17962110257787658,0.3448450906347334,0.026531827803525254,22.840848152107313,26.272675836795905,-0.6130371390214484,0.069624402484727,0.045080171894310545,-0.030230844460556027,0.00998599589502902,0.03445596020920849,-0.0005123380194183014,-22.594138977120107,-63.9308787830287,-55.77488465435105,0.008928061223567114,0.011418075945028288,0.1447095472760086
15370,1723238050750817993,0.5451737642288208,0.0878507494926452,0.1313344687223434,0.035321544855833,0.0222767610102891,-0.0159706696867942,0.9990001320838928,0.0,0.0,0.0,0.48558234814798024,-1.5666827404840036,-1.2626078971584318,5.748887748,0.1313344687223434,0.03852238644975854,0.05802088092481405,-0.01866072346199354,-15.5283869678638,-26.13739240913045,-2.8010214049589415,0.06999090206291682,0.04565304853597145,-0.030372012617937854,0.010497290201474385,0.0245999310032623,-0.0055779894440251,10.375241297254068,-40.1813004583026,-42.27200313034544,0.008976942330348953,0.010767916278113722,0.1447095472760086
15372,1723238050761293669,0.5452911853790283,0.0880532413721084,0.1312242299318313,0.0345975570380687,0.0213710963726043,-0.0161279011517763,0.9990426898002625,0.0,0.0,0.0,0.7330868973870721,-1.5605472818504615,-1.0533408337248311,5.759363424,0.1312242299318313,-0.13494125845762425,-0.17618402273712686,-0.026830384696980066,28.262995541829806,-19.23424838906401,19.363784355694282,0.06855902186176431,0.0438312804583226,-0.030780566401992386,0.020490221649978935,0.0019696882930713144,-0.027185889345633818,-10.078349878368083,82.73592596624921,121.93090331935835,0.011059651187669594,0.01140673110718618,0.1447095472760086
15374,1723238050770960192,0.54557204246521,0.0879174321889877,0.1308128088712692,0.0372045449912548,0.0196581576019525,-0.014597401022911,0.9990077018737792,0.0,0.0,0.0,0.33502057781322336,-0.028009100382768687,1.0347272966126284,5.769029947,0.1308128088712692,0.5380673889111824,-0.3342576057654532,0.3400288544850145,19.673592897109973,-3.1296050022413286,10.547497420152645,0.07388871256995007,0.04037444916922415,-0.027729234583997616,0.025606842091182358,-0.007765968352780206,-0.028364916155254605,-38.334031567343324,113.66483238909856,129.38482383208628,0.031126915323682308,0.026963992015959115,0.1447095472760086
15376,1723238050781957948,0.5458105206489563,0.0879106447100639,0.1306784898042678,0.0379115715622901,0.0185081996023654,-0.0140314316377043,0.999011218547821,0.0,0.0,0.0,-0.05095949846090031,0.6605466279619348,1.3737847912609904,5.780027703,0.1306784898042678,0.12945452442175678,-0.20322484803346577,0.11313973742341354,-7.400890754522283,19.927369239072366,-19.221113993737156,0.07535457105910408,0.03805288823200885,-0.02665421465718178,0.026860262165747884,0.0041773427714835165,-0.00251226885476008,-17.959324571793395,-4.47312188355471,-64.92098207010314,0.022141940094776557,0.021204043358665464,0.1447095472760086
15378,1723238050791281562,0.5461018681526184,0.0879874899983406,0.1307317465543747,0.0392866097390651,0.0187123473733663,-0.0143046332523226,0.99895042181015,0.0,0.0,0.0,-0.08294951424710728,0.08860443300549822,0.011642640320162767,5.789351317,0.1307317465543747,0.2956311681120514,0.04590653436329047,-0.05493033602430022,-0.3878783133468733,11.306982088867654,-7.356912318791073,0.07809262126129145,0.038518900103238066,-0.027132401626733357,0.025081475824158872,0.006973286183085126,0.0025743605003683,12.390573475834064,-22.21058610294893,-63.319711932953105,0.03077027427987742,0.03166846794813153,0.1447095472760086
15380,1723238050803434602,0.5463089942932129,0.0880521386861801,0.1307133287191391,0.0392988957464695,0.0183368995785713,-0.0141696510836482,0.9989588260650636,0.0,0.0,0.0,0.31826606611667163,0.4385854638320773,0.553382859713101,5.801504357,0.1307133287191391,0.0024335882012293582,-0.060846052955151574,0.02467542033077027,-10.270249886378584,-16.25894647610598,9.442277123862912,0.07813140293923378,0.03775828992158308,-0.026890961488264434,0.025781587807024664,0.004703297517376193,-0.0057420542803452435,-12.060292507325983,32.518258577817726,67.00790505502124,0.01693912981891421,0.017129278528777558,0.1447095472760086
15382,1723238050810874810,0.5465406179428101,0.0880843251943588,0.1306513547897339,0.0392544791102409,0.0175194591283798,-0.013798733241856,0.9989803433418274,0.0,0.0,0.0,0.023224900207459487,0.6974745563941909,1.1541098318965217,5.808944565,0.1306513547897339,-0.010869221198367687,-0.21586402403996335,0.1081008992598606,1.7856815537341257,-2.6458958023719528,-0.5461385734776414,0.07807551242218333,0.036094351551723,-0.026213966204086673,0.029336842534323893,0.010815000026580535,0.00401286732133066,7.04392276493882,-1.377436732647341,8.763225493112309,0.03128764585820125,0.030943052022014417,0.1447095472760086
15384,1723238050821791858,0.5468321442604065,0.0883063375949859,0.1308928728103637,0.0396089255809783,0.0177871752530336,-0.0142652131617069,0.9989551305770874,0.0,0.0,0.0,0.8481758876488701,0.10298895345065923,0.09679922864650992,5.819861613,0.1308928728103637,0.06587002337660433,0.04661779377635195,-0.08622322101635715,-4.07033259309092,8.091961943518825,-6.020544901268104,0.07876192058339447,0.03667546089755321,-0.02711310622546693,0.022308023523011755,0.016443567836974093,0.01409743266683261,50.658277065915854,-51.33041920190949,-100.82841764005448,0.02531387057963246,0.028045444075085177,0.1447095472760086
15386,1723238050836612210,0.5470743179321289,0.0884717181324958,0.1309403330087661,0.037988606840372,0.0166492667049169,-0.0138262091204524,0.9990438222885132,0.0,0.0,0.0,1.097836922666028,-0.5948858397995795,-1.4775663249713769,5.834681965,0.1309403330087661,-0.2177701091468736,-0.15438538451828657,0.06154523011596404,91.45751908421951,-40.48550022045043,60.46749562915774,0.07556051708340981,0.03432391021814136,-0.02637960812336188,0.06489650721543683,0.009668958098000502,-0.0011054927481275456,-286.111583983056,35.345457504902605,33.36730390065182,0.015921249613858275,0.016750871329831427,0.1447095472760086
15388,1723238050841072618,0.5474289655685425,0.0885128453373909,0.1309296190738678,0.0387464463710784,0.0157781429588794,-0.0129811139777302,0.9990402460098268,0.0,0.0,0.0,-0.5850356557078993,-0.3265685123096704,-1.141335396438488,5.839142373,0.1309296190738678,0.3386348889803486,-0.37110919878139925,0.39904326472800694,84.06136956782704,-26.901785050719365,46.616091000759496,0.07712610606849864,0.032537684695159344,-0.02473022581927648,0.06740941041055848,0.006830577665316806,-0.0083024858110754,-292.41691256993624,76.57918071194631,110.16086277862112,0.07929401001278663,0.07962086871257783,0.1447095472760086
15390,1723238050851352051,0.5478352308273315,0.0885264426469802,0.1307044923305511,0.0399800390005111,0.015036822296679,-0.0120512386783957,0.9990147352218628,0.0,0.0,0.0,-1.5802505640446678,0.8497018146763066,0.8149833950193722,5.849421806,0.1307044923305511,0.23899150837703292,-0.13389141092415452,0.19005698689826697,-9.492432801746748,21.156834862502894,-17.430599470996462,0.07964129055882807,0.031012603061167127,-0.022889388665281785,0.03418969956640794,0.010812338501031693,-0.008848558659747319,5.425684234296275,42.8438894427463,93.0620324771279,0.040141623075140326,0.038889354569533,0.1447095472760086
15392,1723238050863882324,0.5481821894645691,0.0888068675994873,0.1307929754257202,0.0407598093152046,0.0156612005084753,-0.0119375418871641,0.9989749193191528,0.0,0.0,0.0,0.049373026677137055,0.2931511224746868,0.49565433978436446,5.861952079,0.1307929754257202,0.12311937760799967,0.10188198436122937,0.015940201979101582,-12.95012108486605,-29.447785178048417,-4.1118997972547815,0.08119354545236289,0.032269036840784256,-0.02258759354663731,0.039612421683763444,0.028521248135852773,0.014622833791539946,25.318422929281947,-64.98660052851882,-145.6894803706466,0.02693512691712225,0.02844458614767546,0.1447095472760086
15394,1723238050870807533,0.5485021471977234,0.089027889072895,0.130923181772232,0.0408159270882606,0.0146649051457643,-0.0118928868323564,0.9989883303642272,0.0,0.0,0.0,-0.17616133029529213,-0.23562497653551595,-0.973349367669581,5.868877288,0.130923181772232,0.019265146229761967,-0.286776636737685,0.024911033121940443,-10.796731253533611,-34.46302056507477,2.16541570875218,0.08132730435399199,0.03027560156823908,-0.02257685026447157,0.038486923222206926,0.02626414769445562,0.012783004823565314,-19.678876643534103,-32.913695783300845,-126.60373446872634,0.0448796378009861,0.04749816156648123,0.1447095472760086
15396,1723238050885221843,0.5488254427909851,0.0892369151115417,0.1309268623590469,0.0407385528087616,0.013678909279406,-0.0113390944898128,0.9990118741989136,0.0,0.0,0.0,-0.07314050515612891,0.593294346361438,-0.23244559831447087,5.883291598,0.1309268623590469,-0.010358031795885037,-0.13370883352117632,0.08222686215694085,9.708169896315079,-1.3341150905808945,32.72700306954651,0.08120799732051773,0.02825842294792007,-0.021551534061622194,0.035538466112193134,0.02557699374717437,-0.022479139506808465,-28.18883892485008,43.226704777181,181.46020160307808,0.022095042633946262,0.02276607597382808,0.1447095472760086
15398,1723238050891884664,0.5491026043891907,0.0894414409995079,0.1307070702314376,0.0410508252680301,0.0130256004631519,-0.0100734941661357,0.9990213513374328,0.0,0.0,0.0,-0.36978536382711846,0.8373266382688302,1.3771488183709697,5.889954419,0.1307070702314376,0.09055434875810757,-0.1794114803118747,0.38882737983343807,3.9638132106557915,-6.139234062328832,15.625063845243513,0.08187982874028613,0.0268559846205392,-0.019065878034510274,0.035455861041928216,0.031504054486864774,-0.0172095661395133,-42.880625894375925,25.952382243435892,138.96669991754905,0.04187648134358907,0.04139509449369033,0.1447095472760086
15400,1723238050901575211,0.5493596196174622,0.0897581130266189,0.1307626813650131,0.0409081019461154,0.0118974382057785,-0.009575524367392,0.999046266078949,0.0,0.0,0.0,-0.7621825351046325,0.938384406545929,1.2775873132410474,5.899644966,0.1307626813650131,-0.028631662660574632,-0.22875455094772237,0.11190005569404209,-7.223969480212234,11.690481402845947,-18.962548543895544,0.08162552135336168,0.024558083904983617,-0.018165856932222745,0.026835371470042446,0.038881850753849534,0.004398538914392347,-10.330608464788572,-16.310388678422843,-42.89807872370249,0.025775552452907052,0.027298854578175626,0.1447095472760086
15402,1723238050911810608,0.5496376752853394,0.0902231484651565,0.1307932138442993,0.0406690649688243,0.0122650526463985,-0.0094462605193257,0.9990528225898744,0.0,0.0,0.0,-0.5418407811381336,0.482370268822623,0.4858143304145327,5.909880363,0.1307932138442993,-0.04770410443549823,0.07233424611637906,0.021752162637131686,-23.72990011042846,8.178106774251212,-1.1707727067027234,0.08114428349596241,0.02527790399136163,-0.017883676263231493,0.02041137911035662,0.050400599067503826,0.007180756481727002,64.1416052532611,27.885472711525793,-11.542758809678496,0.026265442391757,0.028126752847177545,0.1447095472760086
15404,1723238050922383839,0.5497797131538391,0.0908102914690971,0.1309149861335754,0.0378327257931232,0.0118854558095335,-0.0089370608329772,0.9991735219955444,0.0,0.0,0.0,0.6017844828399607,1.5683946970698432,1.0826003460490892,5.920453594,0.1309149861335754,-0.5374366608702117,-0.07316624398535206,0.09278290449650904,-11.253225424802348,-4.441179810560833,0.1666770030963125,0.07548464049646708,0.024429922203570587,-0.016965906931074352,0.015619326513951037,0.048477680631513476,0.01465464175601694,54.844841763579325,30.029842582205468,-11.305025989101157,0.012204641545900652,0.014735228052075867,0.1447095472760086
15406,1723238050936958624,0.5500512719154358,0.0913751348853111,0.131191611289978,0.0378548540174961,0.0122546385973691,-0.0091888196766376,0.9991658926010132,0.0,0.0,0.0,0.3299469080006139,0.5457818667856813,-0.44328018421102033,5.935028379,0.131191611289978,0.0030314596408881514,0.049351175088005336,-0.0364085153947064,-27.58810269758825,17.357771803046862,-18.01487166839759,0.07551703264859912,0.025187179695086607,-0.017440931156975408,0.04558615935106047,0.10650079586567429,0.03798204880008882,-193.41720474500886,-325.0234902487455,-55.856006842929986,0.017469684692782986,0.019822523192739146,0.1447095472760086
15408,1723238050941296994,0.5502838492393494,0.0919246599078178,0.1313809305429458,0.0374203585088253,0.0125642335042357,-0.0094462260603904,0.9991759657859802,0.0,0.0,0.0,-0.7348562052318487,-1.1934095372853066,-0.6225373061455384,5.939366749,0.1313809305429458,-0.20016955735220893,0.13621551239897442,-0.12638081765191117,-25.348783181275564,13.19737366909329,-12.195795505218017,0.07463580008985471,0.02581759063830464,-0.017943510163824696,0.04478852102355724,0.10443237916536896,0.03341961586545006,-182.22150056484745,-288.29681357745216,-4.11435725479946,0.05018441752646435,0.05715786726855569,0.1447095472760086
15410,1723238050952125415,0.5505304336547852,0.0924545750021934,0.1314666271209716,0.0379975214600563,0.013076476752758,-0.0095832981169223,0.9991463422775269,0.0,0.0,0.0,-0.9994379811525966,-1.272222422996503,0.33845416486544755,5.95019517,0.1314666271209716,0.10614277212171322,0.09466127433558696,-0.027548919780504038,3.6736011673820146,8.049190338073972,-13.9765831319795,0.07577935650435526,0.026862141376614305,-0.01816403850938341,0.021939124551003886,0.07214083624618972,0.03827621797948666,38.12129807961496,-4.602653904082402,-86.76488046242534,0.021658899356296925,0.023946823647421598,0.1447095472760086
15412,1723238050961066920,0.5507204532623291,0.0932709425687789,0.1320330500602722,0.037798523902893,0.0142695512622594,-0.0109808519482612,0.999123215675354,0.0,0.0,0.0,-0.1967056224631205,-1.293621458003083,-1.7332291097179586,5.959136675,0.1320330500602722,-0.042746145377882856,0.2543974000117041,-0.323104105863513,-3.145008523040014,-3.801796537218264,-1.858818575394467,0.07532098584913596,0.02934841280316944,-0.020874216655196665,0.02120333692511167,0.07339002907606673,0.04048995799223665,42.588459080662844,-13.748583980470983,-172.69501782527897,0.01747387192193307,0.0250932004343964,0.1447095472760086
15414,1723238050971478602,0.5509406328201294,0.0938179120421409,0.1321775019168853,0.0382574759423732,0.0140085378661751,-0.0108109107241034,0.9991112351417542,0.0,0.0,0.0,-0.3253701677512001,-1.574435033093859,-2.8160086373980677,5.969548357,0.1321775019168853,0.0882554131908927,-0.047859774236561944,0.035743624639280325,7.082961496123669,-23.114963455094887,29.08977498973934,0.07624956294510389,0.02882336229678639,-0.02054071781066962,0.01776816071763676,0.0425441675384457,-0.0015703887294886698,9.033435139131207,91.3797857639621,75.97856039814947,0.01965570729718201,0.02270218662754331,0.1447095472760086
15416,1723238050982737306,0.5510995388031006,0.0941752791404724,0.1319717913866043,0.0388348363339901,0.0126103991642594,-0.0091947391629219,0.999123752117157,0.0,0.0,0.0,0.03676396182856845,0.8952605217083196,0.2305431576083205,5.980807061,0.1319717913866043,0.10104952368908607,-0.23608383231752011,0.29780474151512176,3.61283967127558,-2.793474540210937,15.545481904456766,0.07747318212593803,0.025915751890658683,-0.01740063983769104,0.01416048702193251,0.04171871809846994,-0.018376680694354164,33.281834375836915,113.45495171275066,206.90689691977647,0.014028533562900075,0.014274103270554415,0.1447095472760086
15418,1723238050991713161,0.5512269735336304,0.0946211367845535,0.1318060904741287,0.0395276919007301,0.0118133230134844,-0.0075184623710811,0.9991203546524048,0.0,0.0,0.0,0.343490142814591,1.1557802832995674,1.6319630528676288,5.989782916,0.1318060904741287,0.15119914066093762,-0.16151471030300404,0.3820178080348908,6.46692843499908,21.6235601420412,-7.897288546795385,0.07891317128264377,0.024202600659792253,-0.014094385104162166,0.01704654333460809,0.056685471377767804,-0.0039757618375082515,-3.958501813754048,-28.245555273190952,49.139898415678715,0.013938807591814754,0.014559788518334043,0.1447095472760086
15420,1723238051002202993,0.5514407157897949,0.0953017249703407,0.1319419592618942,0.0407463908195495,0.0129838250577449,-0.0070275953039526,0.9990605115890504,0.0,0.0,0.0,-0.16548682082873323,0.1574054561560927,0.8357951315075877,6.000272748,0.1319419592618942,0.2298212606951697,0.22855369793851893,0.0873445809591799,-21.064148110771747,-15.44855733836705,-14.061870293792353,0.08135200614180561,0.026519060290930336,-0.012988829988520129,0.020918842637811963,0.06253681324409754,0.013481078720460005,-34.31916576238605,-17.05181709564623,-51.30267037900525,0.019181403566195552,0.02167556899545037,0.1447095472760086
15422,1723238051010752556,0.5516233444213867,0.0958200544118881,0.1320609003305435,0.0401043184101581,0.0118226613849401,-0.0067892889492213,0.9991024732589722,0.0,0.0,0.0,-0.35993988307177593,0.5559995629999337,0.5685714554698882,6.008822311,0.1320609003305435,-0.14927380874360938,-0.27028742806077183,0.06488145213665135,-32.18935026999057,-30.995566316558588,-1.4778751889862853,0.08008505909191975,0.02417101360693822,-0.012622133248749503,0.01577857228121715,0.06109246479263586,0.014854512840954293,1.7869744269086483,46.12352392408132,-17.24144910863591,0.02025200077689445,0.022554278800234223,0.1447095472760086
15424,1723238051022294138,0.5517184734344482,0.0965324193239212,0.1322470307350158,0.0381897166371345,0.0106564918532967,-0.0064343754202127,0.9991929531097412,0.0,0.0,0.0,0.04289748935673732,1.0805779897452616,0.5879315996086398,6.020363893,0.1322470307350158,-0.3314607235020655,-0.20187142376605602,0.0657348402054966,7.255245943819688,37.81206985435709,-13.829848866324522,0.07627267452647656,0.021788961120117568,-0.012047579448954964,0.015383794045124688,0.07880461317443732,0.027772522726475124,-8.910772519459004,-40.09766787615962,-25.710399834460826,0.007144968073499195,0.009419117473489202,0.1447095472760086
15426,1723238051031803315,0.5519207119941711,0.0974156260490417,0.1326023638248443,0.0378038994967937,0.0126265957951545,-0.0071862079203128,0.9991796016693116,0.0,0.0,0.0,-0.3851039673049582,0.029035529896995094,0.1288723758240129,6.02987307,0.1326023638248443,-0.08195459429500124,0.4074929918019808,-0.1747071934189846,9.854524817098163,18.83790705027447,-3.0327564877787645,0.07546094047583429,0.025778662339453712,-0.013410813229430845,0.01639578509385231,0.08552261305006592,0.02920050186917056,-18.73242854430601,-99.35301703421047,-57.446852393320654,0.01905043499728437,0.023603790826443604,0.1447095472760086
15428,1723238051041236896,0.5520297884941101,0.0981535613536834,0.1328013986349105,0.0371389091014862,0.0133930081501603,-0.0071256216615438,0.9991950392723083,0.0,0.0,0.0,-0.31590343327045045,-0.8031331311871353,-0.49888908312482405,6.039306651,0.1328013986349105,-0.14232157154857003,0.1617838029498451,0.00493504029009111,-20.208793950506966,-19.113848564017,4.6601937794081385,0.0741226039519212,0.027297120109645683,-0.013250292091458482,0.008162882273754946,0.07945664256066287,0.030216927964506368,44.412578474557066,-75.73780297820684,-89.6059224899473,0.009945317751209971,0.013302492159445593,0.1447095472760086
15430,1723238051052063556,0.5520759224891663,0.0990291237831115,0.1332418471574783,0.0342499911785125,0.0136599643155932,-0.0077457726001739,0.9992899894714355,0.0,0.0,0.0,0.6256354844122556,-1.468105027436386,-1.7555594491856212,6.050133311,0.1332418471574783,-0.5327063649130215,0.040982637663620314,-0.12332167525963861,10.120481172550683,-31.074863660952346,17.293464470468564,0.0683193109420894,0.027834710596394426,-0.014550988482269154,0.011661441098468117,0.06877190001012856,0.017277912549985786,34.945958232814974,-42.692026129771506,-33.84574373761885,0.0019505696194615438,0.006675695028013674,0.1447095472760086
15432,1723238051060821379,0.5522304773330688,0.0995457023382186,0.1332273632287979,0.0337396562099456,0.0119997672736644,-0.0067681744694709,0.999335765838623,0.0,0.0,0.0,0.563167779599107,-1.7093204015944903,-1.4694589493152632,6.058891134,0.1332273632287979,-0.1169320075001779,-0.3722646140155096,0.2345672379195704,42.2579712716106,-10.920955138507983,25.167131917437278,0.06734304760386241,0.02444273879890839,-0.012721764742109948,0.019283598178116534,0.05250543059828772,-0.00206738888404967,-17.611627480086188,29.330914639512166,55.27338044640347,0.01693120711870844,0.018447694996225075,0.1447095472760086
15434,1723238051070710846,0.5524394512176514,0.0999925956130027,0.1332022994756698,0.0349547453224659,0.0115682063624262,-0.0052724014967679,0.9993080496788024,0.0,0.0,0.0,0.2719774556712745,-0.7841248539228369,-0.6703927055062243,6.068780601,0.1332022994756698,0.2427206834303929,-0.07528229080374647,0.3081527740043628,22.951644392210795,15.140842820290564,3.6934402932741826,0.06981507992494931,0.02349115485785949,-0.009731617657511517,0.02142289318137358,0.037254421016335915,-0.008341781108266666,-19.830419284809132,174.30026053389102,151.854253521136,0.020744023069337255,0.021579185714395387,0.1447095472760086
15436,1723238051084810213,0.552747368812561,0.1003583669662475,0.1329679489135742,0.0370616763830184,0.0103519847616553,-0.0033291967120021,0.9992538094520568,0.0,0.0,0.0,0.18563741869989991,3.2965189297989723,2.8989517126446405,6.082879968,0.1329679489135742,0.29665191875269564,-0.16110223372004273,0.28490078128311025,-1.817390104844737,-29.05662781223316,7.025360517012526,0.07408308324975477,0.02093682121668134,-0.005887425510161395,0.02637638484144844,0.04143606002030342,-0.018516352242086143,-2.779376009084798,142.81016236351775,185.7422430069005,0.022029216228779548,0.021686685372612653,0.1447095472760086
15438,1723238051093641276,0.5530053973197937,0.1008099913597107,0.1327939480543136,0.0381719134747982,0.0078800469636917,-0.0016872318228706,0.9992387294769288,0.0,0.0,0.0,0.17959089587809052,3.74674113098175,4.166366201950382,6.091711031,0.1327939480543136,0.24939228815190595,-0.5447559336044238,0.3949234157678707,-33.41623717756621,31.04539537898937,-35.356387923542854,0.07634286679726619,0.015877573073957006,-0.002770654598616583,0.027099282307066375,0.08714133647705591,0.027110974421408862,3.5330374102399045,-129.05924524193733,-129.57242713284498,0.02938564167315632,0.02910994386698794,0.1447095472760086
15440,1723238051102602632,0.5532289743423462,0.1019182726740837,0.1334626078605651,0.0367954932153224,0.0097827073186635,-0.0032033415045589,0.9992697834968568,0.0,0.0,0.0,0.2496058887213446,0.9529805257645338,0.5218563445420429,6.100672387,0.1334626078605651,-0.3052709961018844,0.4108244468675242,-0.3567267184733049,-15.734144941967868,54.09348782689768,-34.24488863635124,0.07355527101570597,0.01978815609632544,-0.005683228907612711,0.029597396881182902,0.1077245837278884,0.05535078873162025,-23.75283160481739,-272.84136641314035,-342.0843223268705,0.02276459169664694,0.02726575769370722,0.1447095472760086
15442,1723238051113069704,0.5535956025123596,0.1028508469462394,0.133806437253952,0.0372891314327716,0.0115522732958197,-0.0037105206865817,0.9992309212684632,0.0,0.0,0.0,-0.3849336144950115,-1.427102225722427,-2.2688880651038112,6.111139459,0.133806437253952,0.09439139635107045,0.3346825878949775,-0.1083810744986018,12.09460132005515,-9.216096516568694,29.473076256993757,0.07452446440561525,0.02336562759268818,-0.006555621924123168,0.03185354375642646,0.10126915590332253,0.02866623419034653,-60.15825078317307,-119.80900797799893,-78.71328131445888,0.033665123108980226,0.03650321620231403,0.1447095472760086
15444,1723238051120834608,0.5538246631622314,0.1037073135375976,0.1340049356222152,0.0374471507966518,0.0125068593770265,-0.0030799517408013,0.999215602874756,0.0,0.0,0.0,-0.8493827435641053,-1.7377198386428403,-1.7976778869737755,6.118904363,0.1340049356222152,0.03802816569260951,0.25193578543664186,0.15357741613553802,-6.7783848103714615,-22.303757274026378,22.725429681546526,0.0748521870486902,0.025227444706127266,-0.005220063871005881,0.025405607335802216,0.08551987571988384,0.012664266611633224,1.0947011718803061,33.76134393370075,88.12419034227027,0.028269274309193064,0.030904954270127592,0.1447095472760086
15446,1723238051135219440,0.5540810227394104,0.1042771562933921,0.1338433623313903,0.0371199399232864,0.0097316391766071,-0.001833553193137,0.9992617964744568,0.0,0.0,0.0,0.7894897186421823,0.7136375207993284,0.2011986459939705,6.133289195,0.1338433623313903,-0.04667764154170282,-0.37928211909042797,0.18705743094444024,-44.06327941017834,-25.501066779758528,1.203368663426911,0.07423176881767919,0.019586285527479506,-0.002942492222690023,0.012681379974964102,0.06826566380430332,-0.006183023062902748,83.17053819883527,-16.071465647079613,89.02854263276966,0.017921466230337305,0.017774882235892388,0.1447095472760086
15448,1723238051144400349,0.5541673302650452,0.1050717830657959,0.1338161826133728,0.0340281054377555,0.0073848948813974,-0.0010110508883371,0.999393105506897,0.0,0.0,0.0,1.372829815765533,-0.5266319544106839,0.7260003496346275,6.142470104,0.1338161826133728,-0.6749065219936319,-0.5057075675784037,0.19151878805049397,41.338042562054035,13.357855288360483,8.738233286852308,0.06805998533669134,0.01483017795570832,-0.0015184541712690664,0.029738835373656514,0.08602752892562116,0.004520441566722155,-67.3768976651395,-139.8205335189145,-12.354747975401661,0.009312207475677587,0.009574631588665576,0.1447095472760086
15450,1723238051151221931,0.5544732809066772,0.1056559681892395,0.1338849365711212,0.0345916077494621,0.0064058187417685,-4.872519639320672e-05,0.9993810057640076,0.0,0.0,0.0,0.24966093865339634,-1.5043948727557401,0.289370242939943,6.149291686,0.1338849365711212,0.16343870917557085,-0.27708432992768584,0.29295460782363564,79.84571063957105,21.698705994474047,8.684962412278761,0.06920065545704517,0.012807428250880605,0.0003458134353344005,0.036644964558202986,0.06995990173664257,0.007243562656042979,-132.6630875869654,-30.35992670963918,-40.01152070726418,0.04474724430367285,0.0450220190910012,0.1447095472760086
15452,1723238051163472426,0.5547416806221008,0.1061680987477302,0.1339112967252731,0.0357922576367855,0.0046897181309759,0.0014978509861975,0.9993471503257751,0.0,0.0,0.0,-0.6718311385330211,0.6091021559369558,0.32711280515915453,6.161542181,0.1339112967252731,0.19448264525580494,-0.27121588540561054,0.26328259159698525,24.011049481557187,21.466532752355917,0.6688042713041717,0.07161610481040513,0.009266222566769228,0.003329606524177461,0.022923325393001903,0.07025264593656733,0.008372415141121081,-6.210269609179321,733.7196772446327,164.04383369632234,0.022027482672355866,0.021817514510996183,0.1447095472760086
15454,1723238051171490627,0.5549308061599731,0.1068806946277618,0.1340110749006271,0.0377995744347572,0.0046961056068539,0.0026313501875847,0.9992708563804626,0.0,0.0,0.0,-0.35945369776185715,9.43741557488696,2.4871951833513615,6.169560382,0.1340110749006271,0.49972078029262496,0.011051091614379845,0.28486654339640083,28.745027460300264,29.68442047223952,0.4781828921701373,0.07564404811824563,0.00918656432128909,0.005614151083890968,0.019888937918373095,0.07820775398766844,0.012228387497081106,929.5813358144854,3177.975830813881,1081.8560268622325,0.023970264964452464,0.023269112724215803,0.1447095472760086
15456,1723238051205769053,0.5550706386566162,0.1079987213015556,0.1343986541032791,0.0398223847150802,0.008481491357088,0.0023678350262343,0.9991679787635804,0.0,0.0,0.0,162.01958482767202,422.7344925275602,158.63156877070958,6.203838808,0.1343986541032791,0.11881655603330393,0.2198365409983259,-0.023142191747461415,-7597.888541671511,4751.847310983058,-918.776486904318,0.07971424928763905,0.016761068257262427,0.005408022284645267,0.01034936399594244,1.6393040217592443,0.39149349710632464,-31352.86497385535,-443423.37350935955,-138384.11206614546,0.0040655398783884375,0.004140154096621442,0.1447095472760086
15458,1723238051206440673,0.5550776720046997,0.1091208532452583,0.1346665918827057,0.0381118729710578,0.0096516925841569,0.0022099358029663,0.9992244839668274,0.0,0.0,0.0,140.4874624935357,118.92877131527712,63.80907820966502,6.204510428,0.1346665918827057,-5.083912538397143,3.473722141717663,-0.6521828914926467,154.76363965120163,-4143.177415841975,3330.418964036949,0.07629522295253403,0.01912113064756221,0.0051530968928528,0.12130065250505595,1.9281844819699359,0.49997548522799207,-58897.509309129906,-515567.1446280707,-165111.2651230165,0.011450492681190994,0.012082583151251398,0.1447095472760086
15460,1723238051206851422,0.555155336856842,0.109977513551712,0.1348973363637924,0.0374926961958408,0.0095366006717085,0.0025790084619075,0.9992480874061584,0.0,0.0,0.0,109.55362981782032,-108.72101503337392,-10.020688897565426,6.204921177,0.1348973363637924,-3.0354921694990535,-0.4859224428871129,1.7876831814489254,4565.155900401933,-8754.260910306793,5353.141883576565,0.07506201323066235,0.01886659123677394,0.005870322733776938,0.1727979335864145,1.898860138385361,0.5016387440548238,-71530.59726034124,-506860.5210700275,-164851.89358502615,0.19068710412334086,0.19060131375517483,0.1447095472760086
15462,1723238051210723376,0.5552300810813904,0.1105137541890144,0.1346450895071029,0.0360568165779113,0.0054855281487107,0.0045593245886266,0.9993242621421814,0.0,0.0,0.0,-29.435288669758275,-342.27878244367326,-104.76023511392444,6.208793131,0.1346450895071029,-0.7577513537701621,-2.0510586551349137,1.0934132314784963,461.9613647869798,-256.67207423923503,-149.92863937019533,0.07218166604893288,0.010635053755890996,0.009508749743195849,0.01954980986210586,0.1154299749495955,-0.05070599994974767,-25886.868266912017,-36613.333561442414,-15582.759878707035,0.021311678793279915,0.017359136769969457,0.1447095472760086
15464,1723238051221746769,0.5554533004760742,0.1110623702406883,0.1345393508672714,0.0381159149110317,0.0040469849482178,0.0064961770549416,0.999243974685669,0.0,0.0,0.0,-0.6653424903886169,-1.8732904162836972,2.318847305804203,6.219816524,0.1345393508672714,0.3707421822676815,-0.24977465047899555,0.3626967211529353,33.838187745452544,78.56890274579827,-27.88902553153554,0.07630299342159409,0.0075927081386235745,0.013291815126757561,0.013417955347538424,0.05574803098634984,-0.016323344659842753,1336.8461482703303,15823.14791175219,4893.03499365448,0.02098153954634266,0.01953414063152953,0.1447095472760086
15466,1723238051233061607,0.5555257797241211,0.111762598156929,0.1342764794826507,0.03790033608675,0.0019826772622764,0.0092100463807582,0.9992371201515198,0.0,0.0,0.0,-0.3243700225188873,2.28967548820708,1.6943864492525562,6.231131362,0.1342764794826507,-0.042342218409079216,-0.34607251581742876,0.49309988035610064,-35.35762290939921,11.69400857268347,-18.989683608799403,0.07585248673503818,0.003264207525796421,0.018557492694367985,0.004622811026916196,0.07567517720754857,0.0006203431786717672,49.07785934122822,227.72044309921782,13.622395628548873,0.0076287532116458305,0.005166498538392828,0.1447095472760086
15468,1723238051244543558,0.5555580854415894,0.1127921640872955,0.1345615237951278,0.0354031436145305,0.0021126507781445,0.0087584173306822,0.9993325471878052,0.0,0.0,0.0,0.45985306878721033,3.2707997863094054,2.6525627655538377,6.242613313,0.1345615237951278,-0.43491069320776127,0.023614022805595714,-0.08048119443688127,24.044073231148698,56.43747827881468,-24.932923798850144,0.07085576782052994,0.00360233814485058,0.01765576378940847,0.006175862854462366,0.1081232308375899,0.022369524617969816,24.13928170613617,-134.8115446745875,6.818034820930677,0.0043067906759080895,0.0013771309793294117,0.1447095472760086
15470,1723238051253645010,0.5556385517120361,0.1139093860983848,0.1347474008798599,0.0363013111054897,0.005379888229072,0.0082941055297851,0.9992920756340028,0.0,0.0,0.0,0.3609548236663227,0.4547494089314714,2.1617514675709817,6.251714765,0.1347474008798599,0.20405482214798137,0.7121583684173751,-0.12688533442156072,49.61777861337374,41.60548402228818,-6.347185778988617,0.07270825479615951,0.010150159826923992,0.016968750226755435,0.012702965187500581,0.14110122424291305,0.051982854519538435,-40.846343193784385,-402.29883613607603,-238.8225903962238,0.010714759236628013,0.007084346259661842,0.1447095472760086
15472,1723238051260655656,0.555748462677002,0.1149976849555969,0.1352822631597519,0.0378177352249622,0.008287607692182,0.0077661420218646,0.9992201924324036,0.0,0.0,0.0,-0.08730151065160655,-2.8672562012219056,-0.5110137084073718,6.258725411,0.1352822631597519,0.44073467041218783,0.8199828067240618,-0.1781260612491875,17.272676813291227,-0.4186026431519423,1.9094480567825514,0.07578740608438687,0.015975573636759412,0.016149771695879642,0.013309988556679642,0.12717826310288283,0.06124148702405208,-44.26516965298241,-256.376377478067,-314.0790734321165,0.016961491368831152,0.014670107336723434,0.1447095472760086
15474,1723238051273367504,0.555863082408905,0.1159676611423492,0.1357138305902481,0.039578404277563,0.0111484844237566,0.008231951855123,0.9991204142570496,0.0,0.0,0.0,-0.19651524777097862,-1.1136042886523851,-2.9554339793204845,6.271437259,0.1357138305902481,0.2802782066012178,0.45051120618283086,0.05862583289914082,-27.25333491094389,-45.12850070951053,15.97556401196905,0.07937258885700939,0.02162742769760323,0.017336823454290183,0.008192226221549248,0.07041712675799339,0.012526761042823686,6.035111444386672,152.06310431147412,-21.17274698480739,0.009601615029507066,0.008603905443859352,0.1447095472760086
15476,1723238051285749731,0.5559545755386353,0.1167685687541961,0.1356105506420135,0.0381639078259468,0.0092133143916726,0.0095626590773463,0.9991832971572876,0.0,0.0,0.0,0.05462657312249386,0.9394461051335634,-1.1536723464662644,6.283819486,0.1356105506420135,-0.23364241033972652,-0.3020228264337705,0.22448959340394709,-51.073735830225,-74.92012570515811,15.702726049923974,0.07652831550101545,0.017682604292859217,0.019817325623196085,0.00824452331878689,0.09705251761488753,-0.013492921607273445,7.00841325868446,-171.0099018549978,118.72744585666871,0.008815486427530536,0.006036236790238148,0.1447095472760086
15478,1723238051293020705,0.5560181736946106,0.1176124438643455,0.1354904472827911,0.0358606986701488,0.0058471579104661,0.0107243312522768,0.99928218126297,0.0,0.0,0.0,0.048909863943721876,-1.7420300639619484,-0.4047669659557449,6.29109046,0.1354904472827911,-0.6458540987840242,-0.9071575907833522,0.34851543536982127,6.450835528588619,-12.742798156856,7.937703441773344,0.07186144016479284,0.010916974245766308,0.0218556747817359,0.008856912029532538,0.09870994358216567,-0.01783494591148127,5.600206687037696,-189.11311811372195,105.08961259214462,0.011460804313672178,0.006099619323088506,0.1447095472760086
15480,1723238051301446146,0.5560938715934753,0.1182747185230255,0.1353273242712021,0.0359885804355144,0.0044250208884477,0.012048240751028,0.9992698431015016,0.0,0.0,0.0,0.1584462751359419,-1.5811497539583081,0.5010673293361108,6.299515901,0.1353273242712021,0.024981445628837633,-0.3263779709692552,0.32635397062960253,45.724791367042926,26.741761466424137,-3.8208242183300456,0.07209596602273494,0.00797646627728868,0.02440058511230798,0.008924222249344638,0.06479923029884205,-0.019366792106256803,5.546150898883512,138.10650734629394,90.06679319303859,0.01105364820828292,0.006925810095089295,0.1447095472760086
15482,1723238051312633482,0.5561928153038025,0.1187945827841758,0.1351105719804763,0.0362235009670257,0.000718523748219,0.0134020950645208,0.9992535710334778,0.0,0.0,0.0,0.1097590320078039,1.7317676543077303,1.2495364093349342,6.310703237,0.1351105719804763,0.0330171557890022,-0.6539225952976717,0.26592442310546716,31.430766261740363,82.02910390545196,-15.217355532576665,0.07247562499513509,0.00046503325226174383,0.026839462713819658,0.012931796480287971,0.08340980072293114,-0.00361728999812172,-8.287438212036351,102.0450424496176,-5.14108763381595,0.010097136819326552,0.007552225289148325,0.1447095472760086
15484,1723238051320958400,0.5563257932662964,0.1197178065776825,0.1351780742406845,0.0382004380226135,0.0037222343962639,0.0138351256027817,0.9991674423217772,0.0,0.0,0.0,0.016387177518702556,1.3789438548197555,0.7604309232442701,6.319028155,0.1351780742406845,0.4849359882949386,0.7184986712664191,0.07843372813157327,6.464004776253082,77.11668215859387,-14.371632365168526,0.07651646194440916,0.006381298435314569,0.02793579821878137,0.012306318428031204,0.09824929272794813,0.005804589749931033,5.314813480142752,-92.76664813341986,-72.76936977848929,0.019012768151006804,0.013001305741487048,0.1447095472760086
15486,1723238051333281752,0.556410551071167,0.1206978112459182,0.1352075785398483,0.0363009013235569,0.0041044410318136,0.0141660571098327,0.9992321133613586,0.0,0.0,0.0,0.3834413355741928,-0.6833864544560164,-0.3920398213615667,6.331351507,0.1352075785398483,-0.3077684732305643,0.06825574130415196,0.05000105065521498,-20.735682735899317,-35.49907946346916,-4.422851891246424,0.07272830809965217,0.007174158830636142,0.02861298851255411,0.014177799161771532,0.107880028707239,0.008401625536167856,31.53404215318615,-197.1188858872324,-91.28185046247275,0.009132708314922381,0.004669268168683634,0.1447095472760086
15488,1723238051340846229,0.5565516948699951,0.1216455325484275,0.1352990269660949,0.0353163965046405,0.0036355513148009,0.0141790304332971,0.9992690682411194,0.0,0.0,0.0,0.6301000659135958,-2.3127077679850894,-1.0721502687019933,6.338915984,0.1352990269660949,-0.26222193365502294,-0.12010449556902333,0.006720923035288801,18.022607450839395,-17.699541018604748,2.383579641710972,0.07074464507927695,0.006264324398539265,0.02859858145470361,0.018153618138935457,0.0959086119011574,0.0026371427577327466,33.45966458876015,-106.70210469294456,-82.89510455306139,0.022157475678514126,0.015232621700873384,0.1447095472760086
15490,1723238051353230456,0.5567662715911865,0.1222376674413681,0.1351400464773178,0.0366019457578659,0.0024135697167366,0.0153731675818562,0.9992088079452516,0.0,0.0,0.0,1.0617495817179636,-1.4304706467364916,-1.9565470028767749,6.351300211,0.1351400464773178,0.20430341268818344,-0.19329822595680426,0.20056938802529986,47.64038738162407,-9.731114365780485,16.52212452341614,0.07328626652606271,0.0036979529753476785,0.030903821731905715,0.028075837632535183,0.05246431210932734,-0.016927936247135733,-84.32285446158573,208.1442378205652,98.90755843945112,0.01884307288857998,0.015781373960803532,0.1447095472760086
15492,1723238051362439840,0.5570984482765198,0.1227526813745498,0.1349561363458633,0.0399003326892852,0.0009813465876504,0.0169633589684963,0.9990592002868652,0.0,0.0,0.0,-0.5309939850597853,1.4239997420265729,0.12076350088782917,6.360509595,0.1349561363458633,0.7113173609288571,-0.3090828731173002,0.3586811503460125,18.03656572114666,-49.86614302198027,23.979501380088216,0.07984370462300167,0.0006071593786870867,0.03397965660004709,0.03963827072242054,0.05351865216461782,-0.03752639786280909,-181.03233378154243,189.16144157519335,289.7177021483286,0.037960537082926266,0.03409124166160705,0.1447095472760086
15494,1723238051370627743,0.5574489831924438,0.1231733858585357,0.1345210671424865,0.042382076382637,-0.0031210642773658,0.0192721132189035,0.9989107847213744,0.0,0.0,0.0,-2.0721216490982233,2.0935109015063063,2.9599611007640307,6.368697498,0.1345210671424865,0.5895219676616446,-0.9888696330162478,0.6046048202162838,-59.47387154377844,7.764464082679604,-8.298909254151965,0.08465522260722455,-0.007868995091134675,0.03824819801714723,0.022285323177772653,0.07471112428646798,-0.019376051526425186,-45.845803688823715,134.51265885132858,173.3779474721576,0.044325261853722334,0.041031313056273014,0.1447095472760086
15496,1723238051381228749,0.5574035048484802,0.1242856085300445,0.1347790211439132,0.0388892777264118,-0.0013878992758691,0.0192870516330003,0.9990564584732056,0.0,0.0,0.0,-0.604005475198509,4.243411509742547,2.4182895825798805,6.379298504,0.1347790211439132,-0.6530927020990804,0.33952977689109654,-0.009515923385677668,-60.75893656294666,80.46199529652533,-38.793295891032926,0.07773059181740075,-0.004273311491441161,0.038439574775719486,0.000966829923601864,0.09011378764151523,0.022203614931191495,107.83192569685411,-101.25047007088796,-176.15476289305252,-0.00015088860197661662,-0.008372346861440824,0.1447095472760086
15498,1723238051399013770,0.5575775504112244,0.1254466027021408,0.1351103782653808,0.0383798405528068,0.002489898353815,0.018294645473361,0.9990926384925842,0.0,0.0,0.0,0.39907713244882803,-6.629467206976777,-4.446053908104591,6.397083525,0.1351103782653808,-0.04913680900151482,0.43243362637830796,-0.12845250962833712,-245.13233798436545,-273.21452776721696,-46.16149751536457,0.07685726964673337,0.003570994668858197,0.036755724840315494,0.032205341355449946,0.2488433946817672,0.020338968241304656,-111.4309730203426,-1464.6132080834973,-63.53661571197108,0.012111705192161905,0.007524382523041767,0.1447095472760086
15500,1723238051402386625,0.557700514793396,0.1264033317565918,0.1351800709962844,0.0366223938763141,0.0013532530283555,0.0177345443516969,0.9991709589958192,0.0,0.0,0.0,-0.08411637392744387,-12.115182964537393,-4.454114945167605,6.40045638,0.1351800709962844,-1.0544526188354022,-0.6671817882440932,-0.3093980325490466,-179.86929541044967,-235.17773441487915,-17.270644520097328,0.0732977508899236,0.0014052997778290686,0.035546322427454174,0.03268312958335784,0.2165338425384018,0.0025662271861692787,-113.68490093294017,-1093.0615304391304,134.29673514791634,0.04648573660044022,0.026492165966500645,0.1447095472760086
15502,1723238051410976613,0.5578987002372742,0.1267949342727661,0.134806215763092,0.0366180166602134,-0.0017050692113116,0.0190751999616622,0.999145805835724,0.0,0.0,0.0,-0.41366538117496243,-9.836054327090094,-0.3102146859939723,6.409046368,0.134806215763092,-0.013854411889317436,-0.7000189245438764,0.3380650565533204,87.97851742407946,38.771853359735886,26.538291594792334,0.07317455506269392,-0.004804235963089363,0.03800252452040916,0.027021332419902677,0.05698685108146684,-0.01785976342384732,0.9179271821960935,610.9399992675915,280.20016137070513,0.024577696221453622,0.021398827511795948,0.1447095472760086
15504,1723238051420735862,0.5582062005996704,0.1274774670600891,0.1349164545536041,0.0389292947947979,-0.0009361536940559,0.0193770211189985,0.9990536570549012,0.0,0.0,0.0,0.03084138798391467,-0.04166132646350684,0.18228740671152766,6.418805617,0.1349164545536041,0.4770572004237763,0.15063978665623246,0.055582975591306406,16.614936309638626,42.16178039489128,-14.120435446346306,0.07782761780207816,-0.0033792095092243144,0.03865432587767686,0.02570574234034595,0.0578733468919479,0.002038400838813459,22.283154935737866,601.0222944781561,-17.71411233975509,0.03422574356433832,0.02876793048530107,0.1447095472760086
15506,1723238051433837588,0.5584409236907959,0.1280235201120376,0.1347803324460983,0.0396086722612381,-0.0015359877143055,0.0202145762741565,0.999009609222412,0.0,0.0,0.0,-0.08640216434177894,0.7518180587195591,-1.2490018730366068,6.431907343,0.1347803324460983,0.10221712426256808,-0.08851757197034414,0.13133096665333904,-14.661797821437723,-50.68822329936999,15.520657873270665,0.07916030061143806,-0.004670295003355625,0.040278764525731335,0.02902335868880357,0.05499701052232808,-0.02822929585698475,-67.58509665524932,17.850706842759713,74.26651665365559,0.01953044827108707,0.01622754784597155,0.1447095472760086
15508,1723238051440967693,0.5586909651756287,0.1284673362970352,0.1345098316669464,0.039833016693592,-0.0036224266514182,0.0211299639195203,0.9989763498306274,0.0,0.0,0.0,-0.7958167395874344,0.7133598440434663,-0.007399895472333107,6.439037448,0.1345098316669464,0.051799840026864004,-0.5757843318298626,0.27978546295049017,-13.134345925712257,-15.724346441688605,4.484707703395898,0.07951833529819662,-0.008920895842495271,0.04194204839301339,0.027089473067210434,0.06412669093513479,-0.03301703545635615,-55.89401464691825,-40.96578936961329,140.29726342816787,0.03730757584624091,0.03260113509651356,0.1447095472760086
15510,1723238051450804336,0.5588491559028625,0.1291236579418182,0.1342518329620361,0.0390483327209949,-0.0037398370914161,0.0216260757297277,0.9989963173866272,0.0,0.0,0.0,-0.7539271553382433,-0.17233823321133057,0.913454856213816,6.448874091,0.1342518329620361,-0.1596804618048268,-0.01644381070391685,0.10220993558121323,-10.744367459830993,30.401207559870624,-8.672719912015491,0.07793867406985748,-0.009161219511502523,0.0429316591047776,0.012142345755133732,0.06344814287395284,-0.024077852320521842,42.29989704751495,-65.61085320573568,40.90382579773133,0.018689498559818565,0.013315506249281383,0.1447095472760086
15512,1723238051462687866,0.5589368939399719,0.1298306435346603,0.1339965760707855,0.0382606126368045,-0.0039960988797247,0.0224092192947864,0.9990085959434508,0.0,0.0,0.0,0.294880183107053,-0.601303566022307,0.6428004248780135,6.460757621,0.1339965760707855,-0.1329608336745049,-0.035064146480671236,0.13380612340626916,19.670559172965135,-10.759688047796518,-10.891434987933097,0.07634398936792136,-0.009699207254191664,0.04448498130090479,0.0141743694443619,0.05991633335994884,-0.013155434864639659,35.35599931779113,-40.74624660207296,-75.368603850764,0.009812720218137243,0.004828252518019214,0.1447095472760086
15514,1723238051471349226,0.5591025352478027,0.1303522735834121,0.1339351832866668,0.0389171615242958,-0.004780123475939,0.0221815761178731,0.9989848732948304,0.0,0.0,0.0,0.26715278569967327,-0.9835686083669173,-0.3420069304989948,6.469418981,0.1339351832866668,0.14739638153297274,-0.18629051892719414,-0.046069498879943376,14.928773612869945,-13.624577769925391,-7.627165692453115,0.07762611767698444,-0.011277269084149992,0.04396301513284798,0.017510503961315038,0.052788473975526884,-0.009332292534065978,-8.996558768444872,-11.946062627431235,-80.1078553004409,0.0216711921695885,0.01646846934370499,0.1447095472760086
15516,1723238051482148273,0.559269905090332,0.1308222115039825,0.1338041871786117,0.0393476635217666,-0.0063014179468154,0.0223858039826154,0.9989549517631532,0.0,0.0,0.0,0.09196891043470923,-0.6791785440959859,-0.7547830070716617,6.480218028,0.1338041871786117,0.07379558025538711,-0.2817830937997286,0.048491476008923375,4.250327633729695,-2.2888114428613395,8.83584780165901,0.07841937970273155,-0.01435181616766896,0.04424791999654812,0.01880641681112749,0.04000423765872885,-0.02357371952700582,5.722089601398906,96.61167162959723,84.5661488753966,0.017232417561369298,0.013645306309464035,0.1447095472760086
15518,1723238051491528944,0.5594732761383057,0.131168857216835,0.1334898024797439,0.0403250083327293,-0.0074750231578946,0.0229642819613218,0.99889475107193,0.0,0.0,0.0,0.32446061200342247,0.7846702606133773,1.0390655354723695,6.489598699,0.1334898024797439,0.20383730126382785,-0.24984886032981482,0.132024893956725,-5.814610706404508,6.886087552858555,1.7643001439527233,0.08031518255938865,-0.016786380856531953,0.04529680869108022,0.019440712561117124,0.037745284535385615,-0.026058417072764684,13.557982014020515,79.98714243538811,115.0726676519343,0.02276500824824959,0.02037531307347193,0.1447095472760086
15520,1723238051503789751,0.5596757531166077,0.1316443383693695,0.1332897841930389,0.0392192788422107,-0.0081817358732223,0.0231690015643835,0.9989284873008728,0.0,0.0,0.0,0.31079095180728533,0.5464609473181632,1.2295400530671134,6.501859506,0.1332897841930389,-0.1827884027836672,-0.10962277430376154,0.03922778628658663,59.678141250279594,68.8892424369433,-13.201735331294842,0.07806752329936432,-0.018164279984874455,0.045669993548108384,0.027534833870404896,0.06379951909263148,0.007577295712826171,-52.571471291758726,-183.34089605113672,-186.1110237611245,0.017968115296929474,0.014911260698561772,0.1447095472760086
15522,1723238051510925078,0.5599179863929749,0.132203459739685,0.1334430575370788,0.0413860455155372,-0.0059079905040562,0.0229945871978998,0.9988611936569214,0.0,0.0,0.0,-0.2779966094641274,-1.4423809808849577,-0.9357572454428413,6.508994833,0.1334430575370788,0.621790020623437,0.6204946787135163,-0.07836246860239886,49.203473553200666,34.81377015065592,-6.317954796306145,0.08250744650747231,-0.013706264101682995,0.04546771856473514,0.028301667961738275,0.06114382068195923,0.010064374337258819,-75.7049240305512,-167.99371110457207,-204.14688733743725,0.037765861476161865,0.030059624626555648,0.1447095472760086
15524,1723238051521559822,0.5601294636726379,0.1325808316469192,0.1333691328763961,0.0421264097094535,-0.0063159652054309,0.023063875734806,0.9988260865211488,0.0,0.0,0.0,-0.9751210127104489,-1.4737095538660383,-1.5326303067707405,6.519629577,0.1333691328763961,0.1376623930332269,-0.07933887271660521,0.015520317124462417,-20.953394730312436,-46.990175618769456,10.978677102290462,0.08397010735460954,-0.014560812693369302,0.04556205389923669,0.019235444518347578,0.028841516489100272,-0.02024408086231322,-21.677586945655527,99.42099011698517,80.0190747899602,0.021377583120960258,0.018283165820914937,0.1447095472760086
15526,1723238051530960066,0.5603048801422119,0.1327967494726181,0.1330683827400207,0.0428418107330799,-0.0080394828692078,0.0236371699720621,0.9987698793411256,0.0,0.0,0.0,-0.8143444484316271,0.3114430591362183,0.3507945109250483,6.529029821,0.1330683827400207,0.1448470743200157,-0.3647136176763964,0.1365932114340193,-38.89844389514462,-33.448784725254775,4.050197124711344,0.08531555511825321,-0.018085490894188344,0.046551756659444006,0.00905028671662933,0.027981324433843824,-0.023705534666035533,54.91433676620678,107.96714744487547,142.0806437362538,0.01912768879111841,0.01798622612045607,0.1447095472760086
15528,1723238051541354693,0.5602884888648987,0.1331452131271362,0.1329172402620315,0.0392163693904876,-0.0120268585160374,0.0238411650061607,0.9988739490509032,0.0,0.0,0.0,0.19107548473793007,0.49191222833279014,1.1578051850423692,6.539424448,0.1329172402620315,-0.7153792836304859,-0.7479247378752094,0.07720474212766687,-20.201314646699988,15.92844594661165,-6.1910033340540345,0.07787573252288325,-0.0258994545714647,0.046717992398266954,0.0036791992260347683,0.035850251632377095,-0.011794543726331597,81.5562528270141,-2.509510550968047,28.29748583707198,-0.0003861445459231064,-0.002880780362667025,0.1447095472760086
15530,1723238051552133603,0.5603868961334229,0.1335576474666595,0.1328207999467849,0.0379549413919448,-0.0119832996279001,0.0238565523177385,0.9989227652549744,0.0,0.0,0.0,0.9006162344568354,0.2427531450944127,0.9113305219704542,6.550203358,0.1328207999467849,-0.23391946031279046,0.013874184261866407,0.0051339039149532984,29.608972000768443,34.05161872949255,-12.390142951734825,0.07535260381821972,-0.025754576758842112,0.04678463029330372,0.013650071730030078,0.03818932807707487,0.0008186312874594037,9.656814513206829,-33.28697818237563,-35.60567908157093,0.010675071990067345,0.007456106828767601,0.1447095472760086
15532,1723238051563311573,0.5605918765068054,0.1339836716651916,0.1329431533813476,0.037539605051279,-0.0121189560741186,0.0227312818169593,0.9989631175994872,0.0,0.0,0.0,0.35744878179806694,-0.24723435311339914,0.3656598616759693,6.561381328,0.1329431533813476,-0.07749908891855817,-0.03002832194269,-0.19948077438639875,29.15933003008621,13.81845441476073,-3.8773708787035632,0.074544443908523,-0.025922330028830737,0.04453522026032212,0.023434071677826296,0.041201283893894214,0.0080050207459621,-41.7575542111523,-15.77617968421672,-29.170664176802404,0.02029349698880957,0.016301611778192185,0.1447095472760086
15534,1723238051571605513,0.5608175992965698,0.1343443989753723,0.1329914480447769,0.0385959446430206,-0.0112696038559079,0.0221825931221246,0.9989451169967652,0.0,0.0,0.0,0.05317759051731519,-0.20540587364609952,0.24462168084239316,6.569675268,0.1329914480447769,0.25767665494802194,0.19379061856624197,-0.1428504841711099,26.44198768550996,17.361507856998603,5.581919568346752,0.0767081821264499,-0.024230118599099938,0.04347491533349008,0.02321190664520323,0.035971023114087064,0.009331600656591554,-32.9407936987256,4.995327347542293,-35.9395338798712,0.029212464910762737,0.02509518713532792,0.1447095472760086
15536,1723238051585736944,0.561049222946167,0.134671613574028,0.1332077980041504,0.0406527891755104,-0.0097337961196899,0.0215992983430624,0.9988924860954284,0.0,0.0,0.0,-0.3221486036120216,-0.13596880081850315,-0.7772128503178446,6.583806699,0.1332077980041504,0.29497378411878805,0.20740370185429094,-0.09397034948373235,-17.919155459119928,-51.74344347351064,13.254439470164776,0.08090143270529417,-0.021203763885631655,0.04238155232265007,0.02588871578649332,0.043306252585921357,0.014827241380029221,-43.04344162684324,-74.90142951167905,-82.07462128960921,0.017677708963898153,0.015083958241811435,0.1447095472760086
15538,1723238051591107694,0.56120765209198,0.1349453330039978,0.1332864463329315,0.0410837046802043,-0.010202083736658,0.0215764679014682,0.9988706707954408,0.0,0.0,0.0,-0.5869706935292287,-0.7011635321306142,-1.2379479190027287,6.589177449,0.1332864463329315,0.1567707309999138,-0.17808198902528913,-0.0027896317241392216,-23.558841499799662,-49.93643287249764,12.930975504922685,0.08174541685794513,-0.022155819519914285,0.042288902455302514,0.023114321898384915,0.041238934591609766,0.008272776445884311,-18.341773355143136,-78.73728405015851,-40.39286366609447,0.031943403607893946,0.02695289056698937,0.1447095472760086
15540,1723238051604538047,0.5613036751747131,0.1351725459098816,0.1331835836172104,0.0405169129371643,-0.0109977079555392,0.0217733718454837,0.9988810420036316,0.0,0.0,0.0,0.20668770849993146,-0.8686942899924048,-0.2559294971952887,6.602607802,0.1331835836172104,-0.08662998896925299,-0.11530612515453022,0.034984552955396354,9.704761811227737,31.211043442490656,-1.927650474549325,0.08057406803486537,-0.02373741272385401,0.04263174935852539,0.012866880413760384,0.021201210399166115,-0.008942630368473203,26.961619497861804,13.67334971825806,78.1353003210946,0.007680227461957131,0.006544987872125559,0.1447095472760086
15542,1723238051612772979,0.5614385008811951,0.1353687644004821,0.133103460073471,0.041042685508728,-0.0098509527742862,0.0218055676668882,0.9988709092140198,0.0,0.0,0.0,0.26646632211271015,-0.6240687355460129,0.41283660691414803,6.610842734,0.133103460073471,0.1338001602717067,0.27570773055515885,-0.004824533439601475,36.196006064819045,8.301135406302862,1.4757116131967623,0.08167265059698879,-0.021471228137538177,0.04277617622170242,0.0194652308159462,0.01719470361266673,-0.005870104368701945,-36.38215302085233,35.76339280730927,23.114427987040195,0.017163479793508633,0.015470485839718657,0.1447095472760086
15544,1723238051620721822,0.5616169571876526,0.1354545503854751,0.1330864131450653,0.0429974570870399,-0.0096541242673993,0.0220511723309755,0.998785138130188,0.0,0.0,0.0,-0.3575760265709077,-0.29331338127497847,0.15081329822502235,6.618791577,0.1330864131450653,0.4938570648901951,0.041066785141073585,0.05531947436543448,17.348755691392853,-21.83849357639847,3.3933665336945236,0.08558830643036082,-0.021182664445253064,0.04324173347710144,0.017479995248816493,0.011178754408649016,-0.0022837121056697995,-45.56405888355691,48.66573509120777,-36.19094296471133,0.022845584651885773,0.02197752867172878,0.1447095472760086
15546,1723238051633977886,0.5617387890815735,0.135611280798912,0.1330530643463134,0.0437100939452648,-0.0101615004241466,0.0220888294279575,0.9987484216690063,0.0,0.0,0.0,-0.23330709141550598,0.5077711043139848,-0.4002799804300745,6.632047641,0.1330530643463134,0.10599301943135059,-0.07863715033939706,0.008050200959129748,-20.018766976027152,-6.042078204982534,-3.544169647017826,0.0869930134681266,-0.022230405605257592,0.0432582219754031,0.010356292989271765,0.017537501383319665,-0.00692475109238444,22.028031792891426,49.14338789061038,-0.9794699617263536,0.009635034979970246,0.008693817825582593,0.1447095472760086
15548,1723238051642500712,0.5618334412574768,0.1357920616865158,0.1329698860645294,0.0436622165143489,-0.0106428796425461,0.0219732392579317,0.9987480640411376,0.0,0.0,0.0,0.02377090458850012,0.8647564984076545,-0.18619002388556916,6.640570467,0.1329698860645294,-0.01398821227142607,-0.11375927877033327,-0.022037282680328688,-19.615507761818442,-4.57191423224819,-4.603305961258821,0.08687995728736239,-0.023179987295359226,0.04298685929832442,0.01003413526925101,0.022019043190020682,-0.010611198731919735,35.06914623766437,-5.991015753808696,34.67495459056766,0.011777567230484535,0.010330525875429935,0.1447095472760086
15550,1723238051653710167,0.5619301199913025,0.1360507905483245,0.1328383833169937,0.0419224500656127,-0.0116207040846347,0.0214116014540195,0.9988238215446472,0.0,0.0,0.0,0.4892012420058143,0.09175336647602039,0.3433717929461134,6.651779922,0.1328383833169937,-0.3155121327571731,-0.17165652344065677,-0.08945826530839801,-29.052423110811656,-2.6209740116865134,-9.463808745661186,0.08337124337503841,-0.025011933527371466,0.041823768466623175,0.01120832414582651,0.03670930726320876,-0.00906638068627963,20.08435312689997,-137.7718460974819,21.686102755153474,0.009285880494142692,0.00785604243401896,0.1447095472760086
15552,1723238051661243300,0.562027633190155,0.1363963186740875,0.1327835768461227,0.0398931615054607,-0.0123081300407648,0.0206890329718589,0.9989138841629028,0.0,0.0,0.0,0.5319747321688706,-1.2944620369547017,0.37735669984273934,6.659313055,0.1327835768461227,-0.5452692911165544,-0.17852130122280055,-0.178211815824263,10.593202293768474,3.0818205194503574,-2.122928657385953,0.07930074564635334,-0.026243238054688738,0.040375972564662764,0.01683983505194675,0.03123044465033953,-0.005439074008188882,-5.751343572806855,-85.2841823895551,-13.233480148157014,0.014589478663519086,0.011155557601304367,0.1447095472760086
15554,1723238051671407735,0.5622522234916687,0.1365130096673965,0.1327534765005111,0.0405466705560684,-0.0127504784613847,0.0203364007174968,0.9988893866539,0.0,0.0,0.0,0.31676326059182347,-0.8072390658896443,-0.0005222738620383471,6.66947749,0.1327534765005111,0.12598526970928864,-0.0924316173583599,-0.06732085403796592,32.88178641727878,3.892788012105898,6.914013242440016,0.08060154271570595,-0.02712510809120961,0.039618584799272834,0.019290262999955843,0.010294458213143898,-0.003031953180624214,3.5178834828105607,77.02944511396882,-1.5819974421009206,0.022444469981134283,0.02166249964270795,0.1447095472760086
15556,1723238051683864815,0.5624496936798096,0.1366231441497802,0.1327146291732788,0.0407472290098667,-0.0134442029520869,0.0200474690645933,0.9988779425621032,0.0,0.0,0.0,0.7375375133653095,0.5965170944665574,0.5231876560559936,6.68193457,0.1327146291732788,0.029382143275169244,-0.11381379942932114,-0.042194001769478774,-32.831187946092726,-23.357172218209932,-2.402502409751466,0.08098531075601742,-0.028495849539988575,0.03898001289345969,0.024391673891479115,0.019360192215803096,-0.006661895580887034,5.3248161434574115,-13.846255114637252,44.02016581616663,0.01608911986370898,0.015548461897353925,0.1447095472760086
15558,1723238051691079359,0.562661349773407,0.136806771159172,0.1326517611742019,0.0396527722477912,-0.0147983897477388,0.0196964778006076,0.998909831047058,0.0,0.0,0.0,0.657067509277931,-0.032075275265633696,0.8490420502485938,6.689149114,0.1326517611742019,-0.3122567141610992,-0.37274689525930305,-0.07799335806303535,-6.358382926771977,10.737770985964108,-5.684641977992599,0.07875564497201662,-0.031131582319026015,0.03820421645001825,0.03108323650292988,0.02311542665177857,0.000516254271532901,-10.627918661770483,-116.68412504544708,-20.99181189714865,0.030002246009592795,0.028514400643248446,0.1447095472760086
15560,1723238051700833573,0.5629875659942627,0.1370014250278473,0.132778525352478,0.0404402092099189,-0.0130646089091897,0.0190790109336376,0.9989144206047058,0.0,0.0,0.0,0.5603365608395889,-1.5600139029025608,-0.2282034413396215,6.698903328,0.132778525352478,0.16637084127104962,0.34691972820774897,-0.14297126096852028,19.012410785506688,10.020979173602957,0.24788379168430508,0.08041142282586057,-0.02764749294689454,0.03708259402706573,0.03392584319865577,0.015515132116520114,0.0068737007158450325,-2.138788800562754,-59.40488257883473,-95.27170601899249,0.034506675108622584,0.032306970153192796,0.1447095472760086
15562,1723238051710801555,0.5633306503295898,0.1371108442544937,0.1327846795320511,0.040711548179388,-0.0140547445043921,0.01869229786098,0.9988971948623656,0.0,0.0,0.0,0.6182477316555863,-1.1616412623994559,-1.023369595411972,6.70887131,0.1327846795320511,0.04971878143394409,-0.20266918794922592,-0.07011815665183743,25.287496611638666,-39.49587757057974,5.172921691426937,0.08093161677301818,-0.0296047987922148,0.03622277670706936,0.04225053382763733,-0.007988965706466011,-0.004364759017764008,-13.454309028922834,129.791916692775,-16.393280586989043,0.034796619368009374,0.03394210689140191,0.1447095472760086
15564,1723238051720905617,0.5638377666473389,0.1368358731269836,0.1326895505189895,0.0442079007625579,-0.0162101592868566,0.0184494238346815,0.9987205266952516,0.0,0.0,0.0,0.2850023929913512,1.0697892655547205,-0.5398831900167591,6.718975372,0.1326895505189895,0.6840785487383766,-0.44155775122011737,-0.039725393423577636,5.986584731796842,16.93418477913888,1.1444771387018728,0.08786833283851797,-0.034016618134686386,0.03544632632575297,0.046275905716886,-0.007473570013907249,-0.013638897349709467,-34.0891087369462,124.53428397730997,73.75105809571282,0.04884473209024072,0.0514601758447877,0.1447095472760086
15566,1723238051731547105,0.5642863512039185,0.1369775831699371,0.1324970722198486,0.0447841957211494,-0.0151600455865263,0.0182471368461847,0.998715043067932,0.0,0.0,0.0,-0.09017194942149676,1.3156182391178737,0.5352160903964847,6.72961686,0.1324970722198486,0.11124288495283603,0.19341397074423813,-0.0484316015315025,-24.881940956621786,13.982039074470187,-1.829373787298743,0.08906305442013947,-0.03192091852488136,0.0351146197813166,0.04803794751955337,0.015328561305254063,-0.015147856435539175,20.73178841518344,35.76036815721713,61.27080258747172,0.041996865450823935,0.0421215662105807,0.1447095472760086
15568,1723238051741231450,0.564803421497345,0.1371437609195709,0.1323762834072113,0.0454026870429515,-0.0154897486791014,0.0178773384541273,0.9986887574195862,0.0,0.0,0.0,0.6040369320752297,1.7735047199683565,0.7781827666353794,6.739301205,0.1323762834072113,0.1254088884236668,-0.07383560773234026,-0.07506020242633499,-6.062228115915741,-14.831037107974801,-4.957648599483187,0.0903029780710863,-0.03256799115997992,0.034326181301765554,0.044910654655097915,0.020779640057821958,-0.003997902103175743,46.46897277038276,5.383147839063504,2.306654839823411,0.05351509147616971,0.053061416857241105,0.1447095472760086
15570,1723238051755771152,0.565271258354187,0.1375249177217483,0.1325031518936157,0.0445039607584476,-0.0155203305184841,0.0164411924779415,0.998753309249878,0.0,0.0,0.0,0.7292627042285957,0.9371691276988017,0.31440579726000983,6.753840907,0.1325031518936157,-0.1269999790932662,-0.010822766502887255,-0.19534201091427975,-91.18559173346522,-81.39908274328383,-30.11306983912712,0.08854889920252969,-0.032471065087404626,0.03148175094586891,0.07392809131454214,0.07299312037546102,-0.0008290917492423944,-203.82841645112615,-340.05629328014027,-3.2510253961506805,0.033251613734070526,0.03098872119251512,0.1447095472760086
15572,1723238051760593766,0.5656945705413818,0.1379517614841461,0.1324838697910308,0.0428900197148323,-0.0168088730424642,0.0154531961306929,0.9988189339637756,0.0,0.0,0.0,-0.5935423618878526,-1.1547328820896825,0.34454970809913343,6.758663521,0.1324838697910308,-0.6848438309390573,-0.5405169180057713,-0.3755015124730118,-53.98266250537418,-44.514727472565035,-23.514541815250162,0.08531460367367287,-0.03491070792945343,0.02945022281978209,0.07541919870627467,0.07326752082878496,0.0008414690185754026,-201.69948927529202,-331.8332275668762,-5.463136370587005,0.09015006420995413,0.08495405861812376,0.1447095472760086
15574,1723238051770909339,0.5661998987197876,0.1383712589740753,0.132599338889122,0.0434972792863845,-0.0144551759585738,0.0139506123960018,0.9988515377044678,0.0,0.0,0.0,-1.0724305207690192,-2.3285613735701434,0.029732032036351837,6.768979094,0.132599338889122,0.119481367880102,0.4415916201800119,-0.31262836867091504,34.55123128318692,25.387452414721388,7.4774910929948835,0.08663886387793192,-0.03009531965977586,0.026626861902669486,0.04937765135880667,0.03462112150589647,0.004354836667368467,29.712410116454663,37.653376578780154,-18.14551190279911,0.05036641060988608,0.04745324815130333,0.1447095472760086
15576,1723238051781538262,0.5667290091514587,0.1386730372905731,0.1325707286596298,0.0435773395001888,-0.0146863963454961,0.0127818891778588,0.9988603591918944,0.0,0.0,0.0,0.0772083579810463,-0.26974961831433,-0.027626855303197,6.779608017,0.1325707286596298,0.011189241130812764,-0.05320962285871304,-0.21800964697476807,10.67000122057609,-16.782496646185542,10.995711058103144,0.0868292000772212,-0.030458028763489062,0.024268293505612975,0.053881508144041135,0.025399039968673875,0.0012664186953301737,57.73285584642138,144.58116814083294,5.780335994565162,0.050349179131586194,0.04905715782321506,0.1447095472760086
15578,1723238051791517765,0.5673051476478577,0.1388984620571136,0.1326204538345337,0.0451406203210353,-0.0143568282946944,0.0123755931854248,0.9988008737564088,0.0,0.0,0.0,0.18085037949488902,0.7128761832157369,0.1347822353443157,6.78958752,0.1326204538345337,0.31310916737424704,0.05824575719128107,-0.0886603842434303,-0.6810236268254881,4.239377610966293,4.7645864796588615,0.08997889691390258,-0.02980092000800044,0.023437905939670996,0.05140512807777142,0.028309165950622273,0.0034544062822376986,42.14501100899404,46.28855697977758,7.023374360511701,0.05836831804506914,0.05696565914694671,0.1447095472760086
15580,1723238051804300101,0.5678586363792419,0.1393539756536483,0.1326395869255066,0.0438655503094196,-0.0143325142562389,0.0113228671252727,0.9988705515861512,0.0,0.0,0.0,1.239540705466795,0.4503098313025369,0.073098340279931,6.802369856,0.1326395869255066,-0.2020756219830086,-0.0010101008368478492,-0.16196063109887157,-9.385918970720727,-11.722278918820217,-1.9774341503217006,0.08745723001087788,-0.029630355947537743,0.02137375839112657,0.06074051612573328,0.0443185094843912,0.0037943308836787537,-38.308558349792854,-76.08961594701753,-22.766973607251128,0.044077801793189694,0.04237989301537899,0.1447095472760086
15582,1723238051812605782,0.5684572458267212,0.1397689282894134,0.1326835006475448,0.0434119142591953,-0.0148757304996252,0.0106353806331753,0.9988898634910583,0.0,0.0,0.0,0.2676253297196314,-0.4814518841936939,-0.2128231494162377,6.810675537,0.1326835006475448,-0.11316952681816622,-0.13661647566182494,-0.15810827627318125,7.965508202366098,-28.451330423495985,-1.9672077452007937,0.08655967133364374,-0.03064663435780765,0.0199662814896229,0.07378385180945557,0.043729564854603,0.004652443013860363,-79.30709388503662,-27.152132293599053,-25.997718081623873,0.07318307995485382,0.07074580672274469,0.1447095472760086
15584,1723238051821544216,0.5691332221031189,0.1400998681783676,0.1327189803123474,0.0431441701948642,-0.017106169834733,0.0096436021849513,0.9988759160041808,0.0,0.0,0.0,-0.07849851580092349,0.09380220663396321,-0.36413853578757155,6.819613971,0.1327189803123474,-0.06831539953977803,-0.5075560580184009,-0.19907705806366546,4.158264058108376,-17.342571094447006,2.256417212531606,0.08602011588827742,-0.035013166015960905,0.017801310892887754,0.06364399360943551,0.03547696261434119,-0.00029093187428363976,4.571412295491591,59.96518144263945,-7.602518623271006,0.07636507469319871,0.07466719154436263,0.1447095472760086
15586,1723238051835312279,0.5697553753852844,0.1405555009841919,0.1326246261596679,0.0429608821868896,-0.018710533156991,0.0094127785414457,0.9988572597503662,0.0,0.0,0.0,0.9025982346489574,0.8262604158320839,-0.27102949521482905,6.833382034,0.1326246261596679,-0.029299316593203804,-0.23403003866213654,-0.022956022910273446,35.64450288313578,23.54982091884206,7.722255884332418,0.08563836872811113,-0.03819635345208174,0.01720980392481672,0.0849562165582256,0.05833777054497702,-0.0012981842633514873,-134.98490775779206,-68.50861705843623,75.36533555273806,0.045455890266289045,0.04472362439664461,0.1447095472760086
15588,1723238051841299556,0.5703675746917725,0.1409705132246017,0.132631316781044,0.0437686406075954,-0.0189537331461906,0.0094472803175449,0.9988172054290771,0.0,0.0,0.0,-0.442584461421335,0.09919185162695854,0.35882228079214173,6.839369311,0.132631316781044,0.2695423948518285,-0.08344111584638038,0.010079329002916582,24.022166237291184,27.411314122667164,3.7113329128732593,0.08725152758532616,-0.038699277617187645,0.017226803492140928,0.08868004898071646,0.06111293694223008,-0.0034361033104426397,-169.80968814055188,-96.39635106248059,119.1296488157389,0.10339469100757014,0.10069378920979656,0.1447095472760086
15590,1723238051851707634,0.5710450410842896,0.1414581686258316,0.132513165473938,0.044020839035511,-0.0176930930465459,0.0095909098163247,0.998827874660492,0.0,0.0,0.0,-1.2173227263925899,-0.4510725988769595,1.8507922637920997,6.849777389,0.132513165473938,0.05112665120718274,0.24274512966037043,0.01602643911949817,-9.864054194003,20.669417190389204,-19.172544553022313,0.08776915882376654,-0.036197012688501104,0.01761405464731431,0.0648127852462963,0.05555369689241907,0.013251347144554337,37.33919872913373,-43.976830053461946,-12.891911960415108,0.06545159736512103,0.06445868970678448,0.1447095472760086
15592,1723238051861198644,0.5716577768325806,0.1420607268810272,0.1328518688678741,0.0442880354821682,-0.0159775149077177,0.0080712931230664,0.9988583922386168,0.0,0.0,0.0,0.10445206746199487,-0.7914978482626498,0.37622422690405605,6.859268399,0.1328518688678741,0.0537576264697862,0.3465700189329194,-0.33681914233783794,8.462845446280323,-6.922193900438146,-14.56574982691249,0.08837905183760292,-0.03263926804987868,0.014717301889450555,0.0625701578996356,0.0519913808884489,0.032959068849636175,69.04741599184096,-12.512700490646337,-190.9368313767856,0.06661663312104514,0.06229113657801875,0.1447095472760086
15594,1723238051872230774,0.5723225474357605,0.14248688519001,0.1331804990768432,0.0456933788955211,-0.0156887955963611,0.0069599584676325,0.9988080859184264,0.0,0.0,0.0,-0.03425504803447055,-0.630040785986361,-2.186374510390328,6.870300529,0.1331804990768432,0.2520893069001278,0.04115690621646896,-0.20755749189915032,6.476502116958294,-34.974700042264146,12.631447242256458,0.09123254264131474,-0.03198169152459261,0.012476280934505814,0.06809198531549754,0.03792282320149987,0.015306637541485202,-50.11468658683213,72.80379332030633,-71.23501175012376,0.06165639094271808,0.058715100094516706,0.1447095472760086
15596,1723238051880956252,0.5729707479476929,0.1428129076957702,0.1332141160964965,0.0467079617083072,-0.0170333627611398,0.0065163094550371,0.9987421631813048,0.0,0.0,0.0,-0.730608941865603,0.40663532615614084,-1.6965097454958413,6.879026007,0.1332141160964965,0.22922922951630526,-0.31432824224810335,-0.09103023743391941,-22.976945317260622,-33.86913036865068,12.073429679883029,0.09326746170247652,-0.0346395291010833,0.01143214557025112,0.06410253498691887,0.03687797342666688,-0.007816521276872379,-29.002374353435957,77.82133763880233,113.03763999824783,0.07479915672673579,0.07356429855723516,0.1447095472760086
15598,1723238051891283814,0.5735082626342773,0.1431878209114074,0.1329907476902008,0.0454007051885128,-0.0200380627065897,0.006446567364037,0.9987471103668212,0.0,0.0,0.0,-0.40910741253256644,0.7092997206177336,0.16637609802701991,6.889353569,0.1329907476902008,-0.25690686230958243,-0.5801127659983526,0.017995298464162125,-24.868666635511246,5.31879356208119,-2.1263192603865906,0.09062796663176728,-0.04062244334831907,0.011066852321729553,0.05321525505256375,0.047511919538402836,-0.013681152870209878,75.84739734023992,-5.5507511546320885,131.02192734176572,0.05152355287175588,0.052320018551991594,0.1447095472760086
15600,1723238051900609377,0.5740143656730652,0.1437252908945083,0.1329300850629806,0.0440131351351738,-0.0212768670171499,0.0058554960414767,0.9987871646881104,0.0,0.0,0.0,0.6747639361351481,0.3640108509801381,0.972595704413235,6.898679132,0.1329300850629806,-0.30185416908355306,-0.2690110196070899,-0.10863519624061554,7.683309344671182,36.221960290273856,-7.979188992533697,0.08786457738197047,-0.04303083930876907,0.009833126010752825,0.05483225142703674,0.05142879945299139,-0.005946743467732496,67.96273937810915,-48.42375244508039,48.00807870913245,0.05450400979813664,0.05370869432087937,0.1447095472760086
15602,1723238051912131772,0.5746541619300842,0.1442295312881469,0.1328695118427276,0.0438182950019836,-0.0201592985540628,0.0052036941051483,0.9988226294517516,0.0,0.0,0.0,0.7707484686610035,-0.35621267818324354,0.9784385474850967,6.910201527,0.1328695118427276,-0.035320629962826415,0.18909621733589607,-0.12085355100080161,10.258213618728524,1.2703192184567444,-10.808540453738178,0.08750775626047971,-0.040738428633336585,0.008635714930388535,0.06974502033543928,0.05482575447756943,0.007298852463533123,-27.39674296050004,-90.40065386634959,-37.95654033219641,0.05564168027819712,0.055155271847341904,0.1447095472760086
15604,1723238051920751226,0.5753470063209534,0.1447734385728836,0.1330133825540542,0.0437146537005901,-0.0203147996217012,0.0040001668967306,0.9988295435905457,0.0,0.0,0.0,0.30424018511754625,-1.3152756224220132,0.4032651585313218,6.918820981,0.1330133825540542,-0.029907622281520833,-0.048118081192892195,-0.27687207621262006,8.387483892550446,-22.621957210948985,-5.297973368919728,0.08734859264427039,-0.04094321410192265,0.0062201137709986245,0.07301302857533543,0.04755766031557851,0.01462913791902487,-15.983876245291935,-18.353507462402035,-65.7813704875991,0.08138793342898132,0.07902469459595848,0.1447095472760086
15606,1723238051932160606,0.5760687589645386,0.1450812816619873,0.1331491470336914,0.0447791516780853,-0.0215979721397161,0.003143124980852,0.9987584948539734,0.0,0.0,0.0,0.6978599517298925,-0.1214625391740558,-0.3329378305839554,6.930230361,0.1331491470336914,0.1829747735480611,-0.23223653195779997,-0.14396684126890139,20.655041300460102,17.066537377636326,3.928828995231699,0.08951516831144164,-0.04343746767834785,0.004348283053499157,0.07535300790467403,0.025422031720101046,0.012476830802956584,-2.5898504564198994,125.74625124335253,-41.92567827392182,0.06383324600858006,0.06246770814512884,0.1447095472760086
15608,1723238051941841286,0.5768975615501404,0.1453145742416381,0.1332746744155883,0.0467240922152996,-0.0205606464296579,0.0024107859935611,0.998693346977234,0.0,0.0,0.0,0.3681386910930735,1.2692578182968741,-0.5531690452072957,6.939911041,0.1332746744155883,0.39932867473994466,0.20571366743735844,-0.16934396211776243,-22.145495072712038,21.886644471688484,-3.8796231774648646,0.09344245041043374,-0.04130458891692642,0.002896391202394892,0.08615631113264044,0.039184516479078724,0.008068547511233426,-68.18301541213108,-14.875271024858286,-26.91979567283357,0.08614588308504002,0.08484876951802481,0.1447095472760086
15610,1723238051950960751,0.5776879191398621,0.1458015143871307,0.1333061754703521,0.0459001325070858,-0.0195846296846866,0.0014555710367858,0.9987529516220092,0.0,0.0,0.0,-0.5467998214432228,-0.2283337045824847,-0.8344887746416803,6.949030506,0.1333061754703521,-0.18486938020634383,0.20468783608820723,-0.21553300955051988,-32.34061307920959,-13.750033530163183,3.1241309390344245,0.09182845043509315,-0.039264123166366065,0.00111049366959519,0.08308912108489963,0.049450348126652166,0.002183764116420406,-22.266866467476945,-133.92937726188381,-29.68914787155948,0.08679509332806411,0.0862143315236738,0.1447095472760086
15612,1723238051960873814,0.5784730315208435,0.1462492048740387,0.1333141326904297,0.0450998619198799,-0.0199528448283672,0.0009449868812225,0.9987828135490416,0.0,0.0,0.0,0.07363336721988345,-1.2295890286399604,-1.1163087774593135,6.958943569,0.1333141326904297,-0.16365856696036468,-0.07857150842446294,-0.0963207379177034,-4.043762314775442,-26.9591900969669,8.164467860367441,0.09024659548093861,-0.039952982796487714,8.800244596429631e-05,0.075400743476699,0.032596112225220075,-0.008127229995689156,72.32255234765907,-7.042833785924073,34.81240434286872,0.07917260725509062,0.07893811964301266,0.1447095472760086
15614,1723238051972898748,0.5793243050575256,0.1464578807353973,0.1330861449241638,0.0432919152081012,-0.0222168248146772,0.0004787881625816,0.9988153576850892,0.0,0.0,0.0,1.0853106771896046,0.05630080379540825,0.2247947694758783,6.970968503,0.1330861449241638,-0.30248070578311953,-0.37919409193632037,-0.0544673520351471,-8.365293902924336,-33.717855217012584,2.1087475514567826,0.0866538246998394,-0.0444370901705954,-0.0009681317091480721,0.08867342051855331,0.024675122003621652,-0.022661791163995915,-32.446727409718804,63.9672677719933,156.30579870348683,0.06986343421092565,0.07151312997863014,0.1447095472760086
15616,1723238051980943136,0.580133855342865,0.1466957777738571,0.1328839212656021,0.0418802462518215,-0.0250111278146505,0.0001455163583159,0.998809576034546,0.0,0.0,0.0,0.196930215881705,0.33964591532819155,1.7231569182706943,6.979012891,0.1328839212656021,-0.3526653501209676,-0.69734907978627,-0.04488612378209182,23.229491867789005,4.941524180476799,-0.6915660694136099,0.0838564046041091,-0.04999572184242977,-0.0018065163894802746,0.09730477962008166,0.028975878477618622,-0.013139092704833821,-59.87326820826517,67.98220785700396,118.52647050528266,0.09919984938343965,0.10169462914495003,0.1447095472760086
15618,1723238051991176787,0.581086277961731,0.1469845324754715,0.1329056769609451,0.0432632528245449,-0.0253397822380065,-0.0002254052524222,0.9987423419952391,0.0,0.0,0.0,0.24245450247787392,1.4618387996866478,2.054288414129274,6.989246542,0.1329056769609451,0.2686921792168418,-0.06755757507902228,-0.0764725510158207,43.48588742308916,58.996947980510285,-7.653295798334913,0.086648334175671,-0.05061793595700603,-0.0026461987231788694,0.0879152256124236,0.029913277334315147,0.01151723047139086,33.64385277883944,28.516933223223603,-101.60883633200694,0.09298118995301179,0.09279139013066436,0.1447095472760086
15620,1723238052003633042,0.5821032524108887,0.1473828703165054,0.1331915259361267,0.0467171780765056,-0.0213642362505197,-0.0014686867361888,0.9986786842346193,0.0,0.0,0.0,1.1041786667053586,0.5868395147760417,-1.2425123700449603,7.001702797,0.1331915259361267,0.5491112450741639,0.6287480736689263,-0.2410433913842082,-52.266786712629425,-4.3003670885301375,-25.496583381246694,0.09359482395275366,-0.04254762506562258,-0.0049341313913083456,0.10852230585472,0.06889730069185696,0.031722860697442457,-130.38572387476626,-250.0097482632121,-210.43642597344058,0.08238724772917658,0.08061637346742125,0.1447095472760086
15622,1723238052010741197,0.582983672618866,0.1480223536491394,0.1334526091814041,0.0463084876537323,-0.0200286917388439,-0.0030951420776546,0.9987215995788574,0.0,0.0,0.0,-0.6321148146867346,-1.9194387876171768,-2.5183401426509837,7.008810952,0.1334526091814041,-0.12573298419333703,0.3539914498730951,-0.4721069709988492,-54.30931002800327,-52.766141931214726,1.2827125947760967,0.09282896988072127,-0.03972996267144132,-0.008043801629834478,0.11413931405239452,0.06275423521528811,0.011271153744534246,-159.50340237753545,-168.21197525281696,-12.338561754533734,0.12449465680938761,0.1226681859801213,0.1447095472760086
15624,1723238052020856161,0.5839982628822327,0.1482654511928558,0.1332001686096191,0.0458437800407409,-0.0219674780964851,-0.003056441200897,0.9987024664878844,0.0,0.0,0.0,-1.025414315432155,-0.9669906694230108,-0.23725052320538587,7.018925916,0.1332001686096191,-0.0902527302935421,-0.38286585698961256,0.02722341503951282,6.878725682220754,-26.082749990812164,24.06265845411743,0.09191954041739768,-0.04361153477321514,-0.008126911902355979,0.08727286167560067,0.028150814078448327,-0.009036202926599124,74.31296713189715,103.74755890099243,192.6433405589666,0.0989239825047141,0.10140756486616687,0.1447095472760086
15626,1723238052033610168,0.584901750087738,0.1486907005310058,0.1333409547805786,0.0461838766932487,-0.021714499220252,-0.0035021060612052,0.9986907839775084,0.0,0.0,0.0,1.7427437912922752,0.5103528666136947,1.6910739874050658,7.031679923,0.1333409547805786,0.05169004345415958,0.036537931328668234,-0.07279137855960581,-22.031554785356164,-5.775532895940893,-13.477763740054757,0.09261700568690473,-0.04306196613399466,-0.009009235135329953,0.10041889082611277,0.05528238351239523,0.01640881734066646,-32.205640395643,-64.31932427154048,-49.31078209584495,0.0709460256455404,0.07045495478981148,0.1447095472760086
15628,1723238052041402165,0.5858250260353088,0.1492259055376052,0.1334943771362304,0.0451174564659595,-0.0224228724837303,-0.0043564774096012,0.9987205266952516,0.0,0.0,0.0,0.3052576110771943,-0.8484381887288255,0.3523469707237892,7.03947192,0.1334943771362304,-0.2778412605981822,-0.1925033850441559,-0.20463981824896224,19.745910980630878,0.3047317383304762,-6.692777710035706,0.09052756203842195,-0.044409856015786904,-0.010735923948885059,0.11738783970277566,0.0515616153083549,0.028138536790720536,-135.0487491693622,-88.01795177465154,-168.3527192604501,0.11850409639494612,0.11793574760250204,0.1447095472760086
15630,1723238052051211759,0.5869629383087158,0.1495202183723449,0.1338747441768646,0.048477541655302,-0.0215371381491422,-0.0049475017003715,0.9985798597335817,0.0,0.0,0.0,-0.40902961553715755,-0.64528498273832,-1.2564541199796697,7.049281514,0.1338747441768646,0.681989782988861,0.17725902342550082,-0.1439785877835388,9.347052361165932,-2.461693973411407,7.016172072900938,0.0972717127530755,-0.04254625427249668,-0.01198021400507653,0.09725785475752957,0.03865798074990412,0.017355719974299966,9.867946645120465,34.9725754503172,-31.34873539025589,0.11717677448455453,0.11443401537690427,0.1447095472760086
15632,1723238052063206230,0.5878546237945557,0.1501108407974243,0.1337687820196151,0.0454529486596584,-0.0241503305733203,-0.0054259677417576,0.9986597895622252,0.0,0.0,0.0,0.9219602893808574,-0.01662754640071551,0.31303689192078377,7.061275985,0.1337687820196151,-0.5038235477345212,-0.4411897616946384,-0.04761675237581773,12.448116505094617,14.656161185921388,-11.67604114130792,0.09127677529090074,-0.04776083140749216,-0.013048047996596557,0.11644857954961907,0.04074616534654574,-2.0902623244722918e-05,-95.62507422618327,34.86598819561863,100.5616370425683,0.07318676000904219,0.07510630935969279,0.1447095472760086
15634,1723238052070838888,0.5889479517936707,0.1503805816173553,0.1338114291429519,0.0459766313433647,-0.0241420902311801,-0.0063011348247528,0.998630940914154,0.0,0.0,0.0,-0.8113362314410093,0.16426986140264055,0.9334722179909072,7.068908643,0.1338114291429519,0.13183135118469036,-0.007705007923362088,-0.2324674745140755,51.95249797273473,43.15928551749206,-8.793356070770157,0.09236762761987222,-0.047656703956895634,-0.014822331253783697,0.12019250366393308,0.03969290553306326,0.010925298498448477,-119.16546523166438,25.192989225825425,-11.512126722738088,0.14280803063467976,0.14315871590927934,0.1447095472760086
15636,1723238052082128994,0.5899199843406677,0.1509014070034027,0.1340239197015762,0.0470959693193435,-0.0227098409086465,-0.006627129856497,0.9986101984977722,0.0,0.0,0.0,-0.35437989204181086,0.47362704837373726,-0.7462585707536444,7.080198749,0.1340239197015762,0.1951911177855386,0.2518758759934341,-0.07414502282891808,-0.2943652160075354,6.8850421454335295,2.67777444288959,0.09459760754084195,-0.04474726681363997,-0.015390936087496893,0.08929134755477719,0.046595377307855124,0.013103291011842266,89.01682776034318,-36.55481496539141,-95.56992404098787,0.08613223725234981,0.08564609844754985,0.1447095472760086
15638,1723238052093242392,0.5909472703933716,0.1514243185520172,0.1341069936752319,0.0478292182087898,-0.0218259021639823,-0.0075062196701765,0.9985889196395874,0.0,0.0,0.0,1.1659310894216866,-0.6322600533996434,-1.226286736185509,7.091312147,0.1341069936752319,0.1273075976998776,0.15219193166633424,-0.1684976977728857,-35.02342521952909,-65.51246897934367,-0.26657673390698555,0.0960871140713061,-0.04288531910504646,-0.017095637522960803,0.11141768179752631,0.05035211183700028,-0.005464188127035641,-66.79164731577924,-75.83895392237474,55.11275473983825,0.09185509818912556,0.09261416195520773,0.1447095472760086
15640,1723238052100966464,0.5919097661972046,0.1518309563398361,0.1339953243732452,0.0466696470975875,-0.024329038336873,-0.0081402864307165,0.9985809326171876,0.0,0.0,0.0,-0.442935145022346,-1.0909731350995924,-0.272842692255973,7.099036219,0.1339953243732452,-0.29844435402633207,-0.6573758720788139,-0.1264100753817037,-13.06014664275822,-35.282845696643356,5.983879413536144,0.09384787777690584,-0.047847473752021495,-0.018550618279757885,0.1159943215628445,0.04025953877778665,-0.012550165066198105,-113.55808866686058,16.288721485631157,133.26720199262627,0.12277895214083037,0.1258956512807213,0.1447095472760086
15642,1723238052111497722,0.5930076241493225,0.1520770937204361,0.1338905394077301,0.0475585125386714,-0.0244835224002599,-0.0084192268550395,0.9985328912734984,0.0,0.0,0.0,-0.2785846570619688,0.16717697332523174,1.2717627726827416,7.109567477,0.1338905394077301,0.16794144553912965,-0.030616678778428608,-0.05571056829777432,12.11896366689158,29.662982872814336,4.657195833142812,0.09564602021929854,-0.04811295329016317,-0.019165900548190926,0.09646195022014226,0.03186689282501565,-0.006168717857631734,29.356010957543347,58.27835410225626,65.03571604603326,0.10318186484970743,0.10494081419853052,0.1447095472760086
15644,1723238052123461162,0.5940558314323425,0.1525737792253494,0.1338681280612945,0.0468164384365081,-0.0249557141214609,-0.0086274556815624,0.998554527759552,0.0,0.0,0.0,0.2594826398530259,0.0327931595268538,0.9403902107279666,7.121530917,0.1338681280612945,-0.12423468229610095,-0.08143476636849077,-0.027937758021705637,19.38835176506576,17.601112069054984,-0.675250261507828,0.09418041886207827,-0.04905113641724664,-0.0195914608623875,0.11454920139222935,0.04696945561351562,0.018094554035483768,84.88739234272943,12.205477068368962,-105.31543373962417,0.08659117185243248,0.08820857315359998,0.1447095472760086
15646,1723238052131964595,0.5951926708221436,0.1530061364173889,0.1341426819562912,0.0481259450316429,-0.0241062212735414,-0.0087750563398003,0.998511791229248,0.0,0.0,0.0,1.2225460158980956,0.27824563777581424,-0.42427634807868214,7.13003435,0.1341426819562912,0.30543007044673004,0.2002922777050792,-0.05179223848771856,24.48123553047126,13.767483267344442,0.7434382931061412,0.09679092222778195,-0.04731372729662193,-0.019867803159866127,0.10918608198996438,0.039816470803517134,0.01951674850030427,71.46799000898918,30.8113396310126,-95.05260306905613,0.13403393281964746,0.13270727109036698,0.1447095472760086
15648,1723238052148086910,0.5962039232254028,0.1533109545707702,0.1340669691562652,0.0473272278904914,-0.0254914797842502,-0.0083067957311868,0.9985195994377136,0.0,0.0,0.0,1.097423881371121,0.8344873980148115,0.043338397046283395,7.146156665,0.1340669691562652,-0.09607311919987849,-0.1696384215349836,0.06866919342768094,-13.237314208690055,61.80910837100549,17.905756178897022,0.09520104759418944,-0.05014221810811073,-0.01902693956319354,0.18554554355672792,0.07852076522811657,-0.005405057701377558,26.268181502252844,6.017814866976806,261.8730380932824,0.06203895996235002,0.0631443813017638,0.1447095472760086
15650,1723238052152886711,0.5972700119018555,0.1537730246782302,0.1340400129556656,0.0469792559742927,-0.0249132383614778,-0.0078811170533299,0.9985540509223938,0.0,0.0,0.0,1.272131871889024,0.8226699628576373,1.633036356990724,7.150956466,0.1340400129556656,-0.142939020020222,0.24814331816559598,0.16952304473653304,-1.501521406318544,64.83351144001594,12.67245648317671,0.09446916628637266,-0.04903357828720296,-0.018102999185697466,0.18561322188564233,0.08028813722233208,-0.0029262381553794015,-14.712423383616557,-27.572790835217276,207.73743370026546,0.21979188120376433,0.22338116183796486,0.1447095472760086
15652,1723238052167496060,0.5983587503433228,0.154235377907753,0.1341168731451034,0.0484713986515998,-0.0234036035835742,-0.0078909480944275,0.9985191822052002,0.0,0.0,0.0,-1.2155825173608932,-0.696750797089237,-0.8221091655514066,7.165565815,0.1341168731451034,0.202538893404096,0.20779586090114024,-0.016179674426616966,279.12491767502974,66.17274750014272,-90.53071046403392,0.09742549190760064,-0.045989133098157185,-0.018047397283056932,0.2601392188528848,0.1125149667001537,0.07058303063745797,-1191.65920398293,-544.3030996121188,-555.5358540991704,0.074103827627111,0.07460949314579705,0.1447095472760086
15654,1723238052170801281,0.5993573665618896,0.1546677350997924,0.1343990117311477,0.0506638027727603,-0.0226018987596035,-0.0084182191640138,0.9984245300292968,0.0,0.0,0.0,-5.918038210069909,-2.825037396526656,-2.9480273647034902,7.168871036,0.1343990117311477,1.3161475370206277,0.4780588191281578,-0.3735950386864461,215.20099506716315,38.258955785751,-70.94545452121773,0.10182406430239252,-0.04429406477673447,-0.019120026447169893,0.2513978864053623,0.10804152222081909,0.06348848439059562,-1113.1084327529352,-494.496450796175,-477.59026481074034,0.30306273409112555,0.29975538756623277,0.1447095472760086
15656,1723238052180709523,0.6003413200378418,0.1550619453191757,0.1343783885240554,0.0498159974813461,-0.0247545838356018,-0.0084069995209574,0.9984161853790284,0.0,0.0,0.0,-7.750290306306994,-3.286479577600102,-2.761087027150444,7.178779278,0.1343783885240554,-0.16706726943564276,-0.43520349446725604,0.028129498903540783,-74.3946124719007,-45.539776000953744,23.137802159367016,0.1001760288244133,-0.048612292328148364,-0.01927768354033052,0.09553440006818192,0.03634051146559436,0.010470371412973023,274.16684965464674,133.6296026624817,111.3146362511213,0.0983036463678437,0.09984522619901876,0.1447095472760086
15658,1723238052191908045,0.6013634204864502,0.1554252952337265,0.1346545070409774,0.0495265312492847,-0.0267553813755512,-0.0081383846700191,0.9983811974525452,0.0,0.0,0.0,1.130581097004737,0.4907490938783572,-0.3444359395580646,7.1899778,0.1346545070409774,-0.04711240643118595,-0.35496594726480485,0.06692536973160122,7.231845445464046,68.28266561258036,3.58213404638815,0.0996307406639889,-0.0526423179495489,-0.01892797222892237,0.10974913773961958,0.04953154118880043,0.012329218610554804,283.4242599771697,44.39445854706615,54.514107841538134,0.09181238192213699,0.09023238676742837,0.1447095472760086
15660,1723238052201080413,0.6025089025497437,0.1560079753398895,0.1346749812364578,0.0495094694197177,-0.023432994261384,-0.0075123324058949,0.9984705448150636,0.0,0.0,0.0,-0.09838899305495907,-1.3025693999273447,-1.0561290001211765,7.199150168,0.1346749812364578,-0.006922502901276099,0.7305129252321676,0.10066672834204674,15.605964447595587,30.540563200420067,-3.8961440265036833,0.0994889822973988,-0.04606673755932001,-0.017341260764654656,0.11907677089275381,0.048870245324141415,0.005335190797532086,-118.1078724833764,-60.60126870142598,-8.42454718705538,0.12373516364617528,0.12543224072089787,0.1447095472760086
15662,1723238052211308375,0.6036605834960938,0.1563406735658645,0.134764939546585,0.0509474165737628,-0.0232253782451152,-0.0075987577438354,0.9984023571014404,0.0,0.0,0.0,-1.1252996939765905,-0.38372180766100517,-0.35344909799203267,7.20937813,0.134764939546585,0.28070869462794196,0.04149880473776773,-0.025572986924946903,22.192531863984236,-63.43105376063516,2.2848679127109346,0.10237002796129639,-0.04561809092258724,-0.017558949667091546,0.10535022502553915,0.021514024964718104,-0.00881558554587425,-10.455244920600776,164.38390273942116,97.25750659365772,0.11229728085855271,0.11246860587219427,0.1447095472760086
15664,1723238052222944354,0.604790449142456,0.1564452052116394,0.1344292312860489,0.0535666421055793,-0.0270468555390834,-0.0065968302078545,0.9981761574745178,0.0,0.0,0.0,-0.056253280785168336,2.515887317778134,1.1562521038598628,7.221014109,0.1344292312860489,0.46044666418618607,-0.6444970431721311,0.1946496928773568,-69.93199007659375,14.666153175994296,-5.616331729103881,0.10765522883069548,-0.05331356483879804,-0.016090771347195394,0.09512570648356444,0.04737596300546443,0.0007078313570634265,99.77197621101861,-22.26220390572938,-37.1221862300338,0.09526876775839652,0.09862099534177206,0.1447095472760086
15666,1723238052231472948,0.6055893898010254,0.1570892482995987,0.1346200406551361,0.0507150180637836,-0.0272784065455198,-0.0067159347236156,0.9983180165290833,0.0,0.0,0.0,0.8440305935688608,0.6291434770929909,-0.20343584666664027,7.229542703,0.1346200406551361,-0.6696803580437812,-0.059208718599480896,-0.006664778363860313,-44.73729873070548,52.22474495070418,-7.703103715372424,0.10194965320930846,-0.05380981585930655,-0.016200282884861198,0.09978707986873658,0.0706663953403659,0.01268067591186206,49.62894773274325,-217.20745894092425,-103.34969195529575,0.09351177066427245,0.09309991159759551,0.1447095472760086
15668,1723238052241072739,0.6066133379936218,0.157715231180191,0.1346370428800583,0.0499893575906753,-0.0260263308882713,-0.00623410474509,0.9983911514282228,0.0,0.0,0.0,0.7160864397826687,-1.4125839308143813,-0.5896264561835441,7.239142494,0.1346370428800583,-0.15071458665319556,0.2649072709803202,0.0912116814833645,24.75159069100906,-8.423408865489325,11.402273296591952,0.10044344281224685,-0.051368227008055344,-0.01507067796831361,0.11110394384177624,0.05399583232346039,-0.00663981477275577,-54.22975722210169,-75.44689719993252,50.37316240853784,0.10562034359646066,0.10705969609864527,0.1447095472760086
15670,1723238052250669894,0.6077222228050232,0.1581258624792099,0.1344926208257675,0.049024973064661,-0.0271286778151989,-0.0052946042269468,0.9984150528907776,0.0,0.0,0.0,-0.19679952193653438,-0.8199299519906449,0.763097442579407,7.248739649,0.1344926208257675,-0.1943709148269038,-0.22069006847697978,0.21221768613600409,11.967283844275965,-19.421085843598725,0.4411513156944564,0.0984825471013611,-0.0536779985346119,-0.013251864715458932,0.11353619202166954,0.04354739016019504,0.001354147812515194,-72.68670747614571,52.51448961363859,27.305770725304253,0.11399297411606328,0.11652808120548169,0.1447095472760086
15672,1723238052260913443,0.6088632941246033,0.1585802584886551,0.1346858292818069,0.0495675355195999,-0.0275553800165653,-0.0048712235875427,0.9983787536621094,0.0,0.0,0.0,-0.6960902152271604,-0.3830052537648674,-0.1997269762761586,7.258983198,0.1346858292818069,0.1087957049047519,-0.07875820638240362,0.08370487129567848,14.525569911262352,4.859428726046362,-4.799968463661722,0.09955510239762469,-0.05456557606485302,-0.012477250371477554,0.10659764436643115,0.03808701152517191,0.00840722831789531,-5.30757741062579,35.8398118985712,-70.91955263715181,0.11169572289762891,0.11048308652164782,0.1447095472760086
15674,1723238052271033950,0.6098941564559937,0.1589030027389526,0.1346663832664489,0.0500799119472503,-0.0281900744885206,-0.0043178051710128,0.998337984085083,0.0,0.0,0.0,-0.31550763971649953,-0.08841931068301512,-0.6867562640271612,7.269103705,0.1346663832664489,0.10511488805039995,-0.11953183963934437,0.11257619896529338,-7.604591109370808,-1.0893185088896509,-6.011602031418977,0.10056292608330185,-0.05588305547221934,-0.011462915559909774,0.09936555396385671,0.0357111465602431,-0.002495828334124539,40.74063267558929,9.999496860026605,22.09252765645951,0.1012207798002262,0.10198694861987917,0.1447095472760086
15676,1723238052281511400,0.6109082102775574,0.1593186110258102,0.1346340030431747,0.0498068034648895,-0.0286947395652532,-0.0045951534993946,0.9983360171318054,0.0,0.0,0.0,0.14536147860445325,-0.19091777219469752,0.30634380177631565,7.279581155,0.1346340030431747,-0.05310366385486538,-0.09906047234474966,-0.04656158376327701,-4.980853768698586,-7.959889960385469,-3.839798886167703,0.10003979056740944,-0.05686688901629497,-0.012053176153283756,0.10038876052624346,0.03637206542288318,-0.0054548105392866475,21.977828743585576,21.92440438737372,72.63780633237135,0.09596796224662471,0.09704998202181499,0.1447095472760086
15678,1723238052291082626,0.6119005680084229,0.1596379280090332,0.1345611214637756,0.0497400872409343,-0.0299496315419673,-0.0045832395553588,0.9983025789260864,0.0,0.0,0.0,0.16328367716664172,0.29615363527267213,0.807939446394273,7.289152381,0.1345611214637756,-0.01229340324459492,-0.2619260133213667,0.0159137457362399,16.82774222706667,10.92528092536899,4.359336802352824,0.09992787744651813,-0.05937653056812464,-0.012152027995408817,0.10219713812257325,0.032323947159138555,0.0026250137164520737,-3.8971647326303955,46.439361845562544,-21.728582557576942,0.1026344441454498,0.10415570940432704,0.1447095472760086
15680,1723238052302108200,0.6130084991455078,0.1599811315536499,0.134720116853714,0.0515709631145,-0.028793454170227,-0.004269206430763,0.9982450008392334,0.0,0.0,0.0,0.04703510196141547,0.7516580925764402,-0.37321525363399644,7.300177955,0.134720116853714,0.3328149960896246,0.21341324944294907,0.036441415719181226,-10.819264183231413,20.612247800604457,10.619583366238217,0.10356011008030148,-0.05707649407392418,-0.01151224092913744,0.10367158879855509,0.0447224395214203,0.011072739513686258,-36.03147290793482,-58.632908564087714,-64.61788819309186,0.10078197410592613,0.09965464714839202,0.1447095472760086
15682,1723238052311185186,0.6139733195304871,0.1604886651039123,0.134795606136322,0.0511864088475704,-0.0277855172753334,-0.0033269748091697,0.9982970356941224,0.0,0.0,0.0,-0.47048775960542244,-0.5274289907009644,-0.642077510730046,7.309254941,0.134795606136322,-0.0801446316553557,0.23237146787525842,0.19828002877998416,-27.02266356949288,-9.362536792595051,5.709452383967651,0.10271988407517983,-0.05516378064350909,-0.009501695994199907,0.10345067352004378,0.048758905561778754,-0.0008294814204914402,7.800335107104044,-76.00833329391499,26.468117992765997,0.10605463277805886,0.1058747224027463,0.1447095472760086
15684,1723238052321131359,0.6149712800979614,0.1608956456184387,0.1346876770257949,0.0504368916153907,-0.0277426317334175,-0.0027331644669175,0.9983381032943726,0.0,0.0,0.0,0.31348975125047307,-0.576025489866419,0.23246274363690944,7.319201114,0.1346876770257949,-0.14759169896967056,0.014448770977725565,0.12297519908955938,8.2699529193,-20.802062467938427,-9.64966506129345,0.10118390899536306,-0.055145293304709804,-0.008268411698510728,0.09390871665409861,0.03291825297659301,7.73694703370964e-05,48.946972279313584,40.207203627797355,21.99386669255367,0.09924428164459216,0.10089305953428589,0.1447095472760086
15686,1723238052332615727,0.6159645318984985,0.1611676067113876,0.1348334848880767,0.0512785203754901,-0.0289428997784852,-0.0028588150162249,0.9982608556747437,0.0,0.0,0.0,0.4794581961566262,0.48368423845068564,-0.3892586075526905,7.330685482,0.1348334848880767,0.14696861732564515,-0.20975529330596335,-0.015405996911935583,19.607453163580455,53.326032807892474,-14.744530734577484,0.1028955275028698,-0.057523654957284696,-0.008690467896453646,0.11438750118318097,0.03978370079422611,0.004620584498249869,-106.052873726245,-11.170229807250582,-44.71304663816361,0.08686544475799748,0.08566846859624642,0.1447095472760086
15688,1723238052340723511,0.6170516610145569,0.1615823358297348,0.1348247230052948,0.0524015165865421,-0.0263263694941997,-0.0033025629818439,0.9982735514640808,0.0,0.0,0.0,-1.0701598904768703,-0.19899366734170365,-0.6978438460163692,7.338793266,0.1348247230052948,0.2713611039241139,0.6395836181089419,-0.1503775870776713,-4.306766635200585,23.184694222138383,2.9447423124966026,0.10513270301493927,-0.05223947481468873,-0.009365719106757575,0.1108123375974337,0.04305206692550989,-0.0030279457325308456,-69.3479367567083,-75.63404819854745,-0.010483964668154044,0.13336098774859373,0.13414915610475833,0.1447095472760086
15690,1723238052351906363,0.6179319024085999,0.1619388461112976,0.1347608268260955,0.0519217178225517,-0.0283845886588096,-0.0023884000256657,0.9982448816299438,0.0,0.0,0.0,0.03268162538751174,-0.9126702357175822,-0.11107161870791124,7.349976118,0.1347608268260955,-0.07987302043233495,-0.35931827911503705,0.1847427082437828,-15.815564649373318,-17.841008572792955,9.314937402235575,0.1041505644166947,-0.056451499257561724,-0.007728357201482188,0.08913990014027107,0.03153970461106148,-0.007044991933423006,75.87345026463444,-27.72832347344746,38.03183039442558,0.07801739796912412,0.07896902578804686,0.1447095472760086
15692,1723238052362075645,0.6189348101615906,0.162256434559822,0.1346768736839294,0.0514205209910869,-0.0277961548417806,-0.0019214473431929,0.9982883334159852,0.0,0.0,0.0,0.5939190284543931,-0.8608975703402933,0.14216008822982518,7.3601454,0.1346768736839294,-0.09651112410908874,0.12030000426600673,0.08848425617106837,5.9458103438059995,7.137425298658185,-5.6489392476562665,0.10311195018322551,-0.055327774103020186,-0.006705212882062065,0.10769633901384879,0.023338578574930935,-0.005879786904325002,-20.718809721862748,58.93100772283854,91.98000464439207,0.09780255943834981,0.0989584975700086,0.1447095472760086
15694,1723238052370898989,0.619954526424408,0.16240194439888,0.1346431821584701,0.051472783088684,-0.0283540096133947,-0.0016488010296598,0.9982705116271972,0.0,0.0,0.0,-0.1700095231976353,0.07124496242112155,1.4672528412670238,7.368968744,0.1346431821584701,0.013994570696172883,-0.1231449783861494,0.06786041391038614,15.867257953594734,-16.099592540590077,1.3483926750118815,0.10320837854352835,-0.05647021466447451,-0.0062207745568418436,0.10351397733683143,0.015325839050694512,-0.0044143254747064375,-34.65581981123741,93.69146821313805,43.58524260410355,0.11506587808045728,0.11560677935917553,0.1447095472760086
15696,1723238052382540754,0.6209744215011597,0.1625624597072601,0.1345826387405395,0.0529013685882091,-0.029177350923419,-0.000833167694509,0.9981730580329896,0.0,0.0,0.0,0.2241212378921027,0.9783665569652811,0.33731150588108394,7.380610509,0.1345826387405395,0.25006774946162186,-0.13405908467763747,0.14017385969677937,32.76795735378502,38.755285198794375,-18.406758326573613,0.10603580614353231,-0.058192778208305845,-0.004758407269062939,0.10620437058847898,0.031198907112427676,0.03265357089567722,-49.09400088022574,-36.87655611097983,-282.22238825952377,0.08708932435086005,0.08774103347074359,0.1447095472760086
15698,1723238052391686572,0.6220793724060059,0.1629728972911834,0.1351532638072967,0.0558492802083492,-0.0268222093582153,-0.0015615067677572,0.998077630996704,0.0,0.0,0.0,-0.8208707198031897,-0.18370911431040704,-3.5742385162731685,7.389756327,0.1351532638072967,0.6394968596372035,0.5055820094106163,-0.2050533720664995,-37.294801056218716,-23.2375535113133,-1.8111156088155784,0.11196057537648463,-0.05339224049731779,-0.0061217739998513975,0.10820401179518768,0.03737998424963784,0.015284808009880635,-54.234023029847975,-99.53346500859837,-110.65645998736002,0.12369578229360227,0.11729445949668789,0.1447095472760086
15700,1723238052401107353,0.6229763627052307,0.1632522940635681,0.1348401308059692,0.0535390116274356,-0.0297548752278089,-0.0011902484111487,0.9981216788291932,0.0,0.0,0.0,-0.7493146267336854,-0.8542657768292362,-1.5402383616738933,7.399177108,0.1348401308059692,-0.4869553989151629,-0.6175113786172324,0.1266067489520097,-53.75387335542539,-36.519232976300536,14.230326871788717,0.10734209717455731,-0.05930528039938851,-0.005571943200899575,0.09038334595760134,0.027308261698749448,-0.03464293592607781,38.99105640365875,-22.006847689714846,269.1617284397967,0.09291011621590442,0.09699965382510112,0.1447095472760086
15702,1723238052411484265,0.6238590478897095,0.1635088175535202,0.1344645917415619,0.0520187355577945,-0.0300280582159757,-0.0010708168847486,0.9981939792633056,0.0,0.0,0.0,0.014145261053354119,-0.5205933461363677,1.8615501952043136,7.40955402,0.1344645917415619,-0.29245936959140095,-0.05125490756334334,0.03452950609127351,54.49257746098847,45.84339886668876,-9.706476465505071,0.10428935659403053,-0.05987201246246635,-0.005271278584854991,0.09566457390419458,0.02089915201434067,-0.0076543749687454365,60.99386982399449,48.212290773348016,80.78720433646424,0.08261327907367065,0.08705796801674388,0.1447095472760086
15704,1723238052420892839,0.6248495578765869,0.163672849535942,0.1346359997987747,0.0544953308999538,-0.0285797584801912,-0.0012219022028148,0.9981042742729188,0.0,0.0,0.0,0.48070363773977576,0.06999152917400642,0.5142810557342612,7.418962594,0.1346359997987747,0.525202062980077,0.3056325268116172,-0.06390226245615636,20.211196939109147,-2.6103678025406225,-3.3134312090739955,0.10924782687422972,-0.05694875960736393,-0.0055631457120525595,0.09157676369639844,0.01682890608587062,0.0035536779493412496,60.05538045700736,57.984626490650555,-86.23006216898652,0.10604519638844205,0.10405149871901853,0.1447095472760086
15706,1723238052433700269,0.6257835626602173,0.1638778299093246,0.1344258487224578,0.0520676560699939,-0.0313609056174755,-0.0013259806437417,0.9981501698493958,0.0,0.0,0.0,1.4323372122710882,0.7291806760653581,0.4030450043526934,7.431770024,0.1344258487224578,-0.37870985292847953,-0.4346229229306017,0.018288889651343364,38.93609487389247,44.77337993183428,3.9672035111961366,0.10441905819786619,-0.06250840369715464,-0.005924438405900095,0.11368871853057527,0.026487741068756065,-0.0016622303791855586,-141.91480763602283,-17.886025419001378,-46.04210001533872,0.0716634507871826,0.07380271961315374,0.1447095472760086
15708,1723238052441515880,0.6268665194511414,0.1641348451375961,0.1344831883907318,0.0538121126592159,-0.0297929421067237,-0.0010420812759548,0.9981060028076172,0.0,0.0,0.0,-0.7080444017618381,0.2586071843902069,-0.13497183472875895,7.439585635,0.1344831883907318,0.4479121509963844,0.4045168103831045,0.03760875874647408,30.06968632483107,29.80491385351066,-0.47271527040284067,0.1078814891689545,-0.059395792708388,-0.005296021246193461,0.12348035578146366,0.0320676032745304,0.005352465472680201,-213.4331344489195,-54.75714925436089,-44.529510077265336,0.13857866177431402,0.1378428224995637,0.1447095472760086
15710,1723238052450814465,0.6278478503227234,0.1644239872694015,0.1345110088586807,0.0533011518418788,-0.0306111667305231,-0.0010984854307025,0.9981086254119872,0.0,0.0,0.0,-2.0241736746520003,-0.19023852276123154,-0.2801015334250646,7.44888422,0.1345110088586807,-0.10990101741769617,-0.17640629471887667,0.0006364041875415026,-33.45456853933389,-26.149775436365253,1.7531935526893854,0.10686981304182994,-0.06102731196773282,-0.005466239517275344,0.09520348943697243,0.02943498316722426,-0.007325023669304542,-19.522623507368188,-29.874762519267,52.65022859100649,0.10535028591302548,0.10512100863167159,0.1447095472760086
15712,1723238052461915638,0.6287677884101868,0.1647287458181381,0.1342929601669311,0.0525668002665042,-0.0305572375655174,-0.0005841354723088,0.9981496334075928,0.0,0.0,0.0,-0.6237657750865453,-0.2780833097072444,1.2090142480625081,7.459985393,0.1342929601669311,-0.12961923986493876,0.01471758670365055,0.09603076153100173,30.048804744285796,41.35979789962205,-3.823801035987118,0.10536507872607823,-0.060977760462768274,-0.004386868959443672,0.08620880760189209,0.028554096291454556,0.003922408688938006,181.99846054678665,18.805880898901464,-52.6440418931307,0.08139654750582652,0.08385694610370653,0.1447095472760086
15714,1723238052472865157,0.6297478079795837,0.1650532931089401,0.1345904022455215,0.0555497407913208,-0.0265555195510387,-0.0007205079891718,0.9981025457382202,0.0,0.0,0.0,1.9721946052249493,0.21639543673855122,-1.3846728435076232,7.470934912,0.1345904022455215,0.5431090674568946,0.7283330481585137,-0.07994061056787721,21.838312644699364,18.264544567452315,-7.54050675428218,0.11131238231035648,-0.05295496143096633,-0.004394760813131877,0.08139284782594203,0.023362919191309395,0.019275583297162058,127.61432713593474,34.45897086175978,-142.10942541314475,0.09068487027700628,0.08789010048401495,0.1447095472760086
15716,1723238052486877067,0.6307428479194641,0.1652680933475494,0.1347190290689468,0.0565286800265312,-0.0255425330251455,-0.0008671462419442,0.9980738162994384,0.0,0.0,0.0,1.7974288339979765,0.5073559431263011,-1.6766424851004968,7.484946822,0.1347190290689468,0.13903225695720747,0.14314409980188153,-0.03263624903717896,-144.44473651845234,-197.71708935786768,30.91726714536526,0.11327240943549316,-0.05091061917774033,-0.004624731841527466,0.1522766427370641,0.03877618391382498,-0.05009678957798869,-485.9027608025274,-107.69510049058003,456.0789065345258,0.07131744447840907,0.07043441795223787,0.1447095472760086
15718,1723238052492265393,0.6317317485809326,0.1655256152153015,0.1343262642621994,0.0541489906609058,-0.0289181247353553,-0.0006036239792592,0.9981139302253724,0.0,0.0,0.0,-1.8017674292783266,-0.33912281537131705,1.769076572375453,7.490335148,0.1343262642621994,-0.8788314130502103,-1.245370848840064,0.1910242598297868,-87.83116119712031,-114.68346272784892,21.43872566264928,0.10852172603673169,-0.05769379602979136,-0.004343986811075994,0.15520384213727922,0.04028194208649527,-0.05234638249348489,-492.71342395791044,-129.5562245059034,442.4619303541916,0.178809088007123,0.18733993995684362,0.1447095472760086
15720,1723238052501368705,0.6327090263366699,0.1657768040895462,0.1341657191514969,0.0535753518342971,-0.0293457359075546,-0.0002899199316743,0.9981325268745422,0.0,0.0,0.0,-3.591840888566206,-1.0949791415009236,2.766908647793894,7.49943846,0.1341657191514969,-0.1239623654342695,-0.08999502424611024,0.07752494427451324,63.7032366254903,89.98917028026933,-10.26998222089403,0.10735755280378857,-0.058584307600168674,-0.003729580266084924,0.10273638984694244,0.02768142706976917,-0.0026133519070317135,43.32083393060721,-40.99950061271777,-102.94983040201615,0.10603383885684918,0.10813206632793579,0.1447095472760086
15722,1723238052511180108,0.6336681842803955,0.1660493314266204,0.1342989355325698,0.0550340488553047,-0.0273756217211484,-0.0001412588026141,0.9981091022491456,0.0,0.0,0.0,-0.6293217012787853,-1.0527775426891763,-0.4909238368744097,7.509249863,0.1342989355325698,0.2978206727279997,0.4024164772097537,4.203046803323344e-06,1.0680318041441659,-14.056008054245181,1.3338753179960117,0.11025527748396392,-0.05465937944816152,-0.003300100522781667,0.0904603537466393,0.0199961960139019,-0.003978010133502963,205.79865519062054,38.68621752090188,-110.22379006797414,0.09826322993000515,0.09679491340717382,0.1447095472760086
15724,1723238052521484166,0.6345213055610657,0.1661711782217025,0.1340679675340652,0.0542728267610073,-0.0296580754220485,0.0002988294290844,0.998085618019104,0.0,0.0,0.0,0.45078000940516905,-0.28205762451150374,0.7737567744462077,7.519553921,0.1340679675340652,-0.14482064508104056,-0.43762727302317034,0.11368421045016641,-8.500060029728395,-41.977830964939685,1.3823095626684494,0.10872474856401877,-0.05926972906106026,-0.0026273569562921244,0.09070542118144687,0.006232132155259862,-0.012843881076914698,13.936456509472468,97.2729714500753,102.23803104474163,0.08129023972915438,0.08393021360032661,0.1447095472760086
15726,1723238052531457252,0.635502278804779,0.1661793440580368,0.1340322643518448,0.0547810308635234,-0.0320288650691509,0.0003564446815289,0.9979845285415648,0.0,0.0,0.0,-0.2875346141630537,0.9050020752913075,1.5955221450323225,7.529527007,0.1340322643518448,0.10302085296911738,-0.4745319739943515,0.03431881837898686,29.782545005907565,45.00039458726921,-6.139629996715055,0.1097630261727078,-0.06401138145080529,-0.0028034411299930726,0.09932277658822031,0.01359056295984118,0.010647203456469079,-8.815187862385512,62.79536903461774,-51.239732716178494,0.09792892991476891,0.09838548783325429,0.1447095472760086
15728,1723238052541543068,0.6365138292312622,0.1664466857910156,0.1342847645282745,0.0570647045969963,-0.0296294149011373,0.0005156567785888,0.9979305863380432,0.0,0.0,0.0,0.2887436111524555,0.9647990479576041,-0.2843563205706724,7.539612823,0.1342847645282745,0.4537026489049438,0.4760733760307189,-0.009057748931135968,1.932000312290501,36.64549332264299,0.780976762038136,0.11431147820831816,-0.05922967544132217,-0.0023565428016454784,0.08467668636708225,0.024423383981399205,0.018988240083266383,53.95107144484845,-32.82270331781427,-147.70023758520546,0.1015378098850229,0.09852227931975484,0.1447095472760086
15730,1723238052554800580,0.6373642683029175,0.1667341738939285,0.1344311237335205,0.0564324036240577,-0.0299414061009883,0.0010759071446955,0.9979567527770996,0.0,0.0,0.0,0.9484720763633963,-0.14565615624723982,-1.5682914199571947,7.552870335,0.1344311237335205,-0.09293548451821329,-0.04197977611414395,0.08985334155748691,18.36716822787315,65.72396912736399,15.171574107053306,0.11301255069395318,-0.059917734554733995,-0.0012341284214146626,0.11884254211344114,0.035310084969694344,-0.004148910508281034,-221.57663248152724,-137.16503768113142,39.63446141666667,0.06466691424104516,0.06325430379386998,0.1447095472760086
15732,1723238052560889662,0.6382408738136292,0.1669872850179672,0.1343633830547332,0.0569754280149936,-0.0279968548566102,0.0018239307682961,0.9979813098907472,0.0,0.0,0.0,-1.1595732272914496,-1.1302204544640826,-0.9452631797279862,7.558959417,0.1343633830547332,0.18558399330880024,0.6513106071444147,0.20379892756669538,20.645041493074196,36.27159375008288,6.4510409480505,0.11404489150258577,-0.0561179642912543,0.0004509419454629561,0.12006314393299533,0.03171927024096455,-0.013203580528545977,-211.70965139021374,-91.62335617079837,94.85496571758368,0.14313158440777551,0.14407226625731478,0.1447095472760086
15734,1723238052571221296,0.6390623450279236,0.1671423465013504,0.1341905295848846,0.0567588210105896,-0.0297356713563203,0.0020057591609656,0.9979429841041564,0.0,0.0,0.0,-0.9892260499171144,-0.8484996539411639,-0.0961006460848407,7.569291051,0.1341905295848846,-0.04105197138950853,-0.3340467815346652,0.05549274591932631,9.65187484424854,-46.40476338345999,-4.3801257512130976,0.11361046188548606,-0.05961199809631051,0.0006288603352220904,0.08424128473012615,0.010567068232241184,-0.013472363100635931,92.02752934291127,117.95050333796999,64.15718164085092,0.07838171561628038,0.08024742818857294,0.1447095472760086
15736,1723238052581775892,0.6400024890899658,0.1672059893608093,0.1340834647417068,0.058857437223196,-0.0313243195414543,0.00259530544281,0.9977715015411376,0.0,0.0,0.0,0.7965833097111359,1.374194818386221,0.38661019685572523,7.579845647,0.1340834647417068,0.40141310622104226,-0.295838291964323,0.11681045195491487,14.135285061823131,3.384108754362998,5.185947446663011,0.1177942548673987,-0.06285591378058565,0.0014946574539895475,0.10051885307120756,0.014537664156481611,-0.015242350600937371,-6.3625877954414705,85.69424872753034,34.18212901075704,0.08827018505413968,0.089475898658516,0.1447095472760086
15738,1723238052591044685,0.6410273313522339,0.1674099862575531,0.1339006870985031,0.0602534897625446,-0.0325959771871566,0.0033060307614505,0.9976453185081482,0.0,0.0,0.0,-0.6913831839602631,1.15187004082478,0.6094039408221563,7.58911444,0.1339006870985031,0.3062601344828668,-0.266392413375436,0.15980183527404662,-27.216274020559656,50.41755588232071,-2.757500793394176,0.12055727963234884,-0.06548363797337557,0.002674184193659494,0.10183296514074414,0.035398134913608104,-0.007147073964601347,-100.99365367945117,-92.7789781978447,-29.517541775918147,0.10910007773095526,0.11137478821668796,0.1447095472760086
15740,1723238052600704509,0.6419230699539185,0.1678867191076278,0.1339582204818725,0.0596194267272949,-0.0292601361870765,0.0037714755162596,0.9977851510047911,0.0,0.0,0.0,-1.0675395455793182,-0.43691786005267885,-0.21488247566254415,7.598774264,0.1339582204818725,-0.12728915042130579,0.6962207668703391,0.05870879900266062,-22.11208618962577,29.16511915183057,-2.219087411813457,0.11924253916870566,-0.05887437097128652,0.004044317615145706,0.08676659730498315,0.03546355974742532,-0.003917985667703405,9.249573470037603,-96.82073289885686,-53.43355859501785,0.09311653451858855,0.09167811904328775,0.1447095472760086
15742,1723238052611409731,0.6427811980247498,0.1681015938520431,0.133799135684967,0.0590937621891498,-0.0283846482634544,0.0045208935625851,0.99783855676651,0.0,0.0,0.0,-0.39680809361485014,-0.6707860107078174,-0.4084722949292186,7.609479486,0.133799135684967,-0.09387088583559548,0.1722101447633053,0.1327841137451821,-3.13006250215323,-35.118954652048934,-2.308842813605643,0.11814291605894987,-0.05721211238593093,0.005676851222127432,0.08117714689232969,0.025522419149007547,-0.012733481791971535,27.380479687836726,-9.534942852444892,-1.5332545638494288,0.07929134234942499,0.08061274594022115,0.1447095472760086
15744,1723238052620742915,0.6435471177101135,0.1683841496706009,0.1336975991725921,0.0582798421382904,-0.0285986270755529,0.0046542892232537,0.9978797435760498,0.0,0.0,0.0,-0.4282863698710382,-0.659600970761491,-0.2881117271729704,7.61881267,0.1336975991725921,-0.17395471447414879,-0.04302598953885343,0.03614388824483539,9.190593402004906,-27.010268205736878,-3.18444140632195,0.11650281486777324,-0.05765041267939702,0.005965340619341604,0.07849335645947164,0.021359887011012546,-0.013168944284020156,23.77212891658884,34.482825034871226,30.1435173541134,0.08147980265996667,0.08215924490879306,0.1447095472760086
15746,1723238052631085890,0.6443180441856384,0.1685028970241546,0.1335351467132568,0.0589199550449848,-0.030518589541316,0.0050025866366922,0.9977836012840272,0.0,0.0,0.0,0.12872301140725373,0.07856054995171324,0.22135350253925562,7.629155645,0.1335351467132568,0.12479651705986869,-0.36765471112478215,0.08539035756253302,4.503074219537951,-12.378984554377965,4.14096220637788,0.11776776971082117,-0.06153021860562417,0.006398842640748799,0.07245051929091773,0.012089268866870562,-0.018916430265942807,27.979803843950638,59.07705254281879,65.46548035758411,0.07350117396568868,0.0751850624539249,0.1447095472760086
15748,1723238052642005873,0.6450851559638977,0.1686419248580932,0.1332915723323822,0.0583234205842018,-0.0321067124605178,0.0055660437792539,0.997765839099884,0.0,0.0,0.0,0.13595503970112066,0.5819718551077482,1.1231044751724701,7.640075628,0.1332915723323822,-0.10712737569535222,-0.2836931151960139,0.12345709239668645,-2.778168135457088,24.05864107844342,2.3346113068427616,0.1165361767889656,-0.06476448884470148,0.007377603926086127,0.08207611588881747,0.024186725961886424,-0.007540580757622095,56.868775632359444,-29.45041218047715,-9.780730485120607,0.06874940134511934,0.07132478795470712,0.1447095472760086
15750,1723238052650907188,0.6459015607833862,0.1689403355121612,0.1333315819501876,0.0583120435476303,-0.0319232791662216,0.0061825443990528,0.997768759727478,0.0,0.0,0.0,1.0499860640848175,-0.22835563690391011,0.3659045675504201,7.648976943,0.1333315819501876,0.0020879715964386703,0.04923699398914764,0.1358841528353193,11.747799753465143,29.91760691379929,-0.3674964105683143,0.11647372991627554,-0.06446978550351207,0.008632516696860845,0.07787700080878679,0.025551528182049754,0.003046847642135919,49.936120097498815,-71.0397128056666,-84.60560537152298,0.09210175059494162,0.0907018635030142,0.1447095472760086
15752,1723238052667431364,0.6467638611793518,0.1691179871559143,0.1333375126123428,0.0597613081336021,-0.0293618459254503,0.0070054810494184,0.9977561831474304,0.0,0.0,0.0,0.25706586736748704,-0.7888844894156206,-1.018008486649168,7.665501119,0.1333375126123428,0.1802052103182002,0.31400580062057276,0.0757133731316112,5.447206118520544,-55.63292738766174,35.607342245347425,0.11933651386230122,-0.05946427815439823,0.010488850230306589,0.14190622732604652,0.010070034212567691,-0.016168358783875902,-399.6397797190771,19.107816547997587,65.94964117310442,0.05222296333655238,0.05188031697995501,0.1447095472760086
15754,1723238052672524280,0.6476274132728577,0.1691682040691375,0.1332292258739471,0.0602459907531738,-0.0296146143227815,0.0078176017850637,0.997713565826416,0.0,0.0,0.0,-2.330253368485036,-0.6083301451639771,-0.4471495757954454,7.670594035,0.1332292258739471,0.1995778242131777,-0.08180562645709002,0.31866680462346686,-1.4611582036703878,-59.1870034906891,28.70221217252653,0.12025951533573881,-0.06007188627485676,0.01205316363344525,0.13753660177908245,0.006284649258993191,-0.021125628078902725,-360.02608028716946,57.14087481286826,105.41044989146488,0.16808345487236073,0.17028876080290492,0.1447095472760086
15756,1723238052683742690,0.6483790278434753,0.1691503524780273,0.13299560546875,0.060527142137289,-0.031281042844057,0.0086866440251469,0.997638463973999,0.0,0.0,0.0,-2.7119692315015165,0.5686591489726216,0.5703568330334827,7.681812445,0.13299560546875,0.05308096453535175,-0.287863266425983,0.17109586760679205,-27.3499913584388,-21.021256123108714,-11.85795070942455,0.12076111878041562,-0.06350858188570732,0.013573335829182617,0.07501305905336153,0.0027945657689070202,-0.013138437767494793,137.9760068496965,21.105849660579814,29.459370410988978,0.06551387285924976,0.06816855788922975,0.1447095472760086
15758,1723238052691219710,0.6489798426628113,0.1691931039094925,0.1329356729984283,0.0597011595964431,-0.0330175049602985,0.0088884430006146,0.997630536556244,0.0,0.0,0.0,-0.8231657911967178,0.3088091043489597,0.48544006180477717,7.689289465,0.1329356729984283,-0.22263513411682692,-0.4582627957972898,0.08889422982622061,-32.18389284516383,1.982470294061664,-9.728402535989385,0.11908014386334788,-0.06698993642784654,0.013823843644281398,0.06899475791040288,0.011430649684609051,-0.009579591837665546,153.89257821755513,-74.84242624188899,-10.452030003676398,0.07970925535068689,0.08056255712706568,0.1447095472760086
15760,1723238052700567387,0.6494920253753662,0.169366717338562,0.1328278481960296,0.0575200393795967,-0.0337409488856792,0.0088336048647761,0.9977349042892456,0.0,0.0,0.0,-0.5383261533792374,-0.8592909224170713,0.39831405525502545,7.698637142,0.1328278481960296,-0.46865631224265114,-0.15023431530177372,0.012745353375126304,20.57790947112406,17.488569354965648,0.07758241794246068,0.11470236180320631,-0.0683985832093281,0.01377828267848065,0.06108668418980656,0.004428218662599015,-0.004931198119389357,19.427034652337653,-34.031168306251686,7.211077517038277,0.05412614275446384,0.05502463844237593,0.1447095472760086
15762,1723238052710809643,0.6501883268356323,0.169253334403038,0.1328514516353607,0.0588796436786651,-0.0344990491867065,0.0093781119212508,0.997624695301056,0.0,0.0,0.0,-0.4632976949026424,-0.18738570399369903,0.6576976868974062,7.708879398,0.1328514516353607,0.2684055772080292,-0.14465403460798285,0.10583192971157684,20.576002113489395,-3.931560114407021,7.323040535541783,0.1173887104462503,-0.0699957087966876,0.014685575779042195,0.05902579003539188,-0.0056093672436832165,-0.0019621807173582084,26.084661144989333,73.74079254414154,27.09420037333215,0.06780843615607289,0.06790545780543461,0.1447095472760086
15764,1723238052721924109,0.6507363319396973,0.1692568510770797,0.1327781826257705,0.058180246502161,-0.0359032303094863,0.0101952077820897,0.997608244419098,0.0,0.0,0.0,0.052874118968811334,0.7303739597410879,0.9801752641026888,7.719993864,0.1327781826257705,-0.12267738467510882,-0.24234074159033844,0.16593069053900983,2.199089361378256,13.484368384811464,-7.301139567748036,0.11591658643120735,-0.07288555107677609,0.016207667761003134,0.05071551521155726,0.0018678295317684501,0.00978401834832443,18.302513481290376,23.53337430191121,-64.51981193881595,0.048693270283656845,0.04962486156885208,0.1447095472760086
15766,1723238052733630254,0.6513473987579346,0.169297844171524,0.1330946236848831,0.0603102147579193,-0.0347452796995639,0.0098913414403796,0.9975257515907288,0.0,0.0,0.0,-0.07980790050423092,0.27793509830742635,-0.9283142297070065,7.731700009,0.1330946236848831,0.3640086653983027,0.19012660931020256,-0.07622340726630587,16.255834746844705,60.99997334402478,-13.442993080407978,0.12022254530769687,-0.07057028103092652,0.01558215879501411,0.061204990804100134,0.011128224175337209,0.020312882518915387,-57.66138026234933,-64.65560084345496,-154.90681241845618,0.054024770166102895,0.0501389127460387,0.1447095472760086
15768,1723238052741316472,0.6518632769584656,0.1694218665361404,0.133216843008995,0.0616839006543159,-0.0317065007984638,0.0095722051337361,0.9975460767745972,0.0,0.0,0.0,-0.7568064157877299,-0.3502671920801807,-2.0779502794918265,7.739386227,0.133216843008995,0.36117382033257733,0.7803920305181552,-0.14299522503649015,-21.155874826146547,4.658495988390156,0.6246676965946293,0.12302318452221604,-0.0644829708449367,0.015218084071452502,0.055666582885660176,0.010674825865804038,0.003953492390738944,-29.12683528941811,-44.99486018071796,-14.958464391041238,0.06823972840805106,0.06561170402397674,0.1447095472760086
15770,1723238052752657506,0.6523029804229736,0.1694515496492386,0.1330617517232895,0.060418639332056,-0.0338406339287757,0.0095132868736982,0.9975540041923524,0.0,0.0,0.0,-0.10063660976330091,-0.24582298382976747,0.004975917832855503,7.750727261,0.1330617517232895,-0.22660048706833114,-0.37389320020632766,0.019911606489781335,-20.24087596474095,-41.70671350701157,10.103298050722987,0.12047270310512072,-0.06871935282086296,0.014926608143814428,0.04647713614490101,0.001828256080937507,-0.018768305449992084,18.15356201769422,50.19040663478735,188.67416569349314,0.03777516306048319,0.03952239585428619,0.1447095472760086
15772,1723238052760876598,0.6527308821678162,0.1694618761539459,0.1328771561384201,0.0595821440219879,-0.0353389829397201,0.0097136851400136,0.997550368309021,0.0,0.0,0.0,-0.18793255082763194,0.4108020882984389,1.5855566379894155,7.758946353,0.1328771561384201,-0.20481634480562802,-0.3588575199580685,0.0775702285007264,31.467726433876145,42.778930165043214,-4.95475364440146,0.11876951528027667,-0.07172383437367082,0.015208321768374469,0.049877040962371666,0.0029899640591963816,-0.006763795077069368,-28.7136972145763,54.73546285410875,67.64313257555034,0.050331632101445714,0.05344992183535862,0.1447095472760086
15774,1723238052771010480,0.6532090306282043,0.1695138365030288,0.1330047249794006,0.0619712732732296,-0.0323149487376213,0.009357844479382,0.99751079082489,0.0,0.0,0.0,-0.7049761740590261,0.6511822042947413,0.7134117974123685,7.769080235,0.1330047249794006,0.47413900121001257,0.5863140710046314,-0.12220240536848317,22.51855623912138,37.815847855276076,-8.496122101786263,0.12360958065823707,-0.06567605894864463,0.014696115825327993,0.040455808679297434,0.01051981478647157,0.010865800805554215,-14.305752472133324,-16.3701550928403,-96.97736749517047,0.04797768890753187,0.046163124416092924,0.1447095472760086
15776,1723238052782995827,0.6535985469818115,0.1697163581848144,0.1331105381250381,0.0626481845974922,-0.030768996104598,0.0090852482244372,0.9975199699401855,0.0,0.0,0.0,-0.3559902167687137,-0.11330696471268287,-0.6036180020177582,7.781065582,0.1331105381250381,0.11352451609933693,0.25350513227157206,-0.06502650451610452,-15.647479419174463,-23.47176078274967,6.659909689128364,0.12499569585109956,-0.06256453304224904,0.014298651469990457,0.03519156916420485,0.017022408773790687,0.004869021666724649,77.57521331808168,-73.96943926713739,-89.83135198011617,0.03322560214927316,0.03152916850729506,0.1447095472760086
15778,1723238052792252189,0.6539435386657715,0.1698748171329498,0.1331273019313812,0.0629759356379509,-0.0304597932845354,0.0091616548597812,0.9975080490112304,0.0,0.0,0.0,0.7084845095930585,-0.8707985987448607,-1.2917591225627345,7.790321944,0.1331273019313812,0.07191706037883899,0.06695464809928292,0.010127063603109379,-3.2453708094870235,-19.34761745716328,5.466747588990817,0.12565074003862356,-0.06196134499340437,0.014469451625920938,0.032491404797657,0.011285075083540264,-0.0014565753200939113,55.07786979271134,-34.57678082846967,-30.425885979150088,0.03755470902126269,0.03670881377967951,0.1447095472760086
15780,1723238052805693503,0.6542869806289673,0.1699126362800598,0.1330439448356628,0.0633334964513778,-0.0316590629518032,0.0093107987195253,0.9974467754364014,0.0,0.0,0.0,0.279236842103197,-0.41315925912101004,-0.8435430644703032,7.803763258,0.1330439448356628,0.05268594223321377,-0.1773682098505755,0.03183728448196785,45.32035774847978,-127.30329258315865,26.13627387158683,0.12635102797142847,-0.06438029631929439,0.014594646715733546,0.06153649605094813,-0.0053181738753984575,-0.030694105580966635,-258.4466501133883,92.18571205282677,193.9045290289248,0.02513756476645532,0.025816379993142926,0.1447095472760086
15782,1723238052810435020,0.654638946056366,0.1698738187551498,0.1328574419021606,0.0641574412584304,-0.0339592806994915,0.0096573727205395,0.9973151087760924,0.0,0.0,0.0,-1.3250565176112077,0.12118348814080684,0.344409000589424,7.808504775,0.1328574419021606,0.34576923147226296,-0.9635038994109391,0.19677691910804704,32.86653466447881,-96.48385923067215,19.533189881189653,0.12796736913313075,-0.06903020246337638,0.014941546314085558,0.059713257038009004,-0.005902160699223558,-0.03246644782821395,-250.70530024626484,85.39657243701208,197.9872891788387,0.0712103901030049,0.07685446519700166,0.1447095472760086
15784,1723238052820906760,0.6549285054206848,0.1698648482561111,0.132676288485527,0.0642745420336723,-0.0359108299016952,0.0097900321707129,0.9972378611564636,0.0,0.0,0.0,-1.9234079032894773,0.38411412208672807,1.2022303636829843,7.818976515,0.132676288485527,0.020512458004984205,-0.3708175667895789,0.04856480933276524,-11.777578919454996,39.87693402866971,-7.355840011328324,0.12818155878691898,-0.0729464544646367,0.014949990798914344,0.024085917811916602,0.0010178926081483297,-0.012250004643855839,21.505501231934648,20.702723939531523,35.076225380867825,0.026301312302887413,0.028812826032610067,0.1447095472760086
15786,1723238052832492721,0.6551618576049805,0.1699006706476211,0.1325990855693817,0.0650291591882705,-0.0366336330771446,0.0100630838423967,0.9971599578857422,0.0,0.0,0.0,-0.6661146214340168,0.5674974217777538,1.0081729275924802,7.830562476,0.1325990855693817,0.1312397374870343,-0.1231562438190527,0.05047817015516284,-18.785792325304023,-3.694395457123967,-3.5649841420325963,0.12967283183843414,-0.07443669282181145,0.015347600172404038,0.020758109194794372,0.001921059126649638,-0.007657425267192153,27.891453243327348,17.842997510747423,20.7185217101389,0.019634574515975868,0.020484130660208398,0.1447095472760086
15788,1723238052841004256,0.6553424000740051,0.1699097007513046,0.132527694106102,0.0641692131757736,-0.0379628539085388,0.0099312681704759,0.9971672892570496,0.0,0.0,0.0,-0.9328721667980382,0.7319679796803887,1.4188034748642326,7.839074011,0.132527694106102,-0.20588188385468623,-0.31136460508629327,-0.0031895601290029578,-18.757437310340165,-0.839689583301749,-5.233721940081903,0.12794834398270563,-0.07706144406372857,0.0149791917853236,0.012719296898161758,0.009812418057079775,0.004749100076784529,20.400287792630152,-29.13363142438547,-12.277246559873571,0.020516303907753275,0.021744340950441605,0.1447095472760086
15790,1723238052851282197,0.6553677320480347,0.1701191663742065,0.1327395439147949,0.0634636655449867,-0.0382424592971801,0.0096616642549633,0.9972043633461,0.0,0.0,0.0,-0.08104528042401038,-0.1688608206231545,0.5414935840923405,7.849351952,0.1327395439147949,-0.13989957788459323,-0.05598381964361502,-0.04368223925461814,10.000304875473,11.36778055498542,-0.8821729024984614,0.12655061155959446,-0.07757520720691873,0.014459282061045494,0.0032751191952407055,0.014913312714718963,0.0188498142908049,76.59299521442703,-39.40017146105355,-62.79698103178836,0.004348193120826505,0.0004185589094099733,0.1447095472760086
15792,1723238052862596025,0.655414879322052,0.1702198088169098,0.1329308599233627,0.0635728389024734,-0.0387731902301311,0.0095434188842773,0.997178077697754,0.0,0.0,0.0,0.7072263258496194,-0.013758117879756782,0.11200351181098278,7.86066578,0.1329308599233627,0.017834210345553523,-0.09524831222846142,-0.015583366432892024,2.2468029269655805,-21.15031500337103,-1.1672793726647535,0.12677673119550842,-0.07862192906502631,0.014147305712822564,0.012792660171861314,0.004718915688670222,0.01463370581919854,34.75733554571282,66.95663248545063,70.29672866465788,0.005607513480621122,0.002653690327925151,0.1447095472760086
15794,1723238052870925196,0.6555743217468262,0.1702335029840469,0.1330387890338897,0.0634495243430137,-0.0403392538428306,0.0092391092330217,0.9971266388893129,0.0,0.0,0.0,0.782625514975063,0.8704426925105563,1.3613440719702488,7.868994951,0.1330387890338897,-0.03516343254909932,-0.37982357079933937,-0.047692526023252454,-4.371968894567861,-4.995318628478354,-7.295723531760389,0.12654760404634227,-0.0817100162086671,0.01335105077850537,0.017861568966846875,0.010045132735172047,0.01853844738019994,7.022808185922141,63.368172790737404,117.2104269810923,0.020156578944680953,0.0180111418210689,0.1447095472760086
15796,1723238052885129812,0.655797004699707,0.1705797016620636,0.133437305688858,0.0631525069475174,-0.0384245403110981,0.0076783914119005,0.9972344040870668,0.0,0.0,0.0,0.833215104200717,0.7340166704751514,2.2320598415882253,7.883199567,0.133437305688858,-0.049036109486482404,0.25587124759687374,-0.2346751467821056,42.783187157678704,16.36195699943817,-18.08899566027961,0.12607861960074446,-0.07768447894148542,0.010492937915361635,0.033194821665560426,0.028004776105378326,0.05949729409684501,-76.92209722839267,-102.09985349222647,-234.79619259320313,0.01806090254297119,0.013014270515386964,0.1447095472760086
15798,1723238052892552731,0.6561113595962524,0.1708016693592071,0.1340009123086929,0.0648222267627716,-0.037332035601139,0.00636723684147,0.9971779584884644,0.0,0.0,0.0,-0.04996734442301798,-0.3826524891037415,-0.6593634213226163,7.890622486,0.1340009123086929,0.43828442507649434,0.26719702230656783,-0.3880542581550916,19.528908114205393,30.95774164238141,-7.524561730284889,0.12953162316437494,-0.07535012462581604,0.007881088881528655,0.03842454253366867,0.03139614848543992,0.07353880081970576,-91.40886677160088,-139.25342610540136,-338.3955644924052,0.0481785139189804,0.036112889898667365,0.1447095472760086
15800,1723238052900753270,0.656390905380249,0.1710726618766784,0.1345823258161544,0.0655902326107025,-0.0340184718370437,0.0052519426681101,0.9972528219223022,0.0,0.0,0.0,-0.5497809497291106,-1.4233019527693052,-2.971162981848739,7.898823025,0.1345823258161544,0.18058513777011218,0.7877095949514483,-0.3307312466863316,-22.634226687053914,-2.3072602719083557,14.907955694923416,0.13114588902694851,-0.06859276148344831,0.006026678830309565,0.031179259521302072,0.02065235810635979,0.045020518979412394,-9.265566712991308,-47.48672976220803,-108.76712588685395,0.03906599031635657,0.028752624124200637,0.1447095472760086
15802,1723238052911725540,0.6566902995109558,0.1711173206567764,0.1346963793039322,0.0659408494830131,-0.035110704600811,0.0049116453155875,0.9971935153007508,0.0,0.0,0.0,0.10730851243549844,-0.7784846441973287,-1.6227301245947419,7.909795295,0.1346963793039322,0.06128738368080156,-0.20331459738386806,-0.05091720660818409,4.243013585194166,-37.14146878909537,9.292756086460894,0.1318773919312077,-0.07073105178314425,0.005178233069922858,0.0300463779440463,0.0033740793440468764,0.019855188170023297,27.810975558880163,73.75236888042879,111.2273802065174,0.027973481777319203,0.02643797736631282,0.1447095472760086
15804,1723238052922526456,0.6570441722869873,0.1711463630199432,0.1350114196538925,0.0674074441194534,-0.0352701507508754,0.0042867311276495,0.9970927238464355,0.0,0.0,0.0,0.06665925458956767,0.17742689574233952,-0.545421312804127,7.920596211,0.1350114196538925,0.26782924980839057,-0.03906118535598269,-0.12288670339143755,-32.963531628272065,-9.790196558244553,3.0229126338100243,0.13486754318212582,-0.0709727046003716,0.003803179070062251,0.033444111261751175,0.003431520880612382,0.009460417638662122,-15.745355725871697,42.394310634755485,124.42755299285143,0.034759090890802785,0.030610053445569368,0.1447095472760086
15806,1723238052931030330,0.6573331356048584,0.1711805164813995,0.1349599212408065,0.0658860057592392,-0.0364955328404903,0.0040124682709574,0.9971514344215392,0.0,0.0,0.0,-0.14745993352740627,0.2292303244698345,0.6779708605412644,7.929100085,0.1349599212408065,-0.36122332584154676,-0.2896830775388315,-0.03232784028202702,-23.168270298393747,-11.297201174937285,2.1159710840963672,0.13183911610779386,-0.07337770691697568,0.0032016079880426073,0.03235106959470002,0.006092664100794565,0.007614020996085991,-20.912823093803457,-9.156666023744188,74.52972816725139,0.03345744131068422,0.03427469657170395,0.1447095472760086
15808,1723238052941276936,0.657644510269165,0.1712685823440551,0.135206714272499,0.0660576596856117,-0.0373807102441787,0.0033640903420746,0.9971097111701964,0.0,0.0,0.0,-0.3090729020571801,-0.052858665143478256,0.5856265150756053,7.939346691,0.135206714272499,0.02863373355853315,-0.1810524222332178,-0.11600082341418125,31.23457928531033,17.1111148045613,-4.978741653421471,0.1322382935195657,-0.07506024849251436,0.001775169096265828,0.03060644390330225,0.0074080626642603065,0.02561219681429705,19.42001903577856,-15.151257552635313,-51.247873529871804,0.032123835566665544,0.028417617033082102,0.1447095472760086
15810,1723238052952513468,0.6579911112785339,0.1713372021913528,0.1355133205652237,0.0677399337291717,-0.036813635379076,0.0027168758679181,0.99701988697052,0.0,0.0,0.0,0.34278436842477134,-0.0705743049413757,-0.510653973417829,7.950583223,0.1355133205652237,0.29565344831477264,0.0914277407359019,-0.13267187735461244,12.566238589294345,14.734327393883516,0.1770667843472892,0.13566037592403712,-0.07384302530537429,0.00043122727528890334,0.025423116961578174,0.004580947565896887,0.017764978824092115,1441.70438079834,424.8681996575647,-188.07027076301108,0.03277756081272035,0.028705296922355444,0.1447095472760086
15812,1723238052979490762,0.658325731754303,0.1713619530200958,0.1353758722543716,0.06653643399477,-0.0385111384093761,0.0022820711601525,0.997037947177887,0.0,0.0,0.0,128.85585826772027,39.0114513063444,-11.446247961297551,7.977560517,0.1353758722543716,-0.0905765577084151,-0.12736364886832524,-0.020332955911263526,73.18693189492095,-107.77307962207226,-20.820430718990508,0.13329284804504102,-0.0771743987208698,-0.0005758786629725301,0.08674943503609711,0.014401844763277438,0.016146795764058197,-12983.1833681161,-3702.3868313365,391.44400044912936,0.011973523308085238,0.012747699705229269,0.1447095472760086
15814,1723238052983029319,0.6586672067642212,0.1714191734790802,0.1354428678750991,0.0669145435094833,-0.039476852864027,0.0020446891430765,0.9969754219055176,0.0,0.0,0.0,74.67696740705446,23.519491112229332,-9.691266835892122,7.981099074,0.1354428678750991,0.20901404849192035,-0.554982894198345,-0.10560373828476693,-1607.0423036223624,-10829.768491304983,1522.0272811066377,0.1340819487104308,-0.07907091185268027,-0.0012099222017601379,0.6014659605039014,0.17038410379103652,-0.029641286981700432,-35276.10864942202,-10321.875163079923,2358.098682847496,0.09767560639198239,0.09456312736750484,0.1447095472760086
15816,1723238052983509298,0.6589887738227844,0.1715109944343567,0.1354254782199859,0.0667498484253883,-0.0410320945084095,0.0021083415485918,0.9969234466552734,0.0,0.0,0.0,56.4453367012768,18.178231195839963,-8.438193321489605,7.981579053,0.1354254782199859,-0.6724720867612347,-6.450255081877421,0.7255987672667936,-1721.2932088108334,-11499.946427443754,1622.316487120807,0.13376466625115704,-0.08218566616863796,-0.0012783772379683768,0.632701001911542,0.1803343124982555,-0.03408139640167662,-36540.20063840614,-10709.02838887451,2548.6700012949277,0.6644808220487848,0.6688005477159821,0.1447095472760086
15818,1723238052991046702,0.6593474745750427,0.171572059392929,0.1354229152202606,0.0667198896408081,-0.0429886095225811,0.0019793112296611,0.9968432784080504,0.0,0.0,0.0,-48.05164983536682,-12.935471269465026,3.4319035381037457,7.989116457,0.1354229152202606,-0.009004368763104786,-0.5206924700700809,0.0008920907233518642,38.02896251924935,477.8126511042815,-57.24898486693028,0.1337403738459025,-0.08607618369603544,-0.0017969180114087273,0.03660619193375325,0.015252047257400037,-0.0015195166926762482,-6852.683201565939,-2086.694103636902,885.3626691376484,0.04736942661633251,0.04736377319576244,0.1447095472760086
15820,1723238053002848129,0.6595765352249146,0.1718841791152954,0.1353831887245178,0.0638680607080459,-0.0464760847389698,0.0018836362287402,0.9968737959861756,0.0,0.0,0.0,0.6258425735077742,0.1554224253957226,1.1407763147824557,8.000917884,0.1353831887245178,-0.48398865092379995,-0.5890631850357214,0.044036494334702546,55.55499547892534,50.92172898178684,-10.180073592725291,0.12806379794104428,-0.09303634909631005,-0.0021906554113580814,0.042950295905896496,0.028270806764806977,0.022571165427731188,1667.1071249067027,424.69103264898916,-182.2439373709683,0.018955165555815497,0.019380360886128944,0.1447095472760086
15822,1723238053011140803,0.6600698828697205,0.1721292436122894,0.1357215046882629,0.0661011412739753,-0.0457630939781665,0.0015299044316634,0.9967617988586426,0.0,0.0,0.0,0.12983450400327556,-0.31184636029816304,-0.3011942461020424,8.009210558,0.1357215046882629,0.5349674872287199,0.1637006695040905,-0.12100733159711355,61.719826539791285,49.06780524036586,-10.37785983181436,0.13257587747642366,-0.0915599388848444,-0.003012708715409232,0.04865457468823209,0.024037135510153185,0.026783571567480013,-19.646979807405994,-19.49367662060844,-125.94318491786919,0.0628840167551848,0.055259956608041456,0.1447095472760086
15824,1723238053024452741,0.6604859828948975,0.1723313778638839,0.1357785910367965,0.0664489418268203,-0.0462313815951347,0.0011433032341301,0.996717631816864,0.0,0.0,0.0,0.7266060568764621,0.21618437152365555,-0.953267275903686,8.022522496,0.1357785910367965,0.04975763774301902,-0.07435120415044501,-0.0556258325723351,-10.88624141630947,12.104024824535673,0.3821646815113855,0.13331808215045923,-0.09244281706145152,-0.003881534850055925,0.03845816666228785,0.024131595699056874,0.005482971625569988,13.070848289077883,-28.094679248498256,-12.238089293441746,0.031461137576469775,0.030601500103996707,0.1447095472760086
15826,1723238053033969116,0.6609009504318237,0.1726218909025192,0.135838896036148,0.0670351833105087,-0.0450433604419231,0.0008544301381334,0.9967330694198608,0.0,0.0,0.0,0.6349363190810724,-0.5121521453538251,-0.8197457813244041,8.032038871,0.135838896036148,0.1200656083864687,0.24483477558568806,-0.08280213006255226,10.388929474661719,-5.720024136091221,0.3369406632525349,0.13450366074826114,-0.09002853390531254,-0.004353346312959374,0.055526778489131345,0.02761132049633197,0.0008118251573456803,-101.8410537579576,-62.321650651448365,8.071597498727272,0.04386600291315398,0.04262398464683891,0.1447095472760086
15828,1723238053041134320,0.6613631248474121,0.1728039979934692,0.1358149051666259,0.0677977427840232,-0.0450559519231319,0.0006609677802771,0.996681034564972,0.0,0.0,0.0,-0.5922321766745784,-0.882019075101817,-0.7940601136576326,8.039204075,0.1358149051666259,0.2106936403846305,-0.007959161764816317,-0.06316359969317051,1.852619685803476,-29.240557720777737,4.434697080135727,0.13605449025509428,-0.09002399775240752,-0.0048113372076203035,0.05382529717585527,0.0192059321011655,-0.006836170161231614,-93.90388749262604,-5.170698611897351,30.397572817645127,0.0638178734910724,0.06435233222425961,0.1447095472760086
15830,1723238053051893868,0.6617697477340698,0.1729103177785873,0.135684996843338,0.0680969431996345,-0.0462664030492305,0.000656442483887,0.9966051578521729,0.0,0.0,0.0,-0.3526308855075273,-0.18717624897661467,-0.033782875382093513,8.049963623,0.135684996843338,0.0562008160381597,-0.22498286078366353,0.011919640031967858,-14.877604018599314,-19.68558177990802,0.9391659221478177,0.13667766153656716,-0.09243966996736164,-0.005014202391857002,0.041721180911828526,0.014418533218305996,-0.010963881458138758,36.52009545255537,30.747007224994935,65.82174474530146,0.03646615086341627,0.03866714690048587,0.1447095472760086
15832,1723238053061004883,0.6621801853179932,0.1730766892433166,0.1355936676263809,0.0677250996232032,-0.0480772033333778,0.0003960342146456,0.9965448975563048,0.0,0.0,0.0,0.0900545668641719,-0.1680571888818876,0.5285871498250553,8.059074638,0.1355936676263809,-0.08335284804582684,-0.40059858168517026,-0.026115825290845357,-5.521118926119573,-6.934998652806755,-2.197218324665382,0.13598738697336546,-0.09602332173187524,-0.005749251610764181,0.04446696320421495,0.014701863966275042,-0.00857256644697646,23.26213352013832,-3.838928503913296,46.07046880395264,0.043774673406321934,0.04566689786037874,0.1447095472760086
15834,1723238053070810032,0.6626100540161133,0.1731832921504974,0.1355249285697937,0.0675652846693992,-0.0497215241193771,0.0001447359973099,0.9964752197265624,0.0,0.0,0.0,0.05090112378006806,-0.2683507198631374,0.815134284219606,8.068879787,0.1355249285697937,-0.034120187584910644,-0.33838247823387696,-0.02679349724767106,7.10261629621779,5.332247918157178,0.17065492221671597,0.13572237719342253,-0.09927507954061922,-0.006462309579510762,0.04312013100217271,0.010952523649420343,-0.00058151672584561,-9.369271360676466,30.461229275169526,-10.111872714463754,0.04285960725842484,0.044242712699097006,0.1447095472760086
15836,1723238053081427521,0.6630595922470093,0.1733005046844482,0.1355926692485809,0.0679163187742233,-0.0512656047940254,-6.086218490963802e-05,0.9963730573654176,0.0,0.0,0.0,-0.1103869634913075,0.5228879881905754,0.25552023291244014,8.079497276,0.1355926692485809,0.0652231948094047,-0.2934139898482507,-0.02222491732385665,13.16039761492948,1.6666337518807026,-0.7917219357894718,0.13648126837696042,-0.10232956214952604,-0.007122141745135368,0.04582503214351519,0.00941437791889399,0.008074878484388925,-22.36980375972444,65.57744030208318,-56.30296135453476,0.04269038196944406,0.041389485532306904,0.1447095472760086
15838,1723238053091902861,0.6635756492614746,0.1733823269605636,0.1356947720050811,0.0691926479339599,-0.0528288893401622,-0.0003285588463768,0.9962034821510316,0.0,0.0,0.0,-0.41891400605136675,1.1173889708857816,-0.3714389191080167,8.089972616,0.1356947720050811,0.24239565017829912,-0.3025030729892341,-0.04314806325531888,-27.244849424558982,7.626205467997917,0.6423974590174145,0.13911248521658662,-0.10540625658833445,-0.008009905349502603,0.040894873015510314,0.021793139395773764,0.0049662056352124395,53.41705899995092,12.510619034001948,-55.42199992398108,0.04995226807953091,0.04791062913242505,0.1447095472760086
15840,1723238053102456607,0.6639182567596436,0.1737609952688217,0.1356963515281677,0.0664889737963676,-0.0535171143710613,-0.0005637524882331,0.9963508248329164,0.0,0.0,0.0,1.025968569170096,0.7790112616623379,-0.9092566565878965,8.100526362,0.1356963515281677,-0.514661527241898,-0.13170493376697684,-0.008300389296158303,-21.613401217481158,10.578399716489093,-2.4648948783713536,0.13371026103386563,-0.10677142800493614,-0.00828727402946866,0.03702379577366699,0.03290192341646403,0.00025210329893621264,74.5285360977594,-59.193407588533425,-6.702893212085186,0.03199744189511172,0.03204613480287022,0.1447095472760086
15842,1723238053113427165,0.664376437664032,0.1740879863500595,0.1357002854347229,0.0655334517359733,-0.0539145395159721,-0.0011982441646978,0.9963920712471008,0.0,0.0,0.0,1.1322337533457159,-0.17977166722011484,-0.47809179150809555,8.11149692,0.1357002854347229,-0.1802113874197272,-0.0795753252050603,-0.10110550055710794,3.5123163302536398,3.9884792227671833,-11.193604771554563,0.13186388575680189,-0.10748986059651063,-0.009509278766793711,0.06416210202625194,0.03832824791665068,-0.014998144459264395,-133.9640867506438,-96.42116983141233,101.91108796072459,0.041278348223143406,0.04134364006196989,0.1447095472760086
15844,1723238053120937125,0.6649734377861023,0.1744196414947509,0.1355087012052536,0.0644790977239608,-0.0540644936263561,-0.0020160244312137,0.996451497077942,0.0,0.0,0.0,-0.6123364921309837,-0.950289059525418,0.6091289303937737,8.11900688,0.1355087012052536,-0.2925061977775738,-0.05354609278907883,-0.19922517441472348,2.6752864250565063,2.7943514873325745,-6.13884942518576,0.12983308211617112,-0.10769335639795334,-0.01105406427441208,0.06576846655370616,0.03351109945430242,-0.01389993690009117,-177.26674263662915,-72.67260592443535,105.02068945494477,0.07580172577217244,0.08165390157343871,0.1447095472760086
15846,1723238053134934413,0.6655359268188477,0.1746108382940292,0.135617047548294,0.0659465342760086,-0.0542430132627487,-0.0026813657023012,0.9963440895080566,0.0,0.0,0.0,-1.6578287799349916,-1.186761366839048,1.0421180936729881,8.133004168,0.135617047548294,0.20483160071984763,-0.03195409163786226,-0.10445198683667824,30.73432845483035,1.3577600811516954,6.025564065998431,0.13286337368028525,-0.10794526864076444,-0.012570900483477634,0.035642148089919834,0.012152061452308072,0.006702493796219983,117.22121177638486,90.98683004586401,-183.26680070944687,0.04061174053037301,0.039084372671705406,0.1447095472760086
15848,1723238053230459111,0.665978729724884,0.1747889071702957,0.1355805993080139,0.0666343122720718,-0.0552807040512561,-0.0034172274172306,0.9962390661239624,0.0,0.0,0.0,134.6500970064971,77.8333873874594,-156.10383196622723,8.228528866,0.1355805993080139,0.01371491467468739,-0.022743379186797853,-0.014704639344168343,-709.2887308687366,-1132.595263909608,-202.0105962823005,0.13435739216556192,-0.10991134855317551,-0.014262477177654597,0.19962707058715523,0.11990164541684578,-0.17392021954056247,71329.8749943281,23777.766132765508,22257.35217206335,0.0045387621618489405,0.0046482006589977755,0.1447095472760086
15850,1723238053232320271,0.6663573384284973,0.1750163435935974,0.1352506130933761,0.0654127895832061,-0.0572650209069252,-0.0039894222281873,0.9962058067321776,0.0,0.0,0.0,269.9412273737119,122.91984721521379,-113.81258834727947,8.230390026,0.1352506130933761,-1.3320325776898938,-2.171758045859747,-0.39803805771815304,-1868.5002112326856,-4070.918695654337,-632.377678350914,0.13202103861413494,-0.11381916589609216,-0.015541482071170494,0.45505287678315653,0.26754352426536343,-0.47004649857044,512777.43033649604,345699.6694244172,-14495.21380756791,0.1800619621882224,0.22246318973665433,0.1447095472760086
15852,1723238053233015121,0.6667388081550598,0.1752399504184723,0.1348480582237243,0.064410276710987,-0.0592317953705787,-0.0045066201128065,0.9961539506912231,0.0,0.0,0.0,740.4103054444231,446.52527284496705,-133.53963923532228,8.231084876,0.1348480582237243,-2.9275042102465907,-5.756961882502722,-0.9480644363354621,2261.1764311568977,-2933.570749566783,-1777.717704596653,0.13012360084420505,-0.11769898883598896,-0.016725336687615923,0.6770464624489705,0.36426287672694,-0.5373786600834478,668904.1598865762,-17079.31347208208,-2347832.9629037366,0.471745981740385,0.6142583373482767,0.1447095472760086
15854,1723238053233505939,0.6671155095100403,0.1754334568977356,0.1345988512039184,0.064376413822174,-0.0607679635286331,-0.0051402822136878,0.99606055021286,0.0,0.0,0.0,1065.8859493504237,270.7574932500281,-2090.0417676745237,8.231575694,0.1345988512039184,-0.23767146841558454,-6.425026042364563,-2.162492613699907,12288.959271603155,-12814.00701713471,-8189.365256169133,0.13018200414010928,-0.12068808588614731,-0.018197476727060912,1.1863869296846588,0.6899761032187826,-0.6156245693919118,-456821.8953620447,-1036279.997768467,-3007269.3789635226,0.6935369991185353,0.8245420091672037,0.1447095472760086
15856,1723238053233757306,0.6674676537513733,0.175644963979721,0.1344302147626876,0.0648736879229545,-0.0621223337948322,-0.005822307895869,0.995940923690796,0.0,0.0,0.0,806.8793204059266,-77.03294801616312,-2719.9466925727256,8.231827061,0.1344302147626876,3.727878158446306,-11.120429419983774,-4.95675744254036,-24730.52251633952,-33038.06995500872,-5480.987949089047,0.13131519122460533,-0.12329707965339447,-0.019809225832814175,1.4579391103000034,0.7074614121079321,-1.389530428966907,-1888487.5535592153,688593.6162768491,2035818.2404193166,1.290960767228281,1.4765066314346014,0.1447095472760086
15858,1723238053234001805,0.6678376793861389,0.1757860779762268,0.1339195668697357,0.0634397268295288,-0.0648274049162864,-0.0066958763636648,0.995855450630188,0.0,0.0,0.0,141.07495314828293,584.1329050028412,-1142.0817360409937,8.23207156,0.1339195668697357,-11.951901138810305,-22.612946380303256,-4.9566770233383926,-34208.512221485726,-19835.74318636936,-2338.0326215163295,0.12863587593776363,-0.12862223418939603,-0.02174281990962706,1.5901953715260788,0.6537641876261091,-1.9692153715270422,-2439780.3331247712,2042459.2870922524,6757650.680838736,1.2202093519762525,1.774939512675734,0.1447095472760086
15860,1723238053234257629,0.6682650446891785,0.1759738326072693,0.1334477365016937,0.0618561878800392,-0.0673665627837181,-0.007754077669233,0.9957788586616516,0.0,0.0,0.0,-407.23221879805305,929.5216474536264,668.1108140193378,8.232327384,0.1334477365016937,-12.694004299398015,-20.415087275859413,-6.180719449308499,-11115.184905760692,1812.6917803642136,7767.1469253583555,0.1256825961508869,-0.1336022247584459,-0.023992864745481908,1.5192557425418727,1.0183431970658603,-1.9324626460780223,-1519492.3187002223,-2438648.8164235167,5239247.184126601,1.392052763416731,1.9096138553622677,0.1447095472760086
15862,1723238053234512702,0.6686140894889832,0.1763059198856353,0.1329324096441269,0.0596055202186107,-0.0700936615467071,-0.0082043288275599,0.9957242608070374,0.0,0.0,0.0,-636.164695473934,-656.0831070278325,1537.3885799686686,8.232582457,0.1329324096441269,-17.61829591746375,-21.676681072204406,-1.0072901701501418,14932.823032249347,10682.899254913595,4230.694438931038,0.12131703136628959,-0.13905759881244126,-0.024937718795693335,1.3823365265241137,1.1293972996379011,-1.6286661237186308,-766793.4754471941,-4773265.590214526,1369576.7578834286,1.0425953098602614,1.6491605750266762,0.1447095472760086
15864,1723238053234768359,0.668971061706543,0.1765504479408264,0.1326163858175277,0.058986023068428,-0.0719591528177261,-0.0088772531598806,0.9956223368644714,0.0,0.0,0.0,-798.7037900836906,-1506.640919152866,1365.2111981766443,8.232838114,0.1326163858175277,-5.027327543556132,-14.940734675228411,-4.038746442869065,32122.065820184263,18656.15984762173,-3825.072295877249,0.12024241721670328,-0.14272508108209372,-0.026437818252804574,1.194231138596706,0.6819855815926417,-1.1468671526085643,-446685.0394543032,-1664586.4213154847,-1201517.4963879455,1.180758619781998,1.5688174627495344,0.1447095472760086
15866,1723238053235194830,0.6693366169929504,0.1766460239887237,0.1321907788515091,0.0582157559692859,-0.0745972618460655,-0.0090783787891268,0.9954716563224792,0.0,0.0,0.0,-854.6845324014638,-1033.91367049275,477.13956101399907,8.233264585,0.1321907788515091,-3.5128332360834627,-12.456202540794125,0.04434782008296074,3371.799569264944,5588.882861246477,8975.610830007627,0.1188342772646427,-0.14800163536378957,-0.027059092533638085,0.8088370399123868,0.21260884930588997,-0.9341097284953874,-115559.43082015845,1049369.7215154392,-1956617.0813476455,0.6943218870145514,0.9988592627981399,0.1447095472760086
15868,1723238053241628411,0.6698500514030457,0.1768977046012878,0.1323794275522232,0.060754969716072,-0.0729393512010574,-0.0097622023895382,0.9954363107681274,0.0,0.0,0.0,-73.84201347214719,-17.964826427905273,94.25983660285279,8.239698166,0.1323794275522232,0.765890869618818,0.5070299140152872,-0.3006048440971588,398.94198130727426,1260.8047078304753,-28.669210253210927,0.12398632193137478,-0.1445294004742206,-0.028600207451269843,0.06556821997225626,0.03368107674946508,0.02569456141328441,79287.4782343126,100602.64954898787,-40816.999999909676,0.08205722684810053,0.07506182346842101,0.1447095472760086
15870,1723238053252746024,0.6703054904937744,0.1771676689386367,0.1325953900814056,0.0613034889101982,-0.0726979672908783,-0.0104890363290905,0.9954128861427308,0.0,0.0,0.0,-0.8361363633034244,-0.5525240812739756,-0.34799674080779064,8.250815779,0.1325953900814056,0.08852041365830687,0.0359375188631623,-0.1400335625204472,-34.93807937960519,-53.84571427679604,16.87744918613022,0.12518759939254193,-0.1439394799822683,-0.030111015273889447,0.045518404966081505,0.023129103525072026,0.018390785196613635,2812.34799143875,666.7262753415761,-3586.9817200018824,0.042586441332738006,0.037977774898879116,0.1447095472760086
15872,1723238053260889985,0.6707033514976501,0.1773491501808166,0.1327389925718307,0.0611136704683303,-0.0746082514524459,-0.0105703314766287,0.9952824115753174,0.0,0.0,0.0,-0.32965802669771005,-0.4886466865837319,-0.19273185736741727,8.25895974,0.1327389925718307,-0.040968302493938125,-0.4710192976516244,0.011939081946508,-10.258444358978334,-28.207632818640167,5.603296391059783,0.12491007875036438,-0.14775763942584627,-0.030497079604549695,0.04447949382840122,0.020995345634675644,0.01739986140097116,42.9050352150247,9.422664784490106,-4.5232460618645085,0.05022255699032526,0.045922870518838255,0.1447095472760086
15874,1723238053271041687,0.6710995435714722,0.1775459796190261,0.1329126805067062,0.0607601404190063,-0.0762242004275322,-0.0111866109073162,0.9951748251914978,0.0,0.0,0.0,-0.13814721571508493,-0.3730075644222991,-0.5371463477685999,8.269111442,0.1329126805067062,-0.07371880215980105,-0.3265959644471802,-0.09641269409705798,10.403250657937129,15.117794214140385,-5.877622231672666,0.12436983510261533,-0.15092573729511213,-0.03189598338030927,0.038575576537372314,0.013166731424085754,0.014544133540304038,13.248386756315751,35.651372730138874,-48.18978837969286,0.04052502576726504,0.036197037265602625,0.1447095472760086
15876,1723238053284294469,0.6716029644012451,0.1776128262281417,0.1330610513687133,0.0627759546041488,-0.0769402906298637,-0.0116820149123668,0.9949889183044434,0.0,0.0,0.0,-0.05974137940911861,0.5192030723493701,-1.4225618313927122,8.282364224,0.1330610513687133,0.2999569609119664,-0.11082295531710284,-0.09133740302413174,-1.82544502397411,-10.9014471927084,-2.9514580923555327,0.12855682888782022,-0.15223005588673788,-0.03329811347939557,0.04441645688200424,0.015111890081151103,0.002999103417126392,-50.48175536450906,26.3455030451102,-20.5196049275406,0.039057668621472856,0.03586392338939152,0.1447095472760086
15878,1723238053292145229,0.6719815731048584,0.1777782887220382,0.1330464780330658,0.0633706077933311,-0.0781757310032844,-0.0122252609580755,0.9948484301567078,0.0,0.0,0.0,-0.7183502061144209,0.5354643645109382,-1.368375576239026,8.290214984,0.1330464780330658,0.14600561863583658,-0.3228259993623245,-0.13001590175508715,-25.954694035835224,-8.989649512922025,-1.3981737441641364,0.129910128968204,-0.15461182075072938,-0.0346528633542651,0.04161991641505125,0.02092007860646472,-0.0107335733738676,-34.20448128964955,-19.80622555118512,58.37849642165862,0.04661451576128736,0.04821732289464496,0.1447095472760086
15880,1723238053302402354,0.6723199486732483,0.1779907792806625,0.1328174173831939,0.0623513869941234,-0.0790170654654502,-0.0128592317923903,0.9948383569717408,0.0,0.0,0.0,-0.40333591948459624,0.039127079089478545,-0.07974024792909373,8.300472109,0.1328174173831939,-0.20524415336178742,-0.17362040627539907,-0.09707083209796692,-20.77946791726624,3.325127683217989,1.5748178953548502,0.12799551419670505,-0.15624983854444452,-0.035884115251474905,0.029398677238450688,0.02367375157702334,-0.019665499074079662,40.83150543534728,-49.06992682009524,99.07336127046491,0.028357114416034567,0.03643915981640078,0.1447095472760086
15882,1723238053312977097,0.6725916862487793,0.1782733649015426,0.1326385289430618,0.0609113052487373,-0.0803373903036117,-0.0135782891884446,0.9948122501373292,0.0,0.0,0.0,0.13877428669698588,-0.48719278903653485,0.6783746270059032,8.311046852,0.1326385289430618,-0.27818363100671567,-0.2607959832301348,-0.09826555100225393,19.38920123285013,-1.4204060760518225,-3.0524212848777577,0.12527288314481985,-0.15885436218378324,-0.03728052702327255,0.033726089876687126,0.02158722984148298,-0.011884420468508239,19.819806300884768,14.29473605202619,-25.370316715942728,0.021696224969176864,0.028548022224637117,0.1447095472760086
15884,1723238053321323433,0.6729260683059692,0.1784197092056274,0.1325724869966507,0.0611821860074996,-0.0812494903802871,-0.0142112206667661,0.9947127103805542,0.0,0.0,0.0,0.09705371399880836,0.05415286000338271,-0.17276847431892106,8.319393188,0.1325724869966507,0.05680942848529261,-0.22770223463764158,-0.14310572083120715,23.39363993895126,6.2556085058655135,-1.3203962064671058,0.12597629131491023,-0.16059021430307796,-0.038721990608235675,0.03310277016064944,0.015611358588937918,-0.006600882472608927,2.060442632448817,48.17124973181715,-56.21989374636884,0.037582906587860745,0.041132362831711566,0.1447095472760086
15886,1723238053335114157,0.6732239723205566,0.1785911917686462,0.1325113475322723,0.0611977502703666,-0.0818322449922561,-0.0147231817245483,0.9946565628051758,0.0,0.0,0.0,0.28632140094307434,0.33818422699309325,0.09458835342940741,8.333183912,0.1325113475322723,-0.0020880294829922538,-0.08923927285263308,-0.06898296047970441,-54.620972486495944,-63.00194866554759,11.146963889563903,0.12612606368719753,-0.16169153547788379,-0.03983490548303074,0.038354469134134206,0.03390699246368811,-0.0273449944853148,-70.05141176285457,-126.93273390334187,144.84019294358816,0.02010062698247559,0.022272441437379626,0.1447095472760086
15888,1723238053340840391,0.6734834313392639,0.1788364052772522,0.1323002874851226,0.059931706637144,-0.0835913345217704,-0.0149098327383399,0.9945845007896424,0.0,0.0,0.0,-0.31400009962414777,-0.7394361697618067,1.2222638455477144,8.338910146,0.1323002874851226,-0.43457646055960847,-0.6236733441966162,0.008571384446742502,-28.43428859867369,-39.05633513560778,3.558569894405836,0.12370290665249734,-0.16524109625728153,-0.040236500435419355,0.039769340805968056,0.03349324228114803,-0.023001954284563197,-75.98904534411777,-131.39548613910137,90.79265746794322,0.03689526220611442,0.05169279882936541,0.1447095472760086
15890,1723238053350938165,0.6737863421440125,0.1790084838867187,0.1323147565126419,0.060570940375328,-0.0838189199566841,-0.0155454715713858,0.994516909122467,0.0,0.0,0.0,-0.5676339451400574,-1.0549168048076676,0.24909156789755882,8.34900792,0.1323147565126419,0.11687372182977693,-0.05160881512789726,-0.13329653240913425,28.437804810896957,27.594218110323645,-5.873255820189993,0.12511683871257465,-0.16559118576085613,-0.0416561427276872,0.02660757725906393,0.014146325506118274,-0.002400771448377803,9.00022016585461,21.584290188184795,-114.0286534410518,0.02909800795986558,0.029674074384387083,0.1447095472760086
15892,1723238053362932710,0.6740571856498718,0.1791369169950485,0.1322313398122787,0.0611095800995826,-0.0845981538295745,-0.0160720199346542,0.9944096207618712,0.0,0.0,0.0,0.02641969268569566,-0.0433664359664655,-1.370153529168964,8.361002465,0.1322313398122787,0.08506595514764892,-0.13464023491598592,-0.08725272536478215,-28.76347366718482,-12.762939705157084,-4.8221075978297225,0.12634547581783764,-0.16706215449516174,-0.042914317999080576,0.03028242997787345,0.013760862808734231,-0.024931622247468255,-5.304311626826241,28.16887538600345,15.990020271457151,0.02063626050379611,0.02366099817759843,0.1447095472760086
15894,1723238053371528332,0.6743649244308472,0.1792740076780319,0.1319063007831573,0.0597757771611213,-0.0857258960604667,-0.01704110391438,0.9943779706954956,0.0,0.0,0.0,-0.3569272676498143,-0.14720797171432493,-0.30264146730647845,8.369598087,0.1319063007831573,-0.32301792049828715,-0.2803223510342345,-0.18205127980421157,-24.247826953882544,-10.75700549624349,-2.9706936097464105,0.12388355208746277,-0.1692575901399133,-0.044794128942471485,0.028785025857040125,0.013318926485711202,-0.03357806420937104,-10.043122047152348,-3.807730989068324,91.29580822842739,0.028180956128899363,0.042155814883828344,0.1447095472760086
15896,1723238053384627375,0.6746019124984741,0.1793959736824035,0.1315510272979736,0.0586236156523227,-0.0876208022236824,-0.0176484324038028,0.9942708015441896,0.0,0.0,0.0,0.20129701618155216,-0.031940501468489924,0.23656521031131028,8.38269713,0.1315510272979736,-0.1769671860530604,-0.29763666753478624,-0.06011138144975241,13.565394891887717,2.9271693781508823,1.764606699965765,0.12178307457732154,-0.17303049840526225,-0.04607196027212426,0.020462145807989884,0.00947841581897002,-0.02350375719281672,21.425206353576588,4.962366628443379,10.34585329812553,0.012710953462490309,0.022815868207380203,0.1447095472760086
15898,1723238053394526945,0.674822211265564,0.1794910579919815,0.1313454210758209,0.0585247725248336,-0.0887555703520774,-0.0182154718786478,0.9941657781600952,0.0,0.0,0.0,0.2548594011909384,-0.011524405136415172,0.10841773134598842,8.3925967,0.1313454210758209,-0.02460259590315769,-0.23686996106694908,-0.09908700408561592,10.736202447341114,-6.580041407089645,-3.1623127637103234,0.12176091795457264,-0.17523890491621627,-0.04734978265128216,0.02871456819649154,0.011116777860962657,-0.025145967496959187,-48.67742568233099,-7.70982431025777,13.416717257886319,0.01781936455446705,0.025845624764156385,0.1447095472760086
15900,1723238053400787163,0.6750275492668152,0.1795666366815567,0.1311706751585006,0.0586134381592273,-0.0897576510906219,-0.0186293087899684,0.9940629601478576,0.0,0.0,0.0,-0.2639949974925463,-0.09847546983426964,0.2967688557304612,8.398856918,0.1311706751585006,0.02418087760101358,-0.3284117815898952,-0.11581654033817486,3.6091535768776346,-5.340300716779649,-0.6770143873351278,0.12208497371530655,-0.17719140960106466,-0.04833473883091028,0.028018874167500485,0.010343836652013216,-0.023381333605947408,-52.794021940850854,-10.802509456355306,8.283124807622904,0.026754772375817186,0.037611443092226096,0.1447095472760086
15902,1723238053412795443,0.6752538681030273,0.1796510219573974,0.1309943050146103,0.0584632866084575,-0.0907936319708824,-0.019173189997673,0.9939672946929932,0.0,0.0,0.0,-0.20492781154865125,-0.1570896888148886,-0.10599855183822182,8.410865198,0.1309943050146103,-0.02884188339435308,-0.1787254950993529,-0.07798530561159978,-8.340619868950544,-0.9196854867911846,4.281451348693251,0.12195307565747236,-0.1792076269594707,-0.04954462318204948,0.02132761861922461,0.009737014251395948,-0.019474711380605747,8.57702612107942,-12.927430420000947,-7.471196693715701,0.015561842559364615,0.0213994335855293,0.1447095472760086
15904,1723238053422108527,0.6754704117774963,0.1797612756490707,0.130778357386589,0.0578262954950332,-0.0920876711606979,-0.0194460842758417,0.9938802123069764,0.0,0.0,0.0,-0.09862708818869859,-0.33560069290697836,0.012717430149610909,8.420178282,0.130778357386589,-0.13486905404692984,-0.2839675035418125,-0.029942629913646532,-3.572448870688265,-7.3291299532562135,1.8641968939307803,0.1208059793478765,-0.18179902107553092,-0.05015150433144005,0.021963649556582254,0.007504390793268811,-0.02357727033757495,-5.751795246911774,0.027330517081109562,27.25396712390201,0.01806363066383904,0.027467732283426242,0.1447095472760086
15906,1723238053431570764,0.6756658554077148,0.1797906160354614,0.1305515170097351,0.0573764257133007,-0.0935487523674964,-0.0197798199951648,0.993763267993927,0.0,0.0,0.0,-0.3180813163063574,-0.1508046852072907,0.41006553045917005,8.429640519,0.1305515170097351,-0.09356663855921593,-0.31513810856069413,-0.04397502671102641,5.070228497030959,6.022035659224619,-0.8183013889815993,0.12006359132060122,-0.18470935168125074,-0.05093598883079646,0.019425670981888743,0.003407175630295356,-0.019099652749627438,-6.696134017785476,20.561568080530307,15.177643550206334,0.01571930419269493,0.02487782130998905,0.1447095472760086
15908,1723238053441284137,0.67584228515625,0.1798267662525177,0.1304145902395248,0.0572012960910797,-0.0943228304386138,-0.0200609974563121,0.9936944842338562,0.0,0.0,0.0,-0.21863385580551464,0.05920500078987265,0.29011064611259196,8.439353892,0.1304145902395248,-0.037285399248268764,-0.1637499102914997,-0.04529577366454151,-3.9451975690679184,0.06067073560459768,0.7874975342958781,0.11981907504930933,-0.18623581750459725,-0.05157405605639473,0.015838870933805538,0.004756242283335155,-0.01574614982332001,11.343960624693075,3.55683597781393,-31.039962920542237,0.015027071125911992,0.020608868252777354,0.1447095472760086
15910,1723238053451474817,0.6759788393974304,0.1798862963914871,0.1302364915609359,0.0562611483037471,-0.0959624871611595,-0.0203828904777765,0.9935846328735352,0.0,0.0,0.0,-0.09120901371382173,-0.09767690523132819,-0.226036130857853,8.449544572,0.1302364915609359,-0.18161785906180922,-0.32911490359115847,-0.027397417600519048,10.471446918112346,20.90918946953798,-1.552801911416784,0.1180966529354749,-0.1895328952052701,-0.05226141297243428,0.015221297831146785,0.004507660107710976,-0.013379201199493984,-4.5836681871037595,-3.5904105505208976,-48.49970927158672,0.009549698943554796,0.016688284541804467,0.1447095472760086
15912,1723238053461138967,0.6761426329612732,0.1799176335334777,0.1301447451114654,0.0570136792957782,-0.0949328690767288,-0.0206066761165857,0.9936360120773317,0.0,0.0,0.0,-0.29211227421496366,-0.02419142794665935,-0.6750475998415326,8.459208722,0.1301447451114654,0.14535183276310007,0.21330204981963666,-0.07273168493873952,-0.25492596044545657,1.1783393975966803,0.7548791506970881,0.1195878542451468,-0.18740270897239936,-0.052723115908952525,0.014059330091267697,0.002892062529141981,-0.019763907066233877,-16.83120193584469,20.74416355738227,5.657668788780981,0.01469209177376134,0.018539701621178052,0.1447095472760086
15914,1723238053471656520,0.6762574315071106,0.1799440383911132,0.129819318652153,0.0556776970624923,-0.0970121845602989,-0.020863926038146,0.993505597114563,0.0,0.0,0.0,-0.4238387532338924,0.34439373665807366,-0.018969590991295027,8.469726275,0.129819318652153,-0.24751352601410115,-0.40326116335938744,-0.00245725455123223,-15.140910243617487,-15.890701823193707,3.956650740601046,0.11708558788605768,-0.19161133406448955,-0.05325911271930742,0.009019660477058267,0.004274255213046807,-0.027028454586650597,-1.614563620355156,9.351907745328155,62.813708932167636,0.004676309621904784,0.016813213489845786,0.1447095472760086
15916,1723238053483200552,0.6763375401496887,0.1800157278776168,0.1295568794012069,0.0548596270382404,-0.0972575545310974,-0.0209074988961219,0.9935262203216552,0.0,0.0,0.0,-0.30424162269136273,0.12680618809269018,0.7116576367935529,8.481270307,0.1295568794012069,-0.14085427306850737,-0.045264934443356906,0.008691035829496305,8.046389499551633,23.57350738288913,-2.4739969193689415,0.11545198312175477,-0.19214199260035894,-0.05321935120209314,0.004827905901422014,0.010948501225652052,-0.018736062278684074,0.45222210621624725,-18.74459036717415,-16.039555875852216,0.0021365081226507616,0.0114393604773418,0.1447095472760086
15918,1723238053491605179,0.6763651967048645,0.1801367402076721,0.1294238716363906,0.0545463860034942,-0.0967946201562881,-0.0210540611296892,0.9935855269432068,0.0,0.0,0.0,-0.36106691409589226,-0.030099354218016072,0.09143193012034279,8.489674934,0.1294238716363906,-0.08052702512412852,0.10734944467644884,-0.03314955415878051,9.892190481517227,9.75578975957289,-2.9158715991718758,0.11480876689773829,-0.19121370746889288,-0.05339569538296985,0.00263108383560251,0.009252460188370115,-0.012795656310943482,-6.707965939383726,-5.1743470520232515,-84.45572374545375,-0.0005360343684159693,0.006756763539052017,0.1447095472760086
15920,1723238053505227002,0.6763864755630493,0.1801491677761078,0.1293164640665054,0.0553447045385837,-0.0964304134249687,-0.0211434550583362,0.9935749173164368,0.0,0.0,0.0,-0.4512665489666768,0.1973451128880821,-1.2943558352096347,8.503296757,0.1293164640665054,0.1141485360659742,0.05473207422551996,-0.027335987224349115,-24.91535055301017,-25.311248640201597,3.8336175069676504,0.11641852047304947,-0.19043018761163666,-0.0536848219408936,-0.004488100117924887,0.012633158357349572,-0.025136082867962983,-0.07235434346944203,-20.870103403589084,46.16562381646396,-8.878945283331075e-06,0.0030896440533070683,0.1447095472760086
15922,1723238053510837370,0.6763473153114319,0.1802471280097961,0.1291355788707733,0.055012073367834,-0.0968052074313163,-0.0211904402822256,0.9935559630393982,0.0,0.0,0.0,-0.43653877292141413,-0.006551083572238325,-0.6935974730493906,8.508907125,0.1291355788707733,-0.11623171009358928,-0.13683489146595182,0.0020442602024788943,-31.291038652260347,-25.129167817223095,4.336214760712138,0.11578139972511409,-0.19119404985817878,-0.053763794707631686,-0.00685496871847846,0.013622866044284088,-0.03329543763190035,-1.4649007919941646,-24.749306157517093,121.36403699529788,-0.013890929830613803,-1.6450617575700984e-05,0.1447095472760086
15924,1723238053521558135,0.6762763857841492,0.1803145557641983,0.1287570297718048,0.0536317639052867,-0.0979652181267738,-0.0212260242551565,0.9935169816017152,0.0,0.0,0.0,-0.5360319683038167,-0.03437764708565261,0.9001421019561473,8.51962789,0.1287570297718048,-0.2514995570102904,-0.22153569510922122,0.03008274782738214,-0.8987585160961142,-9.476164938127868,3.2014459600806164,0.11307554352089928,-0.19359037887179217,-0.05371364843826316,-0.01183542218407041,0.009804529748166146,-0.0251467544410664,5.963972830718237,2.01589106584737,47.49061995183168,-0.013607533506614927,0.0006698689188819574,0.1447095472760086
15926,1723238053532630636,0.6760856509208679,0.1804633140563964,0.1285948157310485,0.0528510250151157,-0.0998662263154983,-0.0210000686347484,0.9933742880821228,0.0,0.0,0.0,-0.2956644024015753,0.04067902140630064,0.26904153735589453,8.530700391,0.1285948157310485,-0.12743964581531253,-0.34447800069142437,0.07223329361473957,20.872805415529175,16.73014462458391,-4.5186461930217385,0.11159172480484332,-0.19747020749881858,-0.053339313169139556,-0.018587958314910225,0.013103745007891021,-0.013578258218064576,5.756281565335591,0.6087360250169924,-72.56608362053396,-0.02044376197233955,-0.013509247141034674,0.1447095472760086
15928,1723238053541568021,0.675909698009491,0.1805780380964279,0.1284811943769455,0.0534361638128757,-0.0998457372188568,-0.0210664141923189,0.993343710899353,0.0,0.0,0.0,-0.3592974704155658,0.001609826993518193,-0.4918238197057069,8.539637776,0.1284811943769455,0.12885691266572083,0.005836436077474262,-0.028211063374365686,6.313525365989399,19.15734425584991,-3.6806339828785384,0.11279233552510996,-0.1973901736516721,-0.053588876941793005,-0.01896391351356641,0.011611253650153586,-0.016770005531749455,-3.133924330338081,1.041866642534421,-54.23197273955756,-0.02244466069774984,-0.01632661524877679,0.1447095472760086
15930,1723238053552365397,0.675714373588562,0.1806874275207519,0.1282472014427185,0.0529062896966934,-0.1001050323247909,-0.0209672003984451,0.9933480620384216,0.0,0.0,0.0,-0.3411410644362509,0.08347282519375265,-0.6743012375611925,8.550435152,0.1282472014427185,-0.09469173557849124,-0.04871473645409749,0.030638271483145067,-3.5642746864350374,0.3484318162323789,4.856996042651596,0.11171587094353183,-0.19794990606511856,-0.05331370693060922,-0.026981502527448242,0.013827983280897627,-0.023837508909416272,38.681154058546916,-5.639258237824022,32.49347148462612,-0.02250271917600348,-0.013038794152588651,0.1447095472760086
15932,1723238053561160461,0.6754133701324463,0.1808355301618576,0.1280220299959182,0.0528610274195671,-0.10015120357275,-0.0206683780997991,0.9933520555496216,0.0,0.0,0.0,0.26412983953924773,-0.060841027347527554,-0.034659649682502125,8.559230216,0.1280220299959182,-0.00324972722276417,-0.006959311097521967,0.06910512877189438,4.290043155899009,-3.564235938187074,1.8506397688233511,0.11156746334661792,-0.19807843594920502,-0.05270462112251233,-0.027106140240796606,0.01368933498604985,-0.02990947699681623,16.96597942957547,14.00334585369579,24.565409919451476,-0.03941620501409876,-0.027845185601784093,0.1447095472760086
15934,1723238053573591696,0.6752014756202698,0.1809503585100174,0.1275745332241058,0.0524525828659534,-0.1013777256011962,-0.0204738080501556,0.9932532906532288,0.0,0.0,0.0,-0.4360637509313092,0.6475959622063607,-0.5755209922384876,8.571661451,0.1275745332241058,-0.05722227555527882,-0.1973120635425151,0.04777911072450085,3.193486390177874,4.139005407134044,-3.8280870006066863,0.1107918449486168,-0.2005820153210371,-0.052380049325823706,-0.018932728395615328,0.012140975873903948,-0.018818797283420174,-33.956034682804685,14.584356604973257,-104.05852775282676,-0.024326783204992375,-0.00907640958655049,0.1447095472760086
15936,1723238053585748713,0.6749488711357117,0.1811324805021286,0.1275499910116195,0.0529075562953949,-0.1008702293038368,-0.0205472186207771,0.9932793974876404,0.0,0.0,0.0,-0.5829225227066317,0.3207622482770711,-2.560435267027538,8.583818468,0.1275499910116195,0.07118553944511612,0.08426137488586409,-0.0238750094038959,-32.755325033210354,-48.10421582672607,2.0564169576412534,0.111692699366464,-0.19953179291760076,-0.0525583512279089,-0.03723505624523682,0.02919378357416136,-0.043264479703960745,128.9082117262005,-139.24338984268712,79.13240093457887,-0.02150964417942408,-0.0194776021354275,0.1447095472760086
15938,1723238053591090428,0.6747113466262817,0.1813217848539352,0.1272220760583877,0.0523422583937644,-0.1017616093158721,-0.0206352900713682,0.9932165741920472,0.0,0.0,0.0,0.43658436477532614,-0.6867558225881054,-1.5687788215095329,8.589160183,0.1272220760583877,-0.20545586558588994,-0.33996622669680493,0.0057704560283629806,-38.93453603679832,-54.216248664910125,7.169841668935427,0.11062991132085341,-0.20133999730253174,-0.05273265824754858,-0.03818347845131598,0.028367740684738685,-0.05823158437248832,148.6014437387541,-134.83143211032916,189.62155279877547,-0.057613792622838,-0.029890375805800656,0.1447095472760086
15940,1723238053601243018,0.6744449138641357,0.1814733445644378,0.1266917735338211,0.0504647195339202,-0.1037908867001533,-0.0203710626810789,0.993109166622162,0.0,0.0,0.0,1.1298884799918112,-1.0178570740214787,0.4331261533079518,8.599312773,0.1266917735338211,-0.3527016904237537,-0.4041048046895554,0.10982359657229684,-2.8882141100378664,-1.7684011086795781,4.503080627303924,0.10691227781128777,-0.20553948815340348,-0.052055664774658394,-0.02190052180405999,0.011127549183933994,-0.050363580223376836,14.101339695201757,14.7279701093586,114.87059317569047,-0.037076604613752506,-0.014332673778266272,0.1447095472760086
15942,1723238053612495881,0.6742526292800903,0.1815511584281921,0.1261483579874038,0.0490276776254177,-0.1058403924107551,-0.0201192647218704,0.9929699301719666,0.0,0.0,0.0,0.6127275164786095,-0.2616771841394532,0.699134056777488,8.610565636,0.1261483579874038,-0.24033493005192663,-0.36726680850419474,0.08883180249322942,11.49857154329361,-1.166461939993706,0.9545907812885579,0.10409006764367094,-0.20975456696400527,-0.051484546080157616,-0.015097130473868958,0.008158085252592429,-0.04975333938330806,-26.923240084696282,55.50426880874264,69.60203311785749,-0.027094213953414548,-0.006240665915823686,0.1447095472760086
15944,1723238053620791734,0.6741395592689514,0.1816264390945434,0.1257266700267791,0.0483849458396434,-0.1075164675712585,-0.0197914503514766,0.9928280115127563,0.0,0.0,0.0,0.5057916359755968,0.12725516009672394,1.557645955736331,8.618861489,0.1257266700267791,-0.13569140936285728,-0.40409883717558054,0.11399805914401573,10.509645969877322,5.146542884873469,0.14631686914734576,0.10283678700570222,-0.21318667715662296,-0.05087657971133634,-0.0099642774214459,0.0060007537238160324,-0.040009268166847356,-12.096199318132198,41.029168902018384,39.27803679084651,-0.024509576783533823,-0.002092370824424217,0.1447095472760086
15946,1723238053632331200,0.674083411693573,0.1816463470458984,0.1254386901855468,0.0480440407991409,-0.1086234301328659,-0.0194773934781551,0.9927303194999696,0.0,0.0,0.0,0.3789540114534383,0.506752350096527,0.9802578184354132,8.630400955,0.1254386901855468,-0.0481926235605902,-0.1908369623623688,0.06934189567226666,-4.90529836575577,15.014648484365283,-10.450920154384587,0.10215646659877228,-0.21545916547839555,-0.05029257158675432,-0.005940442744289953,0.013685954222781405,-0.015886017798939278,5.628372254207932,-31.549891713670963,-84.74256605871709,-0.010167419841657598,0.0007304462216179232,0.1447095472760086
15948,1723238053642255528,0.6740152835845947,0.1818842589855194,0.125358447432518,0.0470836423337459,-0.1089338958263397,-0.0200501177459955,0.9927309155464172,0.0,0.0,0.0,0.5766678451570314,-0.35634352495841254,-0.15698502989388863,8.640325283,0.125358447432518,-0.20346153893719704,-0.07141360288847853,-0.09054745750400947,-5.265362805303013,2.5416327831574312,-3.4433496104004013,0.10034889875860421,-0.21607343632180534,-0.05128115318566415,-0.0019213700571256709,0.017355973466322894,-0.015633815503550252,3.8701176860829953,-56.740296650839966,-37.16764484011716,-0.009630036531044078,-0.004223885850377123,0.1447095472760086
15950,1723238053652163573,0.6740451455116272,0.181990772485733,0.1251288801431656,0.0463171191513538,-0.1096079126000404,-0.0201621875166893,0.9926905035972596,0.0,0.0,0.0,0.45622995021473745,-0.6195259549376828,0.2406159081755721,8.650233328,0.1251288801431656,-0.15295501785346813,-0.14012149782744998,0.0006399104554248718,8.465684879992285,-2.949809915540823,6.418455413487939,0.0988624250698323,-0.21745551105224123,-0.05141605720355427,0.005490662190617002,0.006642444719229701,-0.0189934683811277,-26.8739775192749,23.226418124332447,40.640548449398814,-0.002599222251686664,0.008345546201783207,0.1447095472760086
15952,1723238053661810784,0.6741213798522949,0.1820162683725357,0.1249848753213882,0.0460952632129192,-0.1102401465177536,-0.0200381446629762,0.9926332831382751,0.0,0.0,0.0,0.058717394190976935,0.0722236224311415,0.6374880051176108,8.659880539,0.1249848753213882,-0.03964683665822898,-0.13114924398988853,0.03640075733893918,4.919783096679076,1.9504824810467065,0.6503425726998262,0.09843010078302317,-0.21874914865511969,-0.05118574498770718,0.007150569374658744,0.005003264978872934,-0.011226939812195802,-17.76144550829657,42.785739150337264,47.171124387541326,0.004332496542083243,0.011076535566732089,0.1447095472760086
15954,1723238053671982264,0.6741860508918762,0.182092472910881,0.1249103620648384,0.0457622446119785,-0.1107428073883056,-0.0200452022254467,0.9925926327705384,0.0,0.0,0.0,0.12947064998715319,0.1972849196720251,1.1819831232075781,8.670052019,0.1249103620648384,-0.06280250136216423,-0.10036643789050881,0.010236892790510209,-0.48894239245539683,4.343083502856159,-1.1290830131565461,0.09779050551984451,-0.21977532989939585,-0.05118203396688439,0.006532289917533518,0.008334609760088263,-0.006539764323803432,9.567061812628548,-2.3493921668771054,43.94797100366759,0.004225868180167749,0.00804317043856242,0.1447095472760086
15956,1723238053683642871,0.6742645502090454,0.1822009235620498,0.1248446106910705,0.0454897694289684,-0.1109278425574302,-0.0199878755956888,0.9925855994224548,0.0,0.0,0.0,0.2759318281560279,-0.025876803846794805,1.5663322602320595,8.681712626,0.1248446106910705,-0.04460786958548072,-0.0321221465194297,0.016363350013611132,50.89968215767786,29.45903038511323,-10.762866457951562,0.09723603430567972,-0.22016666755463093,-0.05102480699208776,0.010585293331736523,0.008894146385550528,0.016883261780584746,-16.411367281578336,-14.76114214163,-125.27010450380469,0.004866589051861987,0.008088104322291333,0.1447095472760086
15958,1723238053691208769,0.6743635535240173,0.1822662204504013,0.1250829100608825,0.0477513708174228,-0.1097993925213813,-0.0201429203152656,0.9926018118858336,0.0,0.0,0.0,0.009540772386701424,-0.11607133705762784,-0.1582188088479768,8.689278524,0.1250829100608825,0.5827044914994368,0.3066478896991764,-0.12048235329510337,39.28174206132968,22.869601275565444,-10.920708595654146,0.10179529971860685,-0.21776755920411192,-0.05171791219810743,0.012321234981740758,0.008335770867047287,0.026562201202151137,-34.33600654322378,-6.333773713118005,-219.85626702343853,0.01912855822456763,0.006087931985191361,0.1447095472760086
15960,1723238053701355412,0.6744781732559204,0.1823467910289764,0.1252852827310562,0.0498020015656948,-0.1085946336388588,-0.0205423291772604,0.9926252961158752,0.0,0.0,0.0,-0.3269689765143649,-0.10430602537386058,-2.279056431106814,8.699425167,0.1252852827310562,0.38755994065866023,0.24060327636471246,-0.13377189238171308,-24.3695601613553,-19.465284569113752,5.201724150009793,0.10596895105213107,-0.21519861117891337,-0.05284098097950192,0.009425682564263127,0.006582843391889526,0.005395711723452656,-14.131849499623765,8.139824502156442,-69.1678807460229,0.014869675275996273,0.006917640798478616,0.1447095472760086
15962,1723238053711712007,0.6745560169219971,0.1824006140232086,0.1251873672008514,0.0502134747803211,-0.1091038286685943,-0.0205789972096681,0.9925479292869568,0.0,0.0,0.0,-0.2721332732410822,0.05378280097056026,-1.517052881630423,8.709781762,0.1251873672008514,0.08087017882185142,-0.09795014921390391,-0.011067684450368473,-24.05193440518707,-21.167855944148776,9.085496955935884,0.10685506268551985,-0.2161951126714283,-0.05306795573329728,0.005599664148547845,0.006226200810177218,-0.02024771431872452,17.809338596502208,39.064776028535945,73.8881117738801,0.005033669279818513,0.00955357886271758,0.1447095472760086
15964,1723238053723048745,0.6745957136154175,0.182483971118927,0.1248238831758499,0.0494642071425914,-0.1102025955915451,-0.0203860495239496,0.9924681782722472,0.0,0.0,0.0,0.08506794114383442,0.7920021215722504,-0.6755375690513583,8.7211185,0.1248238831758499,-0.12278957387186192,-0.19494330345542601,0.05765141668799008,-5.434934919200635,-0.046537014491896844,2.3221017290198698,0.10537121396066496,-0.21846194236173336,-0.05264211192624624,0.0037219558646590656,0.007930689451363548,-0.025545360346978185,12.044303542334378,48.020758037211685,41.806440148017046,-0.003912909166142493,0.010709182164133895,0.1447095472760086
15966,1723238053736823100,0.6746506690979004,0.1826028823852539,0.1245810836553573,0.0495185367763042,-0.1105769574642181,-0.020210113376379,0.992427408695221,0.0,0.0,0.0,-0.07478087743250827,1.1673252513190988,-0.6423091065226512,8.734892855,0.1245810836553573,0.012045202435559298,-0.053174910962438295,0.02705174127119418,48.037083029719554,2.5323526498064144,5.472360582756518,0.10547185302076409,-0.21922952749603197,-0.05234146053779057,0.009089425802272899,0.029578751256423175,-0.038335557975273105,-44.95909256057013,-106.5122412089623,113.8023055312131,-0.00038542915572387993,0.008044652615776911,0.1447095472760086
15968,1723238053740998404,0.6746950745582581,0.1827528923749923,0.1243948116898536,0.0500433482229709,-0.1107027307152748,-0.0200317129492759,0.9923906922340392,0.0,0.0,0.0,-0.3047127550541904,0.5533140490065909,-0.02617199994909092,8.739068159,0.1243948116898536,0.2610225639164252,-0.05242262084242649,0.059638045076432,30.892842319501874,-2.698698933608999,4.803617648944228,0.10651166528942536,-0.21947352900532277,-0.05211149832934499,0.00818937085314353,0.033941002721114,-0.040655118356232034,4.630334118754789,-19.03050060887894,-62.72525306373606,-0.001173373042352994,0.02128822163545707,0.1447095472760086
15970,1723238053753375112,0.6747066974639893,0.1831000745296478,0.1240368336439132,0.0474894121289253,-0.1118298396468162,-0.0203172266483306,0.9923840165138244,0.0,0.0,0.0,1.9428534980492416,5.014826257407588,-8.517673657794823,8.751444867,0.1240368336439132,-0.410965105820206,-0.19144334817364828,0.008993852140849313,-35.002791807169885,-6.240831037673844,-3.0167519968810406,0.10145559330664124,-0.22184172283463277,-0.052250084353425,0.001147439848595333,0.022758582109807524,-0.021557565651135757,-156.96585359753163,743.8130670889582,2139.5678998908184,-0.006878225183170501,0.008223624752603359,0.1447095472760086
15972,1723238053784124827,0.6747578978538513,0.1833955496549606,0.1239366829395294,0.0472862720489501,-0.1118549853563308,-0.020366733893752,0.9923898577690125,0.0,0.0,0.0,-28.7489902638863,57.172680779406846,273.14537451678916,8.782194582,0.1239366829395294,-0.013456766184213305,-0.002001923374091453,-0.001632551288386292,-14343.589651541455,-12790.931690847625,9027.450295880843,0.10105446956322525,-0.2218978871589695,-0.05230766044945073,0.2527854630636739,0.629106602791353,-1.0520820024991622,-22959.178314411576,-57315.06580030924,96106.78731706622,0.00041514621788682905,0.0026381483528518375,0.1447095472760086
15974,1723238053784492768,0.6748520135879517,0.1836297512054443,0.1235449612140655,0.0462217070162296,-0.1127339228987693,-0.0199049636721611,0.9923499822616576,0.0,0.0,0.0,-37.29330040190342,35.82431151215769,308.8897998240452,8.782562523,0.1235449612140655,-5.35425836703239,-4.764651383970503,3.3596828653145194,-9262.933291913916,-8046.288972604894,2598.0265214888027,0.09884535675412418,-0.2237656239640018,-0.05122585542875998,0.242044929917256,0.6503076728030805,-0.9502305059813239,-21703.92671008406,-58977.44675326687,86948.39063164522,-0.01893841699308731,0.5077613541002068,0.1447095472760086
15976,1723238053784868972,0.6749377846717834,0.1838797032833099,0.1232314854860305,0.0448880828917026,-0.1138268262147903,-0.0197607111185789,0.9922893047332764,0.0,0.0,0.0,-44.87449014024164,13.268927872490728,337.67714716471784,8.782938727,0.1232314854860305,-6.818645736473697,-5.907758251139846,1.8224249135615758,-3835.596079826286,-2993.7935636595034,-4031.1104043122737,0.09617354508067612,-0.22604432650931586,-0.05074784156424812,0.2248984364319967,0.6554008309434842,-0.8216871781388934,-19884.012824870417,-59184.568625038126,75250.51778181459,0.0023058194171709703,0.4308813843506865,0.1447095472760086
15978,1723238053811911464,0.675008237361908,0.1840989887714386,0.1235071346163749,0.0468494445085525,-0.1125885695219039,-0.0199318118393421,0.9923365712165833,0.0,0.0,0.0,-62.03075828414717,-89.22495907778011,-96.20820778801499,8.809981219,0.1235071346163749,0.14053229772518225,0.09356878675381401,-0.0331098134669143,17633.561636302722,8609.02252033708,-3541.628658772061,0.10012092974746505,-0.22343847097406128,-0.05140755697629773,0.3782366418197398,0.49062105241085874,0.5188181439723394,-5586.615194225567,-7282.123307105299,-10636.667452183436,0.00438946690547093,0.00047564935209772253,0.1447095472760086
15980,1723238053812272435,0.6751465797424316,0.1842784136533737,0.1236968636512756,0.0480682365596294,-0.1120203509926796,-0.0200083758682012,0.992340922355652,0.0,0.0,0.0,-64.07122574888166,-91.87042015938135,-100.02167909786994,8.81034219,0.1236968636512756,6.589461298839621,3.2415882003205208,-1.3282692283918982,16245.203048471303,7926.282735810367,-3261.719761796376,0.10258077020403418,-0.22222578862970277,-0.05177525182871648,0.35551913004782243,0.45801287298708493,0.4833873596616489,-4762.327189000651,-6096.5588193876165,-9043.729467126037,0.4640784205888527,0.2698442420997134,0.1447095472760086
15982,1723238053816249262,0.6753454208374023,0.1843890100717544,0.1237694323062896,0.0484694130718708,-0.1121359169483184,-0.0199777837842702,0.9923089742660522,0.0,0.0,0.0,-43.999632030681816,-62.13024791954416,-69.35862752887068,8.814319017,0.1237694323062896,0.20387046334730155,-0.05469801188150278,-0.004861330210001554,-965.0207555956875,-479.4485391186882,188.57589118178686,0.1034009313595485,-0.22244017395888688,-0.05181789538206258,0.05091366344759507,0.025372547370750453,0.003794644359985,6415.65818198753,9355.17322764377,10074.040734709164,0.05132331750053097,0.04540655188016143,0.1447095472760086
15984,1723238053821431348,0.6756154298782349,0.1845040321350097,0.1236914992332458,0.0472502931952476,-0.1125733330845832,-0.0201406925916671,0.9923149943351746,0.0,0.0,0.0,-1.5120364754795272,-0.9775706836116509,-1.1935178747794382,8.819501103,0.1236914992332458,-0.4706848581821245,-0.17970689761393888,-0.001399890044144072,-79.38656161456987,-14.158110333091514,0.8798749335415013,0.10098497943468589,-0.22336585035897488,-0.05192271155511138,0.04300871635654602,0.018486231205138814,-0.009635464468557675,5603.699126721001,8046.974505029245,9006.537245338406,0.046286764642972295,0.05478109263703154,0.1447095472760086
15986,1723238053832429998,0.6758761405944824,0.1846207529306411,0.1237116605043411,0.0463666804134845,-0.1131201684474945,-0.0201932471245527,0.9922934770584106,0.0,0.0,0.0,-0.4619819561126375,-0.10041467210510069,1.0483369611770266,8.830499753,0.1237116605043411,-0.15832999702452846,-0.10280079684488529,0.013224412699182446,15.872463835904306,18.53046368830907,3.1439583744779074,0.099236349984714,-0.22450542172483887,-0.051890185961536536,0.026691183577646882,0.015934972308288664,0.009875162035726248,91.1125250247598,29.50279244955631,35.341431977791935,0.022949386245190162,0.022976930456128333,0.1447095472760086
15988,1723238053841249784,0.6761326789855957,0.1847989410161972,0.123855635523796,0.0458845570683479,-0.1124991774559021,-0.0199821405112743,0.9923906922340392,0.0,0.0,0.0,0.31078388893803055,-0.1955915990317697,0.16839511756407544,8.839319539,0.123855635523796,-0.10693565680555937,0.14223814145379846,0.053785293328720965,6.588859617892594,11.540637029257011,3.1890142840990405,0.09815753727901042,-0.2233037319482967,-0.05127924771403597,0.02984201632604666,0.015979706513322256,0.013989602722110916,45.339399773593364,24.69284454980819,-65.83759999158072,0.030932388754641774,0.02524502312728699,0.1447095472760086
15990,1723238053851669894,0.6764529347419739,0.1849134564399719,0.1239726692438125,0.0457007996737957,-0.1121894642710685,-0.0196239631623029,0.9924414157867432,0.0,0.0,0.0,0.2627502950569889,0.4985490079507984,-0.09991610712361698,8.849739649,0.1239726692438125,-0.02890192732446403,0.06253787777276708,0.06965894522800245,6.612427081281616,-4.334727093628267,-0.5899427526683838,0.09767810960269278,-0.22272617892311436,-0.05047320652954721,0.03250843323168695,0.011471289138190954,0.012074371706377818,-22.311173077285943,53.35356038210375,-32.06579692425336,0.031877207626452526,0.02773120685294052,0.1447095472760086
15992,1723238053862551406,0.6768268346786499,0.1850437521934509,0.1241136342287063,0.0458612032234668,-0.1119164079427719,-0.0193787738680839,0.992469608783722,0.0,0.0,0.0,-0.18117693164567505,0.9284166737120976,-0.5206162456142158,8.860621161,0.1241136342287063,0.03309317522443251,0.05302727533427311,0.03922520836455525,-24.124765137050456,0.789527589090135,0.25088129655171887,0.09792936812152925,-0.22219357383690386,-0.04997991084566687,0.03544549330720059,0.02747796258694457,0.011940351127881499,-15.455154087929575,-52.31592025068709,2.7455588592075806,0.0357457399198598,0.030911288542273898,0.1447095472760086
15994,1723238053870906017,0.6771299242973328,0.185372769832611,0.1242068856954574,0.0443468987941741,-0.1116073876619339,-0.0192811116576194,0.9925751686096193,0.0,0.0,0.0,-0.14774673697925156,-0.09764452946284014,-0.2320696488482294,8.868975772,0.1242068856954574,-0.35975359128105455,0.07029427393941226,0.06087078528654678,-25.15680282277617,-4.345432245302414,1.5080369783955012,0.09479680596679177,-0.22165796707515928,-0.04940307142662849,0.03103831227701548,0.03175413679162009,0.0043303121811688605,33.606451070710406,-77.69795241987269,35.61953528515042,0.035904041433973626,0.033972866293851905,0.1447095472760086
15996,1723238053884308153,0.6774332523345947,0.185634359717369,0.1241180524230003,0.0427786000072956,-0.1124318242073059,-0.0191036537289619,0.9925544261932372,0.0,0.0,0.0,0.9391355442918319,-0.16901034976765605,0.26857308281493286,8.882377908,0.1241180524230003,-0.22683442431159542,-0.12580070597055124,0.057802029665830264,46.44627447543343,22.882056174228065,-10.35548027993143,0.0916177208167708,-0.22340876558578662,-0.04877315420072891,0.03722289091140141,0.01734220495658434,0.01581392268588111,5.854550314174666,29.34859558969033,-110.97589036430085,0.01964761014384409,0.02408673459190044,0.1447095472760086
15998,1723238053893691511,0.6778783798217773,0.185782790184021,0.1244138777256012,0.044955089688301,-0.1108887121081352,-0.0192925743758678,0.9926281571388244,0.0,0.0,0.0,0.4997494253928556,0.334171312286075,-1.7472390869516738,8.891761266,0.1244138777256012,0.44896732867849637,0.33536173154231846,-0.10589479252370797,8.218035322188172,2.1691623298937586,-6.603362476706833,0.09598716912536906,-0.22018270119927938,-0.04948512687058703,0.04917328518146036,0.021710631973849814,0.014469268555323822,-62.06868780097539,24.03732863262183,-117.3362885774853,0.05235812413241004,0.03968915537819934,0.1447095472760086
16000,1723238053902165770,0.678308367729187,0.186011865735054,0.124405950307846,0.0451191402971744,-0.1109004914760589,-0.0196111798286438,0.9926130771636964,0.0,0.0,0.0,-0.14289180457683637,0.31142913295213115,-1.9954466080619668,8.900235525,0.124405950307846,0.030307471414476088,-0.005787576099942671,-0.0788763933654175,-34.28689350529958,-28.556603395576744,7.625590212513459,0.09639394439382046,-0.22016728912604913,-0.050171733956807976,0.04748603344742364,0.0235370101154313,-0.012612599037012728,-45.45150681968417,0.06928713298057332,88.3583294957892,0.04792609221168368,0.05044285115730913,0.1447095472760086
16002,1723238053912002025,0.6787382960319519,0.1862034797668457,0.1241485700011253,0.0444229319691658,-0.111645221710205,-0.0194899924099445,0.9925634264945984,0.0,0.0,0.0,-0.24307708268849249,0.3435416790758632,0.21687269308375856,8.91007178,0.1241485700011253,-0.1343561167266373,-0.15309095739177023,0.04679218707773857,-16.342925754176186,6.004930837700231,0.673701569410404,0.09500180565965168,-0.2217102404532644,-0.049849641258102345,0.04672228685558366,0.02769530786568275,-0.018535930381429644,91.13799528425041,71.25699282732782,122.27176428245767,0.035884809276600864,0.04899076191568501,0.1447095472760086
16004,1723238053920740095,0.6791699528694153,0.1865092515945434,0.1240458339452743,0.043259784579277,-0.1113438755273819,-0.0197905357927083,0.9926427006721495,0.0,0.0,0.0,1.3398145948761306,1.4939799159215132,0.48852603147885737,8.91880985,0.1240458339452743,-0.274075766763318,0.062241440241535904,-0.04126543949418647,-12.655753179125416,20.504615379477087,-8.39087489147267,0.09267625367907595,-0.2211349755032582,-0.05016538207011556,0.04331410513784473,0.030082328482007425,-0.010282883468506643,2410.686824235999,1064.5417681093502,2245.0814018703995,0.043845222107948334,0.05179285202600267,0.1447095472760086
16006,1723238053967411415,0.679674506187439,0.186689093708992,0.1239334568381309,0.0425071418285369,-0.1116028502583503,-0.0201787762343883,0.992638349533081,0.0,0.0,0.0,669.6254003523139,283.72528230911314,657.1700515256955,8.96548117,0.1239334568381309,-0.033640362009374244,-0.01239494619868706,-0.01244725026353209,-5289.318898750566,386.52292661620305,-625.6037838956659,0.09124838354024407,-0.22165768591849355,-0.05081278639485577,0.53705997593147,0.40412868686368597,-0.10114547270023877,1293773.6496798103,-479682.1451588328,-1170261.671642079,0.009812389257558968,0.0111880998132581,0.1447095472760086
16008,1723238053968301193,0.6801612973213196,0.1870554685592651,0.1238417848944664,0.0404059626162052,-0.1113989427685737,-0.0206681471318006,0.9927388429641724,0.0,0.0,0.0,1842.5006491863974,-151.324965248142,-404.1933515803353,8.966370948,0.1238417848944664,-4.829772245492982,0.3381085262938447,-0.5797185838400827,17148.142854309244,25826.761931228495,-8735.958849451421,0.0870605976199165,-0.22131207174928544,-0.05131195710966238,1.1440575982367136,0.6612581973909641,0.49477085399601606,-333588.40957959555,-855936.0875809866,-1752451.5653844816,0.4898273625145795,0.5691968739114328,0.1447095472760086
16010,1723238053968704465,0.6807317733764648,0.1873677372932434,0.1241505742073059,0.0418373718857765,-0.1082956194877624,-0.0215206909924745,0.9930047988891602,0.0,0.0,0.0,1406.0759540264025,-563.5769247478005,-1213.1903311854403,8.96677422,0.1241505742073059,6.205027624095806,15.401780902373444,-5.582866320517306,-13847.684200451098,-49816.36848665874,15059.903421738312,0.08993831803634915,-0.21492627628874122,-0.053046701901892965,2.0991611735466904,0.5197564647476156,0.13548460964074138,-2312472.720237433,-562955.7323519925,-875160.08579303,1.5033219866394048,1.2401410348269828,0.1447095472760086
16012,1723238053968946677,0.6813398003578186,0.1874565929174423,0.1240917071700096,0.0414078347384929,-0.1094216704368591,-0.0213614683598279,0.9929028153419496,0.0,0.0,0.0,666.9927258897562,-633.1123927481578,-1260.641792302161,8.967016432,0.1240917071700096,-3.1442638416502553,-9.34553901038722,2.0605261975618685,-34846.6608708096,-92140.37346374568,28472.49029165606,0.08911205434994132,-0.21722544453302434,-0.05274498151054092,2.2997360829150963,0.35230953448968094,-0.2052463118953769,-2821224.999054613,-237075.2195529282,-121740.50151602633,2.3766395886895904,2.5133830989736667,0.1447095472760086
16014,1723238053971278905,0.6819745302200317,0.1879517138004303,0.1244617328047752,0.0413783416152,-0.1081723645329475,-0.0222484115511178,0.9930214285850524,0.0,0.0,0.0,-744.0001859275421,-62.966806881767525,121.00832290441116,8.96934866,0.1244617328047752,-0.13543541783275148,1.0428326860888921,-0.7946208554483661,1083.5244091184388,3727.4759272209,-1019.0227857103745,0.08915359203798823,-0.2146379982620114,-0.05441310275910338,0.23745260387205747,0.18298537791011427,0.13568589138659437,-497743.22468688124,205846.3364515153,495328.72867815953,0.2880295080432059,0.23862020484655125,0.1447095472760086
16016,1723238053983424598,0.6826635003089905,0.1883202940225601,0.1246567294001579,0.0412971042096614,-0.1060402020812034,-0.023350927978754,0.9932295083999634,0.0,0.0,0.0,-5.377841831065291,-5.455672967816547,-3.860926531213667,8.981494353,0.1246567294001579,-0.042151488400234485,0.3445441581284531,-0.19260007588102665,-2.920851033501794,-38.99218261648577,24.58367340144568,0.08906390287383209,-0.21026172122756376,-0.05641571155240972,0.07241714656947806,0.027647099858288726,0.013066418271490576,24076.7649001325,2203.4911084268906,-3703.5487842317184,0.05706536206477699,0.053116945795471535,0.1447095472760086
16018,1723238053991168921,0.6833018064498901,0.188521072268486,0.1247431635856628,0.0409103259444236,-0.1054944023489952,-0.0238605663180351,0.9932914972305298,0.0,0.0,0.0,-0.32299234489335316,-0.8920502143110056,-0.06368641195054159,8.989238676,0.1247431635856628,-0.11711976067140903,0.13393023219828343,-0.1255800522473409,-1.4731937002821045,-19.515369843383173,7.581716379294101,0.088343500763373,-0.20914243542097333,-0.057312173738596095,0.07131047046472361,0.021610885819964842,0.013953090392429424,392.9320813077269,369.79110583204954,292.61886353899115,0.08135859712055583,0.07913833430363011,0.1447095472760086
16020,1723238054002013101,0.6839063763618469,0.1886899024248123,0.1249368712306022,0.0409038588404655,-0.1052704006433487,-0.0241780113428831,0.9933078289031982,0.0,0.0,0.0,-0.006752836567036624,-0.2149650806414225,0.10738115146012861,9.000082856,0.1249368712306022,-0.008470042760872777,0.03892978564215141,-0.05964628041658087,6.579016265889993,-17.290413838983334,6.12619219151548,0.08838033563597476,-0.2086648314376277,-0.05793269902628158,0.06507323563728562,0.010227324262345405,0.010556836487091381,-22.211688276961347,102.21100898707908,51.0221843801401,0.05726828386490511,0.051292522995734294,0.1447095472760086
16022,1723238054010803209,0.6845448017120361,0.1887417435646057,0.1249776110053062,0.0409963876008987,-0.1060309186577797,-0.0242216307669878,0.9932221174240112,0.0,0.0,0.0,-0.5680402718515625,0.9668703584051953,0.8070113942252033,9.008872964,0.1249776110053062,0.024848716605241974,-0.17383140704460295,-0.0054680253633676715,1.6291797588760495,8.466587191248411,-2.3506740276802964,0.08863765176172936,-0.21018262407181854,-0.05811973383166469,0.06906390550590302,0.014285617678760687,0.01449732214177768,-35.83044838134705,91.98159745433207,60.12411378141961,0.07154360671331361,0.07015876304204237,0.1447095472760086
16024,1723238054021146892,0.6852157711982727,0.1889916062355041,0.1252476125955581,0.0411875694990158,-0.1044047325849533,-0.0248324554413557,0.9933713674545288,0.0,0.0,0.0,-0.5975555460926669,1.4013727894921177,1.1919451623063764,9.019216647,0.1252476125955581,0.015393394709403724,0.3114129125307586,-0.13341639417221246,-14.848276188090505,26.084802742617708,-5.474489498780423,0.08902725771590135,-0.20685173053652955,-0.059232647284131475,0.0507482217510713,0.030435608066396114,0.02721113529978547,42.50154041929753,-21.81141138069885,-0.42114864700583965,0.06733493101735882,0.05888957886286846,0.1447095472760086
16026,1723238054034723251,0.6856531500816345,0.1895167082548141,0.1256367862224578,0.0383672378957271,-0.1023217514157295,-0.0256302133202552,0.9936807155609132,0.0,0.0,0.0,0.7876564250171638,-0.031940206394208026,0.5155874774990701,9.032793006,0.1256367862224578,-0.434489570163723,0.2944202921899059,-0.08487178732127838,15.278523506258365,24.378589614114595,-9.20815926569662,0.0832954577069012,-0.20277023663343052,-0.060053809341649195,0.06354045797200314,0.04661066620397847,0.04273066036742357,1081.5716197911609,79.09011853687369,256.0017873287957,0.03499827806401945,0.027280197396494583,0.1447095472760086
16028,1723238054042253201,0.6862624287605286,0.1899008154869079,0.1260172873735427,0.0380649417638778,-0.1000914499163627,-0.026367463171482,0.993900179862976,0.0,0.0,0.0,13.022777871127644,1.3348342574579237,3.720493591052089,9.040322956,0.1260172873735427,-0.11724005468825598,0.5850316155596706,-0.20759900965730746,34.59761912841583,26.90757923076403,-11.582414301951891,0.08265505431364538,-0.19825056843627903,-0.061270917364241465,0.06882585575554945,0.041260957701120926,0.04399215263692591,-2196.7923455597447,-699.6562748899389,-2234.4990376064748,0.08607040256662295,0.07130990825223706,0.1447095472760086
16030,1723238054069805469,0.68694007396698,0.1900547444820404,0.1265700906515121,0.0392362661659717,-0.0980624631047248,-0.0268861819058656,0.9940430521965028,0.0,0.0,0.0,-432.78155497385023,-106.77671893334332,-326.0234736854127,9.067875224,0.1265700906515121,0.07645995325024871,0.14823102843367633,-0.05126694361149178,-12319.787127335367,4316.797002911506,-3346.2719704681813,0.08497347562562449,-0.19406257717518624,-0.0623574187884259,1.6697532784828581,0.28423353945197505,0.504690123264993,-142955.6220427493,-23858.466024926776,-36594.259799365536,0.027613941121484634,0.02038805040094144,0.1447095472760086
16032,1723238054070209015,0.6876236200332642,0.1901710927486419,0.1267766207456588,0.0382783189415931,-0.0976399183273315,-0.027254395186901,0.9941118359565736,0.0,0.0,0.0,-491.2200376829974,-116.52253211175953,-340.9364962112369,9.06827877,0.1267766207456588,-4.967999275020212,1.9158655891177867,-1.421453495069599,-9613.260534894982,362.7447156992796,-2279.6149529662857,0.08306800893515952,-0.19324397420174888,-0.06287376923993358,1.4922045973133322,0.24046098836079466,0.37109884301874274,-125133.62603891874,-19485.0848869561,-23170.492353847076,1.739543300767229,1.572082708535138,0.1447095472760086
16034,1723238054070865488,0.6883878707885742,0.1902778446674347,0.1268699914216995,0.0356401056051254,-0.0982416346669197,-0.0281071290373802,0.9941269159317015,0.0,0.0,0.0,-552.3513854538695,-124.33171634990536,-341.42653331236437,9.068935243,0.1268699914216995,-8.195669245376568,-2.1364018160453475,-1.7264204115561421,-4673.928911792754,-5893.49614003921,-438.90724737845926,0.07793174266085044,-0.1945507955824779,-0.06413995610749137,1.1150021659463514,0.15536737197924877,0.1367182620779253,-87348.49597994235,-10988.11821564506,351.6793320164396,1.1571362299585342,1.119747658732424,0.1447095472760086
16036,1723238054085050926,0.6891312599182129,0.1902604103088379,0.1271196603775024,0.0350675731897354,-0.0991061404347419,-0.0288429651409387,0.9940404295921326,0.0,0.0,0.0,-22.034910710326926,-2.0148295558845635,0.17439231801437316,9.083120681,0.1271196603775024,-0.0865787110130447,-0.12833477980196373,-0.09120448190868764,230.27481668793945,120.85935082260944,12.300858639906075,0.07698678935850754,-0.19626572424971464,-0.06559848830657847,0.09620804331947852,0.013409461487469798,0.0763280578591754,13794.04647069821,2969.7436992857665,7401.592669996174,0.054799679507254666,0.04772309114605391,0.1447095472760086
16038,1723238054091320452,0.6898558139801025,0.1903850436210632,0.1277609318494796,0.0364935733377933,-0.0973275899887085,-0.029585251584649,0.9941429495811462,0.0,0.0,0.0,-0.9206293789757312,0.9400479145020518,0.3610094924583114,9.089390207,0.1277609318494796,0.41120903223195227,0.5720404694785819,-0.2994167577543566,35.10182302333033,68.90743655415616,-16.533478583791197,0.07987801286816476,-0.1925432172984495,-0.0672194411959141,0.09601015996634743,0.022924063447245402,0.08970107025525564,2197.189825728458,263.21033984940794,-91.85082362157513,0.1314378416359303,0.0941896430591964,0.1447095472760086
16040,1723238054102627191,0.6905425786972046,0.1907063275575637,0.1285185813903808,0.0361191630363464,-0.094592660665512,-0.0303610414266586,0.9943972826004028,0.0,0.0,0.0,0.05317052256446786,-0.3272345926343041,-3.157416027225257,9.100696946,0.1285185813903808,-0.09515001803401717,0.4783476398666339,-0.14630007590207858,-18.717112178153616,-19.35949804071339,5.401170185160554,0.07903647684984638,-0.18702045850770604,-0.06846141387729632,0.06747182311276845,0.021776134399614122,0.057649758009784335,91.15365648253221,-95.74982010810129,-118.66920861043731,0.07008960312470161,0.04830907502016885,0.1447095472760086
16042,1723238054113252837,0.6913267374038696,0.1908714175224304,0.1290376931428909,0.0360525622963905,-0.0936982631683349,-0.0312460549175739,0.9944570064544678,0.0,0.0,0.0,1.071944875629887,-1.1815514699765748,-2.496025894051438,9.111322592,0.1290376931428909,-0.03374013979906376,0.16206974420680467,-0.1702007915280575,-83.07867327937005,-29.8394452105193,13.108872255192548,0.07899180316845834,-0.18516100410842282,-0.07015762801859489,0.0937714507846863,0.016045225068847202,0.02087775375938783,-49.735896383801446,-44.53434189899262,250.3435130392663,0.08028261587216286,0.06400485097418357,0.1447095472760086
16044,1723238054120695578,0.6921287775039673,0.1909934878349304,0.129047229886055,0.0319151431322097,-0.0937922969460487,-0.0316152796149253,0.9945778250694276,0.0,0.0,0.0,-0.057355768404234286,-1.3260242451666178,0.3478265083752363,9.118765333,0.129047229886055,-1.115314593206725,-0.06040290197774133,0.007431715319151369,-60.889647397476764,-17.954011396673714,16.21273810798622,0.07068673667316988,-0.1856134336591918,-0.07013570435708953,0.09443458333632293,0.0039032557919442823,0.007329506139732711,-79.92406809526824,65.48384142046223,351.8979059201963,0.10475685794326053,0.10634161725001678,0.1447095472760086
16046,1723238054133867697,0.6930620074272156,0.190753549337387,0.1292847692966461,0.0322181209921836,-0.0939337536692619,-0.0313089676201343,0.9945642948150636,0.0,0.0,0.0,0.5638527970882103,1.5156054290263619,4.279057550892746,9.131937452,0.1292847692966461,0.050860272436506884,-0.018615688612111252,0.0425627762631892,54.029440514357546,-2.724306068621121,-13.070106238751936,0.07125483555797459,-0.18589774230619607,-0.06958436290716713,0.09026496757903857,-0.006444763427593259,0.06245505810821683,-38.61899940325295,128.7897112404626,-124.17901940499509,0.07403749813835399,0.06502966145070517,0.1447095472760086
16048,1723238054141994768,0.6938929557800293,0.1907601952552795,0.1300150901079177,0.0335444845259189,-0.0942395329475402,-0.03177335485816,0.994476854801178,0.0,0.0,0.0,-0.18013466993985539,2.1263384960474268,1.1506420516099967,9.140064523,0.1300150901079177,0.316946403604362,-0.07032431051403935,-0.14257025541944748,23.305227764226355,46.556969165902764,-26.248869517282472,0.0740561335926859,-0.18638368080432038,-0.07080252544615105,0.09926205783138897,0.01741166193107091,0.09770280868721581,-107.99306374086979,-55.2454727084503,-414.6598641844554,0.1168172721216453,0.0832332346528131,0.1447095472760086
16050,1723238054150861444,0.6947442293167114,0.1910751014947891,0.13095723092556,0.0357412993907928,-0.0904716849327087,-0.0332679785788059,0.994701325893402,0.0,0.0,0.0,-1.2967922283995357,0.37512202404924877,-2.813533227924202,9.148931199,0.13095723092556,0.43231126454327445,0.8544025946227968,-0.4088688530894664,-27.597704469563066,27.680852445528522,-5.519412005921804,0.0784498491218485,-0.1785537760167895,-0.07389146693602451,0.08521314742070629,0.028438424882697433,0.07708089614218938,-10.517329661206642,-157.955686893349,-211.34463891214267,0.11051558802726738,0.07696766538289865,0.1447095472760086
16052,1723238054161430247,0.6955088376998901,0.1912865042686462,0.1314043402671814,0.0338990800082683,-0.0894205570220947,-0.0342433974146842,0.9948278069496156,0.0,0.0,0.0,0.04609419682047999,-0.7960455444544587,-2.077385343142355,9.159500002,0.1314043402671814,-0.3709398966168533,0.1818279002909214,-0.15837983281160473,-49.36241715710082,-38.59552552716873,15.387235127374968,0.07480251516443435,-0.17650959198980085,-0.07543764169424531,0.07513157807055393,0.021461969163187433,0.04120062014041981,118.80948031261995,-87.73544378633197,177.62987437427117,0.07696353212787489,0.06463582723346648,0.1447095472760086
16054,1723238054171547915,0.696295976638794,0.1915177851915359,0.1318105012178421,0.0308606922626495,-0.0891292318701744,-0.0349332392215728,0.994928777217865,0.0,0.0,0.0,1.1682431533525333,-1.4601930413478965,0.7656569472084915,9.16961767,0.1318105012178421,-0.6123461292506829,0.03388477620451206,-0.08322027898868935,-1.5105366413939372,-2.4803207817498487,12.567970644870789,0.06875222035106672,-0.1761072280248197,-0.07626570724493573,0.08528366673768772,0.012091094434884653,0.03294372122328504,44.782539733690726,5.127550135450406,231.10491300441356,0.08169088708482004,0.07062951928976256,0.1447095472760086
16056,1723238054181608975,0.6972289085388184,0.191531702876091,0.1320699155330658,0.0288193523883819,-0.088420033454895,-0.0346203222870826,0.9950641989707948,0.0,0.0,0.0,0.9572146100531986,-0.7005679756710006,2.591650705094928,9.17967873,0.1320699155330658,-0.40394382816924146,0.1304073662207892,0.09464559090718862,54.2621971857245,-5.0819072070389115,-1.9440578185896396,0.06450415866641039,-0.17486149765570058,-0.07521204753876808,0.09868662845637743,-0.007942580395202015,0.056472025648567126,-90.63206387751912,163.03136008608988,17.918553488411554,0.0954381489431662,0.08655449199273142,0.1447095472760086
16058,1723238054191467769,0.6982594132423401,0.1913633048534393,0.1329231262207031,0.0310908742249012,-0.0887827649712562,-0.0349902026355266,0.9949505925178528,0.0,0.0,0.0,-0.6092389764897082,1.7523151422173597,1.188097143194533,9.189537524,0.1329231262207031,0.45511391562046577,-0.06146900446040545,-0.11408740948240122,41.0226261494701,18.21615143723183,-20.083785804767075,0.06919677276036912,-0.175391025284886,-0.07639284479532826,0.10450139557270433,-0.002380974851218909,0.08446766724296406,-140.13849107081728,109.41848999542395,-260.16899354675246,0.11900744573409532,0.08604989020451721,0.1447095472760086
16060,1723238054200835407,0.699238121509552,0.1914718449115753,0.1336959153413772,0.0332841724157333,-0.0867383331060409,-0.0361101813614368,0.9950199127197266,0.0,0.0,0.0,-1.7551085716104393,1.5366662680642558,-2.2976336372515993,9.198905162,0.1336959153413772,0.4289444608395884,0.44454876785043534,-0.29253654353694786,-29.473109937909676,39.60462240145705,-8.83980252734011,0.07364124687666483,-0.17104170155125742,-0.07886607853315022,0.088121632766331,0.024610089144641023,0.08089683441538487,3.3339189959362265,-124.44475716045523,-260.3984513989925,0.1157750061380072,0.08896067340553784,0.1447095472760086
16062,1723238054210938782,0.6999502182006836,0.191862404346466,0.1344958245754242,0.032725915312767,-0.0832066982984542,-0.0374243631958961,0.9952914714813232,0.0,0.0,0.0,-0.3521635265033374,-0.8258541100537661,-3.7112985559172373,9.209008537,0.1344958245754242,-0.1595572682661482,0.6876318640703599,-0.27059399643767035,-57.57721009401743,-36.21583411950786,15.6568630272059,0.07240445270615718,-0.16391334855221842,-0.08111734339794492,0.07031762063786573,0.025483166330577234,0.03679967135657769,130.02380040279058,-131.56236169510072,113.35055009597951,0.07913682551449415,0.05866968429960524,0.1447095472760086
16064,1723238054221625086,0.7006998062133789,0.1919858306646347,0.1344101428985595,0.0285473056137561,-0.0850853696465492,-0.0375703200697898,0.995255708694458,0.0,0.0,0.0,0.9374467003576736,-1.0757981717035527,0.3626837260335216,9.219694841,0.1344101428985595,-0.7672626076993885,-0.3806666277164329,0.04913981946533695,-4.765313267720796,-23.421849701078116,9.953225393946372,0.06416394081658518,-0.16800760145797022,-0.08086756181860671,0.08249157363469806,0.006346589470327402,0.004523754668029234,45.12524897351719,40.27125021141023,360.7383912141007,0.06667048716162317,0.0711138704945588,0.1447095472760086
16066,1723238054231031840,0.7015780210494995,0.1920024454593658,0.1345565468072891,0.0267802067101001,-0.0848611667752265,-0.0378238186240196,0.9953144788742064,0.0,0.0,0.0,0.7363142281467718,-0.16984157798864535,3.5863490117414147,9.229101595,0.1345565468072891,-0.38065955457143286,0.032851395487143845,-0.022565487148245845,39.46669407325522,24.510089074759147,-3.143243074593881,0.06061581460204072,-0.16768598134648433,-0.08106291294390688,0.08963921381322848,0.002146978232577368,0.035947993274189294,-57.80117275388346,66.21290591782243,76.01583291785099,0.09420483670097246,0.08921255005126837,0.1447095472760086
16068,1723238054241325915,0.7024588584899902,0.1920288354158401,0.1351562291383743,0.0268320608884096,-0.0845235437154769,-0.0378344021737575,0.995341420173645,0.0,0.0,0.0,-0.2689641139127792,0.17272185049127128,1.364674244982206,9.23939567,0.1351562291383743,0.007231615300826103,0.06605844298995606,-0.004460227630408368,55.88326184295788,5.926359415817593,-14.23846288002108,0.06069103754785366,-0.1670044420324787,-0.08106758998461178,0.09695385300670978,0.0035145957011604168,0.07563448166600839,-32.24332900063767,43.06101307433615,-229.34482640818544,0.09357881327031975,0.0743610212944102,0.1447095472760086
16070,1723238054250794243,0.7034760117530823,0.1920703947544098,0.1360237151384353,0.0302437748759984,-0.0839255601167678,-0.0388503521680831,0.9952550530433656,0.0,0.0,0.0,-0.004587291783167746,0.665638503915448,-0.9246167154135687,9.248863998,0.1360237151384353,0.6948727606409039,0.14568948508521304,-0.27859196420417803,24.83414780694258,3.9785517258802563,-12.144169500021917,0.06769715022678627,-0.16545862818660556,-0.0836470219825841,0.08587664567344788,0.005497177594439684,0.06686547541203236,25.769774492474422,26.885835915824003,-152.91036964458485,0.12031779355502739,0.09038563987787968,0.1447095472760086
16072,1723238054265352633,0.7042438387870789,0.1921752244234085,0.1364430487155914,0.0302246995270252,-0.0831479132175445,-0.03940886631608,0.9952989220619202,0.0,0.0,0.0,0.322396852454812,0.4935447632373502,-1.161324461725319,9.263422388,0.1364430487155914,-0.013380198054366358,0.10440798435911851,-0.07914031284724349,-50.3027009277818,44.9682634146001,-13.75345967670155,0.06767628065169395,-0.1638641626910466,-0.08470808139255881,0.11189566261128903,0.02540081786554893,0.05343866428710342,-100.68473048282365,-99.66781731334142,-46.56192874163759,0.055945840496819825,0.04754078926153701,0.1447095472760086
16074,1723238054270873449,0.7049854397773743,0.1923535615205764,0.1367896497249603,0.0295134279876947,-0.0818541198968887,-0.0400226041674613,0.9954029321670532,0.0,0.0,0.0,-0.49128091076681635,-0.24061893879280796,-1.481826024958373,9.268943204,0.1367896497249603,-0.29455407323261334,0.4527515039302006,-0.21254737405497254,-39.998496184019686,32.763810988107686,-12.275200522094305,0.06621470469537344,-0.1612916783058427,-0.08572507543928534,0.11060881034009995,0.026296590171027923,0.046526728227277214,-101.47703298870564,-84.17304457153737,8.917919828717512,0.13945009448339413,0.1241367096055702,0.1447095472760086
16076,1723238054284398837,0.7056955099105835,0.1925102174282074,0.1368803530931472,0.0262889023870229,-0.0824637040495872,-0.0402026548981666,0.9954357743263244,0.0,0.0,0.0,-0.3426506170637449,0.23819431780501077,0.8579306203123913,9.282468592,0.1368803530931472,-0.47333389198256853,-0.10919633698852206,0.015381891680845214,5.174104015481234,18.606439525490792,14.814529087579412,0.05979393071603024,-0.16277877942305816,-0.0856089164975206,0.09540873963854324,0.009692660572369505,0.018868255655350552,-17.8592509454335,64.84438187165256,205.80984460395828,0.051724894599895224,0.05137699817462936,0.1447095472760086
16078,1723238054291088909,0.7064757943153381,0.1925688087940216,0.1370468288660049,0.0250298008322715,-0.0817085802555084,-0.0399292111396789,0.9955415725708008,0.0,0.0,0.0,-0.5575924219476946,0.7694391921804616,2.3434179918132116,9.289158664,0.1370468288660049,-0.37785687417291797,0.21433881870938984,0.10775007265786818,18.628794584993297,30.811343855035034,5.844692387947617,0.05713467547357393,-0.16138943097430486,-0.0847948480642966,0.09570135406204727,0.01613671952028728,0.034213772912223384,3.3161296433205134,28.665847303296104,126.02871907441445,0.11797042666794025,0.11126629746239687,0.1447095472760086
16080,1723238054302781326,0.7071670293807983,0.1929082721471786,0.1376375257968902,0.0246605817228555,-0.0804368630051612,-0.0398535951972007,0.9956573247909546,0.0,0.0,0.0,0.20549689207756572,0.06768991190548346,1.8549208872778475,9.300851081,0.1376375257968902,-0.07099822442563986,0.21597850385419032,0.013382733247885062,50.17784887827362,4.247802150997959,-11.969171621496077,0.056256183004136054,-0.1588770281934032,-0.08449163866732251,0.07689346204876557,0.021173237817066592,0.06262846327030225,1.497961131517357,-32.00722949984567,-132.42271493219684,0.06373887652955183,0.05216303645521153,0.1447095472760086
16082,1723238054312550529,0.7080633044242859,0.1930509656667709,0.1383481919765472,0.0277590863406658,-0.0791244655847549,-0.0402351915836334,0.9956655502319336,0.0,0.0,0.0,-0.30034525843319226,-0.016366481507728903,-0.17860737862382914,9.310620284,0.1383481919765472,0.6145532655370393,0.2910034509909143,-0.13536619091091956,23.289244198934504,30.637842113667155,-11.186943806178515,0.0624426675799744,-0.15596071440652867,-0.08565751852669445,0.0937078844018231,0.018871092510012843,0.07605410049690065,-73.12740502729233,21.001093626018662,-209.94798289491132,0.10036418703153778,0.07978075349939533,0.1447095472760086
16084,1723238054321178821,0.7088868021965027,0.1932462900876999,0.1390296220779419,0.0299224872142076,-0.0760423317551612,-0.0408548787236213,0.9958178400993348,0.0,0.0,0.0,-1.0939960108091582,0.39044806697751455,-2.003748070981458,9.319248576,0.1390296220779419,0.45820276704776575,0.730310756636263,-0.2011079092525869,-24.01441582028479,17.499165511615637,0.10144531383269362,0.06660025073123625,-0.14956061001868595,-0.08699845871144127,0.07571123880409303,0.020400980418092907,0.06267903985003631,-22.280509545110533,30.949983259805503,-93.00434523222998,0.10384194610156862,0.08360422466465056,0.1447095472760086
16086,1723238054335263421,0.7094995379447937,0.1934822052717209,0.1395377367734909,0.0298853665590286,-0.0745708495378494,-0.0409746766090393,0.99592524766922,0.0,0.0,0.0,0.19473080495104256,0.45393127847938475,-0.588619065235934,9.333333176,0.1395377367734909,-0.015535585018925576,0.20851065062408733,-0.022168384607460533,-131.87192407923442,-98.51033451620737,33.66733324942139,0.06639879334400388,-0.14660954599768977,-0.08711612823870775,0.08310498585184689,0.030800599560748765,0.024027994600803737,-108.86254034429153,-58.77047105502396,124.17652287509802,0.04670247733579573,0.03871957676195534,0.1447095472760086
16088,1723238054340785659,0.7100442051887512,0.1936827152967453,0.1396443396806717,0.0271590240299701,-0.0757680535316467,-0.0406349934637546,0.9959269762039183,0.0,0.0,0.0,-0.8402445770844653,-0.007618353943804501,0.1484335882656478,9.338855414,0.1396443396806717,-0.9564598661552298,-0.46856228720142223,0.20913781893163658,-87.57495034757454,-56.32178560005322,21.027977451999686,0.060969772410813125,-0.1492653417335994,-0.08611733954003309,0.08346535976740554,0.03269147097681557,0.025444644942620442,-117.38823581835831,-58.562178152965394,106.11002377012102,0.09695592444926635,0.09700687560749242,0.1447095472760086
16090,1723238054351964911,0.7106340527534485,0.1939662992954254,0.1400677561759948,0.0269207563251256,-0.0735120624303817,-0.0407547987997531,0.9960976243019104,0.0,0.0,0.0,-0.5676543042150426,-0.09610871724881576,0.7154730667722018,9.350034666,0.1400677561759948,-0.06130669053212501,0.40195824683457015,-0.02783737552077404,25.96635698396686,18.63722440474107,-5.87685885966282,0.06029008824177861,-0.14476114936150167,-0.08615610994576561,0.05357929716494425,0.02468468312125971,0.024657528687162866,54.82557763921167,8.757595627472877,18.960585705721684,0.05532091128296417,0.04834640310417187,0.1447095472760086
16092,1723238054363020734,0.7112353444099426,0.1942317485809326,0.1401958465576172,0.0248671229928731,-0.0736587718129158,-0.0404979139566421,0.9961506128311156,0.0,0.0,0.0,0.37133289026360305,0.18301425432993446,0.5778210291418842,9.361090489,0.1401958465576172,-0.36581311562881735,-0.039621012445191,0.07470421117558924,31.38312944264966,2.5244574229138426,-10.622331322052458,0.056129034082712796,-0.14524648951459765,-0.08534859570522696,0.07032658528054725,0.030402252428535448,0.041160312023070134,-71.20951813101075,-29.93577292179258,-137.4684998796736,0.053270022536717296,0.05374401694224952,0.1447095472760086
16094,1723238054370810633,0.7118706703186035,0.1945036649703979,0.1406788080930709,0.0257184486836195,-0.0728523209691047,-0.0408742018043994,0.9961729645729064,0.0,0.0,0.0,-1.0403991364419767,-0.3530645450167632,-1.1792351158665857,9.368880388,0.1406788080930709,0.20208639610011875,0.21312538776457837,-0.11725335292344687,29.94336517881889,6.9582020713352755,-8.794984764389806,0.0578221195288609,-0.1435369540629128,-0.08617456492912583,0.06694307454217352,0.02999390605759622,0.04064006859430602,-102.14994948906232,-48.83887078981937,-145.208688218497,0.08631453543419364,0.07400198314473022,0.1447095472760086
16096,1723238054381885931,0.7123819589614868,0.1947585046291351,0.1407925933599472,0.0248918868601322,-0.0734380409121513,-0.0407552309334278,0.9961557984352112,0.0,0.0,0.0,-0.9265840642925589,-0.5793849521681094,-1.5222949763121663,9.379955686,0.1407925933599472,-0.14272282631919572,-0.11113999344927444,0.03486943080374769,-8.754753445030438,-14.457310225851817,6.4116367678440485,0.05619562736358736,-0.14478785867423932,-0.08585582615682259,0.04587723725672532,0.02134956616598238,0.010062685082554701,40.06068611453043,45.142425516622275,85.86574515131936,0.04504334984547114,0.04577365210178506,0.1447095472760086
16098,1723238054391712007,0.7128302454948425,0.1949538141489029,0.1408896297216415,0.0246900487691164,-0.0740422829985618,-0.0406160056591033,0.9961217045783995,0.0,0.0,0.0,-0.2732932069941274,0.43587348501806344,0.34001969295871803,9.389781762,0.1408896297216415,-0.03365800694415638,-0.12399322421723534,0.034024544678063706,4.137475016678266,-3.5068379431795105,0.7296054613768705,0.05582599903132181,-0.14602300961616588,-0.08558738332215177,0.04527648046651933,0.017409812886954867,0.005902037851440944,36.93408247455076,77.95558331856449,130.76233669584278,0.044727268357226645,0.045030542312878195,0.1447095472760086
16100,1723238054401432431,0.7132670283317566,0.1950993239879608,0.1409087926149368,0.0243446882814168,-0.0749038979411125,-0.0404221974313259,0.9960737228393556,0.0,0.0,0.0,-0.19844127402300749,0.9497052506442626,1.0460016604559128,9.399502186,0.1409087926149368,-0.0603864698069147,-0.17922429138730672,0.04895925312496171,-11.828483477304804,18.266175021576785,-6.253429628127655,0.055183011450772354,-0.1477888799176279,-0.0852047456962144,0.04057989960620745,0.029693493970491147,0.016548427483782824,35.12543593614932,-16.419694222693355,11.05818905983039,0.04331373476927929,0.04513628655556831,0.1447095472760086
16102,1723238054411730437,0.7136374115943909,0.1955657452344894,0.1412382423877716,0.0229971520602703,-0.0734470561146736,-0.0410117767751216,0.9961901307106018,0.0,0.0,0.0,0.46248440826725856,0.024768683782290468,0.48815013861910084,9.409800192,0.1412382423877716,-0.28124471334110696,0.2701528362747873,-0.10042520357609341,8.176243162821113,31.916084249108284,-6.540824385325365,0.0524169376829674,-0.14495525763232164,-0.08609737333558086,0.04164267340583194,0.0360479316572917,0.026782757124188095,27.818604904498667,-72.82779101160996,-63.41507194818315,0.036224709590768546,0.034263536857925485,0.1447095472760086
16104,1723238054422090976,0.7141280174255371,0.1958428621292114,0.141461431980133,0.0237103793770074,-0.0709904432296752,-0.0413514114916324,0.9963374137878418,0.0,0.0,0.0,0.37168924996080577,-0.5526797167919624,-0.2652211077945945,9.420160731,0.141461431980133,0.11223888896496197,0.47864519553169627,-0.08516544530602456,9.761649209791074,4.255926091226989,-2.3947357302055208,0.05366846022383399,-0.13995641294613564,-0.08672189543938874,0.05017922501955496,0.030130879135201738,0.02656946539100069,-56.54698361740376,-45.62298026326714,-82.35956917277827,0.04742520625767407,0.04573838577912259,0.1447095472760086
16106,1723238054432115306,0.7146584391593933,0.1961777210235595,0.1417765319347381,0.0235211234539747,-0.0691249370574951,-0.0420628003776073,0.9964433312416076,0.0,0.0,0.0,-0.658609339024768,-0.9119392113206427,-1.1843592300933063,9.430185061,0.1417765319347381,-0.06358873373080866,0.367405985649336,-0.14668312472702277,-12.883363787961347,-21.19631260145491,2.2609320146369996,0.05320773174787593,-0.13620014236994246,-0.0880057041384865,0.04951868312227248,0.02476943337791937,0.021538086977660242,-58.9454646854152,-5.288745421818049,-28.476007824876127,0.053579741630580734,0.0505196711843071,0.1447095472760086
16108,1723238054441085308,0.7150753736495972,0.1963305920362472,0.1418903023004531,0.0229239556938409,-0.0686619654297828,-0.0423602499067783,0.9964765906333924,0.0,0.0,0.0,-0.8355111703313993,-0.7141676419756896,-0.9323920140933504,9.439155063,0.1418903023004531,-0.14177503942957545,0.09621160596582151,-0.058997321415349524,-7.327335707228585,-21.189782945191837,6.907592432781361,0.05200199083820329,-0.13531047383426079,-0.08849327446063583,0.038853486821306404,0.013562552017688745,0.005436712842707969,22.387251631155667,30.36986600317198,48.92789937686097,0.04609446370387547,0.04550078036140487,0.1447095472760086
16110,1723238054451709109,0.7153921723365784,0.196430891752243,0.1418568789958953,0.021858487278223,-0.0686937943100929,-0.0425506420433521,0.9964902997016908,0.0,0.0,0.0,-0.06783972741949462,-0.2868156136861526,-0.1503984556696547,9.449778864,0.1418568789958953,-0.20214102641267073,-0.015112009688081775,-0.021697279197087437,20.725289254237435,26.39691646999928,-0.6162680000553427,0.0498869640507286,-0.13545909436368542,-0.08873387292053316,0.03442476857725296,0.012709608625254276,0.006385249357520273,36.02094820731309,-8.332667680574069,-8.180492496835228,0.028176463054023587,0.030639142455826794,0.1447095472760086
16112,1723238054461220185,0.7157588005065918,0.1965796053409576,0.1419987678527832,0.0230319295078516,-0.0661253854632377,-0.0427186228334903,0.9966303706169128,0.0,0.0,0.0,-0.03380998870622842,-0.7795394880079942,-0.9246217423944725,9.45928994,0.1419987678527832,0.21983535353047112,0.549943122840324,-0.06270181245441142,7.870356236028284,-0.49810816734133745,1.6089549059815131,0.05202182292451857,-0.13020493962971724,-0.08906597371335663,0.036751475862814686,0.0082231059522897,0.002913926041434145,-6.193973498141521,-19.76520879831005,-38.73503362520533,0.038627646278445754,0.0373577975396695,0.1447095472760086
16114,1723238054471488005,0.7161162495613098,0.1965818703174591,0.1418956220149994,0.0224675107747316,-0.0667149871587753,-0.0426685027778148,0.9966061115264891,0.0,0.0,0.0,-0.2057276723406447,-0.6273282417140034,-0.8493892963339141,9.46955776,0.1418956220149994,-0.10390850970454421,-0.11924165547044317,0.019442671513266847,-13.702199158654738,-39.99027874460297,4.072705645362302,0.050936966855846234,-0.13143794318394325,-0.08892843084560265,0.033317861773490165,-0.003193247010164768,-0.012783459823380916,-9.16543569856096,40.1176827594811,45.5406316206169,0.033039913318040785,0.03574908967216345,0.1447095472760086
16116,1723238054481836371,0.7164454460144043,0.196513220667839,0.141734778881073,0.0220924597233533,-0.06809863448143,-0.0426141656935215,0.9965232610702516,0.0,0.0,0.0,-0.2215407867309549,0.05162469619757523,0.020432443013056467,9.479906126,0.141734778881073,-0.05976856035219468,-0.2704312531813815,0.02062667721143518,-0.24468948790803147,-1.5458183242653245,-2.279883098646102,0.05030889842551044,-0.13424368912960355,-0.08885622965154219,0.0325309661554698,-0.004631649823354067,-0.014487365671014274,12.332936585200148,34.61356026723358,41.18165134622901,0.02990397908311407,0.032996192807511815,0.1447095472760086
16118,1723238054491244479,0.7167576551437378,0.1964867711067199,0.1416075080633163,0.0215927455574274,-0.0688882768154144,-0.0427642464637756,0.996473491191864,0.0,0.0,0.0,0.01304598714559635,0.11215428224635997,0.041174412210534195,9.489314234,0.1416075080633163,-0.10064671822537105,-0.17323286895430554,-0.021301814701046723,-8.94472095798324,6.7731635665759695,-2.548269547154648,0.04940023482222464,-0.13586146564530346,-0.0891401918115638,0.029202182047715297,-0.0025155088397532666,-0.01271203348351424,28.300133185571646,3.7564984063339786,6.438621005891008,0.031164482261979386,0.034399752111003615,0.1447095472760086
16120,1723238054503913675,0.7170596718788147,0.196459949016571,0.1414603739976883,0.0197157692164182,-0.0697410479187965,-0.0430447682738304,0.9964410066604614,0.0,0.0,0.0,0.4290052901403705,0.11407010848835747,0.1949802052843348,9.50198343,0.1414603739976883,-0.292443543797185,-0.14812720821236872,-0.0210283886551999,-17.60069661969271,4.497821444601977,3.7257232043939017,0.04574412249991938,-0.13772332864211112,-0.08949889828557331,0.03562645321254365,-0.003018587498569758,-0.014707310880140767,-37.817512373367954,13.008518826879591,64.16308062076612,0.02211146574931675,0.02497646916590747,0.1447095472760086
16122,1723238054510928520,0.7173553705215454,0.196435272693634,0.1413451880216598,0.0182078536599874,-0.0700513422489166,-0.0430880449712276,0.9964460134506226,0.0,0.0,0.0,-0.11068768990218936,0.25526150968849215,0.8471350454174871,9.508998275,0.1413451880216598,-0.42547175950953864,-0.10680262356608877,0.01949412786261836,-7.651098570940192,10.269203117151752,3.628575186382173,0.04274511633220929,-0.13847783335649538,-0.08939441728556544,0.03833261873568006,-0.0016211152200469314,-0.011970534084247753,-33.231479069523076,1.4606751744443012,80.89368097129284,0.039627488998031306,0.04360806427038595,0.1447095472760086
16124,1723238054521047465,0.7176874876022339,0.1964465528726577,0.141289010643959,0.0165094789117574,-0.0696722790598869,-0.0430767610669136,0.9965027570724488,0.0,0.0,0.0,0.1909808553455714,-0.002430828953866093,1.4894521133730294,9.51911722,0.141289010643959,-0.3377653630638632,0.06101758208513614,0.024856400915383457,11.290208840860277,8.970842012838101,-1.9980560191620285,0.03928882516042325,-0.13787125891787896,-0.08911514513884981,0.029965868874960222,0.001779931063475182,0.0032721524888108533,20.321168416527463,-0.9698442918115351,15.964551553481826,0.03151959706823074,0.03325279432027308,0.1447095472760086
16126,1723238054534683167,0.7180436253547668,0.1964830458164215,0.1414957642555236,0.0156239913776516,-0.0693317949771881,-0.0434680879116058,0.9965237975120544,0.0,0.0,0.0,0.2936786227031636,0.4344596336660995,0.8341197965787517,9.532752922,0.1414957642555236,-0.13562480617252967,0.0434381339961697,-0.048839319877398625,16.696638339568924,-7.250925454938056,-1.6282719729702793,0.0375284625726949,-0.1372538166293051,-0.08976399950015558,0.05127216118852118,-0.00447373546149521,0.02327135939403746,-147.43633377844014,64.85106744804142,-76.94999281844028,0.027605194557435132,0.0238785056787014,0.1447095472760086
16128,1723238054540997827,0.7184409499168396,0.196433886885643,0.1416664272546768,0.0155540341511368,-0.0693882703781127,-0.0436257421970367,0.9965140223503112,0.0,0.0,0.0,-1.0905047760076634,0.9399210429340987,0.2637237508260115,9.539067582,0.1416664272546768,-0.02471610217800867,-0.01978282491018954,-0.04807813042624098,-0.13703574933153995,0.06301533209193799,-0.37537175016847524,0.03741495334532047,-0.137367263516674,-0.09007498158282855,0.049416114129122946,0.0008813783512771067,0.026688745265620817,221.1008534880295,136.1296632345348,348.8726873596295,0.06647014365623798,0.0576412609199071,0.1447095472760086
16130,1723238054551840019,0.718725323677063,0.196604773402214,0.1419495046138763,0.013695272617042,-0.0683887973427772,-0.0440768301486969,0.9965905547142028,0.0,0.0,0.0,9.50334241749377,3.4599187821206567,12.222403873245902,9.549909774,0.1419495046138763,-0.3557168671536161,0.16845177693472818,-0.0613798903015812,-18.932721638265885,13.124103833388448,-0.9494548231257955,0.03364060437110399,-0.13551839434873988,-0.09068081332537906,0.02276362773428975,0.012782544669063922,0.02438293532289082,2185.6407045744722,14005.162733791016,2544.9459967423118,0.0279943969339155,0.02364588141830757,0.1447095472760086
16132,1723238054583311217,0.7191252112388611,0.1967349499464035,0.1425592005252838,0.0155909350141882,-0.0654000863432884,-0.0449524223804473,0.9967241287231444,0.0,0.0,0.0,188.68899106949266,1702.3613718666352,224.0391154288509,9.581380972,0.1425592005252838,0.10776560210232033,0.1944139167420213,-0.06592012877676126,24744.477265018144,60713.48615032948,-19264.811908183194,0.0372794080960381,-0.12933022231819719,-0.09255356492706393,1.4145361454484373,0.3374620629299443,1.5449830017884096,-455478.7090023784,-279494.906745336,-501181.53922661993,0.014665870288184016,0.01035577555086094,0.1447095472760086
16134,1723238054583575162,0.7195016741752625,0.1968247592449188,0.1429703682661056,0.0166132226586341,-0.0632777363061904,-0.0455440133810043,0.9968178272247314,0.0,0.0,0.0,67.44677812748296,1627.8518780158574,90.63040255222631,9.581644917,0.1429703682661056,6.693690250932732,16.35383303950262,-5.19341659580662,-12941.677214142996,43219.790044776484,-5113.921104107904,0.03920019699503426,-0.12496447507891954,-0.09376813538106948,1.4646594602315872,0.7905374699585082,1.6045059970985562,-471708.8978281721,-427056.40392702445,-520542.6888635366,1.5715046579363956,1.2402582103243753,0.1447095472760086
16136,1723238054583826300,0.7198786735534668,0.1971308887004852,0.1433844864368438,0.016066089272499,-0.0603718347847461,-0.0459233410656452,0.9969895482063292,0.0,0.0,0.0,-53.97127496028543,1486.0099213534822,-43.70615247377551,9.581896055,0.1433844864368438,-5.611214288974425,22.906131690055837,-3.05771936222127,-47321.37158224525,25106.091782559924,8231.850368733283,0.03785795337708647,-0.11918654193482797,-0.09431796817109094,1.4523372719671341,1.1781577456608001,1.5950362431065384,-467476.7148032917,-553169.0365261127,-517295.2812281764,1.5659734549325763,1.392210117494246,0.1447095472760086
16138,1723238054591036548,0.7202427983283997,0.1971774101257324,0.1437210589647293,0.0160094760358333,-0.0597861297428607,-0.0461265631020069,0.997016429901123,0.0,0.0,0.0,-113.54967498591267,-95.41651676175964,-126.8687155643807,9.589106303,0.1437210589647293,-0.026640167872286666,0.16079886571829077,-0.05752032204691379,454.0098072474042,-1856.326974034481,244.16197208525475,0.037710040904461256,-0.1180123167968673,-0.0946912446925204,0.04763517164372644,0.0009829138085120093,0.03810608322269271,-94.72431548133677,-123770.73454098972,-1525.2502539046445,0.054815290742469464,0.04487229782068116,0.1447095472760086
16140,1723238054601089117,0.7206814885139465,0.1971106380224228,0.1439839601516723,0.0161686372011899,-0.0613215640187263,-0.0462019369006156,0.9969170689582824,0.0,0.0,0.0,-0.020426851483280828,-0.3285573782135315,-1.9261263993688567,9.599158872,0.1439839601516723,0.04508201073932302,-0.30453086047488975,-0.012865612011162104,-8.744687584719228,-26.38721993273163,2.821600538119348,0.038192702847611414,-0.12106651370312033,-0.09493839295576131,0.04520429401966908,-0.007290281063511372,0.011015988269067911,5788.630724312013,4875.8982194178725,6463.205367839433,0.04690863505141311,0.03928976663620326,0.1447095472760086
16142,1723238054611618469,0.7211747169494629,0.1970267295837402,0.1439330130815506,0.0149148600175976,-0.063171811401844,-0.0463098175823688,0.996816098690033,0.0,0.0,0.0,0.21767130271969126,0.46483711320514143,0.3328581405558847,9.609688224,0.1439330130815506,-0.22212377792013654,-0.3628724864971967,-0.0010282795207457783,-8.703731593160557,7.743167394726299,-0.5861908442952708,0.035872702246245766,-0.12488431310533069,-0.09509183831284473,0.047430863853882954,-0.0052967702688277996,-0.0007868929354319931,-4.978012772438111,38.768878962948904,129.9623236209763,0.046416458155567136,0.046163739486275425,0.1447095472760086
16144,1723238054620802198,0.7216150164604187,0.1969994902610778,0.1439582407474517,0.0141100008040666,-0.0639829784631729,-0.046463418751955,0.9967689514160156,0.0,0.0,0.0,-0.04904986017957036,0.5278565930588619,0.8489103296601908,9.618871953,0.1439582407474517,-0.1685005495505686,-0.18535533604336282,-0.020112231680085742,30.553018446643765,38.33431231252922,-6.6121284791026484,0.03435612540021311,-0.1265790378244147,-0.09533813920994445,0.04947962594724942,0.0011790085887888324,0.01391509848584338,-23.21643979954191,8.591840763894666,-8.24591529657335,0.04797075965225549,0.046720518680069885,0.1447095472760086
16146,1723238054631066075,0.7221404910087585,0.1970591396093368,0.1442291736602783,0.0164498835802078,-0.0618950128555297,-0.0470076911151409,0.9968393445014954,0.0,0.0,0.0,-0.2205060262675662,0.6358843956056542,0.025103511436838644,9.62913583,0.1442291736602783,0.42858874233557914,0.4261084809125434,-0.13998939289793838,-9.557611876126389,7.45540164999057,-3.3843729399859126,0.038914595096992,-0.12215580169713698,-0.09662373803353419,0.045854494611944574,0.004563278615101751,0.014002385962412767,2.519428480722894,5.3595879527165415,-44.32392143711527,0.05323798647985422,0.047812637711455344,0.1447095472760086
16148,1723238054641305858,0.7225554585456848,0.1970931142568588,0.1442459374666214,0.0146276345476508,-0.0619534254074096,-0.0475834384560585,0.9968368411064148,0.0,0.0,0.0,0.0016823542561037463,0.6379963832347197,-0.0616220721151054,9.639375613,0.1442459374666214,-0.3612065608121535,-0.02998375531674962,-0.08990352115221087,-17.8174764845554,0.5859894394571548,-3.1139062392870116,0.035330386876744176,-0.12242845947456091,-0.09756210651134825,0.044952058932977934,0.014202230204711341,0.014429013407011304,19.700597315732253,-25.31656561921175,15.749559734319952,0.03990959224561087,0.04013468562593165,0.1447095472760086
16150,1723238054650853780,0.7230240702629089,0.1973256170749664,0.1444975882768631,0.0147541919723153,-0.0601433701813221,-0.0484664402902126,0.9969032406806946,0.0,0.0,0.0,0.17199478778045263,0.16905105283593025,0.3043708919898933,9.648923535,0.1444975882768631,-0.0032777404350466896,0.3773699081677305,-0.19090368172679353,12.886944393770627,-7.30724632137205,2.7226047360987833,0.03550437442617239,-0.11876306366878318,-0.09926849610658459,0.045767707133165914,0.01759330425151262,0.012921117174462537,8.238817289058717,-28.557194017031797,38.35179002622531,0.04922082967937302,0.04760599866970792,0.1447095472760086
16152,1723238054661150012,0.7234585285186768,0.1974317282438278,0.1444814503192901,0.0139581440016627,-0.0614032335579395,-0.0486080422997474,0.9968310594558716,0.0,0.0,0.0,0.15024596397161627,0.10327578814176952,0.6994672054245156,9.659219767,0.1444814503192901,-0.1437366902754817,-0.252708746220872,-0.015189361567716997,26.09374489064377,26.90676482334643,-4.240693928297105,0.034054201686655926,-0.12135801410118861,-0.09951707082613286,0.04849978645844999,0.017267450465581646,0.02118799695397655,-31.94914166368192,-15.393635388860282,-41.84872402690674,0.04047213822917802,0.04285331761239084,0.1447095472760086
16154,1723238054670751890,0.7239806652069092,0.1976598650217056,0.1448886543512344,0.0164301022887229,-0.0576915629208087,-0.0495985262095928,0.9969663023948668,0.0,0.0,0.0,-0.42369522754800215,-0.12516907647826703,-0.4206916342776292,9.668821645,0.1448886543512344,0.46261806276215595,0.7945413726915298,-0.2466945520473069,21.619293700472017,39.31008456551634,-10.041808318668814,0.03874290752232262,-0.11364775484813534,-0.10162111493926612,0.04891177056167351,0.019467245568559832,0.026977991789014055,263.29106193974064,-0.39732479436806756,-135.9094077833068,0.0561635988226898,0.05110623493666021,0.1447095472760086
16156,1723238054683773677,0.7245210409164429,0.1978375613689422,0.1449674516916275,0.0165722351521253,-0.0571973845362663,-0.0504239127039909,0.9969509840011596,0.0,0.0,0.0,8.710076210716718,0.2827960299779829,-2.530408165886792,9.681843432,0.1449674516916275,0.010724334780947437,0.07453414046878017,-0.1290086467483199,-22.48022842529711,-34.9478271212853,6.828693744474284,0.03906898624216868,-0.1126125705989384,-0.10327256507253264,0.03515442128686708,0.011581001932731372,0.0034215635267695887,-347.380789833514,-22.764295629620086,21.257884612962023,0.04029741878544415,0.04166115346055632,0.1447095472760086
16158,1723238054704558393,0.7250412702560425,0.1980097591876983,0.1449513286352157,0.0160915311425924,-0.0569209121167659,-0.0510756000876426,0.9969415068626404,0.0,0.0,0.0,-33.30471090058472,-1.9849401544285783,3.9915811471179126,9.702628148,0.1449513286352157,-0.051027583246760266,0.023098558532455564,-0.06035829468786102,-455.15678806496146,-2014.1910219858305,-920.3917336458728,0.038147736397216296,-0.11208440767522249,-0.10451546465894958,0.540201594410405,0.046932463561205395,-0.07310529538338528,-5688.316205835887,-445.12614953414413,808.0337878328983,0.023790980737305765,0.025654492238649778,0.1447095472760086
16160,1723238054705418413,0.7255241870880127,0.1980514973402023,0.1448858827352523,0.0158774871379137,-0.0576680861413478,-0.0514784269034862,0.9968812465667723,0.0,0.0,0.0,-38.3272646684922,-2.3797149905699957,4.704094354996489,9.703488168,0.1448858827352523,-0.45856277816638585,-1.7807339252517747,-0.8847837247973263,-420.3531865239237,-1857.1428067431063,-847.4588875371489,0.03784611702030561,-0.11358585622615569,-0.1053392563132215,0.5095090214919722,0.045094215044785724,-0.06939939180525911,-5153.978726430415,-415.993432106234,742.2755026298023,0.5411122383700119,0.5685733793798952,0.1447095472760086
16162,1723238054712836340,0.7259760499000549,0.1981660723686218,0.1447996795177459,0.0152903404086828,-0.0583113431930542,-0.0517414733767509,0.99683940410614,0.0,0.0,0.0,-32.66346580251206,-2.7119769022050972,4.694434048693879,9.710906095,0.1447996795177459,-0.15279382926948124,-0.18281813050203108,-0.05939857496588253,25.79737186655821,114.01810779429539,57.915601513969186,0.03676903657443256,-0.11492461370964666,-0.10583337148318697,0.05634855358650981,0.011941017333452209,-0.00923166723752189,2285.6553825364285,106.49446128684995,-250.1332649410477,0.05722111317530001,0.06310970288693955,0.1447095472760086
16164,1723238054721011091,0.7263955473899841,0.1982321143150329,0.1447457373142242,0.0149420723319053,-0.0589590556919574,-0.0520423576235771,0.9967909455299376,0.0,0.0,0.0,-0.2662794669311488,-0.4785053657300436,0.4079906634242617,9.719080846,0.1447457373142242,-0.08084839759852863,-0.16419131349357577,-0.0666023631785831,11.23502718188092,4.783744409716343,-0.6558285335181555,0.03617697621527766,-0.11624609614486693,-0.10643039986210598,0.045420717925765075,0.00560294952253404,-0.0016360820485132876,2545.209277054801,188.51491093400514,-381.3390923714473,0.049063750399391357,0.05229131023756155,0.1447095472760086
16166,1723238054735449037,0.7269009947776794,0.198249876499176,0.1448486596345901,0.0159923583269119,-0.0592301301658153,-0.0524906776845455,0.9967350363731384,0.0,0.0,0.0,0.32595308438610004,0.08340814481144143,-1.4509774455332376,9.733518792,0.1448486596345901,0.14343117725653223,-0.03124272713236853,-0.07032364269567191,-35.343859059047205,-25.932747685294643,-8.219660657045164,0.03836848503154203,-0.11665902090245159,-0.1074688593795299,0.06887368372854041,0.006263082287890853,-0.00903502673257961,-121.22170520778657,-20.150071961869052,27.400121825185494,0.03526838311652715,0.033842447908119334,0.1447095472760086
16168,1723238054741273982,0.7273817658424377,0.1982981860637664,0.1447580456733703,0.0154471043497323,-0.0599648468196392,-0.0529318451881408,0.9966764450073242,0.0,0.0,0.0,-0.7614318513694256,-0.17278105682771877,-0.9243982453080382,9.739343737,0.1447580456733703,-0.18201076997541885,-0.2648829351929861,-0.1369136677521384,-47.280168610262805,-29.896513372430682,-5.010440579409752,0.037409186737593116,-0.11817064971893153,-0.10833019340063262,0.06772092479861413,0.006837494539060351,-0.019692447086193887,-102.43502837979162,-35.16367828251898,151.92109389344677,0.07875607460105437,0.0842251109159283,0.1447095472760086
16170,1723238054752105474,0.7278168797492981,0.1983429193496704,0.1444614380598068,0.0125444931909441,-0.0618771947920322,-0.0534666329622268,0.996571719646454,0.0,0.0,0.0,-0.17421820244140518,-0.3760570262529325,1.9602263730757548,9.750175229,0.1444614380598068,-0.5211084174804088,-0.3829894359916542,-0.06184906232715205,24.925699164560776,8.493932479088501,2.2598645371079202,0.03186302513745832,-0.12229330269419132,-0.1091492666431353,0.04812329786707892,-0.0005001659187158225,-0.011472885909931563,47.05388310024188,24.69294741913621,123.07628259177861,0.0358468607679026,0.04348158574490124,0.1447095472760086
16172,1723238054761025645,0.7283045649528503,0.1983044445514679,0.144475981593132,0.0130343222990632,-0.0626323372125625,-0.0537820793688297,0.996501326560974,0.0,0.0,0.0,0.19291469105235715,0.16347124065987584,2.005814614025804,9.7590954,0.144475981593132,0.11432266625326717,-0.16472260664730953,-0.0759996689153941,55.052745087463336,25.113839262652426,-9.162127921620339,0.032972470262933366,-0.12373992203843204,-0.10987999665646614,0.0585808917923174,-0.001640680393826699,0.014838068108230296,737.6670368957143,347.03821314222023,199.45531839733627,0.05459756497518501,0.0532658759043914,0.1447095472760086
16174,1723238054770783285,0.7289178967475891,0.1983169615268707,0.1447617411613464,0.0154601158574223,-0.0623180754482746,-0.0548273064196109,0.9964293837547302,0.0,0.0,0.0,14.825160918036651,6.608348056552012,6.026410788381602,9.76885304,0.1447617411613464,0.47877920487614173,0.08721303805676081,-0.24626214651360273,18.705908032359986,17.62196331798623,-9.503977616684361,0.037938033676277086,-0.12280428370656585,-0.11226939007489115,0.05000901365803401,0.0030639832404140144,0.024336349129787216,-112.05087259176821,-16.700305285028037,-166.95895752422888,0.06543520777668932,0.058441476017936776,0.1447095472760086
16176,1723238054792437802,0.7293834090232849,0.1984689086675644,0.1450508832931518,0.0154206966981291,-0.0614912956953048,-0.0555808395147323,0.9964396357536316,0.0,0.0,0.0,-65.05002966815573,-26.296952309537346,-25.413959516038176,9.790507557,0.1450508832931518,-0.012166121721910474,0.07487172947013944,-0.07024917828940518,-2270.0706444303178,19630.415153192815,-6603.2174709348565,0.03785338151547125,-0.12112650806850049,-0.11373900644734128,1.1257027948045106,0.44056816937779786,0.3976644616326439,-10642.792652072385,-4322.925582781565,-3836.715911187508,0.022024699414305324,0.02030660228204699,0.1447095472760086
16178,1723238054792869370,0.7298787236213684,0.1986627727746963,0.1452258080244064,0.0153472740203142,-0.0595951527357101,-0.0562052130699157,0.9965209364891052,0.0,0.0,0.0,-69.70293142433407,-28.18670047640392,-27.090275107943757,9.790939125,0.1452258080244064,-1.0111858931221023,8.715577235885979,-2.976850853884676,-2202.935381084027,19044.761805615588,-6406.4115466455505,0.037553787706438725,-0.11731938355896195,-0.11488918491572794,1.0966425290566941,0.42881929209212033,0.3863297406999996,-10232.188718982718,-4157.018085202185,-3676.955553750245,1.128607159707345,1.1329621347445458,0.1447095472760086
16180,1723238054801723741,0.7303118705749512,0.1987556964159011,0.1451960206031799,0.0145084308460354,-0.0600788332521915,-0.0563191846013069,0.9964979887008668,0.0,0.0,0.0,-60.533529754756536,-24.70569359938866,-21.99071295197963,9.799793496,0.1451960206031799,-0.18413038801733672,-0.12022578449806448,-0.012976785816924808,50.50710665966584,-522.9898795006113,169.07657402504657,0.03594165130832025,-0.11837895880543767,-0.11504418559088053,0.04956874309586823,0.004302148470610945,-0.0036331317426032683,3671.3027655639294,1490.6039079213613,1475.5961887046178,0.04666195482760381,0.049823504152854976,0.1447095472760086
16182,1723238054811116648,0.7307839393615723,0.1987344026565551,0.1451592147350311,0.0138082383200526,-0.0614436380565166,-0.0567317120730876,0.996401309967041,0.0,0.0,0.0,0.2135468742569664,0.23075808004503856,0.8338041389215661,9.809186403,0.1451592147350311,-0.13717952548465284,-0.3004933374580243,-0.0755165013846759,29.011485081397865,34.29185202135069,-11.334258295718469,0.034750454947395995,-0.12117463569596382,-0.11585864019811186,0.05613122201056342,0.00379852108461165,0.009532024738589051,3288.628661231181,1353.9542970389994,1193.1647798285303,0.049341501942849794,0.04978850475379164,0.1447095472760086
16184,1723238054820958104,0.7313969135284424,0.1988343298435211,0.1453917175531387,0.0159848798066377,-0.058652427047491,-0.0577252060174942,0.996479868888855,0.0,0.0,0.0,-0.19855139047173287,0.14188876391475438,-0.17697974296167174,9.819027859,0.1453917175531387,0.39594336582242673,0.588481917451018,-0.23527908147181187,10.13639230233903,26.373758385932653,-3.926411383774376,0.03889668064838048,-0.11530177479194052,-0.11797410265198992,0.05323059306417832,0.009001837553000769,0.011883023334617882,-23.15122348833635,-26.85362510250522,-59.323008019796504,0.06297207427542938,0.059785212963122225,0.1447095472760086
16186,1723238054833245563,0.7319120764732361,0.1989272683858871,0.1453575938940048,0.0150453653186559,-0.0590082183480262,-0.0583676360547542,0.9964361190795898,0.0,0.0,0.0,-0.19579208309893703,-0.4615117893721356,-0.24034183982151652,9.831315318,0.1453575938940048,-0.15506052034542528,-0.06862407195992891,-0.09471477868784274,0.6801720801332367,-21.17828446811096,2.6238351378867986,0.03713026797578204,-0.11610016344054389,-0.11917716727555522,0.05226650314673975,0.004810850372416908,0.0033284124665353687,561.3319882166676,-34.974050098195676,116.68610183019797,0.040133346981021466,0.04254610638209945,0.1447095472760086
16188,1723238054841519626,0.7324021458625793,0.1989517360925674,0.1454191505908966,0.0154892886057496,-0.0592891611158847,-0.0588495843112468,0.9963842630386353,0.0,0.0,0.0,7.574938863022142,-0.6721467930289806,1.4039785584918019,9.839589381,0.1454191505908966,0.10420042673493218,-0.06389648921020209,-0.12212273474371088,21.8882490705024,-1.096469772669579,-1.6282866321146607,0.038112761957951845,-0.11659046055480897,-0.12021378993551429,0.04999279345456653,0.00032127297062700677,0.0038796798835458723,-335.56301711251206,26.257312113432654,-27.682193454323567,0.058916137273875915,0.05785173119029262,0.1447095472760086
16190,1723238054865299752,0.7329596877098083,0.1987792253494262,0.1452680975198745,0.015131396241486,-0.0616822764277458,-0.0594435036182403,0.9962092638015748,0.0,0.0,0.0,-87.52679617426372,3.486710312359694,-14.72867717410378,9.863369507,0.1452680975198745,-0.020880195680678306,-0.20396016394160815,-0.04573429859704692,4667.578636786775,768.7854207168108,-3184.970104858448,0.03776816025273363,-0.12139593242168714,-0.12149361071534773,0.766619547790242,-0.024515808746144785,0.12866840492949905,-10988.533645356729,375.6686452787644,-1874.3601047212178,0.02320511011799639,0.023048039046036636,0.1447095472760086
16192,1723238054866056547,0.7335577607154846,0.1987602561712265,0.1453687250614166,0.0165655501186847,-0.0615997314453125,-0.0603113658726215,0.9961393475532532,0.0,0.0,0.0,-96.01119967250632,3.775850220384702,-16.175987722840002,9.864126302,0.1453687250614166,3.624064181713167,0.3965106702838744,-2.5328903626673682,4055.0603262906147,676.3281941455282,-2774.9018676972814,0.04074270479450255,-0.1210208472236164,-0.12341129558436374,0.6975458369175485,-0.02176795196995851,0.11704069167106823,-9615.334313030318,332.52999926255166,-1636.646415790434,0.7976394962737525,0.7589799437120452,0.1447095472760086
16194,1723238054870865840,0.734078586101532,0.1987563371658325,0.1454449146986007,0.016279462724924,-0.0614021532237529,-0.0609152764081954,0.996119499206543,0.0,0.0,0.0,-93.48816963075751,3.8613880467466766,-15.618833642205207,9.868935595,0.1454449146986007,-0.13880254340882806,0.0700037848254462,-0.2447038319743366,-572.623241495471,-51.128037097540556,352.71526423396995,0.04021628372132422,-0.12063682496399786,-0.1245820917894687,0.0909401298447694,0.0008208154777831211,0.014442234435843915,2207.1280418618126,-52.690958224346055,387.47361977871384,0.10868236575759917,0.10460870677712608,0.1447095472760086
16196,1723238054884289074,0.7346490621566772,0.198828637599945,0.1455863267183303,0.0165664497762918,-0.0613247081637382,-0.0617085210978984,0.9960707426071168,0.0,0.0,0.0,-0.8249775118125555,0.5136430843888193,-0.24111388851172633,9.882358829,0.1455863267183303,0.03475207389097125,0.011728778982934973,-0.12098707534340336,-29.215036491978402,3.6560571119118137,2.007774697113481,0.04087852791645042,-0.12041369093933306,-0.12621023163376194,0.05904805853514006,0.021350152380719578,0.018885938415051484,2499.480470569866,-174.50086322835725,320.2969652935062,0.04244822440676722,0.041198464819905474,0.1447095472760086
16198,1723238054891563475,0.7351438403129578,0.1990468800067901,0.1457566320896148,0.0153662217780947,-0.0609862767159938,-0.0622693374752998,0.9960759282112122,0.0,0.0,0.0,-0.003021313075557197,-0.46048252159055575,-1.1646633831520088,9.88963323,0.1457566320896148,-0.3439111771052326,0.06985169996407783,-0.13480031287994926,-25.634258798262444,1.8710981702583505,0.4021498963756307,0.0384926363940641,-0.11986707332098376,-0.12717687630303534,0.05916081317592514,0.0210823397419988,0.014876418703900107,82.06640382865965,-87.73868605391036,-58.17343629023206,0.06600458867273926,0.06775920667343775,0.1447095472760086
16200,1723238054903676231,0.7356818318367004,0.199122354388237,0.1457646787166595,0.0146521860733628,-0.0611190348863601,-0.0628209114074707,0.9960438013076782,0.0,0.0,0.0,0.36726480578567866,-0.5919719921509692,-0.48195742044092416,9.901745986,0.1457646787166595,-0.12154323679690375,-0.03089877409241828,-0.08351917051739989,2.6102510391917733,6.755933232232175,5.547974679985065,0.037144042987195904,-0.12020279788203173,-0.1282093514013939,0.05875065270478075,0.006959607231744158,-0.011604291901644359,-28.34293477297521,25.536420059464866,127.47610825788857,0.04302161426962769,0.044419398629253204,0.1447095472760086
16202,1723238054912719860,0.7363099455833435,0.1991902142763137,0.1455768942832946,0.0137764178216457,-0.060464933514595,-0.0629788041114807,0.996086359024048,0.0,0.0,0.0,-0.2868470791846276,-0.11530644738611845,1.151059009495786,9.910789615,0.1455768942832946,-0.20426945777978453,0.1319790252987032,-0.02447080464091633,11.587558344301378,-8.076977619949393,-3.2985648566723684,0.035318095446383944,-0.11900202164283921,-0.12838858455138147,0.0647805294338255,0.005481546107377611,-0.004455732779131694,-54.49192207167564,38.04767386423478,43.94072090003449,0.06497582588067327,0.07186109064985832,0.1447095472760086
16204,1723238054921799091,0.7368555068969727,0.1992215514183044,0.1456850916147232,0.0141713954508304,-0.0612916350364685,-0.0636164247989654,0.9959897398948668,0.0,0.0,0.0,-0.6190121353396218,0.09651479379611172,0.30462634657185095,9.919868846,0.1456850916147232,0.08993578305743513,-0.17913787817724236,-0.14399975873606352,13.146301990533642,-17.375635365584884,-6.352954814066316,0.036298918974537644,-0.12058060047966439,-0.129763225124405,0.053484129377643796,0.004873358442760711,0.009281916545830882,45.387398232947945,-6.761847999237849,-90.10885340813498,0.060141200063129494,0.058106034450062106,0.1447095472760086
16206,1723238054933406300,0.7373782992362976,0.1992992162704467,0.145753726363182,0.0139148719608783,-0.0620184652507305,-0.0643167719244957,0.9959033131599426,0.0,0.0,0.0,1.124204915692757,-0.4285108304028209,-0.6950103460496044,9.931476055,0.145753726363182,-0.04324158500907955,-0.13017025459288353,-0.11665401540709062,-16.01834506994894,-1.5264578325660416,2.195767466319033,0.03596861535053199,-0.12204159621608346,-0.13118135664373187,0.055576363705412746,0.008419835056795222,-0.005114620308763307,51.60097675024117,-35.42545108851165,29.195265282535004,0.04417234110695363,0.044425806101118646,0.1447095472760086
16208,1723238054943008178,0.7379956245422363,0.1993937939405441,0.1456170231103897,0.0127701452001929,-0.0628505796194076,-0.0648618713021278,0.9958311319351196,0.0,0.0,0.0,0.8366262625153178,-0.6907625600233498,0.5012845052692747,9.941077933,0.1456170231103897,-0.23314607785527666,-0.19046110427676477,-0.09684267553351995,19.580200369261043,-5.743507034215648,2.8261759282229653,0.03385268806249796,-0.12383681177718063,-0.13218204646138015,0.07386865216508198,-0.0015252462336832195,-0.007456710076731099,-102.83931211086062,80.14357936266494,130.35211243185557,0.060196416159652134,0.06630562566190756,0.1447095472760086
16210,1723238054951403653,0.7386860847473145,0.1992974877357483,0.1456041932106018,0.0136443208903074,-0.0638881549239158,-0.0650985464453697,0.99573814868927,0.0,0.0,0.0,-0.5618115082701887,0.7708783770466123,1.6379524337451135,9.949473408,0.1456041932106018,0.22015256610989664,-0.23474920613541084,-0.0675154186366564,28.433411898452015,-2.062976650963992,1.038425914883955,0.03578066077856558,-0.12578673897867765,-0.1328221321896878,0.07304942871076037,-0.004792143705675045,0.002222094706021416,-113.5788489019281,133.73112244595083,63.63241212005052,0.0821889512257317,0.07960351589011787,0.1447095472760086
16212,1723238054961379590,0.739305853843689,0.1993288546800613,0.1456708163022995,0.014598655514419,-0.0650264397263526,-0.0654776617884635,0.9956260323524476,0.0,0.0,0.0,-1.0667089523194857,1.6264579392355905,1.4221299554689188,9.959449345,0.1456708163022995,0.2008185996815089,-0.2172514686689391,-0.08625511080057943,14.5872550574383,40.99345255044797,-10.462460151501785,0.03790386456720839,-0.12792085273276993,-0.13376945664398024,0.06194185779992267,0.01664869346329212,0.024312457196816517,27.25283906040916,1.0118147857314455,-84.23823280038977,0.061504346602790846,0.06059477289119534,0.1447095472760086
16214,1723238054972044693,0.7399643659591675,0.1996603906154632,0.1461311727762222,0.017826572060585,-0.0616497583687305,-0.0668060183525085,0.9957000017166138,0.0,0.0,0.0,0.1117454725778475,0.6709111530906995,-0.1900818381787439,9.970114448,0.1461311727762222,0.5448128147302431,0.6673514611195859,-0.2957117175619607,-7.317500653917978,23.31290102465479,-4.380056998584858,0.04407168142220181,-0.12068019642344342,-0.13665118641768234,0.05109807709925107,0.028034160959595766,0.03044665560602322,90.36347791994218,-70.71290322438682,-88.00357384116482,0.06171663782944991,0.059389245081139935,0.1447095472760086
16216,1723238054984919003,0.740456759929657,0.1999738812446594,0.1463254988193512,0.0168360881507396,-0.0613045804202556,-0.0676033124327659,0.9956847429275512,0.0,0.0,0.0,0.9622258888476249,0.0539906536105943,-0.341435239745411,9.982988758,0.1463254988193512,-0.16438407504371458,0.040758638963350226,-0.11495378655404237,20.218754117708556,9.800892848677996,-8.70625705326011,0.04213147895110275,-0.12009217622985667,-0.13811776780439544,0.07007488323658606,0.03050755142101025,0.016106668437881666,-93.26480213539618,-54.520084021955626,1.178932749326954,0.03608915411304633,0.038959951268517756,0.1447095472760086
16218,1723238054991302497,0.7410048246383667,0.2001881152391433,0.1464315205812454,0.0175909884274005,-0.0604188032448291,-0.0683187693357467,0.9956770539283752,0.0,0.0,0.0,-0.13741560604774228,-0.3149322073485181,-0.29296791367218566,9.989372252,0.1464315205812454,0.20303297353726324,0.28839118893481974,-0.24252586174932025,32.10386130885466,24.203535299963058,-10.760951892849677,0.043603254992002016,-0.11818659034102387,-0.13959610978037615,0.07459739163573786,0.030415007095216495,0.016371904118781977,-129.8554914449268,-47.37921638339137,-17.432711782986274,0.08174945858333325,0.08688452403742987,0.1447095472760086
16220,1723238055002190990,0.7416079640388489,0.2004608660936355,0.1466053873300552,0.0181902907788753,-0.0589072927832603,-0.0692866593599319,0.9956899881362916,0.0,0.0,0.0,-0.7637157029976547,-0.6374028468871431,-0.9475737082703342,10.000260745,0.1466053873300552,0.07985325108270801,0.2809709680886754,-0.18838609393155203,-15.041125056625273,-22.748275418520993,5.576097618873352,0.0446969795101882,-0.1150396881890702,-0.14152341810538582,0.05739070514248823,0.021405958776162137,0.006968990419116139,-0.5661998296142627,-8.514466094055681,-21.34778075759752,0.05279908687147409,0.05596524354239883,0.1447095472760086
16222,1723238055011305740,0.7421463131904602,0.20062817633152,0.1466002464294433,0.0178072247654199,-0.0592991076409816,-0.0699208006262779,0.9956293106079102,0.0,0.0,0.0,-0.33432598961439686,-0.5540084885305815,-0.846330552542748,10.009375495,0.1466002464294433,-0.08568951538359369,-0.09474249066232962,-0.13295365099452408,-12.655709561632445,-28.05147112404309,4.81034099811261,0.044060768412240076,-0.11584862688500411,-0.14278074077209266,0.056659845985620905,0.017045796518159406,-0.0023088947984453156,78.7834909137479,41.520779299772485,78.10609548815927,0.055410946696369985,0.060655568352987514,0.1447095472760086
16224,1723238055021006342,0.7426711320877075,0.2007800042629242,0.1465598344802856,0.0170253571122884,-0.0603540912270545,-0.0704643651843071,0.9955412745475768,0.0,0.0,0.0,0.7569288719573692,0.18297389143605125,0.6030452330582333,10.019076097,0.1465598344802856,-0.15160920338981357,-0.2309013871247667,-0.0994152680501654,-5.304184312072069,-11.645178326524274,3.778813898723782,0.042714673244877925,-0.11804457401147854,-0.14384867014555947,0.0507928951482306,0.01089061185769058,-0.008747530150061245,76.08635698196882,63.43368179554734,98.016378142866,0.05045160107988093,0.05584463083179832,0.1447095472760086
16226,1723238055033796271,0.7432649731636047,0.2008390128612518,0.1463706940412521,0.0156529154628515,-0.0624229311943054,-0.0708668157458305,0.9954076409339904,0.0,0.0,0.0,1.116130117479857,0.782836851207835,0.989996267432074,10.031866026,0.1463706940412521,-0.1943024377810638,-0.33952354344536995,-0.04566363815553469,85.71344671910227,84.42950725332548,-18.83753743155698,0.04032180304057824,-0.12235907376336061,-0.14461798986667976,0.08343698705334646,0.027016249593820874,0.02032723636261302,-109.79909254063364,-0.8631528324562794,-134.190800258318,0.04313727682779041,0.048114639042056755,0.1447095472760086
16228,1723238055041203794,0.7440418004989624,0.2011352479457855,0.1466719210147857,0.0189311150461435,-0.0600981190800666,-0.0716835558414459,0.9954352974891664,0.0,0.0,0.0,-0.2887586780433249,0.5715242569394148,-0.7095283314948044,10.039273549,0.1466719210147857,0.8226708618951668,0.6845455215366933,-0.2840502322714209,58.38272268683855,61.65177091060572,-13.616502567349903,0.046642265482131705,-0.11720161239686656,-0.14651327434093914,0.08554316618884883,0.030764540492841164,0.022155216680728174,-104.16700389097173,-25.507118552911898,-147.95992205636185,0.10199162532574144,0.1036751640735413,0.1447095472760086
16230,1723238055054374333,0.7447158694267273,0.2013243734836578,0.146530270576477,0.0171229280531406,-0.0619210638105869,-0.0720094963908195,0.9953327775001526,0.0,0.0,0.0,0.34123868266422974,0.30629304672611113,-0.7503905283984099,10.052444088,0.146530270576477,-0.2561634862707774,-0.2971135015754278,-0.02864312712579137,-70.2257472129362,-12.416810168025641,6.5352544485195505,0.043334629936368496,-0.12109383269792975,-0.147070070114882,0.06831995958842185,0.039825948170015835,-0.009583519752645486,-1.1583996869862103,-91.42305074020439,117.06555073807934,0.046868741208029856,0.05363702350763686,0.1447095472760086
16232,1723238055062394321,0.7453474998474121,0.2017681449651718,0.1464591324329376,0.0140630397945642,-0.0620705001056194,-0.0723605826497078,0.995345950126648,0.0,0.0,0.0,0.09268776915888832,-0.7750483717753396,0.775331837856116,10.060464076,0.1464591324329376,-0.7622982566747466,-0.09333575481955288,-0.039019705256512965,10.000857184201275,2.8467069998550762,1.0181194782458982,0.03726284550565067,-0.1218291705236736,-0.1474154575084351,0.07910955159055533,0.04041826583367758,-0.007497541951455133,5.539944694553633,-30.093369145842743,146.03582501482066,0.06818023303034315,0.08631349900519347,0.1447095472760086
16234,1723238055071130297,0.7460419535636902,0.2019793093204498,0.1464066952466964,0.0140660563483834,-0.0633076205849647,-0.0724076107144355,0.9952645301818848,0.0,0.0,0.0,0.48871294233153684,-0.04127404018570746,1.630455671334952,10.069200052,0.1464066952466964,0.020775521761330833,-0.2831646317661711,-0.008125103110136166,60.15779994776854,0.8370693612824383,-0.9655897290562967,0.03746454027738566,-0.12429850337578303,-0.14758002811949203,0.06799919834470813,0.0255693940003896,0.004178649863272987,42.29322363775623,66.6989802756961,-1.145987809668977,0.07375170800133359,0.08223225089734172,0.1447095472760086
16236,1723238055086028862,0.7467629909515381,0.2023957669734954,0.1467276364564895,0.0155393844470381,-0.0611395128071308,-0.073311373591423,0.995311975479126,0.0,0.0,0.0,1.0415936287026852,0.5129922877622661,-0.9028458164205486,10.084098617,0.1467276364564895,0.1680002400777994,0.30268850800522196,-0.13690142063843577,-8.471220343954325,1.356425812450432,-39.31430287326218,0.040195944749448,-0.11971308563548233,-0.14945700379622,0.1200119728125344,0.06709340256702845,0.035937416747415796,-311.7178954403205,-229.2081586483362,-227.21273391897785,0.045954645096741874,0.048869758658773174,0.1447095472760086
16238,1723238055091192117,0.7475107908248901,0.2028122246265411,0.1469389498233795,0.015882346779108,-0.0605197362601757,-0.0743015706539154,0.9952710270881652,0.0,0.0,0.0,-1.1920705915029142,-1.14717822592661,-2.1783129438844284,10.089261872,0.1469389498233795,0.09142062248570308,0.2417558077041621,-0.3947728605691986,-18.639867274293824,-24.70896635411155,-24.16653597387853,0.04090553144927605,-0.11838323523800567,-0.1514571995435734,0.12100683996063566,0.06567284230001746,0.025845896905928534,-298.9688537401371,-203.47829608197412,-137.75306612546314,0.13492030909355346,0.14891843608760244,0.1447095472760086
16240,1723238055102572742,0.7482903003692627,0.2031837254762649,0.1468548029661178,0.0145120564848184,-0.0624831840395927,-0.0745400115847587,0.9951528310775756,0.0,0.0,0.0,-1.2422329356586745,-0.5014570598372292,-1.0049085753845945,10.100642497,0.1468548029661178,-0.21624051876219363,-0.3632344624499191,-0.02319410992742956,-8.33714023233692,-12.26940406615476,12.95099238778326,0.03849635683878789,-0.12250335017991291,-0.15188816486366077,0.07270424486583948,0.030742152482542195,-0.004559244530684126,73.98452880823945,111.53632077627154,132.58271743621637,0.061392895677975214,0.07291765099844764,0.1447095472760086
16242,1723238055112876392,0.7490786910057068,0.2034827470779419,0.1468342691659927,0.0138393081724643,-0.062983363866806,-0.0749660953879356,0.995098888874054,0.0,0.0,0.0,0.25136681546707074,1.1589593543188967,0.6361588084987497,10.110946147,0.1468342691659927,-0.12773031652137412,-0.10820551376354647,-0.07351671707889738,-16.316221500704405,34.33871980249734,-3.5818593672793764,0.037279104014112475,-0.12358877244145952,-0.15269343545636324,0.0879096121743359,0.04952978536411656,0.0006349569474828343,87.35249313792019,29.945147882716867,-14.573080572712026,0.07042247267093521,0.07958177658269863,0.1447095472760086
16244,1723238055120745045,0.7498388886451721,0.2039957195520401,0.1468550562858581,0.0123386615887284,-0.0619986914098262,-0.0754220858216285,0.9951459169387816,0.0,0.0,0.0,0.5925539175339645,0.6061735744019825,-0.5231557265800515,10.1188148,0.1468550562858581,-0.4057821445905547,0.21960562919284546,-0.09387667222861233,-15.130314604049131,26.822553634142597,-1.2613648802960427,0.034169569118189684,-0.12183546894933607,-0.15337502689710097,0.08253022745707739,0.054656566508697324,0.006434148223837699,41.15435854176714,-61.79901497812184,-99.20768343109089,0.08520428429177826,0.1041244902039842,0.1447095472760086
16246,1723238055135976887,0.7506808042526245,0.2045176029205322,0.1470648795366287,0.0121764848008751,-0.0605233758687973,-0.0759839341044426,0.9951959848403932,0.0,0.0,0.0,1.15436811951664,-0.08591169206285265,-0.6152771050158297,10.134046642,0.1470648795366287,-0.040456377213435646,0.19066560876817434,-0.07398888060717626,-149.03494368850872,-141.99737312931128,-0.28098358700399473,0.03367765947650574,-0.11889472403779223,-0.15441035221020502,0.12918500123191734,0.0625519212909893,-0.038690430903287165,-58.40295502299169,-70.58026853572369,281.467601995953,0.050631849570228864,0.057676577374160265,0.1447095472760086
16248,1723238055141311224,0.7515079975128174,0.2049041241407394,0.1467604786157608,0.0089455973356962,-0.0624847523868083,-0.0764055773615837,0.9950768351554872,0.0,0.0,0.0,0.6648177310723988,-0.5093821562253408,1.423284065064502,10.139380979,0.1467604786157608,-1.1586825420761477,-0.8285172270194705,-0.07845183029985686,-135.97074534062386,-127.3551199319781,-1.1798536892719078,0.02756420497158339,-0.123299450059053,-0.1549680605471939,0.13177724996256046,0.06096480504767232,-0.03758756459942747,-75.4440641312702,-53.91683360587094,237.6046287094986,0.13393088150810506,0.17015938351077253,0.1447095472760086
16250,1723238055157415966,0.7524977326393127,0.2053270787000656,0.1471021324396133,0.0110028907656669,-0.0608734339475631,-0.0771870091557502,0.9950957894325256,0.0,0.0,0.0,0.24376636963894782,-0.13936442095040302,-1.778550749938228,10.155485721,0.1471021324396133,0.2328574018909124,0.21791945805805937,-0.11414031229364853,149.05592562159597,48.70923567813518,-38.40910221327647,0.031526046040985585,-0.11973714169249373,-0.1567146664602625,0.15118050801888216,0.04246071463953882,0.04448366944873783,-470.11034479734127,-7.060001661918356,-332.944307438951,0.05873289401611278,0.0616614342349915,0.1447095472760086
16252,1723238055162902880,0.7534949779510498,0.2055903375148773,0.1473897099494934,0.0143528645858168,-0.0598669573664665,-0.078049398958683,0.995046854019165,0.0,0.0,0.0,-3.1656388710688157,-0.2342508236033689,-3.8561324504256915,10.160972635,0.1473897099494934,1.1678330399790628,0.4547719976974329,-0.3925471410319005,14.32169700946055,-24.139396195987903,-12.886421167699124,0.038179690526102074,-0.11716829535950783,-0.15879484208836692,0.15072144488200223,0.04358341812138811,0.02187344999898677,-427.8019583759128,-7.455698978095809,-128.52766570388403,0.17682467135500113,0.17924082279846798,0.1447095472760086
16254,1723238055170600287,0.7543200850486755,0.205878347158432,0.1472283154726028,0.0126744508743286,-0.0614932067692279,-0.0784860998392105,0.9949361085891724,0.0,0.0,0.0,-4.368370155701248,-0.1854105753791706,-2.1446082227191683,10.168670042,0.1472283154726028,-0.40733897369665684,-0.45784026594735355,-0.08297822682237666,-118.97451785232742,-53.87753992049963,23.258590619595438,0.03513592526274469,-0.12066670111792321,-0.15956774487224348,0.09307374592051687,0.0370412337013768,-0.00495127940015383,30.78108035032605,8.412777423393953,153.8468161299586,0.09663569735832442,0.11345418813030336,0.1447095472760086
16256,1723238055184921219,0.7552767992019653,0.2063988149166107,0.1475841403007507,0.0142605537548661,-0.0580512359738349,-0.0798024833202362,0.9950166940689088,0.0,0.0,0.0,1.0557242748039233,-0.009838761601830726,-1.7665917662085273,10.182990974,0.1475841403007507,0.17121150299474214,0.4940040326829156,-0.20173997895692797,-23.091797611124314,-39.746837166652796,1.906099806678471,0.03789705638617585,-0.11349131906759852,-0.16221476057641274,0.11366671732764644,0.0520911319065398,4.66821773059678e-05,-58.27820439824956,-104.72702478942709,91.83005244134766,0.062486145515428006,0.06828870203763544,0.1447095472760086
16258,1723238055191691731,0.7561963796615601,0.2068019062280655,0.1475050747394561,0.0136256888508796,-0.0583804138004779,-0.0803711339831352,0.9949606657028198,0.0,0.0,0.0,-0.7377406734026444,-1.0933571641973816,-0.9354078654141311,10.189761486,0.1475050747394561,-0.18835912209216812,-0.11507638358375483,-0.15618882441493767,-36.94236986781972,-56.963596924471716,9.576607198030542,0.0367459449732277,-0.11423046921867552,-0.16330768488882663,0.1195910040527508,0.04862919572580715,-0.018685830807007697,-197.77594057875922,-77.28070550991652,182.91360549166131,0.12219332033139647,0.14395017774791147,0.1447095472760086
16260,1723238055200716761,0.7570804357528687,0.2071095705032348,0.1472521275281906,0.0120813669636845,-0.0593020021915435,-0.0806308314204216,0.9949050545692444,0.0,0.0,0.0,-1.7152307423233673,-0.795261238973453,1.4389940334374178,10.198786516,0.1472521275281906,-0.32728399412220893,-0.23220936835741054,-0.03548859947734464,17.219282490791358,-6.011132281359218,1.8783934442705643,0.033837814228442335,-0.11631354937810551,-0.16370433419284627,0.09353099010726496,0.031759610976706654,-0.0050959996837365296,-10.079717677440769,65.43695577490256,103.7530083084492,0.08722249385528723,0.1047757586142413,0.1447095472760086
16262,1723238055211583788,0.7580389380455017,0.2074242085218429,0.1474968045949936,0.0135934203863143,-0.0605321116745471,-0.0814464911818504,0.9947449564933776,0.0,0.0,0.0,-0.5394425407896835,0.3398892571503791,0.4815507121092904,10.209653543,0.1474968045949936,0.28657300473271974,-0.2063623176856696,-0.1654949880465176,-4.406476158776066,-2.924278563044883,3.7842525270752034,0.03717338312248872,-0.11849082826807965,-0.16559423746123567,0.0902309908618335,0.03716994361999504,0.00966751866228055,100.40065045823769,61.214786592233594,-43.93195164001594,0.08430870992319293,0.0882687655972275,0.1447095472760086
16264,1723238055221468076,0.7589490413665771,0.2078654766082763,0.147476851940155,0.0119787426665425,-0.061801329255104,-0.0814900994300842,0.994684100151062,0.0,0.0,0.0,0.38284692138366117,0.5561769951774092,0.44445219019547433,10.219537831,0.147476851940155,-0.3044491728954586,-0.28294079852312815,0.01348751465882158,-22.232821242178655,5.748862794238043,8.989446148406222,0.03416008016245659,-0.12129047431178486,-0.16556049456082605,0.08277929856948063,0.03910922171799136,0.006542613352776172,91.46524371691214,3.5723035859644163,-66.30661377979241,0.08260187815205157,0.09757285894940138,0.1447095472760086
16266,1723238055235475984,0.759924054145813,0.2083034515380859,0.1477384567260742,0.0129382582381367,-0.0614154413342475,-0.081718236207962,0.9946773052215576,0.0,0.0,0.0,1.6274888154575535,0.2427364992635992,-1.7261646418973597,10.233545739,0.1477384567260742,0.12977684840017417,0.06551654554266077,-0.04160500411099773,32.25593923281701,12.152081073905542,-12.670019292482657,0.036044790813291205,-0.12035284569737334,-0.16611477940465036,0.11070857655947464,0.054046348838966196,0.027867800994229697,-148.1950681652962,39.28158067121119,-134.43128417464794,0.06525944916269132,0.07086170774693971,0.1447095472760086
16268,1723238055242577898,0.7608582973480225,0.2087693065404892,0.1479694694280624,0.0142880510538816,-0.0611389093101024,-0.0822099149227142,0.9946353435516356,0.0,0.0,0.0,-0.2784996075039903,0.7437164351165539,-2.6069804041749607,10.240647653,0.1479694694280624,0.3633828336881705,0.10600642476772802,-0.1630452458047803,-18.39949524292494,-44.27974152750869,-1.201199226391544,0.03876158431003206,-0.11955722145890024,-0.16725191947316548,0.12094783408830523,0.052804774488752315,0.003911990720840919,-216.65568219662873,89.73708760011864,61.89644810947973,0.12182426424002933,0.13536672620524612,0.1447095472760086
16270,1723238055251618377,0.7618297338485718,0.2090994864702224,0.1476755142211914,0.0121942730620503,-0.0649020373821258,-0.0823332667350769,0.9944146275520324,0.0,0.0,0.0,-1.6419545430391809,1.77588895317231,0.09221613040452359,10.249688132,0.1476755142211914,-0.3932462311743261,-0.8694951419714023,0.00905791672252557,-59.37536471906009,10.080026743781662,3.9537354206259474,0.035232357134596416,-0.1274155616842623,-0.16746246846013282,0.09863296602296145,0.07009905885111323,-0.010839144159797698,-13.154389097354697,-57.66818752778481,239.13691658109906,0.09492202267333237,0.11527700045717104,0.1447095472760086
16272,1723238055260730948,0.7626475095748901,0.2100466787815094,0.1477758437395095,0.0091154919937253,-0.0632429867982864,-0.0829494073987007,0.9945032596588136,0.0,0.0,0.0,-0.49736405194134736,-0.3280124980543486,1.7254808410679963,10.258800703,0.1477758437395095,-0.7109408688533286,0.3060688541821806,-0.09345631864013518,8.623386274517816,60.850114196444295,-4.450891031734665,0.02885034633363199,-0.12460062420914719,-0.16823038202855436,0.09126097608277206,0.08502272984086723,0.005835543489803641,107.68113386688653,-173.67924994910425,64.09918089310875,0.07188781695138709,0.10341652879719827,0.1447095472760086
16274,1723238055271058533,0.7636078000068665,0.2107032984495163,0.1477755457162857,0.0086138974875211,-0.0624893568456172,-0.083287127315998,0.9945271611213684,0.0,0.0,0.0,0.4049225807121708,-1.452199215999074,1.0398863215231509,10.269128288,0.1477755457162857,-0.11288734380411718,0.1367819474040834,-0.05984522412835922,54.71163964548619,2.976053404621924,-0.8259914715158878,0.027756446979138077,-0.12317107602021712,-0.1688126827212168,0.08977187838238265,0.05862725419708603,0.022433930415385994,44.78550412617521,-22.81487167707472,-120.47945936954113,0.08036218517151188,0.10143475485950218,0.1447095472760086
16276,1723238055282433415,0.7645887136459351,0.2113081365823745,0.1483121514320373,0.011507467366755,-0.0603677555918693,-0.0837803184986114,0.994587540626526,0.0,0.0,0.0,0.38087934465471207,-0.6337993587874848,-1.008272100047134,10.28050317,0.1483121514320373,0.4694013460702027,0.413281117642551,-0.12036270225073172,7.542657531228032,-24.743580463648634,4.077887510907306,0.033244575486624676,-0.11843048916708304,-0.17004680110036002,0.1012572730686756,0.055935276538521705,0.02715512219603511,-39.755269003512176,39.27206011571965,-94.03557219972753,0.08103442577771702,0.08742777902572231,0.1447095472760086
16278,1723238055291417663,0.7656050324440002,0.211830273270607,0.148414060473442,0.012469102628529,-0.0611542798578739,-0.0838028043508529,0.994525909423828,0.0,0.0,0.0,-0.24339815095951067,-0.5128393836382805,-1.2426792728023295,10.289487418,0.148414060473442,0.2274375111020165,-0.1570928183304386,-0.01703614824487166,-20.96359140381121,-31.30334111928539,6.680522690473926,0.035312024915700325,-0.11983575321222933,-0.17024954319858143,0.1002169358128171,0.04742294464852481,0.007996563899166809,22.254420367518414,78.91631575192405,40.064003609999226,0.10226730954167698,0.11888258241185154,0.1447095472760086
16280,1723238055303931140,0.7666341662406921,0.2122373133897781,0.148455798625946,0.0129123143851757,-0.0611138269305229,-0.0838840082287788,0.9945159554481506,0.0,0.0,0.0,1.6340286282677088,1.6154588955366203,0.41167941299619915,10.302000895,0.148455798625946,0.06913404788424704,0.012107363091634212,-0.01745354055059704,-13.449597764228432,9.747146030562458,4.1877590775809574,0.03620274911709025,-0.11967655152129576,-0.17046394794598854,0.09494718626557841,0.04858080047654312,0.007954394979769575,1.4527762006592475,45.92928761616015,34.241938649660646,0.0753899378561524,0.08543354728220151,0.1447095472760086
16282,1723238055313966857,0.7676892876625061,0.2128540575504303,0.1485728025436401,0.0125671755522489,-0.0606902092695236,-0.083608828485012,0.9945694804191588,0.0,0.0,0.0,0.4527546708055308,1.077152398656267,-0.03315019536245767,10.312036612,0.1485728025436401,-0.07227279676566671,0.0795493171740019,0.05854756673295656,-11.681111841431221,-35.09985266426028,-14.356942572026973,0.03540363493691867,-0.11889975886252718,-0.16984377072626144,0.12788689371811301,0.0770505014663847,0.015426447021271272,-135.53090761633155,21.412910500467518,-111.4459684981455,0.09396089730726175,0.11158706206332014,0.1447095472760086
16284,1723238055320833032,0.7686742544174194,0.2134563624858856,0.1486964225769043,0.0120122535154223,-0.0618655160069465,-0.0841420292854309,0.9944589138031006,0.0,0.0,0.0,-0.5615549542315024,1.5767456588366286,-1.1136706857680685,10.318902787,0.1486964225769043,-0.14115954239416456,-0.35790865560564705,-0.14304935939722227,-5.972473396084936,-39.645664749102615,-15.944275768697455,0.034563250105078054,-0.12132135688525615,-0.17091905915977484,0.11770359870645919,0.07618001954448061,0.01154548220169449,-63.97338350433017,38.05858500549482,-65.17822616170795,0.1276910874524773,0.15262077651428937,0.1447095472760086
16286,1723238055335288697,0.7695921063423157,0.2142063677310943,0.1486667543649673,0.0111289341002702,-0.0632325559854507,-0.0839555785059928,0.9943990111351012,0.0,0.0,0.0,1.062594512025445,1.0707535362982412,0.7498716936207792,10.333358452,0.1486667543649673,-0.10392395071601442,-0.1985734444845048,0.03478851367370634,-174.05073411808328,20.9225768447631,20.990553622452595,0.03301091232981041,-0.12420723034359628,-0.17051036276207399,0.13763270949635853,0.15081824253389797,-0.021244712819175504,-167.2503494359593,-480.6217662593077,270.10217534617374,0.053101195246764286,0.07094331743621665,0.1447095472760086
16288,1723238055340747223,0.7704961895942688,0.2152335345745086,0.1485112309455871,0.0072367964312434,-0.0630858168005943,-0.0837476253509521,0.9944617748260498,0.0,0.0,0.0,-0.4266561470303909,-2.4712264632716465,2.5152428385738723,10.338816978,0.1485112309455871,-1.418040879863196,-0.06396099011051637,0.16727392561995372,-122.25592902655957,29.320507517355484,11.215613168347728,0.025157624261889527,-0.12458275965826031,-0.1696007935058975,0.14278149420213992,0.1482276678736607,-0.010930511321928904,-178.59560642613636,-451.7084065900181,218.6747312019806,0.1269297095613847,0.19676787092389256,0.1447095472760086
16290,1723238055352501072,0.7715961933135986,0.2159646898508072,0.1488272249698639,0.0082856258377432,-0.0608255490660667,-0.0838601738214492,0.994584858417511,0.0,0.0,0.0,-0.14080491864136935,-2.7899704035692663,2.434571970687121,10.350570827,0.1488272249698639,0.14390822182029075,0.39859916076605545,-0.03133280859544244,66.30368425736023,9.269181239585015,-7.483177972658705,0.026879356002587396,-0.11988967219817935,-0.1698488979007462,0.10309476226624525,0.06864728675535403,0.034469089642239936,45.443113211495685,130.26637674498596,-151.7502795042459,0.08435397034028481,0.0986016782952533,0.1447095472760086
16292,1723238055362492778,0.7727070450782776,0.2167053073644638,0.1492360532283783,0.0095889959484338,-0.059754230082035,-0.0839070156216621,0.994634211063385,0.0,0.0,0.0,0.4926653516063215,-0.15160218775046808,-0.31230468571050585,10.360562533,0.1492360532283783,0.2408423716656186,0.2356819290404394,-0.02614251753301327,31.29830623047223,-28.410849479726807,0.6047754940384935,0.02930904104875857,-0.11752841672670233,-0.17004526107873172,0.12917094720197042,0.074581007538562,0.04666590177516028,-11.429633806415165,173.50288707261333,-140.76664417534784,0.10115869330948643,0.11617571768843853,0.1447095472760086
16294,1723238055370700666,0.7738885879516602,0.2173205465078354,0.1496578454971313,0.0121928816661238,-0.0602977648377418,-0.0838361680507659,0.9945788979530334,0.0,0.0,0.0,-0.1056865874742452,0.6619337115097621,-0.5631969879913055,10.368770421,0.1496578454971313,0.6433528418015897,-0.07913358919831773,-0.02060334496330752,8.424955009211608,-16.22902154618884,0.6789616281479949,0.03461208700545994,-0.11817220739718229,-0.1702363752838862,0.11893994948739461,0.06831033780210571,0.033766245220884006,-9.957886261430673,56.17023835005655,-32.91333386557964,0.1343300920023274,0.14700298426351124,0.1447095472760086
16296,1723238055385330487,0.7749764323234558,0.2181465923786163,0.1496923118829727,0.0102293984964489,-0.0582226701080799,-0.0840184465050697,0.9947092533111572,0.0,0.0,0.0,1.3899213205966596,0.36381691868413135,-1.1058912799890201,10.383400242,0.1496923118829727,-0.29246937585231764,0.2604094966716917,-0.010563293774945645,41.33785728942379,-1.1697326748444503,-19.589668775653138,0.03033689203499934,-0.11435944517822243,-0.17026733463401597,0.1471415820048776,0.11517694125105393,0.051822676029090076,-288.58967193597323,-269.2167199805971,-217.60532021227382,0.06356795920022741,0.08189758566058378,0.1447095472760086
16298,1723238055391307835,0.7760336995124817,0.2189784348011016,0.1501228809356689,0.0109385419636964,-0.0576940216124057,-0.0845023319125175,0.9946914315223694,0.0,0.0,0.0,-1.289532660306966,-1.8530962273501754,-2.847432924229334,10.38937759,0.1501228809356689,0.21179444435021522,0.19388036101454026,-0.17717510629065086,47.76448616824043,-39.42221077141779,-1.7309410903944205,0.03171969260626633,-0.1131682371967566,-0.1712965321829461,0.15413631753060741,0.11041658267082077,0.03949739858360424,-340.56057798548136,-200.79888103468224,-97.06114742899757,0.15773944199535694,0.18799371705463913,0.1447095472760086
16300,1723238055400714463,0.7771469354629517,0.2195914983749389,0.1500127762556076,0.0112074380740523,-0.0605383478105068,-0.083594761788845,0.9945961833000184,0.0,0.0,0.0,-2.898630535292754,-1.224084809809452,-0.8842268887906426,10.398784218,0.1500127762556076,0.11932524607271959,-0.5957655194730515,0.19354493705877593,-30.27020534701839,-5.062283878088138,17.87641599703681,0.03265113590115999,-0.1188281002090611,-0.16964615499782149,0.1055938248923951,0.07734257028333147,0.0010855991544733712,10.885848019569387,86.04600352532435,222.37325769849627,0.10351092917638131,0.1280049346921731,0.1447095472760086
16302,1723238055411632575,0.7781382203102112,0.2205901443958282,0.1501867175102234,0.008775245398283,-0.0584377348423004,-0.0830994620919227,0.9947876930236816,0.0,0.0,0.0,-0.4740750088820933,-0.04160446322075195,1.7168855106808405,10.40970233,0.1501867175102234,-0.4701932900310696,0.348611151150412,0.1158315346586625,-2.8022178174067474,52.20675922505725,-9.551529744819218,0.02735557278544345,-0.11506156096119145,-0.16825838558663977,0.10260916111842278,0.0930225070046582,0.031973965718307795,653.8132342125248,430.1203712827683,300.5686293765334,0.07553142588016709,0.10207178100120123,0.1447095472760086
16304,1723238055421506888,0.7792569398880005,0.221522569656372,0.1506457030773162,0.008804271928966,-0.0556807219982147,-0.0830877870321273,0.9949465990066528,0.0,0.0,0.0,9.837503975214975,7.079452470083519,5.241423048067464,10.419576643,0.1506457030773162,-0.040700193274544334,0.5579007052143313,-0.00021682550849590968,35.23600405857979,14.275156902372675,-9.244703835736434,0.026937065407091735,-0.10955465342619011,-0.16811008477269848,0.09613562261868003,0.07941498502708177,0.0389946697671707,13905.218502134683,14519.949119297551,-4455.286621939067,0.10040621397453563,0.12133086913525602,0.1447095472760086
16306,1723238055461001590,0.7803429961204529,0.2222872376441955,0.151002898812294,0.0097232209518551,-0.0552013516426086,-0.082426369190216,0.9950196743011476,0.0,0.0,0.0,2590.6440237808065,2760.314476617583,-930.8995425094761,10.459071345,0.151002898812294,0.046115564117129686,0.02851995355623341,0.030827367417472364,1596.4915547810358,14515.87883427304,3173.7119597117116,0.02862176083897763,-0.10846249806780157,-0.16685426568141365,2.142244968495106,1.6950393472836254,0.9616666566899994,469873.4214376267,-2300396.5506835645,49078.95875951229,0.024739915872971897,0.029104593953944668,0.1447095472760086
16308,1723238055461495046,0.7814131379127502,0.2231339961290359,0.1514833122491836,0.0100564006716012,-0.0534348040819168,-0.0820004269480705,0.9951480031013488,0.0,0.0,0.0,2824.9999398658165,1610.5574408350858,-906.2325095913831,10.459564801,0.1514833122491836,0.843743284121491,7.281045632514206,1.6164767881578104,-72286.85421301077,13427.011411813015,21251.884616815194,0.028941658766520852,-0.10489406719992984,-0.165948397815859,3.436266634073945,3.0738991954895027,0.49642533220799123,-3661227.358276836,-6527881.684887109,1338300.8108179283,1.9471524859989267,2.300184308510518,0.1447095472760086
16310,1723238055461741436,0.7824157476425171,0.2240584343671798,0.1515469253063202,0.0069072414189577,-0.0519033819437027,-0.081046313047409,0.9953340888023376,0.0,0.0,0.0,1414.0545630300394,-514.2957557180634,-417.9923411768822,10.459811191,0.1515469253063202,-26.059054944708468,10.433034491296999,9.071940930856925,-25848.698301563283,-25096.02529630156,19498.693149265524,0.022281691372066825,-0.1023815644602924,-0.1636356715031383,4.1572478016930745,3.325094117433423,0.2776402090971146,-5951948.326638721,-7326842.369562978,1940139.2040756831,3.4121903655345713,4.569484129397778,0.1447095472760086
16312,1723238055461986341,0.7834553122520447,0.2247688621282577,0.1516196578741073,0.0053118248470127,-0.0523942969739437,-0.0797587484121322,0.9954221248626708,0.0,0.0,0.0,-98.49486591216456,-1992.9243593214496,47.07087298044671,10.460056096,0.1516196578741073,-12.102364377639923,-4.936315764814725,11.227948432674603,55512.98899553161,-61078.81505319523,8537.784103215145,0.019036124810245185,-0.10364703114138096,-0.16089691796104824,4.13546204554979,2.8257699116962733,0.2896761793643906,-6012883.782316758,-5872197.231105203,1848416.1788253027,3.735952668693433,4.595226381269123,0.1447095472760086
16314,1723238055470979107,0.7845511436462402,0.2253948450088501,0.1518119424581527,0.0051128552295267,-0.0535528138279914,-0.0785007625818252,0.9954615235328674,0.0,0.0,0.0,-286.73127518404266,-195.9799322038605,-18.444078025169176,10.469048862,0.1518119424581527,-0.008886009216963772,-0.2580599584579418,0.2828824921528859,869.8499715963749,358.72739059341677,-793.3224915321588,0.01869320767502275,-0.10601528218138108,-0.15838345445575208,0.09988361056858253,0.06845169954378871,0.02792430773685428,-7377.283783374129,133414.27938242705,-4369.106959253314,0.11100144233897527,0.12820036244715055,0.1447095472760086
16316,1723238055487440623,0.7855332493782043,0.2264867722988128,0.1524687558412552,0.0056065330281853,-0.0471537262201309,-0.0785219296813011,0.9957807660102844,0.0,0.0,0.0,0.2749033235018459,-0.8338693722156307,-2.4919073504450537,10.485510378,0.1524687558412552,-0.0016598473391605587,0.7807042427500367,-0.006702383784085334,39.80199416447849,-276.2483951187786,120.44694954304482,0.018652926028834678,-0.09316378621442468,-0.15825313678087094,0.2622575352875174,0.1761262944964841,0.04561369949315264,2098.9138096074826,1643.844224946516,67.54328887581732,0.05196338377087546,0.0652156154856629,0.1447095472760086
16318,1723238055491037593,0.7866358160972595,0.2272065877914428,0.15263731777668,0.0058022458106279,-0.0480424761772155,-0.0775538831949234,0.9958130717277528,0.0,0.0,0.0,-4.228993345321907,-2.946384350672546,-2.957516478678559,10.489107348,0.15263731777668,0.17244473096429072,-0.4796713056608415,0.5350353203066119,23.456559425983667,-263.17123508904353,110.76353830784466,0.01909478568882053,-0.09492517238835757,-0.15635315376091,0.255709767470492,0.16733050287056717,0.03384723703493675,-951.2425376374775,-420.1401840901282,-19.108038318325445,0.27484466941825075,0.32769640521901394,0.1447095472760086
16320,1723238055502996475,0.7876733541488647,0.2279040813446045,0.1525246202945709,0.0024405890144407,-0.0487469621002674,-0.0760739520192146,0.9959068894386292,0.0,0.0,0.0,-3.6413109590692745,-1.3243877718541928,1.2009426130917624,10.50106623,0.1525246202945709,-0.538911740492763,-0.15873585339033328,0.2753770218422781,-68.45774026397436,75.51610191669857,-8.295808930180161,0.012336098787736607,-0.09687499403485816,-0.15307512339858276,0.10936878283363427,0.11217335566504971,0.010951244008337468,326.07706825167475,9.812324459558653,141.4014609723925,0.07557929467393575,0.09508448919465892,0.1447095472760086
16322,1723238055511033472,0.7886744737625122,0.2290964722633361,0.1527226865291595,-0.0019497824832797,-0.0455552861094474,-0.0751634016633033,0.9961282014846802,0.0,0.0,0.0,0.4751749261421745,-1.9251092347183545,1.22294797689212,10.509103227,0.1527226865291595,-1.137578674228406,0.7111187839352968,0.2811714769210043,33.01572492796178,56.76763413628274,-13.16443568683231,0.002976080200659341,-0.0911771927708262,-0.1507614409778642,0.12653140302101917,0.11928784034955164,0.03743092947586746,296.27595250986315,4.645844833750161,-49.22618449854764,0.10269312120958984,0.14265288328335826,0.1447095472760086
16324,1723238055520870989,0.7899429202079773,0.2299198657274246,0.1532448828220367,0.0006542733171954,-0.0425489656627178,-0.0751372128725051,0.99626487493515,0.0,0.0,0.0,0.789861465012593,-0.9234341032524638,0.11296262864316553,10.518940744,0.1532448828220367,0.4817206763016229,0.6498764693299169,-0.01553371680236225,88.98410657699658,-19.92762110806114,-13.909578053755464,0.0077255066404043225,-0.08478329618014173,-0.1508805234101557,0.11121387646489111,0.06650926998111828,0.024514607723099324,47.617664007447814,103.99249689674338,-140.59106600647374,0.11897648288958568,0.1350376435959992,0.1447095472760086
16326,1723238055535771092,0.7911999821662903,0.2305229157209396,0.1529654413461685,0.0013827005168423,-0.0422816537320613,-0.0740363746881485,0.9963578581809998,0.0,0.0,0.0,1.8520905183274898,0.6750497858195388,-2.6083284398116797,10.533840847,0.1529654413461685,0.10099259705361133,0.04372078054918104,0.14396466910727695,-96.1216989802347,325.86897945556365,-30.528463302299784,0.009048230047052252,-0.08414985411054181,-0.14872233310009078,0.17594803570645468,0.15298792855276844,0.05837810950960076,-450.6342672853965,-582.6629456166002,-473.7376540469493,0.07558731027107739,0.09068981987272737,0.1447095472760086
16328,1723238055541559501,0.7924243807792664,0.2316614836454391,0.1534768044948578,0.0002173529792344,-0.0342058502137661,-0.0744598284363746,0.9966371655464172,0.0,0.0,0.0,-1.9300097317668712,-4.249108013538138,-6.005113082240675,10.539629256,0.1534768044948578,-0.6140882287304562,2.7542408483011607,-0.12546665638109755,-53.3031006075655,197.22949670759144,-15.727652471932279,0.0055400757897325695,-0.06820213684161557,-0.14933404937661635,0.18106394264783177,0.14536221770646307,0.03230412325519261,-320.043114013337,-515.8649189662544,-556.1534867389648,0.1855093131430378,0.23184998430882559,0.1447095472760086
16330,1723238055551871845,0.7937319278717041,0.2322173714637756,0.1527803987264633,0.0007451337878592,-0.03523800522089,-0.0730061680078506,0.9967085123062134,0.0,0.0,0.0,0.893869512849025,-3.4174391036047513,-11.176858373393468,10.5499416,0.1527803987264633,0.12656060296994098,-0.1913491517037166,0.2785507596188136,58.72906863057126,-237.22578206848905,31.833116148714915,0.006646962861203461,-0.07019286709166986,-0.14646675811774557,0.10946545621089321,0.047682914678089716,-0.057191566586055564,-1707.1175373812703,-1163.624486240926,1604.4348291239835,0.11254382072688482,0.1377209627453438,0.1447095472760086
16332,1723238055603382612,0.7949118614196777,0.2330725938081741,0.1524948179721832,-0.0047650262713432,-0.0336692780256271,-0.0724705308675766,0.9967907667160034,0.0,0.0,0.0,-596.7387717056522,-383.50707050629035,613.3270276794524,10.601452367,0.1524948179721832,-0.21695412543738885,0.04521717491123268,0.028455305811150966,-36506.28548368765,-14815.59505582431,10977.507186908735,-0.004630082232862239,-0.06786518113738137,-0.1449951658250016,2.1719276277208337,1.429501895412443,-1.2757457187139494,765616.8602068295,331282.8318868773,-395279.9514955237,0.01984465993925417,0.02538633273673786,0.1447095472760086
16334,1723238055603883785,0.7960108518600464,0.2337959110736847,0.1518492549657821,-0.009616058319807,-0.0351841524243354,-0.0712236389517784,0.996793270111084,0.0,0.0,0.0,-209.24243457845125,-215.82569371455025,413.23682578649505,10.60195354,0.1518492549657821,-18.69089645194821,-7.452224546837699,5.58363719344161,-22416.332190671783,-7875.836881087486,6868.285818406655,-0.01419537752731888,-0.07157352750160319,-0.14215484953663252,1.8697532393734662,1.2352976604117885,-0.9652567441702544,772129.6656540575,349893.3132965847,-464131.3305424645,1.8690932350780336,2.4596504805469728,0.1447095472760086
16336,1723238055605156726,0.7973463535308838,0.2346960306167602,0.1516643613576889,-0.009716865606606,-0.0317136421799659,-0.0708270147442817,0.996937096118927,0.0,0.0,0.0,770.2410521290803,279.0854378009708,-387.3676287393846,10.603226481,0.1516643613576889,-0.5221427667610523,5.42593541776562,0.6952649027785934,-14101.315935846244,-2090.646778821063,6840.248442639452,-0.014913553997338595,-0.06465448123581746,-0.14136863824542303,2.8762736771798245,1.5156149902195466,-1.1061944367505134,-57639.14460166986,33740.54404621391,-190278.43827803736,0.9277021913350098,1.145789915013676,0.1447095472760086
16338,1723238055605539854,0.7986590266227722,0.235369935631752,0.151129737496376,-0.011457179673016,-0.0309659056365489,-0.070020243525505,0.9969990849494934,0.0,0.0,0.0,652.781754980462,251.0700516207716,-409.6850159023797,10.603609609,0.151129737496376,-9.196694619037547,3.2172623890689054,4.547555871573518,-20619.932213786095,-5344.321587231906,9146.649481408424,-0.01854743144467231,-0.06339287869961062,-0.13964366643635726,3.169014859069822,1.6293292875072014,-1.2865071921730826,-296706.4704593529,-72940.84591499757,-44188.21770048137,3.05329495771803,3.7167893568524777,0.1447095472760086
16340,1723238055609821313,0.7999219298362732,0.2361438423395156,0.1508325040340423,-0.0130333565175533,-0.0298724621534347,-0.0695357844233512,0.997046947479248,0.0,0.0,0.0,-145.16303673420884,-52.51827526053361,73.93838470116779,10.607891068,0.1508325040340423,-0.7625718084632979,0.45579296086548093,0.25584369693348186,-676.1798758924473,1527.5966871194278,-220.4737990341927,-0.02187832219241145,-0.06141967281473962,-0.13858587599711653,0.6386779294467715,0.5160721492072611,-0.12447007570332858,19129.54561006703,10449.994905775618,-1908.6688296957593,0.2624068010999812,0.3208057428376707,0.1447095472760086
16342,1723238055611436978,0.801163375377655,0.237182080745697,0.1505978405475616,-0.0155972363427281,-0.026251446455717,-0.0693603828549385,0.997124195098877,0.0,0.0,0.0,11.036751125651428,13.968579342574177,0.8215043790276897,10.609506733,0.1505978405475616,-3.4683579180891853,4.248483143218131,0.37636324830004747,-1372.6180629556834,1936.953242306866,58.228191049417866,-0.027507512263108786,-0.05454260447414161,-0.13814670549859276,0.6759657789677629,0.557731337797184,-0.12540827723768944,81729.34128919712,34399.29616965212,-38487.23715997633,0.6636499527478168,0.8566306992087049,0.1447095472760086
16344,1723238055620754922,0.8024957180023193,0.2378178387880325,0.150495171546936,-0.0156355425715446,-0.02513830922544,-0.0691973268985748,0.997163712978363,0.0,0.0,0.0,-30.756017327443395,-28.350689252938764,5.890494645871382,10.618824677,0.150495171546936,-0.023719152556434423,0.23734276773654478,0.03942832729478181,164.56496658436973,-264.0636146551971,-3.4130029625786875,-0.027744906438343053,-0.052321764153385845,-0.13784013496797515,0.13167100807298482,0.05291257464713617,-0.04240111000568891,-926.5053009188273,-1069.160153609292,146.11654134479488,0.13149831331540549,0.15143472236274047,0.1447095472760086
16346,1723238055631124869,0.8037305474281311,0.2381897717714309,0.1496932953596115,-0.019431622698903,-0.0278627127408981,-0.0672637596726417,0.997156858444214,0.0,0.0,0.0,0.7059861858518586,0.6377467669831645,2.8138174889175227,10.629194624,0.1496932953596115,-0.6843414874586715,-0.5804773364234727,0.3819572593384288,22.680655487717445,54.98602677537735,-2.9273576953947984,-0.03507103557229461,-0.05821395250051102,-0.13368583428871514,0.13192135491873813,0.05697233379653355,-0.016144802113878143,1478.5455441290383,1333.0739952581162,-297.5848310794653,0.10854386731454597,0.12676012445040855,0.1447095472760086
16348,1723238055641489881,0.805230975151062,0.2389989495277404,0.1501598060131073,-0.0166450049728155,-0.0209077559411525,-0.0674441829323768,0.997365176677704,0.0,0.0,0.0,-0.08308780340576938,-0.6950246216390239,-0.2799058124320609,10.639559636,0.1501598060131073,0.44571088090887223,1.376154988703291,-0.020915490705784058,29.25163655843305,29.44111345390582,-7.772380985106301,-0.03041615964677195,-0.04396471475281816,-0.1343703767782836,0.14630287448621004,0.06613379776418071,0.015940499005104414,-54.97015207808906,-83.51103863528309,-237.96946067333153,0.13484513337184126,0.15209645818306416,0.1447095472760086
16350,1723238055650809268,0.8066073656082153,0.2395152747631073,0.1500647962093353,-0.0163303595036268,-0.0194444078952074,-0.0666865855455398,0.9974508881568908,0.0,0.0,0.0,-0.4180839964690506,-1.09562160670762,-1.9906232806792858,10.648879023,0.1500647962093353,0.0498720462894629,0.31544890482276505,0.1672129072607178,-32.87828044553897,-85.51385952317693,10.82102693426215,-0.030013800526423526,-0.040979184065014745,-0.13290024411173465,0.13320607883854407,0.046426535782792655,-0.014951732161030407,0.21487257264355675,6.524084352863241,-29.35622939630577,0.13851286049434816,0.1540447387688174,0.1447095472760086
16352,1723238055662307508,0.807933509349823,0.239921748638153,0.1498253941535949,-0.0175513494759798,-0.0208828393369913,-0.0657724514603614,0.99746173620224,0.0,0.0,0.0,0.09738532716230708,-0.31824051235277384,-0.1404784915557442,10.660377263,0.1498253941535949,-0.19202965018237528,-0.2662852011835438,0.15876840259943684,-34.45953866789236,9.55903073875252,5.899191222607005,-0.03230342040043201,-0.04398263608692962,-0.13097844374689424,0.14240439017325457,0.048285297055468135,-0.019054459772798182,46.90077341022619,42.76030535183151,114.14975457959284,0.1087080490635063,0.1197196919397422,0.1447095472760086
16354,1723238055670693147,0.8092932105064392,0.2404057532548904,0.1496764123439788,-0.0198778305202722,-0.0199490934610366,-0.0647943392395973,0.9975011944770812,0.0,0.0,0.0,0.503340643584222,-0.11163154831825595,0.5307916297805838,10.668762902,0.1496764123439788,-0.5630751027210419,0.18174267517194614,0.2488055618540286,-14.342281559484254,22.107661850668393,6.376300061253791,-0.037112989091345444,-0.04238712235895073,-0.12894429040305158,0.1389242487254272,0.04268177821694685,-0.018909437388105133,77.08218594738355,58.020479930197695,74.31177338163309,0.15248785349341976,0.16882388720300726,0.1447095472760086
16356,1723238055684920396,0.8107091784477234,0.2406500428915023,0.1493797898292541,-0.0203519016504287,-0.0217381473630666,-0.0631015449762344,0.9975627660751344,0.0,0.0,0.0,2.2920855604727564,1.519624432776527,1.449533817359648,10.682990151,0.1493797898292541,-0.04526136182631337,-0.2597440038897805,0.2342615314804148,-76.1411200510793,83.11164020623845,-6.06764140367147,-0.0379102712554357,-0.045954979073632204,-0.12547175830595927,0.16825282492533233,0.05452883043607315,0.0010371959313282275,-257.01845313259474,-101.02400895739126,-53.215922051524686,0.09553415452414574,0.10166599125223616,0.1447095472760086
16358,1723238055691616557,0.8120524287223816,0.241132915019989,0.1494557112455368,-0.0232646018266677,-0.0193409565836191,-0.0626184344291687,0.9975789189338684,0.0,0.0,0.0,-0.6352102787068805,0.16341101955068416,0.7219578842447147,10.689686312,0.1494557112455368,-0.9097860749422917,0.6565168604715169,0.1777306312166224,-41.544823384530396,93.45520378292149,-10.421412390843717,-0.044046529892538745,-0.0415137700710765,-0.12446178239365575,0.1843279107360729,0.06686938522535257,0.01089330854526338,-348.04064367798236,-221.20382433883555,-178.4238391762575,0.19040310079130715,0.20754644814099568,0.1447095472760086
16360,1723238055700677577,0.8135231137275696,0.241674542427063,0.1495489627122879,-0.0239548552781343,-0.0148837175220251,-0.062472004443407,0.9976482391357422,0.0,0.0,0.0,-2.696111210783192,-2.069809174863299,-1.750176203421667,10.698747332,0.1495489627122879,-0.21261244780954086,0.9714489577784392,0.05903579143673534,50.41701287070801,3.2102114498757697,-7.433716424954634,-0.04597817044528468,-0.03269627013122381,-0.12432338844286928,0.14134946646912994,0.04775736199834757,0.008239831450386426,-15.994965185349674,-88.46964721567299,-159.20786532147739,0.1538982018559665,0.16818900349283236,0.1447095472760086
16362,1723238055713366729,0.8149442672729492,0.2420669794082641,0.1496170610189438,-0.0240617934614419,-0.0119977192953228,-0.0621306560933589,0.9977058172225952,0.0,0.0,0.0,0.8584330759785388,-0.3848401843935889,-1.751289118811579,10.711436484,0.1496170610189438,-0.04421429850614587,0.45159998587943273,0.06538938243018474,-66.76506122138147,-79.2246773706045,23.32166239941328,-0.046556025714547165,-0.026933594934505117,-0.12375931416005569,0.14351534655155262,0.02219423432099532,-0.03986523132911657,31.63708743000055,117.86175690190632,225.28454280908835,0.10742877981498679,0.11484023789830126,0.1447095472760086
16364,1723238055721212789,0.8162232041358948,0.2421987503767013,0.1490848362445831,-0.0279083251953125,-0.0131224505603313,-0.0607360675930976,0.9976773858070374,0.0,0.0,0.0,-0.09886290728972025,0.46749574481492084,1.1096868276385536,10.719282544,0.1490848362445831,-0.9563472685858934,-0.3556016341502303,0.3590870203504384,-37.946831234132745,-10.193165716176829,12.22926367276019,-0.05414311811158682,-0.029578340910973444,-0.1208038754428061,0.15358722008518555,0.027081269401502794,-0.04371022980170469,-77.9413085807947,6.97976643564261,203.00692770981004,0.15771583409978543,0.1653387856981359,0.1447095472760086
16366,1723238055730981857,0.8176090717315674,0.2425884306430816,0.1489512473344802,-0.0295451004058122,-0.009711998514831,-0.060013074427843,0.9977129697799684,0.0,0.0,0.0,-0.3242549462608668,-0.7007584739660528,1.126886805147927,10.729051612,0.1489512473344802,-0.3745762703195488,0.672205170833364,0.17199873481888545,50.398659699070535,43.826704798953074,-11.411247151757028,-0.05783679825740222,-0.022927767115601873,-0.11949325708740138,0.13580494570106083,0.029758451917379247,-0.013411343413430643,25.162663958137188,-85.3632272049948,-74.80950329939193,0.13574679928856995,0.1458304120211769,0.1447095472760086
16368,1723238055742631031,0.819106936454773,0.2427943646907806,0.1487986743450164,-0.0289418343454599,-0.0077985082753002,-0.0592130795121192,0.9977952837944032,0.0,0.0,0.0,0.638902752432136,-1.219762197322128,-0.8082270788301997,10.740700786,0.1487986743450164,0.08537145478886118,0.33006312447279856,0.14658216323674908,-0.6070418679100964,-16.85490082555534,2.750448595376419,-0.056873409945297014,-0.01899124139798213,-0.11800859541000604,0.15280886646225156,0.008054060592176171,-0.027713796957435477,-26.12738500082808,52.07807171438948,13.873560728977825,0.1253342351130683,0.12991973561523817,0.1447095472760086
16370,1723238055751147335,0.8205591440200806,0.2428030371665954,0.1484716534614563,-0.0296015255153179,-0.0066074929200112,-0.0583984330296516,0.9978325366973876,0.0,0.0,0.0,-0.2610398920859742,-0.1746281671603644,0.43053422601107044,10.74921709,0.1484716534614563,-0.16939959642021646,0.2644434281036202,0.20071407818115736,-14.60133594968487,-14.600090805048076,2.8887651199801967,-0.05834416850774172,-0.0166444767703974,-0.11643150564191032,0.15313989796486638,0.0016720339188225353,-0.0319848701143961,-98.14058329935625,92.67570771659098,131.21617938255545,0.1685855084906867,0.16983556532730051,0.1447095472760086
16372,1723238055762470485,0.8220314979553223,0.2428318113088607,0.1482060551643371,-0.0301983412355184,-0.0065691079944372,-0.0573777370154857,0.9978741407394408,0.0,0.0,0.0,-1.2589005465494782,0.42240989799660056,1.7019085437394306,10.76054024,0.1482060551643371,-0.10417383479590224,-0.004679022339920397,0.18122042221030804,-21.770417147603084,27.450420355300118,-1.8888687540342097,-0.05955782781523647,-0.016576470089057084,-0.11437968394814514,0.14566892870726633,0.00834777301372469,-0.01307774770072001,157.34515725025835,-57.454511347309015,-5.126573625939933,0.12848423314255789,0.1296812570092722,0.1447095472760086
16374,1723238055771021760,0.8233781456947327,0.2429406940937042,0.1481612473726272,-0.0320625118911266,-0.0040402929298579,-0.0567633397877216,0.997864544391632,0.0,0.0,0.0,1.6718390595549755,-0.7804471360780332,0.8998580628083865,10.769091515,0.1481612473726272,-0.4681311568012833,0.5608193981466342,0.16398781412253197,-18.36126131176155,39.21126678722868,-3.969853450308711,-0.06357657831721077,-0.011703547817744757,-0.11327499304876376,0.1310347385476227,0.010880433885598784,0.0016832515204714404,217.01400346623052,-106.60347884596948,-95.71025432880117,0.1549587489725672,0.15792813177362622,0.1447095472760086
16376,1723238055786608296,0.8246692419052124,0.2430576533079147,0.1483841687440872,-0.0324030518531799,-0.0008322710054926,-0.0565046593546867,0.9978760480880736,0.0,0.0,0.0,1.4828971192847078,-1.4743715170405478,-0.6463996198832966,10.784678051,0.1483841687440872,-0.06678800350405086,0.4072224494552082,0.04658047727619437,-64.5132214960951,-72.41119255778298,70.27268574479473,-0.06462028304893132,-0.005322878553346933,-0.11295700814639983,0.2532085651789089,-0.03187062144561281,-0.007766593169804992,-780.0480842838654,243.93726915266686,133.35760228139668,0.08153534156212572,0.08318023994718005,0.1447095472760086
16378,1723238055790995118,0.8259903788566589,0.2428692281246185,0.1483228504657745,-0.0334118567407131,-0.0007160681998357,-0.055519375950098,0.9978982210159302,0.0,0.0,0.0,-2.8871690801480834,-0.04811205831171694,0.2257538302929607,10.789064873,0.1483228504657745,-0.4612403881774091,0.012330604978387756,0.45091800321448233,-54.44938548307304,-66.05098062302368,63.48877931546902,-0.06665397657014496,-0.005139159858305686,-0.1109867014736308,0.25186680519107085,-0.036772313866412,-0.010651764539391095,-738.5313740971911,267.63228092309913,162.8053237522128,0.3039889539711972,0.2945101599236618,0.1447095472760086
16380,1723238055803179278,0.8273910284042358,0.2426303327083587,0.1483056247234344,-0.0329469516873359,-0.0005768330302089,-0.0539795532822608,0.9979981780052184,0.0,0.0,0.0,-3.1664924448062575,1.2672070141235325,0.9908990754076954,10.801249033,0.1483056247234344,0.07561293394547966,0.01861055799504967,0.2538468064106202,7.129344456364908,54.60217801490938,-14.16131311977915,-0.06574780794169414,-0.004708297490134383,-0.10791551342105801,0.129335450656761,-0.001174012580079875,0.02199535885612036,189.75813877126313,-79.26517655475095,-121.64545153071396,0.11639171966289422,0.112169931067152,0.1447095472760086
16382,1723238055813068573,0.8287854790687561,0.2427666783332824,0.1487110406160354,-0.033423762768507,0.0043833125382661,-0.0534997172653675,0.9979987740516664,0.0,0.0,0.0,0.41721879783744065,-1.0194086668931301,-1.6925571254094651,10.811138328,0.1487110406160354,-0.1503255002678168,0.9927238292658016,0.12995958998275084,-17.30206024722928,-16.075019321795473,-2.0433041643209044,-0.06723430276600771,0.005172780431380278,-0.10728544440705007,0.15332573576682762,-0.0019221827566227034,0.01824103985761738,107.51986172092096,-111.41392599882555,-137.16304463481947,0.13850510601701416,0.14216699001862626,0.1447095472760086
16384,1723238055821100335,0.8300973176956177,0.2426487654447555,0.1487091183662414,-0.034410037100315,0.0049278764054179,-0.0527816340327262,0.9980009198188782,0.0,0.0,0.0,-0.3817130211254982,-1.1327391731035192,-1.9189011416303943,10.81917009,0.1487091183662414,-0.25312265243205556,0.11621316088010353,0.18193746494117452,-4.34516938259409,-80.64308899051179,3.7696858775013418,-0.06925938976843173,0.006203654191690639,-0.10589119030502042,0.1435739429758236,-0.016266065525915252,-0.003917545995875571,-42.9795082670487,40.40588972704616,26.61849752132533,0.16396650056518522,0.1608684769658178,0.1447095472760086
16386,1723238055833235319,0.8314773440361023,0.2424223124980926,0.1485941410064697,-0.0354270152747631,0.0029540127143263,-0.0516272149980068,0.9980334639549256,0.0,0.0,0.0,0.13248113820217,0.3571091651356064,-0.5911660236142097,10.831305074,0.1485941410064697,-0.1508581127021942,-0.3400877206634587,0.178145554306969,6.345461500098699,24.850475707843845,5.461873674851493,-0.07107972425818047,0.0022384126842936365,-0.10344533383917419,0.1542041912603338,-0.018036594611292145,-0.011803027431465551,-106.87552494024867,58.35566635623457,42.89385766492298,0.11506292452495875,0.11110507156442762,0.1447095472760086
16388,1723238055841137294,0.8329041600227356,0.2422830015420913,0.1484888941049575,-0.0358272120356559,0.0037123211659491,-0.0506609231233596,0.998066246509552,0.0,0.0,0.0,-1.4800122082537301,0.4867713700325908,-0.5945019240928014,10.839207049,0.1484888941049575,-0.11142838680811365,0.17763318396147848,0.25101737669888763,-10.518673327888017,42.704933123221885,2.646905205649211,-0.07195458925868378,0.0037802146377672995,-0.10156717934809228,0.15142523687546827,-0.012626451559452079,-0.016172630721497327,-22.9485594099666,-10.107691812674508,-15.502883717355711,0.18147052975036357,0.17770745599251392,0.1447095472760086
16390,1723238055852858606,0.8341724276542664,0.2422219961881637,0.1482497155666351,-0.0386899262666702,0.0055441339500248,-0.0497276782989501,0.9979977607727052,0.0,0.0,0.0,1.3999641707042958,-0.09273855647714246,-1.0384198570784873,10.850928361,0.1482497155666351,-0.5043629811302284,0.28154893325498276,0.16772389280591748,3.585837369023006,9.905932817417323,-1.721102813857856,-0.0778569734610803,0.0072182088025027095,-0.09985367784202451,0.11445956784677946,-0.01036142891261349,-0.023862969767566078,217.45245197951985,-18.314466633892,-8.705605565082756,0.10832618158823606,0.10684137738838798,0.1447095472760086
16392,1723238055864389099,0.8355631828308105,0.2420440316200256,0.1479353457689285,-0.0388084836304187,0.0079478314146399,-0.0486147738993167,0.998031735420227,0.0,0.0,0.0,3.586844004927501,0.049144700589301094,-0.807963638473157,10.862458854,0.1479353457689285,-0.04209809454809572,0.4075701803306973,0.20896021686122637,-27.09812410448467,-36.094934728646344,2.655288689120294,-0.07832273333962306,0.012091339269482497,-0.09781811888108173,0.18225321990362886,-0.01467453860875878,-0.040173046181253724,466.32485329911634,73.49570374701304,-75.7167928874403,0.12186693690055626,0.11800645366768639,0.1447095472760086
16394,1723238055870990159,0.8369991779327393,0.2419500350952148,0.1476213783025741,-0.04036820307374,0.0080249095335602,-0.0478665754199028,0.9980054497718812,0.0,0.0,0.0,7.710602921233845,0.7655351232049874,-1.669440295916139,10.869059914,0.1476213783025741,-0.47488230667294457,-0.008400630757315697,0.22300747265556853,-57.90290546268947,-56.34174620618516,1.5436080250711897,-0.08143962479975811,0.012153530816891123,-0.09634620094601744,0.19726615484793153,-0.012750826962892425,-0.04321428444242231,1534.9693161255732,341.5262885925891,583.5751607563601,0.21846295488196385,0.2142182712692706,0.1447095472760086
16396,1723238055927028005,0.838408887386322,0.241943746805191,0.1472685933113098,-0.0424646250903606,0.0084213437512516,-0.0469794236123561,0.9979573488235474,0.0,0.0,0.0,526.7525489044347,130.74598965781217,370.73371295863967,10.92509776,0.1472685933113098,-0.07567305880521279,0.0092747408098495,0.031487992990058195,-9682.30756204415,29326.438474629704,6450.879218221399,-0.08565877210937424,0.012818707602958525,-0.0946310778946654,3.21548612679112,0.2556907885561941,-0.7117757491069483,191938.76692833938,-1068561.236141882,-2826534.715118693,0.025133070123642028,0.024900393662822585,0.1447095472760086
16398,1723238055927457370,0.8398000001907349,0.2420543730258941,0.1469606608152389,-0.0432449802756309,0.0112104136496782,-0.0464825592935085,0.9979196190834044,0.0,0.0,0.0,609.7653097062584,-331.57980804518684,-852.2020119150803,10.925527125,0.1469606608152389,-4.264793509351766,12.697498598107865,2.822503209347887,-309.8501024510151,24497.75222452323,23.225486629726888,-0.0874784511267383,0.018354939342593673,-0.09389500358738775,3.443210964009154,0.3122429114687293,-0.5513367727891421,104212.0029361134,-1038821.0120091138,-2714054.3488778337,3.2141262470389798,3.229838967664023,0.1447095472760086
16400,1723238055927882449,0.841349184513092,0.2422100752592086,0.1467960923910141,-0.0431262776255607,0.0156661625951528,-0.0466513633728027,0.9978569149971008,0.0,0.0,0.0,616.5560482368182,-757.1920353997091,-1949.4182625538756,10.925952204,0.1467960923910141,-0.42099555439652747,20.98433355306206,0.10657751688654551,-13376.775036851384,-28138.530418979026,6432.6924560498865,-0.08767417849451864,0.02724474845407013,-0.09463025454545627,3.7358193074048813,-0.023674080822956967,-1.4294789539642636,-778667.3694911724,264280.29623074224,947926.1580814125,3.6027588491543203,3.646755604627108,0.1447095472760086
16402,1723238055928257085,0.8427789211273193,0.2420724481344223,0.1459164023399353,-0.0455515086650848,0.0148449493572115,-0.0453091189265251,0.9978235363960266,0.0,0.0,0.0,62.46496764924905,-240.33021478611428,-429.04605949986785,10.92632684,0.1459164023399353,-12.834805841610901,-5.2848991271227606,6.750023015414444,-6631.584820442634,-34508.365043827434,8668.890896240686,-0.09241143370670296,0.02550024583626249,-0.09193271881305744,3.9430944986302165,-0.2964317433035717,-2.121363554543052,-1429433.3147156863,1320952.1290994373,3858624.192826571,3.892569321672663,3.6870074027127715,0.1447095472760086
16404,1723238055928624609,0.8442738056182861,0.2419890761375427,0.1452185064554214,-0.0466240532696247,0.0140080293640494,-0.0440278649330139,0.9978434443473816,0.0,0.0,0.0,-445.01069186881415,223.99261216465487,917.1110066027451,10.926694364,0.1452185064554214,-5.716108097278844,-5.128117364944294,6.667986656139041,18005.823365588145,495.7826476831533,-309.69056792464437,-0.09444768054908924,0.023852387182423582,-0.08931613158655115,3.789093266227203,-0.20890917850580593,-1.7678747520997589,-1279173.824897472,1166399.627125421,3379627.5200398383,4.1155996728346125,3.9695647123144706,0.1447095472760086
16406,1723238055933204239,0.8457419872283936,0.2420560270547866,0.144600048661232,-0.0489397719502449,0.0166417434811592,-0.0433904603123664,0.9977200031280518,0.0,0.0,0.0,-504.01538348625036,31.364116541896436,236.64944177887028,10.931273994,0.144600048661232,-1.0661846596595244,1.0909566921290776,0.31485117391320105,687.539290112481,846.538455203622,-908.5310235854616,-0.0993052860708715,0.02896461205211986,-0.08836391093331265,0.2681380431265339,0.009501627459499673,-0.11870907596014124,12044.746923178136,-28599.454273459327,-106130.60169266457,0.321826221976399,0.3153887219256182,0.1447095472760086
16408,1723238055941716344,0.8471945524215698,0.2420559376478195,0.1438480466604232,-0.0505900792777538,0.0176184438169002,-0.0427445396780967,0.99764883518219,0.0,0.0,0.0,-7.080237619692827,0.9185543059743603,4.93100301593852,10.939786099,0.1438480466604232,-0.4001727651772566,0.2049878420421429,0.15547163194038016,51.27816844559945,-29.241798097729486,-17.863129473718512,-0.10267749260629463,0.030834026211524746,-0.08722267776490777,0.16762514391737682,0.018150249950545927,-0.05762007771856048,30151.178196337558,-1868.8816178692766,-14100.706921580386,0.1726419988400652,0.16642883918433976,0.1447095472760086
16410,1723238055950634989,0.8486613035202026,0.242387518286705,0.1436212658882141,-0.0513335578143596,0.020519521087408,-0.04285554215312,0.9975506663322448,0.0,0.0,0.0,-1.9579767738930594,0.2098919365081544,1.7871618065898218,10.948704744,0.1436212658882141,-0.19481577920364007,0.643555589053446,0.004199992727290475,14.722156953477443,13.17145665172257,-2.73707636156435,-0.10443373922565502,0.03654680416049444,-0.0877790512445664,0.14866022860577743,0.025431563065845708,-0.034627546929077546,362.62870024253283,-71.32172537156767,-266.84108809361027,0.16138835993264447,0.1656639994792638,0.1447095472760086
16412,1723238055962190390,0.8501425981521606,0.2425055205821991,0.143083393573761,-0.0521067231893539,0.0220910999923944,-0.0418446063995361,0.9975199103355408,0.0,0.0,0.0,-0.9372113899239221,-0.4924374757001393,-0.0138026567324534,10.960260145,0.143083393573761,-0.14901174494401007,0.2567338566464881,0.18553251818025135,6.2894228773212975,-11.338482589425233,2.4622715689937613,-0.10608617640346735,0.039722298742358934,-0.08595738040644657,0.12855712214923187,0.018776270294246444,-0.02581681224724175,239.11237848743627,-47.13990221494733,-226.27748597320195,0.12858910272158164,0.1261911907295552,0.1447095472760086
16414,1723238055974326548,0.8517074584960938,0.2428425550460815,0.1430343091487884,-0.0522589236497879,0.0245457589626312,-0.0416824184358119,0.9974613189697266,0.0,0.0,0.0,3.8864972086182625,-0.8906853567493556,-3.6575570592098248,10.972396303,0.1430343091487884,-0.04304049810553752,0.4012877373423475,0.04678184814119991,-15.105999675138275,-16.34420001016994,5.01911224868861,-0.10660650761567018,0.044625143210500054,-0.08590972800059318,0.12741177250173763,0.013864385917182531,-0.03587887184288707,141.52030384111598,66.61457185186343,70.56637755944955,0.12613848467153327,0.13036090540487572,0.1447095472760086
16416,1723238055985449562,0.8531090617179871,0.2428549975156784,0.142310693860054,-0.0547566376626491,0.0243491809815168,-0.0401007123291492,0.9973970651626588,0.0,0.0,0.0,2.8514055785249433,0.8638990097857648,0.9075155816768667,10.983519317,0.142310693860054,-0.45407859410319623,-0.06855530221279917,0.27032801819332397,-29.899853309643298,2.8475769242539357,44.38045036329571,-0.11152074112116073,0.04419442791767721,-0.08283470978596466,0.21122413275240604,-0.000996752336469342,-0.10539651504001668,-444.1452428375721,228.84791005731645,648.1778890888401,0.12823631923261594,0.12209556486241116,0.1447095472760086
16418,1723238055991026513,0.8545253276824951,0.2428435236215591,0.141610100865364,-0.056380309164524,0.0247099101543426,-0.0384419374167919,0.997363030910492,0.0,0.0,0.0,-0.6072859200002565,2.33899578541594,5.187203761448051,10.989096268,0.141610100865364,-0.6011041156033333,0.07340197315953315,0.5857357100509548,0.1053892596581818,29.92558951227788,24.76736708687623,-0.11473033556187874,0.044969920669740836,-0.07963199460222023,0.21402981343412364,0.009972768383143205,-0.08032166468716007,-426.0492097831096,151.05672087210633,428.3114261211697,0.2587000326297234,0.24600072404621934,0.1447095472760086
16420,1723238056003695593,0.8560879826545715,0.2433160990476608,0.1418962776660919,-0.0552172884345054,0.028336826711893,-0.0387715958058834,0.9973188042640686,0.0,0.0,0.0,-0.417934030785192,0.9878637130110777,0.854819645951107,11.001765348,0.1418962776660919,0.16199763489682664,0.5812166849007792,-0.015354616674347971,-1.7904859380486329,15.297915545670357,6.498364222889588,-0.1127280044787664,0.05226376532852135,-0.0806621096911137,0.1743793961586988,0.050313558777720147,0.005283860927571382,-95.76489724490759,-213.8437379994333,-367.48438761667103,0.11859360420749081,0.12691653748205306,0.1447095472760086
16422,1723238056011148688,0.8576114177703857,0.2437481433153152,0.1418597847223281,-0.0555621422827243,0.0305900201201438,-0.0378771759569644,0.997267484664917,0.0,0.0,0.0,-1.6170998957199885,-1.0759425167979602,-1.9959675114016178,11.009218443,0.1418597847223281,-0.1232958605851299,0.5865612654838559,0.26959945044651323,-18.663444348055243,-18.242450608709074,21.952247886452927,-0.11356488531032391,0.05683438305749956,-0.07915696059512725,0.18315445461004032,0.04804621605000925,-0.014223874150595783,-41.42026948740393,-156.30687096107116,-228.51986149319848,0.1991356899891532,0.20729693342259733,0.1447095472760086
16424,1723238056020908015,0.8591273427009583,0.2440902441740036,0.1416017711162567,-0.0557567290961742,0.0314838550984859,-0.0365719683468341,0.997277557849884,0.0,0.0,0.0,-0.49454417941409634,-1.0602349138061844,-2.258464399966386,11.01897777,0.1416017711162567,-0.0547737945593557,0.16623971954448913,0.2757841039295141,1.4624894449131567,-25.854260692264237,-1.6820964108106589,-0.11395538879267308,0.05875181142811797,-0.07666289584399424,0.13166159258443244,0.02768369320657893,-0.025761767156371462,120.2400729536713,25.02427174138316,5.0425187544202,0.15347974583972446,0.15527335009336132,0.1447095472760086
16426,1723238056036233641,0.8605754971504211,0.2443371415138244,0.1412232220172882,-0.0569276809692382,0.0330217517912387,-0.0351259149610996,0.9972136616706848,0.0,0.0,0.0,1.4737466245751918,-0.1132058724981535,-1.4125051047708386,11.034303396,0.1412232220172882,-0.1661397597347109,0.18430181374603952,0.1942709276840609,-92.206705299409,1.1978740807825972,95.83155095648908,-0.11634255830766368,0.06189973163254082,-0.07402501690101738,0.23916280645963184,0.03613297348045563,-0.08627525480473608,-585.1058303280947,-46.52700988205409,307.6235466042407,0.09439189378437296,0.09339560333312125,0.1447095472760086
16428,1723238056041192358,0.8619935512542725,0.2445484399795532,0.1406966149806976,-0.0587209723889827,0.0336756147444248,-0.0330339483916759,0.9971593022346495,0.0,0.0,0.0,-2.5724471342884363,-0.5177132032406272,0.5179101870821035,11.039262113,0.1406966149806976,-0.7596469792728827,0.19027272829200753,0.831760915295196,-72.84688517379516,-5.036300943291367,80.20057191352826,-0.11985963807614641,0.06332264344611284,-0.07003262540181168,0.2375809959318822,0.03450543780141313,-0.08921061834618405,-560.1889018382166,-34.3107032699904,290.5200913516344,0.288443714960198,0.27979369940791404,0.1447095472760086
16430,1723238056053471487,0.8634394407272339,0.2447256594896316,0.1401177197694778,-0.0600686371326446,0.033471506088972,-0.0308451559394598,0.997156023979187,0.0,0.0,0.0,-1.6735017083019006,0.49812093961426807,1.0817781089493712,11.051541242,0.1401177197694778,-0.22982010440159026,-0.0613178924867607,0.34613164553168085,26.093606868631525,-12.834232087572438,-11.881364491498758,-0.12240885683850952,0.0630888175768047,-0.06571396697168136,0.13747412133243841,0.022386465506260222,-0.04910390488056038,217.35127759429025,67.1557728169965,-39.04699816651157,0.11929035938090822,0.11477193756917854,0.1447095472760086
16432,1723238056063018981,0.8648983836174011,0.2449984401464462,0.1396343559026718,-0.0605279505252838,0.0330081805586814,-0.0287061352282762,0.9972074627876282,0.0,0.0,0.0,1.4717030861202502,1.0236853357267535,0.078214728883923,11.061088736,0.1396343559026718,-0.10729981160962382,-0.1270250036549786,0.4380874775033102,2.9465305172265506,37.0117920693877,6.31234455864444,-0.12316314771074957,0.06239744315134015,-0.061405788542411265,0.1695942670688808,0.0381668120613714,-0.05499216087060432,-18.746158121776972,-48.99406575905539,4.6292321211910945,0.15363122181252853,0.15023690893894912,0.1447095472760086
16434,1723238056071334837,0.8664302825927734,0.2453853338956833,0.1391454339027404,-0.0610443502664566,0.0352116040885448,-0.0268759075552225,0.9971516728401184,0.0,0.0,0.0,-1.2060424181703748,-0.13732483267626083,0.9115830131485383,11.069404592,0.1391454339027404,-0.15440353612927285,0.49868784199149185,0.4665396983538104,-7.874010001367623,30.90377238759086,-5.052730283871446,-0.12423088687291985,0.06699147199681009,-0.05806042782978415,0.16812483833385983,0.042122702501483644,-0.049308160985850336,-183.75905409291462,-97.48862204768247,32.63719243464538,0.1847333755940452,0.18146338704372558,0.1447095472760086
16436,1723238056081441554,0.8679318428039551,0.245756983757019,0.1387636065483093,-0.0622683838009834,0.0366853438317775,-0.0253424905240535,0.9970629811286926,0.0,0.0,0.0,-1.3651363415396833,-0.6051778792778144,0.41137057221060647,11.079511309,0.1387636065483093,-0.26112601767070426,0.26638948518105454,0.3113828137134873,-2.36396041431182,-16.893256777809835,-6.2902123504835945,-0.12667884482223735,0.07005641565215663,-0.05526842681683526,0.1432920649460243,0.03320480697255235,-0.03729361493445449,71.34497275795803,-2.6201436467308987,-74.45424651485429,0.14859798002930139,0.14678712219889262,0.1447095472760086
16438,1723238056092687704,0.8694772720336914,0.2460857629776001,0.1383502781391143,-0.0632114857435226,0.0376913286745548,-0.023372720927,0.9970142841339112,0.0,0.0,0.0,0.5270225859206406,-0.08814171223728295,-0.7383182988850396,11.090757459,0.1383502781391143,-0.18515139025891125,0.15263210805406255,0.3540399647352416,10.681584817607826,-4.431416917551567,3.8821914555853336,-0.12849516503215938,0.0722656199297285,-0.05152815266590644,0.14160387093036775,0.029867719036007045,-0.042395669833086735,129.88131263655825,67.90316681512995,16.56302501031406,0.13802977083786422,0.13523028428697,0.1447095472760086
16440,1723238056103494460,0.871051013469696,0.2464151084423065,0.1378335207700729,-0.06326574832201,0.038712702691555,-0.0212843939661979,0.9970184564590454,0.0,0.0,0.0,1.5321828437165532,0.8733900877676344,0.6742792740311534,11.101564215,0.1378335207700729,-0.028948730719212282,0.16376657526092347,0.39691960638080725,4.2501776097354105,-6.597192455761551,3.5726182651098632,-0.12851179684125294,0.07457050417630637,-0.047490021679629416,0.15433101046559017,0.031081300743636575,-0.05333042121280407,-6.074054252532804,37.363649558197594,121.70482545432827,0.14717703965312603,0.14238136918772903,0.1447095472760086
16442,1723238056112785001,0.872554361820221,0.2467087060213089,0.1372940242290496,-0.06351338326931,0.0390375666320323,-0.0193063952028751,0.9970302581787108,0.0,0.0,0.0,0.6843441744864904,0.8082954168958927,1.7330237581219186,11.110854756,0.1372940242290496,-0.07096210617649326,0.04155369128868985,0.4269543847969728,6.380791727779987,27.44781804309683,-4.866838349987244,-0.1288791274549812,0.07546244208393312,-0.04359477239519396,0.171397074888489,0.04527444793780333,-0.03359884291154458,-145.20919275773346,-73.46487493791382,-26.60336849782181,0.16420571102356418,0.15759829814650153,0.1447095472760086
16444,1723238056121482122,0.8741230368614197,0.2472137808799743,0.1372010409832,-0.0630899146199226,0.0417676381766796,-0.0181057658046484,0.9969691038131714,0.0,0.0,0.0,-1.017804865874318,-0.3717148834815409,0.35724451988945605,11.119551877,0.1372010409832,0.0732999910810723,0.6108391208063082,0.31868256967482383,-1.2452410538636345,16.334930185338177,-6.959210017341107,-0.12807943107115355,0.08108633498205275,-0.04152032433433446,0.16796500856590768,0.04644719390900143,-0.02170835818443173,-97.70150658004448,-83.39702155790239,-123.35148630819371,0.17808292970979953,0.18049528237546916,0.1447095472760086
16446,1723238056131727487,0.875694215297699,0.2475493252277374,0.136845663189888,-0.0637954771518707,0.042829792946577,-0.0165307093411684,0.9969064593315125,0.0,0.0,0.0,-0.835856723263606,-0.5951537387621797,-0.48608808597741704,11.129797242,0.136845663189888,-0.15468337031353388,0.18533396776641775,0.31364231098399814,-6.743241648465027,-18.38897306171404,-0.4238160605478587,-0.12942165012788834,0.0833820116562142,-0.03856735644458391,0.15001588000243515,0.03652507842585884,-0.030237332834767372,81.98474026337807,14.70731578946995,-3.4873757705729265,0.1543390909139069,0.15057385877323362,0.1447095472760086
16448,1723238056142357390,0.8772520422935486,0.2479792088270187,0.136573314666748,-0.0639963448047638,0.0442382767796516,-0.0149592366069555,0.9968568682670592,0.0,0.0,0.0,0.7439699388207313,-0.03608504610350072,0.34620563702646745,11.140427145,0.136573314666748,-0.055315469001547775,0.2450967367025531,0.3098886832996362,-4.557445738196984,-13.109451418951696,9.274481715350465,-0.12976034370336714,0.08639120969112553,-0.03562698703859019,0.15123402436677225,0.03431568039199995,-0.03158418277055919,43.47975228228248,28.443072239425316,69.54764217538374,0.14668774640145082,0.14458054285149946,0.1447095472760086
16450,1723238056151880087,0.8787321448326111,0.248253732919693,0.1362216770648956,-0.0649293586611747,0.0442123264074325,-0.0126214949414134,0.9968300461769104,0.0,0.0,0.0,0.2610738145062337,0.02874290701186455,0.9338442123932413,11.149949842,0.1362216770648956,-0.2173391113384488,-0.039536349935529666,0.4803380687949012,4.715767126008145,13.296147590661992,-0.6354827349494201,-0.13143247292990748,0.0866135936216637,-0.031025588264700456,0.16368769862304333,0.03543732692267021,-0.024253066815354885,-106.28397693370533,-6.035465123912851,36.68430221903183,0.15707515622001897,0.1520162897256073,0.1447095472760086
16452,1723238056161544611,0.8803951144218445,0.2486610412597656,0.1361115872859954,-0.0646360591053962,0.0467703118920326,-0.0113826319575309,0.9967473745346068,0.0,0.0,0.0,-1.3112053809580848,-0.15555900185829086,1.0429241613562905,11.159614366,0.1361115872859954,0.04137676672840307,0.5125539952541972,0.2923989258840428,6.796271402581612,15.31076930751807,-8.465885414199333,-0.1308398515405994,0.09189419370361196,-0.028863086810375246,0.15594418952971267,0.034841731200502934,-0.013619445497393023,-9.776893305892983,9.348408792108035,-20.034480802920903,0.17110627801040948,0.1708947726034823,0.1447095472760086
16454,1723238056172865341,0.8819466829299927,0.2489586323499679,0.1359278559684753,-0.0653636530041694,0.0476461090147495,-0.0094613842666149,0.9966784715652466,0.0,0.0,0.0,0.6057990484238855,0.32712071866746695,0.4007774399323804,11.170935096,0.1359278559684753,-0.14654658396994724,0.1313885735619331,0.34216743542548417,-6.1409319818694845,-17.677943741267967,-3.3160781073384324,-0.13215929795281195,0.09387666669037857,-0.02520218927246249,0.13433773006696015,0.03183508020176262,-0.0025732807315170803,163.83935531971971,16.815198992096043,-94.36213273778871,0.13727054331225882,0.13517925274555986,0.1447095472760086
16456,1723238056184131689,0.8834297060966492,0.249379500746727,0.1360519826412201,-0.0658518597483635,0.048357855528593,-0.0082501759752631,0.9966228604316713,0.0,0.0,0.0,2.390043292314731,0.22704892458540193,-1.0843567503076317,11.182201444,0.1360519826412201,-0.09846377335522608,0.11152575290805189,0.21833521752913326,15.052019766957343,20.279533728859153,6.167839694323895,-0.13305291007044912,0.09544736784218849,-0.02291985791541079,0.1693546033859974,0.042166121846076265,-0.004504668449730076,-182.26438465173965,-119.95696062786374,-88.1203498931537,0.12909721532228458,0.13244976240297965,0.1447095472760086
16458,1723238056191984184,0.8849660158157349,0.2497369349002838,0.1359316557645797,-0.0654623880982399,0.0499800406396389,-0.0069549670442938,0.9965783953666688,0.0,0.0,0.0,-0.9055042009513405,-1.3228331975776269,-1.5371474287014384,11.190053939,0.1359316557645797,0.0787549444565702,0.3914114669270331,0.3606817719045767,9.292937415209355,17.515497435414122,10.111438117289413,-0.13220048621724273,0.09886847400526727,-0.020507544548108138,0.18419245170932896,0.040172958565239725,-0.01801610103561746,-344.49046450837443,-157.18575655163417,-17.327507395109308,0.1952333680989359,0.19344238166555372,0.1447095472760086
16460,1723238056200824042,0.8864802718162537,0.2500388622283935,0.1357455998659134,-0.0652423352003097,0.0516976751387119,-0.0054360916838049,0.996514618396759,0.0,0.0,0.0,-3.202496337699718,-2.312400069924101,-1.2889365000146875,11.198893797,0.1357455998659134,0.028793545683679252,0.3658534471464357,0.37029407299636685,-11.652541220643183,-23.766827786310543,-0.5189402297118377,-0.13166110162327407,0.10250506549216168,-0.017673729211424967,0.14837309151946698,0.017841208713708312,-0.029778116929495724,-43.06452594650683,60.83343981375265,164.67557866962295,0.17192614942680878,0.16832901081009766,0.1447095472760086
16462,1723238056211944963,0.8878095746040344,0.2500090301036834,0.1352922916412353,-0.0661732703447341,0.0507715195417404,-0.0034185282420367,0.9965097308158876,0.0,0.0,0.0,-0.6485266597310915,0.7813797355461625,2.4534806285799933,11.210014718,0.1352922916412353,-0.18474693418529284,-0.1905176943306211,0.3420495761727411,-19.158860503918483,-35.520906130539615,4.121862543715935,-0.13330225768245665,0.10090735371845048,-0.013602237858517673,0.12464384995831779,-0.004882829050320225,-0.0435298541885496,128.26235859656643,198.78543129296736,226.39541958707747,0.1230551641181941,0.11476935960727269,0.1447095472760086
16464,1723238056221255713,0.889009952545166,0.2499464154243469,0.1348654180765152,-0.0677602887153625,0.0490167699754238,-0.001201270497404,0.9964961409568788,0.0,0.0,0.0,-0.24468240392698082,2.013209220902133,3.7029426958710547,11.219325468,0.1348654180765152,-0.36279642750360686,-0.4081483239196735,0.43235606353518197,34.34432272694893,40.66455834255475,-18.597642129647472,-0.1362319277273949,0.097682518999419,-0.009080315160118542,0.13018321180015135,0.024411874937724676,0.00807861815692501,-22.417333718902526,-56.98536640991682,-144.17375860907464,0.13283612615506174,0.12384625860683002,0.1447095472760086
16466,1723238056230922771,0.890281081199646,0.2504949271678924,0.1354847699403762,-0.0653270334005355,0.0520266033709049,-0.0016781529411673,0.9965052604675292,0.0,0.0,0.0,-1.121739543500432,-0.43754770734937953,-0.4847874350998144,11.228992526,0.1354847699403762,0.5058637456924934,0.6277146665425551,-0.03144349893831253,24.01745874887343,22.424024939042596,-13.948833831874543,-0.1314538879633772,0.10365583291495535,-0.010196971353204414,0.11939053547572342,0.03250053757407656,0.02540761638040223,-19.947143099808642,-137.53587666486305,-256.42117574868234,0.12357354485161337,0.13723951574471902,0.1447095472760086
16468,1723238056241621322,0.8914151191711426,0.2505556344985962,0.1352988481521606,-0.065355584025383,0.0513815842568874,-0.0004415207076817,0.9965382814407348,0.0,0.0,0.0,-0.49711143515684864,-0.5357615806934445,-1.1350906558653537,11.239691077,0.1352988481521606,-0.016740401505696993,-0.13559150894969735,0.22222511495905997,-16.292708565171395,-32.809885265127164,6.216733316261673,-0.1313694970226512,0.10252926078895887,-0.007636307524201385,0.10732678356723113,0.012731894833889257,-0.006743207691196851,35.97445678458963,20.584841895035346,-0.022345178523032416,0.10717503309690264,0.10362570174694105,0.1447095472760086
16470,1723238056251929727,0.8925346732139587,0.2507569789886474,0.1353349685668945,-0.0646137148141861,0.0509515218436718,0.0001305356418015,0.9966087341308594,0.0,0.0,0.0,-0.3488582780017797,-0.027924711521598145,-0.5318043632663572,11.249999482,0.1353349685668945,0.13866398641294878,-0.09104282480338488,0.1125525419155505,-0.7777383762781964,3.8923500351156637,-7.270023728403464,-0.129809634181515,0.10174981100387344,-0.00635706994646837,0.10846473782719812,0.020240721609173562,0.0001302256214987807,-48.44586822714833,-17.261105712992013,-13.191003203052034,0.10756260661797735,0.10826415272431451,0.1447095472760086
16472,1723238056261480541,0.8935693502426147,0.2509565651416778,0.1353063583374023,-0.0646389871835708,0.0506995692849159,0.0004976238706149,0.9966198205947876,0.0,0.0,0.0,-1.36751130172481,-0.7814594441059317,-1.2923856894942733,11.259550296,0.1353063583374023,-0.00904779825893912,-0.05766600166958933,0.07293087927258317,-12.323769346170085,0.3461346810095334,3.165650599500009,-0.12981842103207372,0.1012938542537889,-0.005591142261851152,0.10106900698159649,0.013281217478601448,-0.01555508819505036,-30.628666486441375,12.556001175079556,44.475032152485916,0.10796359883095494,0.10731669841301483,0.1447095472760086
16474,1723238056270785448,0.894443929195404,0.2510111033916473,0.1350477635860443,-0.0650405585765838,0.0503652691841125,0.0013272244250401,0.9966099858283995,0.0,0.0,0.0,-0.9632938850515012,0.16442869343360256,0.24655106180473257,11.268855203,0.1350477635860443,-0.09523501212794083,-0.08298765289362177,0.1686922680983252,-2.233752669406935,0.0648536625083378,4.622764704542891,-0.13053668862069323,0.10073197423676897,-0.003926032032120435,0.08296729278481152,0.005531362995407463,-0.024408516274037062,52.87943868430861,72.47204908776186,105.93319590582853,0.09628581436759331,0.09067493350182679,0.1447095472760086
16476,1723238056283124260,0.895287275314331,0.251073956489563,0.1348019391298294,-0.0650468245148658,0.0501935109496116,0.0021619596518576,0.996616780757904,0.0,0.0,0.0,-0.1563985044820262,0.5811619821338629,0.5808156949758192,11.281194015,0.1348019391298294,-0.0077920591985853665,-0.03660020579207167,0.13298032371224078,8.022419905463238,35.67098042539025,-13.061550382558504,-0.13046265886288883,0.10049773013246997,-0.0022318293273137697,0.0871504556185414,0.023878088597889757,-0.0017642714621466382,-35.52695978612599,-53.03579367013451,-68.25327617674397,0.06999154110037276,0.06596117778358643,0.1447095472760086
16478,1723238056291166849,0.8960867524147034,0.2513644695281982,0.1348829418420791,-0.0648084729909896,0.0518608503043651,0.0019386237254366,0.9965474009513856,0.0,0.0,0.0,-0.9711856844611586,-0.3004634142679528,-0.4679340611877314,11.289236604,0.1348829418420791,0.061633617481633395,0.41757518199177646,-0.025367827558025184,2.8064683868641414,18.096594365476534,-7.9871037402761464,-0.13003241352790518,0.10380117338743544,-0.002873655562795182,0.08329547005454785,0.023803961006381158,-0.003668840124005257,-49.973198282979695,-55.51638750747366,-63.79503953120975,0.09772315872384162,0.0995261177618899,0.1447095472760086
16480,1723238056303439633,0.8968073129653931,0.2514259219169616,0.1345805823802948,-0.0648567080497741,0.0514156036078929,0.0025597526691854,0.996565878391266,0.0,0.0,0.0,-0.6230802452900579,0.031438379702488195,-0.003511210097040307,11.301509388,0.1345805823802948,-0.013028253211971477,-0.07900874041956646,0.09575518384084704,2.773017176192706,-4.855135018806681,-2.69763634592935,-0.13005832931274078,0.10299208927085585,-0.0015757196347450026,0.062164708095046706,0.014661987110958563,-0.013740166929871123,28.484986583779904,25.334356884667756,30.40536004144947,0.060925923684209606,0.055825411815547635,0.1447095472760086
16482,1723238056313109914,0.8974347710609436,0.2516412734985351,0.1345307379961013,-0.0644733607769012,0.0521088056266307,0.0023682650644332,0.9965552091598512,0.0,0.0,0.0,-0.34670066548187295,0.2634039416786337,0.23385494678379254,11.311179669,0.1345307379961013,0.08127141641323611,0.14535420949005712,-0.02608690896620956,6.528965264785744,6.2716597467382105,-3.4685004946154696,-0.12931734904921238,0.10435327464140665,-0.0020099812461916245,0.06451088713662045,0.020881418603247326,-0.007548015655311602,-25.664842633728405,1.0217652993860358,32.823568412224894,0.06502448484420773,0.06374359680611504,0.1447095472760086
16484,1723238056322410526,0.8980314135551453,0.2518230676651001,0.1344391256570816,-0.0639438107609748,0.0523591674864292,0.0024333065375685,0.9965760111808776,0.0,0.0,0.0,-1.070626292864913,0.0674770581541928,0.6131782053277353,11.320480281,0.1344391256570816,0.11316904583340712,0.05224772088574988,0.023332667468719936,-3.4825521747022004,-8.60265100200747,1.1211127635120692,-0.12824875482174433,0.1048630482506737,-0.001856337644449095,0.05601486422918356,0.019934388700225014,-0.009008952870884102,-46.20219369426498,-18.454685493681897,41.68737903505378,0.06479332694649174,0.06254781101923973,0.1447095472760086
16486,1723238056331739746,0.8984778523445129,0.2520126700401306,0.1343629509210586,-0.0638706162571907,0.0522887855768203,0.0024085303302854,0.9965845346450806,0.0,0.0,0.0,-1.2056270088587262,-0.08025410874757033,1.0105355382183392,11.329809501,0.1343629509210586,0.015995958982548995,-0.014831041347891958,-0.005441011843189671,-2.1029267804603453,-1.7428341916226482,-8.284222905893492,-0.1281029788637293,0.10471934833903074,-0.0018891758988604029,0.04455629467046407,0.022148206514719604,0.003919530151230255,-14.194794363376289,-38.78853564501003,-34.544172688167436,0.04840689201239525,0.046509805781048276,0.1447095472760086
16488,1723238056340867182,0.8988550901412964,0.2522311210632324,0.1345066428184509,-0.0635781288146972,0.052333828061819,0.0018065148033201,0.9966020584106444,0.0,0.0,0.0,-1.3327248878580917,-0.6392665947625749,0.0064016361399182875,11.338936937,0.1345066428184509,0.07103744413377473,0.017906230261997304,-0.12749053860725185,-0.6430188840337856,-6.40410039136279,-3.2416259561653575,-0.12757807216219744,0.10473307603824401,-0.0030706514064150125,0.03375399200524498,0.018579934693832456,0.009791962981638314,6.261334650208127,-10.361672549187052,-40.25315108450429,0.039384559636491186,0.04249654011091726,0.1447095472760086
16490,1723238056350848399,0.8991093039512634,0.2523581385612488,0.1345394253730774,-0.06363046169281,0.0515468753874301,0.0016127730486914,0.9966400861740112,0.0,0.0,0.0,-1.0499001103699996,-0.18730107342904412,0.3660419898016738,11.348918154,0.1345394253730774,-0.00821938126234032,-0.15506255705006286,-0.049277335124367216,-5.081504629534981,-8.408130031271071,5.69075186578796,-0.12769045498837903,0.10313535050297544,-0.0033630712031710295,0.01882298549463357,0.00948881631485854,0.0029033013968966515,38.73828963444337,46.45809357536737,41.799974620825715,0.024953029956426776,0.025546143373207802,0.1447095472760086
16492,1723238056363873183,0.8992415070533752,0.2524267137050628,0.134570762515068,-0.0638006851077079,0.050808697938919,0.001592829125002,0.996667206287384,0.0,0.0,0.0,-0.3685354408802347,0.4378016666327844,1.0085174394184273,11.361942938,0.134570762515068,-0.02581052849744674,-0.1129464596406633,-0.011618727716040366,8.687883934649243,15.714275025732368,-6.273509707913892,-0.1280227968082832,0.10165697235541823,-0.003325392205178621,0.012728843752455532,0.01934653969268396,0.025622618649929763,15.695642430653528,-19.593429998282144,-54.9669336104084,0.009836082022796322,0.01028999464305856,0.1447095472760086
16494,1723238056370897620,0.8993406891822815,0.2526159584522247,0.1348387002944946,-0.063560664653778,0.0509453862905502,0.0012532689142972,0.9966760873794556,0.0,0.0,0.0,-0.3970022793350426,0.044125129147487785,0.22730099303514933,11.368967375,0.1348387002944946,0.07324643053787729,0.04471914926036842,-0.09040631595341167,9.10263038266459,14.688637352809307,-5.900547488352637,-0.1275767062534704,0.10188760626001857,-0.003998787434566376,0.0105164745955868,0.02121320098211754,0.029919414233559483,-3.4702005336680823,-44.955110762399094,-88.7665065648997,0.010059428668471634,0.017671959266776636,0.1447095472760086
16496,1723238056385662733,0.8993841409683228,0.2527514100074768,0.135025218129158,-0.0631793066859245,0.0510935001075267,0.001131369266659,0.9966928958892822,0.0,0.0,0.0,-0.4301667320306372,-0.27549479995608506,-0.3866689236973393,11.383732488,0.135025218129158,0.05249598542562548,0.020864758990129455,-0.012552953411887962,-1.2159486452816761,-5.551610810701718,0.8256785047625099,-0.12682442086602103,0.1021696747841492,-0.004222882299039612,0.0021082387206519115,0.014986788867403789,0.021345665637388933,-3.0324837661186805,-0.5763597075334914,-15.766558878647029,0.0016005612495672541,0.004132365473943462,0.1447095472760086
16498,1723238056392344687,0.8993957042694092,0.2528691291809082,0.1351941972970962,-0.0630330294370651,0.0509956590831279,0.00106142682489,0.9967071413993835,0.0,0.0,0.0,-0.45280750102715717,-0.21563019113096565,-0.4139551046606838,11.390414442,0.1351941972970962,0.044943867032901624,-0.02813305375091785,-0.020483518210765064,-2.746548821171058,-7.695003604221393,-0.1863536268669646,-0.1265355555499295,0.10196588383044673,-0.004335490495977706,-0.00034488462276272003,0.013588050623511982,0.019348623783224994,4.694393948336348,10.362329881117454,-0.26054046060788494,-0.0009285986723617193,0.004138356270610098,0.1447095472760086
16500,1723238056405409099,0.8993381857872009,0.2529437243938446,0.1352952420711517,-0.0632409751415252,0.0500985868275165,0.0011461224639788,0.9967394471168518,0.0,0.0,0.0,-0.18501852145124054,-0.044410587528054046,-0.3197064663459772,11.403478854,0.1352952420711517,-0.03222432481635476,-0.13791415617277342,0.002638151341598735,1.184310873613624,-3.0819758581562606,-2.811914584592681,-0.12693000328215914,0.10018293822997679,-0.0040722258295829514,-0.008449116444452898,0.01061005997172515,0.011000919406887633,44.001852679737496,5.4974308999996495,8.636709396287365,-0.005177262127179976,-0.003658486288281591,0.1447095472760086
16502,1723238056411317827,0.8992774486541748,0.2530195116996765,0.1353689730167389,-0.0632628500461578,0.0496757887303829,0.0010963510721921,0.9967592358589172,0.0,0.0,0.0,0.13778876301555307,-0.03226021983038063,-0.26487288330990344,11.409387582,0.1353689730167389,-0.006276553264283427,-0.14190474393850425,-0.026220823031047787,4.148105130456864,4.215947681730772,-3.53017532159403,-0.12697183633649545,0.09933158533427415,-0.004119988198620421,-0.008379026141550838,0.010838128245511669,0.009965041295627586,35.13369493260559,0.527713405051536,-0.697375461590795,-0.011518503409161844,-0.009103125417297768,0.1447095472760086
16504,1723238056421633460,0.8992252349853516,0.2530955076217651,0.1354265064001083,-0.0631074011325836,0.0496104061603546,0.0008948246249929,0.9967725872993468,0.0,0.0,0.0,0.1490584361886534,-0.05434611875566958,-0.4517544769823866,11.419703215,0.1354265064001083,0.03213163815483195,-0.010325146900339225,-0.03825305256903439,1.6107810598937768,4.833256435522282,-1.4017824839331514,-0.12667802621004598,0.09917602663969255,-0.004499821125702602,-0.004689793057352176,0.009229224248192835,0.005619799461445751,-10.141066399682261,11.695055037250214,5.097614285268726,-0.0056218982444459446,-0.004544985520217548,0.1447095472760086
16506,1723238056432095765,0.8991801142692566,0.2532118260860443,0.135485753417015,-0.0629830360412597,0.0493637397885322,0.0006134390714578,0.9967928528785706,0.0,0.0,0.0,-0.07624040770296264,0.2148264903728726,-0.15209688187327164,11.43016552,0.135485753417015,0.026568055574901113,-0.043820063590937694,-0.05541650933421721,-0.5992389754212111,-3.8213221618787605,-0.4817304889521199,-0.12645138049575758,0.09864803854053632,-0.005019638360367981,-0.005343518902343192,0.009738949922162732,0.0005694966014466729,-7.1770853142166535,14.462213081703366,31.942768478957003,-0.004904936957798908,-0.0038175478663962327,0.1447095472760086
16508,1723238056440862702,0.8991256952285767,0.2532870769500732,0.1354533284902572,-0.0629029050469398,0.0489919297397136,0.0004081431252416,0.996816337108612,0.0,0.0,0.0,-0.03368881909266855,0.2588551065112916,0.1521944070895574,11.438932457,0.1354533284902572,0.020818948145008908,-0.08187485828055403,-0.05112711502549714,2.0683044003235684,8.090466720531134,-0.5781951744246885,-0.12630377166440787,0.09787947109605158,-0.0053755370263739236,-0.006112972966043628,0.012842586068673612,0.001664885113049408,10.160797455038102,1.123827424317362,26.996431054707763,-0.005861989724036489,-0.006598446544817441,0.1447095472760086
16510,1723238056450837087,0.8990657925605774,0.2534635066986084,0.135530799627304,-0.0625602975487709,0.0496658682823181,3.516384822432883e-06,0.9968047142028807,0.0,0.0,0.0,0.12788516657245097,0.22582624775905813,0.3339443792815261,11.448906842,0.135530799627304,0.07236218475134562,0.13989328516862384,-0.06900798532245597,1.7473876646342572,2.991833483837878,1.0232429557985174,-0.12566685451230436,0.0991772901744587,-0.006237906254586146,-0.005835303736006381,0.014344607973601597,0.003492155967312449,13.976218090565688,2.9233276030660917,1.3744846874468335,-0.006854865651729198,-0.005317023082442568,0.1447095472760086
16512,1723238056461758154,0.8990041017532349,0.2535801827907562,0.1355178207159042,-0.0622917041182518,0.0493445247411727,-0.0001220555204781,0.9968374967575072,0.0,0.0,0.0,0.25394253523591864,0.33230409881517264,0.14750329405069262,11.459827909,0.1355178207159042,0.050548465980159926,-0.05752003159598126,-0.02416141281046277,3.187216391306794,-2.1110794527562065,-3.0023586716440644,-0.1251329851585063,0.09852104232280061,-0.006422034234620744,-0.0032423400389802737,0.017710541353864073,0.008941769603000083,3.7554251237136835,-15.063062027717855,-42.98758910960393,-0.005572662145613615,-0.005801290686114301,0.1447095472760086
16514,1723238056470925217,0.8989928960800171,0.2537966072559356,0.1356777399778366,-0.0617689862847328,0.0495241358876228,-0.0006483217002823,0.9968608617782592,0.0,0.0,0.0,0.22844837143999402,0.0032911773802086763,-0.4459833862606101,11.468994972,0.1356777399778366,0.11966026973584305,0.04597677741049683,-0.10638466475349273,-2.4104668354918886,-0.250729861368598,-2.295317311974878,-0.1241370160791285,0.09881800095826296,-0.007447083693048901,-0.000787354957850539,0.020942226689797394,0.007589256196523841,-2.562634608518378,-36.123953979909935,-33.12599828505385,-0.0031124194686177387,0.00039355575074120615,0.1447095472760086
16516,1723238056481093355,0.8989897966384888,0.2539794743061065,0.1356437504291534,-0.0618694722652435,0.0490675009787082,-0.0008927429444156,0.9968770742416382,0.0,0.0,0.0,0.20485468150328615,-0.36665217999067057,-0.4262399592662832,11.47916311,0.1356437504291534,-0.017066707094574474,-0.08673601239938179,-0.054449657931732294,-4.397509666743768,-6.369477693969435,3.6771196709026706,-0.12435398666576224,0.09787425401024118,-0.007889309322883339,0.001091654818779375,0.017036764586343622,-0.00031156218878614084,-1.3282000120036557,-7.989789194233525,17.485065533422592,-0.00011790697035551635,-0.000707918794034407,0.1447095472760086
16518,1723238056491692866,0.899016797542572,0.2541495859622955,0.1356739401817321,-0.0616861581802368,0.0486322157084941,-0.0010410747490823,0.9969095587730408,0.0,0.0,0.0,0.20173891454011803,-0.13762256659401761,-0.06916524968240034,11.489762621,0.1356739401817321,0.03630701045885271,-0.08041483773675807,-0.03127987338744284,0.9729798078514895,-2.791291352334867,1.4685146395942703,-0.12399097300854164,0.09698738292364777,-0.008113804003457441,0.0034846696549166722,0.013343084880601097,-0.0009536945612804715,-4.202942913869396,37.37209856255353,42.096947940655284,0.0021299037783939316,0.0027488790599054344,0.1447095472760086
16520,1723238056503002963,0.8990675210952759,0.2542678415775299,0.1356172710657119,-0.061703123152256,0.0477622635662555,-0.0011187940835952,0.9969504475593568,0.0,0.0,0.0,0.10702829016969012,0.4753109450382774,0.5084390334190438,11.501072718,0.1356172710657119,-0.0017161518563136699,-0.15286793264294093,-0.023328823586312022,-0.38525920907641986,-1.9350243779054352,-0.28949059887766326,-0.12401499973791805,0.095239065951797,-0.008162005079490112,0.005476383366307402,0.014331212216793787,-0.0018395538519442312,-11.009458587453777,27.078325461098295,34.828831125409266,0.004855850602346938,0.003948169268176567,0.1447095472760086
16522,1723238056511909502,0.8991232514381409,0.254422664642334,0.1356231272220611,-0.0616409592330455,0.0471371673047542,-0.0012299406807869,0.9969839453697203,0.0,0.0,0.0,-0.009512465981405482,0.5263056088335613,0.7047329975510741,11.509979257,0.1356231272220611,0.015729843807061283,-0.13874352048969565,-0.03286831726099355,2.914028484669813,12.169011679084793,-4.158732318338746,-0.12388797758627211,0.09397663501533207,-0.008300343250793842,0.005945178319933575,0.021285539087527283,0.0068043046170327415,-7.1536606310433575,-15.590430103365554,-25.095258754557193,0.006024066902988399,0.006232928693599441,0.1447095472760086
16524,1723238056520931063,0.8991740345954895,0.254650354385376,0.1357406824827194,-0.0614333190023899,0.0474141463637352,-0.0017029985319823,0.996982991695404,0.0,0.0,0.0,-0.019850007320297153,0.19086888276457292,0.0476156852548828,11.519000818,0.1357406824827194,0.05074800918401683,0.06774963964673009,-0.0986018780255528,1.3069480542706353,8.226114496704675,-2.8042998574790534,-0.12352071700948998,0.09447342337854474,-0.009262775212817773,0.00529145397631936,0.023707946229372112,0.010733435296934601,1.9175007653047964,-26.706975035857923,-52.9551051512392,0.0041418100960988755,0.006777075376924239,0.1447095472760086
16526,1723238056532783444,0.899231493473053,0.2549075186252594,0.135832130908966,-0.0612968914210796,0.0470186360180377,-0.0020539853721857,0.9970093965530396,0.0,0.0,0.0,0.05057812676704082,0.037434039685499076,-0.2704141897792753,11.530853199,0.135832130908966,0.026147220741235995,-0.06307161894206852,-0.062048605843101186,1.0755566393855207,-16.761663454295668,3.39486789434917,-0.12327096416160464,0.09364102880289427,-0.009903427146695386,0.005875436898612918,0.024761162909090473,0.005257451167896221,6.65601915018169,11.265271285350758,34.754092875447604,0.00389102532655561,0.00551552701803596,0.1447095472760086
16528,1723238056541178171,0.8992869257926941,0.2551335990428924,0.135861650109291,-0.061079554259777,0.0460147783160209,-0.0021361026447266,0.9970694184303284,0.0,0.0,0.0,0.1106983334453463,0.2759543326689835,0.38751661319655856,11.539247926,0.135861650109291,0.05391224698980552,-0.23781542094824207,-0.03170153549171263,0.05061509604177822,-9.258151305576895,1.0298387556332718,-0.12282016369261674,0.0916270677793642,-0.009922595219039562,0.006307796194136017,0.024769637835763803,0.004126613933778778,12.43248180117236,41.78681537376334,80.19129723271625,0.005987358631595094,0.006862124184773665,0.1447095472760086
16530,1723238056552106500,0.8993516564369202,0.2553735375404358,0.1359154284000396,-0.0610516481101512,0.0450445115566253,-0.002391658257693,0.997114896774292,0.0,0.0,0.0,0.3215503836475595,0.9228766934129777,1.289723258263566,11.550176255,0.1359154284000396,0.008131909210400507,-0.17456413621879352,-0.05722538292440891,0.11698395002300765,16.116721312690228,-6.97593144604201,-0.1227664818038925,0.08965714608188162,-0.01031119649282138,0.008359682380827849,0.031696885380975814,0.015791001238722124,1.7557560454641639,2.30940175046171,3.629040968711223,0.0052330051932622185,0.006326538590585005,0.1447095472760086
16532,1723238056562312344,0.8994601964950562,0.2557898759841919,0.1361801922321319,-0.0608339346945285,0.0454397089779377,-0.0033092342782765,0.9971075654029846,0.0,0.0,0.0,0.1723094302217013,0.40424505535970856,0.5744915465836833,11.560382099,0.1361801922321319,0.0503680605211964,0.08836656692150809,-0.17264853447012976,5.901583977058076,10.858759716547407,-5.809570528688713,-0.12242017772590641,0.09033674650665663,-0.012177833621636795,0.012916562794558217,0.04387008551047167,0.03107315174323233,-20.885645682448015,-68.63756385416585,-86.74237908725033,0.007755828335805728,0.012995872987153665,0.1447095472760086
16534,1723238056571749200,0.8996019959449768,0.2562307119369507,0.136518195271492,-0.0603000596165657,0.04567227140069,-0.0041971392929553,0.997126042842865,0.0,0.0,0.0,-0.0794312875422798,-0.3989755171301752,-0.38947127048370067,11.569818955,0.136518195271492,0.12144542133813031,0.060789656014705276,-0.17948114200464105,-0.08034621333743974,-3.4955768670072764,1.797846682850298,-0.12143304447810241,0.09070015359707226,-0.013935967348916984,0.012150112115946854,0.04080439026196814,0.02844149098973414,-10.061241289518941,-43.314521516959914,-47.604581365814624,0.011070418210127475,0.01837706041252522,0.1447095472760086
16536,1723238056582336120,0.8996964693069458,0.2565925121307373,0.1367316991090774,-0.060171902179718,0.0457195229828357,-0.0048986366018652,0.997128427028656,0.0,0.0,0.0,0.011390958804212814,-0.3610694491898976,-0.24562863607729457,11.580405875,0.1367316991090774,0.030183195569151406,0.01697285255853329,-0.13049474530464233,-1.5225643111621432,-0.6750557675837965,1.8564298241196306,-0.1212402116285729,0.09071130394377878,-0.015334847944717525,0.011330410670780111,0.03570023597620775,0.023004568796324065,54.97623354810488,100.3962366544612,6.725540156982843,0.0065371318624506,0.010882305584250823,0.1447095472760086
16538,1723238056591694510,0.8998224139213562,0.2569392323493957,0.1369704604148864,-0.0598517917096614,0.0458629019558429,-0.0055604092776775,0.9971376657485962,0.0,0.0,0.0,0.9096997575328659,1.3793785699670749,-0.23944785174779262,11.589764265,0.1369704604148864,0.07464974860239376,0.03930870278637342,-0.1360414358923812,4.114635280493213,2.0518414657898196,-0.3246253660258297,-0.12066075263594507,0.09092287742429131,-0.016648475478518387,0.012171741903249433,0.03332257936657396,0.02292224601112433,77.95639172179202,761.9906797617128,763.5656908489611,0.010469726201211754,0.015958418586578246,0.1447095472760086
16540,1723238056663487242,0.8999878764152527,0.2572791278362274,0.1371891945600509,-0.0591803789138793,0.0459119118750095,-0.0060157966800034,0.9971728324890136,0.0,0.0,0.0,-3.4255492782344845,373.3280274863837,474.75422043438186,11.661556997,0.1371891945600509,0.019283530063684863,0.0021797713316851594,-0.011704865032810315,16684.181879826898,-19898.208289170834,-2259.877930627117,-0.11935412968804625,0.09097763883924172,-0.01750503100757285,0.5289911101649523,1.0319830063747304,-0.12130105550897952,-133520.32757965653,1263503.3450734792,1764726.9038280875,0.0019355094608057032,0.002607057787917652,0.1447095472760086
16542,1723238056663731709,0.9001176357269287,0.2575322687625885,0.1371594369411468,-0.0586859360337257,0.0453101098537445,-0.0060725733637809,0.997229278087616,0.0,0.0,0.0,-36.17796240211874,683.2603947503931,907.635257932415,11.661801464,0.1371594369411468,4.111904869974034,-4.878839417959132,-0.5660531282001752,5035.767128969077,-14951.483761484302,-4313.119643250156,-0.11834855057600754,0.08977693721661739,-0.01750099885856829,0.5281448321572952,1.1235485878077043,-0.004842432366444882,-685199.8751598734,-649899.3680037296,215626.448105474,0.5214313448378552,0.5245135193176438,0.1447095472760086
16544,1723238056663965993,0.9002407789230347,0.257815271615982,0.1371845453977584,-0.0583907216787338,0.044446587562561,-0.0062746466137468,0.997284173965454,0.0,0.0,0.0,-320.47323293149316,100.43027006888178,608.9968945932228,11.662035748,0.1371845453977584,2.663585884693519,-7.255855975284667,-2.0358233684624336,-5186.05725526951,1979.9162081776285,-7949.750553852948,-0.11774887854810458,0.08803265554237694,-0.017775514028749412,0.5123232963703686,1.3529383888455868,0.30463016295755097,-754947.8761131521,-2659461.5039470363,-1964566.2599321513,0.492686967162296,0.5419242122114843,0.1447095472760086
16546,1723238056664200828,0.9003579616546631,0.2581671178340912,0.1373025625944137,-0.0582192949950695,0.0439549013972282,-0.0067596291191875,0.9973128437995912,0.0,0.0,0.0,-389.83247581746684,-564.533021716561,-14.74124420949272,11.662270583,0.1373025625944137,1.6801255796259107,-3.936644769153478,-4.297281607719942,-5010.1694855473015,9242.872353490542,-4957.304868314975,-0.11743274623052606,0.08699618829604791,-0.01867267357357758,0.3775256799618205,1.1696928919844538,0.2800641097683183,-32701.537788032096,-1362194.8927705488,-1638623.525476041,0.42549209967838003,0.5540155946611452,0.1447095472760086
16548,1723238056664874191,0.900377631187439,0.2583203315734863,0.1370615661144256,-0.0593166090548038,0.0415862277150154,-0.0061051594093441,0.9973540306091307,0.0,0.0,0.0,95.27324736350852,1355.3692023332123,846.3481509556136,11.662943946,0.1370615661144256,-3.281211870586412,-7.157028970598425,1.3866357727170529,36669.73360779397,10480.563712193873,-17007.513102480225,-0.11951519057270615,0.08232105573924607,-0.01717050686978962,0.47063537378198816,1.2061893756504105,0.4436555516454632,-967879.8158344651,-522579.9765757071,-1024667.6103312678,0.054643629016604134,0.0008081973136175578,0.1447095472760086
16550,1723238056665113619,0.9005278944969177,0.2586924433708191,0.1372360289096832,-0.0582390166819095,0.0411452017724514,-0.0067067281343042,0.9974319338798524,0.0,0.0,0.0,-280.1953953035496,943.0259161664112,404.9126236707074,11.663183374,0.1372360289096832,9.24763655025076,-3.3482868710575904,-4.8519683767562025,13994.301479811988,11821.935109751783,-10935.29843000181,-0.11738790287653969,0.08138771157572718,-0.01823288226919145,0.4897855122476358,1.6414758100961535,0.6976646749212705,-1487312.0737520198,-2730414.540811694,-2285985.036524351,0.5379309316084375,0.6991337349554442,0.1447095472760086
16552,1723238056665347596,0.9006109833717346,0.2590964734554291,0.1373921781778335,-0.0578208304941654,0.0409383587539196,-0.0071757650002837,0.997461438179016,0.0,0.0,0.0,-609.6994211123775,73.64372320725967,-231.08178767343577,11.663417351,0.1373921781778335,3.756919831590527,-1.5164301225668517,-3.9531616348404577,-22574.440307578272,7532.408105029437,3716.7369152798847,-0.1165802023713134,0.08092735750322538,-0.019112991016328372,0.3418714374083125,1.662053226228238,0.6424133756540243,-1349350.139243231,-3572177.4973760806,-2610863.698125015,0.26704493479689145,0.42549011690889377,0.1447095472760086
16554,1723238056671101203,0.9007041454315186,0.2594994902610779,0.1375573873519897,-0.0574407987296581,0.0404078103601932,-0.0077690854668617,0.9975005984306335,0.0,0.0,0.0,-36.36694155177269,-176.8454933193852,-67.73074214441715,11.669170958,0.1375573873519897,0.1423204488459019,-0.1716389108599095,-0.21087716041787696,-400.552622464544,150.92303895732312,414.47141521841377,-0.1158491874697623,0.07980579148270021,-0.02020713450582234,0.013631927399828214,0.06218216321635062,0.028497670709636047,64501.51883224087,-21140.713527165328,20486.986354986642,0.012437169398383683,0.019237982746719704,0.1447095472760086
16556,1723238056681068916,0.9007958173751832,0.2599835097789764,0.1378377079963684,-0.0570710264146328,0.0398772023618221,-0.0085235210135579,0.9975370168685912,0.0,0.0,0.0,-0.3472140516946583,-0.8398547244713939,-0.012788172768672723,11.679138671,0.1378377079963684,0.08137221388180567,-0.09722294615241639,-0.15405817342584605,-2.9533693162131005,5.738397700043523,3.3446985926769415,-0.11515034339118013,0.07866618958962675,-0.021625279563328846,0.008287681548139858,0.047313951893205086,0.026329397800130216,1839.900238446041,8975.72876655409,3450.5141585543543,0.005909497803361953,0.012035781821410787,0.1447095472760086
16558,1723238056691268593,0.9008708596229552,0.2604531049728393,0.1380875408649444,-0.056674301624298,0.039542905986309,-0.0092593999579548,0.9975664615631104,0.0,0.0,0.0,-0.09341840242189614,0.09691176652490907,0.28806379540893023,11.689338348,0.1380875408649444,0.0842423301381132,-0.056721075081200584,-0.14452886636091833,0.22059091307714995,7.295768662617976,0.7906829448784372,-0.11440081136056415,0.07792264654402403,-0.02302777205377344,0.006718201450233607,0.045550384001398214,0.028335857163151346,3.487305880334487,38.18104842432304,-19.65697472494018,0.004369431865246537,0.009935358979499704,0.1447095472760086
16560,1723238056703232368,0.9009422659873962,0.2609911859035492,0.1384804546833038,-0.0561890564858913,0.0399524495005607,-0.0101239504292607,0.9975691437721252,0.0,0.0,0.0,-0.35193850126890514,-0.19933274924430755,-0.6368739323565484,11.701302123,0.1384804546833038,0.08602819742805773,0.07722172725977548,-0.13708434391552965,11.03438245186122,1.3836723119509866,0.15650204920969202,-0.11350764352344826,0.07865402442393264,-0.024767558505509792,0.0064489578206661236,0.05049613916458995,0.033064042714132214,-19.08634187684094,-49.57391734709972,-67.35493231312263,0.002257396231850393,0.009310010572706338,0.1447095472760086
16562,1723238056711436537,0.9009978771209716,0.2614365220069885,0.1387529671192169,-0.0552372336387634,0.0400472022593021,-0.0107370410114526,0.9976121187210084,0.0,0.0,0.0,-0.49433596618988457,-0.7456389545118787,-1.1334492130098863,11.709506292,0.1387529671192169,0.23779593588432144,0.03337100018494323,-0.13842070989352087,-6.6305341138098495,-15.248433048183635,5.14949531391666,-0.11164817907174648,0.07879850038010676,-0.025930356313898048,0.0017081962159295472,0.04541356802769059,0.02203250912443533,17.873570953763966,1.9547181360945487,34.520411768762195,0.002737386122448626,0.01037129759053943,0.1447095472760086
16564,1723238056722123972,0.9009455442428588,0.2617984116077423,0.1388327330350875,-0.0562296919524669,0.0386289544403553,-0.0106691708788275,0.9976133108139038,0.0,0.0,0.0,0.18717490919061228,0.22953917978189375,0.5587708706820945,11.720193727,0.1388327330350875,-0.1829274876702343,-0.2674755870806468,-0.009424974018430763,-10.73061751280042,-1.3518436011724482,3.2796947247762795,-0.11358605765649595,0.07594665755056847,-0.025708532260745157,-0.00241230576001783,0.03568860027617049,0.012858911217178637,34.09214362180121,55.75538169575633,61.87260595715519,-0.006315147186510894,-0.003723031596957791,0.1447095472760086
16566,1723238056733431158,0.9009479880332948,0.2622238099575043,0.1390426754951477,-0.0560282915830612,0.038815289735794,-0.0111266430467367,0.9976123571395874,0.0,0.0,0.0,0.2176586741481283,0.4354142617666503,0.10438026189439342,11.731500913,0.1390426754951477,0.03830302127037451,0.03781660697549684,-0.0774963880475532,40.007539712280824,29.13617205860119,-4.88536081311984,-0.11322302766191336,0.07627234227613294,-0.02663022294608858,0.00655550939295324,0.05191553843370045,0.0361299206685608,-41.31033289489573,-90.61125111642932,-192.91628845275534,-0.0021982164979212184,0.0023480870061788695,0.1447095472760086
16568,1723238056741500625,0.9010373950004578,0.2627250552177429,0.1394353657960891,-0.0541051477193832,0.0399168282747268,-0.0117103923112154,0.9976683855056764,0.0,0.0,0.0,-0.3691190040949393,-0.9224399752328294,-2.3319009453002173,11.73957038,0.1394353657960891,0.47886514123009316,0.2852327942705284,-0.11038334089811215,6.522678219648665,-5.2856803518195346,2.9259594504483024,-0.10944728901649921,0.07846080752590653,-0.0277745957726841,0.004997979436012656,0.04967206950911596,0.02572120837258396,-29.22093352358406,-66.83253973399918,-123.22147248859565,0.005507311294800864,0.016162040257792432,0.1447095472760086
16570,1723238056751745096,0.9010095000267028,0.2630720734596252,0.1394004821777343,-0.0545236021280288,0.0387163162231445,-0.0115741705521941,0.9976945519447328,0.0,0.0,0.0,-0.10279029643962828,-0.2878292174200423,-1.2702219135519022,11.749814851,0.1394004821777343,-0.07954379854157743,-0.23642567102208228,0.01065029263097998,-22.932115736722295,-30.814211260012613,9.260391550835376,-0.11023323385260178,0.07606531483476209,-0.027399525773338495,-0.0010738050671932342,0.03184101063437694,-0.011720000502775108,29.98787528210227,88.52137858035343,188.50453953647383,-0.0033805995204509325,-0.002342093164924361,0.1447095472760086
16572,1723238056761606995,0.9010145664215088,0.2633667886257171,0.1392059624195099,-0.054557766765356,0.0370184555649757,-0.0110966898500919,0.9977624416351318,0.0,0.0,0.0,0.23083196882422258,0.8374497979552915,1.3945156811121993,11.75967675,0.1392059624195099,-0.005925683701310213,-0.34942644667168027,0.07772731278311892,9.932192164636156,12.391113618959027,-4.6995772797423685,-0.1102066117678958,0.07272451594273226,-0.026255417646047524,0.0025633958209141383,0.04279407970745375,-0.0016088000865721597,1.011872885809305,84.8638245741063,116.20297105732324,0.0011629221132718548,-0.0004277101189480242,0.1447095472760086
16574,1723238056771113791,0.9010577201843262,0.2638919353485107,0.1393566876649856,-0.0540442168712616,0.0369318909943103,-0.0114560071378946,0.9977896213531494,0.0,0.0,0.0,-0.060304042507281636,1.3762647690696739,1.087882249632471,11.769183546,0.1393566876649856,0.1111090660185348,-0.013059031852558207,-0.0723532166295039,7.437144822142409,22.04336814842023,-10.317680864789358,-0.10919909221626488,0.07252581737027033,-0.026927313416610258,0.0034933399157779377,0.04825185205681848,0.015032435672055033,-24.43273051497779,3.5721456349750973,-67.12121083009274,0.0018934783442289124,0.006756126449104901,0.1447095472760086
16576,1723238056786169501,0.901085376739502,0.264451801776886,0.1395634114742279,-0.0532683655619621,0.0368889719247818,-0.0122168315574526,0.9978238344192504,0.0,0.0,0.0,-0.28053546553303854,0.16384959470775406,-0.7540252312326332,11.784239256,0.1395634114742279,0.10687981745030295,0.0007862216670390525,-0.0972942007910996,-0.9908718281306861,-87.99579414699173,-14.957539157432116,-0.10769571013565586,0.07237902860062567,-0.028388652607981697,-0.0011847693067181808,0.08809903486864812,0.015613240715914856,33.989245265181346,-251.73643606441354,16.114660254802182,-0.00021430333732862862,0.00362055879979752,0.1447095472760086
16578,1723238056791251870,0.9010741710662842,0.264986902475357,0.1396459937095642,-0.0530501268804073,0.0353404209017753,-0.0126424944028258,0.9978862404823304,0.0,0.0,0.0,-0.02437933060833787,-1.4093022543629314,-0.43458442373817574,11.789321625,0.1396459937095642,0.10062578249931312,-0.5989894341846087,-0.19613385394383967,-4.9496256288347595,-76.39265375316047,-8.404352531750295,-0.10723143729967466,0.06924539210753486,-0.02905487816826196,-0.002558767783963134,0.08467213978637922,0.010421170457625362,61.54340682945462,-164.6636556554091,112.73202941897536,-0.006374156497527557,0.001230981935189831,0.1447095472760086
16580,1723238056803048268,0.9010342955589294,0.2654213309288025,0.1396093666553497,-0.0534261539578437,0.033224381506443,-0.0124754859134554,0.9979410171508788,0.0,0.0,0.0,1.006691584040793,0.6147261501449632,2.260939933356117,11.801118023,0.1396093666553497,-0.059590473550116596,-0.3606382506279466,0.007087396291410352,7.56585448477963,36.97087503869097,1.8923929397363644,-0.10789810344001732,0.06502472508570516,-0.028513815548907414,0.00388820075024654,0.04792233665950718,0.021366676642236904,17.144975379941854,54.72060249074754,-17.518936153407964,-0.004217764967283751,-0.0027955880129650833,0.1447095472760086
16582,1723238056816294673,0.901193916797638,0.2662211656570434,0.1402564048767089,-0.0510899648070335,0.0356270149350166,-0.0139826172962784,0.9979605078697203,0.0,0.0,0.0,0.1886993627231126,-0.398667839278378,-1.6306273843102765,11.814364428,0.1402564048767089,0.35519369672180456,0.3784731341988394,-0.19594798224714186,30.869929526726494,-21.273948196354397,-13.36696489018637,-0.10340290414861089,0.0697364747003518,-0.031630708611948936,0.02406813325117696,0.11154867796054901,0.0711449683837877,-130.27634497534117,-472.83747322434306,-437.78396170529527,0.006706300614971014,0.017023363870468565,0.1447095472760086
16584,1723238056820864221,0.9013228416442872,0.2668115496635437,0.1406166553497314,-0.0499755553901195,0.0359458029270172,-0.0146206002682447,0.9979962706565856,0.0,0.0,0.0,-0.5146219310828305,-3.184076676555796,-3.8580960879949546,11.818933976,0.1406166553497314,0.49555695468354183,0.15977098524018965,-0.25393837864098545,9.723358163766816,-43.64847584435175,-3.084918710330389,-0.1012246255463858,0.07034420907735574,-0.03286260569153498,0.022826426273898193,0.10152691708289652,0.055199659606668394,-108.84334681655616,-410.8669446060172,-304.3580695536768,0.01835320023028522,0.037206721906365064,0.1447095472760086
16586,1723238056832460822,0.901428997516632,0.2671745121479034,0.1405611336231231,-0.0500509701669216,0.034657385200262,-0.014594760723412,0.9980384707450868,0.0,0.0,0.0,-0.45038680562442546,-2.1012592130092176,-1.9989715092729723,11.830530577,0.1405611336231231,-0.009527977338431026,-0.22243534244635788,-0.007018517955394648,-17.25485375977681,-7.575501003132974,10.045438571055378,-0.1013226861330866,0.06776970636805103,-0.032682363356256704,0.009710438347141803,0.03543998268627213,-0.00038970297282414634,30.634432317126056,170.1346166382027,187.21137385911507,0.008431980224117968,0.009593181264023682,0.1447095472760086
16588,1723238056843120072,0.9015379548072816,0.2675928473472595,0.1406000703573227,-0.0497154593467712,0.0343598388135433,-0.0146460020914673,0.9980648159980774,0.0,0.0,0.0,0.12202859170130032,0.4643260048872184,0.26006989900286476,11.841189827,0.1406000703573227,0.06422399727597587,-0.054490591370592846,-0.010135968579652037,5.9388937619395,6.437632765631638,-0.707015571217015,-0.10064142140404794,0.06718094996735485,-0.032731415286482074,0.011578268969572036,0.04828982428425377,0.005683505590599935,15.794169200165474,53.555835088994186,45.99508955702622,0.008666656807674542,0.01146248291386293,0.1447095472760086
16590,1723238056851126003,0.9016388058662416,0.2680338323116302,0.1406577825546264,-0.0492984279990196,0.0341143421828746,-0.0147218937054276,0.9980928301811218,0.0,0.0,0.0,0.02053708552820166,-0.23216835320236906,-0.36949158700268864,11.849195758,0.1406577825546264,0.1058765610461873,-0.05898209312330455,-0.01828901643355418,4.6624116503372015,-1.6629311836077316,-0.33890071881960177,-0.09980038497836113,0.06669646621400274,-0.03283007790103769,0.012235311310330843,0.047550381863617375,0.005903418891660905,-14.136770396809627,-49.04084669873807,-55.26274559656481,0.010277814211489638,0.01449709162016441,0.1447095472760086
16592,1723238056863114591,0.9017789959907532,0.2684686779975891,0.1407051235437393,-0.0483993515372276,0.0335073880851268,-0.0147845624014735,0.9981563687324524,0.0,0.0,0.0,-0.17514860071482796,-0.13868679250893834,-0.6123902975232116,11.861184346,0.1407051235437393,0.1520725436639176,-0.09870028610369938,-0.010153697703469272,-7.340744227647001,-7.90828979708302,2.5786383846108882,-0.09797751562644959,0.06550693923275969,-0.032834392372434594,0.01137686402257998,0.042257138570754194,-0.005652683220628063,4.601455808380739,54.91803543197231,31.859136191634313,0.01021558052469417,0.012884952050628201,0.1447095472760086
16594,1723238056871737981,0.901875138282776,0.2688702046871185,0.1405968219041824,-0.048325128853321,0.0326701737940311,-0.01464385073632,0.9981898665428162,0.0,0.0,0.0,-0.005680253915669398,0.6271719827586719,-0.014366651618129112,11.869807736,0.1405968219041824,0.019335802625886,-0.19540023221219363,0.023868542344296834,-6.833838076349099,0.4579843230831948,1.661461714106727,-0.09778685704669511,0.0638501164721252,-0.032464111004359995,0.009224231025484642,0.042939624826072276,-0.008753061666213924,16.203072139884497,46.2760684625145,46.25855226147316,0.010413519469807996,0.011497744953042495,0.1447095472760086
16596,1723238056884430923,0.9019562602043152,0.2693475484848022,0.1405568271875381,-0.0477360226213932,0.0328426584601402,-0.0146572673693299,0.9982123374938964,0.0,0.0,0.0,0.1355448686513563,0.4198564835255052,0.14139130999128663,11.882500678,0.1405568271875381,0.0924983769186613,0.028474637355815565,0.0022876116246475513,31.871616519681897,-0.9267116978280097,-9.878916896657834,-0.0966131729134922,0.06421265298065344,-0.032470298456381885,0.013709792798351828,0.061139095236349306,-0.0024867067385123676,-40.38006625908594,-119.9880795791447,-58.06098144339645,0.005358381920436516,0.007146104112130374,0.1447095472760086
16598,1723238056891152232,0.9020744562149048,0.2698422372341156,0.1405424773693084,-0.0464077815413475,0.032660961151123,-0.0150070544332265,0.9982757568359376,0.0,0.0,0.0,-0.3191804526180303,-0.7555432480242623,-0.49917686589836546,11.889221987,0.1405424773693084,0.39963797037921334,-0.04382763164283125,-0.09322075421124897,25.29749362982807,-6.8019869454832635,-7.629132611289325,-0.09396528421886675,0.06385979853001389,-0.03306721866677529,0.013845488945612772,0.060352217927271745,-0.0027902468231379984,-37.282413961370345,-103.67606549333112,-84.72158694002614,0.015247728477023699,0.019379750840115426,0.1447095472760086
16600,1723238056903930409,0.9021605253219604,0.2702915966510772,0.1404909044504165,-0.0449674949049949,0.0324089117348194,-0.0152409141883254,0.9983462691307068,0.0,0.0,0.0,-0.05775325952486038,-0.35064843921682787,-1.32468212676589,11.902000164,0.1404909044504165,0.22734012133713324,-0.03466072645003042,-0.030842310376834485,-26.80295578416424,2.6041558356346792,5.836481038430408,-0.09108267030719788,0.06338237017678512,-0.033419428621561616,0.0015225909059068954,0.035187271803561515,-0.020198298822588612,57.728034664375734,67.14677919796947,103.5369178606387,0.005801340328550861,0.0074193064591025456,0.1447095472760086
16602,1723238056914099275,0.9021338224411012,0.2706495821475982,0.1401547193527221,-0.0457375943660736,0.0324650295078754,-0.0150333903729915,0.9983127117156982,0.0,0.0,0.0,0.8308714667575776,0.6191167043959052,1.0888205587243975,11.91216903,0.1401547193527221,-0.15299952303307005,0.007089026987272008,0.0362350278437544,18.58282572949912,7.857675845652921,-1.473696417839979,-0.09261563452094619,0.06348796285349688,-0.03305840523924055,0.008271995662582299,0.044720873416586926,-0.033364179567147545,1.3012726864041753,-28.507983016385914,169.99630251157834,-0.0016829395645855602,-0.003855527318320807,0.1447095472760086
16604,1723238056920982148,0.9022415280342102,0.2710017263889313,0.1399236619472503,-0.044924933463335,0.0327212288975715,-0.0151116251945495,0.9983400106430054,0.0,0.0,0.0,0.43877921311382406,-0.15419531731972436,1.9451368067831754,11.919051903,0.1399236619472503,0.2357232647279298,0.07865208848465167,-0.011504328927506276,38.88287952450136,10.663050297055129,-7.23898590934612,-0.09100137289990178,0.06401976870360816,-0.033187143374819573,0.014769433734105775,0.04749878240499683,-0.014765686854606663,-61.4404541419341,-90.08564166334777,-15.871546147337327,0.016061218165457605,0.014762171253186226,0.1447095472760086
16606,1723238056932708098,0.9023971557617188,0.2714855074882507,0.1401261687278747,-0.0429347194731235,0.0338873155415058,-0.01583150960505,0.998377561569214,0.0,0.0,0.0,-0.37104655162399597,-0.7657023584457674,-1.0434034057525594,11.930777853,0.1401261687278747,0.3401909896083784,0.20899600751908798,-0.10244173684829025,-4.792242095215988,-17.916179955853824,4.669388958104644,-0.08710464224720932,0.0663539083046107,-0.03460457469789459,0.00982181568291196,0.034547773965293516,-0.00707964335099831,-17.143516665858442,8.355394848673372,-121.71820344134574,0.010665588874798184,0.015611145087519382,0.1447095472760086
16608,1723238056941905786,0.902462601661682,0.2717548608779907,0.1398853808641433,-0.0420363023877143,0.0331201776862144,-0.0156912095844745,0.9984436631202698,0.0,0.0,0.0,-0.1541536734355215,-0.25233355525094225,-1.2023314373329934,11.939975541,0.1398853808641433,0.19726437117913823,-0.16524449813477482,0.030143874073073486,-3.9888050026167363,-19.867092341552656,5.775242333104369,-0.08526350589008491,0.06486353579303887,-0.0341966399154608,0.006776200625360218,0.02994916881106313,-0.02893317276872942,28.602727401116212,57.36834992209233,66.17768982504408,0.007794097201969384,0.006166461004554665,0.1447095472760086
16610,1723238056951345342,0.9025232791900636,0.2720440030097961,0.1395855844020843,-0.040767814964056,0.0323883295059204,-0.0156991463154554,0.9985201358795166,0.0,0.0,0.0,0.1644904709844932,0.30424687611883616,0.23086822535108265,11.949415097,0.1395855844020843,0.2715115649619672,-0.15106732488515096,0.0009585003351075767,8.14189911826741,1.2380564116139299,-1.8468456806702898,-0.08269229129179732,0.06344331046422304,-0.034067745798062356,0.0070355506828860825,0.029966339610071557,-0.02891258653375761,18.94366639031791,33.94457949693756,98.26770283121249,0.0073837094075183286,0.005195907291600929,0.1447095472760086
16612,1723238056962351949,0.9026085138320924,0.2723653018474579,0.1393038928508758,-0.0387765578925609,0.031582124531269,-0.0157511513680219,0.9986245036125184,0.0,0.0,0.0,0.18289400938184813,0.3567856407130765,0.6250653127015093,11.960421704,0.1393038928508758,0.36467300279973064,-0.14082651063757623,-0.0033912963206961136,16.255553063207135,9.963220250986748,-0.7414614537216977,-0.07867297906238424,0.06189532892579288,-0.033979857901690703,0.010604464520625356,0.03719636471211629,-0.023436582064528366,-10.696874743416918,-9.504113682380094,12.94907351329605,0.008317903292095351,0.006925897497314542,0.1447095472760086
16614,1723238056971424404,0.902726113796234,0.2727626264095306,0.1391073912382125,-0.0361930467188358,0.0316165499389171,-0.0158933941274881,0.9987181425094604,0.0,0.0,0.0,-0.006649968783389193,0.1637902307985062,0.5715526647410688,11.969494159,0.1391073912382125,0.5704164189920423,0.017113273193554067,-0.01270758889310354,5.989116293662903,9.485082390560349,0.386840722307796,-0.07350576260243369,0.06204137659573942,-0.03410686003203184,0.011206661368674986,0.038189121882926,-0.016811895943550148,-34.59031424923823,-38.38555133180661,-77.24918622371369,0.012782213604780886,0.012827185728413697,0.1447095472760086
16616,1723238056983729752,0.9028347134590148,0.2731389999389648,0.1389814168214798,-0.0339433699846267,0.0315939337015152,-0.015868667513132,0.9987982511520386,0.0,0.0,0.0,-0.6609200477988457,-0.5941755672305802,-1.5698888763329464,11.981799507,0.1389814168214798,0.36557601192856753,0.0015830616054816288,0.015647925254358586,1.9784508598670811,-2.850041829112158,4.558760141133369,-0.06899537181763836,0.06207451639737829,-0.03391581510967343,0.009906002555354121,0.0411119802904949,-0.012426568268748994,-11.28100958136013,15.118646468043899,21.00696385475452,0.008403253474623205,0.009050167164865607,0.1447095472760086
16618,1723238056991804262,0.902920424938202,0.2735267281532287,0.1388694792985916,-0.0320005118846893,0.0314515903592109,-0.0156661048531532,0.998870015144348,0.0,0.0,0.0,-0.5300695303806512,-0.06563850435518592,-0.36692409803955317,11.989874017,0.1388694792985916,0.4802317991106588,-0.029843217302714865,0.06440240874977994,-21.54883126480153,-24.53108556388576,14.934005449437663,-0.06508452775891384,0.061868916697889555,-0.03337978983312645,0.0016276546254658797,0.03190767207053291,-0.035308624429482904,54.43608613479795,136.52749652528925,274.9459425233886,0.009846510290101453,0.011110087765141257,0.1447095472760086
16620,1723238057001666516,0.9028282165527344,0.2736473381519317,0.138262927532196,-0.0327935256063938,0.0289511326700449,-0.0139881633222103,0.998944878578186,0.0,0.0,0.0,0.4673129709017521,2.1369266388042476,3.8619888483354945,11.999736271,0.138262927532196,-0.16290869355889206,-0.5203891945829082,0.31884411658934775,14.9358694463127,37.92183867034455,-8.603265375583977,-0.06648448657933316,0.05695451571134889,-0.029898554328679758,0.0023647618087565547,0.04420094372751571,-0.009211031832216499,33.51905781986211,36.54937346780884,79.18044168401943,-0.006194346781553913,-0.012625533847588846,0.1447095472760086
16622,1723238057011163158,0.902957797050476,0.2743594646453857,0.1386536359786987,-0.0293846875429153,0.0319337025284767,-0.0145531501621007,0.9989519715309144,0.0,0.0,0.0,0.16734570283565164,0.7759659183696543,1.4168317669733095,12.009232913,0.1386536359786987,0.7118537822105809,0.6413696188692192,-0.07745743995394845,33.58416678488534,31.415964660431953,-17.906632556140902,-0.059791370968495676,0.06298683076788783,-0.031018995149711376,0.01039258011927302,0.07263717803340697,0.03858268774067941,-41.06126420281963,-121.7808006791761,-311.44837839188654,0.008700549046816315,0.018310899169916114,0.1447095472760086
16624,1723238057021029963,0.9030269980430604,0.2750520706176758,0.1390080899000167,-0.0272004939615726,0.0319955423474311,-0.014674574136734,0.9990101456642152,0.0,0.0,0.0,-0.3349256355006299,-0.20492042641332064,-2.2094612309405175,12.019099718,0.1390080899000167,0.4432217857618902,0.01931166093241549,-0.009908692855425533,-25.03574379406531,-44.50631916645253,6.7023064512870505,-0.05542505051347268,0.06317143877610117,-0.031127791651845486,0.005093438132256267,0.05755198651401372,0.015494625238003934,-20.937724412438435,-34.95753042588585,-155.35181447889468,0.002547958870680796,0.011257305680709952,0.1447095472760086
16626,1723238057035101464,0.9030601382255554,0.2756081819534302,0.1388161480426788,-0.026258286088705,0.0303459931164979,-0.0140869794413447,0.9990952610969543,0.0,0.0,0.0,-0.028163947567713343,0.5966628898855078,-0.13761002905245145,12.033171219,0.1388161480426788,0.1348820467206374,-0.23491397237418588,0.08151795504422656,53.25595845986077,-41.744573534696315,15.975094927247063,-0.05344537815427596,0.059933149318719035,-0.029800043433575753,0.0044371200975064085,0.08123774477709844,-0.012976688620184973,-6.252794429970704,-81.69695808956999,168.59975825264553,0.001991461225202604,0.00256210249893718,0.1447095472760086
16628,1723238057041072481,0.9030919075012208,0.2761989533901214,0.1387403458356857,-0.024343954399228,0.0287114474922418,-0.0135032525286078,0.9992000460624696,0.0,0.0,0.0,-0.1365775520698162,-0.24247969342493048,0.9232279286580258,12.039142236,0.1387403458356857,0.6433286759878333,-0.5441642883287553,0.200919483428015,47.276144156841426,-24.17019456366905,9.818533098535282,-0.0495242923849569,0.05674997038718834,-0.028432397730509384,0.004315769751855214,0.082047354197198,-0.00902049649854586,-24.64324010286444,-108.69605609052437,52.71670699123729,0.0032217339740423174,0.0071046934908423395,0.1447095472760086
16630,1723238057053605313,0.9031195640563964,0.2767828702926636,0.1387239545583725,-0.0228445809334516,0.0279453676193952,-0.0131758879870176,0.9992615580558776,0.0,0.0,0.0,-0.6160618079293683,-0.7671777322121818,-1.7029245233318397,12.051675068,0.1387239545583725,0.2394697290069187,-0.12047653260397456,0.05622560743810111,-6.076811395477048,39.363240509048666,-6.344243734887116,-0.04647952962458675,0.05527561171858733,-0.027654874159095958,-0.0004540869804188219,0.06906300633455231,0.009407065925636005,11.26186630399653,-37.77648675940003,-141.0764960810599,0.0009884360199498236,0.0032960454690091168,0.1447095472760086
16632,1723238057062249376,0.903099775314331,0.2775138318538666,0.1388691514730453,-0.0213456004858016,0.02902128174901,-0.0131023423746228,0.99926495552063,0.0,0.0,0.0,-0.223478207686388,-1.0693394019693296,-2.514213391873208,12.060319131,0.1388691514730453,0.342829469901339,0.2529123089153846,0.0323932009565667,-25.044597893204454,-14.17305295217589,15.41343259202675,-0.043505846214244796,0.057472178601633596,-0.027473186878442055,-0.00718323627202011,0.0640343311714151,-0.024231909461444268,66.99978121893812,38.100767485807914,151.32392831070288,-0.005568558347809997,0.0008085224897119733,0.1447095472760086
16634,1723238057071477458,0.9029852747917176,0.2779025137424469,0.1382413357496261,-0.0224905665963888,0.0270285196602344,-0.0113943023607134,0.9993167519569396,0.0,0.0,0.0,0.607429652944564,0.0019804423491378564,1.2976113089175987,12.069547213,0.1382413357496261,-0.2528106150024346,-0.4430522825250639,0.3536375371762593,-16.98712764783445,-21.73135450181173,8.088161903600591,-0.045647563144438186,0.053533141847138276,-0.024025533805475577,-0.00377797071703867,0.04936285400769158,-0.033864167780143895,40.99781977654158,95.20850291184456,251.9771001568266,-0.009756590172171613,-0.015188532633085772,0.1447095472760086
16636,1723238057084551059,0.9030957221984864,0.2786820232868194,0.1384314745664596,-0.0198248215019702,0.0287383925169706,-0.0117376931011676,0.9993214011192322,0.0,0.0,0.0,0.2350552896589322,0.8598753977645597,1.60819603810698,12.082620814,0.1384314745664596,0.40598253329669665,0.26720660779193767,-0.03558254415022133,23.80866305743767,21.707340718685764,-13.793474364730145,-0.04037390869682875,0.05700325177846855,-0.024641436167460302,0.008579218689916956,0.0788724501501541,0.026466991609819246,-46.39891909719228,-109.21365422382084,-174.79362604147536,0.006136548007750918,0.010604792298945336,0.1447095472760086
16638,1723238057093053745,0.9031693935394288,0.2794590890407562,0.1387224495410919,-0.0178587771952152,0.0298628453165292,-0.0120909688994288,0.9993213415145874,0.0,0.0,0.0,-0.2585337694388933,-1.035548365253566,-0.9759817901815153,12.0911235,0.1387224495410919,0.46142197096933335,0.2713899853355782,-0.06450755356342802,-0.19877636986448266,-11.309668996023193,4.164228956715133,-0.03648764689546178,0.05928802493496218,-0.025279258083818697,0.0066507835878155674,0.07845669682864198,0.023515145157614548,-30.962204940391928,-123.10281962000519,-175.98936819615815,0.004312770374025166,0.012814810837128834,0.1447095472760086
16640,1723238057102625523,0.9032113552093506,0.2800706923007965,0.1388321667909622,-0.01599707826972,0.0300172828137874,-0.0118773197755217,0.9993507862091064,0.0,0.0,0.0,-0.26300787777216805,-1.1382955110923487,-1.281970303225799,12.100695278,0.1388321667909622,0.38712010333830754,0.03596983053490455,0.05687842653560953,1.7935036229150292,-15.808730661455558,8.040326729697824,-0.032750528972137725,0.05965095460449068,-0.024746129658427384,0.003834247917779976,0.05791319689766894,0.007397593419734783,-1.7265963623951937,39.88220373301642,-1.5071026510553267,0.002113191676870538,0.00652230649782941,0.1447095472760086
16642,1723238057113325321,0.9032458066940308,0.2806187868118286,0.1388626992702484,-0.0132013699039816,0.0298413950949907,-0.0114912241697311,0.9994013905525208,0.0,0.0,0.0,-0.296542723366898,-0.10615145180253327,-0.9337633192043886,12.111395076,0.1388626992702484,0.520608409363006,-0.028087149742138988,0.08739452282041268,10.429440669020199,-22.254746100126773,3.1461297671278796,-0.027123885898445683,0.05937855049218257,-0.023800774699471578,0.001393846051414016,0.05778964926695096,-0.001512304232191397,-9.30857697530979,7.4133069479643225,17.08719514347986,0.0018269750708627532,0.004520518650036788,0.1447095472760086
16644,1723238057121535462,0.903245747089386,0.2811346054077148,0.1388227790594101,-0.0107677383348345,0.0285342317074537,-0.0110747683793306,0.9994734525680542,0.0,0.0,0.0,-0.4118649651438451,-0.6062865405041737,-0.8908453042892073,12.119605217,0.1388227790594101,0.5933441039205385,-0.3132866340032251,0.11507748541013141,-0.6602003967157728,-11.12095819216497,-0.4902039289349389,-0.022193806317091804,0.05683049977126642,-0.02279113653892879,-0.0014721166291948862,0.05632214154826798,-0.009815206274749855,-12.876875226451881,-34.163179807347774,23.620889951384434,-0.0011605312433167307,0.0010665051868303573,0.1447095472760086
16646,1723238057131013558,0.903215765953064,0.2815972566604614,0.1386755555868148,-0.0084794955328106,0.0277530904859304,-0.010808952152729,0.9995204210281372,0.0,0.0,0.0,-0.5211173454460191,-0.6373543483824373,-0.46570547888248226,12.129083313,0.1386755555868148,0.4829260589973635,-0.16028337402093057,0.06817372447094842,-12.8206160027192,12.645340215542635,-3.2548757122610588,-0.017578620900897242,0.05532447096269826,-0.02211383513079065,-0.006062841730411606,0.04589757655611315,-0.01694074190652195,4.0063583275690355,30.88342310966975,55.294124008762665,-0.0033763687228099467,-0.0029904557099872057,0.1447095472760086
16648,1723238057141873570,0.903113842010498,0.2820594310760498,0.1384740620851516,-0.0066889654844999,0.0273754205554723,-0.0105629246681928,0.9995471239089966,0.0,0.0,0.0,-0.28432239979077545,0.1231228592332334,0.26468792427264487,12.139943325,0.1384740620851516,0.32912522893666346,-0.06647549389553638,0.05390204302720997,-14.101458751276255,10.767213588506415,-2.575858368631154,-0.01397148479250601,0.05461187790397809,-0.02151624372789117,-0.012179681396233377,0.04473103145550006,-0.01843844405302164,28.02114927775805,33.87427524430081,43.93576671603665,-0.009270581652202398,-0.009504013682620204,0.1447095472760086
16650,1723238057151938485,0.9029651880264282,0.2825299203395843,0.1382895559072494,-0.0057389745488762,0.027676623314619,-0.0105093410238623,0.9995452761650084,0.0,0.0,0.0,0.05569905231910932,0.1268453470896489,0.48937235106737215,12.15000824,0.1382895559072494,0.18776112686365304,0.061757739221506305,0.016206991563251352,-0.033658504673365286,12.142300647038947,-1.2481949183661096,-0.012073161503262188,0.055235533161365265,-0.021360994711769617,-0.01243957059112688,0.04812073108104897,-0.01201893902923068,23.87375132525397,-31.61875956026244,-13.988356903562956,-0.0147285221404992,-0.014792865341467464,0.1447095472760086
16652,1723238057162056172,0.9028630256652832,0.2830307781696319,0.1382321566343307,-0.0040571177378296,0.0285625886172056,-0.0104141877964138,0.9995295405387878,0.0,0.0,0.0,0.19646343442004577,-0.5184110372926667,-0.02147606470076502,12.160125927,0.1382321566343307,0.3299286275165163,0.17852441311460926,0.02897445586071883,15.168100224805237,-15.003582661816143,6.097910400288241,-0.008719624118566837,0.057044732173281903,-0.021086199276898785,-0.011046903051330048,0.047268884786250354,-0.008577344453083668,2.345366123975893,-13.445553057745261,-12.441640289832161,-0.010797347820319478,-0.009384031493219314,0.1447095472760086
16654,1723238057171547854,0.9027497172355652,0.2834595441818237,0.1381248831748962,-0.0017542287241667,0.0275911875069141,-0.0098596150055527,0.9995691180229188,0.0,0.0,0.0,0.11572459379132594,-0.1978771624628064,0.19923564559334764,12.169617609,0.1381248831748962,0.4838431138665848,-0.20024728794967775,0.1299157382327335,8.191421925624864,-25.585777465601204,5.4672028465786,-0.004057202715608644,0.05515196127500579,-0.019839000126925924,-0.008658407479781971,0.03848184383285336,-0.012001310705429091,-25.720767260991167,80.2332612801575,39.29646276224657,-0.012188918439783952,-0.011654926905029051,0.1447095472760086
16656,1723238057184923018,0.9026957154273988,0.2838481366634369,0.1379511803388595,0.0012030524667352,0.0257410742342472,-0.0092317350208759,0.9996253848075868,0.0,0.0,0.0,-0.552746033794391,1.750975253286371,1.0272091150689222,12.182992773,0.1379511803388595,0.4421662578105705,-0.2725667290071634,0.10564559647193479,11.990400862290102,46.489030439377316,-11.51855918453997,0.0019324981662972441,0.05150784752989014,-0.018420087251624043,-0.009672262647484331,0.049554059725153365,0.0012175459821825996,-5.562944568351355,-36.95198086477737,-37.89843875783132,-0.003897219249806813,-0.004161465324879664,0.1447095472760086
16658,1723238057193490208,0.9025819301605223,0.2843851745128631,0.1380395591259002,0.0039023535791784,0.0274740867316722,-0.0094969943165779,0.9995697736740112,0.0,0.0,0.0,-0.3566727122695419,0.43205325777349923,0.1548572375232125,12.191559963,0.1380395591259002,0.6277872122381313,0.41049513007047783,-0.04628712738557845,11.756337277934662,31.90967820706908,-6.060968138606773,0.0072906062187193055,0.055026419513643614,-0.018800952220654595,-0.017024995996564485,0.06962085365485748,0.010231282243090334,42.691471790645814,-197.4308878582462,-88.9288240604523,-0.015003125499777788,-0.011489659375794244,0.1447095472760086
16660,1723238057200681044,0.902436912059784,0.2849276661872864,0.1381126195192337,0.0062574604526162,0.0287146121263504,-0.0096262637525796,0.999521791934967,0.0,0.0,0.0,0.06984929476966062,-1.2500708958184965,-0.4067807879415342,12.198750799,0.1381126195192337,0.6525113862267616,0.3513282527931053,-0.01941528395334699,-5.9727594359495875,-15.785380839238986,3.6243164169753155,0.011976223045402926,0.05755400205368006,-0.018916407246034262,-0.016562492146107388,0.061198289928350746,0.005929299984051006,31.819411255281626,-127.36631897738536,-36.373684661338125,-0.022139160056086172,-0.018069219771072398,0.1447095472760086
16662,1723238057212835829,0.9023096561431884,0.2853788733482361,0.1380977630615234,0.0086097354069352,0.0287165362387895,-0.0095579335466027,0.9995048642158508,0.0,0.0,0.0,-0.10829427894759802,-0.6088650763945496,0.008486257717635948,12.210905584,0.1380977630615234,0.38655976302709494,0.0041926628717993165,0.022323258223437163,1.3542585250087171,-26.01379705053895,5.769309287753078,0.016690457798349427,0.05760106484474458,-0.018643917477924547,-0.015599856630089448,0.04438538672337344,0.0049189683805686,-3.4017246642488606,61.86493521248123,-5.414550389379679,-0.01107097671161554,-0.009792777890510683,0.1447095472760086
16664,1723238057221256521,0.9021483659744264,0.2857950031757355,0.1381750106811523,0.0108570260927081,0.0278502237051725,-0.0092739406973123,0.9995101690292358,0.0,0.0,0.0,-0.07128299344818367,-0.03476483581228651,-0.2680048872806401,12.219326276,0.1381750106811523,0.5335089242965207,-0.2000100155243363,0.08452893501706167,3.4032499264125917,-3.9774919259195496,3.8203085264672856,0.021221596101039693,0.05590365240871695,-0.017963081327049314,-0.01760555407459563,0.043775796883132045,0.005524849546057808,5.736857184554835,44.11516164989156,-48.51559361505878,-0.020519844515881153,-0.017666120528919402,0.1447095472760086
16666,1723238057233646275,0.901958465576172,0.2862345278263092,0.1381769478321075,0.0128542920574545,0.0285720061510801,-0.0089071188122034,0.9994693994522096,0.0,0.0,0.0,0.024251725822050263,0.07316713387978346,-1.154957328611513,12.23171603,0.1381769478321075,0.3195899513778525,0.1202718725882475,0.06683780853400151,4.018724311460911,-10.425244896475313,4.280068108739249,0.025230141696783916,0.05737415320103793,-0.0170992072356308,-0.015446140590697155,0.044030996037115244,-0.0039929398341254085,-8.79387780608887,-19.14539835658296,-26.380189985152057,-0.01591428567413415,-0.014633181962959263,0.1447095472760086
16668,1723238057241625441,0.9018346071243286,0.2866298258304596,0.1381237655878067,0.0147021589800715,0.0279534626752138,-0.0084476629272103,0.9994654059410096,0.0,0.0,0.0,-0.130728406648707,-0.22274454004166877,-1.133142561762037,12.239695196,0.1381237655878067,0.46103054906559454,-0.14932287995273785,0.13032056992886273,5.525950885351323,-23.4198999788224,4.604504406556645,0.028966018129560053,0.0561549439123058,-0.01609039729261835,-0.016023633394731007,0.0448849472366426,-0.01519596977988158,-15.934529076005912,1.2659094377124482,61.203512637043744,-0.015918021305876925,-0.014989740850202661,0.1447095472760086
16670,1723238057251461006,0.9016709327697754,0.2870148420333862,0.1378708779811859,0.0165162794291973,0.0266800262033939,-0.0078530982136726,0.9994767308235168,0.0,0.0,0.0,-0.24515854705293827,0.2546742169484344,0.17770551239212312,12.249530761,0.1378708779811859,0.36746674958345515,-0.2539774394093114,0.13497460395755193,-11.105570926652318,4.970782196685537,-3.4512517850837767,0.032648942395409976,0.05361722483306899,-0.014838535916905685,-0.01801688900471987,0.03869607607386172,-0.023056801048209508,8.971827187040239,34.81789979968015,88.58906460660059,-0.01581741093726549,-0.017330909972406782,0.1447095472760086
16672,1723238057261882438,0.9014679789543152,0.2874131500720978,0.1376599073410034,0.0177422016859054,0.0265104714781045,-0.0075982613489031,0.9994621872901917,0.0,0.0,0.0,0.07587790706873099,0.4660039755145764,0.6074847678991907,12.259952193,0.1376599073410034,0.2341431484885019,-0.029792783933356732,0.05567322338260105,0.02418080056712668,38.473151390152665,-9.43247406055698,0.03511951071544786,0.05328726229358262,-0.014268377968284613,-0.021041091900400488,0.05111043380732028,-0.010417394045414419,14.736696868756804,-31.44532595812621,-76.64697215257563,-0.018911348165956302,-0.019895897036737314,0.1447095472760086
16674,1723238057271167160,0.9012596607208252,0.2879943251609802,0.1376444697380066,0.0193322319537401,0.0286724120378494,-0.0078196050599217,0.999371349811554,0.0,0.0,0.0,0.07978370590446926,-0.2538155165589828,-1.079321359045077,12.269236915,0.1376444697380066,0.34039311526146615,0.46772328256794077,-0.04698471528597506,5.799961666944094,13.439602452903756,-2.9605101649710526,0.03826461882047444,0.057643031709671465,-0.01454544564889978,-0.01730846771625849,0.04943805507595034,-0.009784466705787587,3.918621027571689,-22.677184171342333,-96.67755044579185,-0.02321016968483724,-0.02144410811644727,0.1447095472760086
16676,1723238057285521909,0.9011250138282776,0.2884120047092438,0.1373237669467926,0.0214781798422336,0.0269911233335733,-0.0072659594006836,0.999378502368927,0.0,0.0,0.0,0.21366569070378172,0.637965595855869,-0.580717442059131,12.283591664,0.1373237669467926,0.2984006505784915,-0.2303005328223867,0.09019817835155051,-13.885361659439447,-44.50072218247315,19.79749796012264,0.042613083830445014,0.05428747744258974,-0.013383562504521352,-0.023314639045594276,0.04415908367325727,-0.050744469301747586,57.723517847988916,60.49696274734538,191.6206887656947,-0.008541879248121548,-0.010107296333390973,0.1447095472760086
16678,1723238057292687365,0.90090811252594,0.2887822985649109,0.1368585675954818,0.0220620185136795,0.0250527653843164,-0.0063604791648685,0.9994224309921264,0.0,0.0,0.0,0.8003858354077724,1.0656327026161225,1.3534796188837679,12.29075712,0.1368585675954818,0.15970411699341713,-0.5344108544768003,0.2686856294440414,6.812140497699168,-8.087247980886733,5.255887965712274,0.043849523393416044,0.05037854879187629,-0.01162319002772097,-0.019522831907757165,0.05232762325095841,-0.046776651823885906,23.49427437266982,25.07659130074882,144.55713648141707,-0.02756052966440064,-0.03274870631248388,0.1447095472760086
16680,1723238057303511564,0.900872528553009,0.2893593311309814,0.136648952960968,0.0256374552845954,0.0247035883367061,-0.0064344774000346,0.999345362186432,0.0,0.0,0.0,0.09999132868233529,0.7711873700344052,0.8681489245512628,12.301581319,0.136648952960968,0.6613231698024237,-0.0602235133351358,0.004218776547887573,10.592315731408991,15.698748802821505,-18.28486600694122,0.051008573052158335,0.04972524936607847,-0.011608464997496879,-0.006424754943225253,0.06264643768408362,-0.01904971546890266,-53.33891527343639,-49.09748141036868,-70.77476584721063,-0.0029386730867551336,-0.0034798203342793483,0.1447095472760086
16682,1723238057312674798,0.9007893204689026,0.2900058031082153,0.136476844549179,0.027822945266962,0.0240874625742435,-0.0070341606624424,0.9992979168891908,0.0,0.0,0.0,-0.3005867487697118,0.15145320414270813,0.018424590130578622,12.310744553,0.136476844549179,0.48106474862712945,-0.13442027587082156,-0.11563835022389662,-15.942772705881918,12.717039698368831,-1.8209192747633747,0.05536143185183238,0.0485515970032562,-0.012733424610781894,-0.014119577350250268,0.0683002587119006,-0.024230767757156713,41.547194234355246,-22.35637159262562,6.973450195892575,-0.009054916445539922,-0.008879672301800064,0.1447095472760086
16684,1723238057320769365,0.900638997554779,0.2905425727367401,0.1362417489290237,0.0293529387563467,0.0245568882673978,-0.0072595416568219,0.9992411136627196,0.0,0.0,0.0,0.6453957038635662,0.29423790497917723,0.7878183155749705,12.31883912,0.1362417489290237,0.3786803124563627,0.1173517545388245,-0.04986788438816456,-14.576817519034021,16.493580367928168,2.3455919395651774,0.05840955960416167,0.04952292270066414,-0.013082843742076206,-0.012697394457269695,0.06619721625250641,-0.019906846494082586,75.58901243238034,24.495895812545633,48.666647158576254,-0.017975213216312107,-0.018901805749636805,0.1447095472760086
16686,1723238057331584559,0.9005865454673767,0.291256844997406,0.1361584812402725,0.0303856562823057,0.0250236261636018,-0.0078554274514317,0.999194085597992,0.0,0.0,0.0,0.8664382623403364,0.6582412765226762,0.643897887256788,12.329654314,0.1361584812402725,0.19316510093485448,0.08461144844685232,-0.10801744050127118,1.6136028693936737,4.580512082609835,-6.126764155528012,0.06044301685537094,0.0505057723898748,-0.014196052927623147,0.001069958157962958,0.07738556799339946,-0.007721242843603093,-28.150883216327458,-28.41442862944559,-49.205275768774506,-0.005390822445421656,-0.004087318599150071,0.1447095472760086
16688,1723238057340888811,0.9006438851356506,0.2920676469802856,0.1360864639282226,0.0320385172963142,0.0259091313928365,-0.0086655365303158,0.9991132616996764,0.0,0.0,0.0,0.2155894433263701,-0.1029754045699729,-0.10126249016402222,12.338958566,0.1360864639282226,0.3583954263839965,0.18812524179153062,-0.1710265775253258,5.900904059164342,3.7283147829822303,-2.2189163234051446,0.063701468993442,0.052351485248779805,-0.015677644747341315,0.005877524740533602,0.0804982617197858,-0.00559488656634155,-38.79403956680338,-28.831301603031847,-62.23290717799706,0.005194295622756805,0.007410724204684403,0.1447095472760086
16690,1723238057353432572,0.900712788105011,0.2929650247097015,0.1360525637865066,0.0334777124226093,0.0266090054064989,-0.0094447592273354,0.9990406036376952,0.0,0.0,0.0,0.25588033060974175,0.4313693980389486,-0.5799437777607158,12.351502327,0.1360525637865066,0.23188754837402364,0.10979835695669415,-0.1218607372326135,-1.2997420669313975,-7.500642346486391,3.6934659079082186,0.06653391969447674,0.05382531788547832,-0.017115400136474043,0.0034895821556872875,0.07180756875182581,-0.012442382319218126,28.460751126004066,-3.631441119092064,18.22813797774973,0.004407045285096967,0.006819783084345677,0.1447095472760086
16692,1723238057363814881,0.9007318019866944,0.293712854385376,0.1358396857976913,0.0349910669028759,0.0267189871519804,-0.0099248643964529,0.9989811182022096,0.0,0.0,0.0,0.7683385902784711,-0.0036008304015684445,0.09387453130453816,12.361884636,0.1358396857976913,0.29389038213393637,0.021128156285239806,-0.08545680219690507,8.908789959454488,-1.5857865377486262,-8.267843293923288,0.06953816725239809,0.05410448328112735,-0.017986941101844216,0.009980966119769619,0.08594676463569684,-0.018756184545921428,51.60986006166618,-2.84166152871704,-42.75535994246515,0.0016435902333778302,0.0023110552087774656,0.1447095472760086
16694,1723238057371252636,0.900849461555481,0.2944262623786926,0.1357094943523407,0.0363680273294448,0.0269047114998102,-0.0107351634651422,0.9989185333251952,0.0,0.0,0.0,1.1641944668127597,0.18335376762116473,-0.7977542045379924,12.369322391,0.1357094943523407,0.3758000793816596,0.04639040618744312,-0.20968755256634478,6.911077694912009,-1.937041795808977,-9.954524477765855,0.07224999497073628,0.05455912698719924,-0.019520448795464707,0.016458180622683116,0.07864440732917544,-0.01431746396746103,13.977913850184258,-4.046214719931216,-49.74872481176027,0.01487777958511459,0.017110331640116282,0.1447095472760086
16696,1723238057388754073,0.9011638164520264,0.2950913310050964,0.1355901509523391,0.0391891375184059,0.0250966884195804,-0.0118048088625073,0.9988468885421752,0.0,0.0,0.0,-0.20733527153025832,-1.0892330612319014,1.2196535840052007,12.386823828,0.1355901509523391,0.3278419658763908,-0.2071551033570731,-0.106002991803919,234.79523141982682,-108.5014356928198,-37.84424840655225,0.07787554517851722,0.051082952493795554,-0.021645281204793258,0.048913463876516516,0.12983634678805345,-0.08570886224150343,-234.7419362985874,-613.1331101838455,657.557711151776,0.01746081537906118,0.01856936081206318,0.1447095472760086
16698,1723238057392264105,0.9013572931289672,0.295611709356308,0.1352337747812271,0.0414761118590831,0.0239410419017076,-0.0123805571347475,0.9987758994102478,0.0,0.0,0.0,-1.1413690126430105,-3.621784247292365,3.9094507638646907,12.39033386,0.1352337747812271,1.3191963882196105,-0.6541809987820763,-0.2696488867801299,170.3376199286629,-71.0831689776322,-29.6918224662827,0.08244958248679843,0.04886991615406937,-0.022773997551078992,0.04673430486239383,0.12318723188650615,-0.07769767285731177,-192.371373950322,-542.303772435476,570.1174790034223,0.056628769466794904,0.05425057434137196,0.1447095472760086
16700,1723238057400667111,0.9015812873840332,0.296142578125,0.1350603252649307,0.0435311943292617,0.0234450567513704,-0.0132004963234066,0.9986897706985474,0.0,0.0,0.0,-1.2746034062551925,-4.573555003593643,4.753250603023843,12.398736866,0.1350603252649307,0.4955155089880724,-0.11945268802478874,-0.17856216476461145,-64.11202799648397,35.028219369880304,7.533617330265247,0.08653684258786039,0.047996369138591934,-0.02435567186350827,0.026671958241550442,0.05800230340324397,-0.012114910080151198,40.85618360365484,88.20971874268514,-118.97099851279161,0.0260714079806845,0.02746964277072237,0.1447095472760086
16702,1723238057411649168,0.9018744230270386,0.2967053055763244,0.1350496560335159,0.0450273752212524,0.0226619727909564,-0.0140567459166049,0.9986297488212584,0.0,0.0,0.0,-0.011953454751679526,-0.7131232879013387,0.29790889461516823,12.409718923,0.1350496560335159,0.2781346505843657,-0.14535964648812488,-0.14327978856465412,-11.82157182267092,18.149350729247278,0.3795216913538031,0.0895105367637402,0.04654452093361662,-0.02606532792465159,0.028647519060513105,0.053470999807029074,-0.0037105843389380055,55.86533020751244,150.78118292611254,-212.44581752339758,0.025365466192741725,0.02815467897210536,0.1447095472760086
16704,1723238057421315513,0.9021679759025574,0.2972411513328552,0.1349904835224151,0.0461415722966194,0.0236691907048225,-0.0148277720436453,0.9985443949699402,0.0,0.0,0.0,0.025148840641414205,-0.9635736891587574,-0.11146938643399287,12.419385268,0.1349904835224151,0.23169633862961012,0.20456889578231097,-0.1637168754298549,-4.482703846055003,15.763099807499447,1.712238073497716,0.09168364460381406,0.048657025883936146,-0.02746406259162504,0.026899719433668423,0.0440208558083679,-0.0048073926210490114,7.448960449168589,-11.267835812124456,-30.780328789090415,0.029098450789304096,0.031802805573225915,0.1447095472760086
16706,1723238057433876896,0.9024492502212524,0.297607809305191,0.1349515467882156,0.0472689531743526,0.0241079591214656,-0.0153347644954919,0.9984734654426576,0.0,0.0,0.0,0.17765667392995832,-0.8661100504797492,-0.30924117155566766,12.431946651,0.1349515467882156,0.18063405905774174,0.06896242323433407,-0.07974718541280364,0.1969345209207809,-34.513054702503,2.8704616613270924,0.09390755103968088,0.04961238155942057,-0.028382323463118045,0.03057763460454055,0.03214654482592039,-0.00617499915489006,-25.984059726140323,7.0799293757614805,61.53781200969241,0.02168181875949394,0.02317107461018377,0.1447095472760086
16708,1723238057440926752,0.902697205543518,0.2978461384773254,0.134895846247673,0.0479480698704719,0.0231657121330499,-0.0156589075922966,0.9984583854675292,0.0,0.0,0.0,-0.15637315116214245,-0.8188843426338787,0.4303670762275996,12.438996507,0.134895846247673,0.1988853048469732,-0.2681906917437967,-0.07460248342951972,-1.754693613057329,-18.7214712709228,3.814801035539196,0.09527544987350442,0.047779805282370684,-0.02908532204834793,0.031374529754536695,0.02635392850854501,-0.009147879721743912,-40.620791745702064,14.74822304970115,101.58634514503737,0.03451204515396842,0.03589526077710431,0.1447095472760086
16710,1723238057450713483,0.9029526710510254,0.2980028092861175,0.134789377450943,0.0485437884926795,0.0228815078735351,-0.0156632605940103,0.998436152935028,0.0,0.0,0.0,-0.462071842469034,-0.5651873768458212,1.3793946388520282,12.448783238,0.134789377450943,0.12270030296445078,-0.056021057250757046,0.004645650027997566,-9.733229808001214,34.79002062716255,-0.5131270860240118,0.09647595422781179,0.047229714244503486,-0.02909256183681599,0.0261839113168989,0.018377499075315384,0.006640198011781173,71.89269235611546,2.1149268799918843,29.623410275482748,0.026111583455997702,0.02611885094673251,0.1447095472760086
16712,1723238057461702280,0.9032413959503174,0.2982339859008789,0.1350785046815872,0.0485265888273716,0.0255880616605281,-0.016120258718729,0.9983639717102052,0.0,0.0,0.0,1.600397019517255,-0.8356973519000123,0.8739534288143235,12.459772035,0.1350785046815872,-0.008300356925201507,0.48804595132906553,-0.10723539105037379,-8.460354504266528,31.443917064289924,-6.364299171875781,0.09635190378501403,0.05268128457157823,-0.029750023842235632,0.02194903272676818,0.015249391995040273,0.018913120914366255,2993.94256677541,-2117.314665642511,-448.0341068134869,0.024216049505972222,0.02825894217333684,0.1447095472760086
16714,1723238057491546485,0.90354585647583,0.2982199490070343,0.1350433230400085,0.0488160029053688,0.0250093340873718,-0.0159733109176158,0.9983668923377992,0.0,0.0,0.0,318.40796895582685,-233.6450097139001,-45.08371812303849,12.48961624,0.1350433230400085,0.01972697809138762,-0.037934278117687216,0.012213003622292913,422.60911296280955,76.8960661873652,-99.01911432573334,0.09695386159907055,0.051519276382709506,-0.02949614550509859,0.23066520298641535,-0.05435437578597657,0.025307408098043993,-36489.39327590866,18609.70779774105,663.3732429088996,0.01025825473899403,0.01011051657572676,0.1447095472760086
16716,1723238057492917814,0.9038760662078856,0.2981420159339905,0.1350796967744827,0.0492429807782173,0.0250571239739656,-0.0160706173628568,0.9983431100845336,0.0,0.0,0.0,265.4008395156143,-206.46079730496342,-44.03518126511878,12.490987569,0.1350796967744827,0.6258333824166884,0.0734714389989209,-0.130066371583024,4596.755213356479,-7878.07202618511,1149.7966852876564,0.09780341621652129,0.05163688846057257,-0.029664088733482454,0.6869301335250384,-0.389334035128968,-0.0393715181846801,-72058.79201146954,44639.70520185691,5622.2448694794,0.24068295800766598,0.23968991722950422,0.1447095472760086
16718,1723238057493357655,0.904241144657135,0.2979238629341125,0.1350530833005905,0.049940038472414,0.0240485109388828,-0.0160160101950168,0.9983342289924622,0.0,0.0,0.0,228.99382778489695,-183.3254472491723,-40.87699760625664,12.49142741,0.1350530833005905,3.2338086415672866,-4.5144867008344765,0.5525057395807779,5644.127021629389,-9935.348840807997,1478.780229803682,0.09922814913791933,0.04963696389807028,-0.02961749851190156,0.794167636100382,-0.4748095019019165,-0.05829843751651431,-80330.88704423758,51222.04686985968,7064.518632724554,0.8463094548559733,0.8087770841581502,0.1447095472760086
16720,1723238057502575443,0.9046350121498108,0.2976371347904205,0.134942352771759,0.0506551899015903,0.0223753657191991,-0.0158124193549156,0.9983403086662292,0.0,0.0,0.0,-39.69358321587458,22.764107887087476,1.878752604500435,12.500645198,0.134942352771759,0.15959524907030784,-0.35776113380310776,0.06598206426700336,-155.30628935628118,230.02635942422893,-25.29042573277773,0.10071250992845673,0.046294956211294376,-0.029341136406485606,0.042883124029785336,-0.03831507097411446,-0.018934749944421014,-11794.612219712633,9492.982254376593,2143.6050326940626,0.04413242008712932,0.04109487363930833,0.1447095472760086
16722,1723238057511233307,0.905007541179657,0.2972467839717865,0.1347221285104751,0.0517922528088092,0.0216385014355182,-0.0155686745420098,0.9983021020889282,0.0,0.0,0.0,-0.686352913602728,0.3368940816820658,0.150273877500138,12.509303062,0.1347221285104751,0.2641087508246417,-0.16273292695935004,0.07057267980788025,-3.018457640565296,14.222034161516397,-1.5381760197599754,0.10302032308021421,0.0448312121272689,-0.02887608958245585,0.03921994297089526,-0.041186193631755685,-0.022117567405191885,2871.7721809633176,-1794.4493555392535,-216.52215157027968,0.045407055835025106,0.04040621115966114,0.1447095472760086
16724,1723238057520944317,0.905346930027008,0.2968893051147461,0.1345434933900833,0.0521284230053424,0.0210670568048954,-0.0154445357620716,0.998298704624176,0.0,0.0,0.0,9.407441693645476,-8.419466636682339,-2.13623107301155,12.519014072,0.1345434933900833,0.07043259856950097,-0.11507303740349574,0.03310587364152739,-15.56940602265125,4.56469389931165,-3.1776865883300536,0.10371333990449683,0.043686524343453784,-0.028671415029501948,0.029687392308186844,-0.030632979649715786,-0.015017203964011183,-6321.604911905093,6295.086693279532,1634.8414964256208,0.03675883234808884,0.03294105615627159,0.1447095472760086
16726,1723238057553624700,0.9057384729385376,0.2965677380561828,0.1344242244958877,0.0528259240090847,0.0209935028105974,-0.0153954941779375,0.9982643723487854,0.0,0.0,0.0,-1006.743121994099,988.8013315625703,256.98439415066855,12.551694455,0.1344242244958877,0.04272941852247632,-0.00363377244341115,0.004097653987380419,12645.766759984248,9068.21987442258,417.85428065177746,0.10511503230743073,0.043554463324396726,-0.028550494927602005,1.4797054173295692,-1.3512662711154917,-0.40018362946921116,-198305.3385510845,176536.7360020429,53238.72936709318,0.012404266276277364,0.011493430279074663,0.1447095472760086
16728,1723238057553872064,0.9061072468757628,0.2962309718132019,0.1343244910240173,0.0532249137759208,0.0212653130292892,-0.0153756793588399,0.9982377290725708,0.0,0.0,0.0,-1056.1098018166595,1032.743568988134,270.23857476472205,12.551941819,0.1343244910240173,3.1945156914458854,2.2564898191730047,0.10824378955550769,7453.181165543885,4975.045682841299,196.06405754615824,0.1059089862079268,0.044106713480723016,-0.02846500113043988,1.2287053660112406,-1.1047453788562223,-0.3361117111791003,-143992.988127089,123226.81805241271,39389.81681714146,1.5452489779866934,1.4274305294361938,0.1447095472760086
16730,1723238057554381907,0.9064582586288452,0.2959374487400055,0.1342236101627349,0.0535921566188335,0.0213668402284383,-0.0153849506750702,0.9982157945632936,0.0,0.0,0.0,-1071.1200479225845,1038.3882646474538,275.407817266866,12.552451662,0.1342236101627349,1.4373021956722858,0.41961101011957175,-0.028190945248286647,-3229.4285610094075,-3369.2205757846855,-249.34033054969515,0.10664216171509654,0.04432096904242219,-0.028456592837476133,0.6467392696819942,-0.5402184118819733,-0.18654224734245028,-18002.14120151056,1089.627273815341,7037.7916331910465,0.7126470209727082,0.6604000335655469,0.1447095472760086
16732,1723238057561547140,0.906890034675598,0.2956408858299255,0.1340273320674896,0.0541708283126354,0.020647807046771,-0.0153491990640759,0.9982001781463624,0.0,0.0,0.0,-48.23877923816142,41.03951904000483,13.558356592157411,12.559616895,0.1340273320674896,0.1643420480968013,-0.197229528716757,0.02410151616384835,-101.82173425315456,-39.853335149663586,2.0976561354436356,0.10782059010744713,0.04289740233009415,-0.028436117356575124,0.0552006952963211,-0.03486954260314867,-0.021323306107393414,84519.41075167518,-82178.66014809148,-21685.659807178115,0.06253053856032534,0.05773559138965276,0.1447095472760086
16734,1723238057571354011,0.9073634743690492,0.2953864336013794,0.1338996887207031,0.0550698190927505,0.0207997951656579,-0.0154821528121829,0.9981458187103271,0.0,0.0,0.0,-1.0457644006681406,0.39116562736831595,0.3306396201395797,12.569423766,0.1338996887207031,0.18369360828429934,0.03251466125617146,-0.025129312495185515,-1.6156572496266541,3.9660629516799446,1.097207603330312,0.1096129922931461,0.04324112994230471,-0.02864670208393163,0.04275961906486714,-0.028205572057116157,-0.015872009596253456,2527.8421028485855,-2166.668411492113,-708.0267703322905,0.04951652872932674,0.0468318002383564,0.1447095472760086
16736,1723238057581915611,0.9077523350715636,0.2950628399848938,0.1336995661258697,0.0557270646095275,0.0199986137449741,-0.0152433170005679,0.998129427433014,0.0,0.0,0.0,-0.33138849417121463,0.0087327692074477,0.14140584864907968,12.579985366,0.1336995661258697,0.12580779547395082,-0.14695249382837555,0.05603898698713591,1.1227727034401038,-8.04642391088936,3.7619126242813117,0.1109594583579207,0.04163336679794049,-0.028228885736516458,0.03424939017966011,-0.027354105156144115,-0.01494173271382504,33.83731647875675,-22.215551931847727,-5.0808968968016455,0.038424469476002705,0.035046912541319745,0.1447095472760086
16738,1723238057593340112,0.9081118702888488,0.2947909235954284,0.1335783749818802,0.0569773167371749,0.0192316733300685,-0.0150211909785866,0.9980772137641908,0.0,0.0,0.0,-0.36253176527074293,-0.07212993449549554,0.24198830141119598,12.591409867,0.1335783749818802,0.22024098175673576,-0.1283251103079723,0.05053301795331297,-1.220640144057013,-4.784650556504442,0.6781732465110579,0.11349233515667151,0.04011187973463709,-0.027819040656800558,0.03632581228683307,-0.028142702143870935,-0.012667258867473663,-33.40093982788781,19.937459035819398,35.67651997764233,0.0325199595363997,0.0302781525925968,0.1447095472760086
16740,1723238057601208786,0.9084240198135376,0.2945459485054016,0.1334675401449203,0.057595357298851,0.0184200536459684,-0.0148341543972492,0.9980598092079164,0.0,0.0,0.0,-0.7915982135094444,0.23116399210019067,0.6683525133041569,12.599278541,0.1334675401449203,0.15922335441782903,-0.2007412802604956,0.06215669344224238,-9.470782416812046,-0.483934937611493,0.47074009480487256,0.11475723695813514,0.03848688798662895,-0.027512769748810097,0.030523378813967383,-0.028727086663927537,-0.01053062665125637,-18.631767635823213,42.90284087428542,38.14393837731556,0.04102331093405067,0.038143755756138126,0.1447095472760086
16742,1723238057612543924,0.9086206555366516,0.2942596077919006,0.1334062218666076,0.0577302016317844,0.0180401857942342,-0.0145686715841293,0.9980629086494446,0.0,0.0,0.0,-0.41664539980436976,0.7886401003523622,0.8387891270602332,12.610613679,0.1334062218666076,0.023846027540460623,-0.06385401719372294,0.05105825229442719,-9.198486794248858,11.405517752690777,-6.030619459405954,0.1150462940486054,0.037701516190464135,-0.02702046107773469,0.02066566855206986,-0.021119511035568195,0.003524737792865551,34.75114779771352,8.93403881351571,-57.319578062212784,0.01821469900824672,0.01635585145845734,0.1447095472760086
16744,1723238057621273681,0.9088233709335328,0.2941030859947204,0.1334970593452453,0.0575638376176357,0.0181874949485063,-0.0147126875817775,0.9980677962303162,0.0,0.0,0.0,-0.1020327875075916,0.5960412112522804,-0.14806040386397493,12.619343436,0.1334970593452453,-0.03800150135223199,0.03120312623788281,-0.03554995742660877,-3.330697464258912,3.8978175049805293,-5.464092611584762,0.11470407142800804,0.03800769375057123,-0.027297737552422846,0.02007417003634515,-0.013444961158747049,0.008149855577785026,22.089659769849106,-31.92518992422283,-97.2989941356815,0.023289412139000546,0.02299181268195219,0.1447095472760086
16746,1723238057633608369,0.9090161323547364,0.2940154075622558,0.1335582733154297,0.0574730560183525,0.0179357267916202,-0.0148818176239728,0.998075008392334,0.0,0.0,0.0,-0.07267833611444163,0.030361625148480398,-1.073799236238902,12.631678124,0.1335582733154297,-0.013659220636100512,-0.04256034303553438,-0.025271086999805775,12.162834941637973,6.532707239978866,1.8790704888490601,0.11452160526203331,0.0375218122004192,-0.02766769996706629,0.018218252645255006,-0.011026642884392146,-0.005490539533342442,-10.696590999831654,-1.9942598625410852,12.156017419234395,0.015620950016903425,0.015553984684443536,0.1447095472760086
16748,1723238057642325044,0.9091908931732178,0.2938951551914215,0.1334460228681564,0.0581535696983337,0.0183241255581378,-0.014881688170135,0.998028576374054,0.0,0.0,0.0,-0.2464664617634994,0.2831921967717999,-0.43064875218412474,12.640394799,0.1334460228681564,0.15512563801879162,0.09146116259461505,-0.0024501876715902187,8.009989096991037,-0.39032429367381516,1.3395760535286247,0.11587646626806507,0.03831622333222938,-0.027597229547196726,0.018063886438262955,-0.011782665280186677,-0.014653028902563925,-21.179978005283992,30.271564023902265,78.96307278420433,0.02090037635643899,0.019138756659841674,0.1447095472760086
16750,1723238057650955643,0.9093298316001892,0.2938106656074524,0.1333043873310089,0.0586984008550643,0.0181155763566494,-0.0149112604558467,0.9979999661445618,0.0,0.0,0.0,-0.43988036746430714,0.5552738427931573,0.2951076245955133,12.649025398,0.1333043873310089,0.12723712482807695,-0.04663072211474264,-0.001814084902924739,-2.279630551084834,0.2585049551498688,-0.8974881763748811,0.11697220441567475,0.03791830929437702,-0.02765957035800179,0.013981917963185708,-0.006177399163259878,-0.013067413690829532,-2.285023291391381,7.804045967136824,41.13895740336129,0.016973296002872763,0.015203776116759894,0.1447095472760086
16752,1723238057661924173,0.9094536900520324,0.293793261051178,0.1332076638936996,0.0593429766595363,0.0191150140017271,-0.0150017710402607,0.9979419112205504,0.0,0.0,0.0,-0.18440244396560868,0.31020462657534476,0.14759840122536905,12.659993928,0.1332076638936996,0.11549973216278116,0.18284839363128802,-0.02519640491303934,-1.5482340651755209,13.695020342447464,-1.3688445270796248,0.11823755827476494,0.03994246656807947,-0.027698739698989908,0.009618264959776468,-0.001399855890181545,-0.008277800413350134,450.43203549887244,-159.07215340365187,-810.066124042701,0.011674871133735852,0.010906991929152917,0.1447095472760086
16754,1723238057691962438,0.9096049070358276,0.293766587972641,0.1330034732818603,0.0597864538431167,0.0191077198833227,-0.0150637850165367,0.9979146122932434,0.0,0.0,0.0,48.483357667681744,-15.71571708455294,-89.71705073884574,12.690032193,0.1330034732818603,0.0296607870321407,-0.0002519744639388728,-0.00355452959700247,14.143254173066591,-28.600338018448852,-0.0947247372803317,0.11912423576762217,0.03994759027961191,-0.02780574017803509,0.021636514179661503,-0.002394555846901625,-0.02762380735675407,-20898.86408040252,9715.255385779028,40113.9535153283,0.005324331053977104,0.004752468431846222,0.1447095472760086
16756,1723238057699336464,0.9097945094108582,0.2937462031841278,0.13276207447052,0.0603781156241893,0.0181730352342128,-0.0151519840583205,0.997895121574402,0.0,0.0,0.0,-146.3901487479534,74.47749481039205,284.1155132784784,12.697406219,0.13276207447052,0.16472911514743488,-0.2518904837344381,-0.005728737157824822,6368.488427203944,-14285.415883119862,1737.3712486495408,0.12032865441171561,0.038108486114046394,-0.0280697377183121,0.46619595903166555,-0.14667182755317754,-0.8504425684070043,-65375.28610610176,23008.931305516773,121599.2775847686,0.027008163826159188,0.0244663040789347,0.1447095472760086
16758,1723238057699666202,0.9099547266960144,0.293695718050003,0.1324695944786071,0.0607549324631691,0.0173102505505085,-0.0151130082085728,0.9978881478309632,0.0,0.0,0.0,-168.52114194319412,82.22332721215994,325.2568592694251,12.697735957,0.1324695944786071,2.3582925663017704,-5.17246469408534,0.5927697951448389,5195.087181070827,-11535.795286166041,1381.6136249912963,0.12110584215457694,0.03639179943401648,-0.028081098026361478,0.4148781868189815,-0.12072713841379112,-0.7509244608008032,-58344.44210309381,19499.52970770467,107966.41281095112,0.5219482059053916,0.4514245685752194,0.1447095472760086
16760,1723238057701073345,0.9101120829582214,0.2937202751636505,0.1322301030158996,0.0613867193460464,0.0165541842579841,-0.0152161149308085,0.997860848903656,0.0,0.0,0.0,-197.94216280608163,85.69426298653902,376.27795828608987,12.6991431,0.1322301030158996,0.917209446579042,-1.0670032578241164,-0.06599243888654065,-912.2937709821326,2583.454022961282,-412.4308202309444,0.12238672161934078,0.03491277157347118,-0.0283557937480812,0.1003463096566044,0.016233799135879412,-0.15244280278545808,-16226.93750172081,1198.2121951292008,27754.268002446304,0.11716005123533874,0.10697419119691327,0.1447095472760086
16762,1723238057711534568,0.9102689623832704,0.2937953770160675,0.1320161521434784,0.0617485158145427,0.0164212062954902,-0.0154744163155555,0.9978366494178772,0.0,0.0,0.0,-3.611062665830029,-0.42105225379478106,5.213903507546786,12.709604323,0.1320161521434784,0.0705094299019628,-0.02727100603037875,-0.04664172342895451,-38.62037087857101,31.17485549684836,3.2946352150661022,0.12310623610542971,0.03468936425375588,-0.028875291088171398,0.019286435047128236,0.007553917415570766,-0.02999951702496073,9075.582322764383,-3898.0927900758466,-17233.1977722585,0.01548318351078958,0.014586122939953528,0.1447095472760086
16764,1723238057721116149,0.910491406917572,0.2938710451126098,0.131644919514656,0.0620673783123493,0.0148523701354861,-0.0155882872641086,0.9978396892547609,0.0,0.0,0.0,-0.030264632459522267,0.2617766341761102,0.1408127432142663,12.719185904,0.131644919514656,0.07183192486262023,-0.327208899283301,-0.0023937917502292647,2.6170504629934603,-13.643807757997779,3.473388491013647,0.12378095241072873,0.03158086632071746,-0.02928431354179616,0.020997413603410564,0.00710599672520118,-0.037002850572149804,189.65907276357956,46.6464626890702,-245.54796652116372,0.024186584840936397,0.02238112694136225,0.1447095472760086
16766,1723238057731587864,0.910685896873474,0.2939364016056061,0.1312773674726486,0.0627137497067451,0.0134351048618555,-0.0155761949717998,0.9978195428848268,0.0,0.0,0.0,-0.15066572567794723,0.468500154787357,0.8187799889331306,12.729657619,0.1312773674726486,0.12760824806730822,-0.2679748176934717,0.020878759381796903,-1.653468277249225,27.886835807229538,-4.914909068912615,0.12511326344030846,0.028769271987262143,-0.02941574455989663,0.018290479293533224,0.013378171576009734,-0.02555175942459087,15.433567054430359,-11.007563714824936,-8.060691800184866,0.019383327335143512,0.017889189211417664,0.1447095472760086
16768,1723238057741301274,0.9108610153198242,0.2941306531429291,0.1311151981353759,0.0629589408636093,0.0144438976421952,-0.0159592870622873,0.9977839589118958,0.0,0.0,0.0,0.2418984143454882,0.08453288268076098,0.08452323834900832,12.739371029,0.1311151981353759,0.04865888741611846,0.20319645297353905,-0.09116922821989945,-2.692747580050878,16.394182853056304,-2.033506642799673,0.12556707049841548,0.03083822597063261,-0.030047902082674192,0.017798586552757456,0.01675342884705522,-0.020074078754276137,35.09071784141345,-19.190274511222793,-42.20852273235741,0.0179260627084333,0.018237417634735298,0.1447095472760086
16770,1723238057753193573,0.9110693335533142,0.2942826449871063,0.1308272778987884,0.0635225251317024,0.0140144238248467,-0.0158570650964975,0.9977560639381408,0.0,0.0,0.0,0.5816914188907514,0.15245607688359142,0.06862965739844662,12.751263328,0.1308272778987884,0.0957710855617753,-0.06940440763555547,0.0229946831928391,12.332382385272084,-16.40307027727536,4.16422806806596,0.126711121059574,0.029985007394603004,-0.029880378445228145,0.02493466834000202,0.013930159666173836,-0.026049038238284083,-25.82433573803477,11.707772870666435,38.54098506936599,0.017845563967845562,0.01730025460323335,0.1447095472760086
16772,1723238057761754056,0.9113284945487976,0.2944089770317077,0.1305929571390152,0.064592607319355,0.0132658965885639,-0.015810951590538,0.9976982474327089,0.0,0.0,0.0,0.025422213756080003,0.28962989853808285,0.6442890270294569,12.759823811,0.1305929571390152,0.25292424106386135,-0.16964923936263498,0.02514768281041395,6.1457136639241305,8.129047974667401,-3.4040930150243423,0.12887708765929035,0.02851712972026418,-0.029851928753017423,0.02980104407171069,0.017637619763991808,-0.02194263824728626,-44.432166341948836,7.228828969542228,-9.457652887654135,0.030588495255630902,0.030070539539703484,0.1447095472760086
16774,1723238057771036215,0.9116003513336182,0.2946016788482666,0.1304439306259155,0.0654638037085533,0.0137535473331809,-0.0159910675138235,0.9976320266723632,0.0,0.0,0.0,-0.18018635501781954,0.26820774917844437,-0.21549704511388046,12.76910597,0.1304439306259155,0.18705726957237587,0.10548129112055495,-0.043242048769341075,-7.149435180593418,14.830941104693295,-3.6828490574049604,0.13060551471926812,0.029539926747880856,-0.030123378676776492,0.02457142024590553,0.018882130690063725,-0.014305635161059094,-10.547354409522727,-10.309019451458514,-68.72524020335398,0.02911123078755885,0.029554843584549326,0.1447095472760086
16776,1723238057785627266,0.9118506908416748,0.2948341071605682,0.1302753239870071,0.0660537555813789,0.0136204063892364,-0.0160984173417091,0.9975932240486144,0.0,0.0,0.0,-0.06793948503310077,-0.06572844731541094,-0.6700329953622459,12.783697021,0.1302753239870071,0.08151579439111338,-0.017803455535948743,-0.012457811038473288,-1.6896812083754167,-53.70366882869995,8.869722574013728,0.13178860783739163,0.029306166854398026,-0.030337664420491437,0.030731968009874322,0.02587206469997483,-0.041263816219846206,-43.56567330940246,-58.44042648128778,105.35400499409945,0.016997415243121688,0.017392659881730672,0.1447095472760086
16778,1723238057791269468,0.9120537042617798,0.2950017750263214,0.1299776881933212,0.0662732869386673,0.0124260950833559,-0.0160325281322002,0.9975953698158264,0.0,0.0,0.0,-0.4255805808379236,-0.4730322187991149,0.22222079980089915,12.789339223,0.1299776881933212,0.0840772246516247,-0.41954533184837234,0.052335604357388064,-0.22060227875293825,-44.57589690475287,7.664019949581728,0.13226247139215278,0.02692073809054597,-0.03035657523622728,0.029279233044782416,0.024312611931781802,-0.042475123788232594,-33.545987711923644,-46.378419974482696,122.85498330656438,0.03646994052455502,0.03575540993964077,0.1447095472760086
16780,1723238057804842803,0.9122322797775269,0.2951553165912628,0.1297367215156555,0.0666588619351387,0.0113551458343863,-0.0158930774778127,0.9975847005844116,0.0,0.0,0.0,0.09348351654744458,-0.2597530783063732,0.7376305530110201,12.802912558,0.1297367215156555,0.05905580509182878,-0.15513031100844338,0.03163714604017427,-1.815143416746137,-1.2182507681137693,0.946787986187176,0.1330678661982637,0.024776803389984496,-0.030209405096370566,0.018013567926068674,0.011471034214768139,-0.02519244863954828,22.24964080897503,22.84835286027808,-8.295676766623817,0.01324455300764626,0.013157544490648956,0.1447095472760086
16782,1723238057814391046,0.9124369025230408,0.2952659130096435,0.1294462084770202,0.0668383091688156,0.0098773669451475,-0.0157198477536439,0.9975911378860474,0.0,0.0,0.0,0.19851517643530703,0.006334400891647163,0.34765063468306967,12.812460801,0.1294462084770202,0.041914332778969575,-0.3057910114343544,0.05727930039218237,13.785910467597635,5.602102927309675,-1.1157924888347983,0.13347165791108667,0.021810252650332956,-0.030055260401530937,0.025108895520510544,0.013600805387699921,-0.021747215508249873,3.1454338348445523,18.12525442183763,-13.509975502961808,0.021731185051706934,0.021258544908303277,0.1447095472760086
16784,1723238057823480501,0.9126969575881958,0.2954069972038269,0.1293236315250396,0.0682032704353332,0.0095346877351403,-0.0156900268048048,0.9975025057792664,0.0,0.0,0.0,0.15914126626729264,0.08678459784096992,0.4613580291497735,12.821550256,0.1293236315250396,0.3020400223657697,-0.06986736302708853,0.01424555231090427,0.34983185883968027,8.544001433019986,-1.9605715709659877,0.13621794845228638,0.021163551907273682,-0.03001231361163845,0.022201129333062397,0.011783171843200435,-0.018701244134518014,24.264641832729076,15.020806190719224,54.789878821324464,0.028411058016463722,0.028869731167480782,0.1447095472760086
16786,1723238057835103380,0.9128597378730774,0.2954883873462677,0.1290287524461746,0.0675230473279953,0.0082026394084095,-0.0155851198360323,0.9975622296333312,0.0,0.0,0.0,0.8661789911320281,0.3530688049445958,1.726558323023141,12.833173135,0.1290287524461746,-0.11403336427499028,-0.2293422675152424,0.03268490886599014,25.21655468248671,19.37987573701562,-12.023244164064945,0.13489286103396367,0.01847104638884385,-0.029996133547464422,0.031170603477391978,0.01705375147560062,-0.01146259081435197,-62.27825497887629,-55.67008830388134,17.72119748829894,0.014255083538412315,0.013860170218213615,0.1447095472760086
16788,1723238057840970290,0.9130934476852416,0.2956182062625885,0.1290026903152465,0.0681483373045921,0.0081567578017711,-0.0158224869519472,0.997516393661499,0.0,0.0,0.0,0.1362139337639774,-0.20625501873251395,1.5606404293175604,12.839040045,0.1290026903152465,0.21460112901456868,-0.01761619443726698,-0.07815894036458523,38.68073914820573,34.27353428812867,-13.66560553735916,0.13614327741578305,0.01843059502907132,-0.030464526605782406,0.036532167864507414,0.018827852812265178,0.001935721357279263,-119.55233747401994,-80.88672239290328,-77.39059539189257,0.03921799027343665,0.04047037159120702,0.1447095472760086
16790,1723238057850929005,0.913401424884796,0.2957499325275421,0.1291297823190689,0.069689966738224,0.0096307564526796,-0.0163607411086559,0.9973880648612976,0.0,0.0,0.0,-0.972077439948907,-0.7675391767853136,-0.04024583519822265,12.84899876,0.1291297823190689,0.30678940239415303,0.29302894022568654,-0.12588445103179283,-4.96604046022,6.436806976807123,2.039279951389127,0.1391817184778817,0.021493216880683737,-0.03130602463082496,0.024743035031541183,0.008175511566323124,0.005254735486563078,-38.76178808347652,-12.569035972865635,-98.88324573615509,0.03021490106793724,0.03156861201625258,0.1447095472760086
16792,1723238057862979844,0.9136094450950624,0.2957747876644134,0.1290836334228515,0.0699284151196479,0.0096851820126175,-0.0163691509515047,0.997370719909668,0.0,0.0,0.0,-0.3815691389416864,-0.28040985308726407,-0.32966803448830384,12.861049599,0.1290836334228515,0.03953664794165826,0.009586977218455577,-0.001687538987395347,-15.273485937294438,2.283706580251165,5.510706390460723,0.1396580829213679,0.021610453495042106,-0.0313101099132403,0.016116134227075918,0.0033315468496333267,-0.0006771533846876565,41.48048134970723,12.467768091418492,-11.899637923012415,0.017267596021382944,0.017254319757304817,0.1447095472760086
16794,1723238057871131167,0.913734495639801,0.2958089411258697,0.1290954947471618,0.0697497949004173,0.0103765046223998,-0.0162504501640796,0.9973782300949096,0.0,0.0,0.0,-0.08491617016854536,-0.3329155190719978,-0.359856256934021,12.869200922,0.1290954947471618,-0.04689833905063171,0.17047757477011136,0.016792013122549704,-5.356249307345479,-1.1543875072765934,1.9801366054073908,0.13928313161136527,0.022967549970835784,-0.030981298033081663,0.01484908822428821,0.001716024444487374,-0.0024680270374171087,21.912573097598145,-4.601109355208894,8.994861030803923,0.015166556154840957,0.015498433774481226,0.1447095472760086
16796,1723238057881030764,0.9138755798339844,0.2957961857318878,0.1290238946676254,0.0695622265338897,0.0099132331088185,-0.0161177217960357,0.9973981380462646,0.0,0.0,0.0,-0.04208908656697874,-0.3563395268867129,-0.1181407420847849,12.879100519,0.1290238946676254,-0.03683262396108325,-0.0921358296024438,0.032944914223797285,2.402529493207037,-15.072704282837481,0.8870734019561237,0.1389229087536964,0.022019028951605128,-0.030784721810868554,0.014856355235359331,-0.0031994706125573202,-0.007715493386815098,-5.1190831532717676,10.999485346902429,31.456561780608077,0.014440195272466696,0.01407129359365298,0.1447095472760086
16798,1723238057891810703,0.914042830467224,0.2957392632961273,0.1289350539445877,0.0695822536945343,0.0092541687190532,-0.015981525182724,0.9974053502082824,0.0,0.0,0.0,-0.20814592625461714,-0.08087224628643985,0.3035969364146332,12.889880458,0.1289350539445877,0.005333207616987065,-0.12015358513175077,0.03376698373515627,-2.622482890982778,6.813109076608967,-2.246457090679589,0.13898429129948303,0.020685851093283133,-0.03060358895184028,0.013899954931147818,-0.005395096578638459,-0.004153599548952336,-2.024575796066441,7.363957463014776,-9.821289635631171,0.015836411796973895,0.015195457956744698,0.1447095472760086
16800,1723238057900745711,0.9141550660133362,0.2956902086734772,0.1289282143115997,0.0692865774035453,0.009306464344263,-0.0159911587834358,0.9974251985549928,0.0,0.0,0.0,-0.1271479934338639,-0.14978528967099392,-0.1466252917384186,12.898815466,0.1289282143115997,-0.06648831655064891,0.010426531389427788,-0.0035067643548683837,-2.7273406551751602,5.959611813362626,-2.7247261126348823,0.13838981528057825,0.020782445406638747,-0.030621740369814514,0.011155724441948678,-0.005208219705400197,-0.0016395961257300584,13.170016540425994,-4.4457240127176565,-40.03912706462927,0.012736688809645898,0.012357994402584314,0.1447095472760086
16802,1723238057912354159,0.9142633676528932,0.295634001493454,0.1288959980010986,0.0691766291856765,0.0090186921879649,-0.0160877425223588,0.9974339604377748,0.0,0.0,0.0,0.08764300548979309,-0.1521213327067219,-0.4553291976122544,12.910423914,0.1288959980010986,-0.018050912669941667,-0.05092203512418298,-0.013314342055203574,5.0578851493684445,-14.407838639220625,2.16110290487291,0.13817547383430828,0.02021826876890896,-0.030856357748772188,0.012394223694293771,-0.009521465245185823,-0.009796563385659596,10.230810182317146,13.566091790356719,5.240009560575098,0.009528663464887371,0.00911802123775745,0.1447095472760086
16804,1723238057921795309,0.9144039154052734,0.2955081760883331,0.128749594092369,0.0693302005529403,0.0077959890477359,-0.0160311535000801,0.9974345564842224,0.0,0.0,0.0,0.12071579541213667,0.08167042140023306,-0.16142784504039942,12.919865064,0.128749594092369,0.03649899406403764,-0.25699957245301647,0.030170243302259446,1.4213421915072333,-3.6186141429395047,0.7001480588838892,0.13851908067731025,0.01777580004620971,-0.030908861630089973,0.013075426373553967,-0.009272701669937433,-0.012196152488999523,3.257713041737807,6.384411436742532,11.967077938393553,0.01556469531752213,0.014229948289622946,0.1447095472760086
16806,1723238057933082534,0.9145270586013794,0.2954582273960113,0.1286566108465194,0.0692896693944931,0.0075088492594659,-0.0161336362361907,0.9974378347396852,0.0,0.0,0.0,0.15417573551392638,-0.09427376300457402,-0.28494007668895227,12.931152289,0.1286566108465194,-0.006246411114908373,-0.05212682736033049,-0.014631725616009715,0.08132773203066157,-1.0296864732627906,-2.347472264337622,0.13844426837353802,0.017215859745571542,-0.031153682050134933,0.015093298897291163,-0.007604345089365694,-0.012766834193095988,-6.9637125491377,-4.989859997285251,3.0716249392419517,0.01118268783802776,0.010651043405882668,0.1447095472760086
16808,1723238057941404638,0.9146783351898192,0.2953754365444183,0.1285225749015808,0.0693523213267326,0.0067742383107542,-0.016286140307784,0.9974363446235656,0.0,0.0,0.0,0.03530492524652129,-0.07077123300394017,-0.17338729916304274,12.939474393,0.1285225749015808,0.018166495683112325,-0.1783860711713192,-0.024216466957305678,-1.1854915870025153,-6.07996531917172,1.6780926043471331,0.13858880071842203,0.015773360325806514,-0.031558321351165,0.01622542710173036,-0.009874301294297894,-0.016576270793164483,-4.281592801018667,9.87026733058348,20.256875931265057,0.01873427041083176,0.01765254858025314,0.1447095472760086
16810,1723238057950874937,0.9148109555244446,0.2952827215194702,0.1283605247735977,0.0691654905676841,0.0061181341297924,-0.0162255279719829,0.9974544644355774,0.0,0.0,0.0,0.10254925060526499,0.09863896019320251,0.0922999300661611,12.948944692,0.1283605247735977,-0.03745048346482397,-0.13798593891118124,0.022172216602161957,1.6676741795045198,0.033280323634123476,1.8453366829816862,0.13823452929225874,0.014450116480289415,-0.03153063868724843,0.015474176514274518,-0.008367686576125521,-0.015153757640983478,2.7102050159039597,6.620871363524329,3.7511134101357033,0.014551252616697511,0.013499779367345074,0.1447095472760086
16812,1723238057961145030,0.914986252784729,0.2952126264572143,0.1282266974449157,0.069476343691349,0.0051638311706483,-0.0162566751241683,0.9974378347396852,0.0,0.0,0.0,0.08148614716776126,0.041142596690189104,-0.13985630535561344,12.959214785,0.1282266974449157,0.0636579763921927,-0.18478558204288315,0.0071214509599856575,5.459634419460489,-5.0221758952615385,0.07929464617289383,0.13888576435948574,0.012560440123016953,-0.03172033829919333,0.01855300142138816,-0.008027906804260354,-0.014850774173334358,-15.891347069660206,-6.817270791608969,-23.225440437113416,0.01743889110930009,0.01672774500692827,0.1447095472760086
16814,1723238057971022207,0.9151836037635804,0.2951219081878662,0.1280627250671386,0.0698316991329193,0.0039736195467412,-0.0162293147295713,0.9974188804626464,0.0,0.0,0.0,-0.206949809575259,-0.03777095048022505,-0.3751511127564324,12.969091962,0.1280627250671386,0.0759264383556618,-0.23881042735177407,0.022579064154518783,-8.194402259350404,-1.4758164644366314,1.2343969031761008,0.13963448141413284,0.010193544097507262,-0.03182690680902831,0.017284164996738127,-0.007544986834783884,-0.017840939414440093,-14.645363695834964,-5.0289101739890905,4.391345644555603,0.020430823609787523,0.019572935872876646,0.1447095472760086
16816,1723238057980842463,0.91532701253891,0.2950638234615326,0.127875417470932,0.069341704249382,0.002920962171629,-0.0161467604339122,0.997458040714264,0.0,0.0,0.0,-0.2086423348545029,-0.05825009101147022,-0.056560685651441345,12.978912218,0.127875417470932,-0.09667953800775983,-0.21430873553209212,0.03147342738599461,-4.628416429223316,-0.2380770967470074,-0.3137816179181715,0.13868519167107596,0.008066449659763993,-0.03181274361732015,0.014485530938920022,-0.008762060057215137,-0.02223206781893161,4.97435534545439,5.459111714323021,34.4242253267876,0.014937482624975225,0.014334148553840662,0.1447095472760086
16818,1723238057991030200,0.9154733419418336,0.2949444651603699,0.1276155412197113,0.0692861899733543,0.001668122713454,-0.0161552168428897,0.997464656829834,0.0,0.0,0.0,-0.10356953505998934,0.07710359388989912,0.3150925370447596,12.989099955,0.1276155412197113,-0.006984462650214752,-0.24562017535984226,0.015387869510843246,8.616714170546246,8.972382947552656,-2.652643463356949,0.13861274038895585,0.005566482493198867,-0.03200331840232793,0.013166810038541144,-0.00866127509196346,-0.018680165691585593,6.3621555206184635,5.18539148211738,5.9136843475553,0.014872581308662886,0.013947635236545538,0.1447095472760086
16820,1723238058002230515,0.9156060814857484,0.2948850691318512,0.1274904012680053,0.0697733983397483,0.0016887945821508,-0.0163086466491222,0.9974281191825868,0.0,0.0,0.0,-0.08096831041661934,0.03543519715635457,0.004942735032954282,13.00030027,0.1274904012680053,0.08721659374428556,0.0032000524627243546,-0.027543981453172054,0.2606662642713531,3.9762809357110926,-2.0343098391904464,0.13958789685034256,0.005644751782199719,-0.032303872299799766,0.012325379939817083,-0.006970087752332432,-0.015564177710112759,40.012789569912414,-17.311436596373873,-9.052923662235532,0.012079384771524572,0.011659050278093757,0.1447095472760086
16822,1723238058011077512,0.91571843624115,0.2948117554187774,0.1273220181465149,0.0699104219675064,0.0013035903684794,-0.0164818558841943,0.9974162578582764,0.0,0.0,0.0,0.5385382131843209,-0.21269586390714093,0.055098183690585556,13.009147267,0.1273220181465149,0.03257003443102512,-0.08907976571720295,-0.032971366873341575,-5.623398298295737,-9.28049637282145,-0.514628065358473,0.13987394196093064,0.004904971121442819,-0.03270249490385224,0.011568223690715307,-0.007464137977016505,-0.017430046698927892,129.86811144539888,-436.77230602326813,-885.476757228732,0.01305712289243924,0.012413216502136462,0.1447095472760086
16824,1723238058092601011,0.9158114790916444,0.2948212921619415,0.1271050870418548,0.0695119127631187,0.002058575162664,-0.0164563115686178,0.9974433183670044,0.0,0.0,0.0,56.08182960828867,-342.8644221383622,-741.582745149304,13.090670766,0.1271050870418548,-0.010103791566712345,0.01835584792410668,-0.0006716216938680277,9830.410628943948,5874.299383434961,-6265.3493610626065,0.1390511305786898,0.006394487048801436,-0.03254869717777961,0.5243272034699658,-0.1426349372235336,0.1868892713881678,154527.6464178044,129340.29814029706,31752.49588141637,0.0011538817080682556,0.0011397071998273333,0.1447095472760086
16826,1723238058093056257,0.9160515069961548,0.2947559952735901,0.1271906495094299,0.0705400928854942,0.0027018687687814,-0.0170669127255678,0.997359335422516,0.0,0.0,0.0,126.82103044578992,-283.6432749292415,-727.0237003011338,13.091126012,0.1271906495094299,4.490143511932673,2.707537430144161,-2.86887562616844,616.5604127317033,-7818.255375798145,1642.4195577647313,0.14108729590863892,0.007797350308305257,-0.0336698940121264,0.549984813531637,-0.29959000826312376,-0.15260492900304712,190454.69322038873,326338.1331339892,494345.1226289874,0.5302967471619753,0.5225567085792832,0.1447095472760086
16828,1723238058093413165,0.9162541627883912,0.2946053743362427,0.1270408928394317,0.0709048211574554,0.0019978850614279,-0.0171280298382043,0.9973340034484864,0.0,0.0,0.0,204.60826474652208,-112.25688098339958,-421.2128051775268,13.09148292,0.1270408928394317,2.1166912797973625,-3.923379134454701,-0.06020339918579014,-5636.324557216226,-7424.333968036744,3431.128646202585,0.1418411836483486,0.0064140811779961815,-0.03388859684809665,0.6149641333483942,-0.3837206242300226,-0.40684904240146125,139081.91117330434,331784.8410018251,1072055.4176389896,0.5844617199813545,0.5522813147050383,0.1447095472760086
16830,1723238058093786100,0.9165018796920776,0.2944771945476532,0.1268941313028335,0.0709733366966247,0.0015671299770474,-0.017254065722227,0.9973278045654296,0.0,0.0,0.0,225.74427045823177,-46.356468298807215,62.46204416806978,13.091855855,0.1268941313028335,0.40973466593838953,-2.3454882152240244,-0.5101508254882062,-2035.9602719837835,675.6354084818367,1300.8759121971675,0.14199213913696385,0.005575070710868057,-0.03420066843017911,0.7000556536131626,-0.37747354042716097,-0.45048244064676624,-163749.2987906885,106338.4635150247,988519.4274429644,0.677783818581317,0.6516656755016534,0.1447095472760086
16832,1723238058094161102,0.9167779088020324,0.2943229079246521,0.1267037242650985,0.0710755139589309,0.0009109583334065,-0.0171272885054349,0.9973234534263612,0.0,0.0,0.0,81.22034708809883,-33.01412138246775,316.8588998956554,13.092230857,0.1267037242650985,0.6044553993738485,-3.432785055427418,0.923164060449172,1554.4293726700366,1491.6068154143015,1333.3517991221106,0.142219577994481,0.004251714698245709,-0.03404028058728675,0.7837965817741406,-0.4186539518693735,-0.3593874163584303,-394614.91048097005,45929.73559795204,144360.50039018958,0.7518017532823102,0.7218453549414316,0.1447095472760086
16834,1723238058094546089,0.9170985221862792,0.2941588759422302,0.1266240030527115,0.0713813602924346,0.0006838515400886,-0.0170560032129287,0.9973030090332032,0.0,0.0,0.0,-74.34529212611625,-11.240926509776216,161.3679277156557,13.092615844,0.1266240030527115,1.6120315903632019,-1.1230267527165678,0.45281883495319475,1634.1525583762486,3457.2784286265414,-778.09849809448,0.14284063550306678,0.003798984956306754,-0.03392913235302583,0.7589069582894581,-0.4010098006216367,-0.20817691960905904,-223145.74354140158,-18794.22693424581,-455113.14270247886,0.8475448801229863,0.8179900639092089,0.1447095472760086
16836,1723238058095147747,0.9174856543540956,0.2939411699771881,0.1264977157115936,0.0718753859400749,0.0002366117550991,-0.0169665794819593,0.997269332408905,0.0,0.0,0.0,-38.47514270714248,-93.39798595113223,-160.62168854461754,13.093217502,0.1264977157115936,1.6709297269766619,-1.433376645619261,0.40179168827404854,-5293.629761497626,-6904.435059618168,2973.5574526092414,0.14384637441108022,0.002910894301607559,-0.033813071735418324,0.705060833018706,-0.4614356475642012,-0.3286673463569514,64999.865630654385,-34473.734225609194,-164393.4309458002,0.6559153591382803,0.631227322434229,0.1447095472760086
16838,1723238058095570439,0.9178019762039183,0.293716549873352,0.1263235211372375,0.0713961422443389,-0.0011117006652057,-0.0165203548967838,0.9973106980323792,0.0,0.0,0.0,-9.402267345355416,-77.65683584015642,-120.00341344040322,13.093640194,0.1263235211372375,-2.1677133364032444,-6.248989698626104,2.566904546029471,-8466.281440597593,-10584.274615369535,4762.5967502463245,0.1429311730203221,0.00014155728390952577,-0.03311664886171318,0.7039489355018294,-0.49882534177250104,-0.3847886627176962,63682.20880952005,36177.304337266956,91560.64393311318,0.7655937878917592,0.7323999453301268,0.1447095472760086
16840,1723238058101651513,0.9181982278823853,0.2935332953929901,0.12637360394001,0.0718985423445701,-0.0007864534272812,-0.0162870660424232,0.9972787499427797,0.0,0.0,0.0,-68.1540912909285,49.348763270650544,40.157507734715054,13.099721268,0.12637360394001,0.1638579344956286,0.1148786498441329,0.06852531635630792,237.06519653089285,652.1414104573324,-260.28064078927105,0.1439278392936974,0.0007734061104485744,-0.03260436552469561,0.05434224413296107,-0.02628052393094471,0.002457504313748693,-3752.9700408986073,11500.043779495942,15256.695243761742,0.06610280740800699,0.06411905494778494,0.1447095472760086
16842,1723238058112137227,0.9185724258422852,0.2933274209499359,0.1262948960065841,0.0719017088413238,-0.0017370774876326,-0.0160317476838827,0.9972814321517944,0.0,0.0,0.0,-0.6775891323932188,0.24112235520610326,-0.2159679394851929,13.110206982,0.1262948960065841,0.0035569739659850443,-0.17731295634912636,0.06161015887192861,-0.9811633109668971,9.930157338709003,-3.081643414579034,0.14396505801429463,-0.0011592904005537478,-0.032231728462123604,0.038883810745922176,-0.02156917912995837,-0.0017759918809474584,2976.2870555643217,-2149.8757790637887,-1759.0474286558754,0.03629191504483862,0.0350882948329495,0.1447095472760086
16844,1723238058120919777,0.9189374446868896,0.2931237518787384,0.1263214498758316,0.0723534896969795,-0.0009264181717298,-0.0158983822911977,0.9972519278526306,0.0,0.0,0.0,0.018764280621563323,-0.0044073855399177075,-0.2813494605016042,13.118989532,0.1263214498758316,0.10017806871265934,0.18792634681667375,0.016728001749226958,1.0460996628786416,8.014474312379729,-1.1650151032375091,0.14484472859516392,0.00045286227857827585,-0.03184883124592951,0.03879301680932201,-0.02098294977483306,-0.0022914891463026166,55.01226432259655,-26.356503846596045,-4.872153484293091,0.042277834361695556,0.0407959673151113,0.1447095472760086
16846,1723238058132168803,0.9193339347839355,0.2929195165634155,0.126219093799591,0.072158083319664,-0.0021016369573771,-0.015643049031496,0.9972683191299438,0.0,0.0,0.0,0.28782518804539237,-0.2778387193548284,-0.29909388579667523,13.130238558,0.126219093799591,-0.0314933452380906,-0.2056367204363892,0.060468237622214836,-0.08841045112872647,-12.781827576477172,6.699320443921076,0.1444902014530817,-0.0019342482471386225,-0.031509207172703835,0.039423407562196644,-0.022057767579294563,-0.008664433701516039,13.008686550236375,-19.46373355109157,-1.3188495273418503,0.035783434265759445,0.03472677104211432,0.1447095472760086
16848,1723238058141717967,0.9197442531585692,0.2926772534847259,0.1261398792266845,0.0724399387836456,-0.0028602485544979,-0.0149922771379351,0.9972559809684752,0.0,0.0,0.0,0.3236096737502905,-0.424439847875103,-0.309591789230841,13.139787722,0.1261398792266845,0.06182960258254416,-0.14769831396943447,0.14722729381049554,8.736756673101262,4.8375261281463615,4.721257197724247,0.14507737252396616,-0.003532728028028226,-0.03032150374752063,0.04405079131485223,-0.026188577873304197,-0.009352622885329787,-18.858688334071005,4.199057791675078,-1.3788954098992114,0.043688847976652914,0.04226624927105213,0.1447095472760086
16850,1723238058151978330,0.9202081561088562,0.292399525642395,0.1260322630405426,0.073145642876625,-0.0034969244152307,-0.014276785776019,0.9972129464149476,0.0,0.0,0.0,-0.11910876309197604,-0.1658120316871139,-0.32682157892296937,13.150048085,0.1260322630405426,0.14004899281351701,-0.11162210104589498,0.14755523275614083,-5.931263282679495,-12.549660546369353,1.7368147440153434,0.1465087241913075,-0.004885806689653468,-0.02898996719447886,0.04559646421601826,-0.030453705410755205,-0.015147735224018355,-17.191534072877232,36.64597858804812,29.54622475385365,0.045926913167010225,0.0445317448897155,0.1447095472760086
16852,1723238058161764149,0.9206579327583312,0.2920699119567871,0.1258405447006225,0.0728984102606773,-0.0054338700138032,-0.0135345542803406,0.9972327947616576,0.0,0.0,0.0,-0.04508061914645811,0.29956610542333073,0.2537468087229041,13.159833904,0.1258405447006225,-0.04450245823463949,-0.3843759028058711,0.18046316044003294,-8.698878971605,-5.597523752256052,-0.4296522691084572,0.14606500773569053,-0.0088644878727496,-0.027791112758524347,0.04191321498687728,-0.029744147708020918,-0.016124792467739013,12.312010657995776,36.95986653448243,61.40207455541547,0.04670479128701903,0.04531096228025013,0.1447095472760086
16854,1723238058173334805,0.9210875034332277,0.2917796373367309,0.1257013976573944,0.0728476718068122,-0.0063186059705913,-0.0128825102001428,0.9972398281097412,0.0,0.0,0.0,0.16232361901662218,0.5822447774083643,0.9925911122939496,13.17140456,0.1257013976573944,-0.006152311578168199,-0.1444003240622334,0.1236069043186794,-15.9415263235217,30.36491708545214,-2.5994771828829535,0.1459823141237386,-0.010725614956287212,-0.026619170432306896,0.045924206936931,-0.02317159321090756,-0.008351286380701595,1.5633146451253976,7.269796005122636,52.70419941417498,0.037649282399701264,0.036663217086599725,0.1447095472760086
16856,1723238058180937378,0.9214805960655212,0.2916130423545837,0.1256562620401382,0.0720040574669838,-0.0058296350762248,-0.0124131413176655,0.9973100423812866,0.0,0.0,0.0,0.0924768981577282,0.551789983714154,1.3375768032697246,13.179007133,0.1256562620401382,-0.2235385785738416,0.13453062980999422,0.11540512800590931,-9.552318463157969,25.861257226133446,-4.0041891860049725,0.1442724014366604,-0.00984047294442114,-0.025603052346000885,0.04623750466959109,-0.018674059720700242,0.0007972673844127698,3.946267460257939,-28.8985388036621,-18.18460734783494,0.05218829109372772,0.05124124964982312,0.1447095472760086
16858,1723238058191794581,0.921897828578949,0.2914605140686035,0.1257693320512771,0.0718465223908424,-0.0044982968829572,-0.0121735651046037,0.9973312616348268,0.0,0.0,0.0,0.33895913964096547,-0.1479315558937393,0.15460444056241074,13.189864336,0.1257693320512771,-0.03200983403441901,0.2474257144693374,0.02657254930660461,9.644717093687547,15.365012279788992,-5.282971779943263,0.14391913979368556,-0.007223390391333647,-0.02493176125076889,0.04803645364395237,-0.013300119936879184,0.017400818851471378,8.613400671713327,-65.86978085523074,-126.97823668434117,0.03884158853512262,0.03797244285556889,0.1447095472760086
16860,1723238058200920368,0.9224098920822144,0.2913448810577392,0.125981718301773,0.0718457847833633,-0.0025607594288885,-0.0120313633233308,0.997339963912964,0.0,0.0,0.0,0.3094954149564271,-0.7599533493543142,-1.1424005928731324,13.198990123,0.125981718301773,-0.005327308193587126,0.4257415920645943,0.0005974738559345403,-1.6132749077573212,-14.27171942521269,4.541480017160632,0.14386756077105886,-0.00337909638341933,-0.024369229490499484,0.052458767071620116,-0.019581441789757292,0.008267388215632998,-18.625698429547704,-14.376847977184411,-46.59542027046099,0.05648212104967154,0.055636190526643495,0.1447095472760086
16862,1723238058211203271,0.9229069948196412,0.2910634577274322,0.1258928626775741,0.07145506888628,-0.0031835422851145,-0.0113925272598862,0.9973737001419068,0.0,0.0,0.0,-0.06043270066296591,-0.2973041929178133,-0.5146574160516925,13.209273026,0.1258928626775741,-0.07448704947494357,-0.11277807591408705,0.13289777833406513,4.071409530870479,-22.169505784157344,2.8700325156469177,0.143096798553216,-0.004722272607620077,-0.023182509495653193,0.05361244215947636,-0.028226142716455627,-0.005120059595414617,-52.86249875121606,57.89332279582851,61.13742756812023,0.04892270855909062,0.04778856579761261,0.1447095472760086
16864,1723238058221034598,0.9234836101531982,0.2907778918743133,0.1258756220340728,0.0717800110578537,-0.0034406173508614,-0.0110786883160471,0.9973530769348145,0.0,0.0,0.0,-0.7388760204877072,0.39313031967169365,0.08725205057640864,13.219104353,0.1258756220340728,0.06702864484536393,-0.046858022012952964,0.06715565611944248,2.6696679748052405,-1.0859585011685917,-2.97464089104943,0.14375285061622234,-0.005272588292998836,-0.022594899418229928,0.05139569418656009,-0.026041467949774244,-0.0027799489965847357,665.0500188473058,-345.56846704791025,-147.35497598145176,0.05928202041941467,0.0580223086522993,0.1447095472760086
16866,1723238058232917282,0.9239901304244996,0.2905116081237793,0.1258278489112854,0.0713542625308036,-0.0044895131140947,-0.0106488857418298,0.9973841309547424,0.0,0.0,0.0,17.706298331097468,-9.684847493001637,-4.659340432832545,13.230987037,0.1258278489112854,-0.06963939896348917,-0.17165786341655856,0.08512614573114594,-7.375923538239365,-6.33852164329241,0.7133589020608212,0.1429208347058985,-0.007435920019072062,-0.021885103055858807,0.03524240708358306,-0.0189153366876047,-0.003908584815381255,-7930.627073903034,5109.609755376723,2230.3705727407887,0.043075854104864385,0.042195820403632796,0.1447095472760086
16868,1723238058259927056,0.9244886636734008,0.2902152240276336,0.1257291436195373,0.0711284577846527,-0.0057152193039655,-0.0099884225055575,0.9974007606506348,0.0,0.0,0.0,-778.6932459589475,494.09480141362974,217.03847872699237,13.257996811,0.1257291436195373,-0.015578294484217025,-0.08720568676666177,0.05534187389314926,17425.89619838973,-5443.678655323382,8123.655718101169,0.14249008335038715,-0.009979971651505675,-0.020740469616588812,1.6840086682982474,-0.9119128986928899,-0.4099814838206157,-128151.22428001277,66294.09147502156,29687.92538856843,0.018643715565697504,0.01828976093231191,0.1447095472760086
16870,1723238058260279807,0.9250903725624084,0.289889395236969,0.1255826503038406,0.072214588522911,-0.0061208349652588,-0.0094872200861573,0.9973253011703492,0.0,0.0,0.0,-824.3532682007631,517.6995953841781,227.60988123501983,13.258349562,0.1255826503038406,6.211695407281605,-2.032562055074842,2.95840008537791,10405.583971157423,-3528.0513938140343,5151.571841643599,0.14467161204079074,-0.010838907988836948,-0.01981017569891379,1.4054552043907051,-0.7351918667940538,-0.3323517906817415,-97427.7929973377,46815.667517535476,21124.497535434086,1.7191208947893981,1.6943025012666673,0.1447095472760086
16872,1723238058261135334,0.9256696701049804,0.2896515130996704,0.1254703998565673,0.0722403600811958,-0.0065475110895931,-0.0090981582179665,0.9973243474960328,0.0,0.0,0.0,-841.2833342616003,516.0446539008708,227.33204648093874,13.259205089,0.1254703998565673,0.07527722704223318,-0.9285511464161168,0.9787340304751799,-6607.131480846691,1195.0694555440903,-2138.1357454288486,0.1447279495856073,-0.01174574607580517,-0.01909609628961521,0.6282139721432216,-0.2575932704045467,-0.1219795289060075,-11819.510253102264,-5761.568587960321,-2049.599339736585,0.6807214326542992,0.6740565166986393,0.1447095472760086
16874,1723238058271107840,0.9262490272521972,0.2894610464572906,0.1253265142440796,0.0718720257282257,-0.0070648253895342,-0.0086565846577286,0.9973512887954712,0.0,0.0,0.0,-32.73309142099664,13.698904829241181,6.387332184918219,13.269177595,0.1253265142440796,-0.07253888887646484,-0.09770973903826703,0.09634886629384347,-5.716553164714813,49.32536135985921,-51.66765908788534,0.14399456541539987,-0.012848246353929177,-0.01828536644903033,0.05143736835743695,-0.01759035151912336,-0.013095806664493281,47580.12422076195,-29342.278336137122,-12918.88179043078,0.058244750888176634,0.05799181979884012,0.1447095472760086
16876,1723238058284535236,0.9268193244934082,0.2892521321773529,0.1251747608184814,0.071968525648117,-0.0074325394816696,-0.0082235485315322,0.9973453879356384,0.0,0.0,0.0,0.5302572905764631,-0.07151662797467173,-0.09098215632756967,13.282604991,0.1251747608184814,0.015328496904287817,-0.04987166073222902,0.068156872541893,-3.8046306609340244,-16.27870177398902,0.6464952184025741,0.14418968303680207,-0.013642367787685851,-0.01747576986365678,0.0657700063054989,-0.021086873094848357,-0.009248505998973755,713.7028380979334,-295.82686318613594,-154.3273368513339,0.04257990883201735,0.04240458462257224,0.1447095472760086
16878,1723238058291266849,0.9273406863212584,0.2890915274620056,0.1251194328069687,0.0718084350228309,-0.0082111377269029,-0.0080050090327858,0.9973526000976562,0.0,0.0,0.0,-0.6170524698321906,0.39974104117497916,-0.02244252706793559,13.289336604,0.1251194328069687,-0.045206862467874406,-0.22641417792881205,0.08177627513511074,-8.22164324700174,-12.72116831653098,2.4391147381058076,0.1438806614602059,-0.015229733517442102,-0.01714972044925852,0.06752669127946831,-0.020930847087278437,-0.01113497327759383,-101.45987037926845,48.09329038416699,20.985344688646503,0.07771331772133015,0.07722063616357021,0.1447095472760086
16880,1723238058301381778,0.927872896194458,0.2889243066310882,0.1249624863266944,0.0712092518806457,-0.0090031363070011,-0.0074954470619559,0.9973926544189452,0.0,0.0,0.0,-0.594962846119111,0.553146621538473,0.3540233101100094,13.299451533,0.1249624863266944,-0.11664917541394913,-0.1498336904547896,0.11276910507294184,-1.3438915059451855,15.807109643856396,-1.0402517695211544,0.1426860962000593,-0.016892637088786116,-0.01623705089062638,0.04794059101299908,-0.011164226441815472,-0.007443790428230734,38.6592651842899,-9.67443266381704,7.026867505171667,0.05260811487304491,0.05267107112149785,0.1447095472760086
16882,1723238058314736209,0.928430676460266,0.2888698577880859,0.1250054091215133,0.0709930881857872,-0.00763895874843,-0.0072227288037538,0.997421383857727,0.0,0.0,0.0,0.5644237297257906,-0.014027150954653456,-0.08446486245900608,13.312805964,0.1250054091215133,-0.03375893503330604,0.20647516182523054,0.02651204162504781,20.59532817932965,-4.746993854415322,9.049459780982836,0.14222370333570536,-0.01421347253579117,-0.015495019986686892,0.06364589651137464,-0.011048799188230873,-0.0029082098452111182,-2.1059223070912054,-0.8954399569172509,-34.01155090425016,0.04186704777945074,0.04165160015624131,0.1447095472760086
16884,1723238058321953257,0.9289753437042236,0.2887629270553589,0.1249605417251586,0.0716056153178215,-0.0075037712231278,-0.0066571002826094,0.9973825812339784,0.0,0.0,0.0,0.2024039566355933,0.14166533736408587,-0.33451804935814333,13.320023012,0.1249605417251586,0.17099699707713928,0.04963867491714543,0.1523097177909265,10.516281892267793,-19.392641012032882,7.988871082287249,0.14344172564097496,-0.014015348733739986,-0.014355879027683241,0.06533391741510997,-0.011238454774762374,-0.0051718823883391,-32.53797328865943,15.288734233421241,-20.835374322109175,0.07557989094590234,0.07537249759275332,0.1447095472760086
16886,1723238058333204476,0.9295326471328736,0.2886992394924164,0.1249206811189651,0.0714636892080307,-0.0082492781803011,-0.006279784720391,0.9973893761634828,0.0,0.0,0.0,0.14544027367490298,0.20345584023148883,-0.32666990594555034,13.331274231,0.1249206811189651,-0.02386354413735111,-0.12752957151058467,0.07658204313022964,-11.760933076486728,-10.973801244254865,0.04769032526622041,0.14316366649256673,-0.01555855936828621,-0.013707917175338044,0.06705886868454058,-0.006698738673019733,-0.0093015417797222,-37.017543157702775,-13.188638885076486,3.3827847381814564,0.04954453076892542,0.04951931135743431,0.1447095472760086
16888,1723238058340715680,0.9301242232322692,0.2886437177658081,0.1248219385743141,0.0711399465799331,-0.0089738639071583,-0.0059168022125959,0.9974084496498108,0.0,0.0,0.0,-0.29283966515080806,0.010721497487828247,-0.2877961968451658,13.338785435,0.1248219385743141,-0.08433160210196124,-0.18602336682021178,0.11092945593881176,-3.727436234780403,-4.174967747480537,0.913445145280843,0.14252001729527775,-0.017060200938525668,-0.013082014241424073,0.06811182626138645,-0.006173575891946115,-0.011552788687888338,-34.58473345536533,-21.14101662870358,9.671455171420412,0.0786133785067407,0.07890954730062777,0.1447095472760086
16890,1723238058352559182,0.9307320713996888,0.2885933518409729,0.1247148662805557,0.0708491578698158,-0.0099869994446635,-0.0056746485643088,0.9974209070205688,0.0,0.0,0.0,-0.25863483418050937,-0.15527991937507868,-0.08929093707471736,13.350628937,0.1247148662805557,-0.047748336049541075,-0.16800637120313516,0.05341050460254715,-5.062005891315712,-10.114707518459849,2.379710340275663,0.14194827870446103,-0.019119560807229773,-0.012737839764919243,0.05655702905961135,-0.007152051445075358,-0.014738659302159007,-8.506662278001372,6.475151249475344,44.88540479212747,0.051191120179764654,0.051455062800491835,0.1447095472760086
16892,1723238058361628120,0.931281328201294,0.2885083556175232,0.1245416328310966,0.0701550245285034,-0.0115635404363274,-0.0052243992686271,0.997455358505249,0.0,0.0,0.0,-0.41491042263640443,0.04574261732297147,0.513080389241261,13.359697875,0.1245416328310966,-0.15025816915301396,-0.34054043775363013,0.1252434346454033,6.079094774848063,1.5109678500388677,2.638860384794362,0.1405712848591931,-0.02233705246839454,-0.012047987921384319,0.059190517960011846,-0.009064872903469023,-0.014300485831389764,588.0745609561837,-113.83833198391586,-167.4111257418315,0.06023136121514729,0.06091729394219276,0.1447095472760086
16894,1723238058371213267,0.9318347573280334,0.2884245812892914,0.1244532018899917,0.0705487430095672,-0.0121624264866113,-0.0047955871559679,0.997422695159912,0.0,0.0,0.0,11.354073024541092,-2.4232394165698894,-3.460475866567763,13.369283022,0.1244532018899917,0.08410836318324418,-0.11801582950749026,0.09702769903843074,16.887474071457223,19.617039807834185,-3.3748208624816383,0.1413599999486503,-0.023587702345847113,-0.011285921733075521,0.048068370826127804,-0.006026240050826637,-0.004674126704316661,-167.62425544178745,29.91629711699622,40.84102365277573,0.057599475327209396,0.0578799305654947,0.1447095472760086
16896,1723238058392403774,0.9324003458023072,0.288424015045166,0.1245673894882202,0.0714806094765663,-0.0108065335080027,-0.0046316059306263,0.9973727464675904,0.0,0.0,0.0,-57.57139264711691,11.679302128913434,18.738938253089827,13.390473529,0.1245673894882202,0.08763175766836977,0.12909822761286108,0.005316414537126303,1796.8186326880837,-3223.257071510283,2515.9351950489595,0.14320585663843166,-0.0208956645547386,-0.010786354098841796,0.874933096163204,-0.18574922868367594,-0.2871657275071584,-9300.488075056288,2038.1141924724398,3280.2715353029635,0.026796152952732057,0.026563341934438746,0.1447095472760086
16898,1723238058392964758,0.93290376663208,0.2883170545101166,0.1244019493460655,0.0717879086732864,-0.0113203199580311,-0.0042560272850096,0.9973466396331788,0.0,0.0,0.0,-62.87863478572194,12.843036276057456,20.612275635576935,13.391034513,0.1244019493460655,1.1223005855536965,-1.7271396256099962,1.454144568283016,1710.4330851327518,-3075.3069506976112,2398.6652282533473,0.14382110998295286,-0.02197127122404582,-0.010117407699891938,0.841201966555035,-0.17889791930558152,-0.27617720736887086,-8803.09567805377,1936.3020240638061,3119.2998260965487,0.8925759229641651,0.9026571157365597,0.1447095472760086
16900,1723238058400789292,0.9333537817001344,0.2882015705108642,0.1242854744195938,0.0713358074426651,-0.0125176599249243,-0.0037874979898333,0.9973666071891784,0.0,0.0,0.0,-60.00222096132026,12.916660537747191,21.0010246768746,13.398859047,0.1242854744195938,-0.11296142597654929,-0.29707235479501753,0.1427416797869688,-91.10983176573328,129.83361273464794,-103.8092461897122,0.1429192788263447,-0.024431453997385916,-0.009343887246535152,0.04906892268810026,-0.009650043461272517,-0.0031041044784005933,2420.285671638832,-459.53971717715746,-719.3259789013052,0.05726788236382229,0.05778825097292894,0.1447095472760086
16902,1723238058411984442,0.9337678551673888,0.2881753742694855,0.1244394406676292,0.0709870234131813,-0.0107946088537573,-0.0036554059479385,0.9974121451377868,0.0,0.0,0.0,-0.027601640180298093,0.26053731836831656,0.630267823777479,13.410054197,0.1244394406676292,-0.0635965752438363,0.3085596000183643,0.00238806750991284,7.853728597411536,21.93954412809883,-5.569512550400038,0.142195555483062,-0.021015922149610376,-0.008826510587308942,0.03782462183377078,-0.004620695118992657,0.009381701657256158,2881.2400426067634,-616.7525471546686,-1019.3625501072247,0.03728691216753096,0.03666049287546171,0.1447095472760086
16904,1723238058424627701,0.9342580437660216,0.2880843877792358,0.1244956403970718,0.0715229585766792,-0.0100113581866025,-0.0033943729940801,0.9973829388618468,0.0,0.0,0.0,1.0472638700447074,-0.20158000917498775,-0.831381063281774,13.422697456,0.1244956403970718,0.08487940603930282,0.12677071169294188,0.031457843860687756,-2.49950959730025,3.225853123040622,-2.217934690518147,0.143256114098187,-0.019485997631004993,-0.008204713006328647,0.05142290379724557,-0.0040211300398347305,0.010424904800450108,-12.089839622633157,-38.63277372636489,-92.03940569245906,0.038907725360725044,0.03863273392178399,0.1447095472760086
16906,1723238058432991350,0.9347581267356871,0.2880683243274688,0.1246159151196479,0.0714651495218277,-0.0089600188657641,-0.0033702754881232,0.9973971843719482,0.0,0.0,0.0,0.4089028946608053,-0.5362114917710408,-1.4707754425805408,13.431061105,0.1246159151196479,-0.014827029466264258,0.25114822917336677,-0.012084045051270021,-19.971352307965887,-18.894062612341216,2.5645504492150497,0.1431284289115603,-0.017392557558470644,-0.008004960943704233,0.060025430879150576,-0.007084711880001038,-0.0015847100261190405,-83.84139827271005,-7.920414079322432,7.646933227672143,0.06004695555877187,0.059507068641446594,0.1447095472760086
16908,1723238058441390090,0.9352642297744752,0.2879652678966522,0.1244679540395736,0.0704105272889137,-0.0097844656556844,-0.0031233101617544,0.9974652528762816,0.0,0.0,0.0,-0.3586468386491326,-0.3320882192914404,-0.6972857767082489,13.439459845,0.1244679540395736,-0.2504543168936143,-0.19231360069084755,0.07499233908586232,-0.2787909644753146,-29.155521195583546,5.664719894327065,0.14101772832053688,-0.019080658954686656,-0.0076101042030756755,0.05823351307067526,-0.013021265587147113,-0.014231255950196697,-50.90303008681777,36.436882228517675,81.47719389253479,0.060003923988852126,0.06053876096757577,0.1447095472760086
16910,1723238058450731075,0.9357871413230896,0.2878358364105224,0.1243701949715614,0.070569097995758,-0.0108312340453267,-0.0028254552744328,0.9974441528320312,0.0,0.0,0.0,-0.41352835204922833,0.1343155635419756,-0.04652580628374614,13.44880083,0.1243701949715614,0.035507640512528256,-0.21900349137994585,0.07904647810675927,16.893132954210255,-6.357842886941831,1.1069252165429857,0.14134048572794872,-0.021209912686829438,-0.00716684183567795,0.05337397595998539,-0.01223003756891039,-0.012345329025437835,0.7866828271514628,26.169738592542544,37.499790716531145,0.05584363969738696,0.05613970136067035,0.1447095472760086
16912,1723238058461465615,0.9363279342651368,0.2877246141433716,0.1242144852876663,0.0708129703998565,-0.0126385204493999,-0.0024166081566363,0.9974066019058228,0.0,0.0,0.0,-0.3229009232848754,0.12211809557642506,-0.040799423427054116,13.45953537,0.1242144852876663,0.04759100328863541,-0.33043483115523786,0.09922981345363774,-7.390711153201869,0.6524653109063276,1.4866578626835372,0.14183856576370787,-0.02487179729448401,-0.006612717615774465,0.05025131138106076,-0.010176225936941563,-0.01590931808368623,74.11394370653105,-16.24569191935139,12.092940526351404,0.05006984274086313,0.050701356635032835,0.1447095472760086
16914,1723238058471775675,0.936844766139984,0.2876215279102325,0.1240365579724311,0.0702223256230354,-0.013780147768557,-0.0019332723459228,0.9974343180656432,0.0,0.0,0.0,1.0915199219057399,-0.19499485734024496,0.19834577850776053,13.46984543,0.1240365579724311,-0.11293981760892906,-0.21445408587704637,0.11066011357651814,-4.978374217913591,9.400228657466059,-0.1912994288128913,0.14065283640410725,-0.02722142857424386,-0.005794151442164685,0.04660528656228635,-0.009602516867452948,-0.013446275743167924,83.650626530782,2.3421151882300055,68.45681647302207,0.04969767019575254,0.050569359226335535,0.1447095472760086
16916,1723238058486121403,0.9374430179595948,0.2874916791915893,0.123919740319252,0.0704062283039093,-0.0146553684026002,-0.0014028495643287,0.9974097609519958,0.0,0.0,0.0,1.2228769785962008,0.499310973609274,2.0838767907627425,13.484191158,0.123919740319252,0.02706821806148126,-0.11651000795141471,0.08196729118178929,-51.99057169289583,-34.38056757484329,16.303786407586657,0.14101499029560977,-0.029041358373996226,-0.004864160370859523,0.0911108363789026,-0.017402912986717922,-0.011410307127412977,-277.54789329095587,55.10674444553405,53.303274476615286,0.04149191660152726,0.041917377018477184,0.1447095472760086
16918,1723238058491282342,0.9380049705505372,0.2873863577842712,0.123854786157608,0.0694812387228012,-0.0156438928097486,-0.0009686123230494,0.9974601864814758,0.0,0.0,0.0,-0.7418464366860125,0.7961692821377961,2.213906828721565,13.489352097,0.123854786157608,-0.35590161036126844,-0.37045564878834886,0.20009441716956042,-32.8367314397889,-4.596851477888762,7.912622259194904,0.13915549879183303,-0.031078722557899743,-0.00410821398417697,0.0939324571485578,-0.012889390968505055,0.002950024982606436,-287.20629754730595,11.859250805422091,-65.44452224545843,0.10852493836526374,0.10923163041030892,0.1447095472760086
16920,1723238058501313507,0.93865567445755,0.2874036431312561,0.1241872832179069,0.070091001689434,-0.013372903689742,-0.0008638285216875,0.9974506497383118,0.0,0.0,0.0,-1.8001613440618418,0.024866839611714542,-0.20980276987160582,13.499383262,0.1241872832179069,0.12128529949312404,0.4531763103471032,-0.01252531904991829,18.24240753185308,17.023613469625573,-5.705494388392492,0.14035746553927836,-0.026559652222298825,-0.0035991702183074538,0.061367211249184095,-0.006431182506247524,0.014071996500407913,11.605841583136357,-48.49235860770273,-141.0403614477074,0.0657189844276553,0.06395638872000228,0.1447095472760086
16922,1723238058511668125,0.9392536878585817,0.287249892950058,0.1241291165351867,0.070067174732685,-0.013748837634921,-0.0004028285038657,0.9974474906921388,0.0,0.0,0.0,-0.4282726513209685,-0.173718230643083,-0.5951981314805999,13.50973788,0.1241291165351867,-0.00329420969011322,-0.06619779365585074,0.09396585384725208,-9.770691763996272,-16.487246447396664,3.6847609268337806,0.14029995037823215,-0.027374455850179225,-0.002731311678272109,0.05818542760203371,-0.012789317287026591,-0.0021936951209822197,102.67417181930689,-6.760872548106692,6.253327240638985,0.05761823572067567,0.05790251703627199,0.1447095472760086
16924,1723238058520834553,0.9397905468940736,0.2871493697166443,0.1241367906332016,0.0697219595313072,-0.0135169625282287,-5.041763142799027e-05,0.99747496843338,0.0,0.0,0.0,0.2709355580908601,-0.13492818033257753,-0.18511231481061668,13.518904308,0.1241367906332016,-0.07451266515075161,0.055902779573636055,0.07418852433228801,2.618301161806618,11.535670861180492,-1.9158040426727239,0.13959670414755382,-0.026961899623473815,-0.0019861620552335197,0.05327790535614696,-0.010808677247485576,0.0002675813275860861,57.24176312550247,-11.020931447167584,-8.072379384240932,0.058590906019151824,0.0585435488943771,0.1447095472760086
16926,1723238058533951876,0.9403901100158693,0.2870105504989624,0.1241296082735061,0.0707300454378128,-0.0124050229787826,0.0003933817497454,0.9974183440208436,0.0,0.0,0.0,0.6644393040389218,-0.5658033208822837,-1.2823067710770737,13.532021631,0.1241296082735061,0.15482292858324545,0.1737183516360859,0.053596767445113866,4.515376328498264,-12.69976516486853,10.434267963367327,0.14160127365173772,-0.02480418614677648,-0.0009703819806125318,0.07196730448863775,-0.019167306640589743,-0.010675595395865045,-90.40734554400154,16.138701327509658,-10.845477416285902,0.04569033948777101,0.04573404818767019,0.1447095472760086
16928,1723238058541158100,0.941012680530548,0.2868384420871734,0.1240125820040702,0.0712109878659248,-0.0124628143385052,0.0010321635054424,0.9973829388618468,0.0,0.0,0.0,-0.4637274656620345,-0.2555734711010369,-1.0722597023506428,13.539227855,0.1240125820040702,0.13602307588911944,-0.00363283058998844,0.17631093685909427,-10.34262935256008,-24.851860474084955,9.645751120742391,0.14255024414786058,-0.025010006762068854,0.00028403473072041984,0.07374528939826064,-0.022961880707795146,-0.021689964809491258,-92.1902306797623,40.19360871762298,72.32817688101454,0.0859535310729057,0.08685932520997329,0.1447095472760086
16930,1723238058552537575,0.9416245818138124,0.2865937054157257,0.1236678212881088,0.0705170407891273,-0.0141756990924477,0.0017763327341526,0.9974082708358764,0.0,0.0,0.0,-0.35620834928243994,0.15047593415211313,0.5267242911060662,13.55060733,0.1236678212881088,-0.12064325005579216,-0.2907650887877348,0.1534025593641217,-12.197987875841548,-9.498161136513636,-0.8382124668175006,0.1411436215073282,-0.02853231366330823,0.0015448306087374596,0.055701745052637364,-0.021000510857652088,-0.025694151747039484,21.759412273245424,20.324263627410673,87.89584400366786,0.0528528854915076,0.054718758866331145,0.1447095472760086
16932,1723238058562646821,0.942205011844635,0.2863859534263611,0.12344940751791,0.069747045636177,-0.0154700353741645,0.00246187672019,0.9974417686462402,0.0,0.0,0.0,-0.025675301763840253,0.2180085602173245,0.9427248982244939,13.560716576,0.12344940751791,-0.15093960660595337,-0.24547756715501057,0.15548058132167447,4.30659441936012,18.115956362076066,-2.4913856811409376,0.13958161851876508,-0.031209402364120512,0.0027545236759578106,0.06314187119165382,-0.019675851960098356,-0.012478809766075294,13.647744890876755,-17.7620189554086,-14.657253567034694,0.056656820952008836,0.05819219804213398,0.1447095472760086
16934,1723238058571169732,0.942784309387207,0.2862245440483093,0.123408630490303,0.0694768950343132,-0.0154754696413874,0.0029481095261871,0.9974592328071594,0.0,0.0,0.0,-0.046228880998209654,-0.10900576846439802,0.4167956239348499,13.569239487,0.123408630490303,-0.061755639015732305,0.006905665274330414,0.11486783772059693,3.9074416249487545,14.493776789782604,-2.9692814058043546,0.13902472306929559,-0.03128705527191422,0.003732698418710247,0.05745022138195921,-0.01719283130119642,-0.0070633668017672235,23.553163749840966,-27.414110495666627,-38.567252062667045,0.0677153873126074,0.06823355947809236,0.1447095472760086
16936,1723238058584405973,0.9433284997940063,0.2860328555107116,0.1232682913541793,0.0685115307569503,-0.0162695441395044,0.003624286269769,0.9975111484527588,0.0,0.0,0.0,0.7992608998691795,-0.24667839612742304,0.38198835676124554,13.582475728,0.1232682913541793,-0.14481382067049237,-0.112030124024689,0.11248132744156462,28.317342220953165,-7.75507514340392,10.665298787149364,0.1370671018082423,-0.032960681911903086,0.005003967968016248,0.069615542394601,-0.0268651113407401,-0.006040184269027193,-71.57598848208454,56.18538608118008,-24.21875851232879,0.04066898628293152,0.04156669617941735,0.1447095472760086
16938,1723238058591304843,0.9439112544059752,0.2858029901981354,0.1232430264353752,0.0691027790307998,-0.0168748777359724,0.0043704183772206,0.9974573254585266,0.0,0.0,0.0,-0.18158917464893776,0.38036692561541197,0.13727709655255127,13.589374598,0.1232430264353752,0.1749299718379906,-0.16110664116379408,0.2250580621940945,26.359201272006736,3.377932430185238,4.663664885037708,0.13822733064118478,-0.03427466725486078,0.0063902063097236355,0.07469865560475597,-0.026826333974211636,-0.002309314369511206,-92.51518622761971,59.69084234053932,-45.97541598414195,0.08408140270150224,0.08490896522226715,0.1447095472760086
16940,1723238058602005192,0.9445483684539796,0.285623699426651,0.1232407689094543,0.0697626397013664,-0.0166397225111722,0.004835027270019,0.9974130988121032,0.0,0.0,0.0,-0.3473443967002514,0.501264359022116,-0.5290095373013258,13.600074947,0.1232407689094543,0.1252495575220343,0.049163420893929916,0.08153675826224359,-12.711569458922133,-1.070865005420698,-5.631515688828213,0.13953558063475308,-0.033874440906761505,0.007327646423430621,0.057513430448196345,-0.016536781276030865,-0.007537397383806876,33.461301830485205,-11.600238113165062,-16.708519443261938,0.05937581842245612,0.059713041321040446,0.1447095472760086
16942,1723238058612727999,0.9451432824134828,0.2854487299919128,0.1230812221765518,0.0692352876067161,-0.0176706127822399,0.0053173396736383,0.9974296689033508,0.0,0.0,0.0,0.537458547066203,0.13082361775702633,-0.21862363626693027,13.610797754,0.1230812221765518,-0.09775475735202645,-0.18497965875628655,0.10476309259677424,-7.994161723085817,-4.327653271220651,2.2617504127667463,0.13845810062495678,-0.0359944538998311,0.008165864755665766,0.06731403746294973,-0.016108367955261826,-0.0136441856038374,-39.57068955914795,0.9400612484902631,57.3422211312306,0.05477478059716391,0.056169946092894676,0.1447095472760086
16944,1723238058621118400,0.9457857608795166,0.2853149473667145,0.1229748502373695,0.0688904374837875,-0.0181535147130489,0.005800871644169,0.9974422454833984,0.0,0.0,0.0,-0.5960954012637423,0.3716955389478683,0.44892916003692723,13.619188155,0.1229748502373695,-0.08077276269555146,-0.10634231112354073,0.12436826949705235,-5.963013283597727,6.343809701577942,0.02262649350746937,0.13774713872768707,-0.03702187069475774,0.009077206287945748,0.06935143272686162,-0.014414112288980263,-0.013174812801984181,-67.08951276888543,6.345375009839425,47.397737800967064,0.0759035303578349,0.0771907900979263,0.1447095472760086
16946,1723238058630789534,0.9463759660720824,0.285192608833313,0.1228418946266174,0.0677867606282234,-0.0185726191848516,0.0062311594374477,0.9975075721740724,0.0,0.0,0.0,-0.4867752710100035,0.18377786237285515,0.5487780734290821,13.628859289,0.1228418946266174,-0.22747575224625205,-0.07875014332508745,0.09879217378940712,3.7924119261519778,15.295196335422837,-4.437663172281118,0.13551560624311051,-0.03790651412069135,0.009920591285691225,0.05423477039183666,-0.008926933171700568,-0.004452384811568066,52.906798123809594,-43.54180198996792,-36.120403330299396,0.06033426186233355,0.061667545091384286,0.1447095472760086
16948,1723238058643582692,0.9469548463821412,0.2851414084434509,0.1229422390460968,0.0686777383089065,-0.0164824295789003,0.0064645027741789,0.997481882572174,0.0,0.0,0.0,0.8941193053113645,-0.7812908414699193,-0.6993032079551125,13.641652447,0.1229422390460968,0.14192844325624038,0.32748264360533735,0.011676061479002301,-8.479116146756287,-9.180254303310992,4.211581305264241,0.13730559229431052,-0.03377620642830819,0.01063876534079255,0.06622155061398871,-0.01306749390017714,-0.003407729605202192,-55.23860033691394,-12.696721439962865,-46.403772596220044,0.045443167314084265,0.04503057068699662,0.1447095472760086
16950,1723238058650780648,0.9475164413452148,0.2850106358528137,0.1228721439838409,0.0684176906943321,-0.0161621868610382,0.0067949388176202,0.9975027441978456,0.0,0.0,0.0,-0.164337459367359,-0.6185943593871345,-0.8261457576280049,13.648850403,0.1228721439838409,-0.07038356851813551,0.09562571319253636,0.08662508566770653,-13.042955027260602,-30.929915280472727,7.999901468789065,0.13677512457723673,-0.03317952698698483,0.011350872246994348,0.07248385040109184,-0.02054455744815442,-0.01160406857502938,-92.70059936386858,43.65958081498412,18.178948878907562,0.07744433004190991,0.07856488876204129,0.1447095472760086
16952,1723238058661197368,0.9481880068778992,0.2847608029842376,0.122723139822483,0.0686307847499847,-0.0172849968075752,0.0074186348356306,0.9974647760391236,0.0,0.0,0.0,-0.3106705546862454,0.1536176487295045,-0.09708670492028898,13.659267123,0.122723139822483,0.041780995500014975,-0.2072429269832575,0.13358763190534637,5.386448575197862,-17.668914119620183,2.864546753616712,0.13717309498571856,-0.03550810551754399,0.01243524687788412,0.05517935494734871,-0.02065411030668418,-0.015498036082600475,21.636551602070043,62.83900846282087,92.14541017831966,0.06361847917289529,0.06531487760996407,0.1447095472760086
16954,1723238058677503827,0.9488506317138672,0.284509003162384,0.1224399507045745,0.0685604810714721,-0.019023498520255,0.0084283016622066,0.9974300265312196,0.0,0.0,0.0,0.9530381148607496,0.8900314480696657,1.9710424969313145,13.675573582,0.1224399507045745,-0.007749785338260512,-0.20419872673183842,0.1383371858529951,-15.241498184338365,47.369181180198254,7.471952967761034,0.13698031303513836,-0.03911488746727614,0.01421611410813963,0.08458806365322857,-0.013959395110283879,-0.01001721813855383,-187.61622843851188,-15.60116574483618,-41.68872421529176,0.039702074694865606,0.041539430904433315,0.1447095472760086
16956,1723238058683458476,0.949449896812439,0.2844291031360626,0.122396282851696,0.0681733414530754,-0.0185312144458293,0.0090473676100373,0.9974603652954102,0.0,0.0,0.0,-0.7406313748633173,0.6650069963035642,1.356365031810845,13.681528231,0.122396282851696,-0.1250447511823096,0.18046486217358035,0.19844419965106055,-2.2836367549806895,53.7991728196438,-5.219232526529176,0.13618476033273674,-0.03821118039934546,0.015534075094074876,0.08841376912666732,-0.007616967141728992,0.005274746424244192,-212.57182458978448,-78.35057652461636,-183.23765848849928,0.10006416824390993,0.10109073573670531,0.1447095472760086
16958,1723238058691801364,0.9500446319580078,0.284433364868164,0.1225876659154892,0.0684034749865531,-0.0164288878440856,0.009094743989408,0.997481107711792,0.0,0.0,0.0,-1.6741676699977557,-0.4627783083423012,-1.1076153729495801,13.689871119,0.1225876659154892,0.059459856582747384,0.5030678934495124,-0.02409690426606898,-0.13491871846259684,-18.46305132874876,-6.468241822873983,0.13666742287704048,-0.03402579988662272,0.01590596159706588,0.06606767511409117,-0.006745825627225699,0.002427133511527124,15.315186317569836,-78.87138097570883,-144.74689093206717,0.07202471871087522,0.07050248674850562,0.1447095472760086
16960,1723238058700858164,0.9505916833877563,0.2843009233474731,0.1224079728126525,0.0676790103316307,-0.0174915716052055,0.0095367329195141,0.9975082874298096,0.0,0.0,0.0,-0.28474525531021744,-0.6234928347098319,-0.9379669133287414,13.698927919,0.1224079728126525,-0.1605208117303032,-0.22584975783043812,0.11598397351305645,-2.1828434767780682,-38.450127699714145,8.213207241171624,0.13518678543791676,-0.03619475092919792,0.01667000544581439,0.060779079714613715,-0.016513670969542815,-0.01513836042227723,85.16031725348776,21.730541538738336,50.74108972145795,0.059392765185878604,0.06133393436944561,0.1447095472760086
16962,1723238058711359283,0.9512345194816588,0.2841044962406158,0.1223062574863433,0.0681233555078506,-0.0181449223309755,0.0100993392989039,0.9974608421325684,0.0,0.0,0.0,-0.22148414359567203,0.08534938849598195,-0.015388695775712113,13.709429038,0.1223062574863433,0.08571640506449565,-0.11783765419176183,0.11391220958121469,4.833627372069959,3.7414592228463155,0.6866766288263983,0.1360493402214101,-0.037582547386974405,0.017688617384980503,0.06143181830720579,-0.01752086516133211,-0.012793855673214338,7.087564184716176,39.017129507502986,47.58025805493962,0.06046859925474532,0.061923559337373014,0.1447095472760086
16964,1723238058721284070,0.9518462419509888,0.2839417159557342,0.1221501305699348,0.0679162740707397,-0.0188938993960618,0.0106862327083945,0.9974549412727356,0.0,0.0,0.0,-0.14116737319007644,0.20539941084644908,0.07905254588749949,13.719353825,0.1221501305699348,-0.04092151830645585,-0.1420906727059051,0.1290190100246495,-6.741708375939355,-0.9518949766253177,-0.2563640528227684,0.13560183151068428,-0.03915316751908933,0.018767148426564385,0.05657303875445763,-0.014973533581169818,-0.01518515269911802,19.194747643453606,-8.33187542125728,-4.407771399675035,0.06065443113434767,0.06253957771676343,0.1447095472760086
16966,1723238058732990257,0.9524385929107666,0.2837861478328705,0.1219799071550369,0.0676987692713737,-0.0197108760476112,0.0112217906862497,0.9974479675292968,0.0,0.0,0.0,0.23682173400369777,-0.1741892279843581,-0.1647915463369808,13.731060012,0.1219799071550369,-0.03674795734407773,-0.13263614358686868,0.10146173102622758,2.0505316945820735,4.9653534108335196,-5.858841441503605,0.1351329182304298,-0.04085191120639532,0.01973524608627958,0.059730880375020945,-0.013276911296820515,-0.009841479762414451,-0.5155024133575881,-27.69108579873699,-22.378110234938084,0.04969355613723951,0.051432119723078554,0.1447095472760086
16968,1723238058742171004,0.9530526995658876,0.283664345741272,0.1219233945012092,0.0676734670996666,-0.0199796520173549,0.0113062616437673,0.997443437576294,0.0,0.0,0.0,-0.004112719855632996,-0.39431971488937534,-0.3813833221772044,13.740240759,0.1219233945012092,-0.005725477153631315,-0.05711448502954709,0.022438424543714794,-7.119676815000215,-13.68555177406332,2.292760994757807,0.13507487549159877,-0.04139923808798759,0.01986885859741305,0.061667932791721114,-0.017173827178432077,-0.015827647774619535,-23.327224732049746,5.544780671479188,23.38911535687147,0.06630207934312447,0.06739123783621455,0.1447095472760086
16970,1723238058752462658,0.953627109527588,0.2834425270557403,0.1216489151120185,0.0666546151041984,-0.0223646257072687,0.012010421603918,0.9974530935287476,0.0,0.0,0.0,-0.21054402427497676,0.003342265121518362,0.4013492799890625,13.750532413,0.1216489151120185,-0.20012273131321676,-0.4507557444301234,0.17179091045930503,9.5525123761011,9.268649881676408,6.073426744003402,0.13296560493661508,-0.046232898816274036,0.02100223758448461,0.05914396090849294,-0.020884230841938134,-0.016630209022385323,-23.14295278818993,53.40799698684843,83.37963056732323,0.0540565010615544,0.05746910895478493,0.1447095472760086
16972,1723238058762722406,0.9542679786682128,0.283235102891922,0.1215809807181358,0.0675955191254615,-0.0217365752905607,0.0128328679129481,0.9973934888839722,0.0,0.0,0.0,-0.479536302312189,0.7023485399262143,1.331718314715648,13.760792161,0.1215809807181358,0.1887799594176129,0.13034179468242704,0.1477935066364232,3.0822463922559784,17.178035756559986,-1.8930646482239988,0.13482562128251327,-0.04511002368278973,0.022685268681905055,0.05733874703363995,-0.017128322082141878,-0.007609897038458158,65.58252807287889,5.457952604997139,-15.233309731923752,0.06162809270275831,0.06323738014187083,0.1447095472760086
16974,1723238058773366715,0.9548217058181764,0.283086895942688,0.1214890629053115,0.0667233690619468,-0.0224460884928703,0.0134736085310578,0.9974279999732972,0.0,0.0,0.0,1.232326095952668,0.06832905640073772,-7.677069361267108e-05,13.77143647,0.1214890629053115,-0.16297669904139328,-0.12258387352304281,0.13256757447984888,-7.015634505246642,14.30249875783248,-8.234854549441481,0.13303466180013881,-0.04659157822518272,0.023910775151578065,0.048881836677495016,-0.005938819862931766,0.011562675530178979,82.61374477932222,-72.13055852055896,-165.01593303194875,0.05121492928552692,0.052736732253179874,0.1447095472760086
16976,1723238058785773192,0.955382764339447,0.2831286787986755,0.1219245865941047,0.0674638226628303,-0.0186621733009815,0.0133209461346268,0.997458279132843,0.0,0.0,0.0,1.1263194265928966,-1.0082716443711162,-2.624281529333526,13.783842947,0.1219245865941047,0.12639932271109056,0.6052805932314196,-0.06799248089259266,-5.088125686682488,-41.813886289331144,30.44046805120759,0.1345957537928845,-0.039036756150822055,0.0240767998693709,0.09347933139363818,-0.01930405476144159,-0.014485468418405034,-306.73673326329117,59.95568268581271,72.46672052547336,0.04662651978472601,0.04383367782173154,0.1447095472760086
16978,1723238058791124366,0.9559943675994872,0.282973051071167,0.1217326149344444,0.0675380155444145,-0.0182982478290796,0.0138899749144911,0.997452199459076,0.0,0.0,0.0,-1.203331942208317,-0.3487677937896703,-1.5810396861663985,13.789194121,0.1217326149344444,0.03359322919907166,0.14960737674615912,0.20247035534057836,-12.206406509468616,-68.53167215031014,31.505593869883214,0.13472975876327253,-0.03838888606763555,0.025258810937355023,0.09380927104031045,-0.02454021812390561,-0.029739551260154595,-327.9050664651941,112.06428266268003,196.46131399413363,0.11206181637864718,0.11629262851076122,0.1447095472760086
16980,1723238058802546042,0.9565664529800416,0.2828035056591034,0.1215425059199333,0.06765628606081,-0.0196328219026327,0.0143635552376508,0.9974121451377868,0.0,0.0,0.0,-2.32910828009664,0.6586299839046055,0.6995828413603012,13.800615797,0.1215425059199333,0.019402207837217265,-0.22791136225240607,0.0982168343383184,-4.792134186439773,-12.413561454120739,-5.410425805563946,0.13492107943057996,-0.041119185943108934,0.02602113014995375,0.04922640298878633,-0.013171495897022822,-0.016847320698238022,367.98731797489535,-87.35929376235038,-34.78985381842598,0.04895830040603006,0.051112691872967006,0.1447095472760086
16982,1723238058813693160,0.957105815410614,0.2826748788356781,0.1213525012135505,0.0672552436590194,-0.0204561706632375,0.0147376889362931,0.9974172115325928,0.0,0.0,0.0,6.848585949928302,-2.225117675198735,-2.2390038056326866,13.811762915,0.1213525012135505,-0.0726337069091964,-0.14174887081189466,0.07834689411462432,-6.028709443627261,6.9064502614259,-1.716658560995023,0.13408396840310965,-0.042802114989387276,0.02667527136492911,0.040390051329844745,-0.009493050211922816,-0.01371797948662734,-2337.786886377871,911.0925547922437,866.6863593724169,0.047287469966228554,0.04935706177187947,0.1447095472760086
16984,1723238058851945842,0.9576012492179872,0.2825803160667419,0.1212645098567009,0.0670365765690803,-0.0202121157199144,0.0151587920263409,0.9974306225776672,0.0,0.0,0.0,-497.53299902418394,186.18362457591854,179.2877239527262,13.850015597,0.1212645098567009,-0.010811964488676135,0.01439078065876429,0.02132540346653063,-1690.3891149387996,-14033.181197370583,8110.5528319202995,0.13363281029923046,-0.042365425357281314,0.027557996758923863,1.3054288666817229,-0.43001552676389565,-0.43012818606217706,165538.52861821838,4322.189354142174,-36078.47832130751,0.012769597415515777,0.013104600971673154,0.1447095472760086
16986,1723238058852332763,0.9581114053726196,0.2824122607707977,0.1210964098572731,0.066910520195961,-0.0213110204786062,0.0157009996473789,0.997407853603363,0.0,0.0,0.0,-432.783201437438,187.85360974781824,165.16843215187583,13.850402518,0.1210964098572731,-0.6714809387160761,-5.470278747934354,3.191216368020193,-1162.9060984691655,-10357.230868323579,5977.0703614781,0.1333320046494022,-0.044627494471916176,0.02850096910488868,1.1108463009391585,-0.35720548986816425,-0.36001372684723876,220453.02400946314,-19149.51630849555,-57157.331004811014,1.2849070664530728,1.349053420674392,0.1447095472760086
16988,1723238058853650990,0.9586431384086608,0.2822878062725067,0.1209561601281166,0.0670738741755485,-0.0226572658866643,0.0163535252213478,0.9973567128181458,0.0,0.0,0.0,96.33449082647462,57.22251864468811,-2.9917842452380228,13.851720745,0.1209561601281166,0.2414166693482268,-1.9765178537166148,1.1200405304463366,4101.023322605475,-1478.6341314061096,930.7036821830488,0.13359882458077393,-0.04740629552043795,0.029618776420689913,0.8552451937014212,-0.11102887339347944,-0.21433527711408829,244755.68706370392,-97361.83503284953,-91336.2582893053,0.3949053937406709,0.41068163218427417,0.1447095472760086
16990,1723238058854216716,0.9592366814613342,0.2822209596633911,0.1208086982369422,0.0680330842733383,-0.0237607285380363,0.0169387180358171,0.9972562789916992,0.0,0.0,0.0,196.77166790484878,2.5634391986154816,-45.867172209013454,13.852286471,0.1208086982369422,3.3890062707554667,-3.8154751802857896,2.2539846700592534,5139.102166643295,-2986.552360108729,1843.70898025073,0.13546873089316513,-0.04971633614953926,0.030594023110097388,0.9802081645868075,-0.11010353343044121,-0.24358457018950075,162587.61042773933,-89781.51141733403,-69870.89197144794,1.030820134621909,1.0635100068903276,0.1447095472760086
16992,1723238058861712134,0.9597352147102356,0.2821958363056183,0.1206786185503006,0.0670202150940895,-0.0237223077565431,0.0173500031232833,0.997318685054779,0.0,0.0,0.0,-69.14376476314142,8.492294737230711,18.064871275025492,13.859781889,0.1206786185503006,-0.2678736779328627,0.022663413184490784,0.11488410187997723,-264.6247627055655,290.30860958750395,-164.665830452127,0.13341733052843377,-0.0496634163509435,0.03147120782230983,0.059986402778910985,0.0012458929828156329,-0.007908963735391517,-15290.88375381988,-29.17444035578164,3622.321088037728,0.06542996117330292,0.0673042998478869,0.1447095472760086
16994,1723238058871138612,0.9602233171463012,0.2822620868682861,0.1207160428166389,0.0664667040109634,-0.0231172051280736,0.0173492282629013,0.9973700046539308,0.0,0.0,0.0,26.025063359411202,-1.5058872867364852,-5.96400906084563,13.869208367,0.1207160428166389,-0.11562881601014961,0.13032419208636736,-0.006171281786537667,12.89362742924683,7.832978369353721,-8.81463962123265,0.1323222135749195,-0.04843804503706218,0.031576427546463205,0.04396014091793354,0.00586029534089505,0.0037853467027364474,5439.391888463362,-638.7973825549515,-1399.1429089444,0.05210727890926962,0.051254683764768265,0.1447095472760086
16996,1723238058892521794,0.9607840180397034,0.2823307514190674,0.1207880228757858,0.0664657652378082,-0.0217974446713924,0.0174451228231191,0.9973980188369752,0.0,0.0,0.0,-83.53213082312232,5.296901962748109,19.896853047695004,13.890591549,0.1207880228757858,0.002087184688961867,0.12377270929819512,0.0006975489135783228,4928.692238028124,-20994.588281101136,15837.317024594611,0.13234965250081432,-0.04581649074319544,0.03194083778147005,1.945296366522598,-0.12312929276833984,-0.4732097888765452,-16113.42234997038,1096.071231908827,4013.566484610259,0.02643732134256711,0.025921094411371626,0.1447095472760086
16998,1723238058892798170,0.9613285064697266,0.2822962701320648,0.1206555366516113,0.0666567087173461,-0.0226278454065322,0.0180076081305742,0.99735689163208,0.0,0.0,0.0,-88.02475148914692,5.602608633250315,21.01612336327261,13.890867925,0.1206555366516113,1.3818457383920384,-5.753622109727361,4.434323825549214,4862.547856749708,-20712.732478199483,15624.676612503792,0.13268465125498688,-0.04755465257619783,0.03294662863015992,1.9215940768003907,-0.1216248867401365,-0.4675600181164118,-15814.164776170619,1077.0275081015238,3941.4351655920436,1.9399123339646003,1.992148974091302,0.1447095472760086
17000,1723238058903417199,0.9619430303573608,0.2822847962379455,0.1205088719725608,0.0670042559504509,-0.0225972346961498,0.018432393670082,0.9973264932632446,0.0,0.0,0.0,-75.90115168265883,5.167173969867703,18.652436453125073,13.901486954,0.1205088719725608,0.06758020728972132,0.009774578252065885,0.07803077530720287,-58.32611981048742,225.51429384778424,-174.90417014554848,0.1333625322298667,-0.04756166893214697,0.03378262832534877,0.06323787646543622,0.0028560462970155243,-0.010278597995201366,5816.820545778818,-369.3348662517565,-1413.0936399086056,0.05707853573809865,0.058403056653956016,0.1447095472760086
17002,1723238058911455287,0.9624840021133424,0.2823317050933838,0.1204477474093437,0.06699039041996,-0.0230570659041404,0.018819935619831,0.997309684753418,0.0,0.0,0.0,-0.6994562612256556,0.20072480294722053,0.05031432108909495,13.909525042,0.1204477474093437,-0.0030904445588415034,-0.10767713344036202,0.1039898158384301,-7.312852462551192,-7.804819989402364,0.18984318145471735,0.1333033944808374,-0.04853062774851211,0.03449685392020257,0.056113835362701536,0.0045051123989550135,-0.008869975575064526,5965.229046573486,-392.4755127299687,-1491.5066976769012,0.06701395699121614,0.06727527033210624,0.1447095472760086
17004,1723238058925336651,0.9629947543144226,0.2823623418807983,0.1202942803502082,0.066513255238533,-0.0234475247561931,0.0190179664641618,0.997328758239746,0.0,0.0,0.0,0.8290603028322323,0.15574430125984917,-0.930769590356757,13.923406406,0.1202942803502082,-0.06914474368636186,-0.05283670956906834,0.0337571214776249,1.882968423194058,12.92388605139081,-1.3829148579854191,0.13232558393821256,-0.049319667217454996,0.03486463586653002,0.050883174552538435,0.007185207733190424,-0.011166395748796631,22.552732468075632,0.5436083312980067,-4.772573526942907,0.03625882011362825,0.0371255122953124,0.1447095472760086
17006,1723238058933595613,0.963484227657318,0.2824461460113525,0.1202015131711959,0.066415324807167,-0.0230566821992397,0.0192092433571815,0.997340738773346,0.0,0.0,0.0,0.5850682484233838,0.1788276210996868,-0.646347215761049,13.931665368,0.1202015131711959,-0.02095849320340575,0.0979939906050901,0.040401715439340125,3.5288624157603383,-22.281920669063222,3.8674169420497604,0.1321310635566962,-0.048561397263028584,0.03530262885266343,0.06365578406654748,0.008288075207588008,-0.022614314263700308,-95.60975126060998,22.386644882135755,117.5452058390461,0.058971450537473956,0.05922701894411528,0.1447095472760086
17008,1723238058941573734,0.9640259146690368,0.2824979424476623,0.1199333742260932,0.0663945004343986,-0.0246431175619363,0.0194817278534173,0.9972988367080688,0.0,0.0,0.0,-0.6868854206763899,0.5084209028434091,0.9319355271695591,13.939643489,0.1199333742260932,-0.01057333940270255,-0.39224413179095463,0.0948615736946608,4.641924765933723,-16.017412310969338,0.0786295891846891,0.13202971694186574,-0.051763176972870424,0.03564114753483814,0.060913822005922214,0.010063839613298597,-0.022069641900313464,-82.56250398996406,30.604791269884778,121.00791883431631,0.06625464952778178,0.0690540918928309,0.1447095472760086
17010,1723238058951259583,0.964533805847168,0.2826374173164367,0.1198553070425987,0.0667495876550674,-0.0247049834579229,0.0195649061352014,0.9972719550132751,0.0,0.0,0.0,-0.582676658011239,0.6789452621120908,1.2006826422990564,13.949329338,0.1198553070425987,0.07366569237805329,-0.013164848429012712,0.016278264230454313,0.26077588092328885,25.397254871376727,-8.138206157419804,0.13273599105865877,-0.05191038371055013,0.03578079171878194,0.05022502137578755,0.018349573276342568,-0.0028871186691104,33.862156804293456,-10.794598135956173,-43.61697368682107,0.05242849030138306,0.052098945062781274,0.1447095472760086
17012,1723238058961135230,0.9650075435638428,0.2828584015369415,0.1198788806796073,0.0667049661278724,-0.0241956394165754,0.019279720261693,0.9972930550575256,0.0,0.0,0.0,-0.01563513448920384,0.286376220525979,0.0513676203120277,13.959204985,0.1198788806796073,-0.008705953309719718,0.09929734844970187,-0.06434349559971278,-2.542164641348543,11.394148343942016,-4.112350839843764,0.13267575198684797,-0.050854309215350835,0.035280042535826374,0.04971545282883483,0.02327736872297237,0.001118602884988107,35.048230817303114,-25.43323222086393,-93.48333873742042,0.04878807393434187,0.04683668129693285,0.1447095472760086
17014,1723238058971728049,0.9655539989471436,0.2831152081489563,0.119876317679882,0.0668501555919647,-0.023008270189166,0.0190345104783773,0.9973160624504088,0.0,0.0,0.0,0.10145562945810749,0.1796486349373656,-0.6787456465643142,13.969797804,0.119876317679882,0.030250847465074202,0.22006528013430074,-0.06187323054372923,0.7602261740680658,-5.733518340040693,-0.22838564788331617,0.1330131126444194,-0.048456915999317535,0.0349387441326027,0.049958451006610005,0.023895228801960045,-0.002362266171240357,4.126990963047574,-2.9184170679164616,-36.771722259749204,0.052329492385238145,0.050510804975199414,0.1447095472760086
17016,1723238058982209827,0.966060757637024,0.2833620607852936,0.1198295652866363,0.0669018551707267,-0.0230760518461465,0.0186683144420385,0.9973179697990416,0.0,0.0,0.0,0.07286979074477662,0.22329063609143662,-0.7306849120290313,13.980279582,0.1198295652866363,0.007960020859454483,-0.017748933174039784,-0.06905465810386802,-14.470091392916823,-28.797774876230783,-0.620835105964193,0.1331325735853359,-0.048545277170073294,0.03419577151180062,0.05183624379494489,0.02703658943903342,-0.013108336041425694,-9.855370174567778,4.547912840960892,41.39960807239435,0.04884922985893178,0.04750594788448979,0.1447095472760086
17018,1723238058991775456,0.9665870666503906,0.2836511135101318,0.119628682732582,0.065804623067379,-0.0247264970093965,0.0181760564446449,0.9973605275154114,0.0,0.0,0.0,-0.08362883318421277,0.270149104631602,0.06998519480053506,13.989845211,0.119628682732582,-0.23820846161446854,-0.34655035329818096,-0.0744320314379611,-1.5248278866964036,-11.924754264422305,0.9850226796979591,0.13091127933987917,-0.051737679995244264,0.03305216336374936,0.05160552501489235,0.02850550858424583,-0.01752668533834001,0.7204182833333537,28.118412894108264,84.8290048096434,0.05482843065837921,0.05470885253590448,0.1447095472760086
17020,1723238059002757804,0.9671107530593872,0.2839425802230835,0.1194799989461898,0.0661054849624633,-0.0257705301046371,0.0178710538893938,0.997319757938385,0.0,0.0,0.0,0.13965467615178762,0.8717310090833867,1.0158068074293483,14.000827559,0.1194799989461898,0.05030482658170756,-0.19446197632914572,-0.04410596635845472,10.391131174575543,7.7512202999958895,0.3158198608414615,0.13150387570974767,-0.05379160463787392,0.03229147403048633,0.04993673818613331,0.032942411417769435,-0.010051620878813061,4.6756653882359265,12.733680204012355,25.996845198427792,0.04771829149932725,0.04721804647869853,0.1447095472760086
17022,1723238059012374419,0.9676099419593812,0.284313291311264,0.1194126978516578,0.0662070140242576,-0.0265707857906818,0.0175229609012603,0.9972981810569764,0.0,0.0,0.0,0.0527884839378876,0.6401494583073761,0.7595114532823939,14.010444174,0.1194126978516578,0.016515444617754994,-0.17126445051487174,-0.061661942498151365,0.17731422561910204,19.421977465237106,-6.275759448330412,0.13170660938491802,-0.05534653078907465,0.031486296287196625,0.0537352795503665,0.045264118805206977,0.002539318150097891,-14.838393258932697,-24.112183980051864,-37.75573074542452,0.052628395997322185,0.05067552856997948,0.1447095472760086
17024,1723238059021197199,0.9680988192558287,0.2847670018672943,0.1195123046636581,0.0664252564311027,-0.0259162224829196,0.0168954599648714,0.9973117113113404,0.0,0.0,0.0,-0.12511958595949935,0.4271637821654841,0.33651646617872955,14.019266954,0.1195123046636581,0.04795623418485568,0.13777632203236193,-0.15305338837188137,6.476161834741999,11.811290641764614,-2.3713338631212326,0.13219419988761094,-0.05396386244508037,0.030305844896350673,0.05143101641598946,0.045722291488550226,0.004790151077029847,-3.5840511522033887,1.9637105879702332,-21.544840585986936,0.05746964159696235,0.05283639279204385,0.1447095472760086
17026,1723238059032446520,0.9686203002929688,0.2851995527744293,0.1194729655981063,0.0673526674509048,-0.0262261740863323,0.0165303014218807,0.9972475171089172,0.0,0.0,0.0,0.07238140156986184,0.8236720197309086,0.4727939178257607,14.030516275,0.1194729655981063,0.16258433422907148,-0.062351642533369556,-0.06516636451522638,-2.817690063829452,9.098112766142467,-7.315916686564015,0.13406768425256077,-0.05456176133960817,0.029484941409794494,0.05197493808369558,0.05590965169891504,0.009743278040468262,-13.83109415942139,-57.70450196405298,-41.7901861911261,0.04720873862211477,0.045039134724649155,0.1447095472760086
17028,1723238059041136137,0.9691096544265748,0.2858025729656219,0.1196465045213699,0.0675847455859184,-0.0253007113933563,0.0155959790572524,0.9972707629203796,0.0,0.0,0.0,-0.2584915674917032,-0.3016835836731433,-0.2521727601075079,14.039205892,0.1196465045213699,0.05078892494125495,0.19719156699391777,-0.2302872085487575,-6.311917208715796,8.383764258759422,-4.795330364809766,0.1346030628282239,-0.0525956659745921,0.027728836281191944,0.05276520191371503,0.06251713119099911,0.014069756452180116,7.252170373938016,-70.07962320321654,-74.54478529184966,0.05918656195510091,0.052853625666410366,0.1447095472760086
17030,1723238059051013042,0.969590961933136,0.2863428294658661,0.1197192221879959,0.0679019466042518,-0.0250653829425573,0.015034744516015,0.9972637891769408,0.0,0.0,0.0,0.3220195005740989,-0.3267106582486541,-0.888705832941364,14.049082797,0.1197192221879959,0.062018854016915426,0.03880401580711273,-0.11815929416256406,1.0946961079796307,-9.875385870036638,6.541813211772212,0.1352734886037855,-0.05205888556359793,0.026622443366294032,0.04628920240087453,0.04761417532573198,0.0031585472757216237,36.22008183343197,18.526583834290022,-17.632535031394696,0.0504845176926033,0.0464678334634805,0.1447095472760086
17032,1723238059064628442,0.9701753854751588,0.2868581414222717,0.1196833252906799,0.0684370920062065,-0.0248667635023593,0.0142464693635702,0.9972437620162964,0.0,0.0,0.0,0.3918459601372346,0.32081929045321456,-0.25012885403319385,14.062698197,0.1196833252906799,0.07612979251228091,0.01997778917654863,-0.11938208693837186,-14.61974704012816,-13.861362657407085,-5.191975242480101,0.13639163820143652,-0.051569277538759464,0.025046699760973647,0.06902384769045966,0.06535374775112857,-0.004887189535809355,-82.69889816291308,-71.72654192872841,13.81360285506431,0.04366390617648261,0.041774586115155804,0.1447095472760086
17034,1723238059071038186,0.9706965684890748,0.2873600423336029,0.119645208120346,0.0682481601834297,-0.0251733139157295,0.013680818490684,0.9972569346427916,0.0,0.0,0.0,-0.4032542026480186,-0.49887558151563627,-0.26142950872468446,14.069107941,0.119645208120346,-0.064821854200525,-0.10652463383724955,-0.16805723476168494,-11.159579539371272,-12.5535151784662,-1.4387026340433202,0.13603632437696175,-0.05209947133514116,0.02388519456280057,0.0676792984300576,0.06444664856571691,-0.005462077823444211,-68.317476582069,-73.7766725416839,-5.6982559007667675,0.08273543952064259,0.0790593633366796,0.1447095472760086
17036,1723238059083200428,0.9712051153182985,0.2878240942955017,0.1195899620652198,0.0685621351003646,-0.0257178731262683,0.0133857373148202,0.9972255229949952,0.0,0.0,0.0,0.05191011820371205,-0.14754148643594434,-0.42154749795599333,14.081270183,0.1195899620652198,0.04939537687215524,-0.09345157998182752,-0.043508530216085466,-12.043117337647278,-13.716196129915522,-1.5972513385036713,0.13667284046861408,-0.05315357403588095,0.02320550645061409,0.05830963191441185,0.05013234262459676,-0.012604951495294614,16.06044779787823,44.48010518249747,68.72275453970585,0.042386027003511656,0.04081474615714321,0.1447095472760086
17038,1723238059091295229,0.9717659950256348,0.2882944345474243,0.1194444894790649,0.0679297745227813,-0.0268403105437755,0.0128046283498406,0.9972468614578248,0.0,0.0,0.0,0.06681505333471494,0.2965246678006843,0.5759323308949975,14.089364984,0.1194444894790649,-0.16357132370032387,-0.2841705236752313,-0.12021608625385911,-15.103482103462287,-10.945580626231186,-3.286732835501268,0.13541803282308956,-0.055300644005252426,0.021927513222469705,0.06316009109722387,0.05448408813976435,-0.015124284393935206,-16.07546611978012,16.223477094433104,86.97659615312342,0.0694450475220109,0.06840132991589215,0.1447095472760086
17040,1723238059101515386,0.9723324179649352,0.2888045608997345,0.119326651096344,0.067071758210659,-0.0280146319419145,0.0123230619356036,0.9972786903381348,0.0,0.0,0.0,-0.32866845318052995,-0.03619354754657378,0.9971172046031754,14.099585141,0.119326651096344,-0.17333947887068196,-0.2332567199402195,-0.07394159211108506,15.39293944899722,23.69669198894652,-2.7021220651713573,0.1337068411333889,-0.05756163139164033,0.020857126416556234,0.056973212868008716,0.05440392208115341,0.0022093521759956047,-12.461412308484288,-32.30912480904205,-41.10575691876085,0.05569425024733759,0.05452910326247039,0.1447095472760086
17042,1723238059112245936,0.9729612469673156,0.289438933134079,0.1195051521062851,0.0680258870124816,-0.0266959127038717,0.0114463185891509,0.9972606301307678,0.0,0.0,0.0,-0.16681131160817264,-0.380116983643354,-0.3713885016652657,14.110315691,0.1195051521062851,0.1760268892917848,0.23187294938495737,-0.18439190616493437,11.756416523752954,6.676961866334185,-0.8245419706343657,0.1356871978787373,-0.05483032659715062,0.01922797842363113,0.05656375047551876,0.05369614622122576,0.005034776822491871,3.0866087518002256,-27.009370116398074,-75.25659242062467,0.060549450751445806,0.05607865321837221,0.1447095472760086
17044,1723238059122315785,0.9735115766525269,0.2899284064769745,0.1194462329149246,0.0685337409377098,-0.0268929656594991,0.0109249521046876,0.9972264170646667,0.0,0.0,0.0,-0.2491007398940024,-0.6044559759935293,-0.6352022286946202,14.12038554,0.1194462329149246,0.09783984141002386,-0.04741004142429777,-0.10321894144186554,-6.117350251996896,-19.808136193690725,3.1969515129063275,0.13673269164968596,-0.05516217818157711,0.018131721777809303,0.05366823934707554,0.04689968604797734,-0.004702809277731035,24.15975333482153,31.313870165140678,40.197580616219916,0.0551164999181956,0.05362590193474016,0.1447095472760086
17046,1723238059132131142,0.9740289449691772,0.2903724014759063,0.1194110587239265,0.0688203275203704,-0.0276626776903867,0.0102968448773026,0.9971923232078552,0.0,0.0,0.0,0.2973620318971393,0.21563291271791307,0.39458122659225126,14.130200897,0.1194110587239265,0.053554355157395206,-0.16599936983363836,-0.11837543236568251,-4.6008486157127875,-6.46012773175492,0.9730497856678633,0.1373352003745495,-0.05661752762389552,0.016755991927434436,0.0515910118742795,0.04164099688952305,-0.007763098184089934,31.208939102460874,71.01342374684069,90.09852494950067,0.05317215665087637,0.051709700935426955,0.1447095472760086
17048,1723238059142949502,0.9745737314224244,0.2907800376415252,0.1192772388458252,0.0688560158014297,-0.0285443291068077,0.0098145548254251,0.9971699118614196,0.0,0.0,0.0,0.34327054141604574,0.8343781454628036,1.1926235665697944,14.141019257,0.1192772388458252,0.0027195940925607014,-0.16885273148193225,-0.07783376876225158,13.89857827680106,37.913273780642434,-5.028211511239693,0.13742700757540577,-0.05831171473941395,0.015669933517151718,0.06087713379518789,0.05293330938572183,0.004928242941680594,-64.23248779922656,-54.03704456719313,-49.736095090595086,0.05013434638049573,0.0500676239948854,0.1447095472760086
17050,1723238059150895756,0.97511887550354,0.2912896871566772,0.1194173619151115,0.0697396025061607,-0.0270819757133722,0.0092672705650329,0.9971545338630676,0.0,0.0,0.0,-0.5668077479876266,-0.24423029528724327,0.07656154277446625,14.148965511,0.1194173619151115,0.22170834954090868,0.3552416084253786,-0.16900987246327587,10.797881841178825,28.408465358098248,-6.667636778123953,0.13924228285730766,-0.05533064923304874,0.014727499079216937,0.0605984130084849,0.05834111009693288,0.014518910633831261,-60.160210142111765,-98.98086426775225,-118.9232613487668,0.07040978567613096,0.06613424542835461,0.1447095472760086
17052,1723238059161450864,0.9756462574005128,0.2918242216110229,0.1195269376039505,0.0702876970171928,-0.0263365563005208,0.0084238648414611,0.9971434473991394,0.0,0.0,0.0,-0.4395255525060753,-0.7736316026142163,-0.8768522995981483,14.159520619,0.1195269376039505,0.10068584846497093,0.12867703177744752,-0.1719985879204407,-8.256526120300876,-25.008569154894822,4.509912543971643,0.14039281882035784,-0.05373268965890064,0.013116637678288608,0.04716055747051939,0.042797407808885524,-0.0005214519679759277,36.421016153334016,13.938574552643093,-18.367550189134157,0.05110903543900028,0.04831698968951042,0.1447095472760086
17054,1723238059173648612,0.976181983947754,0.2922356724739074,0.1193668916821479,0.0705821514129638,-0.0276893898844718,0.0080335261300206,0.9970892667770386,0.0,0.0,0.0,0.34813886330589083,0.2998653611152524,-0.0865494376943754,14.171718367,0.1193668916821479,0.0452124831136089,-0.22632251916965787,-0.049424637375725326,0.8510991192313702,16.48989055425793,-2.278409440118689,0.1409985564597218,-0.05638150089384787,0.012131105523425013,0.05354961804441416,0.043213854016169506,-0.003491262001984907,-16.277975837357513,19.04104494585625,24.213171512261187,0.04351625920660384,0.04388448936897281,0.1447095472760086
17056,1723238059182244227,0.9767006039619446,0.2926645576953888,0.1193952113389968,0.0709578320384025,-0.0268218293786048,0.0074860779568552,0.9970905780792236,0.0,0.0,0.0,-0.2815230706212972,0.04578717474143934,-0.12421097481208701,14.180313982,0.1193952113389968,0.08523081336626195,0.19158919236542793,-0.14367834907803104,-2.295951595185649,9.654197850754851,-1.4878227958664538,0.14178618281361172,-0.054577068799695705,0.011138973338908426,0.05547812481566439,0.04740093404700829,-0.0032846912149988583,-60.68811230074941,-41.72502976963749,10.941705323594494,0.060976515372784305,0.059134319292865695,0.1447095472760086
17058,1723238059191494992,0.977165460586548,0.29307821393013,0.1192993223667144,0.0709452852606773,-0.0272949207574129,0.0071593560278415,0.9970809817314148,0.0,0.0,0.0,-0.7178318881699994,-0.4613239707346488,0.12956352890035924,14.189564747,0.1192993223667144,-0.005217777469383497,-0.10703155935528862,-0.06308525877285258,0.08780403121358482,-20.422644675300937,4.102331767881226,0.14177742908674115,-0.05547478700259797,0.010420241663445757,0.04783733137507795,0.043430675530204965,-0.005909623685730558,-11.98180431929935,-9.45948951772266,27.26266005166171,0.050061083550569256,0.049912673968012536,0.1447095472760086
17060,1723238059201765215,0.9776292443275452,0.2935096025466919,0.1192894354462623,0.0715160518884658,-0.0281938128173351,0.0067319660447537,0.9970182180404664,0.0,0.0,0.0,-0.43973224308561787,-0.04129269644705569,0.407617041796097,14.19983497,0.1192894354462623,0.10816751954164937,-0.18157131219324593,-0.07351348701522695,4.5501853340911484,-2.415356936541606,0.2885739096619133,0.14294542527438375,-0.05721358595955221,0.009406695429575666,0.04169795647847252,0.038326287752413535,0.0001336694202933586,12.31739420020416,28.411759997833094,4.5108553515211645,0.045421630396780543,0.044402172364810644,0.1447095472760086
17062,1723238059212528657,0.978039026260376,0.2938806414604187,0.1193032413721084,0.0719803720712661,-0.0289899688214063,0.0063869743607938,0.9969642758369446,0.0,0.0,0.0,-0.47366224398055445,0.12366684507076631,0.20165201180020847,14.210598412,0.1193032413721084,0.08393357599455645,-0.15294384597901006,-0.055698331281146554,-16.870431854754845,1.697329124279566,-4.427698748022316,0.143896952898314,-0.05875720327357298,0.008576658824803959,0.03874780261738664,0.043022468420893745,0.0024814144302336416,11.466561578672028,-2.571345535525884,-0.8167263582347175,0.03837501032516119,0.03734870655279828,0.1447095472760086
17064,1723238059221316208,0.9783843755722046,0.2943200469017029,0.1193336471915245,0.0712608397006988,-0.0295858439058065,0.0057139960117638,0.9970025420188904,0.0,0.0,0.0,-0.2680176726243695,-0.027330745042131843,0.3259016710925604,14.219385963,0.1193336471915245,-0.16919798087548013,-0.14493285643366058,-0.1382476747493528,-13.959813075145227,3.2690371737416184,-2.129294253870164,0.14249229466885974,-0.0598444057315237,0.007190045978969674,0.03315366518970819,0.04186618661085717,0.004135278759836325,27.972381082387905,-8.83308400622516,2.1921115931693107,0.039794292122564245,0.03824659338098706,0.1447095472760086
17066,1723238059233811091,0.978689432144165,0.2946985960006714,0.1193973124027252,0.0707721784710884,-0.0299602057784795,0.0054486254230141,0.997027575969696,0.0,0.0,0.0,0.16269606245676105,0.010650084936746573,0.14103506608437888,14.231880846,0.1193973124027252,-0.0798680137343403,-0.06220424965934706,-0.03578799404442753,-3.9772439756320974,-4.060589841874853,2.5774662144285703,0.1415276402023995,-0.06055051813782975,0.006636372123810568,0.03635311750292658,0.04337684576028167,0.010653733114869723,-26.687580131352508,-41.012325398634886,-13.819969604163092,0.02487826335671715,0.023611122379303816,0.1447095472760086
17068,1723238059241122282,0.979006290435791,0.2950716912746429,0.1194989830255508,0.0702088177204132,-0.0304541792720556,0.0052464571781456,0.9970535039901732,0.0,0.0,0.0,-0.29406121638663074,-0.47765489561353247,0.044167487493191826,14.239192037,0.1194989830255508,-0.15654622205553229,-0.1375881799457893,-0.04099758929173144,-7.960864430645341,-16.576730952424686,-0.37883888264384624,0.1404098646679381,-0.06150435638818911,0.0061974509013727,0.03714320123968662,0.04298304834439293,0.010056413690726629,-43.134324485024706,-42.62616189297685,-4.615368551897969,0.04442644173218704,0.041669663540454045,0.1447095472760086
17070,1723238059251140387,0.9792933464050292,0.2953918278217315,0.1195468828082084,0.0692181140184402,-0.0323913879692554,0.0048778201453387,0.9970635771751404,0.0,0.0,0.0,-0.46070904411186686,-0.5730033810650588,0.11644913872077467,14.249210142,0.1195468828082084,-0.2016113515747361,-0.38967006926262177,-0.04021189503219553,9.113345664749804,-0.6631068671724716,-1.9594169715502425,0.13844987102370604,-0.0653142413170562,0.00525407899333495,0.02867718475406633,0.03238035115195359,0.012226691475823337,3.6586810717688873,14.840594440441379,5.062432433134649,0.029071834701988115,0.027832491517329725,0.1447095472760086
17072,1723238059260955364,0.9795750379562378,0.295713722705841,0.1197384819388389,0.0693261250853538,-0.0331498682498931,0.0044394982978701,0.9970332384109496,0.0,0.0,0.0,-0.22965900754567437,-0.19311551591032994,0.14543679398454923,14.259025119,0.1197384819388389,0.018725730968258414,-0.16059180712982624,-0.07903937339504198,9.38021438955428,8.427897157448331,1.2565586824820107,0.13869889189594656,-0.06676818501631969,0.004265868882766807,0.027851354428158004,0.031423447858550446,0.012406247710533336,24.762392406462663,31.87420871869874,30.33326901777358,0.030077977654089153,0.026916501177233272,0.1447095472760086
17074,1723238059271189227,0.979851007461548,0.2960206568241119,0.1197895258665084,0.0692069977521896,-0.0343377143144607,0.0042986124753952,0.9970019459724426,0.0,0.0,0.0,0.03679366093395009,0.0601928392039941,0.748023553322821,14.269258982,0.1197895258665084,-0.024731289503662924,-0.2334597504895485,-0.010559278514308651,6.384217520381544,12.959665677323812,1.3179359495981848,0.13847554223102468,-0.06911954754224102,0.0038277790860107713,0.023948274657115576,0.028426790754803477,0.015251320042559247,11.797509709026093,13.812221921279878,19.98145944177773,0.027360725794173084,0.026163558216005644,0.1447095472760086
17076,1723238059284818612,0.9801226258277892,0.2963796854019165,0.1201836913824081,0.0709529966115951,-0.0321973115205764,0.0038910170551389,0.9969522953033448,0.0,0.0,0.0,-0.06087049215080409,0.04987175814336897,0.3142610616017749,14.282888367,0.1201836913824081,0.25524340258832506,0.30765394511402944,-0.09013531565102512,17.433093430460094,-4.313671262755495,-6.142572143851054,0.14199662688034526,-0.0647958573035594,0.0031960376674645147,0.03204039386525892,0.03565486040075072,0.0339779578180508,-66.84975126413346,-19.711249000579873,-70.06459848692262,0.02184357324008846,0.017721561868311756,0.1447095472760086
17078,1723238059291408741,0.9803723692893982,0.2966443300247192,0.1204237267374992,0.0721484497189521,-0.0317053757607936,0.0035294634290039,0.9968835711479188,0.0,0.0,0.0,-0.6916011604526427,-0.14042445283542715,-0.2693217918213415,14.289478496,0.1204237267374992,0.3602232914632101,0.13897115221163495,-0.13158437505321344,6.604220418091112,-19.98907728837237,-2.1873256374376817,0.14441736907267447,-0.06376563070507227,0.0024669569873971334,0.029553389278166975,0.03445255031038208,0.03267217098385711,-54.401852101510904,-8.153426705368624,-60.50378936955817,0.04023932074923147,0.03506926326976619,0.1447095472760086
17080,1723238059303491046,0.9805446267127992,0.2969342172145843,0.1207353845238685,0.073566623032093,-0.0315406247973442,0.0031792705412954,0.9967864155769348,0.0,0.0,0.0,-0.433893711305706,0.22010092900331646,-0.37898724742420864,14.301560801,0.1207353845238685,0.23343919660119328,0.021665718604634503,-0.06714097580624319,-9.246449405685716,-12.497541725552093,6.369607313543288,0.14728655478690203,-0.06338875128787815,0.0017008496593677901,0.014236815438138706,0.03368663544411632,0.027841413062371423,45.12502108003598,-15.692545867277587,10.5123144496163,0.015903062239972895,0.012355076912085393,0.1447095472760086
17082,1723238059312543839,0.980673372745514,0.2973049283027649,0.1210013106465339,0.0742822661995887,-0.0320355705916881,0.0031540333293378,0.996717631816864,0.0,0.0,0.0,0.13601755786988634,-0.23079717468581662,-0.15095224755350967,14.310613594,0.1210013106465339,0.15819074018180893,-0.11038727312477366,-0.0024517891495381135,-6.448439642600339,-18.436461319976004,4.114273439647119,0.14872945322574818,-0.06437386520760903,0.0015311838061811017,0.015964397597649338,0.03760206394087717,0.024551832457103906,17.636332407946206,-45.422402330522345,34.03843354550578,0.01614446891585333,0.011877706367178591,0.1447095472760086
17084,1723238059321374373,0.9808293581008912,0.2976081371307373,0.1211765706539154,0.0748015716671943,-0.0333846248686313,0.0031043270137161,0.9966346621513368,0.0,0.0,0.0,-0.0986000968448228,-0.5941281254919736,0.22584795066775054,14.319444128,0.1211765706539154,0.1173013451523962,-0.3063493938658204,0.00776693455889521,3.6028903147996925,-5.41146933813288,-1.2123584865248351,0.14978729530871854,-0.06705921462493615,0.0011960034431137885,0.01669332974826432,0.02985044680089466,0.0250486169997588,-17.719264829064965,11.175892783269932,22.079397861656858,0.01899550612550319,0.015929149892713334,0.1447095472760086
17086,1723238059333428844,0.981014609336853,0.297894150018692,0.1215641126036644,0.0765917971730232,-0.0339317806065082,0.0028455308638513,0.9964809417724608,0.0,0.0,0.0,-0.16657172278465637,0.4015518037460153,0.15317366779664465,14.331498599,0.1215641126036644,0.2962155627393957,-0.09546036077340872,-0.04583957485389923,-1.380845962875524,8.587329675754482,-0.7128138306251948,0.15340674778550736,-0.06811328951440439,0.0004743423633782101,0.012523907223780384,0.027356815383498656,0.030561777625188746,1.815749238870909,39.96680925952889,-19.206811967473755,0.017531533019522778,0.01291425621877976,0.1447095472760086
17088,1723238059345175471,0.9811291694641112,0.298257052898407,0.1219049394130706,0.0771475583314895,-0.034490093588829,0.0027537695132195,0.9964191913604736,0.0,0.0,0.0,-0.05991428605279847,0.38303841855433474,-0.22328533473728074,14.343245226,0.1219049394130706,0.09429645714954613,-0.09654740039739933,-0.011468568022196684,-8.991273072469443,-10.504523244155287,4.260611406028529,0.15453554015353818,-0.06921332316835466,0.0001665633701798724,0.0126197504389296,0.03903800970698512,0.028879207306509613,-15.37393694851228,-33.66239560354298,-35.18782655025615,0.011740992863819629,0.007413341014289315,0.1447095472760086
17090,1723238059352976954,0.9812424778938292,0.2986038029193878,0.1221295371651649,0.0774051323533058,-0.0354014597833156,0.0028042753692716,0.99636709690094,0.0,0.0,0.0,-0.3065568279045461,-0.04582804549721775,-0.5140696715924897,14.351046709,0.1221295371651649,0.06662910581220394,-0.23244616577161822,0.028685414020099453,-1.4721647126784503,-6.90930822727185,3.687714980691311,0.15505944986316392,-0.07103956657403784,0.00010793830459878837,0.011799618979701165,0.0388584583456808,0.026722502071253373,-23.81262932241888,-27.459808066657125,-28.136706191464626,0.016535558746916094,0.011976911256518312,0.1447095472760086
17092,1723238059363643215,0.9813286066055298,0.2989367842674255,0.1223844289779663,0.0778299048542976,-0.036231841892004,0.0030048540793359,0.9963035583496094,0.0,0.0,0.0,-0.44676898939990073,0.0624953565635491,-0.6809490708378609,14.36171297,0.1223844289779663,0.08117553333358908,-0.15287083747235022,0.04673924200004923,-18.656777009074435,-17.699878581511573,9.819795907049448,0.15590800312476477,-0.07272765727906033,0.00034857346649215965,0.005592322032356378,0.038036961954812654,0.017774062599494656,27.969795069693635,18.196762808093126,68.63619384017214,0.009800822844068484,0.005976455774400217,0.1447095472760086
17094,1723238059371466005,0.9813581109046936,0.2992734611034393,0.1224883422255516,0.0771107226610183,-0.0379835367202758,0.0035099610686302,0.9962925910949708,0.0,0.0,0.0,0.007924938848659635,0.2509791507024952,0.3395310277073167,14.36953576,0.1224883422255516,-0.17963740012363633,-0.43568693213558424,0.1701859267902024,-24.113339044681382,-24.297820789444287,7.0927012331591675,0.15444386788312686,-0.07630075685149074,0.0011393356160387337,0.0028729581452822117,0.039326287817791794,0.013353636354159093,50.68734416124724,9.554239350237477,98.99205273893485,0.004822049148083466,0.002209323510784682,0.1447095472760086
17096,1723238059382861735,0.9813759326934814,0.2996599972248077,0.1226416826248169,0.0753873139619827,-0.0409641973674297,0.0038243553135544,0.996305286884308,0.0,0.0,0.0,0.4620871880258372,0.11848540822117792,0.9454043853691656,14.38093149,0.1226416826248169,-0.3012564350422271,-0.5157783877788777,0.10679195616037093,28.479878157859474,45.74984662920977,-7.842740409951507,0.1509862999189814,-0.08229516771665264,0.0014489936060312473,0.008865524161763005,0.0436167242379355,0.032239725028299304,-3.676352888037208,-61.10628381058681,-86.95325635951595,0.00271369913682573,3.4311856281670527e-08,0.1447095472760086
17098,1723238059390692749,0.9814846515655518,0.3000537455081939,0.1229952350258827,0.0758968293666839,-0.0404784604907035,0.004012094810605,0.9962856769561768,0.0,0.0,0.0,0.1990456434091355,-0.6263077829265791,-0.4895668420782304,14.388762504,0.1229952350258827,0.13246291207700853,0.1265081435973735,0.033106966932444255,32.09748940913735,42.87836938486721,-3.976359799896957,0.1519903280926679,-0.08135494468656049,0.001856151833953836,0.012140946003000863,0.0431561363679851,0.0358122433209207,-25.695505925809993,-71.83661418945537,-139.40397204213156,0.017599132822070682,0.009512319040463131,0.1447095472760086
17100,1723238059401709378,0.9815914034843444,0.3004187643527984,0.1232450827956199,0.0765674412250518,-0.040548738092184,0.0044401469640433,0.9962297081947328,0.0,0.0,0.0,0.03831334004342357,-1.0570398241054022,-1.3459198861328339,14.399779133,0.1232450827956199,0.1251587527558342,-0.00771285920076315,0.07350257378233412,-0.017627659656989536,-10.081531502744005,4.250966488499866,0.1533048778124031,-0.08156205649408492,0.0026461862899566794,0.010936300859604842,0.027461269372137664,0.01576122535988933,3.9765886541477915,14.51377936052086,4.352425691706721,0.011592917749568962,0.007342092360162026,0.1447095472760086
17102,1723238059413169640,0.9817315936088562,0.3006658554077148,0.1233432367444038,0.077297106385231,-0.0411625355482101,0.0051653361879289,0.9961446523666382,0.0,0.0,0.0,0.3052321592198443,-0.2515571528972844,-0.3174400062855367,14.411239395,0.1233432367444038,0.1326508545300739,-0.09819079254434673,0.12918423827266096,0.014349384166189694,-5.257017276216743,1.9238049021560202,0.1547187344757021,-0.08290113548508224,0.003940898782044061,0.013135763503775877,0.019729904940195553,0.005989315155684238,7.697286204326075,72.96441090529673,98.41488342873517,0.012984498164297005,0.011135997132564893,0.1447095472760086
17104,1723238059425447097,0.9819047451019288,0.3008840084075928,0.1233828961849212,0.0780330672860145,-0.0419957041740417,0.0058343657292425,0.996048867702484,0.0,0.0,0.0,0.19463479319213572,0.6795044671598469,1.0049032916695748,14.423516852,0.1233828961849212,0.12441709211689432,-0.12803736940459018,0.11420157562172942,11.732267994643593,-0.29564255722829635,1.861327022966453,0.15615038720223096,-0.08467122889819238,0.005086764560907582,0.018373613871233374,0.022205984869355433,0.009131900029300866,-48.86474665341221,12.344785562693886,42.065983460447235,0.014415743155079545,0.013462222939172411,0.1447095472760086
17106,1723238059433395919,0.9820727705955504,0.301083356142044,0.1234858557581901,0.0791259780526161,-0.0425067245960235,0.0064177592284977,0.9959373474121094,0.0,0.0,0.0,-0.3988972581725977,0.45088947792936507,1.0014787498821045,14.431465674,0.1234858557581901,0.2815041883365457,-0.11939810521659619,0.1448561857967518,4.19667367433671,20.213548481027534,-3.105022335251972,0.1583035408078324,-0.08578888385854148,0.006078993356209107,0.018726842704566593,0.03006630019354617,0.02097398253980387,-59.693998992770226,-80.59904361925652,-85.4289082372142,0.02232202382084431,0.01948745926662096,0.1447095472760086
17108,1723238059441157778,0.9821998476982116,0.3013545274734497,0.1237094476819038,0.0798681378364563,-0.04181744530797,0.0067689372226595,0.9959049820899964,0.0,0.0,0.0,-0.7487323397857968,-0.5676057127496335,-0.30583382152061844,14.439227533,0.1237094476819038,0.19610163983520335,0.18246338702968182,0.0679920399128832,-6.3151962847322185,10.616624064661227,-3.5742854419942747,0.15976205307606783,-0.0844740792324858,0.006827070538265278,0.01227049125435542,0.029488563056988326,0.025046258431969726,-8.22414479366958,-83.63432882333024,-111.25338191856079,0.018981403171447288,0.013240624018748747,0.1447095472760086
17110,1723238059450865339,0.9822691679000854,0.3015746474266052,0.1239069327712059,0.0807743296027183,-0.0421329513192176,0.0073178107850253,0.9958146214485168,0.0,0.0,0.0,-0.3812104849617322,-0.8017783082420469,-0.6916785388051484,14.448935094,0.1239069327712059,0.19170926264789995,-0.05774655559880101,0.11012896314070489,-7.580195449809285,-18.941854893047363,2.4566909056160875,0.16154093496298907,-0.08519843574556148,0.00779620116691,0.006010709052254981,0.01799088335112664,0.01199442684337626,36.39631019800288,18.201418253010416,26.36049635000326,0.009021997949777174,0.004946882049980889,0.1447095472760086
17112,1723238059461474145,0.9823198318481444,0.3017112016677856,0.1239373832941055,0.0809075161814689,-0.0431919321417808,0.0078462120145559,0.9957544803619384,0.0,0.0,0.0,-0.012051054752064083,-0.11798891042836757,0.35440475410831274,14.4595439,0.1239373832941055,0.02865556792099729,-0.19142133196155667,0.1143496626888477,-1.5995960513332772,0.2691135187572571,-2.0238244832603014,0.16176965257814002,-0.08739797599672548,0.008669896859059978,0.005022918829915568,0.013921035492689526,0.012225192927856732,21.27026910092267,50.15812897514813,39.29034815135239,0.005118953391704493,0.004222898595666589,0.1447095472760086
17114,1723238059471855647,0.9823744893074036,0.3018663823604584,0.1241593360900878,0.0816797614097595,-0.043513786047697,0.0082112466916441,0.9956744313240052,0.0,0.0,0.0,0.07134270059358977,0.25748606026381227,0.15971409460485347,14.469925402,0.1241593360900878,0.15194033269156276,-0.05788566860509446,0.06873738184033315,1.2906085505128515,9.622115404279619,-3.297929014604278,0.16329360933983847,-0.08810646084268892,0.009279190798294416,0.005721298248246853,0.015394791299540245,0.01928388541559567,5.283376789236609,10.974499939617273,-22.486931746048135,0.007263653774716332,0.0030696767187576063,0.1447095472760086
17116,1723238059484162346,0.982451558113098,0.3020623624324798,0.1243660822510719,0.0817493870854377,-0.0434540994465351,0.0084919026121497,0.9956690073013306,0.0,0.0,0.0,0.09625080657746643,0.025004608929517724,-0.17149088806318225,14.482232101,0.1243660822510719,0.013402463324833639,0.013252066688788497,0.04413557168144368,-17.949354868835158,-25.456813526666597,8.854204308087443,0.16340889766077749,-0.08803388163830549,0.009843834910897051,0.006658685495551708,0.020248997617990483,0.013660056623690409,0.012287017058104865,-34.57104072976283,16.458615470623666,0.007870957068164163,0.004424998215142207,0.1447095472760086
17118,1723238059491701989,0.9825035929679872,0.3022350072860718,0.1244545727968216,0.0811595693230629,-0.0447208434343338,0.0089717311784625,0.995656967163086,0.0,0.0,0.0,0.08705133177162122,-0.3080784610149203,0.15293828089230255,14.489771744,0.1244545727968216,-0.15284159750573992,-0.3229719380617188,0.1610257197257412,-1.1784233483556763,-16.528959001401297,6.485477373941598,0.16218456985565385,-0.09063355541305589,0.010650398641391723,0.007477143289804644,0.01873107215397596,0.013685754795926819,-9.427177113727257,-20.908823237145004,22.757854186450135,0.008177938327567373,0.0052693756623426085,0.1447095472760086
17120,1723238059501219768,0.9825816750526428,0.3023632168769836,0.1246082484722137,0.0815521106123924,-0.0454392954707145,0.0094769820570945,0.9955875873565674,0.0,0.0,0.0,-0.10128116524739939,-0.2275122259183644,0.12597720057784112,14.499289523,0.1246082484722137,0.08670442794274515,-0.14309017477171093,0.11440347475159382,12.42300643888362,8.426020093831253,-3.7487080273945796,0.16293149665596857,-0.09215371042640576,0.011508073912711263,0.008047327021685646,0.014516227328519093,0.016937975233640046,-13.419237888392392,13.974953568262155,-14.009422490751279,0.00980864575840942,0.006378525492723974,0.1447095472760086
17122,1723238059511571140,0.9826632142066956,0.3025252521038055,0.124792493879795,0.0819098129868507,-0.046368584036827,0.0098767634481191,0.995511531829834,0.0,0.0,0.0,-0.16849561988954964,-0.02081928576194536,-0.14486670688398606,14.509640895,0.124792493879795,0.07181375887003719,-0.17378005423981732,0.08854282649164845,-9.261959658601176,-6.338733463836696,0.6944548458426958,0.16361773572279456,-0.0940776405075706,0.012122682298399223,0.005184273398214145,0.01458530801682123,0.0158134160707597,15.469819615606262,37.11053856975131,18.007290821914516,0.009702675491593636,0.0058005635307075976,0.1447095472760086
17124,1723238059522739702,0.9826886653900146,0.3026752769947052,0.1249451786279678,0.0811905786395073,-0.0480227544903755,0.0104629062116146,0.9954860806465148,0.0,0.0,0.0,0.26894130717210124,0.6002279903337209,0.5885369548970851,14.520809457,0.1249451786279678,-0.12590351837386737,-0.28523123134353673,0.13477221623535715,-8.210767945987612,-0.6215948975070482,-0.0237315217130023,0.16211852223999063,-0.09746518397770636,0.013095889816138469,0.004604947892381972,0.014021490235414547,0.013758905679083,24.250153327201833,38.41130387344213,61.44440772285354,0.003773220493178247,0.0005993632140360802,0.1447095472760086
17126,1723238059534619776,0.9827727675437928,0.3028492927551269,0.1251097470521927,0.0805659964680671,-0.0490997061133384,0.0108334748074412,0.9954802989959716,0.0,0.0,0.0,0.36853443590286816,0.8392599275308377,1.2651431311210972,14.532689531,0.1251097470521927,-0.10349527477048588,-0.17436699090793029,0.08188313534927821,-8.39531580396751,-9.699726305632538,6.069955877490843,0.1608269711472363,-0.09966612053565577,0.013726033075654884,0.011854069241863385,0.02937521668829035,0.03051267995579998,-7.737140649585648,-56.88742709814596,-17.859932677027942,0.008621855605266397,0.00528166909304211,0.1447095472760086
17128,1723238059541190842,0.9828680157661438,0.3030958473682403,0.1253708004951477,0.079909898340702,-0.0501540005207061,0.0112438527867197,0.9954760670661926,0.0,0.0,0.0,0.2591027100744058,0.18555886015252232,0.8758717242110552,14.539260597,0.1253708004951477,-0.1960303074370079,-0.3072764038655433,0.16001164643716942,-3.0212599550534307,3.6083012212840986,3.640659910414505,0.15946645917489308,-0.10182708344340614,0.014445697601907517,0.013397414529876528,0.03324310657790974,0.03829864915360304,-5.000740784831761,-77.35824959652732,-51.846153261623435,0.018996071227017054,0.009382212140130216,0.1447095472760086
17130,1723238059552078433,0.9829940795898438,0.3033806085586548,0.1257620006799698,0.0797268077731132,-0.0493001006543636,0.0115817906334996,0.9955295920372008,0.0,0.0,0.0,0.4148695353980798,-0.25758644415517207,0.4447783153769045,14.550148188,0.1257620006799698,-0.02938931004977276,0.16197974270141197,0.050838589480532846,11.280950222224629,17.826809676260943,-2.0386281134427335,0.15906277031442742,-0.10017362885461245,0.015276124471155363,0.016655570829307464,0.027992239694810905,0.042260263275935905,-3.1189489685520737,-5.141364100600116,-27.74291507627654,0.015510108130075006,0.007249955032227558,0.1447095472760086
17132,1723238059561290351,0.9831870794296264,0.3036527931690216,0.1262006312608719,0.0798963829874992,-0.0487399213016033,0.0120715470984578,0.9955377578735352,0.0,0.0,0.0,0.25031909595210244,-0.027784633038626216,0.28158915093157155,14.559360106,0.1262006312608719,0.043161268029745306,0.12921531302863054,0.09432369937225632,1.0899861827108517,-14.304459403003381,1.3357878879237197,0.15935571928462322,-0.09913611451341169,0.01632796663986411,0.021378438083928586,0.027370667673823235,0.04698817394775556,-15.05112525624442,19.039958166366382,-18.911587392235774,0.02603819978054391,0.015376163794306051,0.1447095472760086
17134,1723238059571050984,0.9834001660346984,0.3038974404335022,0.1266527771949768,0.079806737601757,-0.0493596829473972,0.0123717980459332,0.9955106973648072,0.0,0.0,0.0,0.13248878294569322,0.09697546884111108,0.08462498271451047,14.569120739,0.1266527771949768,-0.016378159880137116,-0.12155849382870848,0.0723567498366322,-4.628062543851078,-6.5424674946721435,-2.2801628091043287,0.15914487662582558,-0.1004195787652045,0.01683967099206353,0.021108252339836042,0.027509948728649647,0.0473409375214926,2.55547064766313,2.5287645295838335,-20.69119546857279,0.02678206615011802,0.01644227473345555,0.1447095472760086
17136,1723238059581714362,0.983616828918457,0.3042192757129669,0.1271694451570511,0.0795342177152633,-0.0492145717144012,0.0126256952062249,0.99553644657135,0.0,0.0,0.0,0.33014309655726004,0.004494749650842067,-0.14197473885529588,14.579784117,0.1271694451570511,-0.048581950713375475,0.031765735487354806,0.04769772134442744,4.933094071582827,6.528467418303027,0.9453109163092037,0.1585708807917297,-0.10016556110895067,0.017398274599626777,0.02438694882864212,0.029507525589796302,0.04880814008665091,-4.554596268417589,-6.0570085098432,-28.932333718307873,0.025581118131038052,0.014567965629389253,0.1447095472760086
17138,1723238059591461212,0.9838907718658448,0.3045008778572082,0.1276483386754989,0.0798533707857132,-0.0491200201213359,0.0130693679675459,0.9955098628997804,0.0,0.0,0.0,0.08003545532035505,-0.03123818232723985,-0.49241406799738074,14.589530967,0.1276483386754989,0.07035540091730191,0.02546030554868746,0.08593565570805718,-0.9653872273545026,-3.7062222593134324,4.317228814261725,0.15916961424343018,-0.10005304365673165,0.01826894760120195,0.027806777814326722,0.027922432755699944,0.04493364009202505,-23.256939758711216,11.732090091184277,-15.171019472094295,0.03339343998543626,0.022279501302964074,0.1447095472760086
17140,1723238059601439877,0.9841651916503906,0.3047696053981781,0.1280538141727447,0.0794569551944732,-0.0493902899324893,0.0136950444430112,0.995519757270813,0.0,0.0,0.0,-0.1274844706448106,0.24314022808914282,-0.43148066087154247,14.599509632,0.1280538141727447,-0.07380240629655213,-0.04277665882677484,0.13304218277586616,-10.17696543771519,-11.460556710297315,3.5425933002874643,0.1583079303101749,-0.10068437777988241,0.019518653702521798,0.025838631489982333,0.028952976159336785,0.03905049681307826,-6.659668284829433,16.316300881282952,25.486516380328766,0.03196343592425111,0.022503021799577267,0.1447095472760086
17142,1723238059611419843,0.9844064712524414,0.3050787448883056,0.1284277290105819,0.0787727013230323,-0.0504712797701358,0.0143598299473524,0.9955105781555176,0.0,0.0,0.0,-0.05284562048498809,0.29438375346017764,0.01631233834471546,14.609489598,0.1284277290105819,-0.13275178663382722,-0.20328874481933448,0.15663790247468146,-5.703705178006546,-4.826582750535888,0.6997495250729617,0.15685788104798534,-0.1029333827535226,0.020750520131537904,0.025262543810335103,0.032775542803275215,0.036322288179002626,-0.9933697423647407,11.219042058276525,64.9198432276986,0.028532324875415207,0.019231091861880045,0.1447095472760086
17144,1723238059620989127,0.984658181667328,0.3054088950157165,0.128764808177948,0.0778635069727897,-0.0512361042201519,0.0149651691317558,0.9955341815948486,0.0,0.0,0.0,-0.1400884922119724,0.4575694019961931,0.8215235528838263,14.619058882,0.128764808177948,-0.18546892445712182,-0.1461884620839571,0.14806083933821634,-3.1845417496600383,8.372772940445254,-3.5153757558548944,0.1549599937476953,-0.10453535070947133,0.02193934315022279,0.02480161442989015,0.03477926566606904,0.039136352913522465,-10.741758470441516,20.33414579436644,33.67241750847935,0.030582416468074254,0.02133943283079491,0.1447095472760086
17146,1723238059632189323,0.9849162697792052,0.3058020770549774,0.1292544156312942,0.0767808929085731,-0.0514008477330207,0.0153158819302916,0.995604395866394,0.0,0.0,0.0,-0.2816977589806986,0.7283276939065351,0.5370075124678122,14.630259078,0.1292544156312942,-0.19066500137341474,-0.020874824246395696,0.07435445685118273,-1.3889428545919174,22.81100713781648,-5.552759139990694,0.1527417691456656,-0.10489400207185502,0.022730795459044825,0.022027598586703334,0.04315751883438779,0.055251967202763375,-1.8533194819334131,-19.36393307129996,-60.54994485972652,0.028281065698058588,0.01719158940610247,0.1447095472760086
17148,1723238059641955179,0.9851227402687072,0.3062921166419983,0.1298922449350357,0.0757198706269264,-0.0499648228287696,0.0155158229172229,0.9957556128501892,0.0,0.0,0.0,-0.20791674458653686,0.1684843562091478,-0.3535998327713199,14.640024934,0.1298922449350357,-0.2121059124056533,0.3008620090039201,0.028881088229424312,-16.75616239549837,-10.849316663497968,2.3020792159060703,0.15059531459770029,-0.10203216098672226,0.023457412201037614,0.01898687368424845,0.05010236340859109,0.05281677193140233,23.965585365284973,-68.63503441598847,-29.541053218378295,0.02884956002693798,0.012750670389321149,0.1447095472760086
17150,1723238059650955110,0.9852757453918456,0.306742399930954,0.1302639544010162,0.073539413511753,-0.0507520288228988,0.0158333647996187,0.9958742260932922,0.0,0.0,0.0,0.14388254612366302,-0.54301922476294,-0.10809613028225273,14.649024865,0.1302639544010162,-0.48367748938188876,-0.16001511138594476,0.10731349365069195,0.6187327852271212,-15.955889463735264,0.9105874916644503,0.1461656584138819,-0.10359924655133766,0.024203651773081876,0.01797362737808328,0.04711792278638249,0.048769808893575295,35.191444722133106,-42.80704745314076,7.7715441909540175,0.022380080175070916,0.010874542346647339,0.1447095472760086
17152,1723238059660925970,0.9854657053947448,0.3071800172328949,0.1308327317237854,0.0728443041443824,-0.0504248179495334,0.0159742459654808,0.9959397315979004,0.0,0.0,0.0,0.45171582294420964,-0.569410812612297,-0.24609028991410842,14.658995725,0.1308327317237854,-0.13734580278053674,0.07031522878498728,0.030183567796374086,21.21588482713009,8.776527319047371,-1.5655277595356134,0.14475482145294258,-0.10294918035531263,0.024605194798460375,0.022241324312602728,0.03936818228191363,0.051465160973777735,12.91191110255783,14.534324756554488,-28.753187605413437,0.02588125764887676,0.011629221166260443,0.1447095472760086
17154,1723238059670929716,0.9857202172279358,0.3075284659862518,0.1312915831804275,0.0725210383534431,-0.0503860414028167,0.0163449756801128,0.995959222316742,0.0,0.0,0.0,0.40060957894933424,-0.25156990905899157,-0.683412228478812,14.668999471,0.1312915831804275,-0.06078915407297389,0.014348903865277488,0.07644917634732136,-6.497241718769355,-5.9097408315857,3.546706633355174,0.14406637654452087,-0.1029171804480623,0.02538680405991641,0.02699803425912961,0.03575785796496689,0.04382023076913821,-3.6440080171030687,22.861396413316456,-14.820321631126806,0.030890646695344148,0.019415481491610036,0.1447095472760086
17156,1723238059681017692,0.9860084056854248,0.307898610830307,0.1317128092050552,0.0711414441466331,-0.0506888329982757,0.0167672298848629,0.996036410331726,0.0,0.0,0.0,0.3787492094812386,-0.11159342294403873,-0.5389678439832066,14.679087447,0.1317128092050552,-0.27028032813379677,-0.04847496391392345,0.10126062648957714,-3.779772738657085,2.273675216089756,0.249078107971906,0.14124226365572412,-0.10354647259005123,0.026333462352599694,0.0302775926558283,0.034332204422975465,0.03774790041240994,-5.041560061910721,13.027884993614272,4.713077023629484,0.033681477100995574,0.022797814555853058,0.1447095472760086
17158,1723238059691814459,0.9863550662994384,0.3082420229911804,0.1320740580558776,0.0704959407448768,-0.0503297597169876,0.0171859432011842,0.9960933327674866,0.0,0.0,0.0,0.2910997741219312,0.019270232821927413,-0.5990756105722717,14.689884214,0.1320740580558776,-0.11480282603276823,0.07430864589661675,0.0784075639174112,11.290742777170694,2.7835393051488113,0.5783070909693473,0.1399042910292091,-0.10287069480573154,0.027289153156222393,0.034986844260060934,0.03347088128233722,0.03265642632242116,-12.3270921657884,16.768730178974334,1.8441941206602195,0.036225356595174646,0.027337753927035826,0.1447095472760086
17160,1723238059701914630,0.9867356419563292,0.3085958063602447,0.1323963105678558,0.0703145563602447,-0.0502644218504428,0.0177377425134181,0.9960998296737672,0.0,0.0,0.0,0.12682547044383585,0.2325549032074845,-0.5104222344350289,14.699984385,0.1323963105678558,-0.030145818731245864,0.02127220901996567,0.10971199172887078,-4.1150524435241325,-6.797590262369629,3.4428481049042525,0.13948349054685366,-0.10281223837394289,0.028422374951177796,0.03655628049640569,0.03460135433030942,0.025400958422424402,4.1582907312244775,28.35457240075831,24.34344982702288,0.041730699710439315,0.03286530312998406,0.1447095472760086
17162,1723238059712402492,0.9871068000793456,0.3089540600776672,0.1325918734073639,0.0691874921321868,-0.0506882518529892,0.0184391029179096,0.9961445331573486,0.0,0.0,0.0,0.3928501898745258,0.6087547435392207,-0.08559059389259471,14.710472247,0.1325918734073639,-0.20939941876232504,-0.06686254602250577,0.14956045207032012,0.5947137006598,16.45868789119893,0.048749597597138816,0.13713634722091533,-0.10372304405481828,0.029887087911935804,0.03757536002488138,0.03835405780422363,0.022312154998512135,0.49998769818822897,8.632018127372552,7.475849502198706,0.03812927304645602,0.03185347397886321,0.1447095472760086
17164,1723238059722889921,0.9875237941741944,0.3094002902507782,0.132864311337471,0.0690300911664962,-0.0488157421350479,0.0191457588225603,0.9962355494499208,0.0,0.0,0.0,0.13733439057415664,0.41363758297080633,-0.3535855112836672,14.720959676,0.132864311337471,-0.017686841768444053,0.3664764468051975,0.11073777679325658,5.068521103856628,-1.839530168775239,2.269061353634383,0.13677953664698947,-0.10007417653095439,0.03157103656229325,0.04479617149252135,0.04736994491344504,0.023605489886278974,-45.36674871402861,-3.5262428794483576,-23.63487552687991,0.043474398330202634,0.035174766703643945,0.1447095472760086
17166,1723238059731515663,0.9879459142684937,0.3098430931568146,0.1330510973930359,0.0686991810798645,-0.0486818999052047,0.019886627793312,0.996250569820404,0.0,0.0,0.0,-0.4029921474015081,0.4901968967364174,-0.5438391257853021,14.729585418,0.1330510973930359,-0.0676979835086521,0.044413430224033934,0.17267080556952719,-3.0941929985572507,-23.63084165121522,0.979046037198914,0.13604236455688007,-0.09989720144457742,0.033106386777377456,0.04207037265067726,0.04777337611738197,0.01717211296104093,-16.442224805583926,12.014279159752213,23.25975672354032,0.0525169504736642,0.04424782035926237,0.1447095472760086
17168,1723238059743341277,0.9883320927619934,0.3103502988815307,0.1331814974546432,0.0683204531669616,-0.0487985014915466,0.0203571487218141,0.9962612986564636,0.0,0.0,0.0,0.15157041546646166,0.6831577967038682,0.4659130696312661,14.741411032,0.1331814974546432,-0.06045486025345617,-0.01281727497685331,0.08371506301571754,-34.98318604672391,6.583902283165662,-2.8941282919405333,0.1352310207062892,-0.10018122656015675,0.034071599158865554,0.035894500798292484,0.06075931974012505,0.014015740304154534,53.84530948636747,-81.22909596017453,58.580309133204864,0.03503009170789905,0.029406300394980142,0.1447095472760086
17170,1723238059751682759,0.9886505603790284,0.3109622597694397,0.1333159953355789,0.0659593343734741,-0.0484165623784065,0.0206346064805984,0.9964333772659302,0.0,0.0,0.0,0.6416145851673529,-0.5683625239369161,0.7968334507946071,14.749752514,0.1333159953355789,-0.5617066727174502,0.10931631127156428,0.08680524705748495,-9.64626033736086,5.26795891466103,-1.0973805281642264,0.1304616213160866,-0.09937331947341775,0.034914279239793955,0.0411234639759428,0.06401628623473954,0.022213977164948773,31.062561113313105,-99.02258287223223,-18.019352849517546,0.04211521368499804,0.032969964064526215,0.1447095472760086
17172,1723238059761068113,0.9890676140785216,0.3114643692970276,0.1335887908935547,0.0653806775808334,-0.0481675155460834,0.0209111999720335,0.9964777827262878,0.0,0.0,0.0,0.6407949377747348,-0.9590329282020305,0.018506584011316107,14.759137868,0.1335887908935547,-0.11954609434335317,0.05977245264505129,0.0610057557784467,31.054641859842263,3.013850414260509,1.1938424223307615,0.12927593801327358,-0.09889120014372324,0.035557825338824886,0.047301022760024125,0.04855703403909395,0.027728471651932374,-7.056423167509781,20.24694626668272,-73.73945397275482,0.048953915074440926,0.03891430091689571,0.1447095472760086
17174,1723238059770892903,0.9895617961883544,0.3118906021118164,0.1338474601507187,0.0654358342289924,-0.0473467484116554,0.0215266644954681,0.9965004920959472,0.0,0.0,0.0,0.4997913521412287,-0.12376474850740138,-0.611445720911055,14.768962658,0.1338474601507187,0.020414938774966924,0.17467165487206132,0.11328542867501218,-0.21870577994335072,2.316974735570986,3.667884154076664,0.12934611833449208,-0.09733295784995194,0.03688924292873695,0.053417560690007804,0.04621206638662834,0.02205765446071961,-28.429896905510585,39.09578149207316,-30.62668265886121,0.05417838133154828,0.04548708075619979,0.1447095472760086
17176,1723238059780986175,0.9901332855224608,0.3123863637447357,0.1340258121490478,0.0647303238511085,-0.0468979962170124,0.0221981294453144,0.9965529441833496,0.0,0.0,0.0,0.06686377816983047,-0.20531535283275915,-0.573287873342188,14.77905593,0.1340258121490478,-0.13177527859211718,0.10081772747792098,0.13316299860031466,-3.8668728637477043,1.2548079278061888,-0.777094430871105,0.12787376845174034,-0.09649614097561958,0.038359594767073006,0.05718907390158279,0.046154427836329504,0.015531015041174712,-31.745240259158145,12.914868947072701,43.40953054628364,0.05989335439404976,0.05224367842026425,0.1447095472760086
17178,1723238059791323168,0.9907304644584656,0.3128320872783661,0.1341637074947357,0.0644102618098259,-0.0458826869726181,0.0227484293282032,0.9966086149215698,0.0,0.0,0.0,-0.14327298041300596,0.15044663609183617,0.29497255505538533,14.789392923,0.1341637074947357,-0.053055356933205004,0.20453648969014063,0.09605426924946302,0.5202580791323177,-20.344563559329995,2.1384546899992802,0.12720524143628262,-0.09452532849214708,0.03961911466216247,0.05463225151511608,0.04191894888127301,0.01038141426282646,-12.87611975680749,40.73975939912338,60.81700863518054,0.06042738140369167,0.0540771110814371,0.1447095472760086
17180,1723238059802081238,0.9912830591201782,0.3132696151733398,0.1342422664165496,0.0637279823422432,-0.0478617325425148,0.023576321080327,0.996540069580078,0.0,0.0,0.0,-0.19835480064858668,0.6595261505375585,0.6897333645584429,14.800150993,0.1342422664165496,-0.12689726911235502,-0.3544564030487607,0.1831962442659754,-6.030770543902698,19.55559744674563,-0.398042850317462,0.12569728255521262,-0.09855668759161877,0.04110019838292381,0.05425615268941186,0.04980948110490502,0.022435034013552624,-8.780684984502127,-7.259186641829878,-49.531095848680394,0.053454644012591764,0.048239372200112,0.1447095472760086
17182,1723238059811450256,0.9918149709701538,0.3138108551502228,0.1345759332180023,0.0628331825137138,-0.0459893532097339,0.0241738613694906,0.9966708421707152,0.0,0.0,0.0,-0.31048950318208846,0.14618004495052217,-0.4778653901177464,14.809520011,0.1345759332180023,-0.1766022067398793,0.41228144900213376,0.11012753263349248,-7.080054056545312,24.340963961599613,-1.651848066563808,0.12389676347412738,-0.09485250339456358,0.042611832652655994,0.05106457059140723,0.05538540584043439,0.025383001989212062,32.485618831072976,-19.813930264959314,-42.34781100513285,0.062289822725541524,0.05019278717045337,0.1447095472760086
17184,1723238059822168314,0.9922922849655152,0.3143752515316009,0.1347225457429886,0.0613310448825359,-0.0462512522935867,0.0249917451292276,0.9967321157455444,0.0,0.0,0.0,0.5827626641489476,0.362689914235963,0.07705758232546978,14.820238069,0.1347225457429886,-0.2742481816515068,-0.03181668581892736,0.1677949434005774,-0.7256532161055524,-22.86957065485057,3.3974380862828353,0.12079100121342752,-0.09541044690954634,0.04436312788376486,0.04810656854049,0.051447256902955374,0.01054389950203749,59.02550885703497,15.018733707264285,34.73205417699712,0.04791531416479237,0.04014599271250385,0.1447095472760086
17186,1723238059832914451,0.992847740650177,0.3149150609970093,0.1348020732402801,0.0602692440152168,-0.0467525571584701,0.025898253545165,0.9967503547668456,0.0,0.0,0.0,0.9550782387709482,0.46825369646046067,0.2666718655482112,14.830984206,0.1348020732402801,-0.1917062805324163,-0.07755153615381867,0.18293930132373862,12.167956206288679,28.634551481258388,-12.940208016829166,0.11855263434042157,-0.09647256689684215,0.04622402246631731,0.06362139066386163,0.06321130873417502,0.027119166370608738,-48.62283499137644,-66.61830354162163,-88.68843937260968,0.05441676072807565,0.047850411068655486,0.1447095472760086
17188,1723238059841832026,0.9935033917427064,0.3155747950077057,0.1351898312568664,0.0600063614547252,-0.0448759458959102,0.0258292220532894,0.9968541860580444,0.0,0.0,0.0,-0.0947257064837892,-0.6915010586966583,-1.3110976166842865,14.839901781,0.1351898312568664,-0.049993986783146024,0.4211941124057383,-0.038644524613935215,-8.236680236371056,-0.4190407561905207,-6.124691960745143,0.11809719167714221,-0.09270210263375178,0.04632565996375545,0.06852206298800212,0.06275101663564797,0.020056346370783906,-60.756248771795356,-65.62718442886776,-79.79935414874015,0.08056568231441269,0.06516549662992842,0.1447095472760086
17190,1723238059851842276,0.9941331148147584,0.3160767555236816,0.1351273655891418,0.0579957850277423,-0.0460396967828273,0.0262245889753103,0.99690979719162,0.0,0.0,0.0,-0.06278599551283515,-0.6245081763776184,-1.0184918895820676,14.849912031,0.1351273655891418,-0.4035673164767937,-0.21616606688400047,0.11043595399677587,-5.668823164243894,-21.400709742905764,7.2688899797948086,0.11397760981067187,-0.09497941939976663,0.04717693558277346,0.060334206704048654,0.04863865389134325,0.0010990563952590904,4.723143848784394,16.11792417358669,36.06844347594385,0.06431695206231075,0.06021874616448863,0.1447095472760086
17192,1723238059863034614,0.99477618932724,0.3166022896766662,0.1352315098047256,0.0574249103665351,-0.0456762351095676,0.026761369779706,0.996945321559906,0.0,0.0,0.0,0.009254046027635354,-0.3261601162402683,-0.5292329373823474,14.861104369,0.1352315098047256,-0.09594527039651368,0.07327798921117515,0.09638631037132737,9.049261797446448,-12.294202641808308,3.788176695835098,0.11279321785346798,-0.09428659494359519,0.048346827526754725,0.06908158451632573,0.05147599219782606,0.0006532188664181149,943.1241390128746,958.7048818767838,219.10636062923385,0.06026981638018125,0.05356400117700202,0.1447095472760086
17194,1723238059871537724,0.9954386949539183,0.3170692026615143,0.1351811736822128,0.0568398274481296,-0.0469084866344928,0.0273498799651861,0.9969056844711304,0.0,0.0,0.0,14.079775653211813,13.846877113734687,2.4668947738843174,14.869607479,0.1351811736822128,-0.13809425753225,-0.27774428432957166,0.16117856577226145,-4.278389683256755,-28.129820240881685,4.93153859887064,0.11151381082100748,-0.09678683966102872,0.04944944979275685,0.06417121137587323,0.04495794648306939,-0.007008439482752538,-487.6704299559285,-425.10579971771585,-106.08978830210972,0.07958333235495031,0.07470200560758773,0.1447095472760086
17196,1723238059894279517,0.9960622191429138,0.3174862563610077,0.1349555701017379,0.0546170324087142,-0.0483718924224376,0.0284151397645473,0.9969301223754884,0.0,0.0,0.0,-127.32029564032473,-123.05826445244384,-27.830109544816366,14.892349272,0.1349555701017379,-0.19412368268890853,-0.11752713102980433,0.10981920902560155,-12463.385660351436,3844.2528232413897,3862.477880957543,0.10688306262349598,-0.09971586235796143,0.05165138717292676,1.2758765336584474,1.2487008573633602,0.2539429609839772,-16572.55217691086,-16444.378149588912,-3676.4852102644873,0.02719949460496588,0.027035059337115776,0.1447095472760086
17198,1723238059894782066,0.9967172741889954,0.3181274533271789,0.1350861191749572,0.0529259294271469,-0.0479824617505073,0.02888491936028,0.9970267415046692,0.0,0.0,0.0,-135.76381015757175,-131.4381368022059,-29.703757421619002,14.892851821,0.1350861191749572,-6.595968542109294,1.8570118039409642,2.0938228418460403,-11664.541229087874,3599.608650623494,3615.471712941502,0.10345425997765569,-0.09889825698024188,0.05280146458890926,1.209886206463283,1.1849036292447028,0.23952047560353318,-15316.467282301694,-15229.314640336564,-3400.254797728515,1.3879457942862539,1.1912581369565873,0.1447095472760086
17200,1723238059900719342,0.9973366260528564,0.3187803626060486,0.1350875496864318,0.0513966232538223,-0.0477071553468704,0.0295517910271883,0.9971004128456116,0.0,0.0,0.0,-122.54316580217827,-120.46979066484806,-26.882088748764712,14.898789097,0.1350875496864318,-0.5014784313298507,0.12042272149915376,0.24306430153956965,667.7759895812543,-207.60431313691242,-203.55630540075904,0.10032760703299295,-0.09833377008550198,0.054317208310565246,0.09149321371162245,0.08950839055312798,-0.007341034074253017,5409.564288826131,5062.044934661806,1184.1691171902312,0.10962380940950682,0.09661667292722508,0.1447095472760086
17202,1723238059911548958,0.9980741739273072,0.3193455636501312,0.1348582804203033,0.0495050884783268,-0.0502480380237102,0.0302801486104726,0.9970494508743286,0.0,0.0,0.0,-1.0880741905971827,-2.149465775952769,-0.05445281362268903,14.909618713,0.1348582804203033,-0.35527955891266216,-0.4510987381346959,0.17518334861917823,24.222198837921617,-8.744064621136921,-7.805823731020212,0.09633751679604016,-0.10338165509293097,0.05573280219302033,0.06465376211060203,0.04956539974386942,-0.008166693817463155,6279.610757341066,6128.246464262933,1378.4794167124865,0.06834284405448746,0.06628273950011271,0.1447095472760086
17204,1723238059924828849,0.9988765716552734,0.3199610412120819,0.1349615901708603,0.0503928586840629,-0.0492432676255703,0.030684120953083,0.997042715549469,0.0,0.0,0.0,1.9324162755707448,1.1097900729309496,0.35865635434016346,14.922898604,0.1349615901708603,0.14099628432070502,0.14978800799835262,0.046481464417342494,-12.584903537195853,-22.267564644959883,1.7184174913840433,0.09812693344601761,-0.10146179712648255,0.05654451122868335,0.07284409059469255,0.04608014062132071,-0.008535011791206415,23.950802379719754,102.12072228338718,43.637367748931524,0.06340893831599727,0.056209540803248616,0.1447095472760086
17206,1723238059934457280,0.9996646642684937,0.3204028606414795,0.1347655206918716,0.0488591790199279,-0.0518987216055393,0.0311608370393514,0.9969695806503296,0.0,0.0,0.0,0.7424115381694456,1.092627488811818,0.8662839165592605,14.932527035,0.1347655206918716,-0.32891420705288965,-0.5359377348045261,0.14267946596860723,10.09954354836032,24.82444200092123,-5.108684167275676,0.09486907965829258,-0.10673039826198513,0.05741945563803146,0.10063489358319089,0.06634523599751674,-0.0023843225361321885,-246.72225349390754,-167.2950541866481,-71.78422277424396,0.0816997775890717,0.08021217340822562,0.1447095472760086
17208,1723238059941277699,1.0004417896270752,0.3209542036056518,0.1348361223936081,0.0489261336624622,-0.0515708029270172,0.0313000120222568,0.996978998184204,0.0,0.0,0.0,-1.5352164784836537,-0.848040483174465,-0.2248437587061718,14.939347454,0.1348361223936081,0.024553574527419388,0.0973920570223509,0.03488438711312605,20.13049697292397,36.864569728539124,-8.886113276505954,0.09500452841848507,-0.10609169832077095,0.05772098855294341,0.09534048965650754,0.06890768971170935,0.004623122479312514,-173.42864600323446,-207.7882533877022,-173.05094479622068,0.11884502152013578,0.10662589254634962,0.1447095472760086
17210,1723238059951509152,1.0011317729949951,0.3214761316776275,0.1347955018281936,0.0476690083742141,-0.053586971014738,0.0313918888568878,0.9969305992126464,0.0,0.0,0.0,-0.8460095071208311,-1.7960300873046207,-2.1960313226802075,14.949578907,0.1347955018281936,-0.25594164566271854,-0.3848387905732924,0.050156792545303974,-1.4399359650316272,-26.533156052058096,3.229839504559506,0.09237038333675673,-0.11005988396554961,0.05786439118067501,0.06798418169968556,0.04144847475246216,-0.016897644206673945,104.12183141294686,22.531348697158826,-62.982156446016795,0.06941347557242254,0.06387605435689102,0.1447095472760086
17212,1723238059962070403,1.001855731010437,0.3218096196651459,0.1344761103391647,0.0477759800851345,-0.0559297688305377,0.0318276360630989,0.9967829585075378,0.0,0.0,0.0,0.6543956325734017,-0.30235223313335946,-1.4474998250190285,14.960140158,0.1344761103391647,0.01202258750144394,-0.4404979780070673,0.10320576657570799,7.235679913144203,-22.343401102206762,5.448539023224519,0.09242328051384852,-0.11479281949613676,0.05852465291167726,0.07897466214460991,0.032158377473813005,-0.04110039545376587,-15.1906706666696,126.63844647808982,209.26167840816726,0.06635164398157749,0.06908845475060002,0.1447095472760086
17214,1723238059971257130,1.002664566040039,0.3221096992492676,0.134011760354042,0.0475455746054649,-0.0595548301935195,0.0323559828102588,0.9965669512748718,0.0,0.0,0.0,-0.7418177117364322,0.7428398081370242,1.5807889435092206,14.969326885,0.134011760354042,-0.06643739838392912,-0.7821948076456589,0.15666067317351057,-12.587660065078532,-0.2568810035139464,1.89437418633503,0.0917210208779703,-0.12208053388089694,0.05930252707588297,0.0818998857095039,0.03399390987659956,-0.047652451806823315,-116.08223394123333,58.297072291142726,227.94465622662807,0.08300118776538637,0.09078777329880973,0.1447095472760086
17216,1723238059980818456,1.0033864974975586,0.3224479556083679,0.1335849314928054,0.0464895218610763,-0.0616076961159706,0.0328430570662021,0.996476113796234,0.0,0.0,0.0,-1.494476167071631,0.7481953225731806,2.7482773484078438,14.978888211,0.1335849314928054,-0.22706541198103972,-0.41707610314931753,0.1357215461381813,-3.0353565060008396,60.23307641445958,-14.988611447067852,0.08943374330861065,-0.12616938732259292,0.06024140625479183,0.06425650276154471,0.046500314644269736,-0.009709981781358401,2.9759733002688336,-54.004862945226066,-79.79079935275384,0.07126487331316265,0.07759581699753926,0.1447095472760086
17218,1723238059991319476,1.0039315223693848,0.3230645358562469,0.1338858306407928,0.0459389053285121,-0.0591260083019733,0.0320394970476627,0.9966781735420228,0.0,0.0,0.0,-0.5210312222965223,-0.448212500838012,-0.4180886235582845,14.989389231,0.1338858306407928,-0.10019391458507218,0.46969111059973995,-0.16928162942349134,3.1231516114582885,2.9001929200918006,-3.3824161960057495,0.08854716553117525,-0.12109868902652672,0.05889891101194989,0.05260889456909723,0.0479006337738177,0.0050788159690364765,74.35762195852985,-84.66160722856034,-237.73797917973303,0.05832517385892116,0.04407087643880852,0.1447095472760086
17220,1723238060001823754,1.0044915676116943,0.3234540522098541,0.1336914598941803,0.0451331734657287,-0.0610358491539955,0.0322426222264766,0.996593177318573,0.0,0.0,0.0,0.06730830302019851,-1.029956207472337,-2.245064020980128,14.999893509,0.1336914598941803,-0.1615210654615738,-0.3566881203191108,0.0648401299684984,-5.838302344673944,-78.67073119341684,22.28822955675869,0.08680716186811649,-0.1248906596513434,0.05925196189456849,0.053315919695729574,0.037081687442703536,-0.018503960635134577,56.009515867418195,-55.38159849105054,-173.926794152059,0.052681628494308304,0.052417707142396984,0.1447095472760086
