timestamp,fx,fy,fz
0.0,0.0,0.0,0.0
0.010254824,-0.11569878378714449,0.014814533985689365,0.9931738624294151
0.020175872,-0.1149619794011454,0.014827755725462828,0.9932592214282819
0.030055529,-0.11405320286786558,0.014100692040698543,0.9933745705420262
0.039949033,-0.11349663680731514,0.013538160158455352,0.9934461392813162
0.050284007,-0.11385824180172849,0.014474524421686268,0.993391558710152
0.059858401,-0.11241453926529708,0.014433489664202744,0.9935565639347788
0.070141393,-0.11081996109024922,0.013541336219784591,0.9937482419794957
0.08001707,-0.10830118618949067,0.013261820966571082,0.9940296661441247
0.091130305,-0.10606699741411796,0.01438615732387815,0.9942549122518863
0.100174286,-0.10454785747955563,0.01557574795395239,0.994397878905677
0.109890986,-0.10323265744712533,0.016709330199028684,0.9945168760361507
0.12009128,-0.10059189207861591,0.01824669145373977,0.9947604382458304
0.129853936,-0.09679270470834038,0.018373817888936994,0.9951349532256559
0.140052908,-0.09343243564182292,0.01870292111525268,0.9954499388275602
0.149948802,-0.09209889095900024,0.017408955411081093,0.9955976710276181
0.160153579,-0.09011388995499928,0.016339042171489227,0.9957974304737368
0.169963918,-0.0868793637412292,0.014095083881134991,0.996119121775254
0.1801931,-0.08275394921299829,0.013780510449856174,0.9964747269356078
0.189900504,-0.07967025005042337,0.013674998040918193,0.9967274681102573
0.200025266,-0.07701545925733554,0.005856831493133513,0.9970126962883887
0.209993143,-0.07369784061131027,0.010469968252238901,0.9972256555334038
0.223662693,-0.0707727323407356,0.012238141149867189,0.9974173891898128
0.231089405,-0.06747538813319538,0.013162971059355572,0.9976341053658728
0.240615787,-0.065659320765264,0.013718665548444385,0.9977477896804454
0.250367091,-0.06323276939117396,0.01530241426560643,0.9978814824380531
0.260964242,-0.061975731534322565,0.017717394739988238,0.9979203889210868
0.270490254,-0.05943528872942741,0.01837981174853071,0.9980629383830151
0.280667715,-0.056421162340089565,0.019590058951146943,0.9982148476307512
0.29036726,-0.05400174721062772,0.019834011907780634,0.9983438402022831
0.300899487,-0.051506180122842596,0.02067287186654594,0.998458685063104
0.389619464,-0.04951381700236133,0.021141466223774566,0.9985496584205343
0.39020896,-0.04699765211410331,0.022388836814420002,0.9986440610557193
0.390974792,-0.04431217147132014,0.023554817056250527,0.9987400072355883
0.391277185,-0.04232830581888105,0.02445119416738262,0.9988045122196296
0.391541247,-0.04023782660932065,0.025367282012358335,0.9988680685220966
0.391967854,-0.03738513611768764,0.02674107585268608,0.99894307468429
0.392320766,-0.034173495702049785,0.027052427217369203,0.9990497176683205
0.392604603,-0.03178264927774702,0.028247894437572203,0.9990955508182046
0.392858107,-0.027721718930131915,0.029145780889048286,0.9991906873845084
0.399859401,-0.02442756876270243,0.030105834931283965,0.9992481836798273
0.410228462,-0.020082057667133606,0.031218254014431734,0.9993108283092625
0.419915825,-0.016958510770638906,0.030535045957286677,0.9993898237829064
0.430136488,-0.01361761329829302,0.02915752819919229,0.999482065450587
0.439849689,-0.011105736479467089,0.028935852200879256,0.9995195741328219
0.450121598,-0.007646769117876172,0.028670771292216603,0.9995596599481031
0.460066664,-0.004930779926770773,0.029142501401123944,0.9995631055723292
0.470241707,-0.0030354999619576586,0.031069966262973685,0.9995126026901305
0.479832588,-0.0012698537300800253,0.03247412612609771,0.9994717697883471
0.48982136,-0.001810828398064316,0.03244645944878137,0.9994718346055339
0.500800468,-0.0007936665649406088,0.03268383945180479,0.9994654254810782
0.509696891,8.88463306919214e-05,0.03398936993604571,0.9994221904869234
0.520096542,0.0015985796643280877,0.03479424354919693,0.9993932184875461
0.529892856,0.005023376198280338,0.03584625750816726,0.9993446910421994
0.539984419,0.007285518412859749,0.03680376108679251,0.9992959543555263
0.549825304,0.008039645658213015,0.037722579036519766,0.9992559087283517
0.560135119,0.011385658787613858,0.03626079734027986,0.9992774996717474
0.570004144,0.013894863062430965,0.0379521415829564,0.9991829500795857
0.579977064,0.016888306086052796,0.03994754275952303,0.9990590467760252
0.589658839,0.018190361031494136,0.04230604053074164,0.9989390920872779
0.600667032,0.01936203212981493,0.044081595122259586,0.9988402898778569
0.609728742,0.021177670870290533,0.04579158188335671,0.998726507751311
0.619942557,0.021912161747391735,0.04969767939588141,0.9985239094935185
0.631888968,0.024120134970477426,0.051278823289103784,0.9983930595567514
0.640776552,0.025872283694310962,0.05207566274450374,0.9983079436156771
0.649919515,0.027429691228260708,0.052019283389927715,0.99826930544554
0.660231981,0.02913182165770833,0.053215603784309326,0.9981580217985403
0.670055934,0.03130913919098762,0.05341123940837486,0.9980816486179779
0.680711007,0.03566689265041961,0.05293725512256541,0.9979606804823283
0.690475444,0.04084058540378321,0.05341846019041695,0.9977366960750523
0.700828302,0.04551460977560899,0.05610573205307694,0.9973868693379528
0.710530679,0.04891268925549446,0.060423938199821066,0.9969736689212105
0.72108212,0.051118772631410736,0.06331063955461334,0.9966838184719585
0.730588317,0.053254937690666145,0.06537903471880155,0.9964384042331975
0.740659496,0.0570704365568723,0.06654884029039324,0.9961496961437132
0.770216284,0.05820321029834502,0.06804765643114755,0.9959828827671665
0.771094082,0.06100313598341469,0.06914302693725242,0.9957398551961971
0.771634758,0.06280601652299672,0.07001271839493373,0.995566985969033
0.779711929,0.06728097628225467,0.06981142026335804,0.9952887198352646
0.78987884,0.07029589357525907,0.06937325004878978,0.9951109684473004
0.799898422,0.07262396106672347,0.06857896068463991,0.9949988374015287
0.809903987,0.07550727511574461,0.06912341067523797,0.9947465031359587
0.820238693,0.08011349169296196,0.07236746582860294,0.9941553089624919
0.833025225,0.0830937119532465,0.07585357823151012,0.9936506779061276
0.839817493,0.08593196567900464,0.07871308666869899,0.9931867635352518
0.850292625,0.08959756533627065,0.08064496800091782,0.9927077442137459
0.860018926,0.09303967046277563,0.07763843405737249,0.9926307940404112
0.869950657,0.09610992136736025,0.07725045920488874,0.9923685049251583
0.879874402,0.09803869768717959,0.07613619623469871,0.9922659388383304
0.890358839,0.10048734036748906,0.08394426152843715,0.9913907682555421
0.900130902,0.10423804930841472,0.08826599535249571,0.9906278530007168
0.910378321,0.10704496307005339,0.09248204759204053,0.9899436583738059
0.920102343,0.11005892403620723,0.09838976342387305,0.9890432183142387
0.93014855,0.11167003635186563,0.10329763570673099,0.9883619789523334
0.940036412,0.11357058632972766,0.10709895079246162,0.9877406221573941
0.950056461,0.1152105475487947,0.10974514503056387,0.9872601140913814
0.960185583,0.11949635401869482,0.1156230042259642,0.9860790750593998
0.970451156,0.12337313879244079,0.12549259141319608,0.9843935585551653
0.980145821,0.1269091606934756,0.1316358721868083,0.9831409166979554
0.99030212,0.12466240705070276,0.13571302776131441,0.9828739788824311
0.999933056,0.12546841195588362,0.1374824259958907,0.9825254501251115
1.010074086,0.12651823071850488,0.1361919290962965,0.9825705550976422
1.019763955,0.12739484764590314,0.1333793163897677,0.9828430753445209
1.030224476,0.12942794657517045,0.13024159987695735,0.9829982361666909
1.041035601,0.13112877796929717,0.12848202411430362,0.9830043810013108
1.050272209,0.1333563169908277,0.12717419898064886,0.9828747711851556
1.060176228,0.13606967247884227,0.12581480693671238,0.9826778101631167
1.070967943,0.13855582689163448,0.12544337610295822,0.9823778510462596
1.079953123,0.14033026634795343,0.12438652215095385,0.9822603572647646
1.089898257,0.14109626593271937,0.12520469189498182,0.9820466531012293
1.100115844,0.14237721637262402,0.12466405283630488,0.9819305485564699
1.11016744,0.14284340081757055,0.12356791644964776,0.9820013914792401
1.120330175,0.14264776872454932,0.1232081126407146,0.9820750353498557
1.130008744,0.14260895697178036,0.12311248429449953,0.9820926644682046
1.140192347,0.1428167783124599,0.12329219985684929,0.982039918377511
1.153304597,0.14294032702564918,0.12284539252993078,0.9820779360335756
1.16066696,0.14309455714419997,0.1227881797342313,0.9820626307080724
1.170543254,0.14348257162553896,0.12239345511397395,0.9820552905946722
1.180793742,0.14400765034383087,0.12223540520074028,0.9819981172883477
1.190512213,0.14374430929860071,0.12253538169450184,0.9819993145502959
1.200411889,0.14429801537492487,0.12217697452203652,0.981962763884405
1.210764901,0.14486832418591902,0.1225104225114806,0.9818372395787511
1.220754266,0.14439719064226814,0.12181013635714695,0.981993758643747
1.230763861,0.14502150836225042,0.12096521884273792,0.9820062005622298
1.240354144,0.14602666866116862,0.12041482781905655,0.9819248857631772
1.250264693,0.14660804663907465,0.1194454870576886,0.9819566468445674
1.260014664,0.1478718526564856,0.11810479525421512,0.9819293113711897
1.270139531,0.14840601947451976,0.11735675895682693,0.9819384117707576
1.279846225,0.14882437872138776,0.11724057544087735,0.981888971202185
1.290473837,0.14946158950773597,0.11694991617646851,0.9818268433731774
1.300097206,0.1492933238680531,0.11713338473239975,0.9818305727718811
1.310202874,0.14980096045363342,0.11749432404654743,0.9817101181428324
1.320224909,0.1496046162320589,0.11770372490820251,0.98171497490096
1.330428181,0.14988588734016134,0.11737332799020138,0.9817116290707557
1.340005088,0.15041538463786827,0.11798070612189536,0.9815578256257861
1.35001014,0.15080837845830575,0.11703912015938911,0.9816102471648778
1.360106341,0.15178407004324027,0.11723113367312847,0.981436934998282
1.370282356,0.1515031696578311,0.11830101730519103,0.9813519546463375
1.380100075,0.15286291262045723,0.11839046706013769,0.9811302804696596
1.390231415,0.15179342305442,0.11872740319830531,0.9812556040335305
1.400094151,0.15372115351813176,0.11826335180861818,0.9810115119508261
1.410255585,0.15462219930585752,0.11885105096201062,0.9807988596888995
1.420265618,0.15645343672262033,0.11908392048520941,0.9804801589117208
1.430323524,0.1568440101023712,0.11954886538307995,0.9803611708348233
1.439912878,0.15787439423122868,0.11957732205575718,0.9801922973050219
1.45097062,0.15962282417125717,0.11937783753436207,0.9799334089157341
1.460164868,0.162186286851915,0.11939120594129335,0.9795107698749781
1.470299923,0.1643979209071663,0.11957897250266686,0.9791190902727858
1.479945445,0.16563329152213754,0.11962339238423172,0.9789054380960558
1.556487431,0.16697665710593307,0.11981566023786469,0.9786536688448536
1.557049713,0.16784045627329025,0.11908743562720635,0.9785947904591101
1.557454277,0.16785969885653526,0.11918346909454175,0.9785797985828155
1.557960731,0.16913399619064495,0.11872789815591268,0.978415748816454
1.558720139,0.16916080224363245,0.11929760604919441,0.9783418135678461
1.559098323,0.16998304998911495,0.12025042830993705,0.9780826126701542
1.559495471,0.1705893355296645,0.12019674387245766,0.9779836508684624
1.560308589,0.1723650469133183,0.1215023658727981,0.9775108519550472
1.570090402,0.1725541513493888,0.12259001227973607,0.9773416770717119
1.580342251,0.1739996749077707,0.12345749315997763,0.9769761309851148
1.590017317,0.17253468601078753,0.1227166539450022,0.9773292203590874
1.600165005,0.1735714878534745,0.12201504267048302,0.9772334766914463
1.610039915,0.17367661918309055,0.12200787987736175,0.9772156922588601
1.620852797,0.17625147580218004,0.12169045369215213,0.9767941701083969
1.630677835,0.17694056155760277,0.12161746349561414,0.9766786729772352
1.640713119,0.17587979986127666,0.12172363365744829,0.976857027926802
1.650340702,0.1753535660248076,0.12167750169134774,0.9769573749476154
1.660707655,0.17642534283409886,0.12113434465886637,0.9768319041421292
1.670380008,0.1774763680348208,0.12211962196708218,0.9765187846220807
1.680927479,0.17666978025549487,0.12236482130621561,0.9766343426539807
1.69063756,0.17521948975799054,0.1222193513227004,0.9769137938278933
1.700630439,0.17437080295017587,0.1222739262502513,0.9770588058238149
1.710501141,0.17311635956818552,0.12346373199081047,0.9771322494589768
1.720277031,0.17489334571146709,0.12429601129124677,0.9767102022621323
1.730013512,0.17561009974603392,0.1252171346087425,0.9764639072016764
1.740268785,0.17403531886333537,0.12597287954169,0.9766486274029735
1.749823002,0.17438955600274095,0.1255669603672739,0.9766377123689677
1.760066952,0.1765196177309251,0.12473906233457085,0.9763610965641862
1.770532254,0.17613442654031958,0.12436139115148286,0.9764788314030064
1.780091482,0.17520766465342255,0.12427739615694124,0.976656235863543
1.790194015,0.1756163007921112,0.12439460238350539,0.9765679176554718
1.800026145,0.17695338584398396,0.12409537468316074,0.9763646026052953
1.810105989,0.17832376069069578,0.12384543163176283,0.9761469896675755
1.819965754,0.17790234902416746,0.12389422848105638,0.9762176879983108
1.832429706,0.1786923764338869,0.12422711386397986,0.9760310747027657
1.839949169,0.17547562640302172,0.12643554719142616,0.9763310693329756
1.850113847,0.17554392336481314,0.12869214384321095,0.9760239049750407
1.860657724,0.1759059940753714,0.12821968033026063,0.9760208987641409
1.870199995,0.17856859861578345,0.12810416282381853,0.9755524481316235
1.879992753,0.17594740847252544,0.12788875414875103,0.9760568508104857
1.890142871,0.17528053320233522,0.126843901633776,0.976313146126091
1.899979324,0.17811012291196193,0.12671221404854235,0.9758180152708814
1.910464499,0.17905579707799546,0.12651256622877033,0.9756708420973615
1.920170748,0.1750984522687132,0.12733825874088672,0.9762814654974968
1.930266952,0.1765691008318847,0.12469609733950375,0.9763576373131503
1.940014015,0.1776584466839176,0.12391844536022768,0.9762590308014375
1.950308781,0.17843669878135343,0.1228554369834764,0.9762514461610858
1.960151052,0.17839505476662815,0.12190968829181079,0.9763776074528774
1.969860522,0.17892132603630598,0.12119713583944389,0.9763700186679869
1.979897244,0.17760002315763163,0.12434653656078322,0.9762152276110767
1.989937086,0.17625585542913635,0.12609827188342762,0.9762341416150926
2.000198273,0.1772015207662227,0.12595449200150666,0.976081496076419
2.010120709,0.17642842928359728,0.12518950763623674,0.9763199252900248
2.020316739,0.1799123911188311,0.12525717717695142,0.9756752385335842
2.030285724,0.17714166219540198,0.1246404975490849,0.976261019341327
2.040259537,0.1789666585449818,0.12448926315456642,0.9759474158418974
2.050007087,0.17969629063318518,0.12473245423204637,0.9757822800163591
2.060309559,0.1802586620305516,0.12423953940368336,0.9757414368631252
2.070098658,0.1779304195717028,0.12290445683531005,0.9763376773847536
2.105442219,0.17552004328343684,0.12105609969760683,0.9770046750818462
2.105749868,0.17555636198484112,0.12000319203610713,0.9771280354527715
2.106058927,0.17598102887634193,0.11986060560664696,0.9770691442775339
2.110499057,0.17480164355045255,0.12163276050105692,0.977061849109335
2.119948847,0.17374181359432195,0.12212099258841656,0.977189974047102
2.129954833,0.174236161164594,0.1220893357683897,0.9771059073786522
2.139894606,0.1759836941698758,0.12144098609832597,0.9768734955365459
2.149992515,0.17456051314843674,0.12037915471112734,0.9772601937868897
2.160007272,0.1753524916587878,0.11957610064710075,0.9772169973056595
2.170206146,0.17536864727055917,0.11987822634457362,0.9771770813946536
2.179808014,0.1747707379741393,0.12127836238196767,0.977111430680208
2.190546261,0.1750800852856612,0.1198956966970914,0.9772266807910459
2.19992115,0.17321613391906146,0.11371853959080841,0.9782966138669129
2.210247766,0.17295223278049662,0.11983654823046037,0.9776127693951473
2.23157485,0.1724001806247087,0.12094632412827098,0.9775736107324232
2.232063569,0.17107545737896368,0.12186185211541228,0.9776926290412442
2.24181859,0.17017778145685153,0.12155122361884557,0.9778879397636446
2.25018055,0.17275264338810595,0.1228918182037198,0.977268706764422
2.260124731,0.1698375478850205,0.1184309537497612,0.9783298607945713
2.270469707,0.1707379144906299,0.12364854723520187,0.977527289297856
2.280163307,0.1694732227019739,0.12477747485015096,0.9776039118973631
2.289974049,0.16806477741575535,0.12625388306781268,0.977657500151506
2.300087655,0.16894084052039668,0.12451805029353591,0.9777291279057604
2.310422961,0.1645648884736223,0.12492770791291216,0.9784229480532898
2.32054157,0.1634029789900977,0.1247650758496819,0.9786384124411758
2.329973004,0.163233739993018,0.11674169878987649,0.9796561243066597
2.340174985,0.16241165682712216,0.1209453231996198,0.9792827388057082
2.349987762,0.16000337266048056,0.12130670932428514,0.9796344231447692
2.360172554,0.16020680283175381,0.11929710919689068,0.979847937214593
2.369903834,0.15959137450875532,0.11716836246012177,0.9802051662895988
2.380515906,0.15841941445335342,0.11607245175042938,0.9805256116333223
2.390441469,0.15676246265948876,0.11605093837712938,0.9807944280035038
2.400866717,0.1598518729845854,0.11300574703657161,0.9806513548861423
2.410241308,0.15006459440569064,0.11527878298702682,0.9819324924346305
2.420262518,0.15058308325519246,0.11512618476572811,0.9818710183209642
2.430007298,0.14595564619929008,0.11304855062733339,0.9828107521509962
2.440409724,0.1459600810738609,0.11149872870947389,0.9829871251593701
2.449906238,0.14516235157926796,0.11055092957165108,0.9832122780228189
2.460449666,0.13829977985907196,0.10971137143285917,0.9842949689342384
2.469941074,0.1391699630629675,0.107830503576233,0.9843801622744884
2.480203079,0.13738687205477626,0.10569292040394408,0.9848623528003748
2.49037002,0.13250404531893442,0.10276970805631262,0.9858402837580427
2.500129576,0.13180444142388675,0.10128091416747514,0.986088112516492
2.510130151,0.1286680557753656,0.09997119663867106,0.9866358453176227
2.520160983,0.1374651017679211,0.09204456087770543,0.9862206368803919
2.530157997,0.1286995267164854,0.08709961284191313,0.9878512485519982
2.539801999,0.12408975499750263,0.08915997661616994,0.9882571685924995
2.550013513,0.12143159274837571,0.08844870467032157,0.988651199829715
2.560895427,0.11618755498885322,0.08848778749287559,0.9892776978838287
2.620181071,0.1194101065454767,0.08517366257905376,0.9891848531279013
2.620712497,0.11531674644893475,0.08246588445111518,0.9898997049651684
2.621167454,0.11588726201026812,0.08010523189682651,0.9900269159606313
2.621877037,0.11150242427913254,0.0780423622051481,0.9906950081035619
2.622229922,0.10681306745516568,0.07626053763193326,0.99135024033936
2.622594022,0.1062745923479684,0.07381212931975709,0.9915934048724591
2.629938562,0.11278902783984669,0.07218652484195782,0.9909933101843744
2.640217538,0.10205551473544484,0.07245100884871435,0.992136847027106
2.651266417,0.10161539698266268,0.0684625986653234,0.9924652052742438
2.660154955,0.09911919340393903,0.06560404092804914,0.992910617987774
2.681720866,0.09699766967685741,0.06447360368439539,0.9931941434106459
2.689960852,0.09469264244894045,0.06061507075277955,0.9936594570896373
2.690231362,0.09462520483929679,0.0579084214413875,0.9938272915025466
2.700508904,0.09199874618299375,0.055720674918856,0.9941988921173391
2.710588452,0.08788549751243607,0.0492992425046548,0.9949099074868331
2.720807959,0.08746506975370354,0.05264556665752048,0.9947755052695499
2.730489044,0.08280463896980156,0.05231331908478258,0.9951917947870222
2.740750933,0.08257020263954776,0.05003185411984794,0.995328576505967
2.750901328,0.07958530920312165,0.04798564218239876,0.9956724143529267
2.760825037,0.07851334981984359,0.04463871991223919,0.9959131681952317
2.770544551,0.07679345110145488,0.04145162855604491,0.9961849870169597
2.783383585,0.08011290558810764,0.03745439420855715,0.9960818694829763
2.799201248,0.072010976379754,0.037560117819485754,0.9966963714342603
2.80010465,0.06742555866244325,0.03552155701045742,0.997091777634642
2.810093367,0.06536174117609876,0.03230663237284998,0.9973385204107752
2.820159033,0.06442441490268724,0.029591391270855652,0.9974837564226806
2.829884552,0.06252554065658167,0.029165827341313524,0.9976171165738382
2.839985255,0.06246651460507338,0.02848012041947807,0.9976406253225588
2.849886718,0.06264103166489074,0.02717146479442405,0.9976661829754898
2.882808101,0.061989698387068574,0.026565089260040413,0.9977231947421522
2.883114393,0.06144359551135718,0.026025206298825335,0.9977712028354698
2.883465999,0.06149236871910829,0.025839167521553543,0.9977730333152457
2.89242175,0.061620463383792456,0.025957210302635526,0.997762066690086
2.900343073,0.061203961712803616,0.02587764938742111,0.99778976860501
2.910366494,0.06179432592253428,0.025739985812617588,0.9977569415514711
2.920930363,0.05938381740977527,0.026610766898095137,0.9978804684504742
2.929993693,0.05942757936135313,0.026846944024127285,0.9978715370265933
2.94034425,0.05786028838264129,0.02708155471832515,0.9979573019034012
2.950256198,0.05739206687553934,0.02742491122671406,0.9979749620626566
2.96052463,0.05689150652145334,0.02771755710119291,0.9979955378227208
2.970108572,0.055799172759410626,0.02811018807472006,0.9980462262068673
2.980180141,0.056042020529828804,0.027942159961742,0.9980373377943366
2.990125935,0.05502969220637548,0.02845068404366551,0.9980793012346861
3.0003088,0.055052208616279436,0.028434491130068573,0.9980785209795088
3.010170065,0.05512178560858741,0.028728078995301724,0.9980662734651246
3.020430311,0.05310955046917421,0.02961602124946013,0.9981494211461097
3.030083547,0.05304947437045668,0.02955320184171552,0.9981544777888446
3.040081722,0.05288230224034756,0.029626193434637085,0.9981611847654336
3.049944634,0.05201076524928012,0.029766723864297354,0.9982027962536325
3.06084072,0.051745371863255896,0.029915864256520777,0.9982121305396559
3.069886325,0.05087354621015941,0.030260381235053976,0.9982465585332674
3.080322969,0.05139887266210838,0.02989822613144738,0.9982305605235984
3.089979822,0.052398555687334994,0.029433983555509313,0.9981923822459953
3.100347907,0.054158048234728674,0.02894027506440945,0.9981129025769585
3.109963754,0.054602723519103176,0.028666138162051335,0.9980965860612743
3.120358975,0.05103182358527745,0.030007387152242253,0.9982461167957813
3.130129605,0.05032609950000197,0.030104051904565558,0.998279034022073
3.140279477,0.0506662961351631,0.03047140194543408,0.9982506799894623
3.149890091,0.049466075678743074,0.03177408769054628,0.9982702613563016
3.160127586,0.05634155616615224,0.029714327618017348,0.997969281983662
3.170054659,0.05564009302778346,0.02989940922677756,0.9980031089008438
3.18090882,0.054789747887815286,0.03009297126111919,0.9980443359926788
3.191670449,0.05516297136580147,0.02983905741583878,0.9980314009301661
3.201102605,0.04946113213585951,0.031287584057303613,0.9982858726295272
3.210585321,0.04959599177263179,0.03106972188903105,0.998285986069036
3.220405785,0.050119293936249046,0.030734568316760726,0.9982702252825706
3.230732599,0.05058010590272737,0.03117365998856465,0.9982333674095383
3.240453744,0.050740465744646836,0.031802269001170044,0.9982054001168265
3.250823387,0.051046194116119936,0.03099804074137377,0.9982151108535953
3.260654894,0.051238339714755346,0.031734674207162805,0.9981821191527329
3.27067027,0.05027099059549595,0.03237462443202616,0.998210754899702
3.280232203,0.05078974271328247,0.031820195899889214,0.99820232276228
3.290291082,0.05041275149716675,0.03221058481567359,0.9982089123586892
3.300558283,0.04865347083350209,0.03319401821995993,0.9982639916025553
3.310560417,0.053890205605694234,0.03169157638818442,0.9980438315654319
3.320097554,0.0511111101088132,0.03243474536427381,0.9981661393358321
3.329882958,0.05214857939877262,0.031210428121819855,0.9981515089620127
3.340212816,0.05228641090680681,0.029121411929386797,0.9982074306484218
3.349838263,0.05315808907448064,0.02736977486453516,0.9982109561559692
3.36061028,0.05393815172620263,0.026591803713879234,0.9981901380817203
3.37001575,0.05467744736026751,0.02563871751696616,0.9981748508724563
3.380093905,0.05559918614959378,0.0243680404756266,0.998155763948133
3.389995255,0.05585343936812595,0.023742122334054275,0.9981566535057642
3.400345514,0.05618758082930789,0.023002634902905463,0.9981552156594052
3.409945289,0.05594595647977917,0.021847540653246515,0.9981947379749943
3.420247855,0.05590098344822053,0.021493936531812072,0.9982049342404036
3.429851063,0.055109974691457245,0.021468732475450444,0.9982494599124032
3.440186589,0.05568839088735806,0.02130516293063137,0.9982208639138316
3.449911134,0.05576406792801003,0.021600429629767295,0.9982102935593933
3.46019594,0.05507507022318595,0.022195623717268124,0.9982354887138167
3.470419645,0.054589776511733655,0.022581813895036405,0.9982534838314411
3.480311798,0.04816060795685923,0.02557973768772995,0.9985120093724726
3.490087999,0.050142778140107896,0.02545018201095696,0.9984177432497887
3.499983788,0.052656325537461204,0.025469716616544433,0.9982878367066113
3.51007724,0.054165480767149735,0.025448783390746493,0.9982076237522906
3.520051552,0.05419639889852352,0.025735565519808556,0.9981985929732659
3.624395263,0.05482960442339908,0.026164525949644482,0.9981528600673366
3.62576951,0.05563105301275273,0.025669690536000836,0.9981213618235402
3.626283049,0.05552404173012431,0.025634181393734842,0.9981282330112824
3.626691974,0.05383284411978213,0.02623228468692833,0.9982053356569877
3.62730742,0.05392006133029315,0.025777564418047412,0.9982124744556196
3.627705805,0.05457211262551502,0.024981594084833397,0.9981972773357823
3.627989281,0.052789909272065345,0.02496695452864817,0.9982934822288542
3.628256477,0.05487782197426025,0.02399808728180285,0.9982046465841443
3.628551175,0.05474761081834186,0.023598557846959505,0.9982213217404381
3.628830977,0.05444986968686494,0.02303997463366398,0.9982506555269391
3.630143437,0.05456126938032162,0.0224289809676371,0.9982584879160114
3.640387309,0.05276016783100243,0.02251456648648876,0.9983533738042708
3.650507138,0.05173653138740658,0.022468043703878712,0.9984079919211989
3.660395966,0.05350035392446741,0.021381466521906024,0.9983388928712181
3.670462923,0.06179155717215063,0.019504136585497354,0.9978984878825577
3.680503116,0.06245926974402135,0.01835982583839349,0.9978786280997443
3.690737168,0.0629272677869924,0.017375463896824685,0.9978668509491806
3.723509709,0.06305202337247985,0.01708199377050571,0.9978640427620692
3.723786992,0.056116885228681974,0.018126204719543026,0.9982596535444556
3.724082581,0.055830524887204525,0.017586674035652308,0.9982853606996264
3.730613055,0.05667818601638123,0.01618255649869062,0.9982613425827224
3.82182834,0.054228143501299265,0.016195391939154796,0.9983972244213921
3.822423908,0.05399619422680439,0.015377003896921553,0.9984227354984336
3.822731535,0.05313312190199458,0.015199774796314028,0.9984717513295452
3.823022374,0.05898217903370196,0.012692867075133202,0.9981783376140004
3.823388912,0.06060756170871152,0.011306365181428383,0.9980976352893083
3.823693067,0.06215831999372432,0.010354215924898501,0.9980125918384689
3.823974892,0.062476080378558146,0.010069308528672216,0.997995665524799
3.824270357,0.05722866315206457,0.010834619767261536,0.9983023044791224
3.845370569,0.05641785405098751,0.010280863545653154,0.9983543106477966
3.845743237,0.05367216568881665,0.010257963413971755,0.9985059202713171
3.845997037,0.05262906777608661,0.010413604291016456,0.9985598319934016
3.850267569,0.05108197608300169,0.011003121037523555,0.9986338483382632
3.859836902,0.050005345454311366,0.011429161584737025,0.9986835533298148
3.870375641,0.05015387734472586,0.011614196308306821,0.9986739703383694
3.880570124,0.05342124438979135,0.010697087554491884,0.998514768526584
3.890220631,0.054674601157310335,0.010394097251160398,0.998450124307981
3.899981826,0.0556045016520112,0.010204695603539185,0.9984007229482913
3.910010422,0.05680424408082385,0.01007893451161961,0.9983344594541035
3.919822286,0.06281816939987615,0.008618620624725197,0.997987773959068
3.930125681,0.06054831283745242,0.009908623043084633,0.9981160859348616
3.966642734,0.061307033172465754,0.009984813390839373,0.9980690112337625
3.966907839,0.056470530473169495,0.011766403637425897,0.9983349292364362
3.96738787,0.05547971488535265,0.012219079675349952,0.9983850436220123
3.969991577,0.05527532128804167,0.012729222891315135,0.9983900068315422
3.979890498,0.055226106986981806,0.012854725698669021,0.9983911223234482
3.990074211,0.05607607827287665,0.012816461735425352,0.9983442350983547
3.999934612,0.05639478090313421,0.012794463916853403,0.9983265649976303
4.011089298,0.05682255734285127,0.012835661087955794,0.9983017794141477
4.020183885,0.05715685264742658,0.01282236817534267,0.9982828662607689
4.029958322,0.05799689507864912,0.012552111743244028,0.9982378497392398
4.039784286,0.05862363406614748,0.012858513935829716,0.9981973392812868
4.050154928,0.05922926240549064,0.013493407853794583,0.9981532058854456
4.059910944,0.058170004344012996,0.013868485370767585,0.9982103564420368
4.085204466,0.05901613377387269,0.013796703260369648,0.9981616837634721
4.085461163,0.06609673488898196,0.011869717055086005,0.9977426178399157
4.090013305,0.05910635234103959,0.013725336325292768,0.9981573294103964
4.100902947,0.07020682224610121,0.010653023843042432,0.9974755712262351
4.110463845,0.06826318131580461,0.010880057240209306,0.9976080204324218
4.122349424,0.0640014485008967,0.011096515674596274,0.9978881109271072
4.130834738,0.06557398204735704,0.009891807253049832,0.997798679608127
4.14050811,0.06506458218964307,0.009691421771174246,0.9978339924499169
4.150926326,0.061892344553733485,0.010322547013211683,0.9980294498203958
4.173761427,0.05236517192595827,0.012680105044730931,0.9985474969700838
4.174020252,0.05256933360967295,0.01124142213596251,0.9985540023414837
4.180510439,0.06018208008968054,0.008222891648991787,0.9981535459482215
4.190403731,0.05931528268962541,0.008139080002480422,0.9982061173005118
4.200374727,0.05999326905370867,0.007438179116481346,0.9981710680838634
4.210156331,0.06069634792072103,0.006322042466549621,0.9981362557928342
4.219989619,0.06033107250772771,0.005701983401641241,0.9981621356650205
4.230369891,0.0536728291437747,0.007001449605931961,0.9985340290221054
4.240100306,0.05008593694299551,0.007798764903564106,0.998714462790302
4.250226923,0.04994265701908899,0.007700324666830675,0.9987224018764669
4.260427389,0.05075572561371287,0.007104020488438512,0.9986858310851944
4.270118057,0.05705884991458019,0.004261584856036931,0.9983617212919075
4.286036545,0.061048486076059345,0.002578026235919503,0.9981314723665156
4.29016885,0.05982304465256973,0.0021340351739093503,0.9982067166786515
4.469521049,0.057823817888403774,0.002566897988702981,0.9983235032390676
4.469857553,0.056979601166840546,0.002450131440986197,0.9983723363088491
4.470847857,0.056208306438437904,0.0023430374022652017,0.9984163142011724
4.471466217,0.04943833891847747,0.004129932588274796,0.9987686390259749
4.47178818,0.04839670321657177,0.004062610318324769,0.9988199308760157
4.472077443,0.047179445415862956,0.00444423747725616,0.9988765432642301
4.472399003,0.04589994332298748,0.005551420955782715,0.9989306166738101
4.472673372,0.04681638609869292,0.005746369120517776,0.9988869832141116
4.472985255,0.05514177565588089,0.007046454404683446,0.9984536704613985
4.473283832,0.05370692424994625,0.007317966724138832,0.9985299262669272
4.473606832,0.053336164772950084,0.007114573449131684,0.9985512687748935
4.473876066,0.05440726759198802,0.006877162538332037,0.9984951446394695
4.474137949,0.05857878914222706,0.006299584932813502,0.9982629116081118
4.474404045,0.05620409817109087,0.00681733924427865,0.9983960252497016
4.474670254,0.056019084048524424,0.00643221748646516,0.9984089787259384
4.474935994,0.0480605555994084,0.00730835008711923,0.9988176865747225
4.475201791,0.04848542982826026,0.007071077851752714,0.9987988601076712
4.475466607,0.055440143399539656,0.005544861532002233,0.9984466160042957
4.479956423,0.056594545142504414,0.005480927531628815,0.9983821998080226
4.490182281,0.060672444258370276,0.004927516199943338,0.9981455675861184
4.499944484,0.06016391967309278,0.004971018765762005,0.9981761326248991
4.510386931,0.05629754600418359,0.005681068766241032,0.9983978724794941
4.520033725,0.05048201827447077,0.0066665975794260035,0.9987027196857181
4.530183803,0.056173455403738345,0.005140948168555325,0.9984077892123701
4.540177777,0.054653445555499135,0.005529815000146926,0.9984900710748086
4.549872593,0.0540920779541366,0.005597979358862397,0.9985202600496905
4.560176512,0.04812097702934281,0.006818355664037775,0.9988182425225225
4.57079937,0.048591148724884355,0.006085225489806309,0.998800215406632
4.580658596,0.04929357199422788,0.004621890459506807,0.9987736389636194
4.682962649,0.05512869784764681,0.001564202428130774,0.9984780317785599
4.683465379,0.0556315496601221,0.0003031871645927076,0.9984513201753786
4.68396234,0.05653327579771662,-0.0015011114841832589,0.9983995870351167
4.684334054,0.055221654412418726,-0.0025162510291067276,0.998470949684924
4.684690905,0.05650141747174572,-0.0038374216217196356,0.9983951442284668
4.685053048,0.051134505000994465,-0.0033776432408860984,0.9986860637479832
4.685530588,0.05079031135504336,-0.004436788448494606,0.9986994839193225
4.685862571,0.05220846244042466,-0.005554202780825168,0.9986207624924872
4.686243588,0.05353759737679793,-0.0066358287732214425,0.9985437854413859
4.68660469,0.05738761914134561,-0.007842146432812338,0.9983211717221139
4.690065087,0.06669894634617313,-0.010504226168575203,0.9977178517942383
4.700608449,0.06472759143282568,-0.010972371718257382,0.997842645894723
4.710160754,0.061354733071566254,-0.01084676424541406,0.9980570847577414
4.720301232,0.05991348969960802,-0.01193847405332587,0.9981321789168471
4.730070185,0.060681268168263844,-0.01351094505290407,0.9980657483639386
4.821922568,0.0519234020184043,-0.012566849170979652,0.9985719977171146
4.82220771,0.054111304243820595,-0.013567442320861075,0.9984427330908382
4.822564006,0.056137662583102266,-0.014507532093611332,0.9983176319950774
4.82283011,0.06345595253090319,-0.016701846903262308,0.9978448729128271
4.823091766,0.06623863679749684,-0.017925270428542913,0.9976427856077912
4.823362446,0.06464580997673595,-0.01811254118990831,0.9977438825190038
4.823622697,0.06523463656798369,-0.018016976754794318,0.9977072871040185
4.823948731,0.06093749070985557,-0.01703878692812228,0.9979961432620893
4.824215319,0.060521231121990336,-0.017468113125314978,0.9980140508065606
4.830629972,0.06524735570877008,-0.019201333165297093,0.9976843646052035
4.840059633,0.06367141610253875,-0.019129817693855366,0.9977875529623014
4.850373721,0.06510265607276979,-0.019589977450290445,0.9976862617856216
4.860129687,0.06072817371597272,-0.019065820993303836,0.9979722357796202
4.870299551,0.05535921379641963,-0.017457917894016173,0.9983138677543493
4.88072802,0.061023638678094204,-0.01780277729231693,0.9979775431557394
4.890039216,0.0622888347299045,-0.01797423124634925,0.9978963012653637
4.931128527,0.06770946456887539,-0.019146758870464846,0.9975213431463773
4.931403834,0.06433211501108908,-0.01887925057739356,0.9977499450643112
4.931650809,0.05540078646971386,-0.01680044377818872,0.9983228425451324
4.931896075,0.05660503649637579,-0.01667250438721161,0.998257430446026
4.940453456,0.06017519485643217,-0.017831971432301478,0.9980285400322116
4.950057994,0.06557210526377583,-0.018909496499262247,0.9976686473741774
4.960333037,0.0660107893868041,-0.0185594706673796,0.9976462908932593
4.970453849,0.059554086751410946,-0.017136088620906712,0.9980779855391972
4.980476396,0.0648681743536147,-0.017981667954930194,0.9977318174607783
4.990112295,0.06384456823760894,-0.017517956872358548,0.9978060895252
5.000656079,0.06549302295159751,-0.01786054365926854,0.9976931717341042
5.009983864,0.06078555073111147,-0.01714114383661796,0.9980036563110819
5.02022354,0.06778906292302538,-0.018610556562101633,0.9975260849383674
5.031471314,0.06780472725386917,-0.018832821293574494,0.997520848806757
5.040145034,0.07368291585884212,-0.020103464018966153,0.9970790734164352
5.050131142,0.07235143693901534,-0.020166543964923664,0.9971753005752653
5.060475076,0.07117169754820123,-0.0201860542553487,0.9972598019983095
5.071306246,0.06644427716264963,-0.018896558544948056,0.9976111858371931
5.080639246,0.06702553221965873,-0.018549744625837007,0.997578811425437
5.090356043,0.07270864567768469,-0.020078934931713463,0.9971510864536652
5.101027171,0.0684881042626063,-0.01895054597834993,0.9974719326285011
5.110607464,0.07024317587573911,-0.019149621503714583,0.9973460724538672
5.120498945,0.07577617609485958,-0.020517747155511076,0.996913734075373
5.130607679,0.07146989737832447,-0.019651712100448165,0.997249148397858
5.14040411,0.0705690870795993,-0.01949366623058688,0.9973163996072872
5.150715985,0.06875422148958873,-0.01913179032809028,0.9974501649837964
5.160182792,0.07432261906444407,-0.020135397985761094,0.9970309493909186
5.170251037,0.07598654589611467,-0.020354076250068513,0.9969010765481118
5.180322726,0.07560814202623,-0.019740013475106677,0.9969421952788157
5.330241183,0.07274143019410913,-0.01897008778648436,0.9971704067523709
5.330568333,0.07373344996936106,-0.019120273780644178,0.997094676290155
5.331083797,0.07427783203806997,-0.018766826501346232,0.9970609860438793
5.33135817,0.06835887419624949,-0.017383924223927694,0.9975093300301499
5.331625777,0.06843802800210019,-0.01780060328892692,0.9974965538014324
5.331950673,0.06861981497479844,-0.018089465447017783,0.9974788680632116
5.33224925,0.07358896963978827,-0.019568768065284927,0.9970966487075169
5.332661937,0.07384900856180115,-0.019793878697406758,0.9970729794255541
5.332973054,0.07439549823917138,-0.020106021357820015,0.997026106853228
5.333269482,0.07363854002200731,-0.020311294619941227,0.997078139733436
5.333575662,0.07555829753509764,-0.020701829303563082,0.9969264656618781
5.333879945,0.07328104903027029,-0.018870174811848415,0.9971327917361826
5.334146339,0.07003717276237718,-0.016857446056214198,0.9974019355023905
5.334442847,0.06963381372951431,-0.01645731018917306,0.9974368596191042
5.334708188,0.062207022220714996,-0.014588376347316143,0.9979566451815333
5.340009342,0.06029791253540099,-0.015048247403980352,0.9980669877287505
5.349864155,0.06647641443283926,-0.017369193407586095,0.9976368063802195
5.360024548,0.06607087834502903,-0.017882722648265115,0.9976546733541629
5.37002823,0.06887294686521896,-0.018607478876235588,0.9974518930354344
5.380387199,0.06502943796839465,-0.018031402688150337,0.99772042211965
5.389961988,0.06661845647556089,-0.018320766511492843,0.9976103100766577
5.400735734,0.06724244620645595,-0.018143683067149235,0.9975716817316591
5.410285684,0.06253702828204566,-0.01645198313434551,0.997907035922985
5.420343991,0.06205424041151652,-0.015531988329282882,0.9979519169706969
5.430270591,0.06342444515272094,-0.016326847565645678,0.9978530822749598
5.440166362,0.06501152451635689,-0.017180823796438618,0.9977365989948124
5.450286845,0.07044196437904339,-0.018527386466928676,0.9973438051169349
5.460265479,0.06600389434391396,-0.01747233382345492,0.9976663788472573
5.47010642,0.06770553533458662,-0.017805293904162914,0.9975464560580843
5.480360046,0.0682469780122186,-0.01770871388473939,0.9975112788559076
5.490085088,0.06875169402505073,-0.01794970577536656,0.9974723117115901
5.499872004,0.06778785077778827,-0.01771365268272478,0.997542497237869
5.510177233,0.0645401438639747,-0.01700695450558947,0.9977701806169909
5.530029723,0.06464588050261304,-0.01690915770743798,0.9977649976420634
5.53076604,0.06655283383347797,-0.016665281102151975,0.9976437183255954
5.539970043,0.06089880504514786,-0.014928021013552043,0.9980323089623362
5.630903008,0.06503991314440334,-0.014903568355853014,0.9977713632633636
5.631431339,0.06761525255547524,-0.014558859846084314,0.9976052411760082
5.631693756,0.0672568816366993,-0.014012608899391451,0.997637288128476
5.632001992,0.06944745814037066,-0.014223142947635896,0.9974842117860976
5.632271766,0.06672347389458891,-0.01350406962220746,0.99768011814162
5.632583993,0.06939141548733127,-0.013897781762114718,0.997492698278417
5.632916092,0.07406336007309453,-0.014347757359999004,0.9971503199384845
5.633210716,0.07492007535998953,-0.0134747039194867,0.9970984979741648
5.633519102,0.07506664408556608,-0.013020214164856396,0.9970935126500585
5.639837995,0.07636477962650137,-0.011990384836314752,0.9970078490684379
5.650310323,0.07676533370060769,-0.011514717760244927,0.9969826953446767
5.66011314,0.07680601386550415,-0.010153843460598113,0.9969943508852342
5.670548247,0.07176446502811046,-0.007593232096932196,0.9973927031944597
5.680158526,0.07027901338296612,-0.005859907277464128,0.9975101612337673
5.690335153,0.07295405015815032,-0.005296650304970627,0.9973212381480047
5.700422012,0.07206966953679371,-0.003708226322994169,0.9973927069065599
5.710594115,0.07206802311100152,-0.002508634047471564,0.9973965644617431
5.720453779,0.07326483898211733,-0.0014764829777812415,0.9973114274723522
5.730625612,0.07760306728311422,-0.001133809561478626,0.9969836901495083
5.74016854,0.0778306707509932,-0.00023195285819666814,0.9969665655819769
5.75191119,0.07923935641733712,-0.00020560814173852605,0.996855597426156
5.760956666,0.07329771432442232,0.0016545647880659845,0.9973087322841296
5.770023246,0.07568483827475252,0.0015048815154555303,0.9971306537194357
5.78030104,0.07391672881781727,0.0023096566286328075,0.9972617423159935
5.79021312,0.07223559664279293,0.0026313149124711447,0.9973841259813048
5.800316059,0.07408076092950582,0.0022311155747026293,0.9972497495529382
5.810030924,0.07437926375349185,0.0021161742259407216,0.9972277808656024
5.820276302,0.0708438574361825,0.0027023125140451577,0.9974837569457652
5.829931926,0.06593013338547099,0.003978056103738492,0.9978163120441607
5.840318233,0.06956376570136692,0.0034307123750926555,0.9975716078127148
5.850255297,0.07057957519314456,0.0032950980557651635,0.9975007097212304
5.860723451,0.07212710749340956,0.0037145055787748647,0.9973885315226656
5.934780325,0.07671956469586502,0.0032324179808584834,0.9970474712203395
5.935809743,0.07325259438130027,0.0039952219244815375,0.9973054174214553
5.936283448,0.07119760842927134,0.003977576920264229,0.9974542994221819
5.937098058,0.06357732478012292,0.005500641602953235,0.9979617561388606
5.938819711,0.0676302558176231,0.004196453091854982,0.9977016278825503
5.939635146,0.07168333858523641,0.0032353346984156962,0.9974221932455001
5.940885846,0.0715193872698758,0.002800162648405479,0.9974352792706321
5.94328055,0.0713110669297183,0.0019376577263371035,0.9974522430752667
5.950613545,0.07096505175839618,0.001832167904713001,0.9974771198326793
5.960542199,0.06744263087919251,0.001958847201736329,0.9977212308344116
5.982147687,0.06774432159925298,0.001806545634193815,0.9977010791233658
5.98250426,0.06802168532570617,0.0017733706054426823,0.9976822667974743
5.99006829,0.06935702128934569,0.001192280213479883,0.997591189849711
6.000084157,0.07016265458081786,0.000949057877574858,0.9975351127611087
6.010024529,0.06933540477631508,0.0014267938995969546,0.99759238464599
6.019972904,0.06870170206358069,0.0018901459097120546,0.9976354562073297
6.030619086,0.06753570489633896,0.0019438633284778186,0.9977149642856495
6.040064327,0.07218770449958863,0.0007339481435599597,0.9973907943425199
6.050358641,0.0711882177263309,0.0009064369559395113,0.9974624885322723
6.060049885,0.07152402567642692,0.00018214523139837134,0.997438860569485
6.070223349,0.07199981097558077,-0.0003028882758351703,0.997404599687696
6.080063972,0.06796454033894138,0.00038696612185359555,0.9976876623040586
6.090227571,0.06880942079942774,0.0005989771701150117,0.9976296431219339
6.100111252,0.07244490933979586,-0.00047286293726888094,0.9973723033608821
6.110252669,0.07101291280701094,4.773554271290354e-05,0.9974753951531746
6.120038011,0.07146026405462222,0.0004881446750065663,0.9974433279019014
6.130146551,0.0684519428699563,0.001146449846141014,0.9976537561549491
6.139921134,0.06842616250547306,0.0011075636107739277,0.9976555686145507
6.150347313,0.07157319232763984,-0.0001661065133228509,0.9974353365249583
6.161270337,0.07162417529829292,-0.0007423539998805042,0.9974314143956858
6.199007905,0.06738772562573547,-0.0002500718406091848,0.9977268323038452
6.199933042,0.06805702921868707,-0.0008512940933441722,0.997681069316389
6.200376177,0.06220276837872447,0.00032342158230437535,0.9980634804482644
6.201054814,0.06749441255034909,-0.0014690034733549023,0.9977185706917951
6.210043683,0.07264244707795407,-0.003153760325825962,0.9973530611966526
6.219875528,0.07323079184447663,-0.0035135506527335944,0.9973088318508173
6.230193672,0.07347538866952127,-0.0036345292531676935,0.9972904077834955
6.253333507,0.07327066008529125,-0.0037919973626627176,0.9973048837374996
6.253726742,0.0739273588709614,-0.004008128821937293,0.997255574320701
6.260049516,0.07064523857717402,-0.0034059424039765782,0.997495689124878
6.270145518,0.0726840365077596,-0.0037058957230753286,0.9973481323859931
6.280325143,0.07326062980548946,-0.004373443011359295,0.9973032403019302
6.290095838,0.07500522793112151,-0.004970123113727535,0.9971707545146091
6.300265683,0.07105834419774937,-0.0042779014974872855,0.997462987422918
6.310172845,0.07546491587068944,-0.005123592204853687,0.9971352943685968
6.320357495,0.07221098169123356,-0.004326720708468751,0.9973799945913792
6.330145072,0.07185546306320442,-0.004621330099912482,0.9974043491664152
6.340095341,0.06987438454673925,-0.004436798384396222,0.9975459313757491
6.350080463,0.07118152731743152,-0.00540341135917375,0.9974487421990373
6.360611338,0.07224032140279889,-0.006475547365206549,0.997366233261354
6.370327757,0.06888394483931681,-0.005994028111528962,0.9976066728778293
6.380857136,0.07039051793122418,-0.006758748564316508,0.9974966136800758
6.390550178,0.0716107831406004,-0.0077822346506140104,0.9974022922381084
6.400784311,0.07254532628316361,-0.00796511660176236,0.9973333106599768
6.410595513,0.07410327276000449,-0.00810452011438597,0.9972176400966701
6.420351591,0.07421706053789025,-0.008017820197889656,0.9972098788541905
6.430014919,0.072457428427567,-0.008304825162726634,0.9973369295000966
6.440240634,0.07146217665219402,-0.00803512534307833,0.9974109454326495
6.450263913,0.0719272372612407,-0.007946458143218217,0.9973782263228647
6.46009691,0.0668988261987921,-0.006419228659016342,0.9977391144766489
6.469900006,0.06659985550399992,-0.006564790760074585,0.99775816848028
6.507435178,0.06828844385706044,-0.007935125577496985,0.9976340622781734
6.508263754,0.0688295487746087,-0.00854841171878227,0.9975918092449286
6.509437054,0.06753373981408244,-0.008222045882018933,0.9976831119890914
6.510298202,0.07143596759743912,-0.009332188483416522,0.9974015303735642
6.520293885,0.07262417652075794,-0.010309551395559466,0.9973060924985389
6.529956229,0.06811650110429536,-0.009031868684388517,0.9976364907246409
6.54016628,0.06917052008154516,-0.00949189098399846,0.9975596940319895
6.550200877,0.07263860635809621,-0.01033605570800327,0.9973047672696421
6.560016973,0.06637863876500158,-0.009099271208731548,0.9977530153195106
6.571198712,0.07137361948245698,-0.010685962829847274,0.9973924085536107
6.580782286,0.07161470739907061,-0.010743518139372516,0.9973745086486492
6.63761184,0.07290355661858744,-0.011066351271146864,0.9972775979143943
6.638028311,0.07376798228087948,-0.011759233146506537,0.9972060996734897
6.638293823,0.07376497014255391,-0.011602132195873712,0.997208162676368
6.638687247,0.07411237196527569,-0.01189873595198736,0.9971789089247854
6.638987307,0.0709572550297325,-0.011546137760248144,0.9974125298297926
6.639923457,0.07006984622732974,-0.011693715026616229,0.997473545352735
6.651206062,0.07308943064956046,-0.013077729258755973,0.9972396442805299
6.660529355,0.07062671193053567,-0.013170728638868543,0.99741586084692
6.670811099,0.068027172168328,-0.012381917855974535,0.9976066318729987
6.690755912,0.06658714861130643,-0.012397783101830073,0.9977035865496204
6.691446926,0.06291743886836393,-0.012425045744807958,0.997941388120808
6.700562886,0.06570924274120868,-0.01417324821651168,0.9977381492422599
6.710611262,0.0653586900588063,-0.015550317038715003,0.9977406623335506
6.720538561,0.07092924672429696,-0.01841738418877928,0.9973113064228073
6.732009089,0.06983316188572604,-0.019387932323758905,0.9973702610270928
6.740206252,0.06686095312884059,-0.0201389922636381,0.9975590378204732
6.749964684,0.06508168821011048,-0.020805434037791427,0.9976630231567276
6.760053865,0.06478796171768511,-0.021106293565331124,0.997675821290865
6.770333089,0.06225408735748599,-0.0210419519202375,0.9978384963843965
6.78012537,0.06639729177357591,-0.02236751789858471,0.9975425273080799
6.790234373,0.0686895908703771,-0.02360804902943007,0.9973587118620282
6.800390218,0.06939745944853316,-0.024509894103581058,0.9972879512523554
6.8105214,0.06690176848700763,-0.023783650729153213,0.9974760605304293
6.819903421,0.06434459301454255,-0.022724821036501804,0.9976689610580515
6.830590258,0.06020533082371293,-0.0228474826549475,0.9979245014913399
6.840182123,0.06494914629157936,-0.025887228415943906,0.9975527353483303
6.850286497,0.06566107519795168,-0.028268047372465552,0.9974414973829778
6.860116723,0.061287065976397166,-0.031050535257727874,0.997637088226081
6.87021719,0.05898195655162683,-0.03378681268198453,0.9976871153273127
6.880309131,0.05551597416672573,-0.037543210682533946,0.9977517145783145
6.890536967,0.059777852406399185,-0.04272206576009529,0.9972970637973767
6.90011026,0.05352937022159376,-0.04576740042091991,0.9975168928807124
6.910187483,0.05553633906868535,-0.04984421468663138,0.9972117474764931
6.92017058,0.055619959208263944,-0.053914509618565074,0.9969953088105584
6.929931561,0.05249351079367201,-0.05711677463747298,0.9969865121352279
6.940696367,0.053006833772355134,-0.06072035684964498,0.9967463638446252
6.949881066,0.046419022505955254,-0.06285450413663773,0.9969426190404987
6.960100808,0.04572466305305597,-0.06592912258308042,0.9967761062465882
6.970821335,0.04353924938830707,-0.06963165429168913,0.9966221784022797
6.981011075,0.037572626100865994,-0.07122865026802679,0.9967521141933332
6.989927867,0.03278074139622408,-0.07267181672025834,0.996817049436902
7.000166994,0.040527822074989554,-0.07675346146674973,0.9962260796579911
7.010073641,0.03767902246160465,-0.07792719428661445,0.9962467784926355
7.020239251,0.03487356769755925,-0.07952441035333896,0.996222717284643
7.030324128,0.03056632670772311,-0.08089214329476764,0.9962540643956117
7.040368219,0.030387176716026136,-0.08364665534626106,0.9960320559804352
7.050101724,0.02774526187015554,-0.08538069538932623,0.9959620159918708
7.060404586,0.027625808913519772,-0.08759785014603813,0.9957727809754924
7.070133785,0.020277766735425872,-0.08757032582925108,0.9959519316766159
7.08041903,0.02270794788745124,-0.08997638451768408,0.9956849900103278
7.090270397,0.021708471340135534,-0.09151459067210363,0.9955670856181376
7.100215932,0.02155204518816973,-0.09221017854449925,0.9955062994883551
7.109981629,0.021897372240917496,-0.09311331877537274,0.995414694966665
7.119983556,0.017839325874323582,-0.09205630206648804,0.9955939913951838
7.131026423,0.018168164663331026,-0.09187638742729601,0.9956046641243076
7.140588596,0.019035139520097583,-0.09213905924078288,0.9955641904094753
7.15058859,0.01791050889559386,-0.0919363419313173,0.9956037980559279
7.160537995,0.01814972549915357,-0.09192231127319356,0.9956007614272399
7.170761046,0.01778841138535183,-0.09169211295967654,0.9956285094558992
7.180726443,0.01788284197894287,-0.09213297102452508,0.9955861186321102
7.1911374,0.018840401445510496,-0.0917906236941321,0.9956000806926516
7.200421245,0.02340728357827239,-0.09272408462722025,0.9954166681372834
7.210647568,0.019131147778976388,-0.091840871094034,0.9955899023098558
7.220285246,0.02332301682671105,-0.09309290563311078,0.9953842211964613
7.230131903,0.023345003203083206,-0.0927231798436969,0.9954182149956479
7.240035037,0.023440011986746716,-0.09266774717630766,0.9954211442757931
7.250093488,0.0232451288512397,-0.0928086719909879,0.9954125850058149
7.260284429,0.02374311524547166,-0.09276836445449646,0.9954045886145382
7.277777147,0.019351648429629508,-0.09160121679563357,0.9956077193275549
7.279988686,0.020236463178920187,-0.09167195073779563,0.9955836172848244
7.290173893,0.020414201873995313,-0.09170214255195742,0.9955772081627966
7.300181565,0.02018548918865161,-0.09160885428806578,0.995590459899171
7.310341377,0.02045314127661983,-0.0915577149202109,0.9955897015590851
7.32029012,0.020435210616645706,-0.09136157555012017,0.9956080878940533
7.330416014,0.01958672096809372,-0.09088918562425218,0.9956683766687974
7.340139708,0.02340020470330503,-0.09161629156089994,0.9955194049040289
7.350398122,0.02232992849681154,-0.09149362384014484,0.9955552677224532
7.361666988,0.024261927815084166,-0.0919933032953562,0.9954640078915482
7.370251649,0.022599514839574154,-0.09166278932517015,0.9955336232303486
7.38020185,0.02674115394636596,-0.09265499265334204,0.9953391196079988
7.390639647,0.026008832751203984,-0.09182474893119212,0.9954354605410859
7.400284038,0.025647815426652187,-0.0913941261225123,0.9954844565708411
7.410154462,0.026334967370546847,-0.09096798468365147,0.9955055475768014
7.420108104,0.027070268799994628,-0.09105235536401358,0.9954781108240208
7.430228581,0.027440122448930376,-0.09073885467436588,0.9954966097041075
7.440632718,0.025855043150874273,-0.09022939560327682,0.9955853418530899
7.450212537,0.02498058833279425,-0.08970136579886832,0.9956553797275266
7.460340918,0.02419588583302304,-0.08913795143978487,0.9957253560705753
7.470259155,0.024707739015711442,-0.08842165858255614,0.9957766506231411
7.480960582,0.024010695051399276,-0.0882690449100693,0.9958072415050079
7.490480041,0.02171412371061743,-0.08778452452049611,0.9959027934925128
7.500911805,0.023350107349544173,-0.08816395364892399,0.9958322598529108
7.510395899,0.027339122574485807,-0.08934067467312012,0.9956258414815321
7.520153259,0.03286713332135266,-0.09010219417074473,0.9953900472442218
7.530540729,0.02745665886977933,-0.08849877533914183,0.9956977948389667
7.540031573,0.025369672557967238,-0.08744894765447292,0.9958459023706565
7.550357571,0.025384609603241026,-0.0865109685650767,0.9959274441008358
7.560150712,0.026145471005767376,-0.08594634061818147,0.9959566460846727
7.570327897,0.02782508632144176,-0.08605096709108462,0.9959021014306041
7.580398248,0.030026869865377222,-0.086472696296929,0.9958016167295707
7.590236362,0.030429890137738596,-0.08696249186549743,0.9957467282370294
7.599922049,0.02625956025750745,-0.0842761118593405,0.996096367057402
7.611022841,0.028362950057482336,-0.08039074738398574,0.9963598099075861
7.620862064,0.02554783663687302,-0.0803191370463692,0.9964417415319885
7.631424384,0.025777965282473194,-0.08238899658673435,0.9962668065068345
7.640936998,0.02663780466751168,-0.0823823978062874,0.9962447329317141
7.650958267,0.021699179300134704,-0.08016529607185098,0.9965453682213435
7.715300032,0.024093293319788916,-0.07955544588072071,0.9965392336720749
7.715993846,0.019880855977595074,-0.07822302789220244,0.9967376332179767
7.716264517,0.019097524061105237,-0.07755122206680035,0.9968054436702688
7.716574593,0.021629989964117188,-0.07782130148889466,0.9967326565176476
7.716849368,0.02356148639516177,-0.07632692162353565,0.9968044228404713
7.717113648,0.024647723567385284,-0.07429507570123868,0.9969316583645506
7.720261556,0.02397625011755368,-0.0726147228788357,0.9970718336466688
7.730229853,0.02139872474371841,-0.07156106557864618,0.9972066528421234
7.809866484,0.02439018797144703,-0.07152689002322792,0.9971404227762118
7.810431889,0.02706576566880624,-0.07019197532504992,0.9971662503959552
7.810847121,0.01874361143242732,-0.06579793888594826,0.9976569090969255
7.811370678,0.01624396499412739,-0.06252226655110478,0.9979113687029437
7.811683351,0.01644785071237008,-0.0599407607303896,0.9980664173340399
7.811923014,0.022315063324215758,-0.058661649140288,0.9980284809908873
7.812182897,0.023947622599061885,-0.05820664645959957,0.9980172832570486
7.812488972,0.020474489507869245,-0.057236812780133074,0.9981506612441652
7.820042608,0.021725665748808524,-0.056676059086364985,0.9981562101065193
7.830163887,0.02269470854965797,-0.055402955607377846,0.99820612235841
7.839935116,0.01639980088490637,-0.05270849715302543,0.9984752680256057
7.850265585,0.013348163833633209,-0.049720386273312996,0.9986739756853101
7.860021846,0.017047001642963657,-0.04819417860905305,0.9986925056708814
7.870152669,0.0197545780086603,-0.04662015986224961,0.9987173360576644
7.880444717,0.01734949921479684,-0.04385133804674687,0.9988874085844238
7.89078277,0.010909622669093226,-0.03986613682140797,0.9991454705237646
7.900172418,0.012963218868364506,-0.03903136065470179,0.9991538959749962
7.911277115,0.010567033870695304,-0.037909603622838114,0.9992252997939628
7.920074414,0.012826629346706286,-0.038904645881191136,0.9991606007586876
7.930241464,0.019786482120591132,-0.0404190665708384,0.99898688388929
7.940371105,0.020313098839261873,-0.040558241259102804,0.9989706737845286
7.950271553,0.020255927890402987,-0.04056811979378023,0.9989714335463734
7.960138794,0.020648936007530365,-0.040244549363479674,0.9989764750424743
7.970353123,0.01989755179578166,-0.03970538280174091,0.9990132982143439
7.980110519,0.020038103390690964,-0.03965020510533747,0.9990126804238315
7.990614032,0.01998701287374704,-0.039330209807875466,0.9990263529621495
8.000088831,0.01876178292599509,-0.03895156909936592,0.9990649482221541
8.010081007,0.018776921104501833,-0.03914875095777465,0.9990569566007143
8.019982496,0.019044699331433653,-0.03925729421074124,0.9990476286337037
8.029984304,0.018260611507854668,-0.0389204821562403,0.9990754456676858
8.041116345,0.015200993114752056,-0.038149332289275015,0.9991564233162932
8.050098906,0.014586254755400067,-0.03780653252849958,0.9991786162995995
8.060384144,0.014527091531516894,-0.037414973813553416,0.9991942170299858
8.070006941,0.01797909973917566,-0.03771185437486767,0.999126902856778
8.080199758,0.014959188295750483,-0.03643934246105309,0.9992238973355964
8.090619442,0.016075508491313433,-0.03603972607781636,0.9992210547076067
8.101022506,0.019338054951768453,-0.03588260762826665,0.9991688936813827
8.110779668,0.016810149137043085,-0.03440360284281272,0.9992666365877649
8.120736754,0.01963049112043519,-0.03426291336668749,0.9992200441274172
8.130578904,0.023311776267045593,-0.03202097926767357,0.9992153011108339
8.140676381,0.02425502833059894,-0.03208915105407228,0.999190662479044
8.150621159,0.020781832690529245,-0.030361758219976578,0.9993229103086823
8.160700098,0.023312281476571637,-0.03039040516223924,0.9992662111802
8.170675538,0.02796610911024782,-0.03167435301701994,0.9991069172526967
8.181713054,0.028398657396382004,-0.032336842159455585,0.9990734932412317
8.190142721,0.02641843624181901,-0.030752016366944593,0.999177851894198
8.200455579,0.02668829908569446,-0.029866804552941027,0.9991975323616992
8.210108715,0.03236238723329569,-0.03053064628776004,0.999009787504514
8.220323506,0.029530614620324087,-0.028760660545835894,0.9991500223715722
8.230064883,0.031692134774978786,-0.028085441565556594,0.9991030059836035
8.240074763,0.03377785367529401,-0.02755605006234597,0.999049408540965
8.250260913,0.03860736459967468,-0.027491746199128187,0.99887620618853
8.259974531,0.03974665594669396,-0.026830942298377045,0.9988494901017052
8.270406414,0.040583010805233334,-0.026213486860157467,0.998832254355362
8.279902239,0.041756499398424525,-0.026002818268816258,0.9987893913133381
8.290113481,0.034513881058884005,-0.023333272663564168,0.9991317983134462
8.300021164,0.03521845987507,-0.022133786548950186,0.9991345032462016
8.31166127,0.04134504745473612,-0.023132051647834138,0.9988771171858567
8.321428437,0.04424826856423529,-0.0228491014295918,0.9987592348974441
8.330188139,0.04673580692148052,-0.022824957048616677,0.9986464768310792
8.370193378,0.04795898099750449,-0.024015753336588612,0.9985605538640895
8.370693166,0.05138979966281674,-0.02488006964525786,0.9983687047504358
8.370986418,0.05437895273845638,-0.02550544453714688,0.9981945711122815
8.371251083,0.053343210947513583,-0.024890188989512504,0.9982659867679934
8.380005339,0.05109639457700825,-0.02364322546498822,0.9984138201922299
8.390287199,0.056327081918847145,-0.024730266644299656,0.9981060433411921
8.400542406,0.05751064604555498,-0.024355920954557565,0.9980477517162584
8.409971715,0.06015718802809594,-0.024386191193136772,0.9978909892406305
8.420310345,0.060247138582417537,-0.023537495686125127,0.9979059417547611
8.430011457,0.060071928083427206,-0.02203136662954997,0.9979508917480729
8.440143935,0.05969125307019541,-0.020321670263285727,0.9980100119861626
8.449967412,0.06345682570712274,-0.01992410237374846,0.9977856790993627
8.460127191,0.0663099036364084,-0.01949062572903146,0.9976086969290219
8.47023786,0.07127980534842086,-0.021081079818442164,0.9972335621223243
8.480129056,0.0718136949247655,-0.02197870673067613,0.9971758770004918
8.490062644,0.06604432730242138,-0.020125321920466396,0.9976137119390291
8.500158455,0.06128635354922123,-0.017274898849402715,0.9979707213833394
8.509868265,0.06446770768723303,-0.016279022470081627,0.9977870053738784
8.520386257,0.06166701556034608,-0.015175398856963337,0.9979814058695744
8.530034594,0.059328290857457694,-0.015356220037539893,0.9981204037640408
8.587057586,0.06826287093509814,-0.018433574317887197,0.9974970595393078
8.587769532,0.07299360530777031,-0.01958858741329976,0.9971400206727865
8.588028354,0.06918355029038452,-0.01871634916812385,0.9974283606570624
8.58828425,0.0671886841255865,-0.017595882333954753,0.9975851169952177
8.588540767,0.06484565121655153,-0.01702387759888167,0.9977500834927551
8.59061489,0.0707610155500162,-0.018050288927421672,0.9973299683394493
8.600687007,0.07003858903203383,-0.017120116694188798,0.9973973619630139
8.61013967,0.07138507509847201,-0.016738871585914375,0.9973083681746664
8.620354759,0.07248881564856695,-0.016113502328709395,0.9972390519070995
8.630077162,0.07542373491196915,-0.015596623610714776,0.9970295911074428
8.640028262,0.07711372447818994,-0.015538096283261181,0.9969012193096135
8.650038069,0.0726530404513026,-0.014329705175324937,0.9972543282747736
8.660223833,0.07815069640843758,-0.01613169312863838,0.9968110338111631
8.669970513,0.08137606799476282,-0.017384194130415764,0.9965318486391431
8.680328094,0.0715639571718555,-0.014483045205662043,0.9973308585597237
8.689938578,0.07441420674067505,-0.013112091740544065,0.9971412131114347
8.700314117,0.08384581964758885,-0.014612228881038528,0.9963715979968277
8.710074349,0.08764854598168552,-0.015776307130402747,0.9960265260125474
8.721492716,0.08513047004439024,-0.015025675094007533,0.9962565092173754
8.731577132,0.08195828406549609,-0.016820331917405743,0.9964938113742744
8.741304735,0.08572231963970836,-0.017530504785948798,0.9961648283881225
8.750302332,0.08884963287167552,-0.01989757587532985,0.995846287944507
8.759951843,0.08870756227588297,-0.02155030432079667,0.9958245592365915
8.770696478,0.08412613536985827,-0.01948276644967863,0.9962646310891498
8.780197843,0.08165718060898948,-0.017412662613511026,0.9965083562297404
8.792606567,0.08556186190495144,-0.01955053356653414,0.9961410263735863
8.800059352,0.08088662522055617,-0.01734316010409211,0.9965724101429024
8.810323106,0.08007828956634633,-0.016414428086618277,0.996653417237265
8.820239779,0.08418359331309447,-0.01974459423541793,0.9962546228828123
8.830439102,0.08400438921057704,-0.02078206617899706,0.9962486478378225
8.840420058,0.0820805860360924,-0.019421088449181296,0.9964364499151066
8.850685413,0.07998458770086891,-0.018628022724672705,0.9966220258953197
8.860659193,0.08015097532246312,-0.01830512903111581,0.9966146413765011
8.870495369,0.07851851894106361,-0.017806403310903933,0.996753617592849
8.880209183,0.07926538853822492,-0.01757708285875531,0.9966985724571199
8.891252805,0.07949462557501365,-0.01743481579752172,0.9966828139898848
8.900177519,0.08296232701062872,-0.019823927781812824,0.9963554908687375
8.910231888,0.08367368056997508,-0.02064613771765413,0.996279304300364
8.920075155,0.08486265749901048,-0.020907615794163975,0.9961732785836053
8.93060091,0.0882975654501514,-0.013973584006383879,0.9959961239310084
8.940406197,0.08509028253671842,-0.019187647664153575,0.9961884751365767
8.950400131,0.07974323422790393,-0.016002720012733763,0.99668697671188
8.960568848,0.07748991045123496,-0.015070870622087826,0.9968792216898454
8.970486052,0.08018900568934027,-0.016770420094595232,0.9966385886450543
8.980291705,0.08249543749471659,-0.019739492616044064,0.9963959329623022
8.990326846,0.08129098508974872,-0.019932445954480328,0.9964910804123687
9.000682951,0.079708635444905,-0.018851862892963377,0.9966399252994916
9.01003496,0.08120014312457027,-0.01837740332716045,0.9965283778214749
9.020320243,0.08152360641151957,-0.0165704644428005,0.9965336528716978
9.030249106,0.07809187826029286,-0.016040555894181352,0.9968171141771118
9.040464229,0.08392052010704239,-0.019001290363639133,0.9962912713004568
9.050280455,0.08660365183935803,-0.019906291439861265,0.9960439483522796
9.060564183,0.08994143059113248,-0.021096892926347123,0.9957235862286655
9.070505569,0.08010932507832044,-0.016096612636083207,0.9966561067374946
9.080178557,0.07828241699083612,-0.01565181193827583,0.9968083486674466
9.091345772,0.07568204126295196,-0.01442710341145131,0.9970276261555786
9.100663903,0.07863255022563917,-0.016548662989188903,0.9967663035026227
9.110660907,0.0860059795378411,-0.019618975205971098,0.9961014342403107
9.120963846,0.08519497460323985,-0.02013078832277893,0.9961609145433569
9.131041721,0.0821683581769073,-0.018709455345973548,0.9964428318750497
9.141059053,0.07978231153367658,-0.016944935947567717,0.9966682757628419
9.21399917,0.08061756356313594,-0.016643598210902565,0.9966061404003781
9.214325702,0.08183137692928943,-0.01655158223836991,0.9965087409929042
9.214584749,0.08009622472944265,-0.015771011226303124,0.9966623650911026
9.214836794,0.08283676451610379,-0.013914101409059493,0.9964659894981273
9.215098285,0.083109223098687,-0.016836611804084866,0.996398206310555
9.215360546,0.08534289342861329,-0.013880240346661106,0.9962549520424735
9.215643109,0.08207074060683703,-0.014110575223044477,0.9965266103838473
9.220103405,0.08361316099788249,-0.015884043992314946,0.9963716858955761
9.230497408,0.08777453355699147,-0.013015389953577799,0.9960553352516158
9.242771935,0.08682667195135318,-0.019026980352772713,0.9960417175281903
9.250710422,0.08141473481897088,-0.01660144067401033,0.9965420378096973
9.26210049,0.086557632029929,-0.017648844206809736,0.9960905052431406
9.270548275,0.08417925203915305,-0.01478179083832297,0.9963409818860915
9.282135542,0.08381264595926992,-0.01559552818555699,0.996359483257885
9.290263752,0.08416302205579335,-0.015461346830793098,0.9963320392683425
9.300341537,0.08843535149110088,-0.015845677433558504,0.9959558740794279
9.310146428,0.0874528849040441,-0.01922542417482593,0.9959831203324976
9.32065029,0.09176923449995142,-0.01508748204696443,0.9956659959468213
9.330296625,0.08947100389345394,-0.01861094230722644,0.9958155312550286
9.343710036,0.08711056602503446,-0.017734808996339946,0.9960407751877739
9.350211142,0.08671395709522584,-0.017833962464797678,0.9960736114503242
9.36002743,0.08503291085619444,-0.01760746432491132,0.996222556094455
9.370237015,0.0903316751280465,-0.018012046782303247,0.9957488411438264
9.380197907,0.08946603112182153,-0.019636182725471286,0.9957962892094353
9.390501383,0.08917191200779408,-0.01586106236316215,0.995889952158162
9.400357517,0.09001425103144857,-0.019159745578558686,0.9957561643096228
9.4102456,0.0921842915635126,-0.013864805292859921,0.9956454306444261
9.419907986,0.09420330723678194,-0.015619629500674111,0.9954304416080081
9.43350081,0.08894152426972347,-0.017484232029422318,0.9958833801660311
9.478909221,0.08259873579865595,-0.01645851565138645,0.9964469710461349
9.479421904,0.08743386908852342,-0.01819592425069167,0.9960041299497077
9.479736711,0.09518915445462202,-0.018512238650969286,0.9952870550219889
9.48032914,0.09850940394523303,-0.015538981795149266,0.9950147925428673
9.480721685,0.09142747964884287,-0.017010280983523328,0.9956664432961082
9.490593438,0.08636192973653739,-0.01625730816691627,0.9961311746067119
9.500187271,0.08478449642581738,-0.01365525367711732,0.9963057378198893
9.512220503,0.08537012200257861,-0.012887234523044647,0.9962659591974489
9.520122402,0.08507388079139197,-0.010077208889020958,0.996323684686909
9.53013879,0.08222736370506235,-0.01052310539619851,0.9965580389073864
9.540655653,0.08286464865694174,-0.013178773322507244,0.9964736674577385
9.597242665,0.08375560846134289,-0.01520653459970561,0.9963702922893367
9.597732819,0.08658093179616182,-0.01336046741998197,0.9961552289475912
9.597994692,0.08770921749642166,-0.010793634527173706,0.9960876420375164
9.598248094,0.0881519531912358,-0.011044012277861741,0.9960458136759457
9.598496171,0.08653789658383465,-0.011509650849969947,0.9961820719086233
9.600293748,0.08826454955985774,-0.013340418813989981,0.996007732157167
9.610233767,0.09334739494125273,-0.013038093426114528,0.9955482268466425
9.620351987,0.0938382052741245,-0.009521567663474964,0.9955419282883877
9.630103441,0.0959879041320145,-0.007679025214764159,0.9953528795518171
9.640362459,0.09778095711410638,-0.010772183315853168,0.9951496593439898
9.650933272,0.09702079164171341,-0.012786935969330396,0.9952002111423266
9.660774539,0.09655676088875974,-0.011972843337098802,0.9952554661739348
9.670760284,0.09397581780768942,-0.015426542959010407,0.9954549550028418
9.720043136,0.08860300965641463,-0.012660627298623642,0.9959865537226046
9.720699918,0.0882485538128544,-0.011924370137786357,0.9960271091424956
9.721013429,0.08909291691618453,-0.01189481263462219,0.9959522908190699
9.721316405,0.08821430881504273,-0.012320297897854734,0.9960253239652054
9.721581173,0.09061904830589432,-0.011940612399245406,0.9958140438152422
9.730872447,0.09308193030079426,-0.01081126054478039,0.995599754367643
9.740675783,0.09290005700471718,-0.010787801585165173,0.9956169960107548
9.750286769,0.09105685864452862,-0.009332659846082432,0.9958019632205931
9.760424917,0.09274918484154362,-0.00941011379931026,0.9956450363806939
9.770136646,0.09385157695552565,-0.010445425405945268,0.9955314031164713
9.780522908,0.0927102472520067,-0.011054829277916206,0.9956317596401332
9.790160242,0.09047107355411209,-0.009941196533793772,0.9958494652614135
9.80027088,0.09231039516302854,-0.010438584066530747,0.9956755630764128
9.810254915,0.09569520726471148,-0.011274165897332104,0.995346834269283
9.820435337,0.09828656000832668,-0.011640875617599513,0.9950900673489739
9.830159841,0.101149643962379,-0.01104477056158954,0.9948099127820984
9.840392302,0.09917416466593584,-0.008575875357242295,0.9950331348375646
9.945014576,0.09884388883706816,-0.008279865281664803,0.9950685049133465
9.945717239,0.10244456391148381,-0.0059822677505398485,0.9947207265346123
9.946139058,0.10454805688972589,-0.0063556171514153265,0.994499527366005
9.946445769,0.1044996121494096,-0.006183604264872072,0.9945057034019054
9.946751636,0.10605599400459442,-0.005400083504919639,0.9943454959086592
9.946999645,0.10834333397764848,-0.004872657426210804,0.9941015939994334
9.94729896,0.11172689793739835,-0.004976517024351567,0.9937264888064485
9.947597156,0.11394760991532156,-0.0021489094914100802,0.9934844359035443
9.947892577,0.11460426950589449,0.000611694599324112,0.9934110363997058
9.948154107,0.11236762042167522,0.00020449994442058738,0.9936666825754716
9.950213682,0.11144809015016119,0.0009644257304967623,0.9937697887765014
9.960105006,0.11298995027123775,0.0008035944600402836,0.9935958058353743
9.970360091,0.11304933852798184,0.0018007224511982132,0.9935877437131759
9.980219653,0.11564778183370748,0.0014663634449722195,0.9932892027678497
9.990446129,0.11831467305838038,0.0010532308140333787,0.992975593277066
10.00336708,0.11940576471720722,0.001142396564580625,0.99284488127924
10.010209692,0.11950998028262313,0.0021180568327561953,0.992830740080151
10.020550076,0.12115792977914891,0.0031809139756677953,0.992628146809222
10.030125372,0.12378817074493743,0.002990426537473983,0.9923041600904162
10.040467832,0.12380724188131684,0.0014155552086328636,0.9923052771507327
10.050189832,0.12083721163586057,0.0035237714490738013,0.9926660824863742
10.06026085,0.11897770266808697,0.00456414426375508,0.9928864360313137
10.070264645,0.1214028805125222,0.003516438446699717,0.992597086064589
10.080308716,0.12145613544055218,0.0031431552332771293,0.9925918233287164
10.090374776,0.11987035252395174,0.004213663671750034,0.9927806120307975
10.100244474,0.11887503271669511,0.004884842754105443,0.9928972076241691
10.1103873,0.11963227064950731,0.006165655541516581,0.992799125962038
10.120140848,0.11799342081843583,0.006444354900136414,0.9929934657053311
10.130076315,0.11854636849851999,0.006825487119675148,0.9929250582201017
10.1402451,0.11927575581118442,0.006948822762901177,0.9928368485999503
10.150059412,0.12207660517545692,0.006179417955999882,0.9925014444637149
10.16015648,0.12468515289352726,0.00852883960093156,0.9921597006243398
10.170295124,0.12379635611400615,0.009826502964058112,0.9922589894036695
10.180085274,0.11778332586640987,0.011378487656247048,0.9929741276420568
10.191196387,0.11597730232503548,0.010536839412271213,0.9931959727871472
10.200068165,0.11487930682733616,0.01095893388313516,0.9933190054715635
10.210183955,0.11395383526620331,0.01186412070932671,0.9934152032599045
10.220244472,0.11242521116652905,0.016254198577007897,0.9935272381383313
10.230424737,0.11192365170842951,0.015223208888765483,0.9936001963060289
10.240417221,0.11036000707481085,0.015158255947522872,0.9937760794641202
10.250467181,0.10913233928475403,0.014252947021224089,0.9939250404449258
10.26024285,0.11002124822751917,0.0135524587614358,0.9938368356022925
10.270407035,0.10823364473162217,0.013688179360964609,0.994031242916384
10.280293104,0.10561821461934957,0.01480157506070165,0.9942965886074152
10.290619416,0.10328093717712207,0.01589045982594156,0.9945252843956937
10.300238262,0.10228207673950802,0.015726906150862897,0.9946311081002722
10.331617314,0.10181343825551177,0.015843032843371775,0.9946773457261983
10.331877267,0.10106466314471999,0.01613648574402576,0.9947489872783369
10.332337271,0.1001379169761331,0.016524233030197708,0.9948363419711028
10.340127064,0.09857590258333916,0.01671349831547637,0.9949891709983274
10.350128702,0.09685875568808623,0.01771779752097652,0.9951404228035164
10.360217485,0.09611932736659913,0.018424730559430263,0.995199278642426
10.370312822,0.09692831962273946,0.019144515958801876,0.9951072245561356
10.380412949,0.09930520732205007,0.020415219589671522,0.9948475735547784
10.390206283,0.0967549826850193,0.01901042151123683,0.995126663897409
10.400232802,0.09398797065291706,0.017871586127428323,0.9954129132083009
10.410317954,0.09083309716214946,0.01809466959728259,0.9957017281254948
10.420218064,0.09044261880868032,0.017710627393758088,0.9957441771762201
10.499171552,0.09050073584345968,0.0184634010515763,0.9957252229573182
10.499470523,0.08915199236901546,0.019627853906899945,0.9958246178959649
10.499815595,0.08848017055551374,0.020245686037755756,0.9958721663021454
10.500202405,0.08623848518140421,0.018410815309790073,0.9961043949071028
10.500588528,0.08493910406220781,0.019325031702366286,0.9961987210144431
10.500895327,0.08365651740186877,0.020225384083685,0.9962893761025752
10.502162971,0.0818595655783811,0.021576452353949623,0.9964102911086058
10.502518522,0.08090324645075661,0.022234322357378475,0.9964739332381136
10.509991678,0.082177498904822,0.0223174727856205,0.996367798095769
10.520248747,0.08499063900494608,0.026910173166074323,0.9960182899232841
10.530765421,0.0858343330742995,0.027606042643282338,0.995926891732153
10.540949183,0.0850313276375226,0.027152131376510104,0.9960082505089569
10.551291634,0.08450351286119434,0.027165463315226977,0.9960528067913804
10.560889313,0.08252175313703504,0.027967608310476542,0.9961967542331093
10.570934253,0.08100936919257885,0.027531881715169314,0.9963330154081228
10.580895077,0.07966583902490641,0.026611564716841337,0.9964663460026029
10.591195456,0.07805307386613579,0.028236027957813794,0.9965492684183823
10.601595131,0.07715787946605925,0.0307093996640524,0.9965458315644969
10.610800576,0.07781430994391744,0.03166352722807279,0.9964649287413125
10.620875509,0.07882122344818494,0.031173769195879244,0.9964012298508335
10.630190537,0.07952474882031411,0.030032992659048633,0.9963803659632235
10.640260618,0.07957162088301384,0.03097846216458232,0.9963476762817123
10.649981357,0.07840014895560382,0.03264200931038393,0.9963874326144023
10.66029492,0.07963393952593026,0.032721334248383596,0.9962869817279487
10.670573217,0.07972377146753482,0.033663743616504566,0.9962483990595492
10.680384844,0.07692077715263622,0.03325367098729741,0.9964825073266982
10.690268731,0.07542683639867784,0.032896433256646276,0.9966085575740748
10.70031978,0.07450246787128138,0.031955798544399026,0.9967086882437006
10.710185619,0.07356669706305367,0.03211583767596411,0.9967730504250223
10.720187908,0.0735241029483057,0.031167185910162293,0.9968063065651664
10.730283364,0.07356762759379634,0.03093865758701055,0.9968102144525478
10.741186517,0.07236468785880344,0.03061660811452944,0.9969082080405695
10.750430919,0.07435851356255141,0.031206388724250637,0.9967431829531411
10.760374292,0.07564742839152011,0.03093198125652132,0.9966547441884256
10.770847151,0.07595428948906244,0.028533311321058737,0.9967029627994829
10.780111841,0.0735499961244268,0.028142132846756797,0.9968943867977852
10.790370717,0.07191863005175196,0.029588218517565525,0.9969715381977743
10.800421477,0.07036632862689524,0.03163966944443986,0.9970193133099371
10.81053163,0.07053084234360778,0.03149709215363167,0.9970122032674258
10.82021432,0.0698609427074411,0.031347441534194866,0.9970640834937782
10.830580951,0.07047580955723041,0.029459303887891006,0.9970783869293797
10.843901321,0.07135873662338721,0.02793647763587528,0.9970594184524885
10.850426138,0.07223411305426186,0.027479818667853734,0.9970090734177127
10.860300041,0.07198899325892053,0.027389841310186146,0.9970292781270618
10.871513773,0.07222172320657994,0.027379777461537993,0.9970127233306648
10.880784364,0.07283381538549089,0.029718296535314968,0.99690122789945
10.890267653,0.07470691706368858,0.03255196136888427,0.9966740923460778
10.900342128,0.0747892982600232,0.032471741972209915,0.9966705307367443
10.910248292,0.07482182088689894,0.03024474677933436,0.9967381553905833
10.920507178,0.07640625006746676,0.02995261981956545,0.9966267734295383
10.930396523,0.0781519380636112,0.031019686869549718,0.9964587565992968
10.940340659,0.07830857461348156,0.02933038293885053,0.9964976145373683
10.95027968,0.07784481722008395,0.026464657251420734,0.9966141712561268
10.960369697,0.07542751351401634,0.024407528578227176,0.996852528087177
10.970301254,0.07513935875629241,0.02450211649904276,0.9968719692381568
10.980515445,0.07547353014845001,0.02384321258176921,0.9968627024122788
10.990333051,0.0757406813885319,0.024179818899537357,0.9968343320435882
11.001016576,0.07606480772208815,0.02658334948562632,0.9967484489861657
11.010869373,0.07841547639735749,0.029056733023141924,0.9964972249471633
11.020975082,0.07944666604735003,0.029381051868807868,0.996406032220321
11.030833242,0.0817777344723891,0.028744081541654812,0.9962360061355393
11.040980556,0.0820024718150302,0.02954543254561248,0.996194088534919
11.050833865,0.08073371315961225,0.028609160751469208,0.9963250390713655
11.060661723,0.07974366271973696,0.030724960023099136,0.9963417712249245
11.070620749,0.0781435453581083,0.02828132426216924,0.9965408938005722
11.080780039,0.07771040150776867,0.027394390696078123,0.9965995388599636
11.090822341,0.07708743694623833,0.028747069030266054,0.9966098198830017
11.100145937,0.07760418914386419,0.029985622614515962,0.9965332168391293
11.110474213,0.07892335111590072,0.03270190933181329,0.9963441623127474
11.120104791,0.07988119330015891,0.03314625862020214,0.9962531407711724
11.130457097,0.08427862863304035,0.03443366321467284,0.9958470944845663
11.140188493,0.08519068917997998,0.03490066698606855,0.9957532274218185
11.150638768,0.08265230173841293,0.035347159019514345,0.9959513920702113
11.160226305,0.08060436646840728,0.0339419595246086,0.9961680980084919
11.17045065,0.08133095754519452,0.03536663151884856,0.9960594744892455
11.180183966,0.08196941137231786,0.037131798111002166,0.9959428925236223
11.191650327,0.0859727904553186,0.03578649818187952,0.9956545615067529
11.200213903,0.08833510307682842,0.03861309162971444,0.9953421214432762
11.210144635,0.09002827041979725,0.039551593663347755,0.9951535469282664
11.220635028,0.08952921713255078,0.03820847432298994,0.9952510395721986
11.230134517,0.09246431099165102,0.04030977632536557,0.9948997301866347
11.240080982,0.09672207797020217,0.044729173510266805,0.9943058587126069
11.250607577,0.1015135452468432,0.04701079424437444,0.99372279100156
11.260315223,0.10835017933363422,0.04904133494636973,0.9929024051260261
11.270437255,0.11249511897316607,0.050555836014089056,0.9923653337617805
11.281457576,0.11305228757620883,0.04924114470572762,0.992368122191486
11.290446112,0.11860228525662166,0.05295519306260722,0.9915287416205387
11.300314595,0.12566643639059516,0.056502204334610645,0.9904622393964438
11.348498313,0.1298990699632695,0.058963739667720436,0.9897724531563176
11.34879583,0.1367771463601056,0.062304396709197775,0.9886405688541663
11.349055931,0.1422590465883888,0.06623825111658549,0.9876106812670562
11.349322243,0.14483159699365203,0.07075501838021701,0.9869232674763949
11.350271713,0.14718323352021365,0.07682619886104074,0.9861211035867239
11.360331928,0.14442774814928655,0.07645911640564797,0.9865569568367524
11.370260401,0.14463202446436182,0.07876666386421968,0.986345472014264
11.380480731,0.14498897352319048,0.07866085956125002,0.9863015090375645
11.390157595,0.14192129692324137,0.08651249998142593,0.9860902254999737
11.422973388,0.14200832616424108,0.08620392898814781,0.9861047195541847
11.42330649,0.1417494972556825,0.08800678406139026,0.9859827006529744
11.423569655,0.1440207065124337,0.08814424577799627,0.9856412268325061
11.430303184,0.14549607814604987,0.0897925956206798,0.9852756878233725
11.44056059,0.14912460376481437,0.09324398857054922,0.9844122160697938
11.450004612,0.15000117447710554,0.09593645531896514,0.9840202458264369
11.46031375,0.15329949768124432,0.10017183775118263,0.9830894501174494
11.47024396,0.15539192525421985,0.10209445681849422,0.9825630114413649
11.48008467,0.154833597588445,0.10080042841715262,0.9827847326290422
11.490249595,0.15449658097149882,0.10124727694864964,0.9827918372568022
11.500137101,0.15459362140383803,0.10303102927489116,0.9825911760380323
11.510427249,0.15468527592505832,0.10333753901936024,0.982544563081701
11.520278298,0.1534835613828294,0.10590552579721943,0.9824595747362116
11.530379622,0.15375585651193477,0.10673529539774596,0.9823271925914692
11.540216827,0.15711254082638346,0.10627920733206354,0.981845394959892
11.550349213,0.16124871077561723,0.10510811725341736,0.9813007372669418
11.560250437,0.16027367099164802,0.10676693278521315,0.9812813931031704
11.570387758,0.15991641491090616,0.10862247248710416,0.9811360245719404
11.580072557,0.15995171162386673,0.10997648019546329,0.9809794206569332
11.590437368,0.16151521107233718,0.11064721210172314,0.9806477609449659
11.60036808,0.16236750211304707,0.11137555171796357,0.980424541072432
11.610056768,0.16224251897713984,0.1116285044612835,0.9804164635641784
11.620209388,0.16218410776125267,0.11301279507481898,0.9802675264125928
11.630087372,0.16349502290475076,0.11479862648565818,0.9798421571061235
11.640278523,0.1632507630024486,0.11798961968789862,0.9795037713174072
11.650125438,0.16381974644784017,0.1168796902279794,0.9795418463169284
11.660379201,0.16407561863526826,0.1192425284645979,0.9792141802357764
11.670011627,0.16321494334391198,0.12156170980581459,0.9790728435506373
11.680124834,0.16327768396502568,0.12411575263190704,0.9787418852116386
11.691064304,0.16402594614332586,0.12694351852800903,0.9782539711626607
11.700525374,0.16388499893974193,0.12898558656635248,0.978010442470148
11.710281423,0.16437809804256326,0.13082127068683358,0.9776838118838789
11.720407813,0.1632111977630216,0.132899221851528,0.9775990495883362
11.731285604,0.16307277337836493,0.13507246926372785,0.977324254600124
11.741739249,0.16196804264783302,0.13714626582661651,0.9772191437598043
11.750238852,0.16103390343399365,0.1392201382628048,0.977080260289244
11.760506984,0.1611098028772367,0.14127756856794682,0.97677237882548
11.770346383,0.16046779028165045,0.14298263685331355,0.9766299472372316
11.780657028,0.15975151031920723,0.14553661142560065,0.9763700884836067
11.790035102,0.1599179446411106,0.1468484566367683,0.9761463936137663
11.800606784,0.1592350934364161,0.14826005792867353,0.976044640496162
11.810237937,0.15966562582944793,0.15087121010644022,0.9755740699144833
11.821445123,0.15954621088233265,0.15289883343859273,0.9752778851825811
11.830042345,0.16016170967229473,0.15493304308606226,0.974855875970874
11.840485212,0.16023427740377127,0.15636756088336218,0.9746148789384858
11.851038194,0.16038963233753523,0.15855127926900403,0.9742364485487046
11.860345176,0.16052245746206648,0.16081857195374452,0.9738428659517393
11.870356327,0.16083229655720743,0.16230757035635573,0.9735446702587156
11.880191872,0.16098777159489205,0.1635045933967795,0.9733186453238554
11.890171862,0.16120722115348252,0.16494162908006332,0.9730398197629874
11.900297592,0.16223473485949783,0.16575289620293424,0.972731138704528
11.910124903,0.1625551293538995,0.16772677451585688,0.9723392201445153
11.920482308,0.16395947642996325,0.16873334431322412,0.971929189090279
11.930267778,0.16524565010082165,0.16984895639600459,0.9715169618354303
11.940724016,0.16641423365884864,0.17084271130482775,0.9711431773069065
11.950263789,0.16815025849178494,0.17147763331801538,0.9707321524709059
11.960506336,0.17291449392275812,0.17109900235121184,0.9699617050099743
11.970481699,0.1743123780906172,0.17187208214891023,0.9695747429786896
11.980555928,0.17521087449477651,0.17273556372388366,0.9692592916674917
11.991101745,0.17241642226004372,0.17412856663315743,0.9695111240296981
12.000922689,0.17392426860635976,0.1744085559100431,0.9691914178402099
12.010892727,0.1743114149844251,0.17179230478846658,0.9695890545079365
12.020875951,0.17274362039626873,0.17060767105096156,0.9700786896901492
12.031063769,0.1729457868310703,0.17117754593596968,0.9699422676555142
12.041380788,0.17255482957882595,0.17044044346207052,0.9701416834779728
12.051058369,0.17434196683532882,0.16978157033251184,0.969937676851155
12.060498966,0.17668848557180725,0.16814609755032203,0.9697979526401047
12.072197521,0.17575019036657782,0.1688143921242271,0.9698523452556269
12.080204761,0.17667199530874805,0.16895670630653653,0.9696600628404124
12.090078401,0.17675814042352403,0.16967654383471492,0.9695186590604246
12.100564793,0.1780787751582513,0.16980861487058937,0.9692538285474394
12.110274773,0.1803289138751807,0.16923321294945345,0.9689383894012057
12.120295925,0.1824062683550575,0.16935427982438223,0.9685283068501135
12.130460203,0.18143673082267514,0.16899887737500718,0.9687724666578666
12.140318638,0.18343017522113209,0.17079052497439312,0.9680826242616465
12.150406835,0.1861505826142375,0.1719264301001924,0.9673620124986217
12.160414062,0.18575573621315702,0.17025195009197786,0.9677339923521272
12.170267774,0.18575048248050188,0.1706160576309595,0.9676708733535024
12.180179718,0.1856369674862124,0.16866910221883816,0.9680339096639198
12.190341093,0.18742261697542306,0.1665359444400918,0.9680591623736282
12.200138125,0.18857913495538745,0.1664190273302573,0.9678546467326222
12.287759086,0.19016650432486357,0.16668503608866816,0.9674982167306465
12.288101901,0.19075099511449348,0.16876857704762768,0.9670218328787358
12.288346862,0.1915478648509289,0.16747707553720442,0.9670888504375158
12.288651838,0.1919386083227389,0.16670030011633352,0.9671455839615123
12.288911898,0.1944254779785228,0.16656704645181655,0.9666716880870885
12.289208863,0.19502861857286466,0.16684822463641938,0.966501685395962
12.289509205,0.19673083390781432,0.16696759053486543,0.9661360166668653
12.289810756,0.19848677321536703,0.16868046602072329,0.9654791045080071
12.290396346,0.19911290165225337,0.1701022682552783,0.9651006531600886
12.300561606,0.19853408578099271,0.16901625856275354,0.9654106489595784
12.310353208,0.19926640016859598,0.16737136900666225,0.9655463358123652
12.320618175,0.1994847565211727,0.16729108827066477,0.9655151597468085
12.330262181,0.19982487088686404,0.16719034805996216,0.9654622770935366
12.340245631,0.2005467337907412,0.16839565422470076,0.9651030572970436
12.350183331,0.20273752867503883,0.16813479757049443,0.9646907195120449
12.36038226,0.20354254588059126,0.16740431806117836,0.9646482396764736
12.370242228,0.20448048001012314,0.16721669259605929,0.9644824057555766
12.380738502,0.20514432055972764,0.16609295717472472,0.9645356070768165
12.390399977,0.20493108521336906,0.16595731646642403,0.9646042812596958
12.400534969,0.20758630533456104,0.16740350062098555,0.9637862801562317
12.410354631,0.20898989090465675,0.16905433763890973,0.9631946098401555
12.420291107,0.21018350856770474,0.16917969159285895,0.9629128333752307
12.430481115,0.20929183568174986,0.16855330121169884,0.9632168562518004
12.440212859,0.20812964935810435,0.16746346847898155,0.9636586718247606
12.452641119,0.2081578646922777,0.16677624171646785,0.9637717512801885
12.461322773,0.20774836973155258,0.16648639557658756,0.9639102110475841
12.470724831,0.20766348375887855,0.16643942985991442,0.9639366129061768
12.482535161,0.2116754058340697,0.16609934949405336,0.9631222812616445
12.518886835,0.2113524660499842,0.16595952895324922,0.963217301466396
12.519355435,0.21161989164251085,0.16518042507558872,0.9632925041922936
12.519944541,0.21163584033368124,0.1643114989109751,0.9634375965322742
12.520776695,0.20888305797022302,0.16627346392557077,0.9637017190433981
12.530643332,0.21044710718902102,0.16707003636613915,0.9632235555801102
12.540054725,0.21143994041006328,0.16682999154609285,0.9630477171563824
12.550357136,0.2121501799926959,0.1668747646753717,0.9628837489767942
12.560058682,0.21236296160970256,0.1674769185700266,0.9627322858835913
12.570377697,0.2127715615060278,0.1674646679134504,0.962644195751953
12.580175903,0.21353202679236935,0.1679248137119801,0.9623956205603492
12.59042255,0.21363294021853035,0.16721612601486363,0.9624966150871218
12.600227813,0.21374790154131654,0.16732185078665693,0.9624527171949859
12.610366583,0.2143611819214036,0.16688977161199017,0.9623913381865804
12.621941698,0.21448699637409993,0.16704925355311273,0.9623356354587337
12.630187906,0.21406006861828877,0.16680462685232564,0.9624731183174884
12.640248644,0.21441199501374814,0.16658617085090385,0.96243261794032
12.65055521,0.2141450656659741,0.1669565316647142,0.9624278712638183
12.660182571,0.21392011524028998,0.1664969380978667,0.9625575068013424
12.670125405,0.2135971294806821,0.1660780179895013,0.9627015935471862
12.680586852,0.2133893765821693,0.16695338486510086,0.962596250379129
12.690285938,0.21392965559966845,0.16637754972294094,0.9625760299338425
12.70044842,0.21352966739666734,0.16650797939152104,0.9626422876335848
12.710291945,0.21414868444908206,0.16729505748522572,0.9623682791373284
12.720445967,0.2136928166727989,0.16729757443962348,0.9624691692148192
12.730340648,0.21365944784780103,0.16703028611264387,0.962522999136385
12.740304161,0.21340607760878377,0.16717228702272954,0.9625545555921617
12.750168618,0.21408804739268278,0.16758729006832232,0.9623309244595356
12.760339118,0.21432176518683702,0.16701541073763732,0.9623783214221613
12.770269173,0.21390089470132118,0.16712979668527567,0.9624520966291844
12.780671774,0.21363821670659217,0.1664483544235457,0.962628514886257
12.790318627,0.21364861095438167,0.16702127754575186,0.962526967873757
12.800353051,0.2134877314310488,0.1667442296762541,0.962610695140095
12.822029572,0.21346776303243692,0.16637981488625683,0.9626781764142898
12.823066495,0.21329381508332254,0.16669001151455487,0.9626630711253439
12.830338075,0.2138282992322119,0.16653558350402248,0.9625712222347157
12.840526788,0.21394178106585618,0.1659447972123825,0.9626480346380554
12.850200421,0.21368813103748086,0.16565478591018046,0.9627543168216701
12.860475103,0.21348335185897852,0.16530974851696395,0.962859047589165
12.870460343,0.2138831968610703,0.16507935678857158,0.96280983795491
12.880428416,0.21366092286001231,0.16488000192097,0.9628933456043556
12.891677868,0.2134398108430233,0.16454059310046787,0.9630004363287904
12.900412396,0.21329445596891575,0.16397068393919045,0.9631298406037675
12.954190101,0.21294281410592716,0.1638142064197254,0.9632342724881234
12.954646301,0.2128197785745446,0.16236354674713566,0.9635070422862371
12.955912426,0.21258392672689663,0.16080503104560961,0.9638204273036519
12.956159057,0.2123020191025303,0.15983394997503497,0.9640440659639824
12.956516568,0.21158858578088074,0.159002954472154,0.9643382865138006
12.960238016,0.2111743842186467,0.15761711891266314,0.9646565312459906
12.970365259,0.21070873723053776,0.15627052655375098,0.9649773834579365
12.980270104,0.20966464528284787,0.15404915641634853,0.9655618022300949
12.990580057,0.20769630194768895,0.15200342324404462,0.9663111328549135
13.00026796,0.20673916261960432,0.15003144810366223,0.966824432469134
13.011196024,0.20343990116610416,0.14598757600103907,0.9681424658937684
13.023477012,0.20151160115259728,0.1424722613137387,0.9690690013394642
13.038763052,0.20187321528942537,0.1413381705170192,0.9691598044201026
13.040414268,0.20199511060011688,0.1391815576072123,0.9694464757353429
13.050310297,0.19958292966267566,0.1350549851717227,0.9705291366916963
13.060376276,0.19768960077640566,0.13280918736259023,0.9712263080749789
13.070631848,0.1962517536199442,0.1298946358166205,0.9719118441438834
13.080380819,0.1933636650371706,0.12630625275469345,0.9729631152096468
13.090553706,0.19057355109063578,0.12383863597378311,0.973830433835818
13.100441151,0.1901743250366686,0.1214316338866255,0.9742115193265126
13.110501216,0.18930751009131896,0.11911825536529154,0.9746658442059793
13.120422727,0.1841276437508292,0.1178383515203864,0.9758130628956172
13.130552199,0.1845729904966619,0.11780359550143148,0.9757331213329056
13.140446672,0.18505461354378538,0.1150241905402862,0.9759734758674091
13.150183498,0.18684020064289075,0.10999333135551816,0.976213197247937
13.160611601,0.18084955457414395,0.1068185623873082,0.9776928113368956
13.170430923,0.17697845465179285,0.1070625803177368,0.9783742793454718
13.180483682,0.17510007470809888,0.10578544942637652,0.97885106248442
13.197891093,0.1742431871531437,0.10307123440219068,0.9792934352733726
13.200585529,0.1745446276571056,0.10007709787413852,0.9795502781568349
13.210107119,0.173089693114507,0.09862086402226312,0.9799560619318747
13.331474902,0.17396356333131333,0.0961735930608649,0.9800445493092829
13.332284971,0.17323619531711745,0.09457690754214206,0.9803287352678257
13.332698264,0.1741358127660217,0.0927297513236232,0.9803458124211967
13.333053676,0.17217250386127822,0.09230964413299696,0.9807321543184855
13.333360089,0.17077800634242743,0.09110942540878263,0.9810881434159663
13.333625871,0.1691236347404934,0.09096142771323233,0.9813884118128433
13.333888111,0.1694838507837983,0.08993937752080818,0.981420466820753
13.334149458,0.16890412283026807,0.08747538366038536,0.9817430695168702
13.334500768,0.1685694501117527,0.08579490459399162,0.9819488656924704
13.334750039,0.16838833469672196,0.08452413562961403,0.9820901380393409
13.335027698,0.16752503450749825,0.08357348003907658,0.9823191112094988
13.335317332,0.16950321335279955,0.08122270642532316,0.9821769354978873
13.340398241,0.17017798168650716,0.0827994578338061,0.9819285637619138
13.350123868,0.17042628254854753,0.08291316677018146,0.9818759030513086
13.360512036,0.169652023803933,0.08105300753940506,0.9821652614443492
13.370567085,0.16955337534554396,0.07918160895154104,0.9823349356063737
13.380569308,0.16923814010899743,0.07792150274951662,0.982490046433909
13.390518688,0.16838570213851484,0.07718968494061618,0.982694259601677
13.400518766,0.16830479873291768,0.07704438959417943,0.9827195208987823
13.410336885,0.16510814177750394,0.07774871054291833,0.9832062039713202
13.420421723,0.1662994547399893,0.07736618154820665,0.9830355869986764
13.432745004,0.16568249272247493,0.07805035149132285,0.983085680008283
13.440734346,0.16609334554420166,0.07842339137087273,0.982986659244074
13.450633038,0.16518325972165648,0.07849880843837768,0.9831339826196035
13.460834061,0.16569257106066068,0.08056266841558729,0.9828812890441389
13.470683853,0.16661339504003583,0.08118309924496989,0.9826745549724051
13.480660197,0.16668509656231684,0.08151265859631074,0.9826351128840107
13.490850667,0.16653914812487933,0.08089618406183569,0.9827108015820692
13.500956608,0.1668603314755837,0.08187231444143012,0.9825754698280749
13.510748438,0.16661628362496111,0.08090987571979916,0.9826965991810561
13.520690595,0.166789159780002,0.08109619170749359,0.9826519138893601
13.530983964,0.16589182746605804,0.08049812682044165,0.9828529661950315
13.540614748,0.16611816907283675,0.08097011479446366,0.9827759634901841
13.550440061,0.16633536370205707,0.08134096991575955,0.9827086004484076
13.560251858,0.1661369976460517,0.08105426276603034,0.9827658441870124
13.570416369,0.16655722412349114,0.08124500524718584,0.9826789609097479
13.622196414,0.16678858175102382,0.08114937424106289,0.9826476215092397
13.622601635,0.16695426436561478,0.08215876283231587,0.9825356030699344
13.622899475,0.16725157379310587,0.08214159878191196,0.9824864725853891
13.623204435,0.16719777109546785,0.08160423310923566,0.9825404085732866
13.62347627,0.16747019657254203,0.08215676630914984,0.9824479624944915
13.630517568,0.1682274228686781,0.0829725634831498,0.9822500129315336
13.640013492,0.16799842917748808,0.08293325402779181,0.9822925242361658
13.650297459,0.16793647878918597,0.08305493734509602,0.9822928364161532
13.660223984,0.16878347804642646,0.08375407633863191,0.9820882812839252
13.67045459,0.16879138774713776,0.08500533706880742,0.9819794091997112
13.680190311,0.16944485147486135,0.08663345669859604,0.9817245471562349
13.690434271,0.17017372629769317,0.08777920985709564,0.9814966699866189
13.700201049,0.17062698800134268,0.08959553891326853,0.9812538256600228
13.710886083,0.17203903015759167,0.09011245129364029,0.9809598963384215
13.720410239,0.17113355791294158,0.08979271305059676,0.9811475801524819
13.730531909,0.17110509703760093,0.09112251268677647,0.981029935042454
13.740552733,0.17081849615439754,0.09060731603602856,0.9811275939714964
13.750404541,0.17049375931023034,0.09025226036320896,0.9812167994564691
13.760602366,0.17099959211312654,0.09121994820932156,0.9810392757406979
13.770471174,0.17163564784260707,0.09126132400938981,0.980924347301922
13.780520704,0.17171225076630675,0.09231605189178257,0.9808122396768317
13.790315566,0.17213894867226331,0.09403348037306951,0.9805742638469234
13.800515548,0.1710503096907379,0.09564008689005325,0.9806093846860563
13.810602877,0.17176454924787177,0.09580543281909037,0.9804683873863667
13.820652622,0.17249991560347805,0.09806415067742491,0.9801159122617632
13.830401951,0.17182034059950246,0.0975688966845911,0.9802846938293093
13.841450165,0.1721290466961031,0.09884732038279542,0.9801024428786166
13.850812648,0.1729773850728294,0.09986522078638756,0.9798498670360946
13.860594418,0.17366680064395834,0.10172876438105513,0.97953616617846
13.870414625,0.17575144058207967,0.1046281174939911,0.9788587171614642
13.880841565,0.1749680024869178,0.10599530607150538,0.9788519771633227
13.890346159,0.17520700499708142,0.10885889871104176,0.9784948878616444
13.900590351,0.17582171075420497,0.11189156463896312,0.9780424345549172
13.910710072,0.17568187601921198,0.11508690804527878,0.9776967229335219
13.920856653,0.1769657542845268,0.11666027637290431,0.9772786203161851
13.93101867,0.17854649926785074,0.11873027277364374,0.9767416597679713
13.941124016,0.17892806758598728,0.12173365354023413,0.9763020353485343
13.953374604,0.17863975015560474,0.12233423794061594,0.9762797621029702
13.960800954,0.18200554270154792,0.12258775632809506,0.9756260679299004
13.971920657,0.1828729266103762,0.12473788206926416,0.9751912394447718
13.981195283,0.17895030390958774,0.12870802136998086,0.9754030110501458
13.990893752,0.17925519859702946,0.1315890536172585,0.9749625094043638
14.000649782,0.18130175919783928,0.13291216508969436,0.9744044481030135
14.011001343,0.18080160420918379,0.13580856459982196,0.9740979487180547
14.021093096,0.18179743685213773,0.1365174655399473,0.9738134695908361
14.030932912,0.18241209674043904,0.13974184150202448,0.9732410003161497
14.040269718,0.18352996305516156,0.1435219553274238,0.9724804373353554
14.050304615,0.18413135474252243,0.14527925638771955,0.9721057462355187
14.06033907,0.18326295878031434,0.1460846334247587,0.9721491489561871
14.070377684,0.1822347144242535,0.1480217251064061,0.972049421457178
14.080760193,0.18233618502964544,0.14967215633392353,0.9717776295260088
14.090564156,0.18248680963444552,0.15160512091822037,0.9714496649959861
14.100174859,0.18178286824599432,0.15502604641096435,0.9710416642690699
14.110448515,0.18190775331438153,0.15725282507535543,0.9706601456173699
14.120587418,0.18102771039989218,0.1585597573294,0.9706120602089254
14.130566241,0.18109427516048712,0.1589366808778388,0.9705379925462134
14.140746305,0.17998565297333538,0.1606736744898026,0.9704582088115423
14.159683698,0.18018032130964395,0.1628189149459,0.9700644580380179
14.161531873,0.17922604402657247,0.1631644610669729,0.970183170224731
14.170383144,0.1769858940029248,0.1620221069567657,0.970785676749135
14.180010314,0.17495236449275112,0.16328213850170903,0.9709431566290091
14.190404213,0.17447177576539283,0.1648105646733197,0.9707713825784792
14.200074673,0.17433386669722073,0.16610899667861562,0.9705748318109323
14.210323237,0.1735668558392355,0.16620078403430358,0.9706965776907144
14.220288319,0.17348238323856882,0.16683036427999565,0.9706036741430925
14.230600065,0.1729891185501074,0.16744814937153707,0.9705853296518057
14.240401261,0.172942626292156,0.16774232577889886,0.9705428172695202
14.251713306,0.17223829996013704,0.16772749734367087,0.9706706210974302
14.260514874,0.17183381269363607,0.16809200520251708,0.970679256295387
14.270344033,0.1697419519104898,0.16916166145405898,0.9708614741845097
14.280349399,0.1681325413856112,0.1693645897510783,0.9711061138030513
14.290440495,0.1675387113678439,0.17019951569011146,0.9710627709123927
14.300309917,0.1650988224053291,0.1713919404759317,0.9712709104983369
14.310339272,0.16322997689272165,0.17136013459233834,0.9715923419398166
14.320475916,0.1622445956675531,0.17184925627856731,0.9716709959102287
14.330390306,0.16144153476415174,0.17299636060850715,0.9716011990879833
14.360748595,0.16195740964301572,0.17429744271666,0.9712827595114397
14.361202573,0.16087176762144018,0.17532082721932815,0.9712789928364991
14.361550888,0.1593792598890344,0.17466091842776998,0.9716438725640129
14.370092564,0.15763002479951188,0.17391708817522158,0.9720625606010951
14.380439868,0.15510767179837562,0.17394032486161304,0.9724640731339764
14.390400766,0.15316459105138222,0.1749368751060993,0.972593284871007
14.400711746,0.15192465617578838,0.17558226077541883,0.9726714597164149
14.411036035,0.1506009691916579,0.175799982613441,0.972837969135481
14.420423054,0.150675958307334,0.1765700136953031,0.9726868899351977
14.430495961,0.15203635610730504,0.17799201181198887,0.9722159174549312
14.440471095,0.15340868180607548,0.17891193931719615,0.9718314124971894
14.450422577,0.1528891576290038,0.17965111941096323,0.9717769192432395
14.460615436,0.1505778856830235,0.18249402296135203,0.9716080649761055
14.47018018,0.1528237082350487,0.18486836417081234,0.9708082210869955
14.480297368,0.148501784434159,0.1840096714726488,0.9716417348099035
14.490313981,0.14606123994091721,0.18187842584028754,0.9724126451259161
14.500411939,0.1456886612197491,0.18363623941855606,0.9721381309074386
14.510340025,0.148803015811473,0.1843751628494001,0.9715263567241331
14.520311833,0.14662389842285956,0.18550781289121812,0.9716420553720385
14.53048418,0.14627571654756924,0.18978315503080406,0.9708685641295887
14.540149034,0.14591656427462144,0.18960824080058297,0.9709567813712403
14.550494871,0.14512052885018906,0.18747290971804442,0.9714905764998915
14.560411432,0.14462265775370906,0.19180695349834517,0.9707184862018118
14.570409644,0.1449383244863154,0.1929617336470983,0.9704425029042194
14.580307346,0.1455043272642906,0.19348807078164124,0.9702529861910062
14.590456416,0.1441986773244951,0.19679945569532134,0.9697817876697271
14.60020941,0.14461399576282635,0.19962375791447062,0.9691424804978956
14.610455197,0.14507632444269583,0.19884108725331331,0.96923427617172
14.620345891,0.14253738753499343,0.19776368605522004,0.9698312315204907
14.632316565,0.1427869518234294,0.19771511665847982,0.96980442308421
14.640412645,0.14340451874888882,0.19826094165009495,0.9696018476768787
14.650721331,0.14353929071577912,0.1987746111594522,0.9694767279203867
14.660837297,0.1434853774109993,0.19986147825390121,0.9692612320625377
14.670762298,0.14371618087424076,0.19999917112040008,0.9691986333595789
14.680169843,0.14260431516994793,0.1999376703448155,0.9693755398564574
14.690490216,0.14227504044298359,0.20002632281992266,0.969405633904656
14.700314967,0.14239037255638112,0.20001007471650692,0.969392052688257
14.710509416,0.1418881252339936,0.200435435589615,0.9693778396876958
14.720468567,0.14200719676337775,0.19931249367136872,0.9695919172177065
14.730428675,0.14204805787842134,0.19906805214518003,0.969636148185541
14.740198893,0.14215182370718368,0.1989545826183101,0.9696442301544913
14.750506452,0.14203868221227073,0.19845157733438665,0.9697638806477047
14.76071285,0.14399900242719937,0.19880855482700932,0.9694015916159657
14.771292994,0.1463808187419945,0.20054191739994093,0.9686875632885863
14.780492304,0.14830199767392102,0.20207056850091962,0.96807747770085
14.790162346,0.1481649248116494,0.20328982180532862,0.9678431708732133
14.800315532,0.14811799100187495,0.20471182309479788,0.9675505827742407
14.81043234,0.14886276762072145,0.20588175202420975,0.9671879758349672
14.820604188,0.14921003390728865,0.20635575219489727,0.9670334375384669
14.830493736,0.1492697641544464,0.20542617986979417,0.9672221162346212
14.840429371,0.1497842792575893,0.20515710081673683,0.9671996865548271
14.850151698,0.1497894342677873,0.20524915820136777,0.9671793569133732
14.96176987,0.1493314761271905,0.20372837376706182,0.9675716304025778
14.962499833,0.14828341777597914,0.20295721450980095,0.9678948274947529
14.96284703,0.14757969644852423,0.20267490723609322,0.9680615244771391
14.963103373,0.14853517660855875,0.20235544396438804,0.967982218642388
14.963400096,0.14872624595850603,0.2036258790276229,0.9676864188120643
14.963662942,0.14916351731352356,0.20454157203710446,0.9674259612038786
14.96392533,0.1499402087173518,0.205656295833301,0.9670695020493215
14.964187189,0.14957014126043752,0.20659386688415443,0.9669269605348613
14.964449372,0.14936078627184585,0.2060194689911305,0.967081865159754
14.964710466,0.14933071169378664,0.205377514463895,0.9672230430969166
14.964973099,0.15023516552342775,0.20524965615458235,0.9671101145622322
14.971270341,0.15105807339939428,0.20655152207179336,0.9667046742364954
14.980896275,0.15295179876348478,0.2079951660340054,0.9660971784253906
14.990665763,0.1559601765761065,0.20754790683997393,0.9657123224276966
15.000270126,0.15676842005144637,0.20791351033469135,0.9655027885484742
15.010948581,0.15574489229465777,0.2074659348626004,0.9657646785815438
15.020537224,0.15515678227737134,0.2060402700371359,0.9661644684195112
15.030556531,0.15665996221199743,0.205830361605906,0.9659666238959385
15.042069128,0.1572285998353419,0.20618781507122189,0.9657979873192807
15.050262111,0.1573803230928459,0.20727045598929505,0.9655415019444691
15.060500177,0.1569438614204342,0.20829473911040589,0.9653921099850421
15.070359594,0.1568500238529344,0.20665683945158503,0.9657592975090717
15.080820882,0.15666879263004024,0.20585549910362355,0.9659598350369665
15.090486482,0.15583354675540678,0.20480978632130217,0.9663171617707372
15.100374598,0.1556948649120045,0.20434407694158419,0.9664381031700502
15.110264798,0.15593242489452938,0.2037667343724686,0.966521700133883
15.120427413,0.1552564229933437,0.20356129331632183,0.966673803815278
15.13045066,0.15700123561909524,0.20256113604313006,0.9666020888550749
15.140476728,0.157339260002743,0.20298385997338095,0.9664584366914576
15.150218097,0.15605287422259093,0.2022931549461439,0.9668117603281435
15.160549828,0.15466950054376527,0.20154255676384863,0.9671907482056644
15.170200627,0.15446442936814084,0.20066813012033616,0.9674053140302583
15.181008694,0.15528090410282236,0.20116539016948418,0.9671713015898318
15.190241875,0.1555931695975777,0.20195715376597306,0.9669560867057649
15.200412287,0.15685964952237036,0.20233286235181028,0.9666728832258836
15.210790912,0.1572884264259936,0.20211303268182756,0.9666491984854638
15.220806548,0.15766687538274457,0.20207383601706,0.9665957382506879
15.230682149,0.1575580672977365,0.20173993564550466,0.9666832230855925
15.240555119,0.1574851139754251,0.2021323052649519,0.9666131439435447
15.250497978,0.1574746909267032,0.2013021379705403,0.9667880693130367
15.260343089,0.15683288622963137,0.20061509449631573,0.9670351749844044
15.270678483,0.1572639620461008,0.20011717200671306,0.9670683345604892
15.280323677,0.15862091536814005,0.19998982111424482,0.9668730406100201
15.290843995,0.1591225374033788,0.2001611060060762,0.9667551653509459
15.300712668,0.15914401546518453,0.19953963695963303,0.9668800937156763
15.311052874,0.15854944374529822,0.1992764337920028,0.9670320453962206
15.3203546,0.15904214723611396,0.20029557437011697,0.9667405434191074
15.330472548,0.16163627993401497,0.20173355966429074,0.9660110164559548
15.340613013,0.1630907380233715,0.20282067027523004,0.9655388065117313
15.350468819,0.16299499899051145,0.20258931611049882,0.9656035414713243
15.360196644,0.16191230765917286,0.2015824879797332,0.9659963277199256
15.37124468,0.16194052372103415,0.20086949470019513,0.9661401103752216
15.380914791,0.1611260388858661,0.20089906494090012,0.9662701306046991
15.390762649,0.16097012189306512,0.20033895000090396,0.9664123990151757
15.401524394,0.16005022302088504,0.1998956688282916,0.9666569441609856
15.411067996,0.16072329332033577,0.1999301884204039,0.9665381227569076
15.42166478,0.16066900051812055,0.19961748366264606,0.9666117796140814
15.43131095,0.16003399177916164,0.19912911257443835,0.9668178308246822
15.440736077,0.16005855972524669,0.19824450970585036,0.9669955386816252
15.452029027,0.15950824335160707,0.19808762963660245,0.9671186128329021
15.460972764,0.1599339720783244,0.19824135231705925,0.967016799650737
15.470828765,0.16103423831892755,0.19776091285379638,0.966932570263447
15.480498257,0.1606978923060703,0.19692895996659665,0.9671582973509876
15.490329601,0.16089056638298316,0.19687336049321147,0.9671375835821255
15.500658963,0.16060716522397006,0.19650825344857273,0.9672589336911351
15.512781533,0.16054542540696667,0.1963737636868682,0.9672964960736445
15.520857195,0.1608376218195955,0.19631379418404546,0.9672601271739061
15.530447876,0.16098478974861308,0.19623941931009806,0.967250736768099
15.540439369,0.16154823071647115,0.1963768003635399,0.9671289063156763
15.550147511,0.16138216602659464,0.1966725337571372,0.9670965365226538
15.560495916,0.162255649084016,0.195931142538504,0.9671008694670279
15.570298967,0.163143135578573,0.19657390980466177,0.96682108753259
15.583063168,0.1638398227394508,0.1966159160850946,0.9666947263881832
15.59034574,0.1641054282219602,0.19715543065907187,0.9665397791036452
15.60037106,0.16401607200500734,0.19746391287054216,0.9664919716365488
15.611352164,0.16438514624227793,0.19715905142209425,0.9664915065003132
15.621093583,0.1657432788085558,0.19742376463405129,0.9662054764321656
15.630507286,0.16585339379255956,0.19716268632184503,0.9662398909638557
15.640488239,0.16541466145934966,0.19641288844030907,0.9664677785776532
15.650206579,0.16465085980626573,0.19427545319086625,0.9670300629517891
15.660330307,0.164497611869894,0.19342925744871084,0.9672257534060712
15.670381552,0.1637828678458301,0.19389052508918259,0.9672546905964513
15.680670951,0.16407099659588836,0.19341951067056948,0.967300160740186
15.690347536,0.16404709769398249,0.19407699924310778,0.9671725120695748
15.700134298,0.16526615447888915,0.1944098301261004,0.9668980898388934
15.710318069,0.16722957926973228,0.19322951941406952,0.9667970938331767
15.733637028,0.1680306811140545,0.19161815136806493,0.9669788902921471
15.733941653,0.1686311516459446,0.19128637971038273,0.9669400475892277
15.740293757,0.16921148437315747,0.19131867901211552,0.9668322691228773
15.750889132,0.16834565824804992,0.19162632000285493,0.966922485430551
15.760918695,0.16752713930086768,0.19097296108852785,0.9671938718430484
15.77085162,0.16672640045384848,0.18941786199417263,0.9676379389778286
15.781105963,0.16812378735092698,0.18910669897956425,0.9674570008676524
15.790947647,0.17145113547650956,0.18963214250225677,0.9667699616112507
15.801639825,0.17298658536571435,0.18896479812555617,0.9666270978784313
15.810626888,0.17183384088898332,0.18733552089764535,0.9671496956187018
15.831832256,0.1701839571828712,0.18570875556216415,0.9677549683804941
15.832148108,0.1699790848739974,0.18531343504602657,0.967866747799944
15.840603769,0.17016972974636665,0.18396158715353486,0.968091110138917
15.850818913,0.17064979850673823,0.18251343012463309,0.9682806897247049
15.861083237,0.1713226265368289,0.18239584741611495,0.9681840282104842
15.870327665,0.16941237642263374,0.18104793605002664,0.9687729824715702
15.880562697,0.16865869696556135,0.18070770854361007,0.9689679912209674
15.890444709,0.16949687872089345,0.17934391555877158,0.9690751096049898
15.900474982,0.1713000328766932,0.17916101392820508,0.9687918402962845
15.910221038,0.17113252544170107,0.17883589780100348,0.9688815099864662
15.920511793,0.17073369648790473,0.17878495356654295,0.9689612712909558
15.93052516,0.17050295253718495,0.17848358817799162,0.9690574554314164
15.940418551,0.17062426547664153,0.17686385336687935,0.9693330374039542
15.950464653,0.17086912081649686,0.1747083662159766,0.969680736286713
15.960524114,0.17166736806329844,0.17416098298866026,0.9696382143596877
16.110149347,0.1727949321885204,0.17352271160022767,0.9695523606122924
16.110722137,0.1715035445554718,0.17350542143284475,0.9697847198931939
16.111141334,0.16995176359088612,0.17363307905022826,0.9700350261263172
16.111767139,0.16931662912294126,0.17444002642722584,0.9700013176705036
16.112039364,0.17075904498492117,0.173580483131646,0.9699026571938145
16.112341143,0.16971970694998498,0.17228234569131015,0.9703164506674672
16.112593678,0.16579907768358218,0.16933496734226644,0.9715123955331023
16.112853266,0.16464175432406458,0.16714684089064374,0.9720879725175969
16.113111525,0.16522902524790384,0.16544659153577165,0.9722791752191462
16.113426961,0.16551854335661698,0.16563416035964443,0.9721979925545307
16.113685432,0.16531943671603594,0.1665377830540815,0.9720774921061203
16.113944204,0.16684114028908126,0.1652828705004805,0.9720316901347201
16.114202747,0.1668065696472486,0.16359495045214612,0.9723231255653018
16.114460936,0.16706470365604226,0.16276147007652336,0.9724186797109813
16.11471971,0.16711047350173866,0.16122112875030822,0.9726673826599211
16.120406819,0.16572717414698354,0.15959561548381232,0.9731720008650055
16.130282235,0.16384219367792327,0.15944852261159204,0.9735152305987754
16.140272619,0.16329170019148076,0.15954996246407063,0.9735911000652631
16.150594798,0.1653410255609352,0.1590165204853826,0.9733324670836684
16.161459333,0.16523274988541772,0.1578398243039545,0.9735423607778965
16.172718677,0.16329039127738051,0.15632229542507645,0.9741147715077084
16.180220759,0.15951821871287034,0.1545162539392134,0.9750275202102069
16.190785324,0.15685260857822358,0.15287493054772927,0.9757184608237326
16.200452613,0.15611728319769413,0.15075096141957417,0.9761667590724676
16.210695278,0.15390207334552172,0.14870361864137335,0.9768323221632823
16.220577829,0.15230199647981024,0.14755895186120638,0.9772565976210578
16.231243579,0.15216158605853786,0.14608427453590087,0.9774999930749205
16.240270395,0.1529543905633361,0.14738838686209954,0.9771804428177973
16.250379862,0.15290623263279832,0.14952594845147293,0.976863181188508
16.26054405,0.1525236254803339,0.15061804087436073,0.97675521469481
16.271012792,0.15366350050830965,0.15106279423283636,0.976507839605039
16.280533853,0.153105738606651,0.15060070731939462,0.9766668110264678
16.291010834,0.15227549106672905,0.1498286295973259,0.9769153272281963
16.300557589,0.1514295001276856,0.1485708212511689,0.9772388743617563
16.311730744,0.15140455172021242,0.14767832089376795,0.9773780104219653
16.320401403,0.15044518853917666,0.14723340496308657,0.9775932537146456
16.33053356,0.15114837468613904,0.14883085920303515,0.977242827642457
16.34044303,0.15116145623927169,0.14817964321071014,0.9773397605160498
16.350525553,0.15128647606124335,0.14851436881018962,0.9772696068219261
16.360840436,0.15016361862555583,0.14916231941681998,0.9773441001548396
16.379597621,0.14991300405098476,0.14873278824668837,0.977448028754867
16.380976898,0.1501286526762671,0.1473007264223707,0.9776317730316721
16.390901318,0.15047275945898847,0.14578423291572723,0.977806170001995
16.401556927,0.15140466389728222,0.14597888381492227,0.9776332611108832
16.417985289,0.15193031253406195,0.14645286552032416,0.9774808122486027
16.421447531,0.1541248969430904,0.14743914238767114,0.9769888512333545
16.431017113,0.15562784318681863,0.14905426724490922,0.9765054018494227
16.441032938,0.15620396768032266,0.14998758813896443,0.9762704768071097
16.510594116,0.1553273391693953,0.14974960664290635,0.9764468613380098
16.511253278,0.15382595920846542,0.14867644413996653,0.976848447422368
16.51187486,0.15268165161034516,0.14845685650034132,0.9770613465998818
16.512124348,0.15079313853325765,0.14720986062992966,0.9775431889715187
16.51263503,0.15059536774438195,0.14725473997233055,0.9775669167732793
16.512879241,0.15201963629857396,0.1479640602244478,0.9772393090034526
16.513349085,0.15213197748401477,0.14867660988937229,0.977113671533976
16.520625705,0.1521644949406818,0.1488443077908458,0.9770830765690863
16.530384808,0.1507526825752757,0.1483359530560205,0.9773791862564499
16.540602154,0.15083471474305493,0.14827847176419773,0.9773752522136292
16.550479465,0.15136742022541338,0.14695634734240565,0.9774925759667341
16.560506368,0.15252627402297722,0.14634722215512894,0.977403819462634
16.570378008,0.15330644288491302,0.14609116707646377,0.9773200629641303
16.580690871,0.1524612881936475,0.14727363780273836,0.9772747982070762
16.590326518,0.1521725693039196,0.14713698712336082,0.9773403788709968
16.600562572,0.15293218321653818,0.14680856374646267,0.9772711972361224
16.610716453,0.15276089937056575,0.1460613818367243,0.9774099346535428
16.620582922,0.1529153381982905,0.14505257875886027,0.9775360089219768
16.630359166,0.15153673564998177,0.14526542132950873,0.9777190675825587
16.640624484,0.1502631683072517,0.14494052235021868,0.977963815910953
16.650474896,0.14834132740722292,0.14332367563918622,0.9784953625768169
16.660445331,0.14664188072410964,0.14175129798139297,0.978980453501645
16.670668749,0.14724418110630497,0.14298391584106412,0.9787107595919691
16.68068007,0.14847223912243868,0.14336284548708664,0.9784697689473165
16.690192418,0.14783590388831122,0.1427921901118195,0.9786495470619685
16.700218578,0.14673273313045856,0.14172370460256076,0.9789708354092024
16.710171885,0.14521941112628292,0.1399958451827809,0.9794449887378539
16.721296654,0.14501566115583417,0.1400034084152941,0.9794740954469581
16.730589427,0.14496129251138645,0.14101614791541542,0.979336852007789
16.740396615,0.1446273661644925,0.1421360127302258,0.9792243250866857
16.750920335,0.14394351110535122,0.1417448523107669,0.9793817756391339
16.760531661,0.14673058253206614,0.14227895613712274,0.9788906143131271
16.770430383,0.15081988739638297,0.14432737521099367,0.9779687982397228
16.780659537,0.15107182388354148,0.14411013201997067,0.9779619490949978
16.7905172,0.15285228803581427,0.14227154194511987,0.9779544909630379
16.800836067,0.1465511142887914,0.1394830003335056,0.97931979634779
16.811329824,0.14168012601194735,0.13970965034271499,0.9800040589172858
16.821104875,0.1401899118689934,0.1407160212690159,0.9800743798142985
16.830664224,0.14204141723705752,0.144713446895829,0.979225333657589
16.840797545,0.14506730121915104,0.14504757187919226,0.9787321799189719
16.851517814,0.1447116319586124,0.144754625098015,0.9788281984539515
16.861694153,0.14297119236474137,0.14372339638430232,0.979235836499852
16.871237665,0.14002962474107403,0.1428826385825882,0.9797837801201608
16.880925578,0.13997003827634674,0.14142941923475477,0.9800031161990447
16.890927167,0.14082271303234473,0.13932149008652123,0.9801828839019183
16.900824579,0.1391922957230894,0.1385186412221043,0.9805294951429652
16.910638856,0.13964109083079324,0.1396913026886907,0.980299293942785
16.920851363,0.1398275739767887,0.13997098622825807,0.9802328154933678
16.930964189,0.14311830799785644,0.13766676803117522,0.9800841856165629
16.940703181,0.13879130521052654,0.13843302629059812,0.9805984248559576
16.950348383,0.1389820967061814,0.13875728693963604,0.9805255693332556
16.960521711,0.13614520406127192,0.1378317134181322,0.9810539751651469
16.971053467,0.13809370556596529,0.13597402425104993,0.9810408723453041
16.980332014,0.13392774695257423,0.1369627482320545,0.9814808017444508
16.990519523,0.13601374367867144,0.13558463817257804,0.9813852798071326
17.000441878,0.13695671873788254,0.13518545706658486,0.9813092017250481
17.010679174,0.13824307053576762,0.13401953506920156,0.9812887534608138
17.020437395,0.13729152412081982,0.13391436706372167,0.9814366916406301
17.031559372,0.13734285137268706,0.1360894875158617,0.9811302627910782
17.040553376,0.13723564810904143,0.13887944644911301,0.9807542384522634
17.051045064,0.13779599548364221,0.13885903053865192,0.9806785575643723
17.060414727,0.13620572569751882,0.13977422227683,0.9807707005585554
17.070354262,0.13401107676844834,0.13844653722088324,0.9812612229344986
17.08072424,0.13252841604154383,0.1364224166700405,0.9817459667202232
17.090705586,0.1310514327302595,0.1357902586895617,0.9820318363598851
17.100495092,0.1313887425401861,0.1362320187172187,0.9819255752906838
17.114478272,0.13279217513615937,0.13790214665212308,0.9815035589193469
17.121210931,0.13497756912531286,0.1397625850220701,0.9809421367547476
17.210271144,0.1359027141138769,0.1392824796329462,0.98088268572943
17.210653007,0.1355233942293786,0.13683160662875107,0.9812800421102751
17.21089538,0.13318267880065496,0.13709215623133522,0.9815641164831388
17.211158307,0.1314215918871489,0.1367361002933281,0.981851110944231
17.211421345,0.13093689567480474,0.13635092249022468,0.9819694268596708
17.211684139,0.13162751985471763,0.1371593250295596,0.9817644908909323
17.212001574,0.13159840764892347,0.13781731606995742,0.9816762432164392
17.212281389,0.1350999847116135,0.13924269917668375,0.9809992175618253
17.212551354,0.1356482629377282,0.1380194112332211,0.9810964228274467
17.267825312,0.13626969021266772,0.1373266790009922,0.9811075143754134
17.268209739,0.1348740899094158,0.13802510344966998,0.9812023495124821
17.271193484,0.13332669661997246,0.1375658726955894,0.9814782843435238
17.271459988,0.13188459179898068,0.13636815048542664,0.9818402018552715
17.271709181,0.13198132327696588,0.13756338141870034,0.981660453720488
17.272028372,0.13219861008885797,0.13839700524306262,0.9815140327220624
17.281278155,0.1304411665097022,0.13892269089785084,0.9816748891732375
17.294541664,0.1295544491588533,0.14114832260980864,0.9814748064660568
17.301948653,0.1295543710147543,0.14253758586456827,0.9812740196127034
17.312612438,0.13025346823952708,0.14384016344141198,0.9809913564311983
17.529936241,0.12885133930132348,0.1435106682939794,0.981224755316574
17.530805081,0.12872455743359065,0.14314649413329703,0.9812945885568066
17.532052355,0.12797536146792582,0.14236315386686696,0.9815065151481333
17.532364892,0.127368581371256,0.14168339239723882,0.9816837885991008
17.532626068,0.12596504824205365,0.14046567751628455,0.9820398159246235
17.535020133,0.12571136951892878,0.1393952734136028,0.9822248262610869
17.53573897,0.12483853413766703,0.13953712117009143,0.982316004252156
17.536202974,0.12457971189388119,0.13955659573663082,0.9823460958190042
17.536781296,0.1252029871889797,0.13933417658073532,0.9822984267703603
17.537428799,0.1253352862057406,0.1392569821217942,0.9822925017336004
17.537678707,0.1267347491060966,0.13858775342845042,0.9822075839498847
17.53794156,0.12725640925248216,0.137528220972017,0.9822890586484392
17.538202505,0.12947778163663734,0.1387942634890024,0.9818205826346282
17.538464522,0.13033817183665672,0.13925501169377094,0.9816414837813477
17.538720181,0.12946480601139795,0.1398844276729479,0.9816675663884606
17.538981818,0.13008391618225948,0.141004991683772,0.9814253751920959
17.539243917,0.13071943232596375,0.14198677903689289,0.9811993602683945
17.539505927,0.13494867783558442,0.141908892115403,0.9806379151802193
17.539767859,0.1320013304689889,0.1424046875394057,0.9809671522131722
17.540125124,0.13392184953217243,0.14398823405693015,0.9804755614858786
17.540559224,0.13443994994744207,0.142677490765657,0.9805962642632008
17.540829846,0.13742765910525118,0.14151361533611045,0.9803507205012674
17.541104229,0.1344142539377802,0.14368446820777048,0.9804527433457465
17.550709633,0.13547590431501177,0.14591525076566605,0.9799770502129234
17.560341926,0.13698750636762544,0.14567610686990895,0.979802477536369
17.57066692,0.13985483055877915,0.14389802275912952,0.9796601377086791
17.580462129,0.14087250211900312,0.14343508815224432,0.979582213820509
17.590612443,0.13857446478159227,0.14340681869034377,0.9799140789189684
17.602072256,0.13532195304179037,0.1436824836130142,0.9803281659361581
17.610668308,0.13662330198838007,0.14482155880793496,0.9799799944173513
17.620610118,0.14153222049171552,0.1452895276527,0.9792137579288498
17.630451074,0.14514179286001996,0.14398361914263824,0.9788782239808825
17.6405388,0.14110905286296813,0.14772596474282806,0.9789102484604585
17.650644553,0.1387190101052204,0.1466266342361217,0.9794170033075873
17.660292406,0.13887992294807022,0.14374102954836093,0.9798218631089609
17.670449174,0.1361607449041417,0.14429563429995115,0.9801219421424684
17.680209279,0.13633182762752855,0.14611965664740287,0.9798278821900217
17.690370612,0.13751838214323311,0.14944242184611728,0.9791606901451236
17.700470083,0.1410864264389612,0.1494386540195152,0.9786535183401321
17.710412884,0.13714657760841098,0.14881719803898924,0.9793080505224719
17.720226289,0.13819322980908028,0.14980114212518,0.9790108523672894
17.730430417,0.1386826575909395,0.1510793163907596,0.9787451969958346
17.740487336,0.13683676071566797,0.15082165900946407,0.9790447017835684
17.750540513,0.13256620020381904,0.15029136575239166,0.9797135846479837
17.760743136,0.13344890637855286,0.15266208379765214,0.97922708171135
17.770863939,0.13279945564207815,0.15205383382006485,0.9794099939258266
17.780830883,0.13178723509533,0.15049222362732254,0.9797878419809221
17.790693199,0.1311940874917705,0.15237633236512046,0.9795762169132916
17.800997345,0.13612930686009783,0.15205941852272542,0.9789518604366202
17.810910783,0.13816083918308078,0.15478492750013345,0.9782398523547309
17.821162766,0.1398276284439266,0.15581978153563206,0.9778386523378667
17.830575322,0.1405570888498315,0.15593412168108164,0.9777158352351721
17.841013117,0.13733607704256504,0.15398075873853231,0.9784828705096809
17.85092097,0.1360158273928138,0.15371453086084524,0.9787091180227548
17.860714058,0.13448410974544558,0.15525213285760264,0.9786780877638676
17.871648956,0.13440681142117794,0.15875354220105434,0.9781268434524278
17.880738537,0.13465770223298978,0.15849787313073693,0.9781337983335228
17.890438552,0.13571606639484,0.15967817212427446,0.9777954953206534
17.90047427,0.13396347480200838,0.15868994602586933,0.9781979801907578
17.91028085,0.1335160133169036,0.15761387591945278,0.9784331046656219
17.920305656,0.13129597733700693,0.15791150637204485,0.9786855074488596
17.930313307,0.13111053663082559,0.15794740638796165,0.9787045744246284
17.940470792,0.13074844913429368,0.15751271404748027,0.9788230626432818
17.950440388,0.13059051981978806,0.15934779947731453,0.9785470836576722
17.96127843,0.13454290765469326,0.16165085091664097,0.9776334734437783
17.971257608,0.1358306026479862,0.16275735332152003,0.9772717591970305
17.981349147,0.1343187665931701,0.1622191972714424,0.9775701514354346
17.99081535,0.128456586991283,0.16108916242623003,0.9785444226029633
18.000846706,0.12976802837625154,0.1596454797588969,0.9786079805539561
18.012134703,0.12862549368666323,0.15874266941980383,0.9789056375766447
18.020599332,0.12792289463726475,0.1594511951242489,0.9788825513824793
18.031470101,0.12870323381335042,0.16036818991939378,0.9786304314029701
18.040455458,0.12794786091588206,0.16138481384662784,0.978562357106965
18.050411212,0.12717057014046834,0.1624472377219622,0.9784878849769436
18.060769267,0.1262878101380169,0.16239805680824168,0.9786103719844028
18.070518498,0.12572609470348875,0.16326903726644915,0.9785377716678576
18.081697055,0.12555081687605443,0.16420050412879997,0.9784044086294805
18.090493654,0.12574459526721707,0.16467640399727917,0.9782995342570744
18.100832146,0.12545181697269422,0.16497919493407173,0.9782861068507287
18.11047332,0.12478433387154093,0.1650303690444187,0.9783628403170772
18.121261882,0.12496678028990024,0.1653243630892781,0.9782899155123191
18.130425138,0.12439692176723638,0.16570492364534817,0.9782981570740719
18.142958003,0.12479042249644517,0.16626704690555488,0.9781526565758867
18.150618648,0.1249421598682136,0.16635594936487322,0.9781181701606292
18.160388255,0.12375178758893453,0.16644661809872327,0.9782540663815514
18.171377932,0.12325132011664347,0.16736246216594622,0.9781609879499676
18.180741129,0.12374916676750868,0.16873905544399348,0.977861582685513
18.190952069,0.11997289385525796,0.16928814194440622,0.9782372052508561
18.200742578,0.11956880988025559,0.16763712635477646,0.9785709445775161
18.373649407,0.12015465167829115,0.16646649932563481,0.9786990161854343
18.373983009,0.12013565423824003,0.1664771473680894,0.9786995371332989
18.374252815,0.12152728636485427,0.16764748304037183,0.978327879649263
18.374523849,0.122118777555328,0.1694040440192889,0.9779515703951311
18.374853044,0.12394679948907314,0.1688544514145884,0.9778166316513
18.375113903,0.1225543432194163,0.16961061966302782,0.977861273727302
18.375372511,0.12163794846856478,0.17021898155398865,0.9778699851263877
18.375636107,0.12194138570897489,0.1705795255841264,0.9777693613029964
18.375900731,0.12209006963239377,0.16959444616372657,0.9779221537155073
18.376159602,0.12238624037402591,0.16951709701112166,0.9778985438111837
18.376423447,0.11801249629806446,0.1721720642737568,0.9779723058457295
18.376686557,0.11743897388091644,0.1725610572810761,0.9779727853697334
18.376949553,0.11568359412634718,0.17277597363830968,0.9781440430648979
18.377324615,0.11412746169214305,0.17292285067779564,0.9783008791783708
18.37758854,0.11529926702042637,0.17285680062680572,0.9781751405048164
18.377850134,0.11584307776169765,0.1715762638237568,0.978336326130732
18.378110413,0.11693118787622848,0.17002464192661104,0.9784777557203751
18.380524866,0.11677393686440606,0.1687583627345266,0.9787157210734635
18.474749209,0.11742380701386455,0.16858526615016325,0.978667797356922
18.475427364,0.1163080841806249,0.17028219838726735,0.9785072316884695
18.475903736,0.11553966412063496,0.1728745372659895,0.9781436399527224
18.476246374,0.11656817326234901,0.1757704491438773,0.9775052993155784
18.476535688,0.11640276326449205,0.1759065813847374,0.9775005224192598
18.476803144,0.11601700805746708,0.17619173305399277,0.9774950266087414
18.477065242,0.11179932646468807,0.1751348348900994,0.9781762112268216
18.477325892,0.10755197030851837,0.1763193549629681,0.9784396040370599
18.477581119,0.1042318664945868,0.17636688351396848,0.9787902943974387
18.57508516,0.09836675041811899,0.17392750052237513,0.9798332546786819
18.575522089,0.0945559091974034,0.17531854758297244,0.9799605027291913
18.57586446,0.09667220727600617,0.17666118168344133,0.9795127927835323
18.576132761,0.08962305049832638,0.18045779149357533,0.9794910384013912
18.576393878,0.08818668348554438,0.18103888134378643,0.9795141817746238
18.576654141,0.08615132506838613,0.18510146376550426,0.9789358494308139
18.576914763,0.08274785325819117,0.1821242940051084,0.9797874944671942
18.577206268,0.07779844696446049,0.1813335156334114,0.980339511474441
18.577459787,0.07052962252548392,0.18674642875909703,0.9798731263240851
18.577720418,0.06487292723972712,0.1876536177509981,0.980090619818551
18.580656967,0.06374327207351121,0.18769463601813174,0.9801568848278236
18.590468459,0.052793679895561794,0.18997579499342268,0.9803683107280151
18.600714489,0.0495518828704224,0.19172527549130436,0.9801969341115996
18.610332285,0.04264525040567113,0.19268765476654862,0.9803330303108252
18.620746441,0.03025577076747682,0.19494905294028508,0.9803465994702852
18.630459616,0.02723000087190647,0.19933138472228928,0.9795537382488063
18.640739233,0.023339511352143367,0.19564752049310208,0.9803965090384321
18.650610246,0.015471145448640615,0.19930415033031965,0.9798155435180729
18.660459974,0.010274772300129176,0.20349846700154453,0.9790213496049012
18.67036359,0.0034886867812298833,0.20229353538973036,0.9793187196230175
18.776091424,0.0019176867621779532,0.20256757403506648,0.9792664093223202
18.776650057,-0.007123229920073346,0.2032641060336917,0.9790980353334543
18.777204026,-0.0017379134053160724,0.20381656762937292,0.9790075517669806
18.77764492,0.0004238697932634879,0.20473317923517395,0.9788177285146897
18.777959641,-0.000381246329214208,0.20534606598345218,0.9786893520603747
18.778370552,-0.00153321155406311,0.2058582974978714,0.9785806101766008
18.778755178,-0.0070557478517884855,0.2057506293434832,0.9785790182438067
18.77911669,-0.009784383057422089,0.2058504467489379,0.978534546871723
18.779380728,-0.005123007361782765,0.20653715255937052,0.9784253468753957
18.779747706,-0.0014622256181902348,0.21029290893058836,0.9776373327311887
18.780369725,0.0007350584611322746,0.21152349920293242,0.9773726356789442
18.79069344,0.003851747097863445,0.21259657066724608,0.977132469107859
18.80042898,0.0050874553710077135,0.21197906961481816,0.9772609640434249
18.810699957,0.005210168731730025,0.21177976736318052,0.9773035271999093
18.820635632,0.002145691671620563,0.21258959432767188,0.9771392226243126
18.830884151,0.003250502460865218,0.212118617588097,0.9772385206827793
18.840746919,0.0041287771105115775,0.21162271125075757,0.9773427143445896
18.850903044,0.004873518314468515,0.21058537423740514,0.9775633222336702
18.860611024,0.00641451057725106,0.21063984581883471,0.9775426893018391
18.870623743,0.006355972756757288,0.2110663531494154,0.9774510709895006
18.880452264,0.0066453356253042654,0.2106193668626548,0.9775455599698674
18.89083244,0.006671040870369107,0.21049321037464602,0.977572557716245
18.900564029,0.0071156507609265235,0.21007035084723352,0.9776603782547234
18.910949556,0.007440339445588704,0.2106583748922613,0.9775314268281537
18.920488865,0.007820925397311246,0.21071768837903268,0.9775156719613894
18.93056048,0.008118539528490612,0.2103938189403307,0.9775830042853793
18.940751108,0.007869030820275116,0.20978561592096318,0.9777157427936872
18.950394725,0.007979341992341361,0.2095630939788437,0.9777625681848244
18.961522578,0.00816664361833244,0.2101635408710497,0.9776321353252223
18.97082722,0.00774942986639288,0.20972705656721805,0.977729261135411
18.980502638,0.008188336895227667,0.20951580752056767,0.9777709739698223
18.990500722,0.00843189322538864,0.20963076662371224,0.9777442635277337
19.000882123,0.00898904917898344,0.20953168939179986,0.9777605372152612
19.010514301,0.009361534411238884,0.21025824716626532,0.9776010593140932
19.020517972,0.009873398733192424,0.21052567572211642,0.9775384677132669
19.034162489,0.010658804171172253,0.21077656588378563,0.977476152736157
19.046634996,0.010945320603429537,0.21068352071509663,0.9774930455281917
19.050742197,0.012876695486951879,0.21099534095303193,0.9774022492349044
19.060588615,0.01572546906413524,0.21127036335728924,0.977301152761825
19.071414989,0.021366932403231776,0.20895163305079056,0.9776925228542375
19.080554155,0.022109334180675334,0.20936185624595918,0.977588252021951
19.090390263,0.02441214277508438,0.20970560399062582,0.977459772543124
19.10037243,0.025751737058672508,0.21020261998497533,0.9773186310461462
19.110146904,0.028985120840571664,0.21011441651922516,0.9772470489802684
19.120497433,0.031211529695976774,0.21091678522773677,0.9770056039364534
19.13019661,0.03363684135215668,0.21226844294220434,0.9766323110745118
19.140318152,0.03549992310159214,0.21309977882600395,0.9763852926606839
19.150620103,0.03762150989024322,0.21417717966819164,0.9760700577842543
19.160256147,0.040577588764827296,0.21587667086887327,0.9755771226636082
19.171078985,0.043985806609273266,0.21844126272052758,0.9748582787041372
19.180774075,0.04790470538630847,0.22060504611662854,0.9741860976372693
19.190665409,0.049956952422082194,0.22149170176674765,0.9738817838696687
19.200425605,0.05292752248151526,0.2235286163811588,0.9732592845807809
19.210703406,0.052465838910656155,0.22606614797294133,0.9726980171091527
19.22076379,0.05583062024271292,0.2270584161157689,0.97227949557435
19.230698744,0.05914831907659775,0.22690638004155475,0.9721188050062864
19.240403197,0.06244865943018148,0.22808382015577702,0.9716367304288781
19.250618115,0.0660996668233653,0.2295947969014154,0.9710391667083456
19.260551636,0.07056705209512237,0.230810720338031,0.9704363464625815
19.270849441,0.07537119485291803,0.23212158980884476,0.9697622133961799
19.280666136,0.07986180664484488,0.23454715304373563,0.9688187265110538
19.290599356,0.0817036158308814,0.23572312190557548,0.9683796409256284
19.300371411,0.08329833978213567,0.23545801888249238,0.9683082711272645
19.310661742,0.08389929694750849,0.23618566110274303,0.9680791504113567
19.320459794,0.08350034829839016,0.23602997117273303,0.9681516123739331
19.331008345,0.08464781445181638,0.23667053016378994,0.9678955561735582
19.340603517,0.08595461776128267,0.2374746643526356,0.9675833749481825
19.350664981,0.0869310466556689,0.23810928594590614,0.9673401475560087
19.360657613,0.08881860877850324,0.23906785807834352,0.96693216616704
19.371040514,0.08908840674005555,0.24000632279937242,0.966674826816568
19.380325536,0.09125870474371635,0.24010824121134622,0.9664470400962968
19.39061793,0.09217569089079884,0.24140351557420145,0.9660372584311747
19.400615099,0.09379299716870608,0.24257117600488204,0.9655889903337339
19.410883165,0.09603367748214504,0.24318143305020756,0.9652151694875619
19.420394709,0.09763251889945525,0.24357418838651154,0.9649557015766059
19.430557169,0.09888002676533403,0.24358953605638267,0.9648247914677167
19.440630193,0.100332486608594,0.2436386327248056,0.9646624325508502
19.450675947,0.10063791848261094,0.2442222668380147,0.9644830188987201
19.460656134,0.10247173339869185,0.24396137998322537,0.9643559451421181
19.470614631,0.10444711815127472,0.24466532989604506,0.9639655988969488
19.481039032,0.10599471620668785,0.24603640564431112,0.9634475633026904
19.490812722,0.10779192572645417,0.24607935843333542,0.9632371723003742
19.500527558,0.10846307519908631,0.24691359109943503,0.9629483059067804
19.510509104,0.10950229843301348,0.246561428608755,0.9629209253933041
19.52042858,0.10965905961706303,0.24701147250671876,0.9627877352220291
19.53110632,0.10986771062238962,0.24749434189404737,0.9626399310713364
19.54035866,0.11066152861743908,0.24975663860642552,0.9619644731257341
19.550945488,0.1115303253911754,0.2505380201012737,0.9616609002147651
19.560672928,0.1129375897727644,0.2518175148071207,0.9611623380328032
19.570512766,0.11408612699323166,0.25168716912843747,0.9610608328944624
19.580883256,0.11378019319636956,0.25204841270182243,0.9610024273073865
19.590610047,0.11331221084437695,0.25253150826737064,0.960930892523373
19.600592695,0.11437423147245541,0.25365417475557384,0.9605092892857175
19.610801346,0.11440711736937392,0.2544162046223586,0.9603038093857508
19.620607824,0.11559903410227373,0.25453114973154495,0.9601305937896987
19.630420016,0.11570024254306542,0.2544619318350748,0.9601367502195913
19.640496433,0.11725016084228748,0.2548670727814957,0.9598412238460325
19.650544525,0.1171730590231052,0.2542448795488773,0.9600156329260189
19.660321641,0.1188817042113869,0.25398843877527766,0.9598734361218115
19.670345849,0.12035004778576837,0.2536713591952303,0.9597743003029451
19.680228736,0.12214280577203218,0.2536665809979865,0.9595490611130457
19.690539642,0.12241401002494168,0.25289257434638035,0.9597187900578347
19.700481177,0.12359886472249126,0.25267575378667645,0.959624032675113
19.710556304,0.1249073971074624,0.2517689781965202,0.9596929320182155
19.720892652,0.12907069940224525,0.24918845600207942,0.9598155385026411
19.730500139,0.1297290195895437,0.24725295802770003,0.9602272419708202
19.740366621,0.12993208549685176,0.24591187923660998,0.9605441170548897
19.752699669,0.130044106539287,0.24365597016349744,0.9611036877247342
19.76057032,0.1299267150524729,0.24193551148054776,0.9615540842824803
19.770717247,0.130582033411189,0.2396710357316741,0.9620322900929603
19.780954952,0.13061542580087546,0.2365325460042869,0.9628042195709291
19.790233402,0.13127858004098072,0.23431746560296832,0.9632555526628568
19.800617587,0.13216877753948647,0.2342238359694514,0.9631565858714114
19.810612476,0.1280995687983633,0.23387146573839293,0.9637918021995463
19.820648456,0.12580281362916573,0.23304745147410233,0.964293802450483
19.830499828,0.12475505485601637,0.2328989063801215,0.9644657980948913
19.840567505,0.12345190843862126,0.23253356977345793,0.964721599857324
19.850410154,0.12302363469743785,0.23247714421637958,0.9647899060017306
19.860738673,0.1225223808684782,0.2315963350279835,0.9650654919682528
19.870544967,0.12273366046319814,0.23055061872059182,0.9652890037687454
19.880712419,0.12260554529484276,0.22994640192361512,0.965449394067518
19.890554822,0.12221546969809985,0.22869205295749948,0.9657967301045066
19.900646185,0.12273494408412215,0.22790736165072822,0.9659163359246348
19.910532567,0.12186485344252729,0.22716956204982675,0.9662002626647963
19.920619342,0.12154723674548824,0.22561813547021103,0.9666037068967208
19.930618587,0.12037328384833111,0.22327611598275313,0.9672941892553812
19.9406573,0.11984852438048016,0.22134153461915307,0.9678038314949263
19.950478259,0.11865498776958427,0.21849481438435828,0.9685974447439684
19.960434507,0.11767310038377791,0.21655941784791766,0.9691517218616703
19.97051959,0.12167178251647572,0.2128404771561504,0.9694817732289792
19.980830272,0.12074606029973224,0.2107102857947491,0.9700626600289224
19.990458856,0.11969336887023231,0.2094508436678649,0.9704657858653823
20.000721847,0.11823643874432394,0.20750546503811956,0.9710621126026766
20.010612894,0.11665367103616811,0.20550362877983808,0.9716790517409049
20.0204564,0.11527145496585897,0.20345284624324023,0.9722753884705599
20.030324865,0.11403112526709047,0.20258411091712428,0.9726029922194561
20.040835159,0.11342808742985229,0.2005745917489271,0.973089873612277
20.050348852,0.11221498329690396,0.20017414504170827,0.9733129554159323
20.060737996,0.11153661818858596,0.19863712738218772,0.9737057432450557
20.070611566,0.10956324797164234,0.19788857439751437,0.9740821355598428
20.080812634,0.11010946570635977,0.19556907597617115,0.9744889132687383
20.090594095,0.10961753239065687,0.1944815887787993,0.9747619751604272
20.102725568,0.10749339231162472,0.1934409137694123,0.9752055083362655
20.110714763,0.10868589659145415,0.1921013986090569,0.9753381098545038
20.120657927,0.10927714220800643,0.18766669893915297,0.9761350912143937
20.131272264,0.108588815042189,0.18662402997259453,0.9764117679977651
20.140758199,0.10674593097338024,0.18444311936339022,0.9770291919590368
20.151140304,0.10478948425447349,0.182619430854563,0.9775834017944643
20.162444836,0.1061875418929129,0.17902069227135672,0.9780980511612448
20.170906855,0.10484204497189077,0.17707469753050817,0.9785973110021257
20.181298642,0.10566603128325262,0.17419313770060438,0.9790257609536458
20.190845634,0.10648812029215822,0.17280659524507933,0.9791823940801051
20.201101658,0.10477435866401726,0.1733281807697575,0.9792750765324267
20.21078932,0.10248174354050454,0.1724473339261625,0.9796731134733958
20.221477885,0.10071414009288268,0.1723353156441642,0.9798761151120982
20.230534461,0.10089208772386854,0.17230004843998598,0.9798640109435072
20.240781495,0.09958968889031744,0.16994787272667897,0.9804078816606925
20.250676523,0.10370227009232416,0.16560147991839347,0.9807252362545469
20.26058277,0.10189536978415661,0.1663762476073021,0.9807835020271619
20.270858202,0.10190146204832119,0.16375794271957617,0.9812234344065914
20.280369038,0.10106234436958458,0.1621671179496921,0.9815743621378944
20.63347404,0.1000512330252288,0.16051019217151363,0.9819502171592993
20.635365626,0.09810319438797581,0.15986339902658206,0.9822522369038124
20.635624711,0.09850534111897284,0.15848854936416307,0.9824347700949301
20.63616241,0.10147446939561466,0.15802026015784082,0.9822079868543764
20.636673777,0.10537514950236938,0.15451040843041738,0.9823556441299754
20.637229896,0.10164829457924009,0.1507910408511157,0.9833258291167628
20.638010318,0.09977843019916403,0.1497368520891687,0.9836783722301802
20.638650875,0.09603994287056251,0.15109152519238203,0.9838433210569958
20.639198297,0.09674164629508585,0.1508499741257442,0.9838116380580069
20.639998298,0.09991125657648688,0.15021276085460178,0.983592327789184
20.640513958,0.10450041173849381,0.14662940345354675,0.9836561807813452
20.640926117,0.10757539940870733,0.14441055371685116,0.9836529496815681
20.641526854,0.10705600100630529,0.1449076335181949,0.9836365133506861
20.641787945,0.10642423543954029,0.14587475291367893,0.9835621172927932
20.64222653,0.103937275784892,0.14762527406215495,0.9835668869784551
20.642474171,0.10776739838444811,0.14829404585629274,0.9830539475578232
20.642843332,0.10953141528789581,0.14800630125128894,0.9829023368854829
20.64324838,0.10990373247010597,0.14720472314983443,0.9829811488891941
20.643612198,0.11011604305182067,0.1463654748397067,0.9830827049834397
20.643979281,0.10882768732261898,0.145938926836879,0.9832895626953997
20.644364511,0.11162399191978599,0.14331117279355693,0.9833625944586397
20.644738212,0.10790622187098241,0.14362526523803543,0.9837316862167419
20.645117678,0.10934040317626845,0.14405606281113267,0.983510308538048
20.645442566,0.10972818287974223,0.14352544055812275,0.983544698422246
20.64572939,0.11248827333780688,0.14393641743979332,0.9831727702169525
20.646008624,0.11757836950427264,0.14281211949183334,0.9827410775738273
20.646286243,0.11778620784030075,0.1412354976312413,0.9829440184728004
20.646563908,0.11782651245047115,0.14017360470636528,0.9830911827024912
20.646845859,0.11733160044046405,0.13846511945396248,0.9833924477199727
20.647142077,0.11649532273842943,0.1380262544226918,0.9835535536360548
20.647474725,0.11579599508073035,0.1374187414930763,0.9837211886554659
20.64780833,0.11368239609512326,0.13871266423868447,0.9837861096792726
20.648074833,0.11432418457202578,0.13834593812457416,0.9837633771524397
20.648353703,0.11568545097596483,0.13861185256626082,0.9835667901879551
20.648632022,0.11684918312466012,0.13866033344139495,0.983422381448084
20.648908642,0.11868335398382045,0.13897944918600086,0.9831576547996292
20.651079457,0.12149817177843805,0.14120874039765915,0.9824959470093523
20.660983038,0.12414496058471393,0.14214525085373833,0.9820299162556849
20.671109161,0.12554201317498156,0.14161239921119234,0.9819292903858315
20.680971552,0.12930311997895438,0.14012594571466447,0.9816544313052732
20.691286513,0.12994307166624414,0.13999772951058073,0.9815882201095445
20.702529016,0.12697962275659785,0.14026164469949395,0.9819383109089822
20.710623304,0.12782677599960043,0.13992625826956925,0.9818762435175962
20.720611623,0.12764559505539194,0.1386831055402496,0.982076167260293
20.730860679,0.12687804998639887,0.13829580181264703,0.9822302335158728
20.740899608,0.12673452176683894,0.13874233845672457,0.9821857892028831
20.750814647,0.1312029769339478,0.1384256031779864,0.981643586658865
20.76067011,0.13222676389759241,0.13808914114457504,0.9815536011890151
20.770733854,0.1320368662586984,0.13678069900928821,0.9817623471732418
20.780585042,0.13015461748138257,0.13864845461363173,0.9817516903889327
20.790429996,0.13147891833359243,0.13974518171414213,0.9814196748697827
20.800593532,0.13313817619424115,0.13904672710854718,0.9812951817470992
20.810546972,0.13341780206187476,0.13904904359066336,0.9812568744062383
20.820633583,0.13305110415375015,0.1370448378585114,0.9815885676289239
20.830267713,0.13668559381943213,0.13576427751723322,0.981267093809047
20.840857808,0.1383466724539865,0.135136180926859,0.9811209970362539
20.850159965,0.13904451769084997,0.1339561627099246,0.9811841664907518
20.860796678,0.13503712380467925,0.1344602468421248,0.9816748021690863
20.870631927,0.13395930521167793,0.13328078466845641,0.9819832671615973
20.8806299,0.13337792406660667,0.13306434915791743,0.982091751495176
20.890355714,0.13363073888635368,0.13249066945319485,0.9821349439524751
20.900637363,0.13568347075297663,0.13273885182150116,0.9818199391851522
20.910514136,0.13683872716314163,0.13366681842874858,0.9815336695190376
20.920609828,0.14119511720098607,0.13090313010647694,0.9812891059249189
20.930762896,0.13811160811569867,0.13183566499357324,0.9816030466229198
21.034393656,0.1393429987886881,0.13265452673925357,0.9813186563110682
21.034713153,0.14029338123288213,0.13084070544577878,0.981426755790108
21.034990558,0.1407641836098019,0.13221649638461233,0.9811749297125584
21.037893608,0.14132453203950393,0.13255018418404044,0.9810493490730181
21.038147992,0.14212898042618477,0.13255179361932617,0.9809329105149408
21.0383892,0.1424416952554611,0.13235076327766107,0.9809146950232578
21.038711206,0.1446199233843186,0.13119731950165744,0.9807509067627183
21.039166108,0.1449119135188988,0.12990442117845688,0.9808799002317161
21.03953098,0.14469939610184365,0.12888313941541005,0.9810459831945645
21.039849935,0.14420306554347073,0.12974721797029462,0.9810051657951829
21.040531283,0.1439437295381153,0.12995196154232533,0.9810161519658889
21.050831817,0.1441799380790421,0.12992461547084355,0.980985086405638
21.060575288,0.14258041192819457,0.13052117501952942,0.9811396684498634
21.071065095,0.14333759141720395,0.1312671276790218,0.9809298018092907
21.080657358,0.14412515198772297,0.13243451301454115,0.9806574531033337
21.090916667,0.14168087860174733,0.13481870560732387,0.9806887606458038
21.10042662,0.1451727659322116,0.13492327546938954,0.9801635464391657
21.111962388,0.1466920550024308,0.13553829217156332,0.9798524441743153
21.121856775,0.14761152713076703,0.13454270531619575,0.9798515691186713
21.131034742,0.14766878410409673,0.13374609146125013,0.9799519953651081
21.141243918,0.1454606473200732,0.1316698540100046,0.9805632308149278
21.151131972,0.14716144530295647,0.13057964173228664,0.9804552341547331
21.161253799,0.14775149553902686,0.13134335533406905,0.9802644635890712
21.170934786,0.14413332033687615,0.131347959918191,0.9808023752999362
21.18135671,0.14337076830223874,0.13232055728699266,0.9807834077489718
21.190933058,0.1424457637819801,0.1323531553887265,0.9809137814503454
21.201226723,0.1414741638528614,0.13226327169170904,0.981066505351976
21.21054287,0.14163434996083685,0.13352163317463514,0.9808729195902748
21.220766225,0.14134333611905042,0.13443334010571453,0.9807903641465685
21.230430214,0.14166563174203345,0.13506297632415917,0.980657351580862
21.24038156,0.14221436128651935,0.1359953198824043,0.9804490544714448
21.25050981,0.14171370968139455,0.1370966120275696,0.9803681673019068
21.435968891,0.14316354602801964,0.1378964903611257,0.9800452831552057
21.436718676,0.14777534680036486,0.1376343201164573,0.9793973865618146
21.437197895,0.14946543834155976,0.13726612982701966,0.9791925716342404
21.437462267,0.14972910244342444,0.1369349866457911,0.9791986546731993
21.43781245,0.1492755701578308,0.1377057997516487,0.979159801497597
21.438101557,0.14969995634536665,0.1358229459296703,0.9793579786927664
21.438570069,0.14975894454099548,0.13668769073334866,0.9792286422138353
21.438877514,0.14583797348750163,0.13723748802434868,0.9797434140476912
21.440353933,0.14538881520261232,0.13701857963106845,0.9798408040339336
21.440610871,0.1452685558373524,0.13695704615109922,0.9798672431480173
21.440910449,0.1457681099994155,0.1369344702754619,0.9797962078705841
21.441260748,0.14566089919440017,0.13769496835790102,0.9797055670632863
21.441569963,0.14509916679781362,0.13754665857147247,0.9798097511815257
21.441854508,0.14429453983623605,0.1374873687641613,0.9799368904188455
21.442130102,0.14439506877641908,0.1370739609443437,0.9799799963999682
21.442405642,0.14359849754522988,0.13569631301710472,0.9802887238647178
21.442765889,0.14330310941638313,0.1350937799734847,0.9804151617779439
21.443079768,0.14322598422201255,0.1349143911640093,0.9804511331527341
21.443453269,0.1427703429715018,0.13483806119894154,0.9805280854824661
21.450446863,0.14167625028235592,0.13440187977756074,0.9807466415023757
21.46040809,0.14210320420145017,0.13400548984634345,0.9807391131420846
21.470522203,0.1415772055040883,0.1342524053980154,0.9807814162832105
21.480429595,0.14152630022885174,0.13436736448636272,0.9807730204815599
21.490812462,0.14140232569066855,0.13415420796374825,0.9808200807359572
21.500517019,0.14120416941547498,0.13418039433851425,0.9808450460265612
21.510805488,0.14173798305952204,0.13420015161537105,0.9807653457706538
21.522318239,0.1416452817315441,0.13388921213426133,0.9808212339857137
21.530869219,0.14173858559322666,0.1343331903473408,0.9807470455347479
21.636601418,0.14206671545512725,0.13513622362082095,0.9805892358298125
21.637001923,0.1416409466675331,0.13475144696951824,0.9807037726891573
21.63729528,0.1421540351328749,0.13538359629682098,0.9805424581063182
21.637591776,0.14471187535911886,0.1346190513785969,0.9802735251632443
21.637888491,0.145138975442248,0.13394903948191403,0.9803021639420405
21.638167683,0.1450775428004519,0.13394163531095696,0.9803122690781799
21.731438739,0.14522768506046926,0.1339637671215879,0.9802870133744352
21.731712145,0.14518029208653002,0.13447006621373836,0.980224711013828
21.732502577,0.14646112209014361,0.13479109392065877,0.9799900513350981
21.732906182,0.1470865365399176,0.1345494849876818,0.9799295826018526
21.733200213,0.14702484324428103,0.13417968171586106,0.9799895450889387
21.733625255,0.14690625853906114,0.13409343515391312,0.9800191334105054
21.733924613,0.14638763565327179,0.1339555137794483,0.9801155954559283
21.734174207,0.14630350510197598,0.13343974384723012,0.9801985100768423
21.734538375,0.14665561759710724,0.1338343637485217,0.9800920838917329
21.734835318,0.14861525636828068,0.13514712814470942,0.9796166389607865
21.735099265,0.14787698749820483,0.1353249660247822,0.9797038073514094
21.735410969,0.1480013527923043,0.13539775810373328,0.979674969912027
21.735680737,0.1498168931623948,0.1374301085931973,0.9791158581982163
21.73593545,0.15178844291837493,0.1381921884764985,0.9787048521594707
21.740604846,0.15139788618821998,0.13881369209383934,0.9786773926810691
21.750557856,0.15165093917845435,0.13964450613225599,0.9785200072320296
21.761418214,0.15198816337316076,0.14111833259333376,0.9782562110206766
21.770870171,0.1505559035138145,0.1400157117281169,0.9786360510355255
21.781050111,0.14966627586372663,0.13911373023939963,0.978901106306435
21.790816582,0.14902757983115283,0.13992876738608317,0.9788823833880559
21.800397715,0.14993646213030373,0.1402845851363081,0.9786926445503623
21.810939433,0.14999587630740416,0.13979507245159056,0.9787535822713644
21.82044167,0.14670421287553123,0.14062354590973816,0.9791337458490248
21.830514378,0.14724825318365287,0.1400549077545308,0.9791335837097166
21.8404738,0.14731002113351307,0.14053363792526932,0.979055695190592
21.850859534,0.1470730628827692,0.14065546903074747,0.9790738241859096
21.860402323,0.14637846297346854,0.14116683023377283,0.9791043211115321
21.871029418,0.1472384373058363,0.1425816483191899,0.9787703081634211
21.880637632,0.1472036620680531,0.1429254872785005,0.9787253889421474
21.891050105,0.1493691834305633,0.14352556429171903,0.9783093884022735
21.900461643,0.1507645761532023,0.1442457728850932,0.9779893657817181
21.910628248,0.15063974553911055,0.14425873358432165,0.9780066895724997
21.920533423,0.15045065132640112,0.14354997637777908,0.9781400747323468
21.931559181,0.15166560451358593,0.14218072787526084,0.9781524344540526
21.940739596,0.15066793891101427,0.14132887890292503,0.9784300282454282
21.950432486,0.15181632342517817,0.1412391720030781,0.9782654548912307
21.960612197,0.15159428836173108,0.1401566372581897,0.978455563001497
21.970358229,0.15224358905479446,0.1389264855309097,0.9785301841076467
21.980317396,0.1511045471547841,0.13801065656248696,0.9788362858539413
21.991064746,0.15375066122654862,0.13542350256290228,0.9787855787280454
22.000478107,0.15325877797985385,0.13538649656137844,0.9788678376169878
22.01061477,0.15339043528626292,0.1338820102415375,0.9790541260300044
22.020377091,0.1539228574499633,0.13582500821802893,0.9787028768206469
22.031287556,0.15379286770160247,0.13720658223997376,0.9785305859471859
22.041770309,0.15512466898404692,0.13843200566633637,0.9781476968637126
22.051488263,0.15594672515483837,0.1407756097362813,0.9776823853465191
22.060837269,0.1572675543186216,0.1406447670857771,0.9774896244206518
22.071338293,0.15708705556678118,0.14063898271188713,0.9775194798647874
22.081449631,0.15769026543468498,0.14148338692000875,0.9773004816394912
22.091621054,0.1584533346218031,0.14061205561787704,0.9773028141585114
22.101109238,0.1594455099389469,0.1420126946305242,0.9769388537283624
22.111564427,0.1596231034416252,0.14344780389748749,0.9767001548093726
22.121231392,0.1578500167000555,0.14345046619010082,0.9769878893710172
22.130707037,0.15596415610895892,0.14302390265418183,0.9773532346489613
22.140357805,0.1519977687461974,0.14249359078534932,0.9780553434654274
22.15066462,0.1542048991266358,0.1436845307785082,0.9775354749063095
22.161006653,0.15685980154542659,0.14512279228527347,0.9769003929871535
22.170998562,0.1580648519810799,0.14500352775209294,0.9767238501785689
22.180477063,0.1583537127037432,0.1455189623596475,0.9766003958972738
22.190637789,0.15732564101007962,0.14412439844563957,0.9769732854348936
22.200653435,0.15796354026249698,0.14457678818487563,0.976803497263336
22.210555528,0.1558281620574598,0.14123618148523806,0.9776348627934986
22.220485807,0.1574733342342633,0.13921050116024536,0.9776617949842662
22.230792069,0.16075381660280913,0.14239822014528866,0.9766682944311669
22.240566245,0.16140241074054307,0.14210124981529065,0.9766045753569218
22.250625983,0.1574952609846762,0.14155059012832194,0.9773221951852382
22.260780255,0.1597441889599949,0.14098850163806756,0.9770384007291453
22.270906317,0.15888214185137947,0.14194195588722247,0.977040913247561
22.280688682,0.1607227669082124,0.1429483650984651,0.9765930355644793
22.290875459,0.16281236766516644,0.14100350531162062,0.9765296433929175
22.300532734,0.1629733316449569,0.14124571922857385,0.9764677874728618
22.312578311,0.16217011145464078,0.14288872044125642,0.9763624677963865
22.320451564,0.15958309326025227,0.1425824769766157,0.9768333909140814
22.330728599,0.15875408000818506,0.14196847807932633,0.977057876132522
22.34112424,0.16128969129208032,0.14213198073365302,0.9766187257756397
22.439105484,0.164331335358183,0.14525362255031557,0.9756518832838929
22.439386943,0.16327796417583199,0.14787013802874507,0.9754356609710123
22.439810539,0.15733955975805106,0.14648913517910886,0.9766192688093039
22.440076705,0.15811623879605377,0.14504302848424694,0.9767096676684978
22.440376003,0.15562990263176094,0.14519507768864304,0.9770863435857742
22.440730745,0.15460239191569586,0.14458958783129497,0.9773392202836853
22.441037358,0.15733233808497363,0.1439425011833555,0.9769990234108709
22.441519591,0.15552914114318425,0.14335817884023452,0.9773735820119525
22.441852329,0.1587323919497217,0.14109302513814537,0.9771882039828799
22.442179188,0.15579634691465413,0.14120480151833886,0.9776444662126489
22.450614514,0.15500070363695156,0.1415536433225947,0.9777204855858088
22.46038613,0.15410834102401294,0.1419318202476791,0.9778067179294726
22.470638318,0.15724053784985478,0.14666591105384308,0.9766086850890866
22.480480921,0.15516801847131803,0.1475254151307696,0.9768106970821823
22.490639171,0.14876409549969638,0.14366259259461164,0.9783814712979554
22.501277373,0.14704966763081923,0.14421018065364774,0.9785600743160882
22.510956636,0.15446193543984305,0.14482454905585365,0.977326639609781
22.520961207,0.15527189654729479,0.1446285524585263,0.9772273123262355
22.531236474,0.15077108810363116,0.14558208150700416,0.9777903336278874
22.540911995,0.15171500665505924,0.14388531918649594,0.9778954809580906
22.550856751,0.15100548919599102,0.14531591693712484,0.9777937545911213
22.56072152,0.14717213645686644,0.144103515568315,0.978557376473947
22.570653619,0.1457153854437014,0.14300190894910841,0.9789369134330898
22.580385006,0.1433736502524274,0.14626730364670162,0.9788002208301846
22.590813688,0.14227987112524892,0.14515438283268195,0.9791254482532081
22.600594623,0.14213342831297068,0.13921296151705842,0.9800091019483705
22.610670842,0.1396337552216417,0.13516729599174945,0.9809343589134706
22.62056166,0.14006954487889023,0.13924996759713856,0.9803009584416494
22.630476889,0.14122971017227579,0.14007783432163268,0.9800165148079987
22.640616972,0.1384834510906504,0.13738931337258983,0.9807887185041596
22.650657863,0.13540434465199216,0.13696079688701956,0.9812784536335429
22.661013471,0.13570373912454076,0.13411739815238527,0.9816297768000181
22.670464188,0.13582458749548348,0.13495422231457052,0.9814983643955559
22.680739979,0.1301364746707261,0.13256388462371613,0.9825941758700515
22.690419704,0.1335051918181412,0.12719972963723544,0.982851256568264
22.700575932,0.13567162745247438,0.12776332855449105,0.9824814203744896
22.710437816,0.13529423300585694,0.13163647101782386,0.982022051694019
22.722101775,0.13132125533167435,0.13487170417520922,0.9821223708433628
22.730435064,0.1326330413020741,0.1333511506118952,0.9821537287947575
22.740612965,0.12851446612242357,0.13170544196759965,0.9829230430473118
22.750479054,0.1274201705645025,0.13332318791399067,0.9828474081452135
22.760828575,0.1271367925971012,0.13679712155775278,0.9824066283884871
22.770677868,0.12480775661629771,0.13505427826553457,0.982946268018035
22.780565586,0.12427825951183825,0.13304268982780276,0.983287626738022
22.790675557,0.1219785107771169,0.13241057823600444,0.9836608570436275
22.80080062,0.1235603856116559,0.1335841349331666,0.9833046882841842
22.810841193,0.1274536968118737,0.13496627952550647,0.9826187758027167
22.82046241,0.12487350632746838,0.13599407202341662,0.9828083331921711
22.830698246,0.12327865539031445,0.13701146982631987,0.9828683687357059
22.840388691,0.11718066829815223,0.13812629103182714,0.983458091991209
22.850612694,0.11598374732505509,0.137760287337954,0.9836512967454484
22.861227294,0.11581827483568143,0.13832086866253757,0.9835921230400984
22.87086752,0.12160779168822168,0.1396748613604268,0.9827016221135791
22.8802572,0.12155806768718626,0.13647452455864192,0.9831573324380234
22.890572908,0.12054487283768253,0.13513679714147755,0.9834668167716134
22.900437654,0.11881163144428873,0.1366676911696063,0.9834661857043767
22.910739512,0.11869373555562575,0.13917783698263833,0.983128336908608
22.920478422,0.11371508525877815,0.14030418553481572,0.9835566149978358
22.930568684,0.11471731891438375,0.13940585010456155,0.9835679669945134
22.940739047,0.11663534920111855,0.13975180736230508,0.983293256183374
22.950799752,0.11592532591876459,0.13745306496129114,0.9837011607919223
22.960547863,0.11343012831055237,0.1371744404356501,0.9840308830939292
22.970829694,0.11449444792322624,0.13970954654643,0.9835508446432989
22.980343946,0.1166198288329274,0.13731858418699042,0.9836378510203128
22.991279622,0.11485675358326446,0.1351972970713018,0.9841390232182278
23.000550667,0.10769379433896584,0.13733016958514188,0.9846534777182239
23.010618358,0.10536940637259332,0.13981237513588876,0.9845556296926797
23.020638666,0.10766722421594807,0.13989798402753106,0.9842948353489748
23.030923721,0.11276602440725954,0.13915596801701616,0.9838289690310142
23.040836231,0.1154362358730802,0.13888509837123367,0.9835575249561499
23.050704528,0.11401908453411883,0.13745477256581395,0.9839236931088111
23.060754032,0.1111216119852137,0.13823691547124842,0.984145590119065
23.071895298,0.1116794795752209,0.14034007317343228,0.9837847110539396
23.081696117,0.10441786010599055,0.139946386032779,0.9846379636837339
23.091189629,0.10314125478501024,0.13855380169343684,0.9849694033814804
23.101287149,0.10069046732966229,0.13486599133113725,0.985734545489405
23.110970436,0.09907588624111895,0.13388591333238645,0.9860317089103623
23.121456927,0.10068694364528487,0.13439331971715826,0.9857994598267809
23.13233953,0.09759930973309905,0.13591349571221864,0.9859015652806863
23.141693188,0.10066403024774913,0.13542504252151746,0.985660596185282
23.151187291,0.10211954702980836,0.1353435664273619,0.9855220530973161
23.161194685,0.10454326086249595,0.13590332847534922,0.9851908403540695
23.171223425,0.1048367226069888,0.13698180817263397,0.9850102770137888
23.180399643,0.10151500506141503,0.1388769092904935,0.9850928422302646
23.191181926,0.09839699028486633,0.13903568894474186,0.9853867816763836
23.200552991,0.09456156989573701,0.13891531433090182,0.9857792069947511
23.21064751,0.09417981930729682,0.13541149129217434,0.9863031428831983
23.220581052,0.09758649346452841,0.13356362708411476,0.9862239268104548
23.230673173,0.09955268274140545,0.1358146680015822,0.9857198584357572
23.240578655,0.09868100218325551,0.13723094631922844,0.9856113469215123
23.250618405,0.0970330563425583,0.13667157122036822,0.985852660186591
23.263263161,0.09716895707368049,0.1382439128994473,0.9856200151820496
23.276846743,0.09597167509094488,0.13984467101115133,0.9855114943875698
23.280854561,0.09821658273276188,0.14085405570489157,0.9851465057887491
23.290708219,0.09837226961180119,0.14248111373092598,0.9848969635456382
23.301180126,0.1017084668866291,0.14032063864385685,0.9848682684167216
23.310429935,0.09744170864117042,0.13836886304228985,0.9855755532466668
23.320798952,0.08974054945126521,0.1411628024089746,0.9859105928025268
23.331096115,0.08723150269270877,0.14227944306155632,0.9859752659271253
23.340676851,0.09289688221386513,0.13968009933998107,0.9858294168482277
23.350510126,0.09710353147716241,0.13933013844270425,0.9854734987285049
23.360618494,0.09596174831412761,0.14041986115340846,0.9854306700393253
23.371056417,0.08936875461554925,0.1424400368965362,0.9857606512675271
23.380640827,0.09333475014127475,0.14367158319239962,0.9852142409643984
23.390678841,0.09493370477833246,0.14509726787657978,0.9848524633425113
23.400970259,0.09454915229225064,0.14603183116957058,0.984751319920963
23.410447256,0.0960613206427957,0.1454034032595179,0.9846979602887944
23.42083981,0.0934406995660236,0.14567684637228995,0.9849096872788066
23.430500303,0.09271460418609177,0.14513661329687713,0.9850580519194435
23.440685064,0.09229725694989928,0.14446856382703435,0.9851954376798943
23.450422378,0.08926545691365269,0.14684202969081014,0.9851238990696959
23.460788957,0.08919730787801984,0.14672035828206365,0.98514820039063
23.470632163,0.09229756582501727,0.14685347340523866,0.9848427370355094
23.68900533,0.09255248235183458,0.14861845060351828,0.9845540077368651
23.689238708,0.09464196534159967,0.1505827888220821,0.9840567677257465
23.689721297,0.09467257453538355,0.1523111430676952,0.9837877918170435
23.690431502,0.0942680595553925,0.15220991582607338,0.9838423016275935
23.690712194,0.09314149579822471,0.15232986243277827,0.9839310315117011
23.69122135,0.09099808979591044,0.15157273150879466,0.984248472041719
23.691531675,0.08979044501234418,0.15137299488404674,0.9843901118988952
23.69187807,0.09050793785211672,0.150228395117785,0.9844997422478545
23.692208748,0.08634519932688296,0.15218889360810658,0.9845725200387939
23.692525846,0.08638842678044281,0.1535919842566355,0.9843508226696972
23.692935185,0.09108797849737339,0.15351281647556014,0.9839394266676192
23.693337183,0.09183724045924722,0.15331615109813157,0.9839004416490955
23.693728492,0.09316887089528299,0.15421468792771126,0.9836347856412241
23.694118822,0.09300688866526016,0.15311786287422793,0.9838214465692628
23.694507835,0.09301482948786434,0.15316614750281565,0.9838131798032029
23.694904585,0.09314242912762928,0.1529402263913717,0.9838362541843844
23.695280857,0.09265727942043259,0.15270476032513491,0.9839186372584103
23.695673114,0.09305996438869267,0.14976282074322683,0.9843327387377743
23.695940442,0.09319204479527153,0.14961773502083697,0.9843423063925023
23.696445911,0.09387023359779276,0.14909547097766074,0.9843571098835247
23.69677734,0.09380398025169015,0.14891113062722347,0.9843913289257796
23.697059739,0.09596767178448272,0.1515538638960147,0.9837792599513644
23.700526354,0.09668723717905645,0.15294946908635304,0.9834927747944485
23.710692193,0.09624149753993637,0.15397514214595207,0.9833764435618765
23.720607281,0.09486318184746727,0.1539972775414928,0.9835068963863868
23.730841608,0.09357610286134461,0.15387721091611362,0.9836489805484276
23.740785525,0.09139603815579961,0.15255192263927927,0.9840603005448817
23.75059486,0.09018067691826065,0.15017740144437763,0.9845375531720354
23.760695908,0.08976531242382653,0.1502362637715317,0.9845665308822068
23.770608323,0.0864792399701053,0.15296166548152987,0.9844409936341079
23.780912051,0.08733908624529882,0.15150812590834636,0.984589849530035
23.790638583,0.08703664652429259,0.1516364064977496,0.9845968831893867
23.801015057,0.08565171159942876,0.15448577999529278,0.9842753314389904
23.810680117,0.08484894400945724,0.1561889943706668,0.9840760411360292
23.820725359,0.09063102349517801,0.15800118408731376,0.9832708901453471
23.830447441,0.09100564840992459,0.1588084760804329,0.9831062200405914
23.840728892,0.09132739279955399,0.1583930290017868,0.9831434054541968
23.850750531,0.0934348409078303,0.1575968812569953,0.9830733205222268
23.860898233,0.09326111716929235,0.1562772368221355,0.9833004572741608
23.870691603,0.08808368907949225,0.1571461097081069,0.9836393464688952
23.880868135,0.08582473985775667,0.15754931518663484,0.9837745307297657
23.890719116,0.0836893832692737,0.15590733415276942,0.9842199907974768
23.901271132,0.08486323699177463,0.15637669623835296,0.9840449989105456
23.911096102,0.08405523090100371,0.15760210965623306,0.9839188448190652
23.921503561,0.08687006488752175,0.1602984383484792,0.9832385277690642
23.931201268,0.08657754211345658,0.16117528890005917,0.9831209770163463
23.941460297,0.08534750105170211,0.16258349812236542,0.9829966481135756
23.951428907,0.08939446001570993,0.1647032334095916,0.9822838059455757
23.961024944,0.08760256760756001,0.1632696422305717,0.9826844936572796
23.971915883,0.08549399439517215,0.1630235578461117,0.9829110318383621
23.990080003,0.08165946054483283,0.16268871919291408,0.9832924860644956
24.008486222,0.07798470123841846,0.1635666938115784,0.983445129658134
24.008948335,0.08105410757390759,0.1639024163812925,0.9831410018658416
24.010682873,0.08505981767976599,0.1649565344528829,0.982626159410373
24.020624438,0.08657436644059616,0.16509990536225755,0.9824697961386819
24.030810291,0.08363225895850437,0.16451037974891097,0.9828234735782244
24.040591556,0.08024249504334324,0.1651523169039963,0.9829983999022893
24.050988634,0.0760852071418196,0.16717400968992863,0.9829872286751126
24.060679348,0.07563830220232384,0.16769110352085387,0.9829336402015695
24.070851427,0.07528213040885677,0.16855483383764555,0.982813242091837
24.08172782,0.07607840612703254,0.16979730144831012,0.9825380158253634
24.091635713,0.08099501460496218,0.1691152096909646,0.9822626193947945
24.100768444,0.08085434398360512,0.17282521787125538,0.9816282489449526
24.110874135,0.07914366919500199,0.17359036485059684,0.9816326527053738
24.120903966,0.07616163286071713,0.17417675006681693,0.9817646690608454
24.130803611,0.0723694860907307,0.1767400959584738,0.9815933964547403
24.147889679,0.06989211051379639,0.18154588116858017,0.9808956039857917
24.150527537,0.07471381457762481,0.18159220379838506,0.9805315484118327
24.16077191,0.07544743803917212,0.18368463994730844,0.9800855254215077
24.241286858,0.07625655190489317,0.18478517276677878,0.9798159920194852
24.241666712,0.07471089380724304,0.18616435513771332,0.9796739841511982
24.242050517,0.0721593879535781,0.1883822979232881,0.9794412348677722
24.242405598,0.07578198278677375,0.19185544977684246,0.9784930135038423
24.242644127,0.07699567658531371,0.19240940474330495,0.9782894698163201
24.242992865,0.07180421270637452,0.1932593832056838,0.9785167172003637
24.24325089,0.0685269525377741,0.19318091673806334,0.9787671787427934
24.243522765,0.06674172190494398,0.191933741229756,0.9791358340571099
24.250676395,0.06573762892754485,0.19220360428690839,0.9791508252777535
24.260680058,0.0680253982377041,0.1958546129044049,0.9782706761416636
24.270466125,0.0688170782688528,0.20176869422851615,0.9770125914070189
24.280824686,0.07290402226955713,0.20430115696779913,0.9761895516745396
24.482751762,0.07240712790091591,0.20740614947930397,0.9755715745076365
24.483456573,0.07143895368123827,0.2099275520587924,0.975103532340814
24.484633551,0.06958791412644671,0.20994969130165894,0.975232612933893
24.486056226,0.06812483955455524,0.21000089503241834,0.9753248844981088
24.486501611,0.06754351325099735,0.21474984332439526,0.9743307336884433
24.486945052,0.06999715780395806,0.21853454311510345,0.9733154942591025
24.487583479,0.0703957816850794,0.22184722341796573,0.9725370138882561
24.488180573,0.0666695956675586,0.22529923580958208,0.972005874137159
24.488489878,0.06713816515048812,0.22551723751432118,0.9719230640149122
24.48877847,0.0651805221629868,0.2263615070883618,0.9718600555837481
24.489034674,0.06851952671939307,0.22732444921601164,0.971405512258803
24.489325172,0.07018895402429716,0.22728838313238112,0.9712947552756801
24.489573854,0.0702687109919212,0.22802573739641124,0.9711161471937108
24.490409758,0.06822766048283053,0.22980086772282338,0.9708432147050712
24.490648387,0.06357152575187179,0.2336752659587246,0.9702342661402443
24.491002454,0.06270760248835158,0.2361330124719539,0.9696952908058711
24.491571499,0.06373031229824284,0.23781514212496227,0.9692174190915331
24.491897249,0.06624917687619025,0.24130632266150356,0.9681850573143596
24.49220775,0.06627239619097613,0.2437799152330647,0.9675636012335656
24.492473137,0.06579945918240089,0.24600145041239918,0.9670334624852955
24.492735982,0.06505439926118915,0.24948088977895835,0.9661921189762753
24.500937939,0.06580494135041598,0.24911417430117633,0.9662359121126224
24.51093387,0.06794209903770755,0.24895368551087357,0.9661293565816659
24.521028006,0.06809178963226416,0.2508149172209784,0.9656372949944039
24.530854208,0.06903146424862706,0.2530789573973677,0.9649796361925737
24.540840649,0.07086216366909948,0.2535191027888555,0.9647313710465042
24.550656002,0.07153162853268753,0.2534941271785138,0.9646885267305014
24.560381593,0.06910556194040259,0.2539600590387712,0.9647428205081005
24.57073445,0.06721348244694594,0.2565293250632637,0.9641965842917825
24.581069622,0.06689870824189968,0.2589702184099389,0.9635657677669304
24.590749806,0.06771574896748381,0.26171899409427735,0.9627656752668599
24.601068694,0.06985988517073331,0.26670848548344184,0.9612419987781747
24.61061134,0.06913759112920838,0.2707442091414364,0.9601653850817725
24.683213181,0.07042652156299462,0.27415590655290917,0.9591030413686997
24.683788613,0.06786378454686269,0.27725709647350316,0.958396060719189
24.684145494,0.068867914337136,0.2784917101758511,0.9579663761000085
24.684415554,0.0697629643208892,0.28034171964037874,0.957361817203004
24.684756383,0.06975313731605498,0.2824197322597669,0.9567515846158234
24.685123022,0.07068936539892733,0.2832306836261527,0.9564430947380818
24.685403874,0.06817800163693738,0.28869321664091313,0.95499109250208
24.69039217,0.06972832432049188,0.29173986663812645,0.9539527299617233
24.700486149,0.06728270848602828,0.2927219117759239,0.9538275103523867
24.71693041,0.06738065008682743,0.2932960739398098,0.9536442004255938
24.720686595,0.06831520072024173,0.29501974674692377,0.9530458448468963
24.731486161,0.06852039568582513,0.2952402541812137,0.9529628259728028
24.740625191,0.06739733289098214,0.2955333806879893,0.9529520556766276
24.750862491,0.06713741012086596,0.2978994112868496,0.9522334319468159
24.760613016,0.06792081189266584,0.2982426192180285,0.9520704298494999
24.770977955,0.06818947947188929,0.29930737452397405,0.9517170222523701
24.780641996,0.06878594525253054,0.29947477014562074,0.9516214351211009
24.790609361,0.07035037168195615,0.3000788572793716,0.9513167215066269
24.800712444,0.07087892451692648,0.30017966139307195,0.9512456827472409
24.810736469,0.06709953605548277,0.3015264941491125,0.951093804830672
24.820561954,0.0664401940142951,0.3020247230291207,0.9509820015639233
24.830969468,0.06639336994203346,0.301717988931391,0.9510826334146457
24.840546698,0.06597722659918323,0.3015916236893121,0.9511516693412909
24.850895393,0.07033053823799841,0.2997966529160921,0.9514071590499315
24.86072975,0.0703866377133043,0.2994613675152641,0.9515085972272158
24.870433174,0.0695083452439063,0.2994750055127934,0.9515688682457861
24.880730744,0.06648831401076834,0.3003970505573648,0.9514940441833788
24.890620712,0.06597087933216635,0.29982274106124174,0.951711178363827
24.900875662,0.06610112723470504,0.30018858589014136,0.9515868083782891
24.910693494,0.06643042065714645,0.2998526864098335,0.951669777635142
24.920772772,0.06928539589423523,0.30117881434071286,0.9510472415753601
24.930647798,0.070094172136074,0.30082386284388923,0.9511003157271263
24.941079523,0.06917280960484351,0.30072366170767906,0.9511994542158325
24.951525753,0.06974384853841571,0.2999208283527718,0.9514112109446882
24.961791998,0.06928724621446582,0.30017382798017755,0.9513647830920287
24.971181255,0.06660715827070327,0.2990986684247509,0.9518946753783437
24.981073756,0.0662667358035192,0.29972672941867945,0.9517208663247477
24.991092901,0.06375033958543802,0.29930563623009615,0.952025225676105
25.001821739,0.06316943110144774,0.29910296436391975,0.9521276383358669
25.013328581,0.06277883700773491,0.29897336581426054,0.9521941735579191
25.021755205,0.0647472357832248,0.2984100113201406,0.9522390774392455
25.030909145,0.06471841253753663,0.2982788494749104,0.9522821299565297
25.041126397,0.06468927201008236,0.29830344409291476,0.9522764059500325
25.050610939,0.06545237926506389,0.29878098655835006,0.9520745286582144
25.060425829,0.06437722893978243,0.2981563684838141,0.9523436104298589
25.070705425,0.06342698256620097,0.2980812117469781,0.9524308946511554
25.080684045,0.061749495254505994,0.29782350762694826,0.9526217287783199
25.091155353,0.06110569250790463,0.29828008975059606,0.9525203842446134
25.100532922,0.060195725695454234,0.2984301685373779,0.9525313166057849
25.110734955,0.05887918914058255,0.2978373646913469,0.9527991106628203
25.120617866,0.057995373935721795,0.29823944981218137,0.9527275408939236
25.131046177,0.056034118838475665,0.29756668276373566,0.9530552170965656
25.140715943,0.05424966519053355,0.29697667987800225,0.953342449194073
25.151036824,0.053133533751046964,0.29617263544560773,0.9536553872360443
25.160619095,0.05250107144518853,0.295952541837732,0.953758738086783
25.170914934,0.05182364496136948,0.2960163682527821,0.9537759797506704
25.180667433,0.05207779866008784,0.2960704544924483,0.9537453480166257
25.190794622,0.055249666465923185,0.2965853158306487,0.9534068516583247
25.200793622,0.05615085673566991,0.29638021115277874,0.9534179837431664
25.210806976,0.05257911331770463,0.29736239821128957,0.9533158138690212
25.220769368,0.051440656357426645,0.296191974073324,0.9537421943943052
25.231068086,0.05188560595811011,0.2946580666560453,0.954193118634211
25.240686968,0.051115877727815014,0.2931234979052412,0.9547071708225048
25.250938183,0.04780609429396218,0.29267295655591397,0.9550168154797992
25.260745409,0.04724896341121654,0.2911772890822892,0.9555016074184567
25.27066215,0.045607730439808404,0.2901695215052362,0.9558878510126342
25.282172267,0.045581698137374976,0.2886880257879768,0.9563375620363103
25.290554456,0.04431087596796925,0.28722947433048557,0.9568363367613002
25.300929811,0.0419624423609313,0.2872543333729381,0.9569347424927024
25.310504767,0.03926507392426357,0.2858381231020833,0.9574731439320898
25.320755352,0.038138927654140786,0.28470617430636697,0.9578558432818715
25.33072784,0.036229318630601005,0.2830321561379963,0.9584259152712009
25.340679682,0.0388480279462396,0.27946305473529337,0.9593702266396985
25.350775242,0.03928475175246196,0.2765964689298982,0.960182848032217
25.360654811,0.03996742697322712,0.2754393677628084,0.9604872510697704
25.370674672,0.039913809792348785,0.2748190753752611,0.9606671450600082
25.380927543,0.03981509401628901,0.2735605632973911,0.9610303723071859
25.390786356,0.03900099080366173,0.27170114728437494,0.9615910821553448
25.401021071,0.039351769045526126,0.270079749316172,0.9620334543467298
25.410585731,0.039643253406647046,0.26809627715922874,0.9625761261493546
25.421239668,0.03893787342852728,0.2658304217947748,0.9632331124194581
25.431073893,0.03749868852738728,0.2638708052015515,0.9638288471098023
25.441367146,0.0357951253617185,0.26179390806047276,0.9644597755753029
25.451103441,0.03520477768236465,0.26166150645380204,0.9645174335742523
25.461258689,0.03674769971033299,0.25815779339846934,0.9654036255751439
25.471014883,0.0376495296518415,0.2547911249643011,0.9662629018835511
25.481382598,0.03535484012387208,0.2525116196732162,0.9669477324084402
25.544257079,0.03298621783369876,0.24986212139114508,0.9677193961717128
25.544831915,0.030970664442991784,0.24731380423619476,0.9684403441504184
25.545740421,0.02654782615462164,0.2454779972683504,0.9690385780677588
25.545985737,0.023982016962847828,0.24555304689952454,0.969086458485905
25.546377774,0.019742663376389642,0.24321068128079043,0.9697725464013407
25.546807603,0.018450148680947638,0.2414205185197865,0.9702451882134168
25.551340841,0.01843448309991337,0.23908512572482468,0.9708236052393782
25.560464495,0.01618702668295685,0.23787418325454315,0.971161085046219
25.570586355,0.016749898137337023,0.2380565996143809,0.971106840822588
25.580398542,0.01602890437861275,0.23672438541032334,0.9714446147756063
25.590741587,0.013988850370379599,0.2343103778960132,0.9720611909111189
25.600396082,0.012418962278440849,0.23147426592580633,0.9727617558220697
25.610797952,0.007801219206213998,0.225226878924167,0.9742751120648496
25.62068076,0.005207641833823096,0.22282407045086314,0.9748447641005411
25.630885531,0.002964916477770216,0.22025869586832816,0.975436987285526
25.650611709,0.0007278652916551883,0.21854805070261507,0.9758259167219349
25.650884729,-0.0037258716394886673,0.21775076811716312,0.9759972955213102
25.660723429,-0.00923076198221102,0.21551653313231878,0.9764565617475535
25.67095355,-0.014197406860991631,0.2152682014353576,0.9764517576865792
25.680755069,-0.02173226438415959,0.21463252209456848,0.9764530655100948
25.691769282,-0.026197912391318637,0.21363411818524883,0.976562406061972
25.71211111,-0.024148627710267653,0.2118573766445657,0.9770021984320167
25.71246844,-0.028469249493240735,0.20903308991745678,0.9774940762750698
25.720630116,-0.033884731735115234,0.20791408696885308,0.9775600019411329
25.730840819,-0.03789289369685681,0.20764280167992646,0.9774705087713845
25.822837688,-0.04188371178445625,0.20698538782405718,0.977447084969044
25.823597515,-0.04668050984340055,0.2067574822689798,0.9772779919380937
25.824408441,-0.04979251777855507,0.2069905326816467,0.9770750352728497
25.824884612,-0.05335456488428399,0.2055139650741668,0.9771987006568843
25.825437577,-0.05550033800737273,0.20164806887997683,0.9778843330363993
25.82569512,-0.057077096531801035,0.1998846748689745,0.978155571370947
25.825957286,-0.059009540636266726,0.19906240637687048,0.9782085833202173
25.826219103,-0.059132769495281165,0.20073328810911759,0.9778596333915824
25.826474614,-0.0602872251975719,0.19934958951633105,0.9780721812001647
25.83067538,-0.0612096263763028,0.1979392280541676,0.9783013051387561
25.840929183,-0.0629393532717331,0.19716218549858994,0.9783484606310553
25.851247356,-0.0641685262547956,0.1963854217989318,0.978424839393984
25.861417143,-0.06416265965111975,0.1968773708498792,0.9783263535005758
25.871452697,-0.06398481481175132,0.19688342447309767,0.978336782831583
25.882202758,-0.06484628341371745,0.1966142164765587,0.9783342012864198
25.891521469,-0.06529960337803827,0.19652196364547952,0.9783225846333079
25.901471946,-0.06450165123784038,0.19596207034131352,0.9784878149344213
25.911791576,-0.0642400172224123,0.19616416340457177,0.9784645324093504
25.921195178,-0.06451741201652886,0.19632106662121857,0.9784148109812099
25.931155077,-0.06445702007624164,0.19729178506085598,0.9782235143924889
25.941200864,-0.06464406272332243,0.19579115501299454,0.9785126308705988
25.951242758,-0.06500889591028482,0.19632942081627797,0.9783806017979253
25.961306261,-0.0652042979245134,0.1956009461432921,0.9785134998557864
25.970846075,-0.06558159223813433,0.19522962420380716,0.9785624398027707
25.980727657,-0.06565271092082955,0.194584467863895,0.9786861633919582
25.990977086,-0.06513413560834196,0.19390620967558303,0.9788554164062244
26.000567234,-0.0655295477935336,0.19337462946900041,0.9789341811601543
26.010918436,-0.06725596199277988,0.1930065009669174,0.9788897415750831
26.020782999,-0.06642234219464073,0.19224018134849152,0.9790974339321278
26.036436857,-0.06585682957415001,0.19204607455041636,0.9791737247537933
26.063964897,-0.0659108288537819,0.19219072447535474,0.9791417098997702
26.064284215,-0.06560199375076484,0.19067242528439618,0.9794592409345533
26.064613169,-0.06537860544634713,0.18990458844744718,0.9796233384502927
26.070773566,-0.06537552294850109,0.18923748108072347,0.9797526303886266
26.080628722,-0.06540460047649367,0.18833684186118607,0.9799242175975981
26.090839134,-0.06530877027418794,0.18778776960964283,0.9800359779672934
26.106127361,-0.06392519023638654,0.1873247502870869,0.9802157966402717
26.112142613,-0.06467363512878134,0.1864973868265609,0.980324459363375
26.120973955,-0.06359457766771207,0.18647111059981136,0.9804000482471114
26.13091068,-0.06407065448425175,0.1855981233027144,0.9805346948784985
26.141081191,-0.06402508253204664,0.18389456543526586,0.980858592056031
26.150681012,-0.06365190605562035,0.18267336798225103,0.9811110413635694
26.160870332,-0.06403138270480668,0.1806850915827702,0.9814544715414142
26.170629419,-0.06473809999489026,0.17872291882818273,0.9817673332794213
26.180810672,-0.06456860240099209,0.17557293032515647,0.9823467013845064
26.190569013,-0.06505517157028604,0.17384599222184785,0.9826216950792213
26.200760288,-0.06354512073341573,0.1704401058860565,0.9833169315823487
26.210659069,-0.06496200182858705,0.16847092169594352,0.983563666907914
26.220605407,-0.06539626945805953,0.16763565675739675,0.9836775968397803
26.232261323,-0.06647889434045959,0.1651405511794086,0.9840270092652088
26.241382106,-0.06686082152042122,0.16440616239227251,0.9841241000570307
26.250735468,-0.06724764845800042,0.16293534923564718,0.9843423315830355
26.26081159,-0.06706242504149353,0.16183520254273484,0.9845364383127251
26.270630382,-0.06588684901056016,0.16102792706561128,0.9847481555364355
26.280894447,-0.06920289952024819,0.16121255942305118,0.984490461803597
26.290890861,-0.06938425051929412,0.16031771291945657,0.9846238148166794
26.300823863,-0.06948065575726399,0.15969200623548055,0.9847186916170669
26.310644558,-0.06990585979940374,0.15974194128631797,0.9846804979077147
26.321261359,-0.06993218266333683,0.15793329416366098,0.9849703368236814
26.330682819,-0.07038009973265391,0.15565129777260647,0.9853016365881696
26.340984196,-0.06937882357649049,0.1530305205042336,0.9857830586053634
26.351244705,-0.06761717354713827,0.15015728018496952,0.9863471544283731
26.361387574,-0.06632427256598765,0.1484423095977765,0.9866944671933001
26.37077277,-0.058903445785431115,0.1478182788627319,0.9872589024712122
26.380896813,-0.053989700678422486,0.14940187689640777,0.9873014693600356
26.390515376,-0.05279638689541681,0.1490219985731641,0.9874234073952518
26.40076397,-0.052116825839256635,0.14561561911732399,0.987967574333044
26.410666325,-0.05351916729536045,0.14071082968816584,0.988603136319362
26.49410579,-0.055873827877745114,0.13833520677699854,0.9888081138038123
26.494516081,-0.0561729650766228,0.13557487686029296,0.989173417939856
26.495013841,-0.05269246019854762,0.13444089774213533,0.9895196560213008
26.495325186,-0.048570740820306206,0.13351297597514528,0.9898561351946186
26.495586893,-0.04763071830268998,0.13095686409697435,0.9902432097317589
26.495846894,-0.04714586198822985,0.12638078459741356,0.9908608201871387
26.496107151,-0.04524984933722064,0.12536488039353358,0.9910782501391473
26.49636748,-0.04620366761230738,0.12492875408653488,0.9910893135845819
26.500787236,-0.04144614570590938,0.12136722660356769,0.9917420094523994
26.511056839,-0.03958706001815959,0.11952771502236316,0.992041324754494
26.520886139,-0.033299014020225344,0.12077300008065532,0.9921214936270654
26.530525383,-0.031378545100286745,0.12024441391198924,0.992248289406614
26.540660118,-0.03168685211607452,0.11810401534984288,0.9924955339754522
26.550836709,-0.03318997166901445,0.11638157297899389,0.9926498653863532
26.560665562,-0.03184826994125231,0.11462841522409674,0.9928977863430662
26.57048781,-0.030484115433463573,0.11340104828006868,0.9930815278491595
26.580495963,-0.027018501059269347,0.1129094709032315,0.9932378627402717
26.591035903,-0.024396685002900605,0.11240076946582607,0.993363412243656
26.60088325,-0.018463184897715344,0.11235790766043371,0.9934962563540953
26.610844343,-0.016993155027779774,0.10976781439944142,0.9938119840312711
26.620796588,-0.01688759847388753,0.10725191921239181,0.9940884441753879
26.630906428,-0.01650513512008177,0.10293639045185855,0.9945509941855222
26.641743329,-0.016731201811806994,0.1017687988911607,0.9946673707617955
26.650921871,-0.015541568117951378,0.09921868899803583,0.994944275532025
26.660647715,-0.016849104687767163,0.09805552597719716,0.9950383015223867
26.670546476,-0.01722331511924972,0.09682393044667723,0.9951524927915119
26.681055475,-0.016946632367047583,0.095200469441683,0.9953138611862589
26.690683529,-0.014820227496178472,0.09223154291804206,0.9956272913836376
26.700881394,-0.01203283277750217,0.09056926014232737,0.9958174632193493
26.710740498,-0.010950563751476482,0.09083833122777588,0.9958054442175328
26.721077135,-0.009799864248024488,0.09060609558528611,0.9958385903867706
26.730784168,-0.0060942257421692314,0.08979558814435204,0.9959415709580626
26.740891564,-0.005243196400091744,0.08750738237895977,0.9961500724894281
26.750768518,-0.009409210261098613,0.08707174649616074,0.9961576068697017
26.760667234,-0.007836071071847939,0.08704817965148627,0.9961732833245025
26.770723375,-0.009491796643269438,0.0852216099537406,0.9963168085470482
26.780788412,-0.00863171517333388,0.08297767266023823,0.9965140236509754
26.790653947,-0.01001963620952459,0.08260168894186411,0.9965322713661512
26.800863484,-0.00664714523398288,0.08024159591862189,0.9967532802778585
26.810856361,-0.0057664731680577164,0.08032616663767798,0.9967519524638505
26.820628887,-0.006225780074138939,0.07808757946701687,0.9969270633278299
26.830611719,-0.003983074528117726,0.0747278040897238,0.9971960140379781
26.840976196,-0.003790461920123117,0.07108500199741355,0.9974630594109538
26.894803802,-0.00510913531535559,0.06841425163288688,0.9976439178934743
26.895183563,-0.0029930403789368972,0.06816552417035078,0.997669535980663
26.895437579,-0.0019721353471416885,0.06706168839973255,0.9977468820453161
26.895782992,-0.0006613172470709086,0.06825986616730935,0.9976673560512641
26.896042845,0.0008373134492022493,0.06745874500458596,0.9977217130185121
26.900950292,0.0013339995698712762,0.06718995425883297,0.9977393098860261
26.910592926,0.0006689595674971905,0.06455914040679887,0.997913658531154
26.92106052,0.0011143575571321404,0.06451442368313211,0.9979161524617529
26.930526721,-0.0012743317727375973,0.06387203313668961,0.9979572833851751
26.940828291,-0.007548619225044738,0.0631565677770533,0.997975083002786
26.950560439,-0.008157274001472665,0.0627835697373255,0.9979938287644384
26.960808832,-0.004786789089954316,0.06332731302047347,0.9979813315267052
26.970614759,-0.004759426606151853,0.0631777701308496,0.9979909404496989
26.980960578,-0.004537761793179909,0.06275028020306025,0.9980189432332164
26.990721738,-0.002041045476246327,0.06417039155533798,0.9979368692362252
27.001056248,-0.002545579471216647,0.06442132382680586,0.997919542378822
27.010636441,-0.0030650858422251403,0.06263204281092151,0.9980319796790635
27.023097525,-0.0035822547469382578,0.06136848208775806,0.9981087500153341
27.030970878,-0.0023642826732359025,0.06098000958180133,0.9981361874007197
27.041245259,-0.0025186564884501204,0.06010466287900426,0.9981889028984918
27.051586586,-0.0008206445364705008,0.06058952836434292,0.9981624294648298
27.060715005,-3.6831293650341375e-05,0.058832163558687624,0.9982678874803395
27.070945349,-0.004633075307578965,0.058209500270734155,0.9982936385109473
27.08071786,-0.008263984098729669,0.057906807109555,0.9982877882941337
27.090948257,-0.005842080827753054,0.05718323338428188,0.9983466071016223
27.100705256,-0.005028321279517586,0.05918988569060235,0.9982340774673261
27.110999235,-0.00441463406124365,0.059642934273438246,0.9982100136731548
27.120918711,-0.008533178760544106,0.058457603060448775,0.9982534214840777
27.130922667,-0.009671873372706918,0.05581966255694146,0.9983940204836423
27.141061051,-0.006261155682438109,0.05355889900463469,0.9985450627122102
27.150963741,-0.006651387233711551,0.04868238951989661,0.9987921625636138
27.164575827,-0.007230512064869307,0.04726907161683284,0.9988560229401245
27.17105165,-0.012485592199111285,0.05127946070377831,0.9986062922380207
27.180835715,-0.0069125714191658185,0.05157230463652647,0.9986453393226509
27.191219943,-0.004053724775221546,0.050660526698245244,0.9987077041607836
27.200761724,-0.003756168782840711,0.049299785363719005,0.9987769632701619
27.21150654,-0.0069426792623064676,0.04839286710497684,0.9988042498998595
27.220606122,-0.007823859953195006,0.04782496350263722,0.9988250898337528
27.231016708,-0.008031236793795951,0.04770028197900357,0.9988294060222124
27.2407605,-0.012582603713795083,0.04723871255960054,0.9988043763017326
27.251125117,-0.010303772367698572,0.04452784974548259,0.9989550054291927
27.260749016,-0.01149252394361801,0.04625908337547251,0.9988633635781555
27.270564854,-0.014360722708996609,0.047891239388662896,0.9987493173129547
27.280645572,-0.013655362444351065,0.04918964278724156,0.9986961049883879
27.290686373,-0.015444165245681986,0.04737043453068079,0.9987579885498983
27.301462726,-0.012495423599238789,0.04349719168813441,0.9989754044541445
27.310601424,-0.012765639358772193,0.040798625461959025,0.9990858374595131
27.320894016,-0.012829701003845973,0.040221910681495866,0.9991084008621295
27.330797511,-0.01602708155989933,0.04151545774320167,0.9990093089781721
27.340850521,-0.015275992451920578,0.042686407492328486,0.9989717286640337
27.350831331,-0.01393549863940758,0.042090341972642234,0.9990166189760293
27.361123596,-0.010086545712129287,0.03965091083731565,0.9991626828827067
27.370614962,-0.008721068250615093,0.04019287103082314,0.9991538800839778
27.380485872,-0.009944296096064863,0.04060719008666966,0.9991257013451406
27.390694811,-0.009063838180386611,0.03965640328872795,0.9991722656857733
27.400984164,-0.008491827195658727,0.04063364626642724,0.9991380263316846
27.410988822,-0.007770228896079255,0.04083844304682758,0.9991355489183705
27.420675361,-0.006814321161036154,0.04076227870966488,0.9991456358617146
27.430729546,-0.006437927894470068,0.040172449411938906,0.9991720209216585
27.441697795,-0.007509686396492016,0.04091932596865841,0.9991342319090549
27.450956506,-0.007659170529900414,0.040711873728462585,0.9991415717726451
27.461008353,-0.006516021236397541,0.04083215173452125,0.999144772719137
27.470519768,-0.006146905118373083,0.03939066878410658,0.9992049793561912
27.480756884,-0.007084540865742479,0.039025822724095105,0.999213087605156
27.490780724,-0.007420511342276246,0.0384741672766509,0.9992320423524195
27.50070148,-0.007223121335236639,0.03808971546830838,0.9992482174583649
27.590666997,-0.007740587746603074,0.03768513747985379,0.9992596828224692
27.590915912,-0.007998311231432494,0.03612295609218558,0.9993153451541746
27.591291946,-0.008674934338409697,0.035800091273721954,0.9993213191856849
27.591563643,-0.009152646748785968,0.03544263994866874,0.9993297995811798
27.591869051,-0.008562487944212048,0.03416569492157933,0.999379502036504
27.592143204,-0.008496709733899965,0.03375706718355157,0.9993939495208399
27.592453522,-0.008721296577740805,0.033727762564402755,0.9993930042873036
27.592767868,-0.00830121814248712,0.03366766192424615,0.9993986083229782
27.593041158,-0.008396382608004994,0.033391494847081205,0.9994070786376177
27.600545281,-0.008496661300613472,0.032711961061435195,0.9994287039855608
27.611051981,-0.008167949557859103,0.03247077987652747,0.9994393093401072
27.620703388,-0.008031752314203857,0.03191252828981546,0.9994583940779702
27.63137199,-0.007707917293718121,0.03175729948285972,0.999465888332638
27.641079125,-0.011511520818324524,0.03273434807906237,0.9993977923451143
27.650943937,-0.007569339408087159,0.03198764186604851,0.9994596019193446
27.660763972,-0.010609262704518271,0.031813610324847905,0.999437510674362
27.670921596,-0.011060119561493604,0.03155767354909798,0.9994407371102371
27.69173557,-0.010453098168988581,0.031416112143016116,0.9994517300182572
27.692056916,-0.009990833178832486,0.03086654570942114,0.9994735812458283
27.70076444,-0.008842476707453665,0.02976251924576655,0.9995178853096244
27.711050122,-0.008686708377216686,0.02952552474098734,0.9995262800378681
27.720762958,-0.008319197510468689,0.02949075888992304,0.9995304327997615
27.730958229,-0.003413769667758419,0.028372220601101106,0.9995915982414108
27.740680021,-0.0022262367818046,0.027973579846838743,0.9996061838045742
27.751116083,-0.0022079342549440584,0.02751954250726227,0.9996188272569285
27.760837185,-0.0015417703268432474,0.0260049167313026,0.9996606260376856
27.770917439,-0.0005399340952404563,0.026362302248993382,0.999652308300894
27.780704484,-0.0003470036452938814,0.02559388732845957,0.9996723625868069
27.790657674,-8.060111739265843e-05,0.02565413056965113,0.9996708753825808
27.800608567,0.0005950544444190171,0.02524192827187009,0.9996811946652423
27.811654538,0.0011334281981624265,0.024928582631295968,0.9996885920668068
27.821341511,0.0021723349825115705,0.024671235835120445,0.9996932584963709
27.833120149,0.0020972047691106346,0.024370035507870376,0.9997008067924631
27.842726526,0.003282411184211829,0.023876084062354305,0.999709537008958
27.851360977,0.003803936102503043,0.023992776870197286,0.999704894820559
27.861252651,0.0039425604815251794,0.024131611501595467,0.9997010160758995
27.871369022,0.0045089520318896525,0.023478151931336764,0.9997141820207729
27.912194575,0.0056995179826906965,0.024530819904487796,0.999682826885397
27.913271044,0.00560727262898779,0.023761710773187544,0.9997019253731563
27.913630654,0.00630748342401853,0.023778800805131697,0.9996973463429448
27.913940426,0.006753377666881929,0.02444583431776274,0.9996783448062668
27.920667999,0.007217826378175648,0.023695485992048154,0.9996931663895553
27.931019524,0.007699305825666227,0.02312188508572851,0.9997030054570634
27.940991636,0.0085305187692121,0.023223281603693486,0.9996939078743471
27.950675638,0.009294622852526557,0.022748999085787387,0.9996980009115874
27.960547977,0.009472563377071704,0.02238110364789025,0.9997046347509696
27.970786402,0.010056230864932533,0.02211086396437987,0.9997049474297605
27.982484584,0.00973188944567148,0.023066925328396277,0.9996865545178206
27.991545306,0.010305130907101431,0.022098395020059995,0.9997026884101717
28.000966494,0.010971519407915303,0.02311744697306348,0.9996725510922712
28.011202787,0.01368097299164171,0.022831884296452755,0.999645705256355
28.020699629,0.01691933598984922,0.023607232864161606,0.9995781283252251
28.031156321,0.017888056755916825,0.023677032608242794,0.9995596108048611
28.041329186,0.018533541649475734,0.022690234440000137,0.9995707384147382
28.051213568,0.018348891722475693,0.022527924317552142,0.9995778162797029
28.060765689,0.017588773698240027,0.02228197472665488,0.9995969931137613
28.070878275,0.018070190993054257,0.02200835273655816,0.9995944680755781
28.080718294,0.0172018973431402,0.021948437231071267,0.9996111047957149
28.090963752,0.017364002736352215,0.02116902445909537,0.9996251116355682
28.100551748,0.017308966953672962,0.021695545092310888,0.9996147772948057
28.111645108,0.017241973819872716,0.021320466833485978,0.9996240053304027
28.120663627,0.017840893726245803,0.021585956219087078,0.9996077975912135
28.130772524,0.018838573959552206,0.020954313557361774,0.9996029336063946
28.140777726,0.019194352605044148,0.021178179794076362,0.9995914473066899
28.150837511,0.021497886704904823,0.02163043997834025,0.999534874295823
28.161109591,0.02279181313663101,0.023690497072073075,0.999459500731482
28.170811839,0.024205549917906723,0.023630611077458605,0.9994276790109816
28.181438527,0.023440512926493042,0.023143935664627985,0.999457303037851
28.190857836,0.02114933190145593,0.02442662676600088,0.9994778865312411
28.201497482,0.021516139248320944,0.02424488368422829,0.9994744825992233
28.210865125,0.02192554243873812,0.023827116994556117,0.99947563206138
28.220742413,0.021597726247771506,0.02297045186343134,0.9995028246894134
28.23083505,0.022617970896545297,0.02324578564120839,0.9994738920264232
28.241190399,0.023410609034533604,0.021872194695526422,0.9994866434744555
28.25186107,0.022461750474387053,0.021897307294020705,0.9995078677523743
28.260678316,0.02788691898578218,0.02030432056487185,0.9994048500562118
28.270779178,0.031967866382842325,0.02150000691230615,0.9992576270520529
28.280567344,0.03342148049031169,0.02236274890061432,0.9991911289155062
28.29085454,0.032001671633037944,0.023215283444345182,0.9992181661815852
28.300616969,0.03205870406263275,0.022999813012907714,0.9992213208770097
28.310731312,0.03134025495604599,0.024475095862162077,0.9992090662628258
28.320606461,0.033213383851372215,0.02740881392126134,0.9990723837903693
28.330902472,0.035775554962222754,0.028212605254342216,0.998961540086458
28.340610376,0.04105962071057651,0.028558716920517008,0.998748470454377
28.351000968,0.04125570112724976,0.027050191610846167,0.998782385837033
28.360746383,0.04244257859464107,0.02561011357645271,0.9987706191137379
28.371033297,0.040133325819787374,0.027238223123361324,0.9988230050212725
28.38059835,0.041471041905242034,0.028720235630805863,0.9987268399059899
28.390877614,0.04163860638457535,0.02837549006936488,0.9987297222080025
28.400702808,0.039454206010137424,0.030176026987839513,0.9987656246704424
28.411082732,0.04837308575823299,0.029574481386856137,0.9983914035211469
28.420755862,0.0492034931213096,0.031717457786924204,0.998285039022521
28.431024207,0.04704133624546956,0.03211279834045873,0.9983766227566558
28.440849468,0.046039317235711544,0.031112137184772962,0.9984550146041962
28.451096832,0.04590883294763099,0.02989852245308547,0.9984981008557348
28.460686864,0.04724573542583991,0.030145163096530016,0.9984283197235319
28.470921716,0.05174823025604329,0.031038034610932942,0.9981777201845662
28.480806701,0.051220331747563304,0.03242415716277163,0.998160884651344
28.490843183,0.05064890899613965,0.03438020258366912,0.998124586255547
28.500650473,0.04843293781029315,0.037281640793426066,0.9981304172275356
28.510684824,0.04986798973014098,0.03807375596291854,0.9980298455993943
28.521068282,0.04980063815773591,0.038498905479538756,0.9980168990132181
28.53080887,0.053193062375332396,0.03684000992873112,0.9979044602483672
28.540804383,0.05611851228313815,0.03840684225159408,0.9976851342219091
28.551030496,0.05733563474285391,0.04087877994916254,0.9975176942483286
28.560856852,0.05549687601773885,0.043175482777870956,0.9975249242195253
28.571316801,0.055589634733046095,0.044753273688987634,0.9974502178075683
28.581040469,0.055512000481067275,0.04543255998727759,0.9974238318265675
28.59125318,0.05400251437635455,0.045325309137685794,0.9975115762699723
28.601184493,0.0529238508438544,0.04421722087127723,0.9976191173941475
28.610697792,0.0527951332841646,0.044567019598249484,0.9976103721722407
28.661499247,0.05202194060345851,0.04590572060526791,0.9975902878995773
28.661911906,0.05512018785011116,0.047370280455871674,0.9973554137923454
28.662225835,0.05925918587908703,0.04948315064569646,0.9970154295150718
28.662503305,0.06107176923394468,0.052384919751589536,0.9967577735765372
28.662788489,0.061380617127570154,0.053676501816912484,0.9966700823209943
28.671058178,0.06123021987520507,0.054463659244399436,0.9966366288651767
28.680647143,0.06390325070961954,0.055893857380872373,0.9963896081633079
28.690743226,0.06501380579622429,0.057135671206938146,0.996247318757558
28.726716103,0.06300581254605629,0.05736628719934963,0.9963630747264639
28.726984383,0.0620035709900298,0.05797893327525973,0.9963904859445153
28.727252658,0.062337509838703245,0.05789352439425252,0.9963746156442976
28.730956747,0.06481442998209329,0.058352497136059424,0.9961897789799303
28.740781927,0.06853989297272353,0.05949589101229138,0.9958727438904738
28.751149465,0.06575713359272921,0.0606189493538278,0.9959926417202619
28.760842191,0.06620482985730308,0.06197323205589639,0.9958796307848211
28.77104573,0.06579802851453148,0.06505997027540214,0.9957097065467247
28.780791788,0.06562905076459369,0.06638521656455394,0.9956333816809357
28.792848245,0.06941410049810932,0.06507742019668532,0.9954630138948319
28.822579834,0.06932272601574237,0.06639185401662355,0.9953825804071426
28.822825239,0.0677356454015967,0.06778164991026818,0.995398176750124
28.823070441,0.06634076830127639,0.06999844992452674,0.995338695856521
28.831322159,0.0667224266503952,0.07057675575481442,0.9952723443002965
28.840888805,0.06704796770991484,0.06916363692893836,0.9953496678819621
28.85046636,0.06576355605340733,0.07151759147224512,0.9952690032374261
28.860592922,0.06481723588897317,0.07203785963430234,0.9952935610718185
28.870948076,0.06344954699565085,0.07303255464631814,0.9953091986653592
28.880800311,0.06333373856534781,0.07502999767050511,0.9951679943652227
28.890879211,0.061823279924480265,0.07653488412173337,0.9951483776662916
28.914040863,0.06474113976369895,0.07722998835954592,0.994909098219572
28.914310804,0.06426642017878473,0.07876718037362976,0.9948193597499961
28.920758799,0.06415856318098082,0.07976605185542689,0.9947467294452139
28.930939872,0.06431822250507833,0.08094760982831782,0.9946409657343045
28.940720173,0.06126292528624695,0.08276547909443924,0.9946842360546586
28.950897361,0.06455123925805324,0.08298865197629453,0.9944576517647229
28.960618697,0.0637091546016373,0.0840695273966328,0.9944211674050646
28.970887894,0.06363036096556185,0.08575303141955393,0.9942824522064893
28.980961824,0.06369665053845734,0.08670651484043193,0.9941955124593993
28.991001173,0.06349438727745293,0.08816696832665342,0.9940800010463684
29.000768571,0.05993011239967399,0.09026343383736656,0.9941131193881558
29.011008822,0.05936631146971128,0.09200815362656675,0.9939869922331536
29.020920654,0.060537491578599306,0.09259437324430282,0.9938619089978575
29.030880587,0.06429832858328041,0.0956603268738991,0.993335203646672
29.040709687,0.06412996712120857,0.09700812646605295,0.9932153697545055
29.050645876,0.06450855105381072,0.09697601613470366,0.9931939886726963
29.061017345,0.06331095513030453,0.09960392171743968,0.9930109675824305
29.071309642,0.06250182673347328,0.10088588593928591,0.9929328072297865
29.081223419,0.06252379420643625,0.10265673507706202,0.9927499029974011
29.090627987,0.06247668298942003,0.103271809141357,0.9926890739397259
29.100783001,0.06256203154750346,0.10423168343181204,0.992583370995918
29.110742111,0.0619655308083856,0.10439766168765474,0.9926033453629829
29.120702905,0.06216958457426061,0.10552217000394268,0.992471669314305
29.13076376,0.05807196663091932,0.10401152166630512,0.9928792726471216
29.14116087,0.056590944338242265,0.1056158772279766,0.9927954227816881
29.15088056,0.05987293861673895,0.10564186562199114,0.9926001347215813
29.161607163,0.05995041198740347,0.10677428195463308,0.9924742821935555
29.171331961,0.05988460921135199,0.10685834322389007,0.9924692076145482
29.181829656,0.05926551684114805,0.10718717015023344,0.9924709109433568
29.191175936,0.059940005184821746,0.10798338060626557,0.992344086137105
29.201855677,0.06114538547467835,0.10637502222082033,0.992444253589426
29.211502568,0.061069015422725116,0.10833539938814384,0.9922368752443695
29.221187854,0.060860598573105884,0.10946415779127211,0.9921257912686128
29.231048555,0.06027859776769593,0.10943284151347964,0.9921647765615579
29.241819141,0.060190960433842026,0.11125306653729808,0.9919676423493357
29.251226982,0.060078311700462905,0.11235340376718632,0.9918504469551594
29.260466384,0.06026470279544455,0.11295812262786187,0.9917704513290189
29.27085632,0.05643973986247543,0.11356080946279404,0.9919266597477916
29.282469583,0.05627521826077968,0.11403752629810007,0.9918813146770695
29.292536628,0.0559866312190406,0.11493980713245826,0.9917934955730939
29.302131918,0.055833080811448575,0.11542443003255402,0.9917458686774362
29.313458368,0.05956953049162258,0.11576479346771969,0.9914887713082704
29.321052203,0.05476029510178884,0.11661325369886429,0.9916666068503714
29.330997716,0.05739058860737607,0.11572032432869893,0.991622471950167
29.340838905,0.056105344653409724,0.11624743832374017,0.9916343698079906
29.351749981,0.05496857059893444,0.11700297796852113,0.9916091767389045
29.360595002,0.05500947359709591,0.11809496670503095,0.9914774514095155
29.371171889,0.0553430106601044,0.11887991273480242,0.9913650778190856
29.380721005,0.05530999951574241,0.11910840451620058,0.99133949377959
29.39095223,0.05513477524622661,0.12057323411435085,0.991172160511863
29.400953332,0.055005512484938734,0.12119094999885026,0.9911040042471049
29.411173344,0.054898808958171924,0.12273308614592661,0.9909201331792946
29.420860312,0.05475039517356052,0.12385151111442398,0.9907891791006868
29.430844132,0.05579501282046613,0.12494910831438566,0.9905930733029602
29.441345895,0.05532712479516511,0.12587988242076784,0.9905014712072031
29.45096517,0.05551959620403328,0.1267392670228048,0.9903811047429486
29.460918322,0.05572146455062653,0.12838036065557645,0.9901583718710242
29.470813906,0.054811571373112905,0.12956994441065925,0.990054201116802
29.481293243,0.05480900778310618,0.13104953742469774,0.9898595816612598
29.490867298,0.05436234077198595,0.1333716100330333,0.9895740242867065
29.501230335,0.05500629323937898,0.13584806535276683,0.9892015016385559
29.510906302,0.055591969412574646,0.13830811216406513,0.9888277903894308
29.54874399,0.05538742041589842,0.1402009480643757,0.9885726719981303
29.549046452,0.055497265774660035,0.14293472391189066,0.9881749431106663
29.549324241,0.055247811994247324,0.14317022034935645,0.988154829606659
29.551061725,0.05624645460317873,0.14579154728812233,0.9877151214211048
29.560641114,0.057503653851632544,0.14750431104843825,0.9873883774968374
29.57100006,0.05739561981147685,0.14781568718197952,0.9873480974050518
29.580696011,0.056614997949634746,0.1481419920205156,0.9873442622547399
29.591584399,0.05628826967509679,0.14832682772955785,0.9873351927651872
29.600861773,0.05696838491932745,0.14842190905280872,0.9872818949179628
29.82315098,0.05686630577543971,0.14825292190762604,0.9873131693709476
29.823582206,0.05677421675282727,0.1490655449034796,0.9871961059661508
29.823968747,0.055908512847047606,0.14938343717305028,0.9871974609416279
29.824375112,0.05533951151985424,0.14920403561073817,0.9872566506345822
29.824780957,0.055527911941638954,0.14909261243415417,0.9872629051640504
29.825226752,0.05511070493934234,0.14927155130481679,0.9872592436498846
29.825634056,0.054950377958914436,0.14951928601565348,0.9872306919213674
29.826088745,0.054992443698334184,0.14878819149650924,0.9873387996059325
29.826520385,0.05534732612536981,0.1489594440284447,0.9872931467023909
29.826964519,0.055142719650016055,0.14987929340092015,0.9871653751419975
29.827216359,0.05466409113615307,0.14876547490034242,0.9873604562761941
29.8276437,0.05406082124517454,0.1506421511621687,0.9871090972630795
29.828042761,0.05394368675028647,0.1521928191965319,0.9868776137114463
29.828476128,0.053360962294213214,0.15280407289792333,0.9868148372459961
29.828908183,0.05297301104432106,0.1534996523094149,0.9867277825427776
29.829325584,0.05298345421268385,0.15433637692487495,0.9865966938609694
29.829757479,0.05239259366563841,0.15446555260060674,0.9866080321935233
29.83019273,0.049705039425847586,0.15441008165804032,0.9867557629616521
29.830840313,0.04971547265338183,0.15653430586191888,0.9864204898861227
29.831275116,0.04914511063216855,0.15669944850553266,0.9864228509817754
29.836398941,0.04858440196834626,0.15754287122829466,0.9863162776769545
29.836803778,0.04765355206261559,0.15817429663534466,0.9862606302898488
29.837220196,0.047953180310206255,0.1582766137691286,0.9862296923292844
29.841097676,0.04740927996752135,0.15943927606255714,0.986068698124836
29.850807124,0.04770995893126153,0.15885882842817994,0.9861478755486945
29.860795336,0.04859716442749722,0.15897400503944295,0.9860859908402136
29.870882415,0.04802546283224488,0.16005419343952587,0.9859392527342501
29.881074671,0.04741343473709956,0.16023986864751183,0.9859387154900953
29.890656756,0.047038318015751944,0.16103567319530054,0.9858270175830979
29.90084423,0.0461018284775067,0.16111507791032745,0.985858282452899
29.910737276,0.045172339291743906,0.1611103165951116,0.9859020872528542
29.921011122,0.043875895629082916,0.16210428001007263,0.9857977014505368
29.93068968,0.04563811056164866,0.1636221263759178,0.9854668754578136
29.941290402,0.04631819605810914,0.16481434774063983,0.9852364464902575
29.951004208,0.04609352204627497,0.1646305244958277,0.9852777159915871
29.961005254,0.045805820613716776,0.16482701400386127,0.9852582820014633
29.970677135,0.045717925938111706,0.16512131746471434,0.9852130844475395
29.98066739,0.04436509715139311,0.16555966917775325,0.9852013672831056
29.9925691,0.04442674653004063,0.16487668227581115,0.9853131196906275
30.000803015,0.044509731071092795,0.1652781744346927,0.9852421067410357
30.010982807,0.046215645943409364,0.16669127308939324,0.9849254456789461
30.02112152,0.047470899517698874,0.16707310341006523,0.9848010417418893
30.03126996,0.048366032943242016,0.1653522914141817,0.9850478905014786
30.040767141,0.04711667417364037,0.16595541653531334,0.9850070145625388
30.051045649,0.046318137958398835,0.16709741934768646,0.9848518074022155
30.061179852,0.04509035661103243,0.16895918556806178,0.9845911097267064
30.070977008,0.03953002087121846,0.1719848917668701,0.984306138583855
30.080744954,0.03916184802372696,0.17301198428940034,0.9841408450783916
30.091361416,0.03798585863186939,0.1727772769471112,0.9842281682184985
30.101186604,0.03745599755621221,0.17243186958661666,0.9843090462847192
30.111181649,0.03662707479142438,0.17219870694451322,0.9843810556480966
30.121240194,0.035322534574553484,0.173344309141536,0.9842276510236202
30.131432162,0.034349565482858585,0.1738193448041329,0.9841783083989409
30.141536538,0.034734446597080616,0.1725037229809885,0.9843962534352175
30.151647121,0.0350220160874709,0.17231428820570188,0.9844192422282955
30.161991573,0.034260637729583,0.17272270187318556,0.9843744597255605
30.177550598,0.03552292111568953,0.17380099233758553,0.9841398971375356
30.18214621,0.036545594116694544,0.17340776808662708,0.9841718170715276
30.191335826,0.035568330035394294,0.17409829421390288,0.9840857065572606
30.200971024,0.03732146285549816,0.17438900927990553,0.9839692992429687
30.210760573,0.03669819881630086,0.17669633125622414,0.9835810331255022
30.221026396,0.038382971404923756,0.17746485875111223,0.9833783460167185
30.230748773,0.03864906110886764,0.17899546155746568,0.9830904713286733
30.241035226,0.03894611273442264,0.177559131240464,0.9833391862506088
30.250853978,0.03697406690520401,0.17785548879503363,0.9833617561619779
30.261069293,0.03525177872942256,0.17831909216663092,0.9833410463645259
30.270932991,0.03567557367052089,0.1804956922012201,0.982928562277077
30.281178211,0.03537497648634063,0.18122553747693013,0.9828051259556946
30.290882625,0.036814105321853335,0.18222338904149826,0.9825677371741768
30.301247545,0.03718935635939393,0.18204159521323127,0.9825873036966212
30.310699801,0.0381306333539455,0.18179400600244972,0.982597066035518
30.321115601,0.03947271117537087,0.18358043217151299,0.98221185596397
30.427477141,0.040274889981438335,0.1827207749850244,0.9823395806063476
30.428135077,0.03996575561014852,0.1821905135828669,0.9824506884006551
30.428541684,0.03965550187266047,0.18114807792216653,0.9826560003563466
30.428879871,0.04006527490130667,0.1808112307332166,0.9827014157860069
30.429229397,0.039613730542602185,0.18032541722768283,0.9828089825872373
30.429605032,0.038168163442325674,0.18088691309249313,0.9827630009169601
30.429848069,0.03723713740648961,0.18135642758781473,0.9827121866397892
30.430371095,0.03778391049061119,0.1816356140015503,0.982639750790857
30.430682335,0.03776389220201561,0.180034597294714,0.9829351108911945
30.431199335,0.03579120582149924,0.18079319849476452,0.9828696805598776
30.431462297,0.034257370557796284,0.18012119215777897,0.9830477041823181
30.440902969,0.03287833150948373,0.1808232757777901,0.9829658988256621
30.451029955,0.032942698060274035,0.18177942926655796,0.9827873715814801
30.46079817,0.03157134258890255,0.18346953208402578,0.9825182853891335
30.470965598,0.030535014097961135,0.1841466960867701,0.9824243519143671
30.480921853,0.031079472532218703,0.18264828606303027,0.9826869643916911
30.491222154,0.034984813635988536,0.18334935840223657,0.982425099225556
30.500785854,0.036033749215261035,0.18433024827767716,0.9822036084679091
30.510826802,0.03670929398078747,0.18325189977761244,0.9823803586001342
30.520850032,0.03727316011719486,0.18319325236534412,0.9823700646002428
30.530733384,0.037809609968603504,0.1842897400327932,0.9821444522638548
30.541177069,0.03716047392563632,0.1836290578083718,0.982292964601718
30.550746402,0.03604402258990548,0.1842192996294997,0.9822240467833981
30.56083332,0.03255648727400648,0.1852928735322376,0.9821438927950138
30.570644284,0.03225322535436907,0.18525345494231463,0.9821613344487637
30.581392791,0.034980930348632304,0.18356603382859576,0.9823847747885668
30.591160507,0.032065302697317374,0.18519907953241455,0.9821777422153669
30.601428891,0.033157149646230726,0.18644411308457579,0.9819058998312635
30.611187913,0.03437243391494701,0.18683870744942926,0.9817890981190356
30.621473315,0.03669562183617912,0.18547201965202775,0.9819641344083062
30.638107831,0.03341318428724841,0.18495260331969435,0.9821792573868856
30.641563081,0.03402213992262849,0.18302746748696186,0.9825189260978102
30.65140504,0.03650273054147425,0.18625871587324874,0.9818224082919808
30.66169558,0.035052847134550265,0.1887065340260996,0.9814077347991601
30.671844358,0.03180464322831647,0.19053563351253106,0.9811649387493919
30.681364054,0.031157776120001077,0.1895911491749916,0.9813686306081737
30.690934452,0.03419301836609923,0.18891888834616466,0.9813972137320673
30.701059968,0.031592661295424596,0.18869957352161854,0.981526553234823
30.710941667,0.03132990534989771,0.18959907324995834,0.9813616196150752
30.720749706,0.03406848812197681,0.1891751455067698,0.9813521806362766
30.730705118,0.03185653599937647,0.19130403394301915,0.9810137245274648
30.741105579,0.030803202167955648,0.1884392703492495,0.9816016524672534
30.750655631,0.031224995878947365,0.18667929533430253,0.9819245593862331
30.760924621,0.03441735875272979,0.1898746198289372,0.9812049093646559
30.778452033,0.033350054519462116,0.19261373535736676,0.9807077662663997
30.780612032,0.032455978957072855,0.1929971243157194,0.9806623881009207
30.79082396,0.03313990104864021,0.1916326095210585,0.9809070750721681
30.800806823,0.03431562797885613,0.19004604511372314,0.9811752842448944
30.811894319,0.03494568557970511,0.1896670772466785,0.9812263749349927
30.820845919,0.0346992250007679,0.19258024689494688,0.980667534024772
30.831141175,0.028712528644968614,0.1930624469051042,0.980766273020145
30.840898885,0.02228541532395872,0.1931285111793406,0.9809203527470974
30.850914271,0.027291489022920678,0.1935144501241626,0.9807177637934652
30.860635262,0.028745266865508316,0.19189557466244733,0.9809942905327227
30.870888889,0.02875468705487307,0.19061234643249994,0.9812441599112185
30.880796075,0.02667546473787926,0.19110902531463858,0.9812062780192079
30.890866791,0.024012953087804347,0.1931919824613467,0.9808670837563352
30.900684711,0.027021910402445195,0.19476488361073413,0.98047766750207
30.911021775,0.029414796621220124,0.19540682917722907,0.9802810519696041
30.920713742,0.032020818414691,0.1945556030397366,0.9803686982528041
30.931267416,0.03136734969194846,0.19380454441683365,0.9805385703462596
30.94299255,0.029674759939754648,0.19475153144396226,0.9804036156720096
30.952012226,0.026889972321665158,0.19369202805445926,0.9806937991323749
30.960793522,0.02504553082816839,0.1945076276387235,0.9805812073336361
30.971038419,0.02602078646941168,0.19623371677847665,0.980211837854868
30.981096397,0.026842959449718394,0.1985355064946193,0.9797260373129347
30.991172333,0.024312837775126075,0.1992118943367068,0.9796547897469298
31.000884165,0.02263017164731464,0.19899969035894868,0.9797382296145516
31.01125,0.015438200136222623,0.19950364410229166,0.9797754630355162
31.021043967,0.01555543887363535,0.19879025329001798,0.9799186004553333
31.030873715,0.018704579181731833,0.19995218061465678,0.9796271046602774
31.041702147,0.02382910543704034,0.19914941454905385,0.9796793783778648
31.051224779,0.02430025988749282,0.1981913253048385,0.9798620800619402
31.061448203,0.02416021654640796,0.1983131798796982,0.9798408884213973
31.071157605,0.021791496540657342,0.19885295022439395,0.9797870354651429
31.081631273,0.01961235593022974,0.19945899644856846,0.9797098877885209
31.091437833,0.020208024098862593,0.20337824227805354,0.9788916826339414
31.101676061,0.019844344286278463,0.2051902437821172,0.978520907214804
31.111177215,0.019213982605866046,0.2032402652391317,0.978940354392416
31.121588208,0.01785173257985885,0.19941827889767005,0.9797518388272555
31.132012965,0.01440198877367131,0.19904297701581686,0.9798849299892534
31.141112724,0.014132628098273255,0.1994375935267524,0.9798086114702677
31.150940996,0.015981791391073825,0.201713140273951,0.9793142454721844
31.161069533,0.014795447508084317,0.20069023710896147,0.9795430176680269
31.171115874,0.013607696166098348,0.2003584311170234,0.9796281588875323
31.182815243,0.011794952768132597,0.20408925663613278,0.9788812258976612
31.191185613,0.01337510606536132,0.20397923570605617,0.9788838429244369
31.201210969,0.008366712388604806,0.20623677362555395,0.9784663465486835
31.324509188,0.01002123852638454,0.2079970355196816,0.9780781195760498
31.325919277,0.011753573420199335,0.20733999123631358,0.9781983344628948
31.326306937,0.013477754810990165,0.20493189152200816,0.9786834370533031
31.32671457,0.0148092244988615,0.2044911603529098,0.9787563804171407
31.326965286,0.010621182776244723,0.2079443991013884,0.9780829808144073
31.327304187,0.005121316696156338,0.21011765877392577,0.9776626931547822
31.327612141,0.0037163916551292715,0.20885020579510008,0.9779405810029617
31.327882741,-0.001441522986105497,0.2085743340639247,0.978005454576441
31.328154532,0.0003499976127796998,0.2088634962532285,0.9779447415036029
31.328418083,-0.00019602529790689545,0.20908575054121536,0.9778972903606489
31.328681832,0.0033661370835918326,0.206905489502847,0.9783551438688929
31.329002021,0.004282888731927445,0.20748522112023868,0.9782287768619341
31.331406851,0.004978973251503654,0.20693326686343208,0.9783423904189108
31.34082382,0.0015917960638180816,0.20917766958232573,0.9778763565673314
31.352160703,0.0018916720901124829,0.20832151123602108,0.9780585716269982
31.361442505,0.0011889664285969143,0.20848030549328198,0.9780258424910149
31.371106558,0.0017244671063662686,0.2095983393669131,0.9777860514181164
31.381025462,0.0023650301555484857,0.20984503478169,0.9777317975855314
31.391205921,-0.003157271857115154,0.21063506040451685,0.9775596672136212
31.400891082,0.0024121940537966775,0.21180037476129734,0.9773099726140222
31.41113582,0.0008804115693982804,0.2135012894281943,0.9769423853472461
31.420930558,-0.00418863380577835,0.21464543747741036,0.9766830558154329
31.431238954,-0.005900719061774639,0.21388673675106046,0.9768406448119041
31.440956201,-0.006818258622379573,0.21479342309904162,0.9766357031886324
31.45121531,-0.005341111353066217,0.21610596782297675,0.9763553058189466
31.460905397,-0.00547452996065449,0.21807359362273815,0.9759169725372004
31.470805494,-0.005639661155610862,0.214977842147529,0.9766026426380598
31.48097186,-0.005398396314667096,0.2143337494359397,0.9767455662402371
31.491475764,-0.006542094062331433,0.2140262468840963,0.9768060025665217
31.501926925,-0.007817920768102398,0.2157060465628274,0.976427048780962
31.510827617,-0.00854740918269942,0.21469031748531384,0.9766447713341422
31.520657202,-0.006932475501737251,0.21510261347714307,0.9765668468971904
31.531867076,-0.00480531079745585,0.21653173111252458,0.9762637545302773
31.541452832,-0.0041877399926339475,0.2155395207972113,0.9764861380522832
31.591409207,-0.0037614833727459837,0.2151690087494105,0.9765695822196351
31.591737341,-0.005228597366579706,0.21414315088459276,0.9767882947183576
31.592397174,-0.008694187039873541,0.2132347794947207,0.9769623022028812
31.592658406,-0.009354171772497692,0.2136919940830964,0.9768563001461579
31.592940752,-0.008118963510761855,0.21514625817622846,0.9765480889460992
31.600899126,-0.011003230136656755,0.2177267538464282,0.9759477391674498
31.610883731,-0.011144285725894449,0.22171640607618937,0.9750475066233019
31.620932848,-0.009871239465565505,0.2188448168743877,0.9757097441138062
31.631254332,-0.009594324433003393,0.21778935646406553,0.9759486385817866
31.640989414,-0.005981432707649276,0.2172378730024563,0.9761003683003774
31.650707791,-0.007499947820320182,0.2176829105009562,0.9759907280597112
31.661118637,-0.008962553263560139,0.21831222658559502,0.9758378166284793
31.671091768,-0.011341903211484969,0.21835717554524758,0.9758030052830557
31.680988248,-0.00917233883330471,0.21760880233432733,0.9759929699270107
31.691119041,-0.009274772026959416,0.21803976156113028,0.9758958146145588
31.701444446,-0.011121041042452854,0.21853446484325242,0.9757658582476666
31.710836725,-0.012465782500324108,0.2180675777056555,0.9758540545697613
31.720866808,-0.010984256923164086,0.2193921693398461,0.9755749187695439
31.730951242,-0.010383613179262488,0.2200824036045547,0.9754260177999075
31.740794889,-0.011145452961340433,0.22193260124161562,0.9749983073751546
31.750989374,-0.008875114312078545,0.22353941635997876,0.9746544832295123
31.761926841,-0.008637017267790809,0.2236269890763426,0.9746365331185597
31.77109343,-0.00831138792423583,0.22511883635482713,0.9742958638673477
31.781369143,-0.008729914289482416,0.22401399160154292,0.974546828101781
31.791358712,-0.008298722604308618,0.22152463934528216,0.9751194620999416
31.800882758,-0.009560091653170654,0.22003938815629834,0.9754441410492889
31.810908243,-0.0099300121979389,0.21925575122600238,0.9756168871089052
31.820847632,-0.010959710384828635,0.2201921337759247,0.9753949502491215
31.831489926,-0.009899843748775458,0.21862799287662163,0.9757580611117133
31.840836473,-0.007764284990681078,0.21786724466826396,0.9759475291117051
31.851080515,-0.007322129270198108,0.21776959133755625,0.9759727411724286
31.860711753,-0.008342089527085568,0.21872397705463106,0.975751111402763
31.872032342,-0.011341933014601452,0.2216341657257781,0.975063924642139
31.880880464,-0.011673280714117103,0.22012825074313913,0.9754010907017354
31.891533995,-0.012520189112942599,0.22009396671040304,0.9753983241129012
31.900817192,-0.012206474268453652,0.21886486963496765,0.9756788256519674
31.911473916,-0.012753667339309589,0.21764319377127342,0.9759450723142354
31.92071924,-0.00939673257767096,0.2176874833197289,0.9759732890928863
31.930719827,-0.009043449490199498,0.2167701827636395,0.976180774183725
31.941002489,-0.009471424534005535,0.21428817897694136,0.9767245612085544
31.951000503,-0.008730240799783573,0.2130403737762254,0.9770043920253706
31.9607242,-0.012364442712008315,0.2126403963078844,0.9770522925690557
31.970990309,-0.0054260804774768235,0.21098743644647475,0.977473712849812
31.981277631,-0.0037043977469708804,0.2104703597310183,0.9775932206761809
31.991081722,-0.0029153925624231906,0.21155290342456368,0.9773621997697907
32.001002179,-0.0032519758274377106,0.21206017367656296,0.9772511997401098
32.011331453,-0.0027268781770177714,0.21103305113918655,0.9774751226820524
32.021062982,-0.0025370478901999955,0.2100611429459497,0.9776849592850676
32.0397134,-0.0015800779239215157,0.209654409338832,0.9777742745636847
32.041224237,-0.0011213056098326607,0.20801260716729525,0.9781255021382451
32.05089811,-0.0012503299314827198,0.207620749787723,0.9782085978627698
32.061678907,-0.002828236446439798,0.2087330774130785,0.9779685595520283
32.071225494,-0.004014796017589212,0.20845050901203724,0.9780246759185373
32.134028193,-0.003189246689420748,0.2079023015385539,0.9781443971727929
32.134507693,-0.004566973280465132,0.2121791785658246,0.9772201077230183
32.134853798,0.00020974073403373457,0.21188390565891402,0.9772948206818395
32.135159066,0.00043618221582836063,0.20887663571772982,0.9779419005218651
32.135422571,-0.000360838325192884,0.2085393069475114,0.9780139197647212
32.13570263,-0.0013983300446735471,0.20769871215994684,0.9781918470526043
32.141104064,-0.0007918076461511173,0.20795638477471143,0.9781377791865948
32.151344022,-0.00024844335437671335,0.20698224946323085,0.978344666609391
32.160712167,-0.0016066276410463284,0.2061912239821817,0.9785103974411069
32.171496336,-0.0022539657651667977,0.20668830574813232,0.9784042436055232
32.180762466,0.00029959275827875896,0.20259510159399927,0.9792625465391273
32.191146512,0.004130986136288538,0.20159508278550312,0.9794602378607556
32.201275045,0.006300751471071398,0.2010351068973433,0.9795637734857664
32.211032995,0.0062222595159317174,0.19833896391884634,0.9801137377254311
32.221488663,0.0038173057252282824,0.19608753480618873,0.9805789651377558
32.231025505,0.001654973108647702,0.19482303969070178,0.9808370120818671
32.240824311,0.0023046789901095942,0.19511413597238794,0.9807778353931645
32.25107919,0.002003771737553277,0.1946415683218787,0.9808723896511836
32.263302485,0.0018728207312114242,0.19355824522633533,0.9810869983071892
32.270602625,0.0020809799816401886,0.1934531333582632,0.981107310499818
32.281033523,0.0011568609432169696,0.19285550655326905,0.9812264852035131
32.290794474,0.004029830611285945,0.19370155316454502,0.9810522253004105
32.300497116,0.005427019674499345,0.19241262725446706,0.9812991023793339
32.310850369,0.005884849833164337,0.18955508379440683,0.98185245263743
32.320865234,0.005151040805623285,0.18848717862630873,0.9820621417568812
32.331270179,0.00940552956320118,0.19006151036033422,0.9817271302623679
32.340672154,0.008424380643370996,0.189132954105527,0.9819153504666746
32.35083726,0.007436181322482669,0.18781282982482356,0.9821766868341619
32.360592286,0.007450614537151349,0.186458752325199,0.9824345382896251
32.370833734,0.008369618578643925,0.18546300890472506,0.9826156022641072
32.381383861,0.009464529119234523,0.1846366137650614,0.9827612851277379
32.391066836,0.013076063329013973,0.18450053548090684,0.9827454242961777
32.531493149,0.012056240061826947,0.18254926498019802,0.9831227862941441
32.532100655,0.011795250748855388,0.18212068156164168,0.9832054360139059
32.53236954,0.010917638602658446,0.17839403512713925,0.983898558489847
32.532697173,0.012371558181978772,0.17921426700335594,0.9837322761049369
32.532960895,0.009848558888188995,0.17970336460705197,0.983671544082033
32.533489941,0.0016281769043815012,0.1816265264788833,0.983366235905618
32.533736111,0.000562370559100588,0.18157882217878565,0.983376232718444
32.534141998,0.005253239792470629,0.17939653965086827,0.9837628195012136
32.53455856,0.00986090390986303,0.17776009512125146,0.984024446422224
32.53491948,0.011188817694697732,0.1771045631631497,0.9841284388053141
32.535225002,0.010389849026097296,0.17669083230619612,0.9842115630372154
32.535489143,0.008405637347949248,0.17614167194743566,0.9843289372279659
32.535807472,0.006988016879488449,0.17726209993025707,0.9841388700525997
32.53606693,0.002207637159135789,0.17828844047037415,0.9839757915379908
32.541056628,0.006896149637301769,0.17498714275775484,0.9845465672022108
32.552574227,0.006447253556855634,0.17322149473060605,0.9848617906512915
32.56082451,0.005696956936159482,0.16915007524756162,0.9855738413358036
32.570928155,0.01390427087073745,0.16950673177068912,0.9854309408253695
32.58137213,0.015392820390884238,0.1704618240508273,0.9852440447024681
32.59095851,0.013625958577765458,0.17079216282619175,0.9852128553617175
32.601093904,0.012251404042182888,0.1702623170755606,0.9853226103581794
32.611182396,0.013042210972735726,0.17040692457445478,0.9852874609929929
32.621003152,0.010690544669040689,0.16970068471052324,0.9854376641185676
32.735721583,0.004292704771040909,0.17158224554902773,0.9851604466776475
32.736257434,0.0061756608236320405,0.17180469995894088,0.9851116719871965
32.736506065,0.00870185662937063,0.17170562807665704,0.985109869495785
32.736812362,0.01045870946334346,0.17186344884021873,0.98506526197461
32.737083031,0.010554639049656011,0.1719578021149347,0.985047772387884
32.737420432,0.010718516747370089,0.17228694347211942,0.9849884885153588
32.737680582,0.00995604723061334,0.17247026061871398,0.9849644086593458
32.737940195,0.00984083904650182,0.1721454188750898,0.9850223919521733
32.73819831,0.010270350827967442,0.16951963707177006,0.9854732936720944
32.738460712,0.010176576878166527,0.16726078214123194,0.9858601665756387
32.7387695,0.010371813638105735,0.16669211424109004,0.9859544434362533
32.74111658,0.010421432364363341,0.16728193129335678,0.9858540202333406
32.750792989,0.012363715865467015,0.16504874358128058,0.9862079145759471
32.761188145,0.010394247183586747,0.16299172121818814,0.9865726827962648
32.770981807,0.00991606295976585,0.16118817043834546,0.986873875125954
32.781335035,0.012627935355852575,0.15960388207452714,0.9871003677820148
32.791014821,0.01332783549716853,0.15735053065930776,0.9874528744715845
32.813494342,0.011362083428192471,0.15496187568179157,0.987855110907137
32.814195567,0.010437758335040867,0.14713941060750238,0.9890606892638166
32.821309853,0.008796414589490419,0.1434800987099285,0.9896141088144202
32.831090558,0.008868940599284723,0.143060136357502,0.9896742591772402
32.936035961,0.01242572398148305,0.1438433194919832,0.9895224609987705
32.937098427,0.013640560494297363,0.14060077897089174,0.9899724016669252
32.937386302,0.014860954342160046,0.1356271877615269,0.9906484835580882
32.93763638,0.009591059595801773,0.13372584176235158,0.990971952590375
32.937881154,0.005875619735677543,0.132730859309837,0.9911347012790916
32.938149437,0.005621777485518931,0.12682333626974548,0.9919093895085954
32.938410437,0.008924777562594917,0.12411137399923299,0.9922281568215452
32.938660249,0.00786004429520686,0.12359419192951517,0.9923017159236235
32.938911013,0.00613267966068506,0.11878369786217831,0.9929012153091394
32.939170858,0.0038426184772426307,0.11809010775651547,0.9929954484957587
32.979553523,0.0058145403288205185,0.11920405869453396,0.9928527501656601
32.979809271,0.0097610382229649,0.11721425277875362,0.9930586795745396
32.980053019,0.008953664808835811,0.11332217248042586,0.9935179500697549
32.980315048,0.009385864649550251,0.11038033680619157,0.9938451020110388
32.980997526,0.007501957000098863,0.11072552474458633,0.9938227099494179
32.991003742,0.008753569506510342,0.10999576938621095,0.9938935082482581
33.001037662,0.009770060084582373,0.10670921666942054,0.9942422687673979
33.010972988,0.01130297851919317,0.10435007750440196,0.9944763969051353
33.021059575,0.013042211720729223,0.10189830051631167,0.9947093229005743
33.031243107,0.012758049839107327,0.09883691630494397,0.995021857116532
33.040915908,0.012197498186066571,0.09598377658458739,0.9953081611594276
33.051320359,0.012476480760264839,0.09458723619452153,0.9954383919544798
33.060830535,0.011259771104205986,0.09204460847476262,0.9956912210145314
33.071165223,0.014609355903133496,0.08960229110811166,0.9958704715716161
33.080867964,0.014506555151160722,0.0856228399305978,0.9962220079579981
33.091008191,0.01305467806932554,0.08209578892972012,0.9965389389384207
33.100877714,0.010352026730461695,0.0776850756098094,0.9969242020184232
33.111018636,0.0100137729577854,0.07321355830468385,0.997266012271308
33.121154163,0.009164714465495905,0.06715142355180494,0.9977007037803132
33.131658964,0.005139429815914713,0.062450140509234586,0.9980348522028398
33.141504601,0.011982582425009264,0.05699090220219871,0.9983027871265348
33.151664536,0.011332897337352535,0.054487032572917864,0.9984501633628685
33.161487818,0.008625977995511364,0.05522075638830078,0.9984369086564885
33.172428004,0.009938869974644778,0.05389904679565453,0.9984969261936398
33.181550113,0.011591041028097758,0.05269786009145288,0.9985432305662418
33.191588428,0.01035995971519963,0.04838459745839835,0.9987750507313888
33.201595944,0.009190392616704006,0.04528691202802455,0.9989317455574815
33.211407433,0.008392369386240692,0.04347493038997657,0.9990192683645653
33.221190012,0.010154053503021353,0.04196509411485615,0.9990674782382765
33.232028139,0.00986880241717377,0.0417556528000431,0.9990791120817676
33.297852365,0.009544746217588893,0.041682988212877414,0.9990852948138548
33.298277358,0.010218545210441196,0.04191376966105583,0.9990689752197203
33.298621893,0.01037136223302979,0.042003716601544706,0.999063622917524
33.299072143,0.01019708004356498,0.042521165556936975,0.999043527599406
33.300125236,0.010501745876232527,0.0426354935191349,0.999035498881762
33.300505898,0.010673982391897993,0.042071186023346085,0.9990575966411979
33.300923486,0.010359314844469156,0.041363352776569814,0.9990904651947361
33.310725146,0.010020419526628074,0.04126483497779438,0.9990979954873125
33.32108088,0.009679399387089277,0.040258456053325106,0.9991424152460487
33.330950539,0.009956097625792531,0.039974377033303574,0.9991511023368113
33.341241759,0.010092869395657487,0.03721367580186593,0.9992563616613487
33.350994745,0.0099874738535616,0.03698892429952178,0.99926576537235
33.361097505,0.013316059852785115,0.03616774097107896,0.9992570125163226
33.372041504,0.013642741060187778,0.03623372540837567,0.9992502152911429
33.381252423,0.01313539695816136,0.03498068723590906,0.9993016625960628
33.390965111,0.013163352818326035,0.03396395958976646,0.9993363675917959
33.401238157,0.012543317097829866,0.03453216975506348,0.9993248693233803
33.411005527,0.012108481212740966,0.0337525352856841,0.9993568687133287
33.421206063,0.012459272494960243,0.03324567640252428,0.9993695470292434
33.431249873,0.012771136115137433,0.03275443227934275,0.999381831558082
33.441456046,0.012038313011197866,0.03200966675593423,0.9994150590490513
33.451821713,0.011879938314463238,0.031419883199990055,0.9994356697683666
33.461836379,0.01151566233832953,0.030421696589232647,0.9994708149303523
33.471057307,0.011182062171086886,0.030527014020190944,0.9994713917369586
33.481328155,0.010776716748408006,0.029802092820441682,0.9994977226785695
33.490923861,0.010262320335135145,0.02934618732858769,0.999516626210197
33.502840936,0.01028234603815548,0.029031433641053248,0.9995256120884031
33.512834686,0.010218987066145742,0.02795605956573256,0.9995569173573355
33.521414063,0.01088876172516074,0.0277296000656066,0.9995561535743223
33.531647919,0.010522618984082873,0.027326716119715242,0.9995711705905829
33.541571975,0.010248975300743571,0.02691165801312728,0.9995852745855499
33.551323176,0.009797555609740773,0.026096514845841565,0.9996114144091067
33.561763271,0.008770759864698075,0.025293590566076926,0.9996415897948981
33.571300296,0.008425292794900646,0.024461593962190546,0.9996652664077856
33.581243373,0.008048042618984765,0.024207482674679915,0.9996745604408258
33.591426498,0.00818241438461101,0.024169813291312344,0.9996743810963157
33.601328726,0.00755811266097281,0.02350719288598414,0.99969509692487
33.611202082,0.007407651587875529,0.023383358229817307,0.9996991273657533
33.620736399,0.007478335441904478,0.022854192296558766,0.9997108383895266
33.631048657,0.006972890321811807,0.022366026945603495,0.9997255321533148
33.689763958,0.006681975034756192,0.02297042279306111,0.9997138144920992
33.690021909,0.006741404724661006,0.023169029184168948,0.9997088323852107
33.690323265,0.0062409508952284,0.022753244311367233,0.9997216314580928
33.690617286,0.006276395691541147,0.02283386030113777,0.9997195715203696
33.69098243,0.005890121608271392,0.02327014036894256,0.9997118620055729
33.69128894,0.006163693403547805,0.023605244995728594,0.9997023563502883
33.700906014,0.00607782124323953,0.025123808727662986,0.999665871340995
33.710879035,0.006898056592585503,0.022817993889977597,0.9997158376109095
33.720918611,0.006899496382615975,0.02234733980845789,0.9997264592643089
33.731234173,0.006834795835617404,0.024231237862030776,0.999683016099383
33.74107385,0.00692471057175458,0.023903918488348722,0.9996902775682075
33.751003777,0.00589134882623076,0.02458246178946055,0.9996804462333839
33.761220585,0.005536116670402257,0.02568627439088572,0.9996547237522203
33.770966981,0.005463967533543069,0.02729011285643839,0.9996126223688232
33.781602435,0.00532067068188584,0.028151809251592854,0.9995894987940585
33.790796827,0.00432691556966373,0.028735362673094265,0.9995776891936409
33.801232494,0.0053328458782151466,0.028911765268383013,0.9995677418684065
33.810961048,0.005630556462076255,0.029338797437828773,0.9995536662925255
33.820938472,0.006017102519573793,0.02976144308410567,0.9995389191936552
33.830717723,0.006459328923127104,0.030349199910399242,0.9995184856392911
33.841091983,0.0105102797055486,0.030521803221259483,0.9994788409709501
33.850824096,0.011594512225479086,0.030989917670688445,0.999452446236947
33.861025612,0.011879672562489119,0.03129586523090984,0.9994395640554045
33.870745375,0.008712859955609232,0.03201760792840589,0.9994493278070364
33.881050735,0.009065393304202135,0.032618179678680984,0.9994267722042919
33.890762286,0.009496814339396456,0.033386397604051224,0.9993973979215812
33.901081957,0.009127359374712991,0.03366308972468471,0.9993915587501392
33.912753071,0.00960419639161026,0.034199746548135776,0.9993688692108208
33.921387277,0.009640321528480881,0.03481535005339411,0.9993472647691028
33.930955309,0.006574544052290632,0.03470719241796224,0.999375898331037
33.940965688,0.00666163174173637,0.0363401597410652,0.9993172746693271
33.950969273,0.006579991399269084,0.036691880227687726,0.9993049632812512
33.960905718,0.006853162187675878,0.03712389306798885,0.9992871713033776
33.970905257,0.006599194412973515,0.038321271564885746,0.9992436793789342
33.980880946,0.006481207312790215,0.04128885434035283,0.9991262304929391
33.990696912,0.00580004688820409,0.04189869422592923,0.9991050289525405
34.001268428,0.009632984856391124,0.042478306700976104,0.9990509491825602
34.010927347,0.009869631195629381,0.04310191188523877,0.9990219294749737
34.021119744,0.009995169114655032,0.04350033288534687,0.9990034122230183
34.030863627,0.010357540132122317,0.044359460574714224,0.9989619410267501
34.041080645,0.010793253755659905,0.045277181202397154,0.9989161539066886
34.051097617,0.01118525808790015,0.045169750674503066,0.9989167050487795
34.061045419,0.01119867710634413,0.045311086468521784,0.9989101536545266
34.070972421,0.013186306461253091,0.04708770046162129,0.9988037193498764
34.080904742,0.01264794722209321,0.046387083796343265,0.9988434651575482
34.139336161,0.012246351216379006,0.0479576979639247,0.9987742918637253
34.139594264,0.012078943346577106,0.04793549631488345,0.9987773962804105
34.139837371,0.008927738412113433,0.04893278289101123,0.9987621730148706
34.140095531,0.014902940993540946,0.051172054428998824,0.9985786514818243
34.14058126,0.01153326299243782,0.04882978348510624,0.9987405249060163
34.141184383,0.011438500615941564,0.0497670611428013,0.9986953491074582
34.15165226,0.015198237071451992,0.048307365711911784,0.998716882809085
34.161515455,0.014174189373941137,0.04794025684957995,0.9987496303522659
34.171151204,0.011108382363260375,0.04903687523533139,0.9987351944877211
34.180956475,0.009583521057774116,0.0488271857398998,0.9987612637947351
34.192756949,0.009805074361090715,0.048744833357090685,0.9987631359525455
34.201035409,0.0091831989678225,0.04846521257872117,0.9987826550488433
34.211133769,0.007857961727368735,0.0493383355079762,0.9987512108061715
34.221292554,0.004179812770107035,0.05156508419863328,0.9986608890192881
34.230834992,0.004763476186103496,0.053943196521805764,0.9985326438547888
34.242461289,0.008923094798075877,0.05408087490297986,0.9984966887020473
34.250753044,0.011942615277066467,0.055588915000134506,0.9983823147819936
34.261115172,0.011114046502089756,0.05423283270007887,0.9984664630460428
34.270906266,0.011165212346411803,0.05478501608753749,0.9984357465783905
34.281042884,0.010332466495658894,0.05584355060771478,0.9983860666053187
34.290837591,0.0088692704947496,0.05626483230206854,0.9983764844420722
34.301289928,0.010056197824862752,0.057368208324894,0.9983024399243443
34.311519283,0.006627499402398029,0.0579200331949484,0.9982992266882548
34.322096637,0.005628748563542737,0.05933798506967694,0.9982220798587252
34.331198124,0.0064607677978816115,0.06026399821571779,0.9981615645768563
34.341352133,0.0057828821510644175,0.06167710877007167,0.9980794019153946
34.3507846,0.0055535086676878264,0.062091719036640895,0.9980549969658751
34.360856403,0.005316287894407381,0.06162980743290211,0.9980849181902347
34.37076479,0.004708941045297481,0.05884667217022724,0.998255926628398
34.381100274,0.0037845556179435316,0.0580451716333213,0.9983067841043819
34.390634556,0.00720599644875564,0.05890559266042089,0.9982375492679612
34.400761064,0.0087578275762218,0.05837433757613242,0.9982563484239373
34.411018804,0.008783688591271698,0.05726201434595271,0.9983205439776222
34.421191659,0.0072807357660256925,0.05952114066220715,0.9982004932381947
34.431632701,0.007015482985617446,0.061784007775072015,0.9980648873604003
34.440927983,0.0036801834877277914,0.06253858948538128,0.9980357614207398
34.451242836,0.0014523351536786838,0.061976235392548894,0.9980765686905835
34.461075748,0.001269448117886499,0.06266676277161949,0.9980336995037802
34.470779507,0.003663546196892938,0.06292270514603913,0.9980116790931697
34.480994562,0.0033176130781971905,0.06229442869281256,0.9980523020349683
34.490835521,0.0057483384184347,0.06272225345602761,0.9980144665919551
34.501434937,0.006216684852444231,0.061573147453542074,0.9980832131351122
34.51092114,0.006938557637979556,0.06369572497013813,0.9979452445091529
34.521230166,0.00527123505709692,0.06365063666950448,0.9979583210397817
34.531816721,0.0039293730580421465,0.06384494881771435,0.9979520943100597
34.54201943,0.002649043875106595,0.06410128808888406,0.9979398816721845
34.551417157,0.002281145138777249,0.06345299082775507,0.9979822214507975
34.561596015,0.00098555639646848,0.06290919800907643,0.9980187681023058
34.5711778,0.0008093257227366356,0.06713584876441112,0.9977435155402197
34.581643233,0.0002393274156571979,0.06921720313437875,0.997601584558005
34.591459869,-0.001365682217205174,0.07051181821571045,0.9975100091748433
34.601709557,-0.002911164828134041,0.06943010229856236,0.9975825710256543
34.611185864,-0.003491113842782408,0.07114623031338102,0.9974597866763011
34.621973447,-0.005575790084741503,0.07391329309586805,0.9972490840650872
34.630988374,-0.00850108723890573,0.07831270924544408,0.9968925975682612
34.641275662,-0.009710121568543685,0.08443392715095174,0.9963817669372478
34.65084879,-0.011460934289343735,0.08848409209586851,0.9960116527587342
34.661322611,-0.017752554212438675,0.0924024589366119,0.9955634748228775
34.670922082,-0.019863293714505032,0.09767819810945748,0.9950198084344355
34.681245174,-0.022895737703166982,0.10183172855767507,0.9945381260937078
34.690953703,-0.024411400558024255,0.10454538818781976,0.9942204711890889
34.701214411,-0.025713309721879865,0.10813055454024402,0.9938041099119918
34.710884081,-0.03064160816244211,0.11264961208264176,0.9931622006232667
34.721256841,-0.03299205499976518,0.11742667480753885,0.9925333749303029
34.732055546,-0.034384615443025436,0.12141614428117778,0.9920059567002244
34.800972415,-0.03576919704685048,0.12410428444017851,0.9916242691292984
34.801237011,-0.03804587712898314,0.12420355262924532,0.991527099351178
34.801902317,-0.042628429912536375,0.12452520534961792,0.9913003027316332
34.802306121,-0.044832834076253616,0.12541518239925478,0.9910908379217582
34.802744909,-0.045883976061566155,0.12606605280034533,0.9909601460564003
34.803008586,-0.046784388154438604,0.12660486721427314,0.9908493470869681
34.803323546,-0.04685973608583061,0.1264755551251541,0.990862300771278
34.811009693,-0.045507625953693835,0.12811670732869773,0.9907144721277223
34.821240981,-0.04596136476737494,0.12994027765639882,0.9904559945758814
34.830889681,-0.04581110453505222,0.12966557686281163,0.990498955515912
34.841561835,-0.04593322272043128,0.13071266340121057,0.9903556627177315
34.850785576,-0.04705939614371166,0.13194036093337358,0.9901399670709997
34.861216449,-0.046743194065618096,0.1345284032114011,0.989806638964366
34.870989601,-0.04705968729354178,0.1382435995672576,0.9892795828331452
34.880993819,-0.048322251189774394,0.14063503064267832,0.9888815642917435
34.891152465,-0.050800110902497454,0.14144801879473595,0.9886413943950244
34.901647469,-0.0535107989012517,0.14295174987747541,0.9882820405167332
34.910810883,-0.05419068396550173,0.14597315059584715,0.9878032238641831
34.921200161,-0.06030575461154852,0.14575023045308205,0.9874816890877548
34.930881452,-0.061776475909187376,0.14793232074742435,0.9870662062407581
34.941058031,-0.06401113995095896,0.1480492295046249,0.9869062770117869
34.950733731,-0.06553380563607791,0.14890194157885756,0.9866780285953971
34.961059349,-0.06706760129456582,0.15008043049119693,0.9863963712626735
34.970812834,-0.06898189375126454,0.1519337697497167,0.9859805413618107
34.981017939,-0.06989528762730277,0.1544606097558912,0.9855234998726996
34.990699169,-0.0705303780797797,0.15318065302519562,0.9856780170556195
35.0010164,-0.07113249788950837,0.15298643465753597,0.9856649119019986
35.010912604,-0.07150936963833994,0.15541672226594275,0.9852573534331212
35.021231045,-0.0755528379362171,0.1564516740908299,0.9847916745961861
35.030940804,-0.07737307667814276,0.15552920203167261,0.9847964633977669
35.041033918,-0.07773860333769922,0.15837567714902642,0.9843139003583621
35.050757165,-0.07821367684711049,0.15852987895724321,0.9842514405536106
35.061061487,-0.07833052116845467,0.15825657654123051,0.9842861298600768
35.070877981,-0.07746151510298219,0.1580728331922656,0.9843844234263972
35.081108765,-0.07766069458913086,0.1588215422607199,0.9842482076335524
35.090885932,-0.07778756319528266,0.16200464664049416,0.9837192635498344
35.101165908,-0.07851722642845546,0.1625605114374374,0.9835695833418099
35.110729816,-0.08003774510259389,0.1651307534841093,0.9830187147825125
35.121088356,-0.07966355128385261,0.16413269187562193,0.9832162417568717
35.130851237,-0.07998922545106218,0.16548341339931982,0.9829633582700064
35.14103778,-0.08119452740412637,0.16470814363327324,0.982994748785822
35.260921663,-0.08249784617106458,0.16503157483875594,0.9828319717445986
35.261221156,-0.08272198813178687,0.16350305915228042,0.9830685745803142
35.261470708,-0.08366938205099222,0.16473165500608997,0.9827832499316214
35.261899414,-0.08614312775329434,0.1648191394136717,0.9825548396012389
35.262162916,-0.08798054571203759,0.16597229040567096,0.9821978529775495
35.262422459,-0.0869879132736162,0.1671938824470241,0.9820790745233261
35.262687416,-0.08692859290091737,0.16660099426558875,0.982185078509129
35.262950839,-0.08739655089215796,0.16433355641672998,0.9825254831950079
35.263237742,-0.08787975455131385,0.16263140782312754,0.9827655742492554
35.263512091,-0.08873190848146008,0.1615369041607044,0.9828695116908517
35.263822311,-0.08949516889746778,0.16332184745372455,0.9825052615066833
35.264139176,-0.08955981033616509,0.1619687491726674,0.9827233408564141
35.270760274,-0.08960735344242692,0.16243766714872163,0.9826416063348454
35.281054514,-0.08919968721936072,0.1610693014517752,0.9829039098150976
35.29090886,-0.09000205740236815,0.16184677478399817,0.982703033044754
35.301241287,-0.09010702041450876,0.16303151814406106,0.9824975567214721
35.310767646,-0.09089256156177841,0.16419932279605895,0.9822306881003331
35.321470603,-0.09135586195509986,0.16459279288091852,0.9821218453013353
35.330893578,-0.09069886168260903,0.16603223996741368,0.9819404318902863
35.341208339,-0.08928072713019491,0.16577201361711585,0.9821143473467998
35.35110038,-0.08986195940719544,0.164714603111832,0.9822392416174438
35.364941154,-0.09084221123771682,0.16447891431446315,0.9821885661131358
35.371021137,-0.08929988811392302,0.16277766254715542,0.9826133331878442
35.381307007,-0.08980130163894662,0.16433544830577573,0.9823082951161977
35.391588671,-0.08947457021289237,0.16322885304075552,0.9825225915062807
35.401531643,-0.0896355276160598,0.16184157156290144,0.9827373901012625
35.411408861,-0.09030154595922509,0.16158086991504103,0.9827193156109595
35.422242618,-0.09142575377098115,0.16285738533567157,0.9824046027930836
35.43125867,-0.09239897292452694,0.1620148784671788,0.9824528533002272
35.441283128,-0.09138527917211951,0.1623491949985919,0.9824924781564197
35.451445767,-0.09209796103704669,0.16332847709378323,0.9822635970772022
35.461489695,-0.09343936926742609,0.16271548869845395,0.9822386441229692
35.471402446,-0.09412386549242638,0.16230475625692276,0.9822412453369818
35.481398525,-0.09412225608770765,0.16250531581109245,0.9822082382275651
35.491071118,-0.09397977920765904,0.16141214978079732,0.982402116754245
35.500973577,-0.09494954394728132,0.1624820303826803,0.9821324625054021
35.511067335,-0.10013854186210022,0.16209989346075876,0.9816801398488936
35.522498009,-0.09956177555215699,0.16043493527245692,0.9820122628526716
35.531225771,-0.10241083576505623,0.16240390990922376,0.981395430376614
35.541069307,-0.10440704615108555,0.16150832446973398,0.981332884316522
35.551334696,-0.10486333644590462,0.15952192079650104,0.9816091062407825
35.560912208,-0.1068818990346626,0.16103003522779707,0.9811450389281285
35.571197136,-0.10921983517668789,0.16145820004181713,0.9808171477106392
35.581090576,-0.10710578060755835,0.15758866960709508,0.9816792566678341
35.59092452,-0.10870035639912276,0.15836142668463368,0.9813795856125759
35.601014183,-0.10890850389479657,0.15987655919017318,0.9811108110712614
35.818307239,-0.11141926989189832,0.16236391702773822,0.9804201674507549
35.818662286,-0.11447997076325925,0.16130583064798662,0.980242197261986
35.819119912,-0.11634489044169172,0.1615310504516402,0.9799855030601731
35.819578062,-0.11503194542050772,0.15960318369604384,0.9804562587320561
35.821335864,-0.11512689246964089,0.15871726924740442,0.9805889184938461
35.821764169,-0.1156864118672164,0.15581416611476845,0.9809885828832302
35.82235679,-0.11634885700240084,0.1556612297723598,0.9809345161732211
35.823288858,-0.11794279426200233,0.1570803160892633,0.980517858878138
35.823700022,-0.11763802457408307,0.15940388780013437,0.9801794201718936
35.824137975,-0.11792340975235323,0.1615560461214283,0.9797926889878233
35.824611861,-0.11909234329028653,0.16157573444210188,0.9796480469072167
35.824899931,-0.11877382158451776,0.16005706660890365,0.9799359748140499
35.825180173,-0.12083732222498594,0.16146112375811278,0.9794532388390281
35.825536748,-0.12136262098129484,0.15927665738777047,0.9797459163680803
35.82580141,-0.12041409357607942,0.15898555291604316,0.9799102203938028
35.826132157,-0.12076975361030791,0.1598876699391085,0.979719653581752
35.826393152,-0.12173012919402984,0.16082002896074174,0.9794481578580212
35.826654409,-0.12343052599500806,0.16083653479796045,0.9792326150240197
35.826987111,-0.12341447940788333,0.16057525603597744,0.9792775160399945
35.827250266,-0.12330995112170427,0.16058981186533589,0.979288296815304
35.827527384,-0.12436669279037563,0.15920586050057878,0.9793806306572815
35.827828195,-0.12251489688457998,0.16073695883452055,0.9793639415998481
35.831165019,-0.12219392355678235,0.16101514698856856,0.97935834477787
35.841000854,-0.12232315317616455,0.15920025788001535,0.979638874324604
35.851075887,-0.12347819613944905,0.1601226463969756,0.9793435930198232
35.860821433,-0.12277019476168052,0.16056959005558752,0.9793594263739741
35.870964598,-0.12298936002940972,0.16088793737603463,0.9792796786038407
35.880917472,-0.12274736479836364,0.16175097240400385,0.979167864751196
35.89099527,-0.12250554261445182,0.16176664238684058,0.979195560365562
35.9009925,-0.1211155672522403,0.16232401797606083,0.9792762289350618
35.910967766,-0.12159664768480444,0.16125489430441795,0.9793932378440687
35.921229734,-0.12321584889429421,0.15867222330768385,0.9796126684214814
35.932100124,-0.12260060201057228,0.1589067980257594,0.9796518370971626
35.941169072,-0.12362429608006166,0.15890738692376016,0.9795230858942385
35.950922028,-0.12531333719626897,0.1603022267590048,0.979081081227106
35.961234644,-0.1253634035470782,0.16115234088351824,0.9789351051417325
35.970684474,-0.12573571401998881,0.1621420486028898,0.9787239070824528
35.980862138,-0.12371494160513447,0.1622172577294567,0.9789689343990304
35.990697661,-0.11991883847628683,0.164423356364242,0.9790732516315701
36.000902424,-0.11868711397540013,0.16522202452352722,0.9790888885022325
36.011034683,-0.11848088121263237,0.1642176124917982,0.9792828276522424
36.021154688,-0.11719958087584455,0.16269872689630693,0.9796904523924113
36.030623518,-0.11962834704901712,0.16291147979558532,0.9793614799108308
36.041027825,-0.12180814036272804,0.16334079238014607,0.9790212267800937
36.0507727,-0.1230089948343161,0.16187871834825904,0.9791139196925842
36.062648705,-0.12261650687423636,0.1601193080059409,0.9794523977435856
36.071458026,-0.12098408592120635,0.1588911376631619,0.9798553246913121
36.08176013,-0.12035723320310375,0.15906332771171247,0.9799045842289801
36.091361894,-0.11926573308108145,0.16242243136407553,0.979486926253952
36.101923161,-0.12047200418054892,0.16325833337603243,0.9792002924795324
36.11161727,-0.12112076752395941,0.16341559315854523,0.9790940218319424
36.121506387,-0.11925748034978789,0.16343586882658734,0.9793193402366354
36.13104144,-0.1207156845203632,0.16480110744421128,0.9789118032263896
36.141294463,-0.12197398034035878,0.164489393489673,0.9788082486112023
36.16569621,-0.12174761768517753,0.16305077271492996,0.9790770976307475
36.166008294,-0.12184479414094408,0.1629559350085224,0.9790807981909608
36.171183443,-0.12109765979294797,0.16468331239597245,0.9788844484467827
36.180761208,-0.12050129409865006,0.16422861837502364,0.9790344217785101
36.191638136,-0.11999672553372526,0.1649939941698949,0.9789677051614362
36.201994005,-0.11929862144227266,0.16397217345630574,0.979224675574502
36.211695325,-0.11763252818670686,0.16314497779306325,0.979564344253763
36.22125451,-0.11662947149932716,0.16148571689685498,0.9799591469117969
36.231055826,-0.11600904101733425,0.16184656787158244,0.9799732602833753
36.241012104,-0.11678711433241745,0.16239359746570267,0.9797903293195204
36.251051714,-0.11729372773613014,0.16481220462521254,0.9793258490616592
36.260769002,-0.11731009807795911,0.166343144228423,0.9790650127836976
36.278285739,-0.11769954530719119,0.16767762385236248,0.9787905963451561
36.280850235,-0.1178597179094161,0.1672497971237625,0.9788445189387195
36.291032702,-0.11628168247406902,0.1688556857524097,0.9787575428624207
36.300681385,-0.11401786579888538,0.16962836191096609,0.9788902620386362
36.311208164,-0.11294046953209036,0.16872685772791554,0.9791709237018503
36.320905261,-0.11249834422525958,0.1683314362357549,0.9792898703251163
36.331096839,-0.11170873097358286,0.16823177868739336,0.9793973800577309
36.341642472,-0.11143274080807733,0.1662212304472259,0.9797720381928697
36.351251592,-0.11087193911591796,0.16586871188251187,0.979895394179967
36.360871273,-0.10984718503269006,0.16506796321972408,0.9801459908905845
36.371299929,-0.10812170218516119,0.16403942803595353,0.9805104607122868
36.381110098,-0.10663873454745,0.16395021467837662,0.9806877726376692
36.391096649,-0.1055823071923992,0.1639144025458901,0.9808080571885376
36.401181584,-0.10271969351317828,0.16634633307530486,0.9807025859234585
36.410984891,-0.1024429380121004,0.16690362207025608,0.9806368468455986
36.421308394,-0.10074362639187465,0.1686470153349198,0.9805146128233061
36.431061233,-0.09955075096821729,0.16931370384504482,0.980521553904827
36.440997492,-0.09746894038564219,0.16851838863906068,0.9808676558795253
36.450873706,-0.0960572472163805,0.16999360571244748,0.9807523536928638
36.461087807,-0.09480408327645751,0.1719116066731924,0.9805399457876014
36.473375163,-0.09234789216892479,0.17214560245175095,0.9807332758545926
36.481394712,-0.09052234724157099,0.17163525859838843,0.9809928861392119
36.49101658,-0.0902881266660006,0.1710230743013541,0.9811213799727626
36.501250047,-0.09048090671376542,0.17198369971598462,0.9809356821689468
36.511068449,-0.08900411885508826,0.17240977295028365,0.9809959923557593
36.52102307,-0.08785312559151151,0.17313340577426894,0.9809722993687461
36.530889943,-0.08632445168497825,0.1732306217899399,0.9810908422340711
36.541116229,-0.08231663761684502,0.17378753291536764,0.9813367742903794
36.550867555,-0.08202173676387747,0.1732378157364487,0.9814586562342306
36.561027307,-0.08195848349410942,0.17239022450636257,0.9816131709986332
36.570931452,-0.08275639654023116,0.1716124388636616,0.981682509602235
36.581187276,-0.08290404617234674,0.17084526708860975,0.9818038571128529
36.590886634,-0.08154644780666874,0.1710690218695927,0.9818785905633625
36.601345211,-0.08066847310660182,0.17330054509691503,0.981559737619551
36.611153586,-0.08048235404190693,0.17507174074642923,0.9812606566452606
36.621103724,-0.07725886468549459,0.17483380988167269,0.9815621257718574
36.630956337,-0.0768498052947081,0.17330595413645758,0.981865140274884
36.640979821,-0.07540241966320371,0.17174776899409855,0.9822510773496174
36.651233272,-0.07503084756725549,0.17133317203741735,0.98235193086436
36.661040176,-0.07231185222518795,0.1735193807998516,0.9821720931255371
36.671086282,-0.07071747054505088,0.17354718463700275,0.9822832656949216
36.680929952,-0.06995490839639341,0.1739341197145297,0.9822694298360221
36.6909706,-0.0699042898327969,0.17402321203875606,0.9822572534395898
36.70087059,-0.07122381471483993,0.17387669466976746,0.9821884051790587
36.712000599,-0.06792482272441973,0.17237181151695405,0.9826872223918554
36.720841852,-0.06904590185895544,0.17295371203863508,0.9825068330187532
36.731082467,-0.06839392935288575,0.17371098143013905,0.9824188339798104
36.741116226,-0.06679285728124572,0.1745018386046085,0.9823888346982667
36.751256038,-0.06559544361849746,0.17628236020183138,0.9821516009548446
36.761239014,-0.06614706332953552,0.17528688368195353,0.9822927641095336
36.77130857,-0.06608557580044301,0.17440580077015952,0.9824537207058882
36.780912939,-0.061941960740017184,0.17487669426218694,0.982639982548854
36.791148378,-0.05963175292525709,0.17465706550888818,0.9828219388632333
36.801008594,-0.05708877514503288,0.17301999323819436,0.9832624032740676
36.811482979,-0.05863022766226894,0.17266996784876323,0.98323322696468
36.821437053,-0.05910275117461717,0.17338569689179356,0.9830789718618431
36.831094735,-0.05710312547023687,0.17348937535133646,0.983178859466442
36.840744787,-0.05588642650505895,0.17507561525142049,0.9829675662384956
36.851133782,-0.05319844446195891,0.17734199283160854,0.9827104065213423
36.861184731,-0.0530360558177803,0.17530128312000728,0.9830852643182952
36.871197637,-0.05388084258178753,0.1740468274662949,0.9832622013743814
36.88215281,-0.053622028257977114,0.17432389956502287,0.9832272657559616
36.891373941,-0.0516379022647628,0.17723173026889757,0.9828135330954634
36.900946725,-0.04974538203921515,0.17700157461521612,0.9829526130742554
36.910881406,-0.046533456350202625,0.17884957629421472,0.9827753896488677
36.921596325,-0.04522987684264474,0.1774383604723991,0.9830920030565127
36.982931659,-0.04521125742475346,0.17440819404394117,0.9836349546719065
36.983267637,-0.046495020504419456,0.17483696002557275,0.9834989834653161
36.983514171,-0.04534655829914776,0.17549434909777867,0.983435520552908
36.983770234,-0.04293916383674738,0.17651252477422563,0.9833613561691499
36.984030291,-0.04036212868082357,0.17744588092964644,0.9833025261380419
36.984289946,-0.04190655592841536,0.17677036711388772,0.9833595872724483
36.992173026,-0.043632369653027504,0.17584897695306212,0.9834497209430806
37.001729462,-0.042727827565357035,0.17368632380738133,0.9838736675375668
37.011542196,-0.040330704021093185,0.17611146442641162,0.9835436881047774
37.021542422,-0.03813917102888554,0.1771490047441561,0.9834447792079555
37.031526144,-0.03917193295887264,0.1734197643033187,0.9840686688525588
37.041652046,-0.04244445114913047,0.17472647090780524,0.9837017479555239
37.051607831,-0.04479260494034856,0.1762231860240938,0.9833305706882989
37.061541696,-0.0406069003699548,0.17626349273754424,0.9835050893464183
37.070941492,-0.03620218876259902,0.1767855273151584,0.9835833868364688
37.083526844,-0.03539060547437651,0.17909323943495803,0.9831953603597048
37.091171024,-0.03609867005175033,0.17700678436416348,0.9835473981001391
37.10139775,-0.03677807101574942,0.17511539876034285,0.9838607475701867
37.110956772,-0.03825001800177658,0.17259451313443455,0.9842500038906535
37.121058258,-0.03930860580712387,0.1753363597893222,0.9837235355755852
37.13092347,-0.037432547817868825,0.17578350267981113,0.9837169128105301
37.140932003,-0.0353318649581092,0.17240875350802812,0.9843916299077263
37.151255158,-0.03609371686889199,0.1717601680491485,0.9844773680863957
37.160923841,-0.03526802533441525,0.17395854861156948,0.9841212271635884
37.170923166,-0.03499956875755577,0.17124100563540534,0.9846073065825586
37.181026612,-0.03237108346038078,0.1703297277532248,0.984855266929671
37.191004392,-0.03207293030105136,0.17040068514140413,0.9848527471887583
37.201980359,-0.03322633444282372,0.17406100319899073,0.984174160331826
37.211656931,-0.0353585786944774,0.17642748321379448,0.983678359058261
37.221638021,-0.03445700329768775,0.17748562259368184,0.9835199889663027
37.233379749,-0.03447248505025385,0.17538662922338683,0.9838959183084959
37.241445204,-0.02977272412259403,0.1765812988731562,0.9838356721458057
37.251381185,-0.028434804537138984,0.17556021471013844,0.9840579621657786
37.261342792,-0.03065740925869068,0.17626362881462238,0.9838654666236875
37.270932743,-0.03187667431516944,0.17546904714793615,0.983968744995287
37.281257512,-0.028666756773664866,0.17297768943692038,0.9845084743226662
37.291451654,-0.025777049935782902,0.1712583947597372,0.9848888799864309
37.301172373,-0.026795020255165194,0.17128691436150234,0.9848567509328656
37.311064445,-0.02998759897185809,0.17599096896483718,0.9839349179446377
37.321328159,-0.030761069779578237,0.1765640879635844,0.9838083550303909
37.330920483,-0.029047409885384727,0.1759313405660789,0.9839737859239812
37.34081659,-0.02519981481162853,0.1780908638835233,0.9836913202497419
37.385581268,-0.029395145929031846,0.17729542367609977,0.9837185868627893
37.385989166,-0.03165419122700732,0.17813667102571085,0.9834964863250106
37.386253052,-0.031630641503267234,0.17989320090989136,0.9831774706452978
37.386515075,-0.030807630169806685,0.17823104173359477,0.9835062712997198
37.391134311,-0.030104097177961493,0.18077205625750614,0.983064192720665
37.401359905,-0.030812210749828185,0.18278876267107902,0.9826692606924693
37.410998528,-0.0323067387414552,0.183466891163276,0.9824948724949022
37.42097775,-0.031162603374071847,0.18136721231510147,0.982921576957185
37.431103994,-0.02720385749850305,0.1835564771341748,0.9826326728942472
37.4411078,-0.021323128920488404,0.1808501591294514,0.9832794842342092
37.451415711,-0.02403049102051797,0.18187309003948982,0.9830283386661854
37.461037897,-0.024804591488206153,0.18256270074397496,0.9828812708247977
37.471362058,-0.02367357879759882,0.17919000714235533,0.9835296147077812
37.481598805,-0.019907425840453172,0.17914689197336112,0.9836209053759949
37.491149128,-0.02216233061170223,0.18370341874983934,0.9827318479837106
37.500984386,-0.02272800280117541,0.18490024974494804,0.982494445548129
37.511360696,-0.02190925894198617,0.18155405262525107,0.9831368726418315
37.521090941,-0.018293579068113717,0.17887949132683217,0.9837009060418378
37.531038705,-0.02286011221232893,0.1835991278537798,0.982735353755512
37.541313758,-0.022240067174281872,0.18310496876990962,0.9828417725269178
37.550951345,-0.02232797084255003,0.18048771705043054,0.9833237746093492
37.561599571,-0.021855019601955045,0.17984869578659832,0.9834514755401295
37.570844685,-0.020199176099105792,0.18120814972049057,0.9832373059235464
37.581238622,-0.02000766615550744,0.184155288823058,0.9826935040456439
37.590864918,-0.016820976405422162,0.18381921414570312,0.9828161329890879
37.601110623,-0.01582497755051074,0.1796253192998889,0.9836078053533018
37.61099112,-0.015849846605136716,0.17843943142977442,0.9838232319241157
37.621239847,-0.017025605346545118,0.1780574972289823,0.9838727846846536
37.63085114,-0.01837346919387443,0.17917644466272376,0.9836453717208289
37.641121488,-0.022459293658522873,0.18260544400378467,0.9829297187228296
37.651141823,-0.02129253244914541,0.18240339524185842,0.9829931990945535
37.661746746,-0.01950194792912065,0.18238352621009032,0.9830340397942195
37.673335806,-0.02099138267110528,0.18172229938906898,0.9831258148163463
37.681313221,-0.02213699115544716,0.17967902590357876,0.983476182361792
37.69125071,-0.022073023874916567,0.1774208256907125,0.9838875099462556
37.701995297,-0.022957969750637904,0.17671251817045858,0.9839947243490609
37.711593121,-0.022777018045269784,0.17779574080756294,0.9838037822653741
37.721725211,-0.025048502105395803,0.18123942576529173,0.9831199535613869
37.731514322,-0.021624861949143624,0.18477062379015252,0.9825437302888245
37.741598532,-0.019412150976938058,0.18392697845399508,0.982748205285175
37.751149872,-0.023508099680970156,0.18122889475159729,0.9831599345765184
37.76131441,-0.026216720119592418,0.18153866624656553,0.9830342802993135
37.771050014,-0.02619918201630764,0.18201530690414805,0.982946606339462
37.781247808,-0.02711513126008061,0.1816795562766188,0.9829838800752938
37.792632539,-0.027720370873430298,0.18023654012005338,0.9832326126833832
37.801214102,-0.02556866751190504,0.17811361146308566,0.9836776833156492
37.811028588,-0.024275408349965433,0.17951870812021753,0.9834550004877145
37.8212434,-0.02547018058224174,0.17435683184179443,0.9843530693258393
37.83098578,-0.026210074227096248,0.1724308872898354,0.9846728497919754
37.841179587,-0.028714074273903597,0.17201491116233023,0.9846757701276134
37.850891667,-0.03240965771865406,0.17499302355517343,0.9840361049237869
37.860870037,-0.03408323565770305,0.1747693206400811,0.9840193177016933
37.871211103,-0.033672644957811665,0.1762431132783087,0.9837705616674624
37.880726781,-0.03205151440001905,0.1772006523083196,0.9836526974731332
37.89110849,-0.030784913317325,0.17568503451681147,0.9839649677498035
37.900923257,-0.030479203163964234,0.17379365311980993,0.9843103089522942
37.91083967,-0.029842187042830832,0.17309871220607564,0.9844522739600426
37.921355246,-0.030686721269961005,0.17237644516874628,0.9845530388398006
37.931032626,-0.03142879110414393,0.1728312880920799,0.9844498854416941
37.941073567,-0.032219744046084506,0.17117840549225122,0.9847130757671169
37.950891894,-0.03192339622309629,0.16931114928911073,0.9850454971725844
37.961383974,-0.03558264639535207,0.16955219937333152,0.9848786356517077
37.971000254,-0.036274149024260904,0.17008661196521682,0.9847612556060273
37.981280393,-0.036017442863630546,0.17024414311222524,0.9847434567162908
37.991127969,-0.03147445461631472,0.17172258030358967,0.9846424295755708
38.016894789,-0.03074195626544074,0.17150917125113288,0.9847027654585536
38.017513642,-0.03073109325199624,0.17256718134706522,0.984518241491475
38.020946597,-0.030598500628174843,0.17199855371811884,0.9846218712166529
38.042441876,-0.030912536741587848,0.1733434545239806,0.9843761790321283
38.042890976,-0.031400643504178156,0.17423066805592274,0.9842040814263627
38.051150116,-0.03142046212614656,0.17286466310308676,0.9844442913695196
38.060975821,-0.028915402644955145,0.17224580462898958,0.9846295152378849
38.071282453,-0.03142060518117754,0.17313535424417237,0.9843967161062626
38.082445124,-0.03232346621551057,0.17332362348166097,0.9843343512623148
38.091134723,-0.032997523212112884,0.17354948203395384,0.9842721883440639
38.101055328,-0.032639360650802626,0.17307223721614737,0.9843681591972103
38.111569994,-0.033310624273692815,0.1748723223294775,0.9840274758326579
38.128101774,-0.02981455404903731,0.17543549131026367,0.9840393695150532
38.131300889,-0.028305404959663463,0.17650780715440606,0.9838921679043962
38.14128355,-0.02795946966562189,0.17752677453823365,0.9837187160860916
38.15100665,-0.027929008819718232,0.179737062460441,0.9833181371481153
38.161213684,-0.027146104337632312,0.18036419086620392,0.9832252273372922
38.17109858,-0.026920149832310364,0.1811912378364847,0.9830793665133495
38.1814778,-0.0265571352235245,0.18233534825695752,0.9828776827992044
38.190886344,-0.02440139481278027,0.18338820704664596,0.9827376747878386
38.201048988,-0.02312716114933814,0.1864826752766093,0.9821860038907352
38.211392816,-0.022307332118247425,0.18649184929544194,0.9822032239206571
38.221542918,-0.022619962148017283,0.18667991968810946,0.982160345818168
38.230873818,-0.02161796463362569,0.1881030424785198,0.981911354968168
38.241818694,-0.022321966197994054,0.18592968702867924,0.9823094631054274
38.251722976,-0.022000268301678654,0.18284062026080397,0.982896380997152
38.26390118,-0.020705818269342872,0.18368347636389795,0.9827673425590974
38.271170836,-0.02065526237943112,0.18333784842886056,0.9828329428084476
38.281240024,-0.021836350831753653,0.1807098352847896,0.9832940197182616
38.291074616,-0.02502173462835468,0.17747626414246792,0.9838069365796427
38.301725525,-0.028044155996154927,0.17669265187453623,0.9838664706595135
38.311109538,-0.025618069741388527,0.17803417792105122,0.9836907776301965
38.32139424,-0.02671536823853792,0.17398021013245005,0.98438670022616
38.331199284,-0.025918891219984027,0.16845222754954894,0.9853689959155005
38.341166104,-0.02373954657481792,0.16224437603040712,0.9864650000759916
38.352144611,-0.02634974831025261,0.15986417253222815,0.9867872805749842
38.514037596,-0.02897699053421264,0.15961769370855217,0.9867535284328824
38.51441666,-0.030057150197513934,0.1553089887610289,0.9874085708216386
38.514693413,-0.031694019540898614,0.1495793616656549,0.9882416221193259
38.514949694,-0.025939545374362244,0.1420713060079175,0.9895164900065972
38.515218659,-0.027924057718888107,0.13865601517578324,0.9899468452680099
38.515485488,-0.03353224583271531,0.1364027016562033,0.9900858000548757
38.515752985,-0.03163564615545214,0.13029944328809068,0.9909698486690404
38.51602238,-0.03286656421191782,0.12428514140604163,0.9917020684573488
38.51638337,-0.03462189151571977,0.12098099614020372,0.9920508672446176
38.516784588,-0.03665257657140926,0.11321736432622684,0.9928939606250506
38.517162241,-0.03391583506145663,0.10743852984717414,0.993633070321415
38.517465357,-0.03306830372594594,0.1059160485603868,0.9938250741181983
38.51774966,-0.04076410501372874,0.09733826776199182,0.9944161851918565
38.518015992,-0.03929179018874484,0.09658266269315853,0.9945491161782123
38.518378973,-0.03936814204228896,0.09093248375195273,0.9950786063376296
38.518697076,-0.03949959786193652,0.08666583201152638,0.9954540749479583
38.521194508,-0.04188505523018907,0.08197605930021815,0.9957537686847945
38.531337547,-0.04286740978409915,0.07927082326050858,0.995930982426997
38.541067356,-0.04267634738242696,0.08082076954081552,0.9958146075374296
38.551207423,-0.04437901688002992,0.07806018719510327,0.9959603958169359
38.561018838,-0.046269113281616064,0.07650772928557832,0.9959948476351159
38.57111772,-0.044979188049395734,0.07516738108030742,0.9961559804889718
38.580949404,-0.04329158052672846,0.07540636924812306,0.9962126873977833
38.591106922,-0.040493297700671844,0.07246761462675713,0.9965484121063224
38.601211098,-0.03950876395316655,0.07179745161661688,0.9966364349712751
38.611344918,-0.037650415671483084,0.07330146006681874,0.9965988872920927
38.623230087,-0.03663781253960304,0.07376880288836776,0.9966021444953498
38.631030767,-0.03662645361339309,0.0749720041692992,0.9965127703579842
38.641122548,-0.035223796427060916,0.07686560867907657,0.9964190696527542
38.650905995,-0.03502895063240355,0.07724605846103662,0.9963965169900119
38.661068385,-0.034944708988493764,0.0787820109204995,0.9962792088912785
38.671199063,-0.035562486776556386,0.08124813369832608,0.9960592604382564
38.681073104,-0.037126821913929,0.08080005620216764,0.9960386287751585
38.691387023,-0.0373993433067619,0.08110068810660405,0.9960039997454118
38.701231578,-0.03702306556625766,0.08095507909327078,0.9960299030576738
38.71143193,-0.03912295377517304,0.07985776491030207,0.9960382180777185
38.721155485,-0.037399109663027084,0.07951189773358924,0.9961321020402948
38.731204918,-0.03704394372584606,0.07804213648929909,0.996261597757046
38.741118459,-0.03692586138161609,0.07648973768011924,0.9963863712390151
38.751397777,-0.03515642953488011,0.07578330200621998,0.9965043485100269
38.762775108,-0.03424069195256679,0.07572706602582266,0.9965405092045833
38.771400344,-0.034013299489881875,0.07502521491835284,0.996601380986534
38.781120526,-0.034768254951740934,0.07494028077578281,0.996581719060137
38.791245175,-0.03628703366437896,0.07381477241032722,0.9966115745674701
38.800906391,-0.036364531980737365,0.07272507793495932,0.996688860102879
38.8114236,-0.03629362848242386,0.069542583274766,0.9969185531642252
38.821191201,-0.03757048946119805,0.0694195517939731,0.9968798243270701
38.831107706,-0.037959249871506506,0.06911389079066994,0.99688633527046
38.915317685,-0.03444846941181532,0.07107120270171048,0.9968762145330362
38.915604661,-0.03245284125404156,0.07306666598190519,0.9967989142333717
38.915841129,-0.032663177611689374,0.07300168709849549,0.996796805025518
38.916251362,-0.03291159122958611,0.07291289355223912,0.9967951329719545
38.916617661,-0.032489836733953725,0.0723642297319365,0.9968489498235451
38.916927093,-0.0310416255535741,0.0724282199584365,0.9968904505694917
38.91720646,-0.03036878166811554,0.07191661635218802,0.996948211991198
38.917502224,-0.029759530572132688,0.0718656675766628,0.9969702584149073
38.921194445,-0.02988754823333138,0.07361674709753915,0.9968386574603622
38.930826317,-0.029410330378003145,0.07302055093569951,0.9968967005703768
38.941199069,-0.027779613877595647,0.07166136963110012,0.9970420959796064
38.951236198,-0.02728145153326871,0.07158321934918371,0.9970614650611289
38.961418971,-0.026602343251475986,0.07016000118326622,0.9971809713224049
38.970813421,-0.02671090896031353,0.06924205593385795,0.9972422298682334
38.9809502,-0.028312776423035525,0.0691561072630013,0.9972040009543923
38.991551098,-0.02858845300469672,0.06902373165952451,0.9972053072575338
39.001187774,-0.028641633486142012,0.07011603306747989,0.9971275739533663
39.011051329,-0.028982358244024498,0.06951168400790059,0.9971600416668335
39.021255734,-0.0291376750459135,0.06974155207452919,0.9971394645721101
39.043116518,-0.02927180103256832,0.06978051323312894,0.997132810430602
39.043383938,-0.029220054841848142,0.06959637417519328,0.9971471973067497
39.05160951,-0.02924744584569896,0.06838016598239946,0.997230534937495
39.062271906,-0.028882259911684534,0.06722732343015306,0.9973195586404647
39.072514654,-0.029457102299280512,0.06838576260998376,0.9972239801551007
39.081377282,-0.02966185940656946,0.06800475634677491,0.9972439657429676
39.09174636,-0.029259825011852487,0.06815169994009172,0.9972458114404651
39.102643155,-0.027362580665223842,0.06911858497369794,0.9972331274033034
39.112858075,-0.02999271404009649,0.0687575209974747,0.9971824509139694
39.121990414,-0.029575673488811197,0.06846488069156335,0.9972150418287788
39.141281567,-0.03157278703764845,0.06801292599541295,0.9971847376570793
39.141600115,-0.0302494466763712,0.06747391243676558,0.997262373759408
39.150961667,-0.0295374343534032,0.06623297043127782,0.9973669001925359
39.161559738,-0.031152211944234728,0.06661332002791104,0.9972924371947481
39.170985875,-0.03110253294312232,0.06607774285914775,0.9973296166980916
39.180956868,-0.03111096035758942,0.06592514220935772,0.9973394526289955
39.191385382,-0.03070280001790167,0.06470184822255315,0.9974322076751114
39.20118597,-0.0306520204784647,0.0651014673022502,0.9974077664604791
39.211430667,-0.030651238204896864,0.0647709081360956,0.9974293113076896
39.220962011,-0.03128784349972837,0.06690431581357967,0.9972687117194909
39.231255817,-0.03047573868952622,0.06760079352723782,0.9972468912289552
39.24127136,-0.0307445466543604,0.06829720203506512,0.9971911878096394
39.251377985,-0.030536798299749212,0.06883773191785185,0.9971604036532972
39.261093043,-0.030922076291711634,0.06852359758924005,0.9971701669079545
39.27117962,-0.031207507354218948,0.06825454067719514,0.9971797276126715
39.281093395,-0.030456761716664893,0.06868952647975873,0.9971730715466203
39.291501019,-0.0299120687759491,0.0679983904576334,0.997236926230028
39.300930939,-0.028554251674574063,0.06853768191341386,0.9972398111132752
39.311193945,-0.028118371906292742,0.06939874645768147,0.9971926449545454
39.321104176,-0.026776468337033822,0.0675740116608655,0.9973548885384044
39.33121886,-0.026078365144822313,0.06674214838235933,0.9974293982536712
39.341033447,-0.025232385281764837,0.06853571734776091,0.9973295253729434
39.351070781,-0.025098717997563868,0.06803583751736932,0.9973671235649334
39.361065019,-0.024981231363564668,0.06858195778008412,0.9973326692466314
39.371421044,-0.024293504831002895,0.06845465168246849,0.9973584041286552
39.380932264,-0.024552653766573267,0.06811010236607294,0.9973756469599114
39.391178365,-0.024016087598738328,0.06818557416604162,0.9973835546128165
39.400968053,-0.024803739956154043,0.06822462789867584,0.9973616067566842
39.411774987,-0.024944048843902625,0.06841706211451833,0.9973449253086373
39.421029497,-0.024630655196326914,0.06789538637006896,0.9973883633441182
39.43154658,-0.02500353499064709,0.0676105478143998,0.9973984344594733
39.442337086,-0.025590300154053575,0.06802238170993917,0.997355549503051
39.451230449,-0.025841159135833944,0.06833956737348175,0.9973273976110963
39.461211162,-0.026972635950956825,0.06740238540174602,0.9973612160857327
39.470821145,-0.0271657198047658,0.06783350370669378,0.9973267465792558
39.481240315,-0.026935039749005723,0.06737887300352707,0.9973638208329466
39.490938446,-0.02724906084153525,0.06997485679185174,0.9971765180248753
39.501097508,-0.02692432585457713,0.07102206063697873,0.9971113015005667
39.511114823,-0.02651550403698148,0.07237310136174915,0.9970251061256918
39.521065849,-0.02715944032903115,0.0725176722624736,0.9969972678050057
39.612019574,-0.027798514621242693,0.07257753414232511,0.9969752976491806
39.612432536,-0.026800854705001792,0.07303869569252036,0.9969689378905527
39.613713615,-0.02814283332221199,0.07298921326939915,0.9969355825121864
39.614106416,-0.02803605681041085,0.07205656092865767,0.997006435057296
39.614521406,-0.028338943796744703,0.07131207842071222,0.9970513987432158
39.614931154,-0.028305735772483458,0.07026652094276263,0.997126572385361
39.615341784,-0.028043707440544845,0.07004274790163469,0.9971497199214255
39.615750012,-0.028983834717143813,0.06714326914327019,0.9973222742593507
39.616362696,-0.02921800973423638,0.06521988262066875,0.9974430684596071
39.621265077,-0.03001417819617987,0.06587586899134293,0.9973763176413623
39.6311515,-0.027593812914491787,0.0649690501815457,0.9975056912155178
39.641419426,-0.02793854730841708,0.06435534687959407,0.997535877501307
39.651277419,-0.027925486796739077,0.06397553615288712,0.9975606738244626
39.661233594,-0.031111016391225557,0.06419308933834153,0.9974524309160336
39.671057175,-0.03143825488212604,0.0643330120152414,0.9974331555021686
39.680946044,-0.029782118543735022,0.0650564576216539,0.9974370570300509
39.691315313,-0.029454257650971163,0.06442720818800478,0.9974876347861812
39.701041594,-0.029274795730723186,0.06485269328936885,0.9974653450160761
39.711386488,-0.029215590503045587,0.06459106375784111,0.9974840568922339
39.720962284,-0.03057678139765528,0.06557715390655096,0.9973789136155208
39.731438758,-0.03134131022220993,0.06640339330367424,0.9973005121984613
39.740991849,-0.03184333867223215,0.0661809572881015,0.9972993947028325
39.751217971,-0.03193357102854761,0.06572907810533772,0.9973263935807513
39.761307359,-0.03220895868348552,0.06547406307287115,0.9973343120765751
39.771020833,-0.03186659295935357,0.06515345760079944,0.9973663054343793
39.78127114,-0.03294166771929499,0.06544884549224364,0.9973120349978757
39.790923799,-0.03309027775486948,0.06502393673692765,0.9973349092302635
39.801083178,-0.03170484368018266,0.06400344669639149,0.9974459191846932
39.811280606,-0.03274387682493195,0.0634328828226535,0.9974487996420073
39.821160688,-0.034152040919728247,0.06426392157849802,0.9973483776917522
39.830836917,-0.03411964924653973,0.06451235250916579,0.9973334477039394
39.84112142,-0.03388912481566501,0.06445908625419768,0.997344751537051
39.852217889,-0.03347252641836366,0.06389285231695362,0.9973952543490349
39.861040664,-0.033856556100995715,0.06312166572954911,0.9974313955979667
39.870987559,-0.03506073524371971,0.06353754658149544,0.9973633866442932
39.880923013,-0.035111003664329114,0.06289193706972454,0.9974025374307514
39.891094086,-0.035310343979620955,0.06248352845757869,0.9974211689549866
39.900997332,-0.035470165704620034,0.06364934926135127,0.997341780777028
39.911326318,-0.035334609970598965,0.06313912899417792,0.9973790231040967
39.921043185,-0.03570369665988303,0.06325495767850367,0.9973585395302483
39.931080834,-0.03581660071414917,0.06273799639019545,0.9973871439527517
39.941541286,-0.036275048852115,0.06328633354164448,0.9973359317790733
39.950928987,-0.03588985738314186,0.062001319786738444,0.9974305762717125
39.961288663,-0.036259737906466125,0.06259904054411106,0.9973798632065475
39.970906329,-0.03636469222390653,0.06234019490252299,0.9973922544610903
39.981387777,-0.03623876650397565,0.061971038658922305,0.9974198424784845
39.990990449,-0.036571885644473334,0.06193409041452515,0.9974099787073183
40.000971111,-0.03706648953047019,0.061633081672896446,0.9974103661970783
40.011160801,-0.03763784966909182,0.06165852084222379,0.9973873966918954
40.030373346,-0.03831786309286403,0.06167350893404899,0.9973605765538152
40.031100667,-0.0395005487123084,0.060985542933360434,0.9973567416950415
40.041226905,-0.038213946581287225,0.05960248467965438,0.9974904701833969
40.051813551,-0.038939710633957784,0.059667117381195255,0.9974585375037713
40.061593524,-0.03855214477580865,0.05924344076015061,0.9974988455432335
40.071387623,-0.038439451412538184,0.05878886288220655,0.9975300888575344
40.08173461,-0.039173445330477584,0.05890344649655152,0.9974947745085023
40.091462147,-0.03904237074875452,0.058691795872664806,0.9975123890877539
40.101572296,-0.03891189843312533,0.05899965939384424,0.9974993254893663
40.111434059,-0.03961940438580033,0.058396248518155364,0.9975069829104558
40.121711324,-0.040916355770760034,0.05963498562768501,0.9973813314473188
40.13153556,-0.040277308712618275,0.060119553184110476,0.9973782520828351
40.141764898,-0.03855798100970675,0.0586802069387722,0.9975319119777963
40.151078548,-0.039680081219431014,0.05875946612226151,0.9974832411100681
40.161359887,-0.0400200451274248,0.058821078236442476,0.9974660278641581
40.171110992,-0.04020715160179718,0.058943476765791175,0.9974512777608894
40.181216996,-0.03931722758692138,0.05880805065721298,0.997494746248208
40.191096978,-0.0402630863199071,0.05921021802800296,0.9974332228079592
40.201228927,-0.04061501600361901,0.05864332302186512,0.9974524455531596
40.211147023,-0.0401881620937547,0.05857561736270054,0.9974737132767484
40.244818526,-0.03997971979166492,0.05887597725932237,0.9974644060351928
40.24508002,-0.040290247082984024,0.05900885865350111,0.9974440588776914
40.245350091,-0.04000856367220179,0.05866173004054241,0.9974758725210039
40.251298415,-0.04062014010178261,0.05904605482845109,0.9974284774495398
40.264100879,-0.04059590007576833,0.05893626781924325,0.9974359574592129
40.271133267,-0.040314116057221315,0.058913349756713154,0.9974487401701242
40.282366161,-0.04052385848463262,0.05927908283948684,0.9974185717296559
40.29137497,-0.04029830873717797,0.05912337441421816,0.9974369518474836
40.301793978,-0.040300956674240544,0.05902230589686731,0.9974428305911861
40.31123776,-0.0398044095856154,0.058278839783368286,0.9975064840947376
40.32098221,-0.04051114811231649,0.058889585935261446,0.9974421605020491
40.330990337,-0.040564948459910447,0.05884485152493788,0.9974426140913838
40.341196682,-0.041277636453233846,0.05864438524445554,0.9974251815590653
40.351343337,-0.04072319187474535,0.05804311143008822,0.9974831421427869
40.361228078,-0.04034416829784681,0.05753591757496823,0.9975279275655201
40.371403027,-0.04078181500990866,0.05758625256837549,0.9975072265801531
40.381083042,-0.04052498864251158,0.058021542042709706,0.9974924691217023
40.391188338,-0.04048159308273719,0.057645224311163756,0.9975160493624148
40.401247405,-0.04093222022884155,0.058202529839291674,0.9974652970742612
40.411275862,-0.040603195466403424,0.05806339522447599,0.9974868533734785
40.518063113,-0.04099415873926789,0.058265011305478204,0.9974591056313198
40.51832259,-0.04011544652907309,0.05817792468068403,0.9974999148018119
40.518782261,-0.03990681122215467,0.057792005458608076,0.9975307165812748
40.51919999,-0.040844168452471276,0.057297570844054305,0.9975212991604724
40.519457019,-0.0406871284450193,0.057737912843043845,0.9975023263127899
40.519712501,-0.04084895244748186,0.057104172925782785,0.9975321932240613
40.519978425,-0.04083231188040358,0.05706420201318144,0.9975351618640319
40.520239172,-0.04097170048824582,0.057054465960980266,0.9975300033948898
40.520499848,-0.04148589719539451,0.056991214980629874,0.9975123667147816
40.520855512,-0.04158614745798335,0.05672682532095804,0.9975232627004788
40.521126321,-0.04173190733275611,0.057410951456151646,0.9974780351282276
40.531031963,-0.03997575097703855,0.05763905645339522,0.9975368055891393
40.541218606,-0.040736955208420966,0.05727648845261565,0.9975268940489197
40.551226917,-0.041085030071660464,0.05714134976207474,0.9975203689405941
40.561246225,-0.039786978888851084,0.05791831474471754,0.9975281776110538
40.571302398,-0.03948812740725501,0.058127852378914074,0.9975278645590225
40.58118616,-0.03973728008265944,0.058067423235459485,0.997521489959202
40.591050723,-0.04012696151075886,0.05754459382448734,0.9975361881563439
40.601225876,-0.040582622082751575,0.05720702209682955,0.9975371709403623
40.611050679,-0.04021412190255881,0.056174174770460966,0.9976107890798215
40.621634136,-0.04015587116796213,0.056517421063376656,0.9975937485405003
40.718340297,-0.04054579605254715,0.05583932694705242,0.9976161626540369
40.719985129,-0.040317281555382035,0.05570309906456899,0.9976330395303611
40.720520411,-0.0400392801279862,0.056053997701527414,0.9976245813874627
40.721355219,-0.0394431596668657,0.05554810444228336,0.9976766235851993
40.723500389,-0.03984334771122867,0.05511107052869955,0.9976849590669106
40.724195857,-0.040268283151155965,0.05453498558102844,0.9976995543347383
40.724740741,-0.04039176091201331,0.05501852830378136,0.997668014518714
40.725238775,-0.0412036190848435,0.05486540433415787,0.9976432474494882
40.725771445,-0.04139035153830638,0.05434027105542735,0.997664259027634
40.726393289,-0.042348315266495594,0.0545178497487142,0.9976143665028417
40.731078914,-0.040330499040072056,0.05633983424546973,0.9975967491548737
40.822959845,-0.040482734225221244,0.05626653923067272,0.9975947197096892
40.823243067,-0.04071296275476945,0.057120169088334324,0.9975368368872645
40.823510541,-0.042563146350062676,0.055609343672478745,0.997544976163531
40.823846995,-0.04364399045850505,0.05544072956950842,0.9975076579162983
40.82410182,-0.0437952863179332,0.05656280034812525,0.9974380294099019
40.824420108,-0.043331302099716654,0.055162424663665846,0.9975367187044137
40.824831613,-0.043698255950932345,0.05534466459967923,0.9975106167491131
40.825242419,-0.04395072791821163,0.0545240834174726,0.9975447147085407
40.825623202,-0.04549398768415096,0.054973498587292696,0.9974508567030594
40.831267658,-0.04586654430301676,0.054159734878247,0.9974783121610302
40.841164664,-0.045012785956765854,0.052180390313560254,0.9976227022111792
40.851308429,-0.04538086221186817,0.05210411001114201,0.9976100135147272
40.860977637,-0.0452679199296829,0.05152137587226207,0.9976454095787085
40.871254038,-0.04433503624295841,0.05225605304282027,0.9976490913551325
40.881109393,-0.04422676840563758,0.05270286633501966,0.997630392899328
40.89101339,-0.04117596485130295,0.054267967014906514,0.9976770658257278
40.901579149,-0.04048604821430096,0.054517820976136,0.9976916793759499
40.912356733,-0.0404592334933099,0.054286111848116866,0.9977054016519845
40.921451175,-0.03976444782258803,0.0542826655385763,0.997733521994421
40.931941492,-0.04015956162017964,0.054418297262405255,0.9977103079218614
40.941654481,-0.04147981159086949,0.054384427704740265,0.9976581374667446
40.951968566,-0.04067387853816803,0.05435040953222943,0.9976931735700818
40.961499774,-0.040316411111162444,0.05388229658587657,0.9977330730760344
41.044851662,-0.0397197824072436,0.05410770064968392,0.9977448048553927
41.045213631,-0.03962796278850341,0.05346394680177205,0.9977831582852109
41.045797679,-0.04002777213586282,0.05310078962567625,0.9977865922124676
41.046231429,-0.03942654244851109,0.05282937750197987,0.997824936861827
41.046551881,-0.03978905532035133,0.0530397561110481,0.9977993863239217
41.046833744,-0.039339576231266084,0.05303378602531344,0.9978175260446
41.04712669,-0.039129293322444234,0.052858128727494014,0.9978351149521217
41.047447994,-0.03996970363428766,0.0537814574440795,0.9977524631022356
41.052284219,-0.040562665103114424,0.05394254768936332,0.9977198363010097
41.061203462,-0.0391055449881771,0.0519390888169027,0.9978843056206704
41.070990107,-0.03863278248542407,0.05214847820943614,0.9978917999151381
41.081277508,-0.03804820029589893,0.05214097215977555,0.9979146524009338
41.091341977,-0.038410141090893524,0.05243579984771257,0.997885338080337
41.101404163,-0.038462331260356294,0.052874987810742353,0.9978601528962026
41.111117676,-0.038986178168332296,0.0528770084042359,0.9978397165346975
41.121419715,-0.03924401898293673,0.05199545585956709,0.9978759339437057
41.130956943,-0.0390352084072588,0.05348418256420744,0.997805439311713
41.141272204,-0.0395355854015814,0.054182153931111234,0.9977480802699347
41.150953002,-0.04029254328837541,0.05450407116051786,0.9977002641987641
41.161262304,-0.043413834495383975,0.05476210805416046,0.9975551866918801
41.171103829,-0.04425213459528127,0.054995988773034674,0.9975054835952719
41.183135426,-0.04570315944168766,0.05460053212363031,0.9974617802747452
41.191362437,-0.04687471340563165,0.054534124781234046,0.9974110438918776
41.20164341,-0.04675530217641648,0.05457708309363416,0.9974142989346918
41.211274385,-0.04744440250167669,0.05300457788201093,0.9974665625447345
41.221668993,-0.04384966807079204,0.054434860808111836,0.9975540348967984
41.231106567,-0.047738983901842245,0.054256671809323045,0.9973851828557487
41.240954475,-0.04896961458696541,0.05446173731433528,0.9973143416275073
41.251614726,-0.04944689072361323,0.05472061901420238,0.997276621029727
41.261165893,-0.0504847934246551,0.05502334924332563,0.9972079605934345
41.271411579,-0.0510947689024172,0.05489090584046864,0.9971841921364485
41.281304747,-0.05203099398302163,0.05566645772291932,0.9970927846242401
41.291237651,-0.052144146750804685,0.05585228776539837,0.9970764814752184
41.30120301,-0.05215554093882695,0.05637882802082714,0.9970462513345989
41.311332703,-0.05248130814999852,0.05766994088578522,0.9969553100380654
41.321396306,-0.05292489686421696,0.0576165766530815,0.9969349454135369
41.331409831,-0.052223985042724366,0.058028579424577696,0.9969480123638458
41.341230411,-0.05186313343879309,0.05834893018577047,0.9969481519798742
41.351660324,-0.05209341138935593,0.05964742672760338,0.9968592984842919
41.360958473,-0.05199607041732634,0.05995469357004677,0.9968459476669794
41.371430159,-0.05324423622966908,0.06154661937302217,0.9966830313354751
41.381013429,-0.0532736403700285,0.061771116957417896,0.9966675716363796
41.430800555,-0.05364334162864179,0.059923063777675555,0.9967605621845246
41.431343692,-0.05310567661241416,0.06083239988098566,0.99673427062395
41.431594811,-0.05374675530054514,0.0625055983651821,0.9965963759053481
41.431905001,-0.05492896911160223,0.06308451759127176,0.9964954350084164
41.432194855,-0.05507206166719869,0.06309745351130486,0.9964867181172629
41.441158697,-0.05579095886281846,0.06306977132212571,0.9964484797793322
41.451171901,-0.05680050885962307,0.06297395874750193,0.9963975023618616
41.461862989,-0.057897484354468724,0.061185523067264845,0.9964457903330263
41.4712951,-0.059150519176480336,0.06086700366917207,0.9963917020657538
41.48119243,-0.06056800177952332,0.061599417869077217,0.996261526346685
41.491411721,-0.06130763097861862,0.06151111597995637,0.9962217408763423
41.501193573,-0.06263977270109218,0.06224918223059886,0.9960930168350631
41.511648743,-0.06442135515183085,0.06476887247771357,0.9958186994420056
41.5212053,-0.06400452498004403,0.06392593778747911,0.9959000428055369
41.531330232,-0.06460700579287883,0.06426551448703542,0.995839283443968
41.541183555,-0.06483079131809773,0.06399965705749956,0.9958418611373956
41.551346437,-0.06531004959161725,0.06431894492633192,0.9957899732101664
41.56120577,-0.06567031918054858,0.06493807774536328,0.9957260944845535
41.571419809,-0.06584709020472115,0.0647501862034411,0.9957266563159747
41.581093243,-0.06584126167925046,0.0664099744440977,0.9956177195865986
41.592454543,-0.06532810995528196,0.0675159279382169,0.9955771379076119
41.615587269,-0.06672386368148511,0.06678730461559337,0.9955337171374954
41.615848711,-0.06748567579684808,0.0678485079431741,0.9954106004720503
41.621159233,-0.06688521009885266,0.06917938641100974,0.9953595235721758
41.631180296,-0.06743420490000851,0.0689001174575448,0.9953418517393108
41.641081594,-0.06741276532135061,0.06953104293024909,0.9952994288859811
41.651199921,-0.06766084279207162,0.06930299232747782,0.9952985007559915
41.661062354,-0.06889153109916422,0.06913107052166984,0.9952260306238683
41.671238383,-0.06932196061498354,0.06790881187074344,0.9952802917001817
41.680921925,-0.0713768586150472,0.06536825220300452,0.995305147006772
41.691155852,-0.0709164969054993,0.06542233598288964,0.9953345007690602
41.70101369,-0.07058950782104131,0.06460472179546757,0.9954111468671191
41.711274757,-0.07250533855811836,0.06588968285918621,0.9951891908442778
41.721490137,-0.07275806871590303,0.06813184609895778,0.9950197560771745
41.731229963,-0.07256353659106862,0.06841446756315313,0.9950145696347601
41.740981132,-0.07258361096893658,0.06742611229741469,0.995080568998896
41.751199249,-0.07312013051223429,0.07087297435241541,0.9948017229681076
41.760892137,-0.07477281803802677,0.07123255366343938,0.9946531802498988
41.77108334,-0.07693254776384756,0.07020779555441864,0.9945613347290113
41.781255273,-0.07908612524718601,0.06985688877525228,0.9944171156431433
41.791451456,-0.08450892304740619,0.07026451178121516,0.9939422218164973
41.801036844,-0.08558743525164332,0.07108520241183029,0.993791570162031
41.81120344,-0.09008211071382707,0.07266829189639064,0.993279685024416
41.821038091,-0.08894111076973252,0.07141541068851043,0.9934733604537355
41.92088379,-0.08878861021933623,0.07172369427741977,0.9934647927201637
41.921749036,-0.09313931510547087,0.07155242968604308,0.9930787067436839
41.922719616,-0.09463380183048856,0.06881707213752318,0.993130733656716
41.924415442,-0.09483787694267554,0.06955359934342764,0.9930599548443085
41.926121883,-0.09919009217364176,0.07034601192202208,0.9925788453423996
41.927114634,-0.10231523455411556,0.06859419065984543,0.9923842148008286
41.928035235,-0.1052440388734765,0.06902317944068453,0.9920481303754861
41.928332497,-0.10648136018057061,0.07170530494083015,0.9917258034242319
41.928763414,-0.10894491867227928,0.07483537329891196,0.9912268517341037
41.929069034,-0.11226237312565253,0.0680524015100858,0.9913455654961629
42.014099034,-0.1150473425750228,0.06799128305207769,0.9910304205196517
42.014410087,-0.12050889255822987,0.06998080104597897,0.9902425431677595
42.014677741,-0.12182212381228189,0.07155090317564647,0.9899696148895754
42.015014733,-0.1245114546707231,0.07157598433089145,0.9896331522957608
42.015257142,-0.12829969052404816,0.07248427770650005,0.9890830192136556
42.015661972,-0.13305839984931983,0.06995225575850242,0.9886365075920653
42.015989046,-0.13643959292369426,0.06829193187324038,0.9882916824115426
42.016301648,-0.14196112050045684,0.0700958526044074,0.98738726531889
42.016580698,-0.1444505555997591,0.07165018740930926,0.9869145290404494
42.02243516,-0.14676104571165954,0.0724249338351763,0.9865170167922044
42.031231493,-0.15289977720411188,0.07259649971779382,0.9855716140188177
42.041397523,-0.15823895991963147,0.06984853161985438,0.984927212637616
42.051091116,-0.16233163210806978,0.06568567893194936,0.9845475269383287
42.061408798,-0.16583008783890515,0.06701866158648842,0.9838744233724631
42.122176726,-0.16717928157945738,0.06805123400778043,0.9835751711794045
42.12258823,-0.17167361377658172,0.06998959832754223,0.9826645543922088
42.123276194,-0.17700569141888287,0.06801264338067428,0.9818570494454356
42.123620199,-0.17944322735880025,0.06662572803856316,0.9815096232428847
42.123977816,-0.18241230657085508,0.06581125363301459,0.9810171401697074
42.124279356,-0.18388247630564145,0.06453049994673683,0.9808277369060937
42.131488205,-0.185746057053519,0.06448562208677204,0.9804794780275378
42.141246912,-0.18846272021990815,0.06531001140041752,0.9799063248587541
42.151293265,-0.19090089272353733,0.06753742646697936,0.9792831792610215
42.161164496,-0.19175810317997408,0.06653447538027195,0.9791843511059041
42.171017751,-0.192351622379237,0.06686337388141074,0.9790455263169687
42.181070336,-0.1937530100331972,0.06682386284934556,0.9787718541401604
42.190805024,-0.19399715031871612,0.06732181501267245,0.9786893679261142
42.201197026,-0.19353132565537617,0.0667416060645003,0.978821323843123
42.210985355,-0.19268664942088376,0.06668249785971384,0.978991981383986
42.221235406,-0.1924195086732396,0.06682081085305895,0.9790350922816244
42.231205668,-0.19331820679145725,0.06806022867522099,0.9787726376414556
42.241393566,-0.19180138789195145,0.06678442616269481,0.9791588573999832
42.251413177,-0.19182325774710277,0.0662265595821236,0.979192463509194
42.261430094,-0.19329859957564902,0.06748116641114021,0.9788166036504923
42.271340813,-0.193505899520771,0.06723470130840645,0.9787926040743394
42.281249823,-0.1933222860085828,0.06727433615453932,0.9788261630276245
42.29107137,-0.19109181115421703,0.06701071018551973,0.979282127086078
42.301451195,-0.19092187534367636,0.06503729459781046,0.9794483078890134
42.311114879,-0.19162851872044995,0.059693545798092905,0.9796505455533914
42.321435481,-0.19151757929156973,0.0572814948989374,0.9798162313232214
42.331185725,-0.1913224981376789,0.05793514661733613,0.9798159115327664
42.341513372,-0.19070453904845497,0.05963329962640941,0.979834500495866
42.35120578,-0.1898901503749635,0.06065851681637186,0.9799297296889261
42.361496078,-0.1902111549247051,0.06070744017425312,0.979864441262004
42.371120447,-0.19047702491225338,0.06091089098035778,0.979800166534256
42.523354448,-0.1894387458448881,0.06190698197168662,0.9799390221620288
42.523661526,-0.18900270420961998,0.061781231689435646,0.9800311511438742
42.524022448,-0.1881446108687143,0.06114629824842017,0.9802360611666843
42.524289662,-0.18887980287349532,0.05606298358503925,0.9803985729987643
42.524564137,-0.18878100174687548,0.05533093337872008,0.9804591889471411
42.524921136,-0.18817111787106947,0.05344429310795274,0.9806810582107434
42.525194127,-0.18914848680639051,0.053518764092365494,0.9804889554854143
42.525582402,-0.18916417082604453,0.05606507420378401,0.9803436254345816
42.525842888,-0.188247031305186,0.05738318690793048,0.9804438918495408
42.526103833,-0.18769120854979032,0.058083622960295365,0.9805092059623537
42.526380815,-0.18885630457763325,0.05540064711884576,0.9804407501323542
42.52666102,-0.18956003753132772,0.0540476527580719,0.9803804584968351
42.526947342,-0.19011353344617843,0.050466825162384564,0.980464147207147
42.527357674,-0.1899965959819241,0.04962825951948554,0.9805296167747042
42.527648765,-0.1879357202383863,0.05078912781886609,0.980867284373313
42.531135531,-0.1872518836657352,0.052872715350704716,0.9808879691560487
42.541172177,-0.18946353926501636,0.05151730994922873,0.9805353303500943
42.551277958,-0.18606770332474687,0.05025189503461576,0.9812510162159751
42.561222602,-0.18770148667023007,0.05069049868269625,0.9809172366948625
42.571767043,-0.18856671676257877,0.05095209257541741,0.980737721101604
42.581421478,-0.18793744514796018,0.049407930526147184,0.9809374970467696
42.591068775,-0.18583412795646898,0.0431543983193671,0.9816330143145923
42.601602322,-0.18530353578959152,0.043399303145007485,0.9817225168602397
42.611022253,-0.18628202676011393,0.04730933037028043,0.9813566292465038
42.62116891,-0.18746560671861806,0.046517282008750174,0.9811690928541007
42.631374894,-0.18710129569352396,0.0490928878360303,0.9811131400168502
42.711257918,-0.18377903267922033,0.047688063617650274,0.9818101220378048
42.711832148,-0.18238560748507499,0.040381150470766854,0.9823975024749184
42.712737253,-0.18294694547391468,0.04006398400922352,0.9823061092791153
42.713738101,-0.18403685427000835,0.04069022036952487,0.9820767496670916
42.714620627,-0.1849334034764751,0.04379456133139904,0.9817747565895132
42.715370329,-0.18517339687329368,0.04020912380171452,0.9818829051641058
42.716092206,-0.18582564600511617,0.04059898480938139,0.9817436283058979
42.717242834,-0.18108664647590836,0.03946616822802693,0.9826749452558087
42.721098437,-0.18212790107047439,0.0414239930830871,0.982401893549028
42.731719273,-0.18225422792606108,0.04609736281339135,0.9821702650481362
42.741415376,-0.181377450830868,0.04579292735490448,0.9823467962661477
42.751066208,-0.1813076794932332,0.04136557209568566,0.9825560619129963
42.761246098,-0.1792322511748959,0.04111751362494554,0.9829471756976981
42.771417115,-0.1790969168148059,0.04029317997645213,0.983005978636354
42.781167412,-0.1769722726715164,0.03954873185508608,0.9834209233660492
42.792926428,-0.17578189762752053,0.04082426834151938,0.9835822810425409
42.801638676,-0.17772044651034427,0.04583965450059022,0.9830128020363879
42.811109653,-0.17513318327579644,0.04526429827481857,0.9835036916134959
42.821407213,-0.1734960398868172,0.04581214953417282,0.9837684540066584
42.853892072,-0.1702344270335208,0.041579096464403414,0.984525986751885
42.854178748,-0.16929725992967098,0.04165508734333327,0.9846843613456674
42.854502363,-0.17059989813965565,0.04378098891886281,0.9843672585798582
42.86124181,-0.17215861799550833,0.0448875494596733,0.9840459939217181
42.871305964,-0.16956513450210012,0.043058039027985676,0.9845779148631911
42.881736767,-0.16776797483403053,0.045199277705787536,0.9847897907243777
42.891872949,-0.1676717068911904,0.043891359366395905,0.9848653447457498
42.901881402,-0.16692231967752635,0.04198295394659578,0.9850758198085018
42.911768378,-0.16287491603987936,0.04554267979007279,0.9855950619004448
42.921563989,-0.16139603043500853,0.042759042253806355,0.9859629737801309
42.938129835,-0.16066955091709545,0.042290333745035685,0.986101832003081
42.941502384,-0.1630545588683159,0.04563400981033339,0.9855611335583853
42.952118827,-0.15884053500325881,0.04413404754672912,0.986317327378477
42.961615756,-0.15692870914090296,0.04526736149165141,0.9865719670814461
42.97160779,-0.15502744799860596,0.042163987199236,0.9870099738860303
42.981568938,-0.15419851287616634,0.041719989390600724,0.9871586808168316
43.004787217,-0.15534419960658857,0.046319467858566034,0.9867738781229911
43.005126109,-0.151035814417569,0.049452830279209783,0.9872905349189759
43.010881484,-0.1488752783950875,0.05172714145190491,0.9875021287673257
43.021027604,-0.14981810165975332,0.04528917988213559,0.9876757699775122
43.031263841,-0.1483629875841194,0.04241174297437579,0.9880231110520593
43.0411575,-0.14599703864417407,0.0430552689519325,0.9883476658153285
43.051189246,-0.14343902507435344,0.04480207005260583,0.98864453703276
43.124655777,-0.14571116549964958,0.04748499143897764,0.9881869417457276
43.125201988,-0.14512293758228076,0.04834583609530319,0.9882317608333259
43.126271748,-0.14336283447464065,0.046999732616537046,0.9885535508131924
43.126625776,-0.14286581150757877,0.04801852184486798,0.9885765430466752
43.127176786,-0.14149404036165522,0.048713678652674675,0.9887398111000983
43.127724704,-0.14104309167907034,0.04974296199918269,0.9887529944435857
43.128269935,-0.13957553140727558,0.052969346218115845,0.9887936687669486
43.131447431,-0.14002469248655908,0.05064290192830634,0.9888520526238112
43.141386791,-0.13814351955038373,0.0508573223987802,0.989105606477215
43.151126662,-0.1357330258726374,0.0546592100368898,0.9892365321022071
43.161263323,-0.1328477649646385,0.05159245975191628,0.9897927507517152
43.171090231,-0.13409074739307741,0.04811645724338493,0.9898002212597811
43.181343636,-0.13666245869744223,0.05240004487020788,0.9892308161801118
43.191083827,-0.13414138524526692,0.054178192700393556,0.9894800716538964
43.230514244,-0.13504217746774988,0.055986582767727694,0.9892568487782945
43.230838147,-0.13572379866803672,0.05887272382541058,0.9889959822286921
43.231377116,-0.1336333180680507,0.0575994940797801,0.9893555652968637
43.231746567,-0.13254538823955883,0.05697955011711741,0.989537796612578
43.241020424,-0.13238617017994966,0.05462039474643529,0.9896921311311053
43.251319932,-0.13284036333148347,0.05376216992032524,0.9896782643644437
43.26117352,-0.1312724052043595,0.052149088117499035,0.9899737512885762
43.27247773,-0.13112235152571142,0.054199021353979825,0.9898835259840617
43.281326346,-0.1308017141499747,0.05557701992894599,0.9898495372687942
43.291441267,-0.13141263347032675,0.0564203291129251,0.9897209031980596
43.301331661,-0.13076569648565584,0.0576035374929842,0.9897384326633557
43.311305307,-0.12925749446764334,0.0577102083430565,0.9899303167278737
43.321168184,-0.12973629563284575,0.05386671546187701,0.9900842744740551
43.33126692,-0.12701631427725624,0.05612106997992562,0.9903117092167141
43.341252101,-0.12749578806161935,0.05605814007635875,0.9902536588964093
43.351339382,-0.12843303679584808,0.054415341808352245,0.9902241794842603
43.360948892,-0.13092176789782645,0.05666367463338593,0.9897720538929908
43.371289765,-0.1304476415688772,0.056276688736697444,0.9898567305999141
43.381765807,-0.1306013665206032,0.057677154123664975,0.9897558431023008
43.391366788,-0.12862236052371598,0.05874896273756399,0.9899519421419242
43.401814188,-0.1264881813636763,0.05935588427203731,0.9901906982887663
43.411473075,-0.1256167183694004,0.05929398769656278,0.9903053383119486
43.422300941,-0.12792461609078418,0.060932804658678105,0.9899103423615964
43.431919635,-0.12835943597030228,0.0609708500121016,0.9898517114427735
43.442046209,-0.127986879880797,0.06188279115050325,0.9898433607080475
43.451737002,-0.12558090475630834,0.06251116832799627,0.9901120089135653
43.46179032,-0.12511202637738122,0.061778438648505477,0.9902173525917927
43.472512556,-0.12593319835821476,0.062990220620412,0.9900368991393514
43.481313934,-0.1251549442559169,0.06432454679069105,0.9900497929945093
43.491330909,-0.12564903683129813,0.06541713484200597,0.989915611561122
43.501219605,-0.12471652031717664,0.06687857026322176,0.9899358799435055
43.511104094,-0.12578896776810902,0.06750096129976801,0.9897579278851172
43.52178921,-0.12703004785494285,0.06784859964993485,0.9895756335255602
43.531361118,-0.12662250199203826,0.06675780612397832,0.989702044713857
43.541242604,-0.12421645999742989,0.06629756928093596,0.9900378292636834
43.55138911,-0.12137599784370201,0.06782949239160503,0.9902863359197394
43.561931027,-0.12122995906410282,0.07328177349186107,0.989915692722973
43.571305473,-0.12374013268501224,0.07587069324538295,0.9894099339856864
43.581013452,-0.12581515565983264,0.0742031833138373,0.9892747010777063
43.59143402,-0.12418619985258576,0.07306582381072549,0.9895651434630436
43.601220657,-0.12319939564945377,0.07355604917028666,0.9896521694727233
43.612040373,-0.12147717406358499,0.07027080335443797,0.9901036866800605
43.621257758,-0.11885595594695668,0.0697066784290991,0.9904616301090705
43.631405515,-0.12117914175791815,0.07233520695282557,0.9899915320031311
43.641155361,-0.12095037775403811,0.0736318416055568,0.9899239152697189
43.651317223,-0.12437574703851728,0.07633544188582772,0.989294482881971
43.661401073,-0.12629452230760724,0.07789886773198644,0.9889294514985222
43.671033663,-0.12287309226553872,0.07797848174945184,0.9893541123284195
43.681184955,-0.12005681409980248,0.07728551374351175,0.9897541668281105
43.691115539,-0.1182243017183193,0.07522534653729589,0.9901334060224206
43.701228571,-0.12021100097863607,0.07813119168667167,0.9896690518195136
43.710937713,-0.1221439981791055,0.07829145970630295,0.989419673872457
43.721317732,-0.12136911317274748,0.07733510152503356,0.9895902285490564
43.731077549,-0.12130282110785255,0.07685195678243958,0.9896359948637613
43.744567247,-0.1202502687508553,0.07667431397053653,0.9897782188159602
43.75102737,-0.11951463029266371,0.07661014677956907,0.9898722839621387
43.761212546,-0.11649840977668871,0.07861837158573966,0.9900743770892717
43.771142098,-0.11595240486007935,0.07903733576354131,0.9901051153097663
43.801247439,-0.11724613224912822,0.08123323140100827,0.9897749777544238
43.801683406,-0.11832446841320175,0.08306013115011095,0.9894949897741068
43.801952248,-0.11777913976895517,0.082395486927164,0.9896156112194879
43.811027479,-0.1170073158436943,0.08044316265270676,0.989867761684097
43.821327925,-0.11635387903964903,0.08054362161959622,0.989936614056085
43.831197924,-0.11572612675869633,0.07830432489643913,0.9901898284106655
43.841701963,-0.11430859537222403,0.07690037993879634,0.9904644751778319
43.8514001,-0.11255515377956518,0.07749615777621205,0.9906188383468099
43.861646713,-0.11098460274173998,0.0776690130769277,0.9907824899350586
43.871499976,-0.11069164720618463,0.08006596112797645,0.990624450085619
43.881608567,-0.11136167598907012,0.08015938824684629,0.9905417959868209
43.891605133,-0.11297167635252428,0.08372101390490026,0.9900647414047408
43.901826022,-0.11388984317130961,0.08579956685426891,0.9897815607244028
43.911438966,-0.11271850591659621,0.0856903353203526,0.9899251006296467
43.921682268,-0.10999949924638466,0.08351578173891376,0.9904166922897064
43.931777749,-0.11017126798511087,0.08454647719603102,0.9903101458150845
43.941221285,-0.11133537622357881,0.08449658379650299,0.9901842057556133
43.951192275,-0.11237894480978397,0.08520113230171837,0.990005929183227
43.961094412,-0.11242686026603416,0.08528298865992945,0.9899934408550151
43.971282957,-0.11303916961525347,0.08517860150463442,0.9899327007319279
43.981021608,-0.11283672986416997,0.08754421705121081,0.9897494038666813
43.99121695,-0.1127636121233667,0.08823360764067584,0.9896965182638575
44.001200007,-0.11262716350927643,0.0893025725262586,0.9896161743726943
44.011224199,-0.11181099443122995,0.08947241310405629,0.9896933812134122
44.021794298,-0.11207597637473402,0.08822319968939285,0.9897755516056231
44.031417726,-0.11057787472026118,0.087461528298899,0.9900116235125582
44.041304334,-0.11081297958062845,0.08816200136003598,0.9899232016033649
44.051214867,-0.10962060236974748,0.0886915252593226,0.9900086549537175
44.061209596,-0.10853608877494553,0.09009187311688019,0.990001702943853
44.071030851,-0.10880695102464984,0.08785942725316234,0.9901725952840069
44.081814735,-0.10900176984093504,0.08985513499704946,0.9899720545986164
44.091001662,-0.10973312342562354,0.09053223765336636,0.98982955884775
44.1012371,-0.10856899149139607,0.08940043215532047,0.9900607743047813
44.111157772,-0.10764879172313423,0.08922981041423123,0.9901766400870047
44.12134106,-0.1068419702220522,0.08674137422021286,0.990485097009268
44.131089479,-0.10677049481102241,0.08726483897630784,0.9904468230633326
44.141079576,-0.1065805732664238,0.08679957386409258,0.9905081601780031
44.152419171,-0.10755134142593627,0.08635321285289574,0.9904422404095375
44.161823711,-0.10909345464505306,0.0884928326561392,0.9900846613911864
44.171060497,-0.10911559874137526,0.08619409123017636,0.9902849916808368
44.181198621,-0.11253132253973844,0.08774607339652536,0.9897662997147101
44.191325224,-0.11037368200022707,0.08815552161849738,0.989972855350026
44.201400921,-0.10726936250312935,0.08830662913924804,0.9903005721084058
44.211407643,-0.10756125633957715,0.08755687232685375,0.9903354836836812
44.221673185,-0.10861389715305965,0.0867320258637801,0.9902931773140665
44.231675064,-0.10982983649633901,0.08582282400421325,0.9902382793525655
44.241522459,-0.1107320938446001,0.0863920673587992,0.9900882860080021
44.25112445,-0.11073172680540525,0.08570584599635428,0.9901479650237849
44.261268619,-0.11100659285583175,0.0856047501799317,0.9901259329444771
44.271124884,-0.11021677350638508,0.08577384116711001,0.9901995309074235
44.281096637,-0.11109882595672552,0.08793064913016796,0.98991173940639
44.291329195,-0.11170282404646362,0.089112417225784,0.9897380745410488
44.301262704,-0.11147798691879898,0.08894213684375968,0.9897787402880495
44.311855161,-0.111412477307602,0.08668789586691723,0.9899860951601036
44.321932688,-0.10976789516487953,0.08617104943856894,0.9902149056794326
44.332145275,-0.10543089261469812,0.08636390483748993,0.9906692701520973
44.341634895,-0.10509023062262755,0.08538100923022167,0.9907906573492261
44.351873298,-0.1073890270405128,0.08357829094718743,0.9906978682492655
44.362224432,-0.10761058947300788,0.08408206552499504,0.990631196404758
44.371459164,-0.10829103071243837,0.08417555160844947,0.9905491048800413
44.382225152,-0.11032367632837778,0.08462125238647487,0.9902867918365548
44.391928086,-0.10976824323852703,0.08456276435471294,0.9903535084307103
44.401936331,-0.11030462097531353,0.0851308229202656,0.9902452391101968
44.411355746,-0.11020103085151535,0.08743999518904556,0.9900555439169073
44.421193445,-0.10865177449240739,0.08821632770732028,0.9901579022688684
44.431443462,-0.10930566038199815,0.08444362653227445,0.9904148355848337
44.441493286,-0.11285897756834988,0.08440788927371208,0.9900192722420021
44.451084925,-0.11119541485293663,0.0835945991727693,0.990276488009701
44.46132838,-0.10943488830788932,0.08373323345109528,0.9904608779941105
44.471221451,-0.10823647602985698,0.08398811589824005,0.9905709775904512
44.481084332,-0.10600175360681398,0.07988520872775155,0.9911518459140374
44.491265722,-0.10550205607224047,0.07731915408578623,0.9914086264381545
44.501244239,-0.10341193356849837,0.07674383437396536,0.9916735127456041
44.511048042,-0.10413064736526645,0.07785690169466915,0.99151152849465
44.521227417,-0.1023156472433787,0.07887756672533883,0.9916198050647528
44.531107201,-0.10530361992764686,0.07662684036627146,0.9914834718570027
44.541443951,-0.10770617656867072,0.08004796927722703,0.990954944557799
44.551113489,-0.10886016400391037,0.0792783725420074,0.9908907126117051
44.562424844,-0.10778264066940998,0.07861836350893277,0.9910610754587763
44.572576523,-0.10687046083061076,0.076878618308748,0.9912963142515918
44.58144372,-0.10609646275161289,0.07657802284720924,0.9914027168655571
44.590940518,-0.10553790891856589,0.07748502069788003,0.9913918606426753
44.601527767,-0.10493134479414266,0.0786804934754607,0.9913620896656028
44.610971679,-0.10338084046857259,0.08085107723077413,0.9913503442954136
44.691775941,-0.09906585570985874,0.08133542685618773,0.9917512311918727
44.692030866,-0.09873951507519155,0.08333731468279218,0.9916175674846515
44.693408881,-0.09988157970130077,0.07816711173227431,0.9919241768803736
44.693810997,-0.10236554004510312,0.07926332613376574,0.9915838952612566
44.694213886,-0.10329182728542918,0.07864669226080681,0.9915369363833457
44.694717776,-0.10231870291406962,0.07770487582768679,0.9917120727845287
44.69511978,-0.1026202679588411,0.07723456145458289,0.9917176529239429
44.695513316,-0.1025215163571764,0.07769178962453087,0.9916921520858997
44.701509137,-0.10302789242210673,0.07905661383087229,0.9915317973684229
44.711338794,-0.10465599414906816,0.07918851224504007,0.9913507464147527
44.741671522,-0.10578927233337711,0.07893020161228201,0.9912510545430048
44.741930576,-0.10577900408961308,0.07883654951076736,0.9912596031086136
44.742194708,-0.10581222282180712,0.0782517884529658,0.9913023913546364
44.751145739,-0.10662290997505916,0.07797874466345488,0.9912370404949374
44.76105809,-0.1055156561207449,0.07750207519065733,0.9913928962094445
44.771386079,-0.10494276655510122,0.07872576451129383,0.9913572866277193
44.78104142,-0.10352593292438238,0.07850224919003924,0.9915239674784677
44.791371495,-0.10159176432071935,0.07827478578188955,0.9917419882877818
44.801170239,-0.10049662306288985,0.07752490350757946,0.9919124548512818
44.811404852,-0.09930698296904845,0.07842415994146781,0.9919615790296822
44.821239375,-0.09938561653606233,0.07906012432572761,0.9919032190528203
44.831135632,-0.10101444136671915,0.07939276494921164,0.9917120910370555
44.869553838,-0.10019343878175796,0.07549172226521668,0.992099931808544
44.870131811,-0.09925923312236529,0.07357116358072749,0.9923380918463919
44.870636319,-0.10054830208079107,0.07111749040136249,0.9923871933412293
44.871257533,-0.10236267081032299,0.06973596157809425,0.9922997426621434
44.881154934,-0.10331343342441816,0.07015054117902612,0.9921719790673128
44.891299118,-0.10649554988112578,0.07089811928120923,0.991782312071507
44.901216855,-0.10718313308490883,0.07158634934154756,0.9916587974550786
44.911372344,-0.10675325318165257,0.07052253575823039,0.9917813846233268
44.921100182,-0.10655907592939157,0.07015397949198414,0.9918284037566742
44.931425727,-0.10669162802922658,0.069937513452092,0.9918294413459462
44.941241091,-0.10527736175904803,0.06987480003428113,0.9919849743928706
44.95121292,-0.10541011760855376,0.06947197176799316,0.9919991694776856
44.961538832,-0.10287550028668487,0.06693421174533654,0.9924396418618086
44.971691181,-0.1018790739070278,0.06560427160342525,0.9926312174454471
44.981251359,-0.1007441381959399,0.06582634086964478,0.9927323463385642
44.991277742,-0.09943301897164858,0.06503611226794984,0.992916602157127
45.001892428,-0.09884311611585098,0.06324952481211321,0.9930909001735694
45.011255887,-0.096868625097017,0.0593430421302482,0.9935264832013997
45.021406688,-0.0965176248302204,0.05763681302402281,0.9936610820000785
45.031111803,-0.09668945534799828,0.05419437461659325,0.9938380748313198
45.041954674,-0.09838965790515657,0.05717158351118204,0.9935043458667557
45.0517623,-0.09945618801358508,0.0570832118169022,0.9934032280974695
45.061920501,-0.09966671546268027,0.05632575242943864,0.9934253648071096
45.07133269,-0.09948731542141578,0.05322532244984505,0.9936142808556798
45.081527099,-0.09836943844208428,0.05139927157350722,0.9938216985266028
45.091155476,-0.09945547926580951,0.048022823345955,0.9938824961140483
45.102044492,-0.09941014836239749,0.04518116483444598,0.9940202637505781
45.11145765,-0.09738325729202027,0.04375867536092738,0.9942845063309864
45.121739145,-0.09594972481753973,0.04062168210275592,0.9945569512353634
45.141308082,-0.09329351660488536,0.03239106611653445,0.9951116211738904
45.141656716,-0.09185098542383498,0.028223051919585424,0.9953727220579309
45.151306681,-0.09215161714644464,0.026601382527709164,0.9953895950354863
45.160968224,-0.09400351867790811,0.025785454931846023,0.9952378855279425
45.171346005,-0.09540168196923535,0.02327113278515829,0.9951668068501563
45.193895023,-0.09461234554788556,0.015339475854186038,0.9953960038851103
45.194424197,-0.09216720976453965,0.014514297726733275,0.9956377557152598
45.201026879,-0.0945941898675356,0.009517221037030238,0.9954704223366143
45.211494413,-0.09574018048967987,0.007443911090532923,0.9953785239935006
45.221105817,-0.09724078891066139,-0.001404240723199317,0.9952598942386977
45.231396111,-0.09337206909768739,-0.005598287569338896,0.9956155462269097
45.241227704,-0.09130960895963916,-0.007170244725313777,0.9957967377443135
45.251599148,-0.09484173677446167,-0.013604907484515575,0.9953993929362935
45.261040541,-0.09646151202093384,-0.022245023468512058,0.995088104455842
45.271283784,-0.09616009511064587,-0.026314427965105344,0.9950179832491375
45.281485823,-0.09179846794959769,-0.03198712170769899,0.995263716472656
45.291413769,-0.09300265228191908,-0.03324485937196489,0.9951106903223715
45.301441101,-0.09364798593860864,-0.03979181560262365,0.994809864316136
45.311262954,-0.09387747093579674,-0.04676467918027914,0.9944848340884159
45.321268818,-0.09235380607432304,-0.04930444289656146,0.9945048247315074
45.331731231,-0.09538474018256939,-0.05545290347718628,0.9938947262342496
45.341670616,-0.09198705153566858,-0.05854550061032564,0.9940376284165809
45.353113227,-0.08995972440984261,-0.06351145102608918,0.9939182781157945
45.361286005,-0.09377994611622303,-0.07270473050621518,0.9929347127925667
45.371137635,-0.09519471949916765,-0.07535394202056461,0.9926025129937139
45.381272531,-0.09531109722859966,-0.07709757904971964,0.9924574338729862
45.652757327,-0.0949154222162425,-0.08630416155499859,0.9917371901485803
45.653427854,-0.09167252440294194,-0.08902761330981625,0.9918015085378474
45.654233306,-0.09336931990102247,-0.09307441573819356,0.9912715688630511
45.654556343,-0.09327963604731793,-0.10286075854678589,0.9903123617576728
45.654820993,-0.09366841356020005,-0.1077337806458816,0.9897573747180974
45.655128371,-0.09402981801492957,-0.1105925460103266,0.9894077430923174
45.655383953,-0.09659461415464904,-0.10729682028366118,0.9895235585236616
45.655621392,-0.09579882061669531,-0.1136931451225667,0.9888864721092049
45.655901311,-0.09271935176958242,-0.11694393688220393,0.9888009088961841
45.656169352,-0.09311036579178675,-0.11541145169969784,0.9889442130872136
45.656464378,-0.09284956371129936,-0.11868210346403571,0.9885815681247417
45.656778181,-0.09059246699156387,-0.12521718010786675,0.9879846470113878
45.657040872,-0.09379888680795213,-0.12369423945670203,0.9878772717087974
45.657277471,-0.09184930654351131,-0.12207243951268981,0.9882621233250299
45.657522041,-0.08889948790382368,-0.12444088169261423,0.9882364838509065
45.657775836,-0.0889060922407431,-0.12730687130541662,0.9878707745858801
45.658285199,-0.09099502664843842,-0.13377492873869645,0.9868253004287064
45.658598429,-0.09171955922915591,-0.13925026477683447,0.986000449398676
45.659071149,-0.09322519957965814,-0.13997471492055444,0.9857566339346859
45.659347588,-0.09578654454984026,-0.13715526368693723,0.9859073848623755
45.659802537,-0.09258083163001476,-0.13411516651293023,0.9866315987874623
45.660540955,-0.09248567762363055,-0.13578006542594592,0.9864127803650072
45.660837646,-0.09549235142575929,-0.1408496769266384,0.985414927494424
45.661403558,-0.09755798659868675,-0.1487045222119408,0.9840576224614741
45.661668971,-0.09780902994705397,-0.14848339471983027,0.9840660928785685
45.661979486,-0.0971390665002319,-0.1468807207313206,0.9843729250832285
45.66240056,-0.09757905609815672,-0.14086232433831766,0.9852086750496056
45.662706918,-0.09696330311365418,-0.14050661902677802,0.9853202564947874
45.671402525,-0.09606998415006783,-0.1402913746508449,0.9854384244304574
45.68130368,-0.09580468329578874,-0.13989282227471858,0.9855209084208247
45.691291099,-0.0949055233447375,-0.1390957916528984,0.9857207020161011
45.701239597,-0.09490014608837216,-0.13848207279278926,0.9858076271704426
45.711314914,-0.09428593487952977,-0.13804513449380873,0.9859278388028605
45.721248209,-0.09317811456095099,-0.1370810615763002,0.986167643721888
45.731603981,-0.09240584246739601,-0.13577811112938634,0.9864205314246185
45.741455825,-0.09143924260934257,-0.13493891475210576,0.9866257417058172
45.751422004,-0.09041983467631799,-0.13269871288166615,0.9870234572170291
45.762543368,-0.08892363231551267,-0.13140329070723236,0.9873326505322946
45.773502437,-0.08737172368202509,-0.13005277530530968,0.9876499671119413
45.781488617,-0.08609550999141159,-0.12906274713457408,0.9878918819695786
45.7916342,-0.08461213505057315,-0.1293162072691665,0.9879868952267036
45.801857244,-0.08344356512936277,-0.12883475693196902,0.9881491673046041
45.811216317,-0.0816206249671678,-0.12668823116753677,0.9885788616309827
45.821524745,-0.07805020473323505,-0.1247027515023348,0.9891195020364562
45.832166129,-0.07632399490720478,-0.12266431913373499,0.989509026039107
45.841708536,-0.07387225200339019,-0.12173726115851126,0.9898095420986666
45.851805799,-0.07323355253727713,-0.12080874458213252,0.9899707541211805
45.862406631,-0.07380492076045649,-0.11867473996211161,0.9901864166743897
45.871709816,-0.07271089146311924,-0.11846584133498729,0.9902923662734314
45.881788299,-0.0723259619614761,-0.11721671274953481,0.9904691804788981
45.893739782,-0.07161594342998932,-0.11691531100576572,0.9905563924881094
45.903053016,-0.07138679301351596,-0.1179761919321518,0.9904471434258537
45.911667305,-0.07117439528532941,-0.11715824951511757,0.9905595136216305
45.921729286,-0.06982429692918836,-0.11751121835270159,0.9906137900915817
45.931269378,-0.06940827046652187,-0.11778339092597637,0.990610702956931
45.941485075,-0.06866360830666143,-0.11644019798857813,0.9908213709779832
45.951224735,-0.06925293851135837,-0.11668374527948036,0.9907517015353016
45.96155136,-0.06898370248749919,-0.11674374992874616,0.990763415575934
45.971141879,-0.06857148013647713,-0.11688489717718516,0.9907753897447047
45.981328058,-0.06905990431464559,-0.1174200640584682,0.9906781809309002
45.991348679,-0.06939470369809704,-0.11863249799841086,0.9905103258004484
46.000940098,-0.06767801418120514,-0.11789305772821418,0.9907173730867854
46.010960249,-0.06784955840334456,-0.11854131542090421,0.9906282824363299
46.02122657,-0.0673712782114409,-0.11874849330256684,0.9906361119051369
46.031132532,-0.06769873459904367,-0.12301535781928873,0.9900929769846267
46.041431615,-0.06685415473255592,-0.12223724940466434,0.9902467252422384
46.051555118,-0.06509887364014096,-0.12150640832914184,0.9904535977953418
46.061597809,-0.06460577082200827,-0.12073539549090252,0.9905801626583027
46.071248104,-0.06449662161238613,-0.11926547189378839,0.9907653269137656
46.081197367,-0.06533766971564021,-0.1198864049032043,0.9906352703369262
46.090953148,-0.06456448378321385,-0.1193205188188679,0.9907542789322706
46.101239617,-0.06402035391919125,-0.11836600832067903,0.9909040732373092
46.118464446,-0.06574666723785154,-0.11716597638255591,0.9909336555619845
46.121235692,-0.0656548191635815,-0.11578745000851556,0.9911017662889735
46.131185088,-0.06615563120132158,-0.1153767517503784,0.9911163592716479
46.141556834,-0.06533396471105758,-0.11508663286744146,0.9912045903799926
46.151209169,-0.06474048287554424,-0.1142350262930108,0.9913420341359872
46.161310771,-0.06495443528423492,-0.11562435716215504,0.9911669533271097
46.172156035,-0.06606550544034295,-0.12135369427982061,0.9904083147245646
46.181417091,-0.06668565336912659,-0.12259087374747994,0.990214371390641
46.191105543,-0.06619136519093725,-0.12185774456292817,0.9903380197004436
46.20108884,-0.06549074248388344,-0.12232664120460518,0.990326792276423
46.211353359,-0.06477568493063603,-0.12285277815120028,0.990308692046222
46.221164903,-0.06690657650158365,-0.11997314923310627,0.9905200419395503
46.231226388,-0.06819456679190558,-0.12102143240123604,0.9903046571432538
46.241204004,-0.06755202632765539,-0.11931361253582048,0.9905558972630873
46.251662769,-0.0670693538447408,-0.1164698562117809,0.990927078229703
46.261390988,-0.0669784524893593,-0.11545632450355033,0.9910518271181693
46.271368664,-0.06746789777090585,-0.11517427064100919,0.9910514467739231
46.281234022,-0.06814939376003379,-0.11526069667453145,0.990994768872289
46.331812234,-0.0679118713314867,-0.11557185342072411,0.9909748354166993
46.332643915,-0.06826563119962178,-0.11605099892599374,0.9908945298290814
46.334155295,-0.06733103530027096,-0.11545549513838005,0.9910280320595101
46.335188464,-0.06571843989784384,-0.11846224221883483,0.9907814006257283
46.335567977,-0.06360671967058616,-0.1168712256409837,0.9911081181333962
46.342363247,-0.064156448716538,-0.11662945453476503,0.9911011655845257
46.353312484,-0.06316650994613099,-0.1141948084676573,0.9914482022477324
46.361963016,-0.06366474618372008,-0.11358370029903103,0.9914865319911019
46.372114704,-0.06353149299989233,-0.11319401374743941,0.9915396435084929
46.381582132,-0.0645345237720956,-0.11184904466159057,0.9916274937948213
46.392697309,-0.06487406450434983,-0.11210193713522919,0.9915767804084636
46.402026275,-0.06569871101708377,-0.11399911402594141,0.9913061491648251
46.41121453,-0.06628775618940139,-0.1159371849918423,0.9910421295361475
46.421529835,-0.06793179653445526,-0.11690016135052199,0.9908176539080353
46.431107064,-0.0669157221839452,-0.1181332376054131,0.9907405433802858
46.441356704,-0.06628961390127218,-0.11996744297066284,0.9905622139552372
46.451111085,-0.06625041885395833,-0.11989647768803043,0.9905734281918119
46.461234563,-0.06475378334649247,-0.11602306220520955,0.9911334907966947
46.471034058,-0.06294797616557764,-0.11480356437774177,0.9913917963665141
46.481298912,-0.06328393795534167,-0.1160203679583071,0.9912287412175271
46.491280368,-0.06233655859135181,-0.11560706302100857,0.9913370569300048
46.501497276,-0.06251615621029061,-0.11489746615221731,0.9914082420902556
46.511359781,-0.062123730408165705,-0.11554555204716702,0.9913575881195892
46.541721032,-0.06399303332445236,-0.11385056175284883,0.9914347892193901
46.542005228,-0.06528236683742462,-0.11582265687205938,0.9911222551911552
46.542260905,-0.0665890430984521,-0.11546917053932439,0.9910765712063792
46.551419989,-0.06575311878677523,-0.11527524319669855,0.9911549554311648
46.561168611,-0.06431192130478924,-0.11342314000350004,0.9914631450991173
46.571593553,-0.062496294981888335,-0.11092618314348689,0.9918616813884658
46.581920713,-0.06285743934959757,-0.11073543375014859,0.9918601746368175
46.59145862,-0.06390764529057655,-0.10996786957946372,0.9918784605653901
46.601165147,-0.06335222832684988,-0.11021237467952423,0.9918869530513661
46.611191808,-0.0595638964868803,-0.10946755251555353,0.9922041106453624
46.621065554,-0.05914875712130283,-0.10882192876211537,0.9922999608744818
46.631331659,-0.05884075715248968,-0.10861853427637612,0.9923405561143682
46.641334303,-0.05836670435954206,-0.10935790592646885,0.992287345597828
46.651208468,-0.05982947389197944,-0.10930593714827928,0.992205949467118
46.661246888,-0.058178991123459534,-0.10980268080832004,0.9922492510852112
46.671468071,-0.05983582045682406,-0.109993932550046,0.9921295325674137
46.681079578,-0.06018925571036817,-0.11157463637045686,0.9919316276920666
46.691928917,-0.061983493882567436,-0.11146439011330912,0.9918335224334666
46.701361063,-0.06138589686894896,-0.10909298987731321,0.9921343110815306
46.713571201,-0.06013613116739648,-0.10975083836513044,0.9921382964115278
46.721663039,-0.0593518499384878,-0.10828754860417457,0.9923462927457218
46.731756763,-0.05689248838889541,-0.10747602718919515,0.9925785351016547
46.753430868,-0.05676680042979818,-0.10762089027548308,0.9925700349825577
46.753693684,-0.055835406184981076,-0.10688096283325725,0.9927028091024996
46.761714132,-0.05679790655368396,-0.10780006706497053,0.9925488115714546
46.772042687,-0.05573164288232841,-0.10849958309812929,0.9925330344372265
46.781487454,-0.05439042061891151,-0.11195104972247599,0.9922240899166547
46.791755419,-0.0558813219536315,-0.10861268700405843,0.9925122478229037
46.801644208,-0.05617820976310425,-0.10959921449803116,0.9923870318223769
46.811692348,-0.0541677418864175,-0.10470324690052332,0.9930272331751102
46.822332998,-0.05290188020532336,-0.10314953458686152,0.9932580553840252
46.831558013,-0.052685172630342454,-0.10394205092672203,0.9931869525089714
46.841903068,-0.05157617090026554,-0.10264859714527973,0.9933796676494707
46.856288717,-0.050285404902194096,-0.1016206806817015,0.9935515161840428
46.861445898,-0.04855780194143544,-0.10148100663360052,0.9936517222665331
46.871371872,-0.047419370704362564,-0.10058724297628581,0.9937975698463103
46.881457047,-0.04832788969564494,-0.10057058843117331,0.9937554889509658
46.89135133,-0.04844844257790444,-0.0956588127694602,0.9942344491875711
46.901291233,-0.04495316253269805,-0.09559039142870468,0.9944051941964182
46.911422723,-0.044044580613298294,-0.09514644825802272,0.9944884254240882
46.921554604,-0.043280440128057214,-0.09441913394110016,0.9945912882426301
46.931811259,-0.04582047896486826,-0.09332421278096299,0.9945808539360907
46.941529706,-0.046672897219619855,-0.09402143443758765,0.9944755454667678
46.951285732,-0.04485885181846302,-0.09116944797749943,0.9948245147607729
46.961359545,-0.044702380216480236,-0.09154250164143471,0.9947972997531754
46.971376517,-0.04237517481284898,-0.08874739296300388,0.9951523726554898
46.981421771,-0.04130255581438377,-0.08809124893785332,0.9952557614722805
46.991579523,-0.0392363897765223,-0.08798756326814265,0.9953485291230603
47.00139634,-0.04034104331634271,-0.0865551374576652,0.9954299615763199
47.011180478,-0.03985196072356885,-0.08573542587298781,0.995520596460397
47.021304769,-0.04060946980242167,-0.08459789071595912,0.9955872979547182
47.032477644,-0.03893342121947275,-0.08341258937562647,0.9957542511311717
47.041565541,-0.03924598326429677,-0.0827938491023108,0.9957936188530445
47.051407844,-0.03891754332273108,-0.08203525011748189,0.9958692898969651
47.061207893,-0.038745121308466565,-0.08047844040205228,0.9960030302189073
47.071384377,-0.03860433880418678,-0.07879679383537977,0.9961429467233889
47.14146895,-0.03844201467110817,-0.07786791379174826,0.9962222641106487
47.141741797,-0.038481675324056316,-0.07821001770736372,0.9961939338273788
47.142026941,-0.03711394216649564,-0.0782744470979184,0.996240767198561
47.142364479,-0.03659560073983202,-0.07753399734403214,0.9963178414855104
47.142645574,-0.03607354130262225,-0.07694152004461223,0.9963828090202643
47.142907118,-0.035751329549733965,-0.07619442291226933,0.996451831426132
47.143167843,-0.03518206441802979,-0.07578623809797594,0.9965032204956704
47.151178031,-0.03327756512936996,-0.07134167909237407,0.9968966689097428
47.161380103,-0.032409727231406,-0.07212718004928323,0.9968687373365284
47.171066562,-0.03161428704384857,-0.07056055515963656,0.9970063916095387
47.181458361,-0.031209402893781803,-0.07074640349740513,0.9970059776968221
47.191117064,-0.0311116983876613,-0.070481278895634,0.9970278088141129
47.201074707,-0.031159776712059585,-0.07025001589547893,0.9970426287686699
47.211245887,-0.031100333673338754,-0.07046306606379188,0.9970294507015811
47.221016052,-0.03116741810167568,-0.07016377224924182,0.9970484627703069
47.231181037,-0.03129859368198233,-0.07024142383834131,0.9970388861076046
47.241206386,-0.03164397515151735,-0.06956005186663994,0.9970757534013756
47.251458522,-0.03169202958409645,-0.06916496783983632,0.9971017112033032
47.260949931,-0.03136940144728537,-0.06982317265675009,0.9970660385415726
47.422080389,-0.031150517006715124,-0.06905920473064198,0.9971261061331138
47.422858046,-0.031172543670241772,-0.06851062458626102,0.9971632598726887
47.424106766,-0.031789288548358476,-0.06885259095272141,0.9971202344013919
47.424565955,-0.0316504317078196,-0.0681461004188804,0.9971731841412548
47.424980972,-0.031381192954491224,-0.06796571256418307,0.9971940045168723
47.425664489,-0.03138962987382969,-0.06711382239382942,0.9972514356871458
47.42607012,-0.031966998289492364,-0.06868069708803537,0.9971264076674838
47.426393076,-0.031955962829331934,-0.06733876223148486,0.9972182848006658
47.426634877,-0.03157722491506285,-0.06739369154713444,0.9972266388370866
47.426910469,-0.031793576318260186,-0.06811452438797753,0.9971707878153546
47.427319394,-0.0316993594495435,-0.06710784924027498,0.9972420404198938
47.427570159,-0.031464958464468507,-0.06654598873935,0.99728711401057
47.427900304,-0.031837775323211685,-0.06703147643543551,0.9972427674490072
47.428244501,-0.031578038831991624,-0.06604416464421037,0.997316898372816
47.42849951,-0.03182382374791091,-0.06546889966864414,0.9973470145432024
47.428809497,-0.030819641916370613,-0.06428004583743913,0.9974558764072141
47.43129907,-0.031306347183992396,-0.06388968180856996,0.997465799506126
47.441546851,-0.031741258993938856,-0.0640093502673688,0.9974443821867107
47.451468655,-0.03137499660269383,-0.06281167955002168,0.997532105999745
47.461475126,-0.031747604448991155,-0.06268267481910246,0.9975284316195068
47.471315071,-0.032601057173630564,-0.06423730849225377,0.997401994818956
47.48206479,-0.03251916818822661,-0.06174019569249628,0.9975623549113098
47.491367828,-0.03159753466396638,-0.06308419560721354,0.9975078847145774
47.50151042,-0.03142844521224,-0.06227188938386395,0.9975642659117783
47.511166155,-0.03263658828782921,-0.05988983347137191,0.9976713190984805
47.52154841,-0.03173991320388638,-0.058713462888345766,0.9977701675162816
47.531737394,-0.03197506935387947,-0.05813719182995291,0.9977964030131308
47.541479621,-0.03314571441004449,-0.06024855332875836,0.9976329352211863
47.550966681,-0.03355282627358264,-0.06037512668818996,0.9976116739124697
47.561160582,-0.03338237052855865,-0.05918951610075073,0.9976884376004631
47.571306122,-0.03384923917600702,-0.058007557283556534,0.9977421271577144
47.581419376,-0.03229864791544541,-0.057008589438083304,0.9978511001512772
47.591540424,-0.033538352582857416,-0.056142992493446814,0.9978592803095578
47.601461102,-0.031410389475329155,-0.05598097632620001,0.997937632180776
47.61119198,-0.031722310842208314,-0.05578266929660812,0.9979388702726113
47.62132813,-0.034076968916514856,-0.055669918592580664,0.9978675364763394
47.631207185,-0.034690946613817025,-0.05546402447690827,0.9978578456933945
47.641584308,-0.03622104991404535,-0.054879187686982064,0.9978358132989321
47.780448316,-0.03461627886261543,-0.056069466643748185,0.9978266022450953
47.781070283,-0.035827290860856405,-0.05708601233503106,0.9977262111547719
47.782176636,-0.03707844400734059,-0.055668024186726624,0.99776062263107
47.782957598,-0.037409057510498785,-0.05617177810685034,0.9977200477892039
47.783845406,-0.03747166095787877,-0.05453186584384518,0.9978086741618589
47.784119508,-0.037655759076600494,-0.05332608034031025,0.9978669114485679
47.7844212,-0.03745216042976365,-0.05237745133000787,0.9979248159412191
47.784690591,-0.03719935281600771,-0.051675486976785506,0.9979708674083538
47.785019168,-0.038351956042041724,-0.05110984613938896,0.9979563673304346
47.790579024,-0.038953098637778336,-0.051122590876758855,0.9979324309834625
47.790836435,-0.03823610169404649,-0.05072045210113955,0.9979806793049145
47.791316231,-0.040114089504105846,-0.05006844235236092,0.9979398834116537
47.791576192,-0.041474464957319594,-0.04961497034269737,0.9979069212478673
47.791830902,-0.04124150377318259,-0.048974198952240096,0.997948228218034
47.792085392,-0.04080847860828142,-0.04841251353162539,0.9979934351523699
47.801014367,-0.0412606353416101,-0.04796748018318377,0.997996333067453
47.811398477,-0.040652511764361646,-0.046767542370455564,0.9980782385504035
47.821082546,-0.04270430226456632,-0.04510787580602334,0.9980689465705087
47.87686232,-0.04468643079102956,-0.044502578863128306,0.9980093403258756
47.877162056,-0.04634391823519822,-0.04325474767528076,0.9979886111805872
47.877471798,-0.04680806486245749,-0.04258198719652829,0.9979958814695713
47.877712844,-0.04796696277167642,-0.04237095665362033,0.9979498346684155
47.877969111,-0.04877255607851126,-0.041645011601074845,0.9979413463637604
47.88119687,-0.049951005201148035,-0.042060284852706985,0.9978656370060571
47.891569262,-0.05196467496904484,-0.04046184176611207,0.9978288991186093
47.90151084,-0.05328583352217108,-0.03971218928928789,0.9977893374694377
47.912925895,-0.05465037255110017,-0.037704179776150926,0.9977934313310716
47.921878234,-0.05667688198172654,-0.03703490727300632,0.9977054408451972
47.931376033,-0.0561712248490788,-0.03584312460225189,0.997777562344284
47.941410438,-0.05441018337307969,-0.034836764634836384,0.9979107834746975
47.951099938,-0.05512338311723577,-0.02858160863687672,0.9980703904442005
47.961639593,-0.0549018776974898,-0.02830888833612961,0.99809037199367
47.97115929,-0.05634768798130998,-0.027908187682808675,0.998021077492566
47.98128529,-0.05907438908624501,-0.026766253528411804,0.9978946759183255
47.996053267,-0.058894728502032305,-0.024118714085776934,0.9979727945117144
48.001343649,-0.058258553279425425,-0.024920245125921645,0.997990442014678
48.011380826,-0.057131971148743584,-0.021175355376143953,0.9981420451004722
48.021566567,-0.060457327930575615,-0.014408513450667347,0.9980667844586538
48.031984103,-0.057060087885009735,-0.009692719873881017,0.9983236937747202
48.041719036,-0.05579395867780177,-0.00562124461140826,0.9984264799093014
48.053532051,-0.05627984477596646,0.0021707954371137494,0.9984126735569633
48.061915478,-0.0630374232367119,0.00675399198781653,0.997988309983591
48.07148228,-0.05973685060930762,0.007502462389482545,0.9981859655081191
48.081470771,-0.05702248866442415,0.009518550277351115,0.9983275178953714
48.091719252,-0.057101419819711056,0.013111845997810064,0.9982822783907881
48.10158946,-0.05655380543674041,0.01825535476988193,0.9982326427806542
48.111230161,-0.061812443621284144,0.028692517636396984,0.9976752784575003
48.121432727,-0.05942295949408651,0.03186541034086963,0.9977241640397271
48.131465253,-0.05867906644413883,0.03136873438820318,0.9977839293474949
48.141681913,-0.060220416844349776,0.029073088558124006,0.9977616232932516
48.164731561,-0.062126266285282214,0.029726987583056728,0.997625497492264
48.165046332,-0.06426763370596439,0.03233318091577924,0.9974087610752693
48.171481074,-0.06507277763110456,0.03607994498393451,0.997228043719855
48.181848667,-0.06569750149418652,0.04182212648153239,0.9969627616084686
48.191397507,-0.06820678303666086,0.042677541273768625,0.996757975748685
48.201242231,-0.07142758974894546,0.04295752250889775,0.9965203212592074
48.211455744,-0.07119351927198733,0.04374125059280435,0.996502978324825
48.221255985,-0.07388565485413733,0.04807978245865947,0.9961070447123157
48.231430688,-0.07501691375351952,0.0523903431828184,0.9958050585290695
48.241256109,-0.07490696530453927,0.05185390852379648,0.9958414124345655
48.251239166,-0.07517133208035673,0.048735693079944055,0.995978967174148
48.261434501,-0.07849887158130445,0.05097489002045218,0.9956101082993607
48.27145501,-0.07985050291494757,0.050919239413135836,0.9955054636925996
48.281224691,-0.08117857152192277,0.04909415167862673,0.9954897306334285
48.291438838,-0.08330588074211577,0.04755913432285334,0.9953884965058823
48.301230721,-0.08385543603235203,0.04802564841023533,0.9953199500374744
48.311280725,-0.08433221591003566,0.04615911296382084,0.9953679790158494
48.32320264,-0.08644384790645067,0.04625805265659366,0.9951822213662914
48.331308836,-0.08923863103071472,0.046353087712717685,0.9949310820309422
48.34145888,-0.09205424481712515,0.048790994156955106,0.9945579193291484
48.351505762,-0.09218770138647084,0.049114275646383494,0.994529645430849
48.362042727,-0.09253582312680032,0.0498733949470076,0.994459534578811
48.371123346,-0.09433864368431889,0.05196075419556087,0.9941832327751419
48.401182483,-0.09537702070535017,0.05295671515933412,0.9940315941864748
48.401498789,-0.09616848843513881,0.05285323836325782,0.9939608428034865
48.401779972,-0.09714428636465616,0.052128345781876195,0.993904232405088
48.411270188,-0.09857564644768306,0.05011530046847337,0.9938668414764507
48.421311102,-0.10112047514339546,0.0504265464173818,0.993595396991748
48.43143995,-0.1033264493224842,0.053543924821661766,0.9932052622620866
48.441067307,-0.1027924921821459,0.05553798756055209,0.9931511644702974
48.451344551,-0.1046405914714384,0.058323679902991594,0.9927984160840917
48.461050029,-0.10832594204726938,0.058779159002973466,0.9923761891271248
48.471125028,-0.1091677048774243,0.05808862973164637,0.9923246058159071
48.481583103,-0.11070738019985354,0.058032327555755256,0.9921573085593567
48.491216261,-0.11161618608760918,0.05596849117062114,0.9921740547904588
48.582150241,-0.11388734417247089,0.05816219786337143,0.991789711368818
48.582471768,-0.11848275596652441,0.05895464286608671,0.9912044121285526
48.582727743,-0.12106397018700105,0.05945774708171787,0.9908623978305603
48.582991594,-0.12335769118319352,0.06067959797922757,0.9905053591046497
48.583251201,-0.12591501706074046,0.06274486685055419,0.9900547914951474
48.583510591,-0.12875284041824658,0.06279616334035093,0.9896864897299374
48.583769408,-0.13160820552905178,0.05892652513193041,0.9895488592653214
48.584028263,-0.1336297522065416,0.05724913774742194,0.9893763821480657
48.584289751,-0.1357001615361753,0.05811039314338573,0.989044310618982
48.592334947,-0.13806671895556305,0.05798029125827322,0.9887243634817803
48.601963911,-0.14064627526878215,0.05911158518137541,0.988293704194438
48.611396089,-0.14394300994528492,0.05935673727861416,0.9878042253541585
48.621536201,-0.14601066452502462,0.058279616642226174,0.9875648698333676
48.63144048,-0.14782249886727308,0.05751877449452913,0.9873399107750495
48.641609008,-0.14996786649319427,0.056283809143892166,0.9870875198520815
48.651390431,-0.15289104353517258,0.05585979986720351,0.9866630689174101
48.661580364,-0.15482964533383325,0.05700018381994408,0.9862954729543739
48.671484314,-0.15597891825410684,0.05368958226073033,0.9863001601018561
48.681705985,-0.15679574990282213,0.05447267800766515,0.986127689583395
48.691410778,-0.15864814481126877,0.05381858220735104,0.9858672965248079
48.701446675,-0.15953087440584862,0.05333580433215333,0.9857510801858387
48.711120215,-0.16084464067962798,0.05446300740265001,0.9854759166967503
48.721648798,-0.1614575478854889,0.052769052693910114,0.9854678519914248
48.732434319,-0.1624974959606749,0.050209740301502145,0.9854306397638376
48.741850273,-0.1633229997125589,0.049573702036146215,0.9853263651355946
48.751397358,-0.1651852304686775,0.047675620397057195,0.9851095750497839
48.761602938,-0.1680396004013967,0.049158747265108854,0.9845537619979237
48.771877956,-0.16957941404918658,0.049081983382988,0.984293544242736
48.781588856,-0.1702965736160733,0.049159508643160266,0.9841658497045042
48.791213746,-0.17108426317280112,0.04832771230376672,0.9840704279258187
48.802015409,-0.17162507570172608,0.04600303628371939,0.98408767599389
48.811331761,-0.17212739000516084,0.04571871555833584,0.9840131913026915
48.821400665,-0.1724694168151938,0.04615998179739073,0.9839326990927233
48.831159844,-0.1742643843406006,0.04502864282467733,0.9836688191031366
48.841324497,-0.17493940748383263,0.04247885899165171,0.9836624168117702
48.851151721,-0.1762972391082404,0.040952319991465896,0.9834847182189098
48.862824369,-0.1785796083190343,0.0413972307536273,0.983054216601786
48.871056435,-0.17918813653504967,0.04020382256321525,0.9829930133914494
48.881339821,-0.17987190917662227,0.04001917158992581,0.982875659579793
48.891170345,-0.1816477235340402,0.039771469935365164,0.9825590744143994
48.901275111,-0.181642511589251,0.03678069419477568,0.9826765380928251
48.910993705,-0.1827308032470387,0.03877351609862725,0.9823981209235091
48.921291975,-0.1853942374063449,0.038720086032218985,0.9819010803915929
48.931149094,-0.18610801462620344,0.038031701441835035,0.9817929499529583
48.941342708,-0.18670150600890065,0.037073625336861926,0.9817169113132311
48.951152431,-0.18690150405610906,0.0352148621504999,0.9817472899200107
48.961445413,-0.1875425617245698,0.034929397920707546,0.9816352299620683
48.991447086,-0.1886046345751137,0.0353744786601285,0.9814157824675085
48.991696761,-0.18832980716410225,0.035916604281489385,0.9814488683932642
48.992268817,-0.18900457140560117,0.035122349920713294,0.981347895765733
49.001458248,-0.19041621464626363,0.036289801803931404,0.9810324742254047
49.011152773,-0.19046452689340873,0.03496120512976937,0.9810713420190931
49.021478525,-0.19104559809906319,0.035264224949938805,0.9809475082213376
49.031295766,-0.19144472873425333,0.035449252897381885,0.9808630211751718
49.041803221,-0.19214465627064614,0.03525730824086116,0.9807330693324481
49.051302779,-0.19291719922611458,0.03496081503660717,0.9805920128446529
49.061467668,-0.19290268168460573,0.03444244451034177,0.9806132129514876
49.071211448,-0.1933520053544813,0.032255812770880785,0.9805990845232778
49.081499138,-0.19411542180980626,0.03242777411862753,0.980442574800438
49.091533147,-0.19618737855063106,0.029512185444231037,0.9801222084045117
49.101480111,-0.19636830740256203,0.029084223126012575,0.9800987683968434
49.111151709,-0.1963286417740451,0.0278347100171272,0.9801429963721728
49.141932458,-0.1966266633852406,0.027881221642368725,0.9800819316392464
49.142194217,-0.1978699372043026,0.027464116571547747,0.9798434621161228
49.142438743,-0.19863678873884297,0.027348779081642113,0.9796915180005715
49.151393193,-0.19893123736602156,0.025820841789570458,0.9796732347723406
49.161595467,-0.19871651192942735,0.025379755300937504,0.9797283378097554
49.171516874,-0.19880063059848513,0.0253436259331763,0.9797122076907097
49.181416192,-0.19871420259755487,0.024853469814974414,0.9797422981193443
49.191339684,-0.19908573954813277,0.0246557447221304,0.9796718647387861
49.201505398,-0.19931477701428776,0.02316289841296359,0.9796617272308108
49.211385833,-0.2005235674556015,0.02312398965563466,0.9794159381985189
49.221505902,-0.2009476593177529,0.022258050408218637,0.9793490784223681
49.231336925,-0.20218357105743545,0.02321616717858925,0.9790724248879645
49.241509236,-0.20353456600008987,0.02312877961721832,0.9787945341064044
49.251339991,-0.20463193533391666,0.023175874070545763,0.9785645864747824
49.261453166,-0.20553278403471803,0.021119282694519008,0.9784223273134188
49.273496457,-0.20538880283592564,0.01681150566917233,0.978536056027963
49.282143482,-0.20414096442685864,0.017838093102853846,0.9787789684486105
49.291380633,-0.20687458192462846,0.017484661975376074,0.9782112215411952
49.301482381,-0.20606873003455195,0.016566201139933266,0.9783972810069222
49.311244561,-0.20260293143677988,0.015508686045417282,0.9791381581934024
49.321449596,-0.20459856533772397,0.01623377692480435,0.9787113423009365
49.331818183,-0.2053246203793936,0.017467102937107997,0.978538042480231
49.341949608,-0.20512926620020944,0.0176203166716527,0.9785762661073252
49.35145517,-0.20437814017843925,0.018281654097952814,0.978721286649394
49.362575611,-0.20387526931758043,0.01774927744854936,0.9788359605729341
49.371284313,-0.2038475423422188,0.018358574676390634,0.9788304971836997
49.382077453,-0.204205496778982,0.01807869695974754,0.9787610923006119
49.391755701,-0.20537981986729123,0.01853484779735781,0.9785068160255236
49.401969699,-0.20509686722552964,0.018768154750972085,0.9785617156937609
49.411890703,-0.20702384957417205,0.015600084046157241,0.9782115124477138
49.421958055,-0.20762307130603247,0.014313791847447613,0.9781041742188804
49.43179526,-0.208339945268876,0.012944726684444354,0.9779708079776344
49.441858456,-0.20992820542325438,0.007593875616702961,0.9776873128055258
49.451661273,-0.21055252930902077,0.00594297565816759,0.9775644804522617
49.461836913,-0.21062977180378972,0.005698462097206096,0.9775492963322158
49.471826043,-0.21072576220684344,0.005198099691100054,0.977531397399565
49.482147,-0.2102495226005479,0.005003521928834444,0.9776349538629179
49.491211058,-0.21061729820512884,0.003987686048753681,0.9775604595403542
49.501670826,-0.2114712064488568,0.0034325772905545436,0.9773782002153565
49.511295213,-0.21247205577240036,0.0017621866218383683,0.9771655541484052
49.522026688,-0.21254672761252624,0.0009705700111704245,0.9771504216726614
49.531734791,-0.2132839009887997,-4.661867432499938e-05,0.9769902637210359
49.541801983,-0.21367018080260156,9.180003795683907e-05,0.9769058528888731
49.551620654,-0.2136412108159838,0.0012276879398891907,0.976911421687454
49.56147355,-0.2136005330453948,0.0006262695733904643,0.9769208873133712
49.571233149,-0.21384497697466348,-0.0011494218346316807,0.9768669329300442
49.581990396,-0.21405072649657095,7.762997355609551e-06,0.9768225460266701
49.591862504,-0.21339069775010136,-0.0002671528714045167,0.9769669077011095
49.601809364,-0.21373559168396136,-0.00044636921746274373,0.9768914461709801
49.611592061,-0.2145008740394448,-0.000998876928196795,0.9767232859316893
49.622480091,-0.21534923273010267,-0.00030751014900172794,0.9765370517292544
49.631405661,-0.21525440369142354,-0.000742363111822644,0.9765577251696185
49.642532137,-0.2160870460223416,-0.0007637066185775054,0.9763738040799431
49.651196706,-0.21636784989738747,-0.0021571879456247223,0.9763095308717152
49.661560638,-0.2165194059889804,-0.0016373774076255117,0.9762769411521529
49.671356588,-0.21691315238039638,-0.0019258530383509701,0.9761890059893493
49.682899568,-0.21728761062641003,-0.002642838793951035,0.9761040465398014
49.693348637,-0.21604889554132617,-0.003223158350045787,0.976377225249352
49.70138657,-0.21652334109031726,-0.00893756665297009,0.9762365300814193
49.711087809,-0.21682639830037215,-0.012123446759226995,0.9761348959230811
49.721329668,-0.2170052790165258,-0.012454729075636078,0.9760909735278841
49.731365821,-0.21831944495851754,-0.01396415015852371,0.9757774451499456
49.741289536,-0.2181707378999654,-0.014997767740048079,0.9757953658872337
49.7511601,-0.2176677285601532,-0.015333892546395736,0.9759024703743909
49.793567108,-0.2181729212925549,-0.015801056040610335,0.9757822006178809
49.793824394,-0.2180179395346194,-0.016793506805168928,0.9758002644856496
49.794091019,-0.21798396921146992,-0.016016564742059904,0.9758209153429108
49.794642632,-0.21743564600262782,-0.014907312015558697,0.9759608147338145
49.823145463,-0.21686422333216793,-0.01539811686755164,0.9760803279625447
49.823402617,-0.21745319558508597,-0.013926267553871698,0.9759713965080393
49.823656451,-0.21698013708658162,-0.012881479945594423,0.9760910242309881
49.831837606,-0.21617920067843913,-0.014390470706483189,0.9762476466280865
49.84149232,-0.21491947189014426,-0.014581577210424301,0.9765229122803613
49.851587779,-0.2132814826698338,-0.01439218080119344,0.9768847804536331
49.861217841,-0.21258092539903364,-0.015048748154567599,0.977027576548109
49.871518443,-0.21146215091601334,-0.018077364090865813,0.9772189967645429
49.881488738,-0.21099823132480156,-0.018709716958231176,0.9773073686763794
49.89122102,-0.20963274589173014,-0.019672946752447393,0.9775822661116397
49.901310763,-0.20810467167039715,-0.018256683076355324,0.9779361631272288
49.911260054,-0.20694178277928868,-0.018898746156433274,0.9781707089940102
49.921448888,-0.20457769914855767,-0.018594605149124307,0.9786736972405208
49.931394465,-0.20401688311188146,-0.0183524025293516,0.9787953313776653
49.9414964,-0.2036580701103274,-0.017418074059347942,0.9788871238171437
49.951286295,-0.2029863819582542,-0.019197675619074792,0.9789933493085243
49.961546908,-0.2028578507099629,-0.018330080177945848,0.9790366186032087
49.973333671,-0.2044087558942906,-0.018590201523516803,0.9787090808412189
49.981606187,-0.20276567854338698,-0.015998705331944557,0.9790965841185137
49.99172557,-0.20241907472391168,-0.016108968104216276,0.9791664921424409
50.002018176,-0.20240159813837144,-0.018400146780120905,0.9791297297444825
50.01129621,-0.2023429717423249,-0.019941030738156153,0.9791116775320293
50.02209693,-0.2020796144646309,-0.01993005567392673,0.9791662894006617
50.031536605,-0.20202346811213764,-0.022687054761839725,0.979117876395982
50.041624664,-0.2013519508962352,-0.024886891252728943,0.9792027545478286
50.051873414,-0.20002252715507662,-0.025410948405793755,0.979461725812507
50.063923542,-0.19931216889009737,-0.02478143555369933,0.9796226517308709
50.071928601,-0.19953720832884644,-0.024407866882213608,0.9795862180158471
50.082066485,-0.19972907991565586,-0.021867444027286173,0.979607119986252
50.091878117,-0.19965826693650027,-0.0213957849654015,0.9796319700936815
50.101750922,-0.19963886768966566,-0.021331949841071566,0.979637315756993
50.111253976,-0.19998423924757755,-0.021651444151587658,0.9795598598445726
50.121531821,-0.19990236397493813,-0.020204686598443284,0.9796074803290806
50.131242898,-0.20010147923030758,-0.019872741740242745,0.9795736175222199
50.141606679,-0.19947412685542326,-0.02136654135336242,0.9796701197984257
50.151382168,-0.19892758236937058,-0.02035008871914244,0.9798028836770182
50.161387691,-0.1979217887846249,-0.022402310629446778,0.9799617859910437
50.171156656,-0.19716016580838028,-0.022648902554268695,0.9801096348018926
50.181617075,-0.19655480258597277,-0.02417289276147756,0.9801948177969171
50.191375424,-0.1958453305863899,-0.023491660906452355,0.9803533793257225
50.201617192,-0.19595119893786372,-0.02261181260467773,0.9803529127643497
50.245539423,-0.1956662557683333,-0.022483463170852883,0.9804127754356561
50.245793969,-0.1974648884114593,-0.021897139942407738,0.9800653718538334
50.246101868,-0.19674520680750684,-0.024823497561959066,0.9801403560547147
50.246449563,-0.19781239346567128,-0.022764196773725924,0.9799755345602407
50.251544648,-0.1962059362238236,-0.027994204194355013,0.9801630247678484
50.261344626,-0.1951324595121582,-0.026918868184359578,0.9804074141806604
50.271207186,-0.1935665858480369,-0.026686437182894297,0.9807241257935985
50.281407422,-0.19304369861246284,-0.02706067696360024,0.9808169300069673
50.291268867,-0.19238956312131256,-0.022928845576551924,0.9810507245002764
50.301538527,-0.1905362862008636,-0.026281488321008132,0.98132828707442
50.31120605,-0.19133384251812982,-0.027968187220605782,0.981126465452258
50.321547943,-0.19091959173495843,-0.029242134026668802,0.9811700194611143
50.331535838,-0.19047543290359994,-0.03163785025563649,0.9811820197554519
50.344178005,-0.1891323045584161,-0.03124102269498715,0.9814545174756668
50.35134809,-0.18816592142424035,-0.03111431703760149,0.9816442763495595
50.361594242,-0.1881374274174107,-0.031560620257254236,0.9816354902170846
50.371323697,-0.18925341699254486,-0.030590863885805515,0.9814516509759237
50.381223218,-0.18975021314386448,-0.02915593952478436,0.9813994027929124
50.391049756,-0.1883894313608624,-0.031626035178090824,0.9815850528866285
50.401484279,-0.18786597750402395,-0.031994465807357916,0.9816734327943073
50.411178678,-0.1864553206628446,-0.03171086499860433,0.9819515438337861
50.421724299,-0.18565163123485245,-0.032918708920578785,0.982064066353535
50.43129588,-0.18676430007192152,-0.03711007974042245,0.9817035897868076
50.441367598,-0.18634512257328756,-0.03799032086184952,0.9817495764266773
50.451381155,-0.18689744122564567,-0.035352642673331616,0.981743111572125
50.461430313,-0.18669298916516758,-0.033194097767895454,0.9818573621814679
50.473207943,-0.1844896512263162,-0.034094391769157885,0.9822429134589282
50.481552824,-0.18307586329008138,-0.03299090702768996,0.9825450769985475
50.491426259,-0.18270739392867394,-0.03343533089035825,0.9825986397568667
50.502224745,-0.18220605994505512,-0.03658620859493848,0.9825794629748511
50.511322633,-0.1804644945536286,-0.036778351331795675,0.9828936458634873
50.521230525,-0.17990032139686796,-0.03615205022781387,0.9830202966498858
50.531163873,-0.1792062611814167,-0.03550124351623921,0.983170777465532
50.541448816,-0.17817858118578483,-0.03444206927281112,0.9833952089932244
50.55134371,-0.1781213179571908,-0.033683521559620594,0.9834318565434699
50.56157574,-0.1774408209329843,-0.03325278599127688,0.9835695233639802
50.571318242,-0.17625611916520367,-0.03399805165623764,0.98375703958874
50.581574695,-0.17544591373084434,-0.03358441625998179,0.9839160626494649
50.591773921,-0.17544342947362865,-0.033165992944196775,0.9839306987621423
50.602700056,-0.17487391927359786,-0.03270581693952756,0.984047479492839
50.611281764,-0.17448201839315342,-0.03302085987216849,0.9841065227254385
50.622586217,-0.173389002914522,-0.03321949010787256,0.9842930047223138
50.631341966,-0.17481289831934937,-0.028193363620168492,0.9841979398621854
50.641535071,-0.17374289456325517,-0.027792579797318247,0.9843987906824101
50.651438418,-0.17381970510016548,-0.024807839618212382,0.9844649720596303
50.661801388,-0.17236461015232535,-0.025634000448373488,0.9846996187609954
50.671197375,-0.1704164451100245,-0.024588716698544146,0.9850652923777089
50.681699234,-0.16813388617224964,-0.02413794401358594,0.9854685971553909
50.691168178,-0.16759280312329944,-0.024433882371201702,0.9855534677193041
50.701580446,-0.1652296509240964,-0.024989872734817876,0.9859384710600346
50.711156884,-0.16386907940876622,-0.02581604017046668,0.9861442373626894
50.721960361,-0.1622547794691753,-0.025666318177565872,0.9864150377253063
50.731246262,-0.1602783538474925,-0.024461226033102444,0.9867687154084768
50.742302928,-0.15862599457225574,-0.024409979679150807,0.9870369530762393
50.751440043,-0.15550655905332725,-0.02501932742178212,0.9875179711512878
50.761692026,-0.15212785637432913,-0.02440496712201912,0.9880594682987076
50.77140892,-0.15065131086692807,-0.02552342897051946,0.9882574245143131
50.781476,-0.14801149443722314,-0.021882994866548728,0.9887435117613317
50.791203665,-0.14765081981875786,-0.025136142016263748,0.9887200866632512
50.801203612,-0.14786885012659923,-0.024348604247468167,0.9887072107724499
50.823226833,-0.1461142728553837,-0.020812158653780752,0.9890487719622892
50.823615215,-0.14311083392481097,-0.025230966078301994,0.9893850047196494
50.831563907,-0.1418433952663604,-0.027035354771181914,0.9895198536723291
50.841502541,-0.14213514540616115,-0.02877570487679349,0.9894289056062661
50.851275951,-0.14194150634460947,-0.026504910138882072,0.9895201354773703
50.861277004,-0.14038007535412428,-0.025056804999722966,0.989780577182022
50.871481905,-0.13523450565205486,-0.023893032385447734,0.9905254925969712
50.882700359,-0.13542373459518536,-0.028276267680278154,0.9903842005981144
50.891379753,-0.13435133219106474,-0.029185814143460526,0.9905038656114723
50.901329542,-0.1360555013827271,-0.03248151595343758,0.9901685975958141
50.911345665,-0.13442813896698158,-0.035654046594760166,0.9902817096237276
50.921864175,-0.13292990496985332,-0.034936698015315126,0.9905094989430907
50.931481801,-0.1315255989186979,-0.03260991482977101,0.9907762665122096
50.941228304,-0.12916350702247117,-0.03036678928301628,0.9911582348758936
50.951904375,-0.1311114942601041,-0.0345048708923033,0.9907669705624973
50.961751192,-0.13130089068612313,-0.03363824509038692,0.990771691446758
50.997071228,-0.13038571208232067,-0.03538896223835579,0.9908315636052772
50.997353105,-0.12939198170337296,-0.038108283188085436,0.9908609760321228
50.997599716,-0.12950563352936564,-0.0398278318558861,0.9907784993094153
51.001282567,-0.12916342541689635,-0.03816023461918334,0.9908887959949809
51.011584495,-0.1297392509429549,-0.03783832281697253,0.9908259121011923
51.021416387,-0.12949825434197437,-0.03624988258984525,0.9909168220060671
51.031794685,-0.12781846065505328,-0.03466445794486207,0.9911916144072052
51.041415993,-0.1285419214699098,-0.03563983300926351,0.9910634574677323
51.051792739,-0.12983075395200805,-0.03386213112556588,0.9909577848747585
51.061381326,-0.1293795105177742,-0.033352389846785895,0.9910340863712456
51.071763204,-0.12826827303245752,-0.03473464889122434,0.9911310479950037
51.081876365,-0.12669630313700395,-0.03491911631368639,0.9913267383094676
51.091546301,-0.12673148084551125,-0.037076443884772624,0.9912438998912241
51.101603113,-0.126525878886483,-0.0375348279663871,0.9912529135702639
51.111323802,-0.12662427327469192,-0.03463221594560105,0.9913460057095875
51.121564919,-0.1276298820951432,-0.033089298230898914,0.9912697471117367
51.13153153,-0.12743674997585724,-0.03209167525979834,0.9913273925069409
51.141553305,-0.12719331873824083,-0.035887445444607736,0.9912285059096175
51.152541532,-0.12647634557531298,-0.03459236033912967,0.9913662807540319
51.161317951,-0.1262091989559167,-0.030579075220471638,0.9915322275435967
51.171457509,-0.12446007046231497,-0.029642027347854982,0.9917817507270562
51.181954884,-0.12254719135058365,-0.03391582627774382,0.9918830085347674
51.191141132,-0.12251243017299092,-0.033973230845669396,0.9918853381510461
51.201209667,-0.12201784756885962,-0.03289173729693815,0.9919827511062136
51.211154902,-0.12279979344749099,-0.03492418221807683,0.9918167735149734
51.221250928,-0.12244494674342041,-0.03386224009922142,0.9918974663302975
51.231312027,-0.1216185404450786,-0.030586997982596065,0.9921055216933435
51.241449618,-0.11827691619612839,-0.026803191706997617,0.9926188392376261
51.251620736,-0.11836810770477475,-0.02490227920573016,0.9926574774657927
51.261436066,-0.11863329639675782,-0.028156890938455793,0.992538830715816
51.271120841,-0.11633241746478287,-0.025314336738603907,0.992887683981569
51.281257165,-0.11870035384527007,-0.02824475773676429,0.9925283168038075
51.292237143,-0.11767884483023587,-0.020925594084379308,0.9928312087115498
51.30185055,-0.11987441230189762,-0.020403683689583403,0.9925793746432424
51.311755818,-0.11727243591591306,-0.02223435457327057,0.9928508494487266
51.321024751,-0.11439113089549739,-0.023905916616757932,0.9931481139906382
51.331643559,-0.11411155226156385,-0.024568892469440426,0.9931640967953289
51.341182922,-0.1149778171607878,-0.025388850851812115,0.9930435578630803
51.351863898,-0.11396908971174012,-0.026818074424666043,0.993122267132517
51.361327643,-0.112681119913881,-0.022929095872223266,0.9933666099569867
51.371308755,-0.10995914387279032,-0.025370682027244428,0.9936122559490878
51.381366116,-0.10917652172291024,-0.023855479919364365,0.9937360832647185
51.391266198,-0.1107091822193341,-0.02854925813558577,0.9934427093860189
51.401449464,-0.11128316604930774,-0.028139905228626978,0.993390256992571
51.415103605,-0.11199890437847002,-0.020475733813112743,0.9934973526602056
51.424030276,-0.10967610686224542,-0.01926111391752667,0.9937807409455052
51.432536428,-0.1093922891779229,-0.020887358803478095,0.9937791733129794
51.441954523,-0.10741751368609938,-0.023254444374553065,0.9939420046312196
51.452724528,-0.10606654602435692,-0.01890856187963493,0.9941792364066486
51.53140281,-0.10819981692324117,-0.01755876046289086,0.9939740889725366
51.531907819,-0.10723194409353269,-0.019717447230972227,0.9940384964580674
51.532521232,-0.10569502259735562,-0.024427076951588887,0.994098526359307
51.532901681,-0.10444755485775421,-0.02335573838347058,0.9942561127641103
51.533218231,-0.10306205573694363,-0.018078792869473802,0.9945106183021164
51.533485838,-0.09977977467826296,-0.014857360474872086,0.9948986156412497
51.533752269,-0.1018000690104225,-0.01583756618156533,0.9946788011448308
51.534017238,-0.10275589693896879,-0.0192200399870796,0.9945208975718726
51.541538966,-0.10301767454007962,-0.016699224379098147,0.9945393379034791
51.551112689,-0.10306441622965865,-0.013327040495464746,0.994585399097972
51.561593553,-0.1036264439883956,-0.011466675051174248,0.9945501875066893
51.571396512,-0.10199672624189657,-0.010026454864013611,0.9947342047194293
51.581478801,-0.10302240929226472,-0.010025432489690917,0.9946285104937479
51.591178558,-0.10111153266553403,-0.013133493661541847,0.9947884042882029
51.601422293,-0.10088561555374534,-0.01543154252675815,0.994778347205842
51.611532006,-0.10192770208041572,-0.012142910026659804,0.9947176952707187
51.621306206,-0.10053767927061348,-0.009114370030349365,0.9948915032835638
51.631816569,-0.09876217934506479,-0.01171074686766114,0.9950421550561638
51.641547456,-0.09753989642121709,-0.011504913342770094,0.9951651147297687
51.651848928,-0.09873636635493509,-0.009738512145047324,0.9950659733606736
51.661865553,-0.09833225153950953,-0.00942160333301645,0.9951090401045536
51.67173493,-0.09724483782935343,-0.012496786936083491,0.9951820294960199
51.681363549,-0.09743955650883378,-0.009282915674457763,0.9951981512763891
51.691725464,-0.09531496427697354,-0.010468719308843317,0.995392115450445
51.701882754,-0.09554044023596692,-0.008178349535283989,0.9953919523878001
51.711760898,-0.09432089995215898,-0.007326654309989759,0.995514885859994
51.721376801,-0.09470793408580387,-0.0036878222097833707,0.9954982708114304
51.731365364,-0.09460220354057601,-0.0021090038292771577,0.995512920653527
51.741340799,-0.09448812644377542,-0.0035625255741063904,0.9955196142581416
51.823507366,-0.09468165949644396,-0.004759516553085732,0.9954962231757488
51.823985425,-0.09481768378758604,-0.004795166607000486,0.9954831054409554
51.824493358,-0.09321423093812384,-0.005053577634698748,0.9956332499990669
51.824775362,-0.09281575485926993,-0.004005402142242489,0.9956752444464927
51.825090959,-0.09167261537601304,-0.0021867945597230016,0.9957867992294713
51.825377229,-0.08966616147300087,0.0010546680646914507,0.9959713184434434
51.825637288,-0.08866410048339696,0.00394508874096163,0.9960537704161839
51.825898435,-0.08838333145179463,0.0018434184969476333,0.9960848299867473
51.838318773,-0.08981570169196634,0.004167823942918443,0.9959496819484209
51.858897802,-0.09398765858711863,-0.0002690336560428241,0.9955733261062206
51.859277415,-0.0935468297646599,-0.0005336257374267872,0.9956147376794673
51.86178522,-0.09126482766992976,0.0005352241683448787,0.9958265133874814
51.87215644,-0.09121286011458797,0.0019468789923982506,0.9958295154352002
51.881771438,-0.0902569099441556,0.0020621267749976278,0.9959163809479672
51.892051757,-0.08995101004989356,0.003933294371019017,0.995938424294592
51.902031217,-0.09080887309370925,0.007211646311959284,0.9958422268235676
51.91176671,-0.0915566401880387,0.00397994553452559,0.9957919168536268
51.921755221,-0.09085012818875822,0.004336271654290647,0.9958551355273649
52.141792017,-0.0898589887481343,0.006311287254704181,0.9959345007551206
52.14245925,-0.08698229274985463,0.008222387743725851,0.9961759247681959
52.142713891,-0.08701158861458616,0.0069945488863621934,0.9961827441451906
52.14320532,-0.08573072064020126,0.006153108134467191,0.9962993439718794
52.143483014,-0.08523964774558825,0.007402856798681336,0.9963329765512263
52.143746948,-0.08604032371342019,0.010931267666318268,0.9962316849420607
52.143996218,-0.0850750691526468,0.014843057532297923,0.9962639792001742
52.144242968,-0.08463696262190024,0.011299865194177115,0.9963477794448746
52.144497569,-0.0843065910702106,0.006590343124482939,0.9964180679211021
52.144822458,-0.08190296335450763,0.007552669940288743,0.9966116905648473
52.14509305,-0.08240111961897417,0.013059235370390403,0.9965136787104734
52.145561923,-0.08060986405717076,0.01172454749513738,0.9966767704741186
52.145808024,-0.08088386743089605,0.006626707286638642,0.9967015033298378
52.146056425,-0.08108843725826796,0.005635098665649317,0.9966909806986518
52.146305659,-0.08123778862668098,0.007364380784999531,0.9966675411563779
52.14655787,-0.07942935670834664,0.00906481306646558,0.9967992809271927
52.146886977,-0.08057982406274876,0.005606099827436989,0.9967323931721801
52.147273553,-0.07823487707313408,0.002863053691729676,0.9969308436059695
52.147585049,-0.07825816310936656,0.0008577729935373248,0.9969327580796206
52.147971821,-0.07859575713270799,0.004290969983327187,0.996897334000517
52.148251811,-0.07743530973922957,0.0016818518459140277,0.9969959599617031
52.148648014,-0.07706910530967886,-0.0012488098349237025,0.9970249713426248
52.15119782,-0.07674168069206141,-0.0007454408738082893,0.9970507302853057
52.161521223,-0.07822009902398092,-0.0018494249170031682,0.9969343989130655
52.171357752,-0.07921833330887972,-0.004363150577524559,0.9968477409237587
52.181471185,-0.07953221385108586,-0.005858798941461403,0.9968150788561081
52.191367512,-0.07733030770225469,-0.00952317580509374,0.9969600456554215
52.201510399,-0.07690069576682187,-0.01602835698892975,0.9969099130627674
52.211353327,-0.07574046293152774,-0.015593951017048528,0.9970056223344962
52.241940645,-0.07502483784105682,-0.010614849695066271,0.9971251670040598
52.242290162,-0.07493933763064795,-0.012016086855335143,0.9971156950585849
52.242879928,-0.07593541072060568,-0.014798216219001346,0.9970029218590227
52.251782717,-0.07680302724752755,-0.016685307256901413,0.9969066633980126
52.261581239,-0.07568819278859387,-0.018193771174917935,0.9969655381019102
52.271362251,-0.0757709146530723,-0.02351513888133053,0.9968479356130647
52.281729672,-0.07699799289775151,-0.029146335318237213,0.9966051375681518
52.291425668,-0.07712415325113628,-0.029008797093245026,0.9965993952820252
52.301567834,-0.07716094683563765,-0.029028884710694036,0.9965959623317171
52.311956915,-0.07567910547883312,-0.028133645077722386,0.9967352562283348
52.322438037,-0.07471893456795674,-0.028090665128700832,0.9968089061348
52.332034254,-0.07250184582789124,-0.02697602408302228,0.9970033984276186
52.342740793,-0.0731327805106719,-0.026953659602665752,0.9969579212026963
52.352284122,-0.07303983330692014,-0.0257593179276857,0.9969963090655841
52.362638437,-0.0729900551453854,-0.026009017678377603,0.9969934718187876
52.372036254,-0.07243625418005929,-0.027863619175036707,0.9969837550365755
52.38179916,-0.07229766304341549,-0.029522372916218856,0.9969460754804426
52.392190296,-0.07423412516555203,-0.036012646738877926,0.9965903792109204
52.401303233,-0.07432675736519914,-0.038034187754811155,0.9965083711145667
52.411949414,-0.07508067130387755,-0.04127032799993869,0.9963230664916559
52.421351989,-0.07376227419154675,-0.04127692386455599,0.9964212675682765
52.431918177,-0.0741807072624649,-0.041126857874118294,0.9963964091823307
52.441376633,-0.07061040216434322,-0.04271050004360029,0.9965891752834842
52.451227517,-0.07557061831519539,-0.04436862053544282,0.9961528533107964
52.461810317,-0.07471251516336154,-0.04448318667831895,0.9962124704002185
52.471491119,-0.07229517275424648,-0.04586442375399523,0.9963281902215492
52.48165198,-0.0744681205792633,-0.050746792053003184,0.995931354117201
52.491081023,-0.0743148052045911,-0.0519756942585063,0.995879428913837
52.501592888,-0.07508874511385889,-0.05242328020959331,0.9957979112497135
52.511346892,-0.07473099550593403,-0.05205011319816958,0.9958443974972947
52.521417704,-0.0766756661146279,-0.04897636409049421,0.9958524780239056
52.531754816,-0.07583703831246622,-0.04786906624044515,0.9959705297433562
52.541490089,-0.07525406137112085,-0.0471013265529327,0.9960513497225459
52.5513175,-0.07511233774108961,-0.04616148578553552,0.996106045533878
52.561856751,-0.07265486381657559,-0.04622078377434637,0.9962855564099482
52.571250794,-0.07093268298770299,-0.04773260320382491,0.99633837278083
52.581461478,-0.07114237262963129,-0.0459821661295309,0.9964057422629915
52.591235159,-0.0712888706020792,-0.04405996271877787,0.9964821205689041
52.601396629,-0.06952153107084745,-0.043908381126551245,0.996613671782808
52.61165469,-0.07069021605604936,-0.04479721655228677,0.9964918979816728
52.621525844,-0.07207166746872233,-0.048428991717409636,0.996223020969458
52.631438403,-0.07366962041499044,-0.046273266776488166,0.9962085985423651
52.641276486,-0.07393052706377236,-0.04643132385940175,0.9961819157828236
52.652038289,-0.07286201266880445,-0.04656602102660884,0.9962543514562938
52.661329785,-0.07341992528603984,-0.04590296975464466,0.9962441628128601
52.67189711,-0.07340047370321168,-0.04523278706748248,0.9962762495584506
52.681518743,-0.0729434031747729,-0.04431818944804365,0.9963509211203299
52.691445537,-0.07295229186964605,-0.04322049280319876,0.9963984906215057
52.701406309,-0.07326866168262733,-0.0425297298114313,0.996405000638497
52.711301469,-0.07326121894379412,-0.040933754735392354,0.996472388740467
52.721739716,-0.07353437387224314,-0.04118865537241241,0.9964417647448495
52.731232818,-0.0734824599452189,-0.039099875460376195,0.9965297425663633
52.741515434,-0.07272000363948478,-0.03675431454168733,0.9966749326802817
52.751423782,-0.0720119425489012,-0.03501601857986596,0.9967889237813331
52.761976646,-0.0726188597405393,-0.03342863910057857,0.9967993917021956
52.771361223,-0.0705122054923847,-0.030568943361809677,0.9970424106217058
52.781563753,-0.07062812646731582,-0.028322907707288084,0.9971005368821749
52.791447613,-0.07130970553478241,-0.026387899961651463,0.9971051121281831
52.801443477,-0.07148656609513795,-0.0246055358934081,0.9971380237817248
52.811810547,-0.07046018507536536,-0.022544536117147036,0.997259798753769
52.821636758,-0.07121151499426169,-0.020433416924596094,0.9972519218357053
52.831333914,-0.07101483871208145,-0.01840962286934559,0.9973053586883536
52.841695253,-0.07162369411968568,-0.01614965453094673,0.9973009751821067
52.85128667,-0.07096411914335957,-0.013625681754651207,0.9973858002753639
52.861619132,-0.07272797964611916,-0.010133906151008076,0.9973003283478434
52.871555622,-0.07329145896912223,-0.007835324021676868,0.9972797850852352
52.881728829,-0.07220620920649996,-0.005078411071168381,0.9973767959467574
52.891492523,-0.07129122812247742,-0.003951270300924632,0.9974477170537802
52.901395817,-0.07194637214501765,-0.0018445706557561686,0.997406796194144
52.911377704,-0.07143500003826371,0.0005060248472033742,0.9974451286704384
52.92162767,-0.07190749781507122,0.002750776933887492,0.99740751199509
52.931573209,-0.07187452999643543,0.004731930666054046,0.9974024567695647
52.942113366,-0.0720760113469007,0.006794081153215895,0.997376001841635
52.951401744,-0.07069097763474665,0.006696800347806513,0.9974757834384479
52.961356674,-0.06935518716382494,0.00944913416554892,0.9975472780159307
52.971429891,-0.0692500106358385,0.01101741121004641,0.9975384968396783
52.981448872,-0.06817982860943508,0.012082173552717122,0.9975998857523141
52.991536472,-0.06858534370435375,0.013714694380425814,0.9975509800441315
53.001327121,-0.06828931954202368,0.01513831265854692,0.9975507006294666
53.011587061,-0.06795115793275487,0.015201990708330594,0.9975728242159073
53.022029397,-0.06847067807864626,0.017513849182551874,0.9974993891377885
53.033328259,-0.06837446253625828,0.01887049538158797,0.997481246579068
53.041479229,-0.06829050589168555,0.019037987931703027,0.997483815317607
53.051741622,-0.06780863749580962,0.02024085093058647,0.9974930058073428
53.061394043,-0.06782235926163549,0.023167745190937457,0.9974283849815753
53.07190908,-0.06756920161330074,0.023734519223412236,0.9974322411024092
53.081396732,-0.0677277161075265,0.023156886318932056,0.9974350681056238
53.091625423,-0.06753264224504255,0.024275656044673282,0.9974216935454151
53.101662622,-0.06699974179412514,0.025116140686424364,0.997436822097791
53.112181733,-0.06691900219116688,0.025255933569614707,0.9974387123855109
53.121519411,-0.06780308414066946,0.025190881063700068,0.9973806501493038
53.131454857,-0.06861976819474964,0.025649402228441417,0.9973131080950568
53.143455147,-0.06876177183978797,0.025947828437375326,0.9972956075972849
53.151270697,-0.06853166677879471,0.026265375104854945,0.9973031338159534
53.161503129,-0.06871894308371823,0.026205813982635703,0.9972918139516459
53.171307084,-0.06794528877534499,0.026201135840095636,0.9973449444469672
53.181750624,-0.06776346301100929,0.026689821918572366,0.9973443570235461
53.191437179,-0.06816417809058306,0.02689807802240034,0.9973114549747918
53.201507326,-0.06808600719438626,0.027452037673336663,0.9973017002150891
53.211314878,-0.06792578152943261,0.02729806784863445,0.997316852206633
53.22181479,-0.06636843498898842,0.028616776511818154,0.9973847356658239
53.231914211,-0.06651554105821243,0.029016839395509576,0.997363377024256
53.242196091,-0.06675709961568976,0.02965659630646966,0.9973284193014936
53.251447852,-0.06705346520848919,0.030076983038173907,0.9972959479988152
53.261520152,-0.06683405277561823,0.03063975222406538,0.9972935450373847
53.271578237,-0.06711583876630024,0.030758077178460342,0.9972709786587494
53.281620991,-0.06736641176390382,0.030570605225262268,0.997259848114932
53.29137225,-0.06556006060855998,0.03248372879703377,0.9973197510409803
53.302891293,-0.06579765667525089,0.03224931687637164,0.9973117115210536
53.311480766,-0.06575695849321211,0.03325898580265584,0.9972812352957919
53.321559236,-0.06693525856774353,0.0340784324807058,0.997175175984705
53.331563189,-0.06766873943137366,0.03256052215254475,0.9971763906656246
53.341529231,-0.06774460221011691,0.03348252448107336,0.9971407069344664
53.351651552,-0.06737872148353559,0.033914797922796364,0.99715088846829
53.361519509,-0.06705325341972683,0.034646565997242654,0.9971476704432641
53.371845979,-0.06765063343439978,0.03438377037556608,0.9971164165385529
53.381462751,-0.0677762190132866,0.035077481134202185,0.9970837248965319
53.391671059,-0.06780914125206829,0.035383396507125485,0.9970706773415196
53.401498929,-0.06771906210588631,0.03569467002524218,0.9970657045347053
53.411611421,-0.06835355238298547,0.035414384000781916,0.9970324033262268
53.421885088,-0.06866553544338894,0.035296527884925766,0.9970151450010886
53.431432664,-0.06885475769069566,0.035335345172073804,0.9970007200222706
53.442682901,-0.06884921116204329,0.03537048370165592,0.9969998570737487
53.452232844,-0.06908657993795746,0.03543018481425271,0.9969813170147696
53.461332568,-0.06894706678105898,0.03623880798682115,0.9969619103947666
53.471947834,-0.06885540251078003,0.03598856940602401,0.9969773098808148
53.481452852,-0.06909107911001955,0.036038860501263995,0.9969591883929771
53.544364857,-0.06914917133059444,0.03584310620378472,0.9969622178608156
53.544830127,-0.06890701064242265,0.03661840209350059,0.9969508094747925
53.545185461,-0.0681510341418204,0.03673762504037622,0.9969983868852513
53.545520057,-0.06693669987898374,0.03728785316457946,0.9970602259721766
53.545853055,-0.06742086196477166,0.037549272249405755,0.9970177929833887
53.546387641,-0.06673382922553762,0.03754670175153111,0.9970641108898056
53.552029882,-0.06609578489706641,0.03780134799597272,0.9970969889175919
53.561244975,-0.06656020836573895,0.037896537964037455,0.997062481027468
53.571579881,-0.06636028036071119,0.03806874059857185,0.9970692474345434
53.583057662,-0.06691156413567158,0.037327705052296385,0.9970604219506694
53.592006322,-0.06740865466245977,0.03744282180964968,0.9970226217952771
53.601615263,-0.06695484196827571,0.037707137389346106,0.9970432392463751
53.611312196,-0.06743789633652285,0.03711525802498907,0.9970328920148236
53.622071258,-0.06788172932198391,0.0364461313829274,0.9970274571602707
53.631404926,-0.06762969327998652,0.03656581803546158,0.9970402025687092
53.691929122,-0.06763855806867049,0.03794119536847663,0.9969882101391181
53.692151397,-0.0677378143073777,0.03855435482121865,0.9969579480786434
53.692555209,-0.06760066815304824,0.03786682684163475,0.9969936073467107
53.692863018,-0.06784963465148103,0.038993412125299325,0.9969332680217304
53.693166757,-0.0688979685307957,0.03929316807763261,0.996849595914425
53.693471539,-0.06894382854931626,0.04005744588495506,0.9968160058577192
53.701772051,-0.06926841733102757,0.03994670089470283,0.9967979471528238
53.712157071,-0.06964162079940296,0.04088771101926663,0.9967337857923936
53.722069503,-0.06886718486377928,0.041564651055548484,0.9967595952041639
53.731427937,-0.06896311220475301,0.04166946143109612,0.9967485867253975
53.741301902,-0.06973175807554285,0.04209328345206061,0.9966772985294279
53.751566246,-0.06915640569770931,0.04302777425535225,0.9966774815323183
53.761335749,-0.06940548660776563,0.04303041581994177,0.9966600532494027
53.771693111,-0.07058282168519392,0.04105073071956979,0.9966608765223733
53.781349513,-0.07074701444401063,0.04107378824376072,0.9966482849363489
53.791509651,-0.07062360840768982,0.040272036925273265,0.9966897556297881
53.80142927,-0.07016083591680619,0.041094451771440624,0.9966888697768526
53.811602035,-0.07142511379926995,0.03985293894904849,0.9966494852132745
53.821452656,-0.07172757088059781,0.039400697307410415,0.996645744799655
53.831741075,-0.07151157699965494,0.03860070484966121,0.9966925704248687
53.84172822,-0.07161707601045067,0.03880691932535708,0.996676987512097
53.852826585,-0.07201312077328566,0.03782734507705219,0.9966861102678787
53.862559439,-0.072589197128429,0.03794654938113064,0.9966397884142071
53.871090417,-0.07229938943973468,0.03812212322470595,0.9966541536598753
53.881486666,-0.07225045684443092,0.0384443650922534,0.9966453242143991
53.950128793,-0.07248936667891667,0.03850838478491162,0.9966255043995949
53.950438744,-0.07199549339985713,0.03852351882250722,0.9966607183127281
53.95083445,-0.07178903929094074,0.038802993246906656,0.9966647688931141
53.951133326,-0.07263764604319461,0.03889496516113005,0.9965996959975546
53.95142836,-0.07384275130864323,0.03649801092759438,0.996601797749482
53.951677674,-0.07128732426388894,0.03719120814269362,0.9967622241217721
53.951939165,-0.06723983212029463,0.03830905691377088,0.9970011139085112
53.961649129,-0.061153698921933446,0.0390440032214331,0.9973644223254658
53.97141274,-0.054626999910707616,0.040723055185807114,0.9976760614834302
53.983406088,-0.04743644708281029,0.04125271540211508,0.9980220423217675
53.99141723,-0.04181765102656179,0.04026917850339917,0.9983134163804884
54.00128262,-0.03623815915899999,0.04459701326497391,0.9983475858780902
54.011563815,-0.03274938257727394,0.045716972297098354,0.9984174659854432
54.021827586,-0.028613181889168674,0.044464811815385634,0.9986011047121868
54.031262825,-0.02647286366412278,0.04398119913549956,0.9986815516529904
54.041527783,-0.021673351591364236,0.04595293500278733,0.9987084627634969
54.066580587,-0.01564458957670073,0.04573989928786066,0.9988308707834941
54.066835916,-0.011853024634365508,0.04447824491255939,0.9989400340043018
54.071599085,-0.008910294497444668,0.04541455063847645,0.9989284885527463
54.081531633,-0.008032256791062736,0.046227704265800855,0.9988986346017078
54.091300061,-0.006461073954940533,0.04635131225225184,0.9989043049140608
54.101536216,-0.005355827249210755,0.04647207317798619,0.99890523150548
54.11144746,-0.0049902793316573615,0.04589986878021396,0.9989335809542851
54.122046475,-0.0056928008783332104,0.045767621774629556,0.99893589224497
54.131551027,-0.0016670652026100662,0.04409153253014962,0.9990261045902419
54.142532783,0.00034714019513514504,0.04530157857210299,0.998973296175909
54.151496207,0.0033099015032221762,0.04601352673907875,0.9989353331968346
54.161691452,0.0053867407868045695,0.04642911324382698,0.9989070629778767
54.171744199,0.009541178509392104,0.04463343202812396,0.9989578683097915
54.181669895,0.010897419499863715,0.04443374455389637,0.9989528960832753
54.191450735,0.014051129887990387,0.04691605312967854,0.9988000048596337
54.201528633,0.016619516035440037,0.04791085372764734,0.9987133431479904
54.211462811,0.015131809963821623,0.04861423034699536,0.9987030013647642
54.221805312,0.013736646034775719,0.049014564903510936,0.9987035981626556
54.231640536,0.017513567379185316,0.04969969953278967,0.9986106422545301
54.242237045,0.022906507103137606,0.047632601873109366,0.9986022367144647
54.251992933,0.02347207398093438,0.0474740235347229,0.9985966547272519
54.262055715,0.02313139034485418,0.04739267626385005,0.9986084683284355
54.271434549,0.02565338567432383,0.04714623501727808,0.9985585292446008
54.282323954,0.02631105764943712,0.04757203507636059,0.998521221469059
54.292463001,0.022203764091402803,0.04551604117412609,0.9987168181501744
54.301596834,0.02371832095303235,0.04875740190942896,0.9985289965795743
54.311384345,0.026860856294100535,0.05064235614527089,0.9983555710082473
54.321719495,0.032717465760397794,0.05116157255496731,0.998154327209936
54.331328832,0.035598918019629305,0.051091450844464883,0.9980593071989456
54.341809219,0.037175859390038854,0.05031789829383963,0.9980411136771384
54.351357138,0.0377275167692021,0.050077484789676434,0.998032504478471
54.372423646,0.03732499444234924,0.050978353362353776,0.9980020301975051
54.372703586,0.037802500637899555,0.05051891367658401,0.9980074199656331
54.381962878,0.03883908368243918,0.050874845884335725,0.9979495356153806
54.393354133,0.04249327727409326,0.049515544486641354,0.9978689955303244
54.402582392,0.04345453783716369,0.04924967041690107,0.9978407553839367
54.412507775,0.04512601696321387,0.04920046409371952,0.9977689897596529
54.421809753,0.043689912656968415,0.050263324850245775,0.9977799304992184
54.433951856,0.04387070567921412,0.047527515240153174,0.9979060559382857
54.44200388,0.04426717001069325,0.04985274292789736,0.997775085719126
54.453238675,0.04386034774497111,0.05177779253851923,0.9976950085549833
54.466217451,0.043339325098128205,0.05290841533243084,0.9976584598383605
54.471892262,0.04512904220575766,0.05331795804496128,0.9975572990558019
54.481466203,0.046294629161195984,0.05284976825890404,0.9975288012412512
54.491782053,0.04714405214287231,0.05336516675817692,0.9974615768662081
54.501861982,0.04715487655345334,0.0552153429236953,0.9973603579063324
54.511789865,0.04617190562510098,0.05297977521821565,0.9975275928758933
54.521397547,0.04761680672599673,0.05281642520189808,0.9974683277909687
54.531783921,0.049310644678499514,0.05369966639710967,0.9973388622480476
54.541419318,0.05053069299897369,0.053606426165635906,0.9972828085045845
54.551552853,0.052046428221023934,0.0534055806129042,0.9972156302770391
54.561291208,0.053133875848159935,0.053312596272002986,0.9971632555986462
54.571536413,0.05469554253734412,0.0536856443444714,0.997058799278089
54.611475471,0.050573984457564974,0.053787533695334525,0.9972708625619517
54.611846034,0.04853831532190489,0.05498311027641867,0.9973068181507848
54.612251165,0.047765400955547495,0.05534515310644449,0.9973241100560941
54.612557842,0.04760808593398203,0.05527136584227152,0.9973357239523873
54.621368819,0.04893528160570731,0.05401629553516543,0.9973402518853973
54.631787851,0.05171640408509748,0.05474324918338174,0.9971602630557203
54.641480917,0.05256900484631131,0.05602042127692301,0.9970447392817559
54.651722561,0.05188185174019705,0.056469652727988685,0.9970553905279227
54.661341931,0.05304617451683195,0.05607480664277943,0.997016408806347
54.671731228,0.054011087864253134,0.05594693496834792,0.9969717863888463
54.68155533,0.05193733170848473,0.056140510213122094,0.997071089084431
54.691742017,0.05205362356174452,0.058136819131048185,0.9969506158960011
54.701508597,0.05296800875326771,0.05854519221114315,0.9968785535448509
54.712626109,0.05230439665532432,0.05838154994512727,0.9969231889752226
54.721738883,0.053495997828827614,0.058333704280018946,0.9968627574351795
54.73168133,0.056698324529404515,0.05820029963326833,0.9966935462408473
54.741457585,0.05676815415150541,0.0578165328331906,0.9967119068243239
54.751484549,0.05691165847740386,0.056673884764910226,0.9967693484026307
54.761376763,0.05928306636639962,0.05676235686928836,0.9966260847905
54.771947633,0.059032773368952844,0.05733760244195393,0.99660801271843
54.781241283,0.058550674371922934,0.060022241340726236,0.9964783736113036
54.791539633,0.060690214536383374,0.06004591815561025,0.9963489276214321
54.802303408,0.06443182099572184,0.05927743619446379,0.9961599901629189
54.811853182,0.06292525695258744,0.05961363740463866,0.9962362301546954
54.821546141,0.0659258393743259,0.057724725461553786,0.996153421804683
54.831696261,0.06603829292735151,0.05643432600455044,0.9962199108207251
54.842599316,0.06540655695140928,0.057009970860803366,0.9962288118350184
54.852205809,0.06931852191437582,0.05726222289089051,0.9959497880662461
54.961432551,0.07082362116501591,0.057224879989819566,0.9958460361899448
54.961884013,0.0656858510655225,0.05822240885220545,0.996140311440735
54.962122182,0.06391981166635619,0.059080322732874654,0.9962046843607577
54.962365517,0.06489396428790571,0.05920139204629321,0.9961345132956599
54.962626172,0.06544428930310908,0.06017306438916424,0.9960402839843521
54.962887621,0.0691152305915142,0.0602111755067421,0.9957899875196469
54.963191176,0.06792816778362819,0.06016556822682371,0.995874424022177
54.96346918,0.06820540749248827,0.06011963264198732,0.9958582490293365
54.963717507,0.06871427713017443,0.060787967295976436,0.9957826927349668
54.963979805,0.06924042024566941,0.061269199384224204,0.995716751597069
54.964265107,0.07255534317247124,0.06147769474615459,0.9954678373638315
54.971696364,0.06906687092261125,0.062245352348358464,0.9956682597391504
54.981310511,0.06614656587127468,0.06204281087691263,0.995879170101438
54.991637609,0.06703829132476503,0.06309965669086738,0.9957531324689624
55.001464146,0.06916407768299154,0.062221837602979564,0.9956629817782571
55.011610403,0.07334944008852816,0.060748927562945684,0.9954543823996415
55.021680411,0.07450895012768285,0.06047391450005125,0.9953850119506075
55.031789045,0.07169094475875329,0.061264535652680106,0.9955436028175054
55.041341681,0.07047401238140119,0.06024733656683241,0.99569255898368
55.051472196,0.0698857177977327,0.05970755152547045,0.9957665362617529
55.061247356,0.0713671112998516,0.05921961111444142,0.9956906010825697
55.071635987,0.07154310290865573,0.05851873291981897,0.9957194094340336
55.08151775,0.07208372425132364,0.05786759995626499,0.9957184730501694
55.091185363,0.07456485213827374,0.05789301844553225,0.9955342692448426
55.101517352,0.07486292044654448,0.05831641849557462,0.995487186495167
55.111473573,0.07454068973703352,0.05832706708781757,0.995510742693649
55.121718178,0.07813690259470243,0.057241894941716394,0.9952979402753668
55.131425854,0.07895685983569546,0.057098640765199105,0.9952414578923314
55.142061119,0.07822210674932156,0.056898791961672614,0.99531092101363
55.151541975,0.07605524263404273,0.05803374497740041,0.9954133234550234
55.161703551,0.07594709011287272,0.05788487103667331,0.9954302492934677
55.171355301,0.07632378614203687,0.05763555603799932,0.9954159042074501
55.184264457,0.07648236976467233,0.056339634973484744,0.9954779217271645
55.192484786,0.07690925758450898,0.05617145996604559,0.995454535969917
55.2018665,0.07632062046547969,0.056146432897532135,0.9955012511115429
55.21212504,0.07623836842252558,0.05601263735109252,0.9955150906125163
55.221537448,0.07594735593727828,0.05621755348719773,0.995525783596814
55.23153271,0.07505518730780052,0.05534369272792997,0.995642402940648
55.241493378,0.07532060677806349,0.05575169952171067,0.995599595316825
55.251626048,0.07519077019973532,0.055640972862146316,0.9956156036421511
55.261774036,0.07526403091260767,0.054891690020219944,0.995651659978283
55.271349517,0.07538340661061173,0.05464359113526082,0.9956562760087548
55.281900508,0.07545663561458588,0.05455004410335291,0.9956558586329165
55.364187517,0.0765109372631866,0.053384649766061956,0.9956385667743408
55.364490048,0.07553807975950232,0.05359869574468392,0.9957013499642932
55.364839227,0.0760152249054925,0.05334685100928901,0.9956785621223146
55.365105188,0.07629644483456219,0.05296614105633479,0.9956773776717069
55.365407544,0.07638917342524566,0.0518707622343543,0.9957279338296354
55.365673037,0.0761926450144844,0.05181448812097625,0.9957459212401818
55.365933468,0.07625245339894136,0.05154586801993968,0.9957552846160111
55.366250223,0.07672377485990538,0.05105441597038035,0.9957443994224473
55.371978818,0.0769740825239938,0.050935234653557565,0.9957311848538121
55.38222667,0.077797807697,0.0503287539929815,0.99569800524007
55.392138328,0.07825004681345639,0.05023252853961422,0.9956674260264864
55.402102355,0.07780271321872585,0.05023484452500891,0.9957023642692394
55.412781345,0.07719879485825634,0.05000179783132987,0.9957610990021993
55.422005883,0.07708684307661474,0.04976437685360144,0.9957816655376088
55.43224897,0.07755507766002531,0.04960588061498136,0.9957532156802507
55.441583797,0.07783764482199636,0.04918162547796083,0.9957522125327719
55.451729836,0.07723732533328792,0.04924176326923891,0.9957959852929195
55.461720042,0.07775707645725347,0.04879065372384899,0.9957777408488405
55.471522495,0.0773406679759508,0.048322896852980426,0.9958329773193747
55.482936087,0.07739716668220377,0.04784501020143997,0.9958516624419479
55.491577604,0.07723622465589071,0.04753970796838171,0.9958787786508888
55.502274102,0.07857640036429701,0.04658255943450817,0.9958191675511775
55.511767337,0.07899473607654882,0.04636106654026707,0.9957964064915305
55.521795363,0.0788914631255117,0.04604982867074668,0.9958190349281898
55.531724238,0.07839484022719956,0.045970421480990516,0.9958619228460399
55.541495182,0.0787837103032828,0.045721405781667585,0.9958426984439845
55.552382525,0.08010011741601107,0.04552113156266867,0.9957468542612602
55.56160573,0.0802707878734634,0.045524630615939504,0.9957329504548174
55.57142139,0.08169903988223838,0.04587977142381739,0.9956004788349687
55.581372515,0.08156888198374053,0.045758880366704426,0.9956167145842363
55.593173441,0.08221804675087868,0.04531581313410897,0.9955835825627425
55.602978345,0.08270088962284113,0.04463222022365005,0.9955744712343213
55.611771939,0.08312303478085385,0.04400150178409111,0.9955673904510761
55.622133132,0.08261842476902184,0.043303785471387024,0.995639984157192
55.632026437,0.08534365573746769,0.04273041268223863,0.9954348659040281
55.642223383,0.08397703130788829,0.043157976517204,0.9955326450075128
55.652818876,0.0851352242138564,0.04301060315390225,0.9954406469571122
55.66158825,0.0843847270511902,0.04384682305395333,0.9954680677694143
55.671793158,0.08337933017354908,0.044064600809022,0.9955431674494843
55.683166244,0.08321617352404552,0.043440449762253586,0.9955842484634182
55.691309509,0.08435156242769291,0.0428601129734699,0.9955138495429928
55.701623776,0.08443160516050015,0.04242507514513702,0.995525698839036
55.713048946,0.08438415091965519,0.042180459263622606,0.9955401166853493
55.722027171,0.08554438992043356,0.041640594593279893,0.995463820656009
55.731376499,0.08578314217675834,0.04106921740647221,0.995467011959664
55.741515272,0.08596662409350808,0.041022092295394975,0.9954531267144996
55.753366528,0.08572954611018248,0.04025561855307996,0.995504861916129
55.763011761,0.08696548218011384,0.040658899478141594,0.9953812630356305
55.771555201,0.0844918903492135,0.041958190951604725,0.9955403711940993
55.781872785,0.08526446266871426,0.04289995205964278,0.9954343602262762
55.792683739,0.08469563618261314,0.04321341972900786,0.9954693614405955
55.801784325,0.08363024241033078,0.044761800804299375,0.995491016405043
55.811625207,0.08333440432973212,0.04540236518402607,0.9954868167337552
55.82254626,0.08365268375476942,0.04584952566480741,0.9954396262440715
55.831920847,0.08383342431248852,0.04556536754886557,0.9954374687785159
55.842273292,0.08460209140067954,0.04613151731594503,0.9953463564211003
55.865335804,0.0849155988514514,0.04676201652217236,0.995290236505151
55.865759586,0.0860943882385151,0.046923046781634475,0.9951813824597828
55.872682884,0.08703771587486708,0.04685541398347081,0.9951025103956493
55.881784704,0.08679469254226921,0.04676979435332528,0.9951277645019462
55.891963759,0.08769476648389314,0.0466447774650694,0.9950547184283736
55.902022191,0.0871894361488378,0.046730138860965456,0.995095119245433
55.912021305,0.08453974939701364,0.04717994851627537,0.995302508401286
55.921855139,0.08469679019283921,0.046917110769439004,0.9953015816565743
55.931467182,0.08349914282858767,0.046788990766962586,0.9954088021963139
55.941393485,0.08289733248839613,0.04686200235130383,0.9954556670198502
55.95147773,0.08333385263259892,0.04699015783322562,0.9954131775660883
55.962032102,0.08163883711008274,0.04730897517945093,0.995538528206108
56.145016573,0.08422298357081398,0.04739142966142789,0.9953193163166665
56.14558626,0.08606487427956651,0.04758026864364839,0.9951527297108926
56.145894558,0.08659349016756385,0.04778552080555355,0.9950970362039785
56.146150572,0.08751869263513483,0.04796891136589528,0.9950072673010021
56.146393357,0.08668543373680408,0.0482643690381005,0.9950659205596464
56.146649632,0.08554372544940599,0.04852317920658983,0.9951521351612134
56.146909112,0.08362270796539709,0.04836472353327746,0.9953231114718897
56.147153196,0.08336035530362082,0.04845342430185519,0.995340804366564
56.147401155,0.08204287749587358,0.04792429882417325,0.9954758800867094
56.147661733,0.08170194650588716,0.04856087380530216,0.9954730701894525
56.14792577,0.08188385156563596,0.047903792688199935,0.9954899605213822
56.148172785,0.0794383192410974,0.04830699275391637,0.9956686134890578
56.148419979,0.07995095286478741,0.047708418550997014,0.9956564427227774
56.148662778,0.07924075492514462,0.04841385871759338,0.9956791657170326
56.148940804,0.07767683162425963,0.048854783100603254,0.9957808594249087
56.149287854,0.0773079692341668,0.04906669552993039,0.9957991450501764
56.149542625,0.07846425793107435,0.0494730018221239,0.9956885970613675
56.149821601,0.0792349487560062,0.049048599290599855,0.9956485613926548
56.151443848,0.07801564982322998,0.04976667710062834,0.9957092126886349
56.161620249,0.08134192954799312,0.049324344919631634,0.9954650167111141
56.171475088,0.08054401689521014,0.04944379790119134,0.9955239686675004
56.246023993,0.08086394805664258,0.0490409223131508,0.9955179605830164
56.246460264,0.07999153705070104,0.04902386043362927,0.9955892803302225
56.246731231,0.08011090542949173,0.04796628868149153,0.9956311957654757
56.24700831,0.0803959387675659,0.04721354513380876,0.9956442005985771
56.247287345,0.0818670465640473,0.04594104591457677,0.9955838523133825
56.247597904,0.08182119074555891,0.0454141099085673,0.9956117975226044
56.24787309,0.08387221374672539,0.04420386625368748,0.9954955901305891
56.251490599,0.08060280515474487,0.04385752094413523,0.995780952648634
56.261772043,0.08137544557657497,0.04308048893628991,0.9957520315471238
56.27211782,0.08148913761236769,0.04310999653391249,0.9957414567296266
56.281523958,0.08131313278746602,0.04263340342455155,0.9957763641243587
56.291759938,0.08123746971151377,0.042712542881814974,0.9957791483031968
56.301789443,0.08084065987636678,0.04272441149896083,0.9958109320412288
56.311543015,0.07975166937797264,0.042514221829498024,0.9959077327612528
56.321872771,0.07823977769761507,0.04239137823517384,0.9960328851183331
56.332044463,0.07646309212439091,0.04287481313815945,0.9961501623455898
56.342312491,0.07637150716779179,0.04281253538537872,0.996159866540906
56.351408403,0.07404844183926709,0.042529289359498845,0.9963473730621027
56.361566795,0.07301092419613607,0.04222481562347686,0.9964368870598828
56.371592027,0.07181020901551095,0.04090746319691726,0.9965790853394132
56.381743265,0.0698152319675336,0.03938626651125796,0.9967821002584385
56.391614317,0.06868231267796669,0.03809533208050755,0.9969109717516816
56.402538853,0.06977501707234285,0.03737667826242585,0.9968622928542444
56.412752199,0.07044392329207144,0.03614944051500266,0.9968605076045861
56.422085152,0.07189639778518947,0.034786265679506025,0.9968053088269488
56.432146376,0.06832594075995657,0.03497874601581748,0.9970496743625304
56.442406106,0.06740593195870125,0.03434380685555876,0.9971343657037638
56.45160658,0.06697559354778863,0.033854509895494996,0.9971800950824566
56.46165548,0.06395867897670277,0.033738088248235286,0.9973820876599446
56.471739552,0.0626650855217483,0.03218741336137098,0.99751544222516
56.48147978,0.06091180185506194,0.02917722742198561,0.9977166139714903
56.491744896,0.05870413676522741,0.02658567842688425,0.9979213526271655
56.501607734,0.05830379564088044,0.024760033860764228,0.9979917876100385
56.511697831,0.0596750399360075,0.02328035981215918,0.9979463484855547
56.521471748,0.057427325177388286,0.021440861751811237,0.9981194276088962
56.531695144,0.056141577752588115,0.01968953273858603,0.9982286539405621
56.543681323,0.05074624120917875,0.019163340807066,0.9985277088655338
56.551367633,0.048549738643463444,0.016832400855350184,0.9986789239585945
56.562128812,0.04784942661852022,0.01562987655027998,0.998732266091019
56.571356492,0.04999334168700483,0.015327409328273426,0.9986319323505783
56.581513661,0.04747468039605743,0.015229598698065968,0.9987563336694233
56.591635447,0.04410770125007059,0.014255119241468535,0.9989250733993248
56.601444788,0.04033532252137659,0.012667063160653426,0.9991059039300992
56.611858652,0.041298163397856046,0.008421977745786641,0.9991113711648034
56.62129464,0.0418169641070184,0.006580291823298025,0.9991036188866462
56.632298149,0.042194079737662746,0.005265580840401851,0.9990955576387602
56.641559665,0.04184842906805533,0.005460642099135445,0.9991090482887248
56.65184928,0.038618007849938095,0.004437338975836818,0.9992441941249975
56.661371151,0.037410237801049386,0.002479152147361603,0.9992969167931517
56.671613627,0.03324394104187675,0.0011328856197043678,0.9994466253653455
56.681753247,0.03199240878137361,-0.0008696785232954783,0.9994877335113382
56.691596346,0.03327069260201706,-0.0031115729352212216,0.9994415336214776
56.701349402,0.03164144940162014,-0.004586805567885235,0.9994887592636784
56.711897799,0.03000174800290035,-0.005996917022530796,0.9995318564723165
56.721532211,0.03264531336424115,-0.008352911607368929,0.9994320949334327
56.731727797,0.030408833118983562,-0.011711708698658802,0.9994689283553039
56.741544243,0.030457757000984513,-0.012641163121997326,0.99945611511131
56.751679693,0.028820134134995852,-0.012808262439230722,0.9995025504128185
56.761756384,0.02670888130600363,-0.013458452009425673,0.9995526528046894
56.771715378,0.02564037837011203,-0.013007393453147468,0.9995866039081319
56.783065938,0.024778521665732123,-0.014363453196523684,0.9995897738954377
56.79182231,0.02485326475729134,-0.01610882699658222,0.9995613142392508
56.802686706,0.02281930117300057,-0.019540721167701964,0.9995486179822481
56.812059551,0.021703707838547033,-0.019978084253552682,0.9995648179160855
56.82207319,0.02181938155482965,-0.018993259698362356,0.9995814977652375
56.832296867,0.02213731832055612,-0.01872382427266023,0.9995795903989743
56.841674186,0.020035987668652736,-0.018422972407887445,0.9996295080107429
56.870151232,0.018754583546117615,-0.01890703208027286,0.9996453319722587
56.870612938,0.019853761093421456,-0.020443436815843433,0.9995938645578023
56.871656958,0.01969174388172698,-0.022230481091675247,0.9995589231922895
56.881554949,0.018728231497840208,-0.02375040345614801,0.9995424811785807
56.892337722,0.017469557303873156,-0.024041465311881238,0.9995583137132442
56.901352936,0.015961533767970645,-0.025302273468862907,0.9995524120310454
56.912121371,0.01508455720636973,-0.024854132735108586,0.9995772747616232
56.921476769,0.015329273902471238,-0.026414792144265536,0.9995335272603908
56.931807385,0.013282452901043339,-0.02733282329863583,0.9995381399503759
56.941444898,0.015790937034541125,-0.02874393844087084,0.9994620714716885
56.952763674,0.015066870168337002,-0.029769591771558794,0.9994432254155737
56.96215409,0.014455519382756835,-0.028731982579673923,0.99948262172807
56.971707384,0.014939404715284547,-0.029149996577234407,0.9994634019744296
56.981531936,0.014629399946471833,-0.029832112120462446,0.9994478604427738
56.991857475,0.01306323199747753,-0.030735516813734078,0.9994421844088696
57.002053742,0.013870973568512657,-0.030317062565053503,0.9994440813820892
57.012118692,0.012168871465397855,-0.030190882272422233,0.9994700741867519
57.022175355,0.013401307189721972,-0.029624423567766445,0.9994712594636648
57.031712299,0.014451642795318203,-0.029518238696854403,0.9994597658759218
57.041730013,0.01609415002884386,-0.02968949357906432,0.9994295934711297
57.051988535,0.017225587107232824,-0.029785254347863947,0.9994078835851978
57.061815738,0.017533107675005787,-0.030017898645005495,0.9993955752834784
57.07184319,0.018110513204647623,-0.03037536418836682,0.9993744776418341
57.082310968,0.016956044129599637,-0.030814818348606172,0.9993812783605753
57.091562365,0.01773166598751553,-0.030459745813396652,0.9993787029481319
57.101978538,0.01728957273313704,-0.02958098901416676,0.999412845506625
57.111470203,0.0161919147233048,-0.02940215684547607,0.9994365087740328
57.121799841,0.016940272592679904,-0.029492403139935106,0.9994214452979869
57.131568772,0.01729532240760232,-0.029538963121177233,0.9994139890358464
57.14231305,0.017648865333604064,-0.029783713317965508,0.9994005443131545
57.151422452,0.017414266360718432,-0.029809154415837622,0.9994039011531478
57.161479513,0.016805040270052855,-0.02987398636970433,0.9994123951402167
57.17134748,0.01512918662501598,-0.029408896136535558,0.9994529626451142
57.181623339,0.01611075647691001,-0.03077916132098472,0.9993963611871511
57.191495492,0.016483129035190544,-0.030410578409821375,0.999401572531277
57.201406734,0.017186133271097057,-0.030989311320869593,0.9993719524816805
57.211388826,0.017080614800106184,-0.03077092957908913,0.9993805093611189
57.221729719,0.017790366546443382,-0.030754876992562644,0.9993686208798612
57.231519434,0.018777312631783623,-0.03132039322937737,0.9993330003048461
57.241730507,0.01875034819714321,-0.03035956926703441,0.9993631577141545
57.251554666,0.018110657234634196,-0.03092443520068059,0.999357635384875
57.261832185,0.019783166445414058,-0.028533430471443452,0.9993970530629577
57.272032476,0.018163438324175763,-0.028024288950956856,0.9994422088030089
57.281538684,0.01694998289069606,-0.02845931022113289,0.9994512322978758
57.292250655,0.01635971537873931,-0.02829348386791043,0.9994657765443213
57.301767036,0.01702848146187787,-0.028020821199269737,0.9994622876319151
57.311486043,0.017577126709734405,-0.02882888656487129,0.9994298073982284
57.32180208,0.016883981917827376,-0.029456805564049657,0.9994234476739879
57.331284899,0.01765667033851213,-0.030047155411936262,0.9993925207065582
57.341649561,0.017902509566702248,-0.02997526006121278,0.9993903061044154
57.351591187,0.01572105111883627,-0.029676627047250135,0.999435914082948
57.362322516,0.01587610921581482,-0.030046365761418604,0.9994224157285541
57.37256879,0.01528556430363821,-0.030419481495656247,0.9994203353291621
57.381964058,0.017014255718702936,-0.030804962330008442,0.9993805928664943
57.391880217,0.017836768479207208,-0.03130704894344283,0.9993506483595596
57.402311892,0.018738833471801216,-0.03147029327773493,0.9993290132689682
57.412518169,0.01762234874434906,-0.031102247942506205,0.999360847240703
57.422092265,0.014890617422044306,-0.02997667177641952,0.9994396773502637
57.43318174,0.010908640420981204,-0.030712415882462703,0.9994687334153223
57.442051832,0.010192147705254553,-0.03125719701425325,0.9994594077599982
57.452012607,0.010646675100075983,-0.03124822808392953,0.9994549497355688
57.465363719,0.012388813128524138,-0.03165242323614426,0.9994221537531307
57.471666629,0.010695958816173023,-0.03261969149711154,0.9994106024010532
57.481533824,0.00879899751123135,-0.03396305250500064,0.9993843548441911
57.491495853,0.005825515418297952,-0.03507143134399835,0.9993678292168476
57.501423789,0.0043518093335868134,-0.03615916690141196,0.9993365681313378
57.511849868,0.002582688680058998,-0.03688482061780802,0.9993161860628367
57.521411409,0.0017118144579785603,-0.0365626265631259,0.9993298974963508
57.53133928,0.0038031540541110134,-0.03669693410013332,0.9993192037817001
57.566572742,0.0019208398050679996,-0.03651319269885262,0.9993313250035645
57.566978969,-0.00133458738211474,-0.03713612603740377,0.9993093249937446
57.567258028,-0.002484080280964564,-0.03843378418803675,0.9992580615527429
57.571517407,-0.001419000867115301,-0.03849863215648305,0.9992576453340846
57.58175208,-0.0002101708292276916,-0.03947135680055509,0.9992206802406293
57.591601222,0.00045270626361029406,-0.039173668590042905,0.9992323147027605
57.601676407,0.0012354518576291077,-0.039636212334092175,0.9992134128055499
57.611541635,8.868062073785758e-05,-0.03928021613353249,0.9992282305640942
57.621677266,-0.00016937190253578239,-0.04042073545007575,0.9991827337673694
57.631725068,-0.001987165834168475,-0.041477480197421604,0.9991374629191021
57.641818902,-0.0016347217974300575,-0.04293914427003289,0.9990763522243946
57.651661131,-0.0032238428238049593,-0.04215131598119417,0.9991060371144301
57.661527718,-0.001960548158191178,-0.03954556959783257,0.9992158446382357
57.671784983,-0.0037541423927995926,-0.03932526136732344,0.9992194104566255
57.681555198,-0.002342590282046063,-0.03913282332125367,0.999231271733265
57.691866182,-0.0011671737442085764,-0.039048165736241806,0.9992366478758101
57.701686468,-0.0012023716092208119,-0.03895292115492426,0.999240323563862
57.712295064,-0.0002516188527730833,-0.039520346720283143,0.9992187342534474
57.721771541,0.0002955594457043933,-0.03921503194572768,0.9992307510851084
57.732142364,-0.0007062563663371812,-0.03940374064486562,0.9992231214424221
57.767383815,-0.002168297047268696,-0.04106458861511474,0.9991541412864114
57.767804667,-0.003931284676071697,-0.04158561626367125,0.9991272098790857
57.76808437,-0.005226802868096738,-0.04038055436445863,0.9991707018127568
57.77203407,-0.006367209285556438,-0.043468110968709686,0.9990345249162945
57.781860037,-0.007590720361565392,-0.04278041042658247,0.9990556628377248
57.792348184,-0.007478446280150987,-0.04168517635353195,0.9991028069791468
57.801475352,-0.00663412854102371,-0.042085361410853526,0.999091993108452
57.811376198,-0.005608821421065986,-0.042034196009580437,0.9991004291301726
57.821470634,-0.004828559998900724,-0.04331037148043596,0.9990499971125387
57.831519615,-0.006032192966384182,-0.04487136867419572,0.998974560697779
57.842082298,-0.007175408468221811,-0.04239866726491582,0.9990750054562837
57.852055061,-0.008110766216864615,-0.04227790058214561,0.9990729676023377
57.862106045,-0.008503913533052207,-0.04306978669732628,0.9990358736944681
57.872039655,-0.009095742400373417,-0.04413960323389384,0.9989839652849991
57.882302294,-0.00876316797345092,-0.04383471460678304,0.9990003627038436
57.894738573,-0.009131687076840922,-0.04471583702935575,0.9989580102336106
57.902114266,-0.008344727373241009,-0.045027030209057295,0.9989509157489265
57.912399567,-0.008567364940387352,-0.04502200826485891,0.9989492574849722
57.922155379,-0.007719694781964584,-0.045194592618499674,0.9989483745972668
57.932091824,-0.012884991142442452,-0.044802246911399134,0.9989127768103425
57.941511479,-0.013089368344535555,-0.04516642330314503,0.9988937193927802
57.951840985,-0.013864438131469451,-0.047374016670677,0.9987809969656938
57.965368545,-0.014791124504379864,-0.048644085153422514,0.9987066514324826
57.971936276,-0.0157817914774477,-0.04981035357487136,0.9986339988877351
58.081847811,-0.016968485575289523,-0.04983584499992215,0.9986132680124098
58.082142365,-0.018185736100277107,-0.050781519423967025,0.998544198464687
58.082550033,-0.022216283957215772,-0.05158935723871966,0.9984212412337933
58.082853915,-0.023601445788919755,-0.05155027049519534,0.9983914770111697
58.083118677,-0.0259561119917005,-0.05275577879005581,0.9982700576770442
58.083385375,-0.027532618148096853,-0.0533128691139922,0.9981982232626672
58.083645254,-0.026830954686298206,-0.05422300260684839,0.9981683053768636
58.083905691,-0.025593018594769913,-0.05649391120609473,0.9980748646248164
58.084165038,-0.02649091359029737,-0.05442213471674821,0.9981665506066728
58.08442394,-0.025540493107700978,-0.053163713718988787,0.9982591360741063
58.084683495,-0.02675579302522558,-0.0529819514773419,0.9982369660342397
58.146001534,-0.025648928328779862,-0.05312817415056798,0.9982582479433927
58.146395945,-0.02745008788239346,-0.05341261352152644,0.998195163979494
58.146717614,-0.02742938183365455,-0.054402825539981055,0.9981422551848459
58.14699516,-0.02779964247174026,-0.057580077033819,0.9979537637622412
58.147229842,-0.028212928245583743,-0.05811745277024971,0.9979110142509238
58.147469854,-0.028403604140705172,-0.058082483832777095,0.9979076411891199
58.15336489,-0.028274885784302244,-0.058271538116056995,0.9979002749170248
58.161820104,-0.029383562990222545,-0.06122923975904048,0.9976911277667702
58.171786579,-0.029131928512859718,-0.059797925321496234,0.9977853170238407
58.181561358,-0.029724837081252786,-0.06288817752253015,0.9975778221213559
58.191851888,-0.029458736736961286,-0.06346842616299593,0.997548967073925
58.201787375,-0.0297258477443881,-0.06207807187485866,0.9976285315527906
58.212199048,-0.031789791257272625,-0.05998166069017922,0.9976931439839943
58.221760716,-0.03010626051145185,-0.061571883331863204,0.997648493338703
58.231511131,-0.03176776664099603,-0.058862195229416145,0.9977605178475532
58.242081035,-0.03160079168154722,-0.05821981009004341,0.9978035095539496
58.251970972,-0.03141549899099777,-0.05852440644321733,0.9977915414923179
58.261560152,-0.03156839588860755,-0.05700126330952606,0.9978748881308409
58.27235033,-0.03188459982098464,-0.058842339681429934,0.9977579623110362
58.282299144,-0.032102152769067395,-0.058526379770701596,0.9977695699200928
58.37720899,-0.03219209796426168,-0.06080070048795335,0.9976306649501276
58.378383006,-0.0333711182634879,-0.0622388206725674,0.9975032319081139
58.378629975,-0.03367529369291647,-0.06237544321323766,0.9974844754073359
58.378874887,-0.03548767121504666,-0.06001377992012763,0.9975665248049532
58.379177275,-0.03627855938140237,-0.06109772315747126,0.9974722724738684
58.37944056,-0.036803991069395615,-0.06252095050332052,0.9973648264248771
58.379761803,-0.03916422244276369,-0.06293951436240021,0.9972486055203482
58.380020653,-0.03911056056943324,-0.06267147545157001,0.9972675920818183
58.380280106,-0.03969351835313904,-0.06387831734242132,0.9971679824253534
58.382094743,-0.03982330667129508,-0.06682312020829889,0.9969697963586417
58.39236466,-0.03967091636578265,-0.06631150795453888,0.9970100311970257
58.401912393,-0.03956102370951673,-0.06557236274274139,0.9970632831708274
58.412112339,-0.039590609272858186,-0.06454031934002616,0.9971294453765226
58.422768022,-0.039505711585881946,-0.06508610572761425,0.9970973360677015
58.432135131,-0.04012255314041983,-0.06863119240815548,0.9968349613442183
58.441651551,-0.04209843688727497,-0.06650980124271183,0.9968972705100075
58.451546388,-0.04041523780081517,-0.06444260080649618,0.9971026826534959
58.465389724,-0.03945592157267041,-0.0640965509974995,0.9971634080746627
58.471453136,-0.03776676697515168,-0.06372623713898364,0.9972525447510027
58.481676835,-0.03941887488481235,-0.0670385495414467,0.9969714063994988
58.49141123,-0.03826382685101127,-0.06728469338363166,0.9969998242682827
58.50146861,-0.038351392234727194,-0.06719650580862657,0.9970024073796259
58.511475679,-0.037413224617862055,-0.06558396610797775,0.997145422700842
58.521719864,-0.03621176740153684,-0.06501645418169606,0.9972269393609944
58.531593212,-0.03542254896014764,-0.06107630813593364,0.9975043496695393
58.541630903,-0.03611626708794006,-0.05906354908208061,0.9976006778373104
58.55170066,-0.03852461124731374,-0.058956855248896156,0.9975168888532184
58.562796725,-0.036444331674388056,-0.058425620293173344,0.9976263115927553
58.571719391,-0.03662818694449968,-0.062170955721636945,0.9973931763280803
58.581622702,-0.03539928321605428,-0.06419867330070562,0.9973090900489272
58.59155456,-0.034528272276561356,-0.06564082057229069,0.9972457475909297
58.601806764,-0.03353938843561365,-0.061976965146323275,0.9975138922414146
58.611529233,-0.03609320476851903,-0.059639319962176245,0.997567256922553
58.621633043,-0.03765310008459018,-0.060104086720252574,0.9974817004905626
58.631444824,-0.03721564989414822,-0.06369401608790838,0.9972753219234644
58.692145262,-0.03696766969236408,-0.059034113327248026,0.9975712329759624
58.692591374,-0.036602476765349716,-0.05886156259904659,0.9975948953072288
58.693027103,-0.037400165973634394,-0.05793688372804654,0.9976194390091984
58.693360111,-0.035584784475923545,-0.06157065753823673,0.9974681835748505
58.693691604,-0.034406682302805025,-0.06238990262185098,0.9974586108023479
58.694039786,-0.03752876516534641,-0.05889121490541913,0.9975587283925333
58.701531397,-0.03832546924814481,-0.05780213795289945,0.9975921367247155
58.711870648,-0.03664470354253095,-0.06090768882331741,0.9974705104134569
58.721380321,-0.0368821006369967,-0.05757739711815809,0.9976595381159348
58.731621297,-0.038462041962374224,-0.05782347590159431,0.9975856439237396
58.741497634,-0.0421438927770067,-0.060954838827632626,0.9972504198670952
58.751832124,-0.04281280162701739,-0.06016845617162734,0.9972696831342908
58.761579301,-0.04696801169335557,-0.06276548248446254,0.9969225145847923
58.771736344,-0.048066391801387595,-0.06396752294778203,0.996793748970729
58.781333065,-0.05332312130336064,-0.06538454861689358,0.9964343960023823
58.82345507,-0.05789162189072374,-0.06706475669629751,0.9960677078010952
58.824109037,-0.05859098048292109,-0.06709260678031892,0.9960249390057819
58.824360811,-0.06629423435799461,-0.06905705709817733,0.9954075533950033
58.824678319,-0.0690517359905512,-0.0709102100210719,0.9950897446318392
58.832870254,-0.07332913334400133,-0.0732677629040834,0.9946128257377584
58.842602392,-0.0814581821043431,-0.07764189127801846,0.9936479765425118
58.852238503,-0.08318726447880372,-0.08751996111477225,0.9926833006729803
58.861950208,-0.0878009306778781,-0.08748212549139636,0.9922892089968559
58.872152794,-0.08988286798003658,-0.08603734229342554,0.9922291296745764
58.881884585,-0.09082036235441496,-0.08961212763413197,0.9918272674022918
58.89215262,-0.0963017868799875,-0.09228424876093762,0.9910648733934379
58.901744469,-0.09928675275786882,-0.09357289750545247,0.9906494100231584
58.912396728,-0.09944561911306654,-0.09356589125070455,0.9906341367193442
58.921737864,-0.10189382454570181,-0.09898932219997726,0.9898579507231525
58.931999621,-0.1036755117507608,-0.09848473410740183,0.9897232670858115
58.941559291,-0.10487092413797038,-0.10308273165239049,0.9891289297687788
58.951708082,-0.10516165288181707,-0.10076966560360631,0.9893363943863086
58.961799298,-0.1048656301881501,-0.09884123325680497,0.9895623326569761
59.007272791,-0.10402802461166666,-0.09731268378570396,0.9898022083577194
59.008089905,-0.10478218754707432,-0.09661919471436062,0.989790596230131
59.008376958,-0.10328669735978425,-0.09539519693929752,0.9900664697632281
59.008649822,-0.1022181866872875,-0.09664987798028496,0.9900556769175959
59.01141383,-0.10138371792789609,-0.09317383208320225,0.9904746229732734
59.022171896,-0.09985829917773331,-0.09222248672495216,0.9907185942676136
59.031606403,-0.09796634439409291,-0.09323574351209105,0.9908126419751646
59.041627748,-0.09447485166125777,-0.08670691439487616,0.991744126980192
59.142410765,-0.09176781694242872,-0.08595338643047913,0.9920638503315973
59.142751099,-0.09170938077472877,-0.08495983061010919,0.9921548350235548
59.143378166,-0.09035987267670535,-0.08523935648510218,0.9922546777495459
59.143849335,-0.08899439260367693,-0.08313285381811378,0.9925567624580264
59.144103029,-0.08644099059884137,-0.08292025554117477,0.9928001744385813
59.144390359,-0.0841779736190155,-0.08112664979008581,0.9931427568336957
59.144657928,-0.08278972006973098,-0.0802251933648428,0.9933326636129256
59.144967077,-0.08044415225486004,-0.07864694271876572,0.9936515469564712
59.145251762,-0.07945445455571122,-0.07821497160115479,0.9937652679927415
59.145535774,-0.07802230320634099,-0.07739651745179049,0.9939428048377394
59.151725571,-0.07676021393764262,-0.07631848038731281,0.9941244183237925
59.161776835,-0.07649794419282355,-0.0778547979384126,0.994025500161963
59.171562043,-0.07567434110028039,-0.07618375596164556,0.9942179989452086
59.181541631,-0.07475296211646029,-0.0722204446772103,0.9945834314050488
59.192251813,-0.07315477562147464,-0.07364994439371975,0.9945974384114278
59.2015364,-0.0718388519120251,-0.07235343274390982,0.9947885001979742
59.211569432,-0.07014639382038991,-0.07076852444023649,0.9950232657493727
59.22146036,-0.06832084760419203,-0.06932871464170244,0.9952516220076078
59.231685729,-0.06662801598741681,-0.0681488929177674,0.9954478569365967
59.241731516,-0.06383830242263835,-0.06701743002564815,0.9957074546354233
59.251371387,-0.06482963079800945,-0.06812106004777777,0.9955685009825095
59.261375664,-0.06368167618885076,-0.06701689377867352,0.99571752021647
59.271520039,-0.06173810738664253,-0.06575811194994932,0.9959238308269831
59.281472585,-0.0598153953410125,-0.0641770484533734,0.9961442791744637
59.291605862,-0.05895868738490533,-0.06291854976364494,0.9962756291697037
59.301493584,-0.0584040776695147,-0.058941426874418015,0.9965514898436413
59.311901789,-0.05767746578750694,-0.058115899824619385,0.9966422889522127
59.321666865,-0.05586554690409898,-0.05890193048278665,0.996699354496885
59.331826381,-0.05349977720368489,-0.05755797120831696,0.996907645566799
59.341593773,-0.052397594493334,-0.05629168200670255,0.997038484025651
59.352057439,-0.049601099402072336,-0.05623399138159157,0.9971847718208502
59.361586007,-0.048614836139308074,-0.058126405137440454,0.9971248260538629
59.371716183,-0.04459901485593854,-0.05596701075318731,0.9974360238036486
59.382035174,-0.04337261902043525,-0.05610270505786172,0.9974824822544498
59.391796637,-0.04226317280847457,-0.052836876577904396,0.9977084186763447
59.401833246,-0.04090049151977748,-0.050577093327578475,0.997882311409504
59.411998796,-0.039069433592668484,-0.04878060025031352,0.9980451053925204
59.421502731,-0.034720947032726025,-0.04864430336302832,0.9982124962088366
59.431805266,-0.032231842353153684,-0.050394974640158505,0.9982091238160163
59.442704686,-0.031172439762842768,-0.05148283152190335,0.9981872555075623
59.451963561,-0.029753810534400987,-0.04996236381774214,0.9983078047177767
59.461742225,-0.028445709956856805,-0.04452153556858105,0.9986033619288821
59.471453079,-0.02721360334213351,-0.04750026375607385,0.9985004480400801
59.481760778,-0.026388953758126305,-0.04751135353840752,0.9985220550416
59.49145793,-0.028259570621410254,-0.04319121254425721,0.9986670695618488
59.501544988,-0.026060733996373528,-0.04002951102204399,0.9988585867833876
59.514406546,-0.024237082575822678,-0.04208478596042378,0.9988200211343774
59.522196375,-0.020305465144118358,-0.0423357680816954,0.9988970771937487
59.53180114,-0.02156986083004056,-0.03625611721089072,0.9991097212361428
59.541846906,-0.019792934119634047,-0.035708248208664695,0.9991662328005306
59.551497514,-0.02066738002219145,-0.03472372184687329,0.9991832277135758
59.561665947,-0.021434750520356895,-0.03681876180122296,0.9990920529408465
59.571392949,-0.017905969575536584,-0.03479770211240356,0.9992339546779105
59.581846023,-0.016713653043621532,-0.03233140963931715,0.9993374473883545
59.591774587,-0.015557510663775554,-0.030340234953369728,0.9994185479592227
59.601975701,-0.012601832048283182,-0.029292585197934127,0.999491439823998
59.611520032,-0.01305682324981813,-0.027258221518434718,0.9995431500071795
59.621637152,-0.010262863800681503,-0.028008322559579104,0.9995550047366114
59.631562822,-0.00873196462891925,-0.024615747245815313,0.9996588506992021
59.641860401,-0.006694323380328606,-0.021222219415534455,0.9997523710587332
59.651852378,-0.0048203695644786345,-0.023190816535318588,0.9997194356746734
59.662050252,-0.0015853878486980226,-0.023253706896116215,0.9997283389306112
59.671497203,0.003136312814617574,-0.022311407619077045,0.9997461500961052
59.681531803,0.007806086193790266,-0.017206219041137418,0.9998214895893385
59.692836158,0.013964650639177038,-0.015282124151819534,0.999785699644646
59.701396441,0.01843708783875939,-0.010918960418460024,0.999770398689322
59.711666363,0.02203292092943845,-0.010981405607410505,0.9996969336384917
59.721595814,0.02782725323046394,-0.006373502669481187,0.9995924281632839
59.73183152,0.03280866694098881,-0.002453727164774006,0.9994586387622832
59.741588774,0.0369158115220898,-0.0009741895604744111,0.9993179042798972
59.751705194,0.041579513590597666,0.0019382874180523002,0.9991333179768627
59.761358328,0.04398219889941342,0.005148460283586828,0.9990190486355507
59.771601028,0.046992700857017206,0.006226987763005865,0.9988758234583329
59.781411023,0.04798456236438214,0.008167576844858226,0.9988146837442781
59.808566286,0.05075553060073031,0.012113280165447302,0.9986376442719711
59.808936139,0.05345062454011846,0.016261871548614068,0.9984380713244101
59.812000502,0.055262167579722514,0.019237207888145143,0.9982865433667124
59.821543874,0.057046698967536155,0.022789231371801073,0.9981113790907254
59.831676641,0.05984117928564861,0.026863123543556213,0.9978463838964325
59.84143523,0.06363248903010645,0.03037839570023678,0.9975109319774462
59.851675436,0.06647972803592372,0.03345060453117894,0.9972269063842835
59.861568178,0.06720557183404313,0.037637437781784036,0.9970290037865909
59.871809182,0.07086712162059779,0.041521137675214856,0.9966212150056647
59.882009251,0.07373779849423402,0.045258581987501496,0.9962501682959478
59.895370309,0.0773286231393577,0.04754177543654795,0.9958715095993619
59.90176449,0.07983417606414034,0.04901487925601928,0.995602353323694
59.911817173,0.08043671603130195,0.05117325555606347,0.995445243411155
59.922848795,0.08101779548592583,0.052652577018341265,0.99532096478871
59.932216023,0.08349052113446166,0.05308924344846172,0.9950933951699036
59.942292602,0.08490098273155579,0.05496009180173513,0.9948724598863721
59.952009641,0.08430082925625618,0.05694471060046198,0.994811876749236
59.962149707,0.08606773593392322,0.05837447444093973,0.9945776820163182
59.971858061,0.08686581437076907,0.06111431364514989,0.9943436885510892
59.981828788,0.08932491336579154,0.06269548197889721,0.9940273318131789
59.991525697,0.0921659399897697,0.06348535199105512,0.9937177917237742
60.002023831,0.0946135942008515,0.06416937984429565,0.9934437872787745
60.015638544,0.09605400699145993,0.06447046134318098,0.9932860551498153
60.021661892,0.09673498851992685,0.06444889450948717,0.9932213660572122
60.031432411,0.09659846380755777,0.06444242535402601,0.9932350731848483
60.041610573,0.09748235971797165,0.06468552784629629,0.993132907536077
60.051679909,0.09878513931786058,0.06364766586178008,0.993071231523851
60.061878531,0.09931645110131757,0.06436941317409668,0.9929717121792856
60.071656699,0.10030933582784325,0.06712141051994931,0.9926896561340757
60.08213534,0.10082135848454059,0.06885158653878412,0.9925192757344434
60.091817459,0.1012881410277486,0.07001580090659067,0.9923902962597688
60.101576036,0.10231570062840206,0.07174892808760576,0.9921610699494305
60.111792933,0.10000982046424266,0.07335507896714116,0.9922787250568433
60.121532341,0.10014660382413963,0.07463021027732056,0.9921698390177227
60.131576663,0.10064593196336391,0.07450697473311652,0.9921285738730362
60.141446892,0.10218401802317885,0.07336798741996296,0.9920562307059932
60.151693279,0.10373194080384295,0.07340192529065934,0.9918930596695859
60.161981881,0.10503604899409962,0.0743789333313663,0.9916830152262353
60.171596988,0.10643602267990022,0.07686372888168506,0.9913442087683202
60.181518758,0.1069374091715612,0.07970080376771266,0.9910661796259899
60.191873107,0.10783795139332546,0.08188801575389869,0.99079025485477
60.201778057,0.107170675995939,0.0855143997366426,0.990556274849771
60.211713486,0.10772783766274259,0.09057059210333142,0.9900463023710366
60.221409235,0.10697281452118353,0.0955925410737584,0.9896559417517171
60.231619781,0.10882818148836806,0.09758088778704688,0.9892595196674261
60.241517586,0.11013076354199491,0.09844050835020104,0.9890301720561467
60.251635572,0.10936734646284993,0.09758456722404286,0.9891996945851587
60.261605965,0.10886380576720923,0.09771429735193968,0.9892424313012944
60.271467156,0.10949052162892414,0.09613516760118049,0.9893279816237481
60.281719999,0.11048175540841125,0.09600011531139044,0.9892308929577946
60.291478637,0.11107926658783847,0.09580826202001536,0.9891825784267594
60.301641308,0.11396935849290936,0.0941064698763581,0.9890171675214362
60.311602821,0.11431376933925132,0.09394813191681795,0.9889924724934931
60.321650542,0.11444930442590204,0.09172262904586838,0.989185683295781
60.332142163,0.11485928077452998,0.08998701789796859,0.989297570112142
60.341820409,0.11575743187785038,0.0894142648509516,0.9892448161128816
60.35153267,0.11641960916153395,0.088844075036757,0.9892184819005047
60.36203553,0.11727303882627071,0.08858744634274873,0.9891406870182435
60.371917369,0.11741563963491668,0.08778036050603763,0.9891957217247522
60.382277319,0.11830196398909021,0.08814234857970044,0.9890579213085443
60.392276851,0.11917564024319083,0.08802798122759549,0.988963215338983
60.401888282,0.11974836452968605,0.08786911600180371,0.9889081593583536
60.41209851,0.12054705156602849,0.08561559378636081,0.9890087858352655
60.462091042,0.12144524045025751,0.08712326031243055,0.9887672077311788
60.462391487,0.12148968305178635,0.08654760502392354,0.9888123021972368
60.462641702,0.12439156586464238,0.08341041011346613,0.9887211142816998
60.462946702,0.12323537559432422,0.08530466226394129,0.9887042817739593
60.463211279,0.12402253771262009,0.0829092924318205,0.9888096173519839
60.471577953,0.124425512903029,0.08298211749700914,0.9887528811156662
60.481838721,0.12362324461627797,0.08269207831367634,0.9888778051785311
60.492319225,0.12336013099644157,0.0843052047128845,0.9887744487692123
60.501855842,0.12329736477121223,0.08390635256984603,0.988816203264742
60.512940894,0.12316955866336235,0.08486187421279552,0.9887505864088093
60.521904451,0.1240545586866982,0.08468366283059217,0.9886552198408924
60.531659646,0.12435906945488968,0.08410548569948835,0.9886663183903694
60.541953139,0.12434664314459866,0.08385855841537614,0.9886888562733803
60.551651395,0.12450325250585428,0.08366386769726304,0.9886856413225583
60.56142814,0.12496563724035058,0.08292290337511768,0.9886897296952943
60.571537143,0.12477589792205686,0.08328080672188855,0.9886836109340015
60.581579559,0.12546142107951522,0.08243076624078532,0.9886680942549252
60.639766739,0.12576903265089745,0.08211931650906136,0.9886549288210433
60.64014111,0.12587793262362323,0.08245419750079352,0.9886131960442885
60.640477103,0.1261695279125923,0.08054892352223353,0.9887330889303356
60.640744204,0.12705365230391719,0.07920351068681032,0.98872856403116
60.64101107,0.1273715513502159,0.07844707287563601,0.9887479682223799
60.641443676,0.12788705513495716,0.07760112983579745,0.9887481811751242
60.651555351,0.12824050344015317,0.08141561713440526,0.9883956042820304
60.661523289,0.13010239096076603,0.08091449931342436,0.9881934080265613
60.671491854,0.1312268177771085,0.08011068035917872,0.9881102171258442
60.681511253,0.12837695482058697,0.08215568428455754,0.9883166501737837
60.69171915,0.1259319169646317,0.08244327066733824,0.988607232125724
60.701676351,0.1276333324729611,0.08078404513922646,0.9885260090117963
60.713374441,0.1284966028751993,0.08080909881274928,0.9884121167805486
60.72175837,0.1290264011580104,0.08025780363686374,0.988388017308789
60.731776879,0.12916580945538933,0.07912615200123228,0.9884610491755413
60.742303962,0.1297375459459354,0.079391590363489,0.9883648843172659
60.751748519,0.13015296583866193,0.07829783959708973,0.9883975181058624
60.761859529,0.13110400409077697,0.07738795928711045,0.988343484760608
60.771597834,0.13178854891929778,0.07715407689271027,0.9882707254556211
60.781415351,0.1315426317646206,0.07624667747485799,0.9883739070829838
60.791760138,0.13193838718469125,0.07545940374326225,0.9883815763022974
60.801493665,0.13226194222135057,0.07474567849982429,0.9883925648169543
60.811658978,0.13273178347350387,0.07382900101951506,0.9883984784814287
60.822282689,0.13286248241541554,0.07308434289872709,0.9884362597504579
60.832143096,0.13382354480973577,0.07295353838623118,0.9883162652164972
60.845261876,0.13371908252140602,0.0717601041876647,0.9884177732197096
60.853455467,0.13435683051374256,0.07106052230203817,0.9883818312092059
60.861956039,0.13494141751162436,0.07033730107535142,0.9883539234087093
60.872454813,0.13451793205026005,0.0683237452736921,0.9885528775885978
60.881928836,0.13559843045480505,0.06823716938683912,0.9884112273604876
60.892457441,0.1357491277390504,0.06850858778265781,0.9883717659454426
60.902185177,0.13606715824077037,0.06739780726293043,0.988404403078229
60.912351249,0.13408432456841507,0.06700306165472857,0.9887021713508698
60.922022527,0.1334706640819268,0.06581053503237004,0.9888652867343877
60.931837155,0.1332739607465322,0.06462758476302176,0.9889698310234899
60.941552788,0.133349881756085,0.06379899337004212,0.9890133960066504
60.951380102,0.1337931041770355,0.06346460709558416,0.9889750496958334
60.96180699,0.13409008333748723,0.061836481645002786,0.9890379664544295
61.029674243,0.13417247708696595,0.06144803057310924,0.9890510026945192
61.030057032,0.1337908686684853,0.061699339844596614,0.9890870512364789
61.030373362,0.13624099224287964,0.06099769993504882,0.9887960723199246
61.030641615,0.135590891797355,0.06088485071206153,0.988892382929188
61.03096119,0.13460812578793657,0.06180291099992895,0.9889696924900145
61.031217576,0.13468377811436036,0.059739852755307854,0.9890861589900123
61.031548224,0.13527244869715946,0.057464612733004794,0.9891406284785396
61.146191008,0.13535107887138878,0.05738040625422112,0.9891347604985136
61.148352733,0.13745733987818987,0.0554217190870351,0.9889559710963121
61.148830552,0.13727051761509462,0.055117929590998524,0.9889988972851718
61.149196886,0.1369277750774171,0.05548294622549632,0.9890259991984474
61.149595393,0.13811396906189546,0.055296551878800934,0.9888714895780365
61.15120078,0.1395352164337097,0.05261475849591266,0.9888182899619194
61.15193509,0.14011704527740823,0.050789505020421184,0.9888314516653025
61.152717775,0.14020469337581126,0.04980255027207029,0.9888692279274305
61.153427597,0.13966839943920414,0.04839345766735376,0.9890150713983528
61.153912825,0.139123651951778,0.04721799018255982,0.989148659641573
61.154380393,0.13982655280995074,0.048568699522342475,0.9889841336219679
61.154813416,0.13972752106171565,0.047723835887003456,0.9890392587487001
61.161540061,0.13924667856401082,0.048082897316398636,0.9890896812193279
61.171771237,0.14002480339067647,0.04967721095984397,0.9889010209048495
61.181734038,0.14018412016728207,0.05229283644327506,0.9887435823860715
61.191769462,0.1404266058155714,0.05337415271167863,0.9886513886104791
61.201417875,0.1423266126981858,0.050307492060816215,0.9885404855444272
61.211796349,0.14085429590316484,0.051059038181645436,0.9887128207652558
61.221738448,0.1413463857690586,0.05003094602097313,0.9886951520414526
61.231803224,0.14140376149829,0.04885738327795016,0.9887456358100227
61.241448146,0.1425274019399273,0.04805709352068239,0.9886235155298497
61.251781295,0.14226439879084676,0.0478002643129458,0.9886738469122625
61.261559595,0.1423413794093764,0.046137278360895366,0.9887417677297169
61.2717396,0.14431022048170078,0.044102349946154244,0.9885492112149753
61.2815127,0.14591071441217193,0.044712578606232595,0.9882868251343386
61.291329803,0.14802422325144005,0.04422440658298909,0.987994448968814
61.301773398,0.14669940002619913,0.04120367392633194,0.9883225906994768
61.31194366,0.14596001777604506,0.03980231454585993,0.9884894784304026
61.321851465,0.14628590697153973,0.038758715546594096,0.9884827744531982
61.332471652,0.14697390802457755,0.03848043100622902,0.988391585754127
61.342232721,0.14899841031291255,0.03706356683406537,0.9881425837083239
61.352136778,0.15076415842505322,0.035750154138543065,0.9879231220158055
61.361946662,0.1513536383406257,0.03507121766384197,0.9878573205947458
61.382264247,0.1526689748542846,0.035035318951958556,0.9876561702044273
61.382523826,0.1521095974275895,0.0355023736978405,0.9877257978974912
61.392556838,0.15195828156061253,0.03555695757005616,0.9877471252468958
61.402525242,0.1525681911120553,0.035372257296891245,0.9876597341567176
61.412043717,0.1529481050191979,0.035213650844942296,0.9876066403002801
61.422243341,0.15300494700399853,0.03536229107334924,0.9875925245577488
61.431524653,0.15332542894832157,0.03572221485954882,0.9875298659804379
61.441658742,0.15439803049449427,0.03579118035213462,0.9873602380025349
61.453320552,0.1541742759031373,0.03645593049495385,0.9873708815746444
61.461986717,0.15290930991248433,0.037413480340134815,0.9875317586948413
61.471549285,0.15212173048301364,0.038700347980855594,0.9876037981807351
61.48240787,0.15185772816343598,0.040043097408914284,0.9875908974605527
61.500266317,0.15340324032510477,0.04030886121719558,0.9873411981504323
61.501779867,0.15399967534838654,0.03927090354612735,0.9872901782795485
61.511889177,0.1563638408183116,0.038489053273830426,0.9869493107868458
61.52178113,0.1570945235549194,0.03871398861668501,0.9868244716029494
61.532649425,0.15766147795371044,0.03895813936075934,0.9867244406352765
61.54155305,0.15819920012414962,0.03950342009319447,0.9866166899465161
61.551924339,0.1571772383582438,0.039775453953867224,0.986769085959243
61.5615898,0.15576863908288247,0.04024073527887598,0.9869735631223778
61.572210527,0.1538474776850618,0.04091574685071682,0.9872471095270893
61.58149204,0.1530481671217182,0.04157802507903426,0.9873436718646704
61.591970413,0.15268460620555852,0.04226090092341774,0.9873709674083975
61.601730177,0.15478532096669106,0.04240345063228583,0.987037715483919
61.61157219,0.1551903874405785,0.040950137926417406,0.98703547547687
61.621771188,0.15608731306778328,0.04085008545008916,0.9868981817887802
61.631405918,0.1566449659666923,0.040824300281175174,0.9868108892507451
61.642002272,0.1593618931670388,0.04101470319791325,0.9863678731222975
61.652681571,0.1609286778293106,0.04086199006017308,0.9861197992234171
61.712465133,0.1620582616442786,0.04036058686130115,0.9859554466917082
61.712899101,0.16392178016667933,0.03974561128112694,0.9856723270797839
61.713185411,0.16667387087690527,0.038068448288343014,0.9852769225003836
61.713441994,0.16429875887660633,0.037215517888201814,0.9857083356956661
61.713709572,0.1637150627775628,0.036347120117667976,0.9858378492829795
61.713977604,0.16297144093589178,0.035119258584696514,0.9860055512601035
61.721601601,0.16368685038066316,0.03386220059660649,0.9859310150224576
61.732452274,0.16525972687496332,0.03232640272799237,0.9857201562106155
61.742043107,0.1663950523905014,0.03100638189785073,0.9855715554040543
61.752482453,0.16674276448682526,0.029938980203584743,0.9855457919121061
61.762013581,0.16679799955335411,0.02903726288705083,0.9855634250057312
61.77236196,0.16943291471278327,0.027843872850967462,0.9851483168318311
61.781995893,0.17138430510917305,0.026558162692419913,0.9848462235073295
61.792071414,0.17262801262671293,0.025623667908750522,0.984653744673453
61.802256396,0.1731400105283799,0.025432664271163186,0.9845687971606163
61.812092541,0.17378867906184994,0.025121498179623777,0.984462495659001
61.82207856,0.17414821081536003,0.02477835629477326,0.9844076562731205
61.831537627,0.1758581015132287,0.024243719066724574,0.9841169494617886
61.841719481,0.17617230477361787,0.023885839638105463,0.9840695024720226
61.85167878,0.17525808739027765,0.023947924671846022,0.9842312226851034
61.861481454,0.17625731974519282,0.023794868505848953,0.9840564828652013
61.872089597,0.17593841001122432,0.023588506891037298,0.9841185183835197
61.881678962,0.17727346972303876,0.02549247051887625,0.9838314138505636
61.891736677,0.17830623460269526,0.02638106894823928,0.9836213325782218
61.902096206,0.17846813392967872,0.025375223989154767,0.9836184337328975
61.911822231,0.1799921865805909,0.02548950092297353,0.9833377334937551
61.9219349,0.1770600576939858,0.027609246558694345,0.9838127186989726
61.932171051,0.17504092497638277,0.026192576875060474,0.9842126922063424
61.942251902,0.17563841349281853,0.02603005784696169,0.9841105546605065
61.951473051,0.17565999412220468,0.027988876854567798,0.9840529402615525
61.961676394,0.1793372327983488,0.02783767044865909,0.9833937263559407
61.971525368,0.17724226249329006,0.028064195469214303,0.9837670361009895
61.982202751,0.17663376069122297,0.028535289852990215,0.9838629232861059
61.99205689,0.17699809563377833,0.029495994759481645,0.983769109311308
62.002127073,0.1778761496347341,0.03041758892010922,0.9835826582831811
62.011821725,0.17745647067216708,0.029959585340838285,0.9836725188103933
62.021724449,0.17717270102872743,0.030706877266361378,0.9837006260538488
62.0316514,0.17773717450196522,0.03167803602005814,0.9835679940064996
62.041573096,0.17811983985196608,0.03340615513223418,0.9834415851744278
62.052023459,0.1750840796240522,0.033720040343261815,0.9839758756907852
62.06158753,0.17355354348745522,0.03390194037326731,0.984240735786665
62.07381352,0.1736286576482425,0.03333334540473553,0.9842469087212812
62.082267635,0.1746515671124839,0.033602785479542915,0.9840567478114102
62.091550935,0.17324923504335105,0.0352123012984079,0.9842483408135184
62.101774898,0.1721370179538318,0.035713087354433376,0.9844254275675619
62.111381433,0.17026423381703348,0.03466534702373674,0.9847885074463565
62.12165233,0.1727539874027258,0.036043416507694465,0.9843053042440196
62.131643375,0.1737215686132519,0.037386630771606165,0.9840848827403552
62.142038183,0.17184301871221772,0.0378145792943265,0.9843983109050247
62.24261109,0.17130457423700232,0.03732193471752682,0.9845109527244581
62.243016494,0.16954376003203833,0.03778729786505813,0.9847979658560715
62.243384867,0.16922391628722872,0.03819518193116609,0.9848372425094709
62.243720697,0.17085289419227379,0.03782269555694594,0.9845703287459613
62.244020771,0.1714143786300302,0.03694776049863134,0.9845059541683923
62.244285401,0.16851226574702957,0.03901064273171518,0.9849272998787582
62.244532393,0.1672060973028553,0.040004665061861906,0.9851100181188072
62.244792765,0.16426248438626775,0.0411392066239853,0.9855584213539045
62.245051406,0.166804465741826,0.04103731743576301,0.9851356296400311
62.245321008,0.16666267049718994,0.04083619678500477,0.9851679853176724
62.252395789,0.16794370873744402,0.03994682584195202,0.9849868840754508
62.262133161,0.1700204020380819,0.04050359243513083,0.9846078010510875
62.272000731,0.17123047289587884,0.03754058529151469,0.9845155304045866
62.281781911,0.17267497946063326,0.037380155447912,0.984269310426247
62.29152307,0.17023461903778653,0.037557985427946944,0.9846875505517747
62.301689723,0.16852647095826134,0.03818772862948015,0.9849571188475545
62.311577768,0.16597577573648947,0.03829786514673997,0.9853858713183749
62.321498132,0.1652831656994355,0.038395634583505894,0.9854984781222664
62.331535934,0.16506193913294093,0.037381514004593226,0.9855745424169589
62.342904201,0.16623013816311127,0.03641831288573631,0.9854142518011548
62.352120792,0.1689745408047018,0.03566867365713766,0.9849747967736945
62.361612415,0.16805256930138862,0.0366597157883769,0.98509613702903
62.371658603,0.16597634432436123,0.039801579146066024,0.9853261832622741
62.381687655,0.16459813713809954,0.04070781617231928,0.9855203330998037
62.392193306,0.16510066567469353,0.0396226534783766,0.9854804998198117
62.401647205,0.16466226272600515,0.039094763330850116,0.9855749280060127
62.411936562,0.16486874591039885,0.03846334823544132,0.9855652527684057
62.421626163,0.1638349279132394,0.03823366725544351,0.9857465714289165
62.431903967,0.16371499201091105,0.038169386456612504,0.9857689888246602
62.441711377,0.16277370123684443,0.03927863477147095,0.9858812864823777
62.451889102,0.16257018767489906,0.03906004422747284,0.985923550293985
62.461589399,0.16159901871590954,0.03883387644992097,0.9860921291593029
62.471738888,0.16005139298085408,0.03922617055210903,0.9863289811967937
62.482692758,0.16010372009798254,0.039264619865331134,0.9863189587742992
62.491904947,0.1607183599396806,0.039068938184134344,0.9862267623865536
62.50197287,0.16431062352967513,0.039246851061666276,0.9856275684441018
62.511869743,0.16290609338699485,0.039532732902611466,0.9858492621930792
62.521760914,0.16270619119626956,0.03957958946270981,0.9858803940866084
62.531986782,0.16277115693330227,0.03942086698377027,0.9858760295883262
62.541593255,0.16201014790728396,0.039306608965495426,0.9860059342958813
62.551659404,0.16267607862701472,0.039169722190802246,0.9859017325809063
62.561842408,0.16136799234804688,0.04008233784026646,0.9860800054959129
62.571483835,0.1564795675755156,0.04347924351835405,0.9867237203566412
62.601841541,0.15640239856012436,0.042492837507996824,0.986778925841629
62.602215142,0.1573593532690457,0.04238005121955651,0.9866316258854546
62.602479838,0.15929463620319753,0.04155153361218183,0.9863562687646723
62.611512943,0.1563306553971417,0.041439132474118616,0.986835105011416
62.621748406,0.15438494364037827,0.04298422240958667,0.987075298951909
62.631641853,0.15382787331091713,0.04417743945909281,0.9871095882603302
62.641664397,0.15196399113937256,0.045007221020955286,0.9873607726930231
62.702321263,0.15031371467386764,0.04542295677817475,0.9875943206491578
62.702625871,0.1510992680329732,0.043349534468839934,0.9875676326516755
62.702927104,0.14873132845206402,0.041067078946295237,0.9880245376323925
62.70319684,0.14932182809084646,0.041268376252546896,0.9879270786738695
62.70350946,0.14893013528837012,0.04065341205275719,0.9880116977503134
62.721149131,0.14800141969897604,0.04035147347555265,0.9881636192227679
62.721422503,0.14575574926744925,0.03892676928422644,0.9885544841780737
62.722265206,0.14518192842795288,0.03698782121186154,0.9887133602515648
62.73218277,0.1418636622159126,0.035728307096865954,0.9892412190232883
62.742202828,0.13987099540819994,0.03226139752013448,0.9896440303834341
62.751871526,0.13855957775344244,0.0301713487709553,0.9898944050382996
62.761385307,0.13829679788377844,0.028224075692078313,0.9899885844020734
62.771574859,0.13678680789758174,0.02604546795309337,0.990258048583446
62.781433525,0.13557586189307438,0.02357879250254174,0.9904863584199795
62.791621664,0.13357615322536603,0.021898239763404433,0.9907965877942748
62.80181296,0.1334151282065091,0.019502678852485144,0.9908683308508844
62.811664205,0.13013089652983093,0.017415493985851353,0.9913438607958246
62.821432622,0.12550415403066603,0.016388119065502735,0.9919577293788994
62.831618389,0.12399805505406673,0.014725210209480158,0.9921731958318041
62.84155499,0.12142657882525162,0.01411578709702592,0.9925000405589042
62.852016686,0.11923103278440182,0.012700912743936445,0.992785297854796
62.861490829,0.11576463810479619,0.011887515759018901,0.9932055353921184
62.872086842,0.11540163621525085,0.009757189735095137,0.9932709900159756
62.881817093,0.11445250811230041,0.007611303221923515,0.9933995628396803
62.892292304,0.11421737253963624,0.0067579842981629204,0.9934327966492589
62.901540868,0.11303721444171123,0.005979057175018537,0.9935727648373605
62.941629453,0.10998091752369761,0.005806384060140127,0.9939167388090373
62.94193273,0.10873281106104438,0.0045430920672195115,0.9940606299986093
62.942298989,0.10603547712181545,0.0041796596704727915,0.9943535628922884
62.942697333,0.10420735953427453,0.0034193232153389166,0.9945497144173556
62.951439515,0.10114544290005517,0.001974935919651249,0.9948696894612203
62.961669125,0.09861611596383045,0.0013915907717053854,0.9951245777023762
62.971725135,0.09705235513451459,0.0006437866030658713,0.9952790693577626
62.981728618,0.09498222866625698,-0.0005721380882956691,0.995478803840443
62.991634006,0.09226010606080705,-0.0010539476742736295,0.995734383268926
63.001784737,0.091014666495623,-0.0020218604123402417,0.9958474996520118
63.011559812,0.08908329722965129,-0.0029081342211774264,0.9960199339923098
63.021545396,0.08792379209966754,-0.003733940506236257,0.9961202058341706
63.031456084,0.08598358898151132,-0.004911680568424276,0.9962844462400545
63.041616397,0.08199542407416363,-0.006564695525843606,0.9966110852301167
63.052117522,0.07728733825916204,-0.007840677967638775,0.9969780294037686
63.062155935,0.07431510149843354,-0.009534957932816772,0.997189224904931
63.071494983,0.07358399861854213,-0.011315375279980833,0.9972248279247663
63.081953631,0.07164307086927794,-0.012084641096319087,0.9973571235249653
63.091569577,0.06753009119135614,-0.012543565590546011,0.9976383842585262
63.101901614,0.06645263294671741,-0.013300873451794884,0.9977009242953864
63.111553695,0.06731733892454199,-0.015425507756708094,0.9976123643933881
63.121957496,0.06508821199068202,-0.01757532609169946,0.9977247278546456
63.132134243,0.06290494858357891,-0.019541433883826256,0.9978281915267083
63.190160609,0.05958452939665191,-0.020803420085384584,0.9980064636911579
63.190493913,0.0581147520912825,-0.022738119267946333,0.998050927318604
63.190749705,0.05551427910939226,-0.024078674968945245,0.9981675121074141
63.191075202,0.05307656473014737,-0.024882094679884354,0.9982804013105675
63.191362433,0.05139425637726677,-0.026236584484276706,0.9983337478248581
63.192362378,0.04915554125323825,-0.028156329507269595,0.9983941876196892
63.202033742,0.04693871799391442,-0.027300660545142737,0.9985246269806702
63.212149616,0.04372275752973373,-0.028896411820631893,0.9986257145987623
63.222747587,0.04234108941181561,-0.02987959092827397,0.9986563183565104
63.231909213,0.04142484644962756,-0.030055601693023303,0.9986894626977373
63.241848172,0.03950903524600991,-0.03114302367484618,0.9987337724390407
63.331246924,0.03848184772695444,-0.03188685870090578,0.9987504070776183
63.332132847,0.036687753929749094,-0.030978593327289104,0.9988465024552334
63.332502881,0.03480426465796412,-0.03369805742842866,0.9988258627444369
63.332866324,0.033668996698677144,-0.036235149192156035,0.9987759571717407
63.333213019,0.03253555448711974,-0.03716514819811218,0.9987793497332772
63.333570157,0.03103713890041893,-0.037990462803708575,0.9987959855470167
63.33392714,0.029791982358558643,-0.040738523595091614,0.9987255931848544
63.3342814,0.0291464300718237,-0.04432949523036784,0.9985916990776005
63.334634777,0.02847112408438824,-0.045983892081235524,0.9985363672708335
63.341763253,0.0274147739285846,-0.04600101032955894,0.9985651391967899
63.351911179,0.026371778843087862,-0.047976486581555546,0.9985002684105504
63.372191578,0.028278690648765488,-0.04561580510925757,0.9985587183433059
63.372604895,0.026464539109473738,-0.04677805518509573,0.9985546763812302
63.381755079,0.02440967830282461,-0.0468563227856202,0.9986033509958608
63.3914391,0.023221275845560822,-0.04560032202941444,0.9986898332209646
63.40151973,0.02450457796468622,-0.045275621052538226,0.9986739426845378
63.411532004,0.025387685713101942,-0.046721206254965474,0.9985852964570496
63.42163996,0.026040751579165182,-0.04777017960158736,0.9985188476929339
63.431631704,0.026285778962173868,-0.04834604187677015,0.9984847109791924
63.441741378,0.02676725879338189,-0.04826661507203678,0.9984757622126719
63.451455158,0.025733789975749828,-0.04843947280270438,0.9984945615916394
63.461741817,0.024248721529952298,-0.04861683157178395,0.998523110995476
63.471512504,0.024020265271430277,-0.0493697298711053,0.9984916908160749
63.481790713,0.023083994184560766,-0.04992394181208242,0.9984862188565404
63.492876883,0.023619475558852705,-0.05234489113977998,0.9983497046355498
63.502035402,0.022467850343545245,-0.05377490589140611,0.998300283079851
63.511752062,0.021590508652588474,-0.05268838804886956,0.9983775757201954
63.522003516,0.018323768805550027,-0.054542282485036155,0.9983433171600254
63.531619613,0.019710476724959108,-0.05389210996785908,0.9983522111912644
63.541593585,0.02091792682962985,-0.054199352484794565,0.9983110089182525
63.551444134,0.02126996881873089,-0.0550260890244975,0.998258342290771
63.561699681,0.019173270832501144,-0.05643434363265349,0.9982221949768174
63.571597783,0.015706600877993,-0.05621462412817506,0.9982951561151578
63.581825287,0.014941629857970276,-0.05775934900942905,0.9982187161635442
63.59187135,0.017033313047920422,-0.05673277752280274,0.9982440874862019
63.601748366,0.018135057844896874,-0.056399119302746256,0.9982435870161336
63.611784832,0.018979971370075226,-0.05445687408305571,0.9983357198617574
63.622252203,0.022134038512343673,-0.05716548090575406,0.998119327601639
63.631934164,0.02313766407647031,-0.05809266198878753,0.9980430306976454
63.642540205,0.023541209606971876,-0.05784966051731801,0.9980477083928763
63.65232734,0.023736792029616864,-0.05759126643808437,0.9980580197234029
63.662445506,0.024636906331679042,-0.05721370587201964,0.9980579215189839
63.67214873,0.024861575853951573,-0.05856796421393536,0.9979737950537044
63.683894627,0.023775860911818752,-0.05646840591964,0.9981212489326117
63.692484037,0.023767769669833114,-0.05584114836188883,0.9981567308166326
63.707399347,0.026348062967515382,-0.05631179775310327,0.9980655093788552
63.719423154,0.023939348961451067,-0.0567705625172022,0.9981002007828585
63.722145551,0.02607945056695407,-0.05713370300687884,0.9980258524902286
63.732091653,0.028269057415574672,-0.05714087161872755,0.9979658216509657
63.741795452,0.02972924999361998,-0.057071459608182204,0.9979273621827436
63.752002687,0.030396018136604825,-0.056937690640924986,0.9979149169472904
63.76164724,0.03176082771287854,-0.057490520439332,0.9978407136826036
63.771749384,0.02754469235349827,-0.05718729411558413,0.9979834183566824
63.781543302,0.029529479403805292,-0.05753882826179896,0.9979064550790318
63.791754043,0.027714306428542817,-0.057316180806917714,0.9979713285645503
63.801728606,0.026427879404406118,-0.05748613659703678,0.997996448535431
63.811770947,0.025653190967571328,-0.05767732591680469,0.9980056311806402
63.821772881,0.027521045234686514,-0.05769204171126545,0.9979550192229988
63.831835881,0.030728002595850953,-0.05706925535628513,0.997897234162691
63.84175644,0.02947239800241671,-0.05668401781213072,0.9979570631448336
63.852342006,0.028489534635402027,-0.056543198297674235,0.9979935937382204
63.861889448,0.02921172959081427,-0.05708359468765082,0.9979419512536033
63.871953949,0.030735837738546438,-0.056784614628449095,0.9979132306067539
63.881647797,0.030446236270726915,-0.05554809946016299,0.9979917010392977
63.892144978,0.03362422931088137,-0.054048821204444826,0.9979720116965503
63.901432775,0.034225016494281564,-0.053307687193456174,0.9979914522339612
63.911593413,0.0326681314596365,-0.05445885686870709,0.997981475827828
63.922001231,0.03495919285405486,-0.05195869523373237,0.9980371480183498
63.931751467,0.03943141933240561,-0.05151843301307833,0.9978932879969226
63.941832325,0.03897469728587111,-0.05040069005543847,0.9979683078201484
63.951530058,0.036111963282227884,-0.05042687278642308,0.9980746748660067
63.961648198,0.035964163745383894,-0.050490914407662034,0.9980767738447646
63.971707256,0.039351170234413854,-0.050175938289032995,0.997964859410389
63.981665851,0.03605086251159357,-0.04941840121902767,0.9981273250107552
63.991487283,0.03425027800639919,-0.04964382662115375,0.9981795474436918
64.002029413,0.03155331623368112,-0.05048639719539447,0.9982261827526295
64.031046071,0.030321044181736385,-0.050794752949607426,0.9982487302033085
64.031633104,0.028437619875810383,-0.052613780864646374,0.9982099437688076
64.031940493,0.03054233269035257,-0.051430506038165014,0.9982094314133133
64.041680345,0.032526035774323316,-0.05078219137046553,0.9981799567394755
64.051794581,0.033915964755172036,-0.05043740112251437,0.9981511788816023
64.06158528,0.03189704678189542,-0.051176973698813674,0.9981800918519788
64.071789275,0.030533265853551754,-0.051798061781597134,0.9981907034590065
64.081693687,0.03173030349399952,-0.05240799762966019,0.9981215304884613
64.092547806,0.034985115802963464,-0.05137998456753404,0.998066199637125
64.101550785,0.03704931402536803,-0.051555294310097956,0.9979826651594951
64.111823517,0.03631004837858193,-0.052158159977861863,0.9979785101566411
64.122127661,0.034167468639300855,-0.05279877116731228,0.9980204776706759
64.131797555,0.034709146134376,-0.05308670349124727,0.9979865114755084
64.141591749,0.035215253022698775,-0.05391534173356271,0.9979243567927885
64.151734197,0.03694440397609301,-0.05417740759029831,0.9978476434414455
64.161580889,0.036616255345212304,-0.05460661975875858,0.9978363427551717
64.171777183,0.035926697785134895,-0.053909058692944364,0.9978993364949676
64.181594956,0.03553191357041503,-0.05459968658779996,0.9978759228193346
64.191907644,0.036779083123247625,-0.055995511390052474,0.9977533772174263
64.201552233,0.03929880729315625,-0.05691126746888059,0.997605488848383
64.21189486,0.03897421539986618,-0.057688570363940435,0.9975735759247684
64.223933136,0.03774188098541901,-0.05670624448933618,0.9976772786104724
64.231877115,0.036949824969007526,-0.057712115958947374,0.9976492480357517
64.241665484,0.03681947396215275,-0.057193206230021686,0.997683949704655
64.252039413,0.0381758069531107,-0.0566715647697667,0.9976627393613661
64.261531905,0.03658515575323674,-0.057316667229964174,0.9976854845271436
64.271914252,0.036368945241613757,-0.05782668172292206,0.9976639588072371
64.28173839,0.0379328877274617,-0.05787147668860188,0.9976031215942223
64.291830192,0.039013355622022725,-0.05976212832802078,0.9974499717283142
64.301810025,0.040949555746900984,-0.05994388424117742,0.9973614513435999
64.311616407,0.041943816158540405,-0.0593397333161353,0.9973562614913632
64.321779937,0.03820181964542418,-0.06310015026044978,0.9972757853336695
64.331657229,0.03714260450159219,-0.06381341690225961,0.9972704120518651
64.341952601,0.035495066808222876,-0.06621473855035001,0.9971738607840603
64.35158264,0.03341140065089539,-0.06684479653941859,0.9972038164197674
64.362131548,0.03214373035151065,-0.06660291035036504,0.9972616672328034
64.371923209,0.03250664164641766,-0.06676152268929578,0.997239297930581
64.381827902,0.030237043758783836,-0.06714548052055522,0.9972849169772865
64.391600386,0.027167237790099486,-0.06741871839714592,0.9973548303390035
64.401733294,0.026146693148868846,-0.06841583962027482,0.9973142049155982
64.4116006,0.024695908532227525,-0.07014935387484887,0.9972307557695508
64.422626919,0.019676446726093488,-0.07413855991890636,0.997053815687692
64.431433313,0.019816994441023795,-0.07686133372811361,0.9968448335166613
64.442042436,0.016255989677044898,-0.07683010714082587,0.9969116698265446
64.452344644,0.012527394993428444,-0.07433926196246947,0.9971543203063175
64.461777825,0.010090848787225205,-0.07589583903727679,0.9970646901718971
64.471809741,0.007226659887718196,-0.07740776852696565,0.996973326001525
64.482310384,0.0036737943308283957,-0.08039490853105938,0.9967563202295221
64.491756205,-0.001403182880186304,-0.08152962423544181,0.9966699310452948
64.502265981,-0.004556946014204194,-0.08258013129351079,0.9965740093733984
64.51169219,-0.005797881452607616,-0.07998698833745323,0.9967790458608997
64.521981975,-0.012704306065449032,-0.08001890943422608,0.9967123831579262
64.531714142,-0.016453111904049564,-0.08414725567107366,0.9963174867840571
64.541659939,-0.01988892865222534,-0.08399701599864987,0.9962675001325645
64.551792706,-0.01869357372946751,-0.08874120421933225,0.9958792843386811
64.561742309,-0.017782323539105298,-0.08827020518819378,0.9959378293074247
64.57177752,-0.021787940582646704,-0.0882733885202339,0.9958579690519743
64.581937423,-0.028815922782061094,-0.08872322691274055,0.9956394084207437
64.591712919,-0.027351304790295215,-0.09222362165476294,0.995362602138109
64.60194754,-0.03102120791573117,-0.09090798346926299,0.9953760210096491
64.611669038,-0.03357694582202123,-0.08177333394630283,0.9960851924231037
64.621597547,-0.03468362820624196,-0.08305622678554866,0.9959411172989088
64.633447302,-0.03719223940393258,-0.08228361680169782,0.9959147271399051
64.642217157,-0.0360111021202022,-0.0830356127237049,0.9958957212196905
64.651946932,-0.040040310480145634,-0.08373796738060077,0.9956830451281266
64.661903067,-0.04202842103257957,-0.08363728142706946,0.9956095705551435
64.672061147,-0.047958103203701315,-0.08493539724021101,0.995231630643214
64.681878241,-0.04881100323092458,-0.08317744826840119,0.9953386348691325
64.691937085,-0.05154191097519082,-0.08397686274968638,0.995133819109644
64.701774997,-0.05288016743922,-0.08505485753213504,0.9949720393567792
64.711947419,-0.056719277185999395,-0.08612996722203457,0.9946680613862241
64.722279109,-0.06158849697975692,-0.09125592758218042,0.9939211300303915
64.731702024,-0.06340748346802641,-0.08968629730218464,0.9939496260457448
64.741579409,-0.06936856264729559,-0.09171928020957927,0.993365781650488
64.82384595,-0.07113356643007931,-0.09635666048659516,0.992801797795919
64.824228775,-0.0738092799760034,-0.09696893565607904,0.9925468330044437
64.824588124,-0.0727298807216614,-0.10327400884651892,0.9919903444827385
64.825020377,-0.08618981036767384,-0.10353084406559529,0.9908847969950139
64.825344494,-0.09038354566625051,-0.10524194884173654,0.9903307260086351
64.825609013,-0.09620236241382991,-0.10870447014561083,0.9894081279413264
64.825870181,-0.09666470932191187,-0.10451067557037003,0.9898148577706515
64.826130289,-0.10006519029356549,-0.10758331137857662,0.9891475060901346
64.831899701,-0.10714710312544767,-0.11347054705301365,0.9877468973594979
64.841912482,-0.1130997763150388,-0.1216252355438508,0.9861114250815629
64.851958671,-0.11799688375223666,-0.12574884155058058,0.9850197786204337
64.861858806,-0.12168864490094064,-0.13116167788970515,0.9838640596928674
64.871782097,-0.12512731761921944,-0.1321152052026864,0.9833050019905681
64.881858904,-0.1293148852389724,-0.13347862856436385,0.9825788091406247
64.891762377,-0.13170675642487226,-0.12988152491147714,0.982743160647129
64.901711464,-0.13542778944772343,-0.13174682612900276,0.9819888429357216
64.911768003,-0.13919185881386206,-0.12885219630168918,0.981846595934504
64.921760617,-0.13761288114979034,-0.1333520057858396,0.9814682559790444
64.931642582,-0.1406452980842539,-0.13221259263598678,0.9811925042901939
64.94188345,-0.1430949889623827,-0.13072117663330662,0.9810381226606127
64.951685109,-0.14435457024654724,-0.1308020367243758,0.9808427933352469
64.961802267,-0.1464054017894434,-0.1285510572117638,0.9808364206209971
64.971976894,-0.15013528988885005,-0.1288744456175632,0.9802299587325194
64.981683651,-0.148169254219916,-0.1285103908590038,0.9805768463232141
64.99210391,-0.14563036508647353,-0.12831564815034951,0.9809826151387883
65.001780351,-0.14699294052711023,-0.1285833156901032,0.9807443124287455
65.011822262,-0.1459481358123046,-0.1332564176884492,0.9802764246873198
65.097730829,-0.1534406767438674,-0.12984104349463496,0.9795903542525357
65.098170548,-0.14993471513455017,-0.1308490347437478,0.9799990363791952
65.098639534,-0.14896611745251437,-0.13783078798000056,0.9791893431486762
65.09904489,-0.14971238596896927,-0.1341140009066155,0.9795915660357121
65.099435925,-0.1516558044034286,-0.13237175379857233,0.9795295992398796
65.099841735,-0.15030500812175637,-0.13332913829090326,0.9796079549575555
65.100140259,-0.14858434950329671,-0.13538132085934493,0.9795889898549601
65.100465212,-0.14870876718623416,-0.13704387540901156,0.9793388988367766
65.102131464,-0.14957231774017216,-0.13690384715735135,0.9792269698079958
65.112117379,-0.15103074623717433,-0.13708243305242931,0.9789780999794984
65.122602201,-0.1511591735311968,-0.1375291988607179,0.9788956143114007
65.132284603,-0.15162062324197834,-0.13730218755607476,0.9788561160354623
65.142870311,-0.15228153781049839,-0.13727166631928422,0.9787577958146728
65.153605856,-0.15246439462896483,-0.13500500919368255,0.979044562756485
65.162451147,-0.15189967704602597,-0.13443766159267193,0.9792103978506393
65.172324255,-0.15163609122900581,-0.13395769344491104,0.979317023340097
65.182247569,-0.15118158639567741,-0.134138795968202,0.9793625025245186
65.192150813,-0.1507516574643455,-0.1346786941834585,0.9793546789109608
65.202632224,-0.15169533924428344,-0.1331031832436225,0.9794243547420988
65.212269781,-0.15152790733227042,-0.134308932562103,0.9792856600264969
65.222478517,-0.15103383742377358,-0.1339842781187997,0.9794064494223189
65.24173515,-0.151174159074381,-0.134797198575242,0.9792732452612093
65.242002481,-0.15159776321474977,-0.13387673286362362,0.9793340280956476
65.251788139,-0.15023343880482004,-0.1339475613327498,0.9795345653308453
65.261783141,-0.14933526462716254,-0.13383900402228577,0.9796867355134793
65.272032722,-0.14956721374037904,-0.13290542454644366,0.979778442659395
65.457336944,-0.1487703466369168,-0.1317699212016182,0.9800530964330714
65.457856258,-0.1475152522537432,-0.13075090506111153,0.9803792384471505
65.458117156,-0.14706343628792676,-0.13006309220384135,0.980538595749072
65.458667294,-0.14699168756081157,-0.12784112356339064,0.9808415218138324
65.459085851,-0.14501358140567247,-0.12724795275329495,0.9812130348339221
65.459341003,-0.14269482652316523,-0.12744824344451855,0.9815269388694488
65.459680666,-0.1424469238644625,-0.1260242198831649,0.9817467951994505
65.459934962,-0.1413861746478564,-0.12647448358996422,0.981842224911466
65.460187526,-0.1400450969335845,-0.12642075993666096,0.9820413241212917
65.460446685,-0.13886271775044695,-0.12522149377648634,0.9823628266151693
65.460706223,-0.13729872220041348,-0.12401942473856556,0.9827350829036527
65.460964687,-0.13565514476063448,-0.12301072033660856,0.9830900489691877
65.461235754,-0.1342813915849922,-0.12338150274315077,0.9832321763728239
65.471043539,-0.13227629624763043,-0.12154113462631623,0.9837330603597486
65.471287399,-0.1304045733838148,-0.12054485146938827,0.9841054750507228
65.47159377,-0.1287751062833128,-0.11785784385527842,0.984645367959199
65.471953735,-0.12800233522363413,-0.11574500963966318,0.9849966979238107
65.472204504,-0.1266926791566569,-0.11420870307728803,0.9853452883073589
65.472465608,-0.12560742413137801,-0.1126062334841237,0.9856686112399031
65.473263992,-0.12276598823796492,-0.10982906664613089,0.9863397428125847
65.556574251,-0.12064289887272156,-0.11001863781210976,0.9865805543824356
65.557423712,-0.11802647218336115,-0.10970721407153637,0.9869316486183897
65.560406233,-0.11608614899720412,-0.10954762263663062,0.987179479317546
65.560681425,-0.1139072947440453,-0.10782343208119335,0.9876230230702023
65.561084028,-0.11240997003481062,-0.10696840269458704,0.9878875236896869
65.562065433,-0.11036276706176575,-0.10440925464259698,0.9883920108901365
65.562622676,-0.10959933652283778,-0.1013942679108088,0.9887907705215422
65.562867192,-0.10995717869230577,-0.10102642034031924,0.9887886939317466
65.564448388,-0.10924288508359403,-0.10259640406446865,0.98870621012091
65.573736089,-0.10995516765820947,-0.10063385012768684,0.988828948460619
65.582478156,-0.10728953236087699,-0.10012194810067475,0.989173671179288
65.633073714,-0.10438021179220139,-0.09838946118176119,0.9896586711157429
65.633757864,-0.1056423540580893,-0.0963069481029718,0.9897295917452185
65.634556277,-0.10236307328352014,-0.09623932811059634,0.9900807002223474
65.63556933,-0.09993681095542485,-0.10147687947531955,0.989805575225767
65.635950298,-0.09922120024835486,-0.10095174600646453,0.9899312594314426
65.642343649,-0.09797048635639088,-0.09827127540590437,0.990325471869319
65.6656859,-0.09620248962574968,-0.09602259350176882,0.9907193056194079
65.666019422,-0.0948054263998281,-0.09305862139516602,0.9911367333063477
65.671775257,-0.0926716977004267,-0.08936892491230204,0.9916779475743828
65.681757112,-0.09213404173105265,-0.0854347868163853,0.9920747026085988
65.691978768,-0.09177266307617951,-0.08253572908193205,0.9923535820144048
65.701643278,-0.09044991508110511,-0.07797940396336404,0.9928434042785094
65.711850603,-0.08826246544813106,-0.075589047901605,0.9932250666542535
65.823844286,-0.08736172715386442,-0.0717925821143099,0.9935863091760343
65.824246742,-0.0866369135274313,-0.06986221889813411,0.9937873593405531
65.825181815,-0.08636109721229257,-0.06835483647744825,0.9939161821896404
65.825429281,-0.08618136021773948,-0.0667529244074986,0.9940406532099514
65.825688078,-0.0855557402740812,-0.06711924229858902,0.9940700290318673
65.825939138,-0.08447466319053218,-0.06676131672107823,0.9941865810141044
65.826202329,-0.08443765652410677,-0.06919639309549075,0.994023209660263
65.826465405,-0.08301420251181316,-0.06873909697810852,0.9941748230205601
65.826727478,-0.08229794315015383,-0.06683198315448217,0.9943643872247704
65.82698895,-0.08194112760294772,-0.06476449042760093,0.9945306492948374
65.827250154,-0.08067767249334455,-0.06380833608364518,0.9946957371011969
65.85927357,-0.08079229377476033,-0.061714037029076185,0.9948185678304294
65.859543511,-0.08044611674980447,-0.06124725240416558,0.9948754677711262
65.859799031,-0.0801573143609132,-0.061269910142995536,0.9948973831835699
65.861815008,-0.07968905416614354,-0.06181911872436684,0.9949010258343531
65.920700596,-0.07946078255230256,-0.06141520660680139,0.9949442981562434
65.920990491,-0.07968855689468893,-0.06052625905464208,0.9949805555210074
65.921200519,-0.07935520737945045,-0.06039531612047975,0.995015154081822
65.921710225,-0.078903660847817,-0.05957220084165003,0.9951006809321833
65.922047725,-0.07951942577754985,-0.05782171770829049,0.995154917530568
65.922309566,-0.07848043851147321,-0.05585356614415641,0.9953497877229027
65.931619851,-0.07913835662186641,-0.054230471761567686,0.9953874504150172
65.941962699,-0.07909243577418522,-0.05329960993082986,0.9954413785776276
65.951617918,-0.07734043537086618,-0.052617091578624535,0.9956153367292269
65.961796987,-0.07693092822572722,-0.050802206606897764,0.9957413158477447
65.971555917,-0.07513843629173919,-0.05082912258387438,0.9958768074862401
65.9820579,-0.07386711585829413,-0.05024672556672197,0.9960014637361735
65.992129387,-0.0733679400712053,-0.05032689982351878,0.9960343109169791
66.001814613,-0.07174924923171117,-0.050594026719481,0.9961386899900005
66.011667436,-0.0732086358288288,-0.04599274483478957,0.9962555711576443
66.021961956,-0.07378000012167835,-0.04381188708618635,0.996311713336741
66.031720636,-0.07231170723973919,-0.04527228194978815,0.9963540723473425
66.041809095,-0.06971374165594724,-0.045891275490137724,0.9965109056393795
66.052689654,-0.068323453526959,-0.04645847877459149,0.9965809126448792
66.062121862,-0.06812783745645917,-0.045622505182854586,0.996632923791075
66.072101331,-0.06979312553526053,-0.0423617704248164,0.9966616276522813
66.082158626,-0.06916952639196615,-0.042400677949174105,0.9967034459297116
66.092388326,-0.06861113390944741,-0.04151116193921398,0.9967794820009671
66.102634152,-0.06829911623649428,-0.036780534994730066,0.9969866714088084
66.112617855,-0.06693536958598588,-0.03477079958838304,0.9971512662552117
66.122428665,-0.06537328373464792,-0.033799023929904394,0.9972883032278756
66.132210156,-0.06371010465330731,-0.0338618299601286,0.9973938033880179
66.142480242,-0.06250854998879145,-0.03359823332020209,0.9974787415760097
66.151978441,-0.06312211901909828,-0.03281215752482675,0.997466270311485
66.161818678,-0.06282011544053487,-0.032185180562880535,0.9975057630150178
66.171673437,-0.0629292513233438,-0.031558051278676766,0.9975189214883976
66.181715583,-0.06278784269576415,-0.031467794694409995,0.9975306835915788
66.191681391,-0.06181972464604208,-0.031009162112496366,0.9976055099636171
66.201757152,-0.06185270259019365,-0.029686233568869964,0.9976437093064756
66.211887982,-0.06195073489239764,-0.03064587844709229,0.9976086089145872
66.221685473,-0.06114079616893663,-0.03227530321510465,0.9976071911560189
66.232453427,-0.06092106862757803,-0.032506966775414946,0.9976131116361372
66.243508711,-0.05908967300108773,-0.03313264799963787,0.997702680251565
66.252317615,-0.058141312002775704,-0.03379869674895389,0.9977360552454082
66.461493803,-0.0566619369532742,-0.030600478594167476,0.997924363672173
66.461887705,-0.05484145529932741,-0.029572076932632346,0.9980570660270597
66.462148806,-0.05532601182464097,-0.029597953938798518,0.9980295554432326
66.462525525,-0.05471975926574034,-0.029905814678845195,0.9980538012523643
66.46288889,-0.055085256586727305,-0.029679111058616082,0.9980404625432502
66.46315152,-0.05428788036872066,-0.030144465421838688,0.9980702065734169
66.463713633,-0.05361649241150174,-0.03119033982372939,0.9980743631830084
66.464235985,-0.052627414910957744,-0.02751302829233833,0.9982351368660466
66.464661328,-0.05281176393296939,-0.02700771087919005,0.998239200363998
66.465264356,-0.05194813706269219,-0.02819325442952435,0.9982517375193434
66.465755173,-0.05121218053593891,-0.028188580241841586,0.9982898960265518
66.466119667,-0.051491064170384904,-0.027139894067081317,0.9983046110584829
66.466810313,-0.05075030524621514,-0.026811633281721047,0.9983514124987165
66.467181852,-0.05098352253037553,-0.02696568914522695,0.9983353805406868
66.467462583,-0.050342453037850315,-0.027001894151904706,0.9983669341150784
66.467796652,-0.049839903184132395,-0.027268322524159724,0.9983849070560484
66.468062977,-0.04971434829073321,-0.0279266429992771,0.99837296947825
66.468312973,-0.0490311760617962,-0.0286452288385356,0.9983863954595862
66.468562205,-0.048938515071987175,-0.02893321883284094,0.9983826373643122
66.468819483,-0.05026948119258737,-0.029217398258374147,0.998308230407643
66.469077703,-0.050547013754338836,-0.029233413439752318,0.9982937478213411
66.471776166,-0.04974803135113584,-0.031668993034209024,0.9982595896142875
66.481735174,-0.04846758123500119,-0.03201228167788822,0.9983116283961657
66.491922148,-0.04761971649644954,-0.030853174057210477,0.9983889243433108
66.50238819,-0.048155525337077176,-0.028571184676134884,0.9984311357253001
66.512384709,-0.0472603886672056,-0.026648642017529388,0.9985270680064945
66.521648822,-0.04689079088106756,-0.02590864068201146,0.9985639669388028
66.531865988,-0.04409393478106129,-0.027646301716223686,0.9986447851548312
66.542103512,-0.04308057003200593,-0.02645640564459964,0.9987212439345056
66.552394991,-0.0423315837536738,-0.02157793046600345,0.9988705771688894
66.562460567,-0.0391700731450824,-0.015330064649644847,0.9991149555920212
66.572082843,-0.03606601807812723,-0.012355750702132842,0.9992730246356973
66.58250919,-0.03541400934786713,-0.00872311223778164,0.9993346562862695
66.592302556,-0.03427490364662648,-0.0061925751457306884,0.9993932574282653
66.60222707,-0.033653341361702435,-0.0037312690619930233,0.9994266007298285
66.612145463,-0.031668342999927344,-0.0023684664987742143,0.9994956260124819
66.622344034,-0.02966171781151378,-0.0018174104752721925,0.9995583422270232
66.632364304,-0.028928500877156472,-0.0011663665140866503,0.9995808028499523
66.641686911,-0.026900973234234675,-0.0009908191785769124,0.9996376122957791
66.653301311,-0.02621687324815275,-0.001096059233192198,0.9996556778267445
66.661880159,-0.0259647672499,-0.0008129968755767451,0.9996625280051958
66.671587987,-0.025313485219757542,-0.0002858373109759439,0.9996795215283051
66.681990192,-0.025525652127170586,-0.0002564845315396465,0.9996741345554399
66.691612845,-0.025129233360619663,4.3442568650754585e-05,0.9996842100100665
66.701715095,-0.025391767244666193,0.00013940731290642403,0.9996775673794995
66.71167408,-0.025127108823550796,0.0003670283379152027,0.9996841969804108
66.722129575,-0.02271623605286661,0.0008688817463849304,0.9997415754404241
66.731908289,-0.02204584150838175,0.0013077740147862673,0.9997561055574073
66.742044626,-0.021722751846541037,0.002340014734938457,0.9997612947015171
66.751760305,-0.01942325526641095,0.0038783346918403144,0.9998038285958271
66.762140502,-0.019886777005512526,0.005453971704924067,0.9997873625391426
66.77173332,-0.01869700348024613,0.00676694521132021,0.9998022957131909
66.783745307,-0.01611997470842652,0.008181403713395203,0.9998365921732802
66.82369318,-0.014772340326964128,0.009764896537033458,0.9998432000853361
66.82406222,-0.0136588620909926,0.010940471872021495,0.9998468590547238
66.824416195,-0.009713042125601413,0.011017183067411602,0.9998921334273639
66.824670573,-0.007169088449374491,0.011227427467755747,0.9999112705851761
66.831721341,-0.004595891827200221,0.011041169892953498,0.9999284826154857
66.84168751,-0.004245614516603379,0.011239432476527882,0.9999278223526846
66.85197102,-0.0034311571308339394,0.011306678235421199,0.99993019065734
66.861606234,-0.0033937986224881105,0.011560022789156214,0.9999274213681831
66.987504235,-0.0027850763797419814,0.01133243244767969,0.9999319073438839
66.988815683,-0.0019071873675336763,0.011222164865238058,0.9999352107272164
66.989083924,-0.0009872806921036221,0.011266507989078165,0.9999360434920661
66.989344748,0.0001708235700093383,0.011049526260096977,0.999938937530055
66.989606116,0.0017867265726802999,0.010849819780470098,0.9999395426818993
66.989867386,0.0038414154910938877,0.010352460205957571,0.9999390331888786
66.990127753,0.004231686575919608,0.010465094485839418,0.9999362852832803
66.990385807,0.0064421017694119695,0.010144058166105538,0.999927796097656
66.99064275,0.007665192252308841,0.010512881759291423,0.9999153584903325
66.991034936,0.009604348116625888,0.010608167307455483,0.9998976063995912
66.991291849,0.014248226826530626,0.004092074470933913,0.999890115442104
66.991548346,0.016485094110612383,0.004644457106747107,0.9998533245883358
66.991972009,0.014727667021058733,0.0065978066615014555,0.9998697739062694
67.001452981,0.015987120975440458,0.008020011523594764,0.9998400328943017
67.011812367,0.020191178234766634,0.00666188512780949,0.9997739422529653
67.021647725,0.021289560235571308,0.0076013295823397576,0.999744454555041
67.031849675,0.023134745907154128,0.0077048315112611164,0.9997026653476496
67.041726342,0.023559348263419534,0.007509012756183312,0.9996942391735738
67.051762577,0.02487434167022994,0.007230593236178102,0.999664436522539
67.0621371,0.024643944365633413,0.008047804469727566,0.9996638979423639
67.072035542,0.02545681580960816,0.007485875908159276,0.9996478941060813
67.081821279,0.02579988005014394,0.008765649823209251,0.9996286958529028
67.091769919,0.0253949179351458,0.014158352440469731,0.9995772302324812
67.101651339,0.02657841556849188,0.015323034630332131,0.9995292854316906
67.111897084,0.026763106639202377,0.01518371092786124,0.9995264834137602
67.121685781,0.027818058822444026,0.011941122906550179,0.9995416775638133
67.131965333,0.02867940698960967,0.010111006130656791,0.999537522642222
67.141683448,0.030734875971640627,0.008953590562344292,0.9994874689634932
67.15167374,0.032134211926135976,0.010769302781660212,0.9994255422698997
67.161819514,0.0345387125561504,0.00904238234365429,0.9993624530952295
67.171736136,0.03352768461808594,0.012527086414208716,0.9993592779727024
67.181895261,0.03322864347415958,0.013898348579663138,0.9993511360676113
67.193486768,0.03299108355867677,0.015114542886835449,0.9993413525912687
67.202336339,0.03645363900364937,0.010911798129159182,0.9992757701780726
67.211930546,0.038411455265054975,0.012432498937108776,0.9991846641510266
67.221905719,0.03340554460324781,0.013800911616234868,0.999346588741024
67.231742043,0.03491641748060593,0.012616850179524778,0.9993105917991001
67.241875508,0.03176162778584119,0.019687018463619504,0.99930156624735
67.252007078,0.03254523985696553,0.017986438808544357,0.9993084085414469
67.26197426,0.0345499840185965,0.014947269964753778,0.9992911876549875
67.272099995,0.03713878457316424,0.01607173719744269,0.9991808694845415
67.28181362,0.038857261617053905,0.019483995763757103,0.9990547968598629
67.331464718,0.03857137233774693,0.02295845860581879,0.9989920712470285
67.332160131,0.03950412386439496,0.024349210204980504,0.9989226897813965
67.332625924,0.0407028564339312,0.024915071076778563,0.9988606092500385
67.332931199,0.04510050040046948,0.02618058153432165,0.9986393353028671
67.333205221,0.049755139609229414,0.02660603711873068,0.9984070036169131
67.341803404,0.054030213830727425,0.031232138341853122,0.9980507449664077
67.352074539,0.052329317886692185,0.03790537846406997,0.9979102288147012
67.361883254,0.05895877800348718,0.040382539774400296,0.9974432881009849
67.371622225,0.06196064218227941,0.04290806487888751,0.9971558437820585
67.382082384,0.06641272784694877,0.04963730642529145,0.9965568159371391
67.391900327,0.07227157331131723,0.05849781826452732,0.9956680294904509
67.401794475,0.07672618290812616,0.07246149325327637,0.9944156197746766
67.412097521,0.08277608328976356,0.08378837249671817,0.9930395906858686
67.421941188,0.08935911851395399,0.09481287796159724,0.9914764072387444
67.432491823,0.09630608204757488,0.10434864403918183,0.9898669097650603
67.441970556,0.09786451259802578,0.11484590278735098,0.9885509373759701
67.451968081,0.10002430383647769,0.12573918458670463,0.9870080020453222
67.461784486,0.10270500733750891,0.13426533694608803,0.9856086955595287
67.471895021,0.10301704236502246,0.13479478775139406,0.9855038580225953
67.481881558,0.10400094391450955,0.13380339714276243,0.9855356181173501
67.491926727,0.1085672781147126,0.13617910096759508,0.98471742067581
67.501571398,0.10724916688541511,0.1367804241643902,0.9847785191441748
67.513043549,0.10762953170018813,0.13668227788262294,0.9847506480418358
67.523533835,0.10936435855482625,0.13762079437812316,0.9844287450255735
67.532020829,0.10879642561628304,0.13868702391100116,0.984342037694129
67.542892869,0.10892584840052116,0.14043535288335846,0.9840798093705375
67.552473912,0.11051481636303397,0.14188397537590738,0.9836947762877335
67.561654197,0.11092447094510181,0.14323055880905705,0.9834534909027446
67.572373085,0.11139784598726758,0.1419774630031882,0.983581679327434
67.582029286,0.11141430789485135,0.14212156557578262,0.9835590031078969
67.592337876,0.1115357836898363,0.14187619147746444,0.9835806602656154
67.602436467,0.11201018385437074,0.14150418111182225,0.9835803401048552
67.612095645,0.11174153304599621,0.1415652076229242,0.9836021155849601
67.622428741,0.1119110519819492,0.14140480042276676,0.9836059164430087
67.631789843,0.11252880223009004,0.14068569591182947,0.9836385533489757
67.642067442,0.1129324469639783,0.1408339918140765,0.9835710697110001
67.651807487,0.11292928760599279,0.14004624398369586,0.9836839053003062
67.662580489,0.11468103881744009,0.13885392268514213,0.9836502668584509
67.823973816,0.11568981785041518,0.1386927479267952,0.9835548727540585
67.824215357,0.11597287555523086,0.13870035758669666,0.9835204639156084
67.824569426,0.11628601190735098,0.1382391160549237,0.9835484280029312
67.824884486,0.1149722806099899,0.13803104339659156,0.9837320802689044
67.8251694,0.11432070268643109,0.1376847607787285,0.9838565360796182
67.825527793,0.11336424250715113,0.13914042054662631,0.9837624163846106
67.825786717,0.11442651032682176,0.13884181999893294,0.9836816165578218
67.826046015,0.1122012065008941,0.14037171784745572,0.9837208293455506
67.826305077,0.11288954671803045,0.14020006200581886,0.9836665557267676
67.826564152,0.11312341483770202,0.14046693201929317,0.9836016134719099
67.826823802,0.11342414128624433,0.14040010842104803,0.9835765215420894
67.827083667,0.11510073499540527,0.14025054653677455,0.9834030735154601
67.827343186,0.11722151692150368,0.14027538700607406,0.9831489875755953
67.827603279,0.11941493209629964,0.13966978819102377,0.9829712224979483
67.827862756,0.11883836161062272,0.140868947113792,0.9828699728594595
67.82812201,0.11997151597185621,0.1402274699530869,0.9828240391982538
67.832267038,0.11896898683437532,0.14102235969827853,0.9828321699235997
67.842025918,0.11686876644404091,0.14118775144828621,0.9830603797686209
67.852451199,0.1158657349462682,0.1419831137394758,0.9830645588557266
67.861927555,0.11598721147709971,0.1415032213376459,0.9831194256675208
67.872140722,0.11693223984740712,0.14087389565040812,0.9830978571884625
67.881881228,0.11766058713245385,0.14035731249997146,0.9830848442852894
67.891846572,0.11990076919134346,0.14001447389815871,0.9828630386001633
67.901807006,0.12142523185895454,0.14067856959764494,0.9825810160612507
67.9119386,0.1209102124283497,0.14068475320786414,0.9826436387344976
67.922159562,0.12189637990233858,0.14062407036459165,0.9825304796294104
67.932146935,0.12325996601424141,0.14013960340399648,0.9824295762729962
67.941827978,0.12286041618685406,0.14022112353367977,0.9824679916665711
67.952047026,0.12132375888087163,0.13656327686354974,0.9831739505007776
67.961869912,0.12340177688759925,0.13569366275439992,0.9830357223159688
67.97199826,0.12342795903795302,0.13536957175692188,0.9830771170005296
67.991155155,0.12308895758373731,0.1339775486640038,0.9833102892652622
67.991959053,0.12495128019322196,0.13260706811223494,0.9832611774420631
68.00180354,0.12794220147333532,0.13068004190804736,0.9831345379596159
68.012435051,0.12525024023918357,0.13228814974645267,0.9832660996681859
68.021743326,0.1273891924610929,0.13173750778902601,0.9830652179207883
68.03195752,0.1290989942312275,0.1310018808277696,0.9829404645796573
68.050168859,0.12759938335284363,0.13245889530564817,0.9829410147218304
68.052006809,0.1298440839921835,0.1304189389185233,0.9829198411994731
68.061738539,0.1315171637116762,0.13016557902860176,0.9827309691290822
68.072472294,0.13330293162939563,0.12948693288063126,0.9825800031713325
68.082456417,0.132661442377769,0.13008028119319318,0.9825884500394607
68.092386304,0.13189295070590512,0.1308669134099891,0.9825874518477388
68.101853443,0.13452500731029585,0.13022442539458187,0.9823159478695314
68.11231547,0.13438976298207272,0.12961822939452908,0.9824146304968435
68.122468039,0.13554967477779972,0.1282150116300792,0.9824394110887101
68.147908808,0.1386049255422491,0.12679946337450004,0.9821968085385773
68.148374592,0.14121784904475054,0.12592134034528085,0.9819375413725774
68.15232847,0.1444118306393123,0.12434160416605011,0.9816742782842057
68.162265211,0.14565329969933535,0.12345642248354446,0.9816025815136491
68.172231901,0.14860135501299437,0.12282380679035941,0.9812400062032869
68.182084635,0.1479131493776207,0.12344276852996619,0.9812663161134447
68.191783246,0.14830898035043244,0.12364564591160858,0.9811810233563001
68.202118043,0.1480201964915591,0.12344815489796042,0.9812494965516616
68.211808771,0.15058887202040136,0.12278650476617506,0.9809416220504302
68.222083835,0.15463435120759397,0.12132245784870364,0.9804943032206541
68.246138913,0.15111452271081027,0.12023040466989592,0.9811773798956014
68.246416769,0.1504321120118272,0.11883221918850172,0.9814525374965398
68.251748437,0.1504783075863597,0.118158123223323,0.9815268396036285
68.262243399,0.1503140466236746,0.11920125040122517,0.9814258755965223
68.271775622,0.15174906254157766,0.11840845567506891,0.9813010035877868
68.28222802,0.15307547195311652,0.11985869004651815,0.9809188520497827
68.292683186,0.15427135379448814,0.12013710867702364,0.9806974174112731
68.302009258,0.1556304341427673,0.11791196030077294,0.9807527402901114
68.312475222,0.1560698540877872,0.11903743463766533,0.9805469340117793
68.322243175,0.1568198861638452,0.12012365184455234,0.9802947676954556
68.332422998,0.15937548917967861,0.11898647546585046,0.9800212610474085
68.342204395,0.16077729913702835,0.11742635940411207,0.9799804641926793
68.352063784,0.16219210097709424,0.11601646461172133,0.9799152526211813
68.361775548,0.16199729083460776,0.11486038515316538,0.9800836544319642
68.371890591,0.16212283246678352,0.11726281754618852,0.979778351880708
68.381698979,0.1656640064794342,0.11850332747945874,0.9790364642511934
68.39335133,0.16616598695635715,0.11836043386759382,0.9789686779838743
68.401758457,0.16558867287715395,0.11725999217644945,0.9791988999429903
68.412077227,0.16610967947880315,0.11610763324681847,0.9792479726224975
68.421725302,0.1659263615898234,0.11734766465009604,0.9791312313120911
68.49555934,0.168195541228368,0.1147976570733029,0.9790463512221355
68.496591295,0.16984871664424972,0.11504808171902829,0.9787315016627763
68.497750481,0.17181728621218,0.11440532345249398,0.9784632042772032
68.499493446,0.1703711915359391,0.11495616535356505,0.9786514891123541
68.500797715,0.16920827588549972,0.11375541681385981,0.9789934956460957
68.50521045,0.16792292472577078,0.1137208185030251,0.9792188043489285
68.509203047,0.16984052994809865,0.11268636124441074,0.9790076498048641
68.509774147,0.17031749890777004,0.11332538418902748,0.9788510136196474
68.512075075,0.17114846506268241,0.11207927942690107,0.978849548209445
68.522044435,0.16918833232621008,0.11259118445391797,0.9791315199644733
68.532033666,0.1692484002063778,0.11037229096792762,0.9793737470516927
68.54218329,0.17127512539952197,0.10884979680449133,0.9791917856860316
68.551941181,0.1719871523247447,0.10829366924677128,0.9791286435582897
68.562068657,0.17425197025344374,0.10802664274588883,0.9787576284861564
68.571832333,0.1763835395512064,0.10648524565044391,0.978544704872574
68.582495695,0.17751587045732428,0.10539369229131985,0.9784581163039024
68.591911892,0.17660477355232426,0.1066771732866575,0.9784838959625759
68.602511383,0.17610778875691346,0.106592424700181,0.978582700509102
68.612290581,0.1758639975844627,0.10637182643817458,0.9786505448288572
68.622236243,0.17733357352364978,0.1062716526556601,0.9783962078540406
68.632520963,0.17803429077173416,0.10621117798743794,0.9782755117961025
68.646130992,0.17826922997542538,0.10547231045148542,0.978312666468136
68.65192909,0.1781799747547394,0.10602443462063253,0.9782692450750845
68.663018172,0.17856034240645763,0.10490149173490021,0.9783209499706532
68.671607243,0.17923285926990165,0.10442608168755885,0.9782488311372107
68.681948743,0.1790708944561362,0.10205955922976288,0.9785282117182448
68.692011178,0.17999389336966098,0.10124719374966795,0.9784432554356172
68.702664099,0.18063329115080518,0.0995471578921662,0.9784998607478801
68.711792031,0.1806583140983719,0.09882874191683126,0.9785680626907207
68.721608095,0.18185070110314147,0.09667051107336513,0.9785627904212945
68.823844307,0.18219229725863464,0.09596513560396121,0.9785686790246941
68.824212814,0.18124094112261765,0.09710930597305471,0.9786324662274491
68.824575968,0.1811926214243272,0.09813027865339356,0.978539566064034
68.824836099,0.18201648875596507,0.09722339121114468,0.9784771893214242
68.825089198,0.1823131300783184,0.09799402635568345,0.9783450788958095
68.825397846,0.18233391639314073,0.09875776960518648,0.9782644048902874
68.82577504,0.18257320510005462,0.09822951370997529,0.9782729616092818
68.826095444,0.1833210049084774,0.09665197114792289,0.9782902461092858
68.841908232,0.18359003305356242,0.0970590858291634,0.9781994855965724
68.842166154,0.18379512912189255,0.09670844683913152,0.9781956996537196
68.842420349,0.1856428038585809,0.09633637387860053,0.9778834554503144
68.842678612,0.18740442674621585,0.0947595793323168,0.9777014896995322
68.852192168,0.18854138189343456,0.09327496462876979,0.9776256585663123
68.8618325,0.18866790549686577,0.09268731935494962,0.9776571394237447
68.871736398,0.18951868331363242,0.09094311313153754,0.9776563909927718
68.882047409,0.18831162447732605,0.08987644719107443,0.9779882189101362
68.891839279,0.18850974711082868,0.09018956071825664,0.9779212229937846
68.901993492,0.1881454899669982,0.09042691218258209,0.9779694515465203
68.911808246,0.18688207921570832,0.09058353964380252,0.9781971737914671
68.922072893,0.18568242674807617,0.08953585368458473,0.9785220320983673
68.931935209,0.18469719000473425,0.0897882946558844,0.9786853478759878
68.997693194,0.18416141116938897,0.08977025103450068,0.9787879630774493
68.998130305,0.18532559460517342,0.08969663386573296,0.978574952600666
68.998534641,0.19053276522248133,0.0852960168437874,0.9779682279538836
68.998832275,0.1892777252454345,0.08788557754757687,0.9779826521902333
68.999138928,0.1915808996220715,0.08682107845740743,0.9776292033462842
68.999464378,0.1934000540159156,0.08477183661284256,0.9774508452213475
69.002145018,0.1921414706631942,0.08343168043891537,0.9778143023859508
69.011940491,0.19261429242954528,0.08173155096714983,0.9778648617924514
69.022104294,0.19078079722264543,0.07987445079165673,0.9783776160163432
69.032072249,0.1884852025813965,0.07989361348954142,0.9788208921612951
69.042049739,0.18715121819660013,0.08193213265199896,0.9789083446199771
69.051831271,0.18736802115959889,0.08122682904420218,0.9789256493167192
69.062193599,0.189817102239602,0.07910210779546811,0.9786277761435522
69.072407414,0.1902994552989423,0.07742433071366465,0.9786682738939005
69.081749749,0.18910433351698416,0.07685408077919108,0.978944840791698
69.091882389,0.18934687549949017,0.07645540205631239,0.9789291763120499
69.102164501,0.19332566547341823,0.07699999603964315,0.9781084743928739
69.112005033,0.1936609195049995,0.07612196294838926,0.9781108807355954
69.121835942,0.19557880418493254,0.0748579330310954,0.9778267848734273
69.132231933,0.19698191751381022,0.07380325107328728,0.9776252882897394
69.142245084,0.19732948266310232,0.07262034835876306,0.9776437798483476
69.152578255,0.19623742281784198,0.07183343045177949,0.9779216901957647
69.161660476,0.19137926542017358,0.07187672618903951,0.9788808471921292
69.17228633,0.19010415576834194,0.07137342425498147,0.9791660963645159
69.181718875,0.19134560544014584,0.0710855360491214,0.9789452006334947
69.192063267,0.1909800322751528,0.0707834248181244,0.9790384742405165
69.201733897,0.19163054697976645,0.07105728956329714,0.9788915134294266
69.213211816,0.1914636817368589,0.07075721701961217,0.9789458998409496
69.221758532,0.19233123037176497,0.06950307891149443,0.9788656801857474
69.244331594,0.19323749195008338,0.06730880634428596,0.9788405367031694
69.244665797,0.19079525146275186,0.06585463113997143,0.9794183680004596
69.251920333,0.19288242253666715,0.06393291654770517,0.9791368409257671
69.26176079,0.19293775571788532,0.06174746927890785,0.9792661908062569
69.271926993,0.192952381368006,0.06122855021463084,0.9792958915276987
69.282083983,0.1949154338537302,0.06112299641630181,0.9789136596016551
69.291868413,0.19194506132743444,0.06226742616549537,0.9794283338104592
69.302028532,0.1907901746437522,0.0611582817224212,0.9797238252875999
69.312015228,0.18778539523250995,0.061263932922651275,0.9802975955597459
69.321813874,0.18669822167561032,0.06086176725950295,0.9805302745500593
69.331842637,0.18479634843045875,0.06041448509490086,0.9809181411297717
69.344442266,0.1850749808538542,0.058929305437230024,0.9809559564132486
69.351815318,0.18591855190420112,0.056824567632492703,0.9809206188939171
69.361876938,0.18584044137777475,0.055768379146233546,0.9809960337513683
69.371813856,0.18271653190190248,0.05537231231080206,0.9816051018607719
69.38229781,0.18159964015093796,0.05433322071337719,0.9818703946162963
69.391592011,0.18006444311567552,0.05363182034555785,0.9821916433017863
69.401975925,0.17976761752154613,0.05353166801932409,0.9822514770717814
69.411612366,0.1823999513925072,0.052233951087834185,0.9818359700508864
69.42205269,0.18466792963212647,0.0509766414530382,0.9814780373454887
69.431893742,0.18349074490633607,0.051264868017097835,0.9816837881114813
69.441636038,0.17987219237298735,0.05197481132545328,0.9823159437770613
69.451981209,0.17763743710190782,0.051356671374468636,0.9827550219893056
69.461894306,0.1768914075104994,0.05133928517665373,0.9828904861410069
69.471910146,0.1778609104302702,0.04909870467864432,0.9828300024621728
69.632175405,0.1764378340200477,0.047855057450501705,0.9831477936723061
69.632976522,0.17433593969443884,0.04696859965053596,0.9835654176401918
69.633565202,0.17489732208333336,0.04556654463199037,0.9835317060158151
69.633815807,0.17396686654794224,0.04504553782258733,0.9837207067383326
69.634133669,0.17242292329568945,0.04439084582841204,0.9840222499155225
69.634401554,0.1722545136389698,0.04395416440448622,0.9840713459716757
69.634709107,0.17317622535386482,0.04363204069576482,0.9839238994947275
69.634970601,0.17041681194368102,0.04414987015950067,0.984382496376206
69.635232493,0.16965807163842528,0.04340777418661097,0.9845465473344036
69.635495114,0.1685743179345838,0.04438423937246978,0.9846891583785297
69.635756912,0.16894865715531543,0.04152325374362933,0.9847498010377854
69.6360187,0.16955501487612398,0.04090704602562217,0.9846713718372312
69.636279564,0.17201552480572124,0.038135723204784235,0.9843557923035048
69.636541248,0.17114227583996228,0.039086236264775046,0.984470714422208
69.636803398,0.17159283109093604,0.0385928407699172,0.9844117497061406
69.637065021,0.17124971193881233,0.037847310327494915,0.984500440457925
69.64203316,0.17103169044678374,0.03686629608977673,0.9845755618922991
69.651814234,0.1712097694950433,0.036581360059948005,0.9845552391438576
69.661779302,0.17153676272246537,0.0346901192457674,0.9845667751155384
69.67181648,0.17142511378462752,0.03306111117902365,0.9846422666590825
69.68301038,0.16784649065234336,0.0339064465283285,0.985229875947494
69.692869742,0.1645366721756781,0.03553105455922944,0.9857308089287169
69.702114769,0.16323316238996122,0.03499620987909596,0.9859666322905004
69.711829479,0.16412256994034136,0.033103085288412167,0.9858843582188359
69.722243967,0.16471137696307778,0.031006782777083405,0.9858543207395004
69.732476497,0.16248512783509178,0.029936767552089502,0.9862567481041364
69.742259375,0.15860974310452694,0.0309650912391331,0.986855669546904
69.753608455,0.15653498450012338,0.029655593208518745,0.9872270987057623
69.762456491,0.1553546493037195,0.028356194840491438,0.9874516996561838
69.771974746,0.15410537537566465,0.026439065951338915,0.987700617126438
69.782265979,0.15518543371706595,0.026492959881410778,0.987530052321836
69.792113864,0.15562677725056764,0.023713967906848866,0.987531242001343
69.801918137,0.1515965621419355,0.02146031051730471,0.9882094602963724
69.811859495,0.14840113016810932,0.020142320682167914,0.9887221002295663
69.82194706,0.14794977320578426,0.018242699565841916,0.988826611960311
69.832127377,0.14747864932485252,0.015688097511370187,0.9889408129861923
69.842041105,0.149415137198809,0.013066519521052563,0.9886882131609879
69.851979329,0.1496443294646372,0.01145258554126587,0.9886735623771372
69.861802296,0.14345164965115972,0.011651769146837005,0.9895887330038221
69.872098929,0.14560527651263844,0.00801169626384538,0.9893103234954409
69.882115676,0.1434558020586492,0.00816381063565683,0.9896230520009196
69.906548861,0.14111410585001852,0.005561009948810964,0.9899777190919495
69.906944311,0.13874644513768739,0.004422880145239126,0.9903180610757716
69.911974535,0.13263069784678258,0.004560246766283294,0.9911550343604708
69.921977752,0.13161292910958164,-0.0019143822871409302,0.991299335232126
69.932110595,0.1306596839326218,0.0003765557020906908,0.9914272062034765
69.941690682,0.12763656333899867,-0.001551486639443204,0.9918197923958856
69.952076001,0.12369366826785566,-0.005671435655283383,0.9923042432883423
69.961950372,0.116893027519648,-0.006134615614738942,0.9931255643716711
69.971987524,0.11461745865703243,-0.006422633659179666,0.9933889409228811
69.982225682,0.11483794655165933,-0.009662785790836967,0.9933372421300627
69.992528356,0.1100736514420113,-0.011501105269077784,0.9938568890115984
70.001814278,0.10730805712736836,-0.012580627480326201,0.9941462209794648
70.012277346,0.10107245842517555,-0.01600998260239977,0.9947502393088238
70.021740795,0.09646877698002133,-0.019998184739796268,0.9951350901636882
70.031952625,0.09288556443076043,-0.018712528596486252,0.995500935807649
70.041792956,0.08737520885819541,-0.01912864450342053,0.9959918010889691
70.051993886,0.09098872047830518,-0.019426034800774896,0.9956624337181956
70.061824963,0.08923018226354537,-0.02114304592223074,0.9957865967075199
70.071697192,0.08412210798732682,-0.02270485618298583,0.9961967478633317
70.081974296,0.08098817999497634,-0.02507710053721717,0.9963995452275898
70.091719722,0.07683472431376867,-0.02625839767201348,0.9966980092742866
70.102190894,0.07224333057747145,-0.026971396815005544,0.9970222890893271
70.113962476,0.06809732043050866,-0.028298633265888204,0.9972772645084553
70.122303804,0.0630266682424603,-0.031222988658970212,0.997523315050559
70.132467021,0.05584361399665779,-0.031006428614402316,0.99795796111879
70.142316829,0.0534937258747586,-0.03251226743037304,0.9980387636552861
70.152568262,0.05134882785053544,-0.036154812358741045,0.9980261156010299
70.162961125,0.04515204445591035,-0.03716343292435512,0.9982886216594521
70.17235361,0.03953438091377822,-0.03634436976887268,0.9985570186583578
70.182196657,0.03817290519193466,-0.037508167977874665,0.9985669565152611
70.19252755,0.0324154360141904,-0.038323698487691404,0.9987394723561468
70.201859925,0.02902896721651315,-0.04128568254126059,0.9987255936839934
70.21189179,0.023330328675948427,-0.04250331164431007,0.9988238905148089
70.222272943,0.021313945768027028,-0.04238140465461234,0.9988741323386544
70.231854339,0.018403899987883394,-0.044215314318560156,0.9988524928361281
70.242174614,0.01251311071091254,-0.047672045776560354,0.9987846605308944
70.252116817,0.007499031396323729,-0.04736268103206394,0.9988496087868143
70.261941661,0.002313982781883025,-0.049132610706402444,0.9987895834703416
70.272372501,0.0004737640070804816,-0.05028337352265094,0.9987348786814483
70.28216136,-0.009450890738079067,-0.051979652870218614,0.998603422962163
70.291957475,-0.014206324373022342,-0.05290764685146708,0.9984983531546003
70.301923034,-0.014794256524003296,-0.05242409096215362,0.9985153201932828
70.311841093,-0.019672416714141227,-0.056505987927969265,0.9982084298125865
70.32219905,-0.029676140293219338,-0.05719138800746905,0.9979220770356152
70.332062023,-0.03251371969999879,-0.05812648586968684,0.9977796197917208
70.341736515,-0.03547963131984144,-0.060286610073961584,0.9975503598351305
70.35205081,-0.044663088883655104,-0.06401691209286095,0.9969488670225096
70.361822721,-0.0489315629292015,-0.06432001027350473,0.9967289693932457
70.372472016,-0.05684340584805933,-0.06552701346126326,0.9962304139698007
70.381986721,-0.062438405740222004,-0.06774643138230675,0.9957468887842843
70.392144536,-0.07155545401995123,-0.0669210307664789,0.9951891240569055
70.40174149,-0.07644842588225961,-0.07133973620054547,0.9945181145755773
70.411855785,-0.08208715292822892,-0.07055383367239582,0.9941246681771184
70.446637743,-0.08721521828911546,-0.07207419692240649,0.9935787919620529
70.446925538,-0.09321823014504042,-0.07564639271034632,0.9927678403526871
70.447268035,-0.10063188523413273,-0.07477574316252608,0.9921097781539684
70.452067678,-0.10561115023224704,-0.08277768144610081,0.9909561748135131
70.46181558,-0.11332608008292494,-0.0768179101889098,0.9905837714435095
70.472083705,-0.118673465818503,-0.08324960932571725,0.9894372698952372
70.482427393,-0.12169336627871853,-0.0835028766975232,0.9890490352793394
70.492550725,-0.12654718508896554,-0.0840697302540069,0.9883916685206718
70.502282831,-0.1325543667458813,-0.08257279467454481,0.9877302635012425
70.51249961,-0.13649896135391354,-0.08011411522902766,0.9873954436244745
70.521952862,-0.137571487562822,-0.08045893155002189,0.9872185402146686
70.532504835,-0.14198836119095273,-0.08116441781146383,0.9865351704666356
70.54187536,-0.1428987663201076,-0.08011949524500048,0.9864891327662345
70.566855973,-0.1458935177193244,-0.07716698861789341,0.9862861336119085
70.567106754,-0.1466062956256942,-0.08079430581446678,0.9858898895063638
70.572410423,-0.1496814466493282,-0.07597230175914745,0.9858111755779507
70.588966129,-0.15303828996307095,-0.07753206142118337,0.9851741273789933
70.592277747,-0.15207007381121135,-0.08016051504628009,0.9851136911435999
70.602696254,-0.15423954627414574,-0.0801645519679671,0.9847760186828887
70.61215221,-0.1565520549914106,-0.07620779494607242,0.9847252541025968
70.622400109,-0.1603386075505601,-0.07895142726798678,0.9838994882919165
70.632392174,-0.16493382087176933,-0.08103538012072294,0.9829700412023397
70.642536448,-0.16780937333961807,-0.07880537491726673,0.982664605602295
70.652357538,-0.16920711112510958,-0.08024512515632184,0.9823083392872837
70.662455528,-0.17345359265361548,-0.0837712163336278,0.9812727625433911
70.701915441,-0.1782854729516446,-0.08511735168181042,0.9802904297079941
70.702233503,-0.1818585040853889,-0.08524183537515333,0.9796230468877811
70.702541755,-0.18281208087802794,-0.08581926059089348,0.979395118221792
70.702803173,-0.1851966340966969,-0.08439486426690904,0.9790708419744836
70.711709381,-0.1916530419263044,-0.08551191010285925,0.977730445854559
70.722292297,-0.1956955668981111,-0.08831450835639013,0.9766799848006491
70.732241284,-0.19825148616712684,-0.0899992943620191,0.9760104893119049
70.741958397,-0.20273792238663163,-0.08991929799460464,0.9750958182017344
70.76660894,-0.20586348156970297,-0.09094689130738157,0.9743453648052747
70.766867986,-0.2093793640091518,-0.09100808747580424,0.9735901652857426
70.772115254,-0.21363051721012727,-0.09294781185845127,0.9724827537736901
70.782576159,-0.21804200658550585,-0.09412700289967085,0.9713896183763194
70.792000104,-0.21999546129545236,-0.0949336531150566,0.970870536433994
70.802043123,-0.22150575569472664,-0.09707447779287792,0.9703152817282371
70.811961156,-0.22328234887686407,-0.09730402487906878,0.9698850031948963
70.821784632,-0.2248814318331939,-0.09768383319723707,0.9694772871751803
70.832056348,-0.22786727881886637,-0.10018036095172284,0.9685248569465152
70.841837446,-0.2284319995842713,-0.10082525658796185,0.968324888247691
70.852236786,-0.22934274331661902,-0.101461941920412,0.9680430674457343
70.861824363,-0.22915758512703951,-0.10138335410871281,0.9680951485718804
70.93158613,-0.23049021303909448,-0.10203155366406282,0.9677106095058018
70.931931592,-0.23170034727908403,-0.10257503952084104,0.967364104325796
70.932276219,-0.23342413063393694,-0.10308255162208886,0.9668956317973881
70.932756387,-0.2331663688626389,-0.10296776411609691,0.9669700533027608
70.933050673,-0.2337150991755918,-0.10307703834326812,0.9668259287915916
70.933329332,-0.2345236878062025,-0.104439614960201,0.9664838367426245
70.933610632,-0.2352955339467515,-0.10383187511875286,0.9663617094101137
70.941790527,-0.234833834983127,-0.10379961595926926,0.9664774749955768
70.953501882,-0.23429944571001657,-0.1037313305581349,0.9666144944085093
70.961981504,-0.2335422318325823,-0.10287011366106653,0.9668897381118572
70.972142038,-0.23318389880669174,-0.10253104291575414,0.9670122308305715
70.981839809,-0.2326329468507965,-0.10205219031825408,0.9671955657935789
70.992227166,-0.2315475528790361,-0.10135782009962487,0.9675289778918159
71.001983395,-0.23095639696601844,-0.10186338518785228,0.9676171729865826
71.012136014,-0.23001222909437763,-0.10107355287582091,0.96792484800014
71.021838184,-0.22902988969501012,-0.10015750615966519,0.9682529543389827
71.032445906,-0.2281783672164736,-0.09979174389795781,0.9684917349075461
71.042171358,-0.22722675473415535,-0.09867984505728979,0.9688293400348966
71.0519796,-0.22623172773812125,-0.09772329688611367,0.969159100772589
71.062032321,-0.22554503638207732,-0.09661663277923595,0.9694300711417042
71.072268113,-0.22416903569348062,-0.0955456785896256,0.9698552813379443
71.084676085,-0.22297722503346487,-0.09499079537705156,0.9701844700416569
71.092454458,-0.22308810394442388,-0.09388954496351264,0.9702661754513688
71.123189191,-0.22202366149278346,-0.09313616488087557,0.9705828911167868
71.123487046,-0.2211589593717258,-0.09362385380721036,0.97073337672499
71.123772417,-0.22022879780583207,-0.09213710820759469,0.9710870351869292
71.153316815,-0.21957521630749555,-0.09159359069344396,0.9712864348519433
71.154246951,-0.21866053395717897,-0.09150064934372273,0.9715015193293517
71.154895074,-0.2179531611751258,-0.08977651462714048,0.9718212782992418
71.16208125,-0.2168250442659543,-0.08743989897809643,0.972286564879803
71.172087296,-0.21503989545709687,-0.08653980909710306,0.9727634372257409
71.181912167,-0.21346249381218657,-0.08529156366472909,0.9732209990043925
71.192009559,-0.21322242783108522,-0.0833215087398532,0.9734442574955857
71.202046894,-0.21295113220259812,-0.08187475904729545,0.9736263857992855
71.211845766,-0.21133012771150977,-0.07960968825103623,0.9741672724219439
71.22280971,-0.20733334822886748,-0.07764475165805747,0.9751841750419077
71.231771127,-0.20522590137550098,-0.07251903209366084,0.9760242411891273
71.24208748,-0.20128820965934816,-0.06794430114265691,0.9771727731544562
71.251951808,-0.19792039597877467,-0.06326585321863995,0.9781742936062686
71.262045121,-0.19517546351590875,-0.06137344768328464,0.9788461770680915
71.27180845,-0.19092241094110868,-0.060452937239667555,0.979741841190592
71.282819089,-0.18914197509927644,-0.056105423224956284,0.980345599643459
71.292428523,-0.1889787487961433,-0.050388107998945275,0.9806875501788176
71.302632886,-0.18980276744734625,-0.04767023537740042,0.9806642943068703
71.311876118,-0.18833563680230397,-0.04708499349563993,0.9809753775186136
71.321825008,-0.18650720805962362,-0.04473071846822417,0.9814347783562192
71.331974896,-0.18592318992971604,-0.03995379477502119,0.9817516293490093
71.34179101,-0.18385630393578006,-0.035989427792031105,0.9822940601420108
71.35215096,-0.18324942687437598,-0.03344268261431637,0.9824974475945323
71.431748601,-0.18513652910226625,-0.03407640569544307,0.9821218173764624
71.432000868,-0.18385646488365717,-0.034723079057939706,0.9823396093516849
71.432285507,-0.18239240676848462,-0.03130861077054369,0.9827272158869003
71.432533861,-0.18061036165586455,-0.02612846696222018,0.9832076080242371
71.4327732,-0.17932446023504908,-0.0235270379957414,0.9835086255059258
71.432998491,-0.17971080356753782,-0.02138200698121131,0.9834870801686036
71.433381562,-0.1792185303273882,-0.019303789592014613,0.9836198869963327
71.43363269,-0.1798776054581209,-0.018964945861426028,0.9835061656558772
71.441986192,-0.17865605974887885,-0.01936389184737729,0.9837210234652548
71.451686209,-0.17748286948414596,-0.017398509525625685,0.9839700823226084
71.461959072,-0.17695771188217285,-0.013643017124836109,0.9841238927539343
71.472129076,-0.17547397639946252,-0.011134250113178529,0.9844211050566614
71.482306419,-0.17504364087197088,-0.009505181839396394,0.9845147918180227
71.492068558,-0.17480131945450797,-0.007626353221497449,0.9845741909340829
71.502064521,-0.17310923831624267,-0.005925816828374136,0.9848848035706953
71.511936345,-0.17314265997305214,-0.004340653447851067,0.9848871905071676
71.522441675,-0.17251387112010438,-0.002664774524762812,0.9850034838760157
71.532153013,-0.17112774137447076,-0.0018960504519254964,0.9852470254330922
71.542119738,-0.1699756367272386,-0.0001329515973871648,0.985448255994724
71.553464053,-0.16876275790571316,0.0017706099560911514,0.9856551103121423
71.562524464,-0.16791660697961303,0.0026399163741851316,0.9857976688661785
71.572704865,-0.1664009560825926,0.004721552278969119,0.9860468694534129
71.582951037,-0.1674182849534843,0.003457826807082372,0.9858798919224423
71.592433686,-0.1657842395972152,0.005315575820270558,0.9861477224812073
71.602276277,-0.16442029307596512,0.0067129411838159,0.9863675296994912
71.612806527,-0.1634317584094374,0.008663033093876508,0.9865166051318212
71.622383019,-0.16227381148337733,0.011479719369916213,0.9866789883998978
71.632806014,-0.1611902162327081,0.012922737256660969,0.986838749265881
71.64208934,-0.16007522685885872,0.013667906591897993,0.9870101874223388
71.651803404,-0.15969875044005405,0.014348044087528735,0.9870615192270173
71.66212196,-0.15852487079726751,0.01505885382598734,0.987240141130899
71.671858853,-0.1600777550987961,0.016125994238026804,0.9869726767405291
71.682059561,-0.16048699022268126,0.016654139083897318,0.9868974443277475
71.691894215,-0.15997768362542542,0.01679581131553095,0.9869777309869238
71.702049481,-0.16073107495927474,0.0173927725092442,0.9868449792175455
71.711778544,-0.15881922864286993,0.01785719476964191,0.9871461762111237
71.721900568,-0.15880209939850382,0.018669370722336043,0.9871339057207285
71.731974002,-0.15866973977324955,0.01872626293433837,0.9871541119586157
71.742000609,-0.158701385052365,0.020151186869834695,0.9871209652571452
71.751667576,-0.15933898924606715,0.018516103221987188,0.987050272492498
71.76199168,-0.15962375044716354,0.01888544813187449,0.9869972634926806
71.772583842,-0.15866089544261328,0.01964674400480736,0.9871376427364917
71.781977973,-0.15846714385004368,0.01816875320406813,0.9871970728922465
71.791859569,-0.15729592105521492,0.019292757074666555,0.9873630450568067
71.802060841,-0.15599058315607148,0.019274719235494644,0.9875704649112496
71.811824383,-0.15502063173722214,0.019755432988735167,0.9877136865525454
71.822151104,-0.15490735309223527,0.020457875234266964,0.9877171595648507
71.831769191,-0.15412727734375622,0.020392820672170225,0.9878405312820655
71.84206034,-0.15352320087112786,0.021393856531828893,0.9879134221666284
71.851924125,-0.1549983165416848,0.023167529055315994,0.9876430465845011
71.862101871,-0.15489410826313568,0.024378942252019968,0.9876302356651708
72.016996528,-0.15268165443792572,0.025126248794191192,0.9879559625912637
72.017325295,-0.1515177380893504,0.024246759153842185,0.9881571078096958
72.017793294,-0.150281961983142,0.02492250734709666,0.9883289940753693
72.018067825,-0.14908940814420477,0.024281767749493997,0.9885255404561738
72.018349358,-0.1484903310511817,0.022399579551566,0.9886601440435553
72.018691852,-0.1485055101422833,0.021217543715887136,0.9886839380186394
72.019005452,-0.1476758814987698,0.021660867383250827,0.9887985845700663
72.019271425,-0.147623428125062,0.022026941313824565,0.9887983299566003
72.019536648,-0.14678468713742288,0.02231782169164475,0.98891666507189
72.019796908,-0.1466815185844883,0.022502723161219113,0.9889277827809662
72.020057797,-0.145919622988337,0.02208847630298367,0.9890498282905437
72.020319208,-0.14494793199955985,0.022525016023450636,0.9891828550183198
72.020579207,-0.14446203838721758,0.02303616818396041,0.9892421616674101
72.020834087,-0.14366554052176342,0.02395321749855731,0.9893363714319092
72.021094508,-0.14268545119365764,0.022880855447274195,0.9895035767856847
72.022491296,-0.14187750683863473,0.0245918147610226,0.9895787061674339
72.032662458,-0.1419349681203436,0.02427447237584461,0.9895783015080473
72.042741923,-0.14138824874312134,0.024380458882254187,0.9896539578772188
72.052406345,-0.14187922544201315,0.024492818703830504,0.989580914943248
72.062527952,-0.1408678707593883,0.02471726490888455,0.9897198087353513
72.072592465,-0.1414811125757904,0.023762737046187254,0.9896557114029052
72.082418136,-0.14177449186520755,0.02355138112467867,0.9896187780673336
72.091829709,-0.14145900299227962,0.02400145351171136,0.9896531112979716
72.101995924,-0.14060351304347185,0.023903337169724655,0.9897773904227076
72.1119245,-0.14143809102634106,0.023727856351006625,0.989662697710594
72.122217285,-0.1427064662417162,0.025471191563828596,0.9894372556625916
72.131832627,-0.14329816333981446,0.02649085370442855,0.9893249572579509
72.142154734,-0.14230239378292578,0.02607833835600889,0.9894796354611037
72.151992644,-0.14187886823562934,0.025096282251338357,0.9895658458967439
72.161938464,-0.14111334640848555,0.024938023582203945,0.9896793008066868
72.172010409,-0.13928484631434038,0.024867344360355884,0.9899400723132963
72.182341678,-0.1384152815803232,0.02384976570196288,0.9900870661214606
72.191940028,-0.13836309472342295,0.02393954291770527,0.9900921938402749
72.202085105,-0.13751552105950496,0.024187956856733514,0.9902042335855921
72.23199013,-0.13719852779281083,0.025144859530890625,0.9902243685199114
72.232614122,-0.13645475707968382,0.02472380627044794,0.9903377366705894
72.232951703,-0.13583071558927526,0.024906747149786263,0.9904189369397791
72.242096142,-0.13609974271873154,0.024500629535973966,0.9903921340480427
72.251906752,-0.13574743601506495,0.024572276456928277,0.9904387092824373
72.262255876,-0.1358756051056974,0.024812482974192782,0.9904151455959345
72.271926973,-0.13576417361969798,0.024973178433525246,0.9904263877342363
72.28175867,-0.13592251202721808,0.024560503726710457,0.9904149899819272
72.292169674,-0.13566524975791824,0.024803361864840806,0.9904442100635065
72.30181085,-0.13546336056256852,0.025226370322746924,0.9904611593522662
72.313995007,-0.1355747540736059,0.024769931357972928,0.9904574380347714
72.332446301,-0.13577999665327647,0.024915467505761433,0.9904256721166943
72.333111803,-0.13521789806816553,0.025140928586690165,0.9904968721565082
72.341886896,-0.1353449178938091,0.02479972337272407,0.9904881255830149
72.3520449,-0.13535157862681815,0.02461848754261818,0.9904917365805443
72.361894025,-0.13479285563054544,0.024826447699902315,0.9905627358050408
72.372145661,-0.13454050438819629,0.024677600857217145,0.9906007615053107
72.381823416,-0.13373387647151574,0.024952879693449382,0.9907030857319995
72.39225691,-0.13320587083378427,0.024876739410535854,0.9907761320357459
72.401752479,-0.13265530986359025,0.025678329932484957,0.9908295474686216
72.41205544,-0.1325053020002416,0.02576401854798192,0.9908473950564154
72.421938401,-0.13259841230633201,0.02666768665230624,0.9908110291788512
72.43170604,-0.13225615178669575,0.02545193564146884,0.9908887471793578
72.441935516,-0.1318591470500563,0.025672605264208708,0.9909359629553162
72.451999491,-0.1313427123783753,0.025981386587908054,0.990996498205751
72.46191918,-0.13052915564064707,0.026141836613745105,0.9910997648603292
72.472313003,-0.13057357162809244,0.027371398311109275,0.9910607191019015
72.482528362,-0.1305015881793788,0.026776737633271604,0.9910864451723568
72.492283288,-0.13016834811748448,0.026357956488655215,0.9911414930665084
72.502308372,-0.12973241046805037,0.026391461833165805,0.991197756462583
72.512416425,-0.12889335740993002,0.026633187539363744,0.9913007493879388
72.662562073,-0.1295760549865248,0.025714973671531326,0.9912359891081446
72.66327695,-0.1311499360408578,0.027426711778089478,0.9909830824779606
72.663850416,-0.1301904648546112,0.0260307114201781,0.9911472367533998
72.664459069,-0.13109530366808114,0.027285363128867368,0.9909942130583304
72.664934179,-0.13216829301824684,0.027831632398352166,0.990836486287564
72.665199855,-0.1318121088066333,0.027237364352209706,0.9909004460363782
72.665504549,-0.13089485552119928,0.028048185103885265,0.9909994127699887
72.665769541,-0.1300761633457657,0.02702729069174781,0.9911355695802212
72.666033077,-0.129406696669402,0.026751925058952547,0.9912306701079994
72.666299645,-0.12866434749106015,0.027400121768354088,0.9913095979620995
72.666571204,-0.1280642716661649,0.028589428146702622,0.9913537143325077
72.666835415,-0.12678058586200755,0.028253897955949903,0.9915283154296608
72.66716946,-0.12564759856975197,0.029845934336314783,0.9916258877103034
72.66747822,-0.12428565242278973,0.03022918046538955,0.9917859009132124
72.667742774,-0.1237969105423812,0.03022071115862333,0.9918472833845082
72.671992758,-0.12268550936500643,0.0305399312014875,0.9919755936483807
72.681871366,-0.12231511667320381,0.029074378837274206,0.9920653671651113
72.691945519,-0.122757989091109,0.02864429433071258,0.992023175392895
72.70226377,-0.1223839766552446,0.02800721375016267,0.9920875758903552
72.712864629,-0.11987803916777193,0.025900852905055706,0.9924507048433594
72.722989621,-0.12132033061017042,0.027994223778785056,0.9922185751212594
72.732228584,-0.12339705821117915,0.02891143351987631,0.9919361345553718
72.750298102,-0.12208909163453506,0.027667343224783595,0.9921334445641554
72.752155249,-0.12160633744218856,0.026513740137441077,0.9922242288302684
72.762669928,-0.1212855169562116,0.0273973515318939,0.9922394915068148
72.771959708,-0.12108305032813314,0.02751620458708791,0.9922609301027409
72.782235914,-0.12034359046999231,0.02747349133713069,0.9923520683238078
72.791925003,-0.11961564454472912,0.029143976343231515,0.9923924255167683
72.802001798,-0.12027777811012433,0.029099954124453677,0.9923136846596677
72.812103046,-0.12037083172775077,0.02858745514287934,0.9923172981852243
72.822133769,-0.1203522015135867,0.02810252267685336,0.9923334096008407
72.831763638,-0.1192254433933441,0.029431330327562517,0.9924308995808275
72.842164406,-0.1183540727263323,0.028608419430799156,0.9925592535495106
72.851810464,-0.11834279142412629,0.027005386954291086,0.9926055071343272
72.861843922,-0.117325438254796,0.028491584033331737,0.9926847289938492
72.872095633,-0.11591397737046293,0.028342276975243493,0.9928548056921609
72.882492426,-0.1153899444352808,0.02975441052656292,0.9928745317397559
72.892023479,-0.11520601006303288,0.03347461882776633,0.9927774298097697
72.901941738,-0.11401965889539643,0.034564909781301445,0.9928770238036471
72.911782968,-0.11322143089166228,0.03427936333952635,0.992978264029924
72.922022771,-0.11135925910643851,0.03527386545426285,0.9931540010628662
72.931777751,-0.10927171522612042,0.03656309443631886,0.9933392332817538
72.941837256,-0.10789884706159296,0.03647735675203389,0.9934924464972866
72.952058276,-0.1077246043356953,0.03770676021647503,0.9934654547867757
72.962071462,-0.1058625132665664,0.04031880973840185,0.9935630437300719
72.972218396,-0.10352825103852507,0.04177093517496095,0.9937490076530963
72.982029824,-0.10140608170081347,0.045203601358371176,0.9938176095332188
72.991888085,-0.0994966454970272,0.04864876305778394,0.9938479337342241
73.001893405,-0.09952704221217486,0.05067817293495883,0.9937434732648414
73.012244526,-0.09908072729870339,0.05370489772889061,0.9936291025517969
73.02161979,-0.0966613811593642,0.05533725487758254,0.9937778250771032
73.031796508,-0.09531473519099504,0.057512770886400104,0.9937843742182904
73.041758922,-0.094892934955101,0.05931344132449608,0.993718897160486
73.052180673,-0.0919976666759778,0.06136016552589301,0.9938668720773476
73.061877053,-0.09144299260790374,0.06090846382064358,0.9939458426584018
73.072172641,-0.09169269868711287,0.06129865364305486,0.9938988500189662
73.08186967,-0.0912288281291555,0.06379565663577669,0.9937843906565402
73.091802645,-0.08995312754550895,0.06506286584058983,0.9938185238429553
73.101854848,-0.09183858849048698,0.06788464997358856,0.9934572703252207
73.111857556,-0.0929145318912472,0.06867539271702212,0.9933028642859102
73.122143554,-0.09413746486329977,0.07088342264800963,0.9930325664865249
73.132655624,-0.09317240107430325,0.07319764104042781,0.9929556933842345
73.142099569,-0.09151808748633472,0.07563213631685368,0.9929270968298692
73.152015581,-0.09052545745488148,0.07767031652955426,0.992860747276668
73.162307241,-0.08797855921630797,0.07977751039262954,0.9929226162968474
73.172320518,-0.0854051618039688,0.08028157507302049,0.9931066544138314
73.182150784,-0.08496036928735345,0.08176760734080452,0.9930235616743022
73.191797006,-0.08431888574333808,0.08329201556947474,0.9929515424477553
73.202105665,-0.08430912406666809,0.08454784533016797,0.9928462285012405
73.212012123,-0.08273744206085934,0.08713548574335811,0.9927547143204584
73.222261012,-0.0808060552243288,0.09020311212386493,0.9926398037567566
73.231986151,-0.0820205703581001,0.09208514646286085,0.9923673472253335
73.242150048,-0.08074726774370403,0.09523098828451035,0.9921748523432159
73.25172821,-0.07941579852805261,0.0973839609400153,0.9920733315112273
73.262236678,-0.07770481597725198,0.09893417855061754,0.9920554369028256
73.373525313,-0.07676585434926171,0.10095493781583852,0.9919249488427176
73.374294222,-0.07591107428356306,0.10255951997338893,0.9918261206804061
73.37533951,-0.07550684009641913,0.10427966205324764,0.9916776034481742
73.375757177,-0.07327604564970767,0.10630257165634069,0.991630165128709
73.376270095,-0.07158838225260528,0.10774229887068855,0.9915980539313872
73.376781187,-0.06979911026990523,0.109249947763526,0.9915606552900315
73.377220716,-0.06830639334743523,0.10952897715835971,0.9916338234401393
73.377622044,-0.0674061237647609,0.11328765788709669,0.9912730809668272
73.378082478,-0.06607173172439519,0.11610629282464426,0.991036757660107
73.378897963,-0.06507540454556861,0.11707290359215385,0.9909889640998698
73.379312802,-0.06291733367647037,0.11974152945584392,0.9908094545605725
73.381838515,-0.06096109687820786,0.1214514748179469,0.9907236163188762
73.392126128,-0.060245106486376,0.12291329054156244,0.9905871239586606
73.402524344,-0.059765026638684514,0.12505236892584856,0.9903484470714895
73.412698491,-0.05923516676423781,0.12723324375657247,0.9901024677787615
73.422212717,-0.05879335030434991,0.12793665974369292,0.9900381573725413
73.433634995,-0.058214041958621315,0.13008507982064785,0.9897924011260621
73.442199389,-0.057780212862118534,0.1306916445069683,0.9897379153380316
73.452069806,-0.05686851318068085,0.13064923763035052,0.9897963168830377
73.461698415,-0.05651762764137694,0.13115769738950206,0.9897491683155256
73.472003183,-0.056127797841783005,0.13153818033715517,0.9897208583348246
73.481750514,-0.0557923244877104,0.13176252864697213,0.9897099840725131
73.492108996,-0.05574805219615206,0.13242036601203697,0.9896246770071842
73.501849425,-0.05495335874990975,0.13272239816342987,0.9896286643927872
73.514023089,-0.055115530487036296,0.13480952640511032,0.9893374903891808
73.522220575,-0.055552228636613604,0.13729935453489045,0.9889705946780257
73.53281998,-0.055017662553814004,0.13839982379677002,0.9888470789662767
73.542640772,-0.05421558384426182,0.14147834987871308,0.9884556373373681
73.5526566,-0.05422847662549882,0.1449139244882833,0.9879570976577282
73.562428853,-0.054664085004039666,0.14836696561509885,0.9874204177172149
73.572726385,-0.055160878728703996,0.15008635445973909,0.9871329007093538
73.582359719,-0.054383007672141326,0.15109608604776995,0.9870220166022523
73.592883066,-0.05241284801856991,0.15307483551737408,0.9868236864272721
73.60247924,-0.0527842379646949,0.15412097334627847,0.9866410440465583
73.612304843,-0.05513329747294826,0.15670707438367437,0.9861050716571074
73.622830648,-0.054590934200372934,0.15790768139504474,0.9859437073482298
73.632480436,-0.052238307699909635,0.15745532885695046,0.9861434878470775
73.642314073,-0.050681668825205355,0.15755357170390805,0.9862090247449745
73.65208358,-0.04846162425433379,0.15785545419316147,0.9862723389389478
73.662389319,-0.047042317470261295,0.1577717337031637,0.9863544496839487
73.671721483,-0.04877237063174189,0.15643096860559705,0.9864839623248189
73.682031913,-0.045672501115323526,0.1573045760612452,0.9864934328175038
73.691842626,-0.04206538316209969,0.15560335192962957,0.9869235534770106
73.702006087,-0.03830094442812934,0.15346898628727515,0.9874109113757401
73.71190668,-0.03749746480657065,0.15758467542650093,0.9867932965944815
73.722393411,-0.03710805063988249,0.15991631614701107,0.9864328484026051
73.731927614,-0.035999996933323716,0.16123365014804728,0.9862594538359254
73.742301599,-0.030027844468732332,0.16330131376573861,0.986119165962687
73.751993259,-0.02583664513291862,0.16272839757210408,0.9863325688589478
73.762362019,-0.023189355968680755,0.16358731643995714,0.9862562768721582
73.771997609,-0.020090615900645092,0.1681484844334648,0.9855569259740717
73.782836849,-0.015160816348082518,0.16963948615836802,0.9853895647831798
73.791957098,-0.011363148185211462,0.16779673417373586,0.9857561234219899
73.802200234,-0.010690169965702212,0.17255778620164347,0.9849413843916258
73.811972812,-0.007868244421697824,0.1725828259438115,0.9849635825343841
73.822192821,-0.003938976682500631,0.1687037654939019,0.9856589288242021
73.832044669,-0.0045920016253988664,0.17308977233421663,0.9848953468436946
73.841914909,-0.0030066838351433564,0.17504777277764638,0.9845553499412315
73.851993383,-0.001232397462779329,0.1743768398962006,0.9846782209962341
73.861992511,-0.0002485506155975156,0.1755882219128845,0.9844636684754107
73.872126751,0.0023571921623379614,0.17292122123768064,0.9849328377563513
73.970122946,0.005123444216546806,0.17248207643909472,0.9849993317899349
73.970384635,0.006834464286659089,0.17156060946451157,0.9851498603654573
73.971098821,0.007910725401091959,0.1714275798148764,0.9851649634972016
73.971591575,0.006971416211215564,0.17033502458012717,0.9853615472288826
73.971951037,0.008087562617069744,0.17014044945338141,0.9853866341648421
73.972373725,0.008415611225989533,0.16972247263055817,0.9854559654149254
73.972634168,0.009301846071968115,0.16963054714235695,0.9854638263964021
73.97289409,0.009064770605772226,0.16818590660807697,0.9857136149776383
73.973172969,0.009800100694146621,0.16805660682474582,0.9857286314848207
73.973434866,0.008545436699841534,0.16849713031377314,0.985665101638296
73.981803722,0.0092325166771353,0.16762618687405903,0.9858073960515155
73.992124896,0.007784002464962377,0.16948786726598758,0.9855015333094376
74.001845916,0.008851256405035883,0.16891765439820589,0.985590422687163
74.01200367,0.009147057621026473,0.16883264614039212,0.9856022874030431
74.02174136,0.009906790401000514,0.16879328418206857,0.9856016856311591
74.032427684,0.010639848440464044,0.16671284530430283,0.9859480822212231
74.042416342,0.011857799394366684,0.1660874914527069,0.9860397242385674
74.052430384,0.014057948189716469,0.16485901950345275,0.9862169526940081
74.062396612,0.01528829503495871,0.16148943595665177,0.9867560134649936
74.159285207,0.016468778630430923,0.16014234267499083,0.9869565387660126
74.159783345,0.016892242565652138,0.15717968875770705,0.987425540272852
74.161800941,0.017975094694761697,0.15577234227623374,0.9876294210646471
74.162064286,0.01934841906373427,0.15298933087764277,0.9880384118632966
74.162320653,0.021168474319490028,0.14835695672999136,0.9887072919144477
74.162580539,0.022584466403953857,0.1428641372377709,0.9894846033004032
74.162839369,0.025060461051736684,0.13837130099652376,0.9900633092648186
74.163099476,0.025602434233632496,0.134608331172012,0.9905680756719342
74.163354389,0.02637840119301007,0.13092078834172677,0.9910418392431681
74.1636082,0.026344982520055123,0.1278853712235532,0.991438991427628
74.175221146,0.02870624694125095,0.1265657762709879,0.9915427654233933
74.181976726,0.03126658766151889,0.12507419691318628,0.9916546000309412
74.193071033,0.03270001844276095,0.12502022582101996,0.9916151733054029
74.202055676,0.034193632819212366,0.12417744443272408,0.9916706901833807
74.211915305,0.033875775018679874,0.12559810238485983,0.9915026719803666
74.222174125,0.03477762352996536,0.12363973950623865,0.9917175665059269
74.231938219,0.03702714983768406,0.12076015566038495,0.991990914766752
74.241967193,0.03821070440257558,0.12019581154519277,0.9920145709393847
74.251836439,0.03990053515750384,0.11781209938395855,0.992233972676248
74.374846994,0.040712181761197425,0.11642636772807169,0.9923645596019092
74.375167049,0.041679661922428925,0.11604321053384094,0.9923692755577586
74.375425703,0.04236450532946921,0.11456781922553831,0.9925116943825366
74.375708182,0.0433118171902973,0.11418485218683776,0.9925149399493916
74.376005986,0.0455511667732737,0.11410948467959996,0.9924233555855837
74.376379038,0.047729107294020474,0.11292539417788165,0.9924564411936102
74.376653681,0.04849130020719559,0.11108977686434943,0.9926266444542201
74.38192283,0.04905391896824078,0.11145950142672266,0.9925575512662043
74.382253334,0.048498789800854446,0.1115471418890473,0.9925749858445141
74.382513367,0.04876763222548631,0.1095079837445576,0.9927888594979908
74.382755789,0.050471882405007586,0.1082605769660657,0.9928404889817246
74.382991909,0.05148637541981622,0.10692063532380364,0.992933598428457
74.383313749,0.05307261147942471,0.10536696100910342,0.99301616373474
74.392418163,0.05565805205751777,0.10449983692358357,0.9929662458130725
74.402215029,0.057354758111727584,0.10364039824731894,0.9929597673486487
74.412007608,0.0598487995242532,0.10100921460470524,0.9930837123628835
74.422582296,0.06163848838898608,0.09902300557945669,0.9931742752987172
74.432022964,0.06258870940999522,0.0958382619779255,0.9934272399101213
74.442138225,0.06402540568595189,0.09485913609785313,0.9934296611866984
74.475112969,0.0641352268115939,0.09367444429882181,0.9935349873895395
74.47539654,0.06511737410589476,0.09156063083821454,0.9936681430286781
74.475646433,0.06680528276882015,0.0894556645612013,0.9937478242854633
74.482009747,0.06895749931260119,0.0886794569796702,0.9936703765325519
74.49263138,0.06936218354955309,0.08843671971670047,0.9936638436105986
74.502532393,0.0707958142016087,0.08741902673067894,0.993652789689131
74.512854473,0.07107346879908752,0.08556569119562275,0.9937942817923037
74.522380533,0.07162966542682413,0.08388885041790482,0.9938973044567551
74.532640913,0.07269050334865526,0.08328123136887575,0.9938713836430764
74.542545489,0.07324145432858765,0.08265537014562338,0.9938831818447899
74.553030913,0.07486122069999646,0.08144140458963713,0.9938627144901723
74.562470942,0.07541697600716867,0.08126038946486848,0.9938355139729874
74.574549638,0.07599946543646725,0.0805764645407824,0.9938468265359001
74.582716045,0.0766530891653398,0.07908629501527184,0.9939163253826592
74.592198336,0.07659545687915056,0.07781181447489988,0.9940213566687579
74.602090012,0.07701594915898183,0.07679174781137836,0.9940681923506127
74.613221228,0.07742849173872962,0.0745194017307971,0.9942090763178285
74.622165142,0.07649943601067556,0.07440708589101998,0.994289405484769
74.632234754,0.07656705380022595,0.07396052578314498,0.9943175181491243
74.642102331,0.07761367515112373,0.07391483212239379,0.9942397673709569
74.65227013,0.07744087681958813,0.07342491576297198,0.9942895415031852
74.662343665,0.07754337645387907,0.07242123743353432,0.9943551624730108
74.679368111,0.07871386875252127,0.07141513120406295,0.9943359622889626
74.682097107,0.07974149445675034,0.07091737867812024,0.994289706002847
74.693200254,0.0804705085394074,0.07100904936058337,0.9942244274630931
74.702083358,0.08130989512002738,0.0701841867995592,0.9942147056239184
74.712254024,0.08211081800333149,0.0694946787601012,0.9941973160247689
74.72215398,0.08336436387943477,0.06744692769614644,0.9942340241509179
74.731919173,0.08471262888250038,0.0664491246007967,0.9941872481316604
74.742347986,0.08610129880064883,0.0648288795467036,0.9941749256149848
74.761950975,0.08706973652120178,0.06365247627059634,0.9941665973300199
74.762550168,0.08795807246526317,0.06286504081165717,0.994138503495335
74.771740242,0.08861675936681032,0.062326967815253244,0.9941138863542152
74.781932185,0.08981590411887952,0.061162640238225076,0.9940785858303145
74.791888534,0.09076452057856245,0.059717187221402165,0.9940803083023563
74.802101808,0.09205812761084156,0.06119416353657044,0.993871508541142
74.812070719,0.09245927535882652,0.0612051742015298,0.9938335922331671
74.822309724,0.09309229061578604,0.06077906254908333,0.9938006495185846
74.832018172,0.09229378770422197,0.059287206322341725,0.9939652327509751
74.842444411,0.09282157068336475,0.058116796108088134,0.9939852081525179
74.852034405,0.09331591365647386,0.05389740771835494,0.9941766491422432
74.862168438,0.0948479599667335,0.05100828727378613,0.9941840971970654
74.874407501,0.09616781624732758,0.04958757018051947,0.9941291787297123
74.882487855,0.09831629092347487,0.04842934982197543,0.9939761088752945
74.891878718,0.10063279245815165,0.04645211356176778,0.9938386399349339
74.902494018,0.10065729481895588,0.043218965736698756,0.9939820068795914
74.911953132,0.10120101596039198,0.04046784485081643,0.9940426086952786
74.922267972,0.09975693288654712,0.03705183497804162,0.9943217365952677
74.932285196,0.09955455676902407,0.03597047448012458,0.9943817250896146
74.942195385,0.10011910218402376,0.032882663273576807,0.994431946305981
74.952783039,0.10248505379975605,0.03134764055458902,0.9942404835749356
74.961982062,0.10451829318856898,0.02789730590127036,0.9941316143813148
74.972606767,0.10450850514500869,0.026648430717053674,0.9941669042432836
75.13201324,0.10571884453247926,0.026136702766214933,0.9940525130390387
75.132412416,0.10767564078528442,0.023707223060131143,0.9939033775756353
75.132768024,0.10936682836487213,0.021630097972571066,0.9937660870220445
75.133022828,0.11134154376100237,0.01978946181951435,0.9935851437263999
75.133267756,0.11157058924707457,0.017914712126799136,0.9935950214772991
75.133529387,0.10863768201594469,0.015483771576373996,0.9939608175697738
75.133838605,0.10726523648777955,0.015283248620896969,0.9941129670982131
75.134163173,0.10483748248421192,0.016687360866916044,0.9943493522166491
75.134498257,0.10504879721698937,0.014831729580662404,0.9943564602298866
75.134746624,0.10649561109888432,0.013059624419226598,0.9942274040815331
75.135143915,0.10981162361091665,0.011943738005905577,0.9938806540236009
75.135565104,0.11094987188701344,0.010883280474266625,0.9937664112528526
75.136019441,0.11138096064955207,0.009827814350143524,0.993729186282602
75.136498364,0.11322780687356046,0.008436801584066934,0.9935332325240231
75.136893959,0.11449854936534812,0.006640328206743299,0.9934012221829295
75.13723029,0.11618524130491502,0.0058528505941293635,0.9932103170239631
75.142000659,0.11504700980954839,0.0019644576632757084,0.9933581058409757
75.152242224,0.11404887177664504,-0.0004556396388950222,0.9934750360421715
75.162077688,0.11062811831045086,0.0011380781003109861,0.9938612197974758
75.172582398,0.10837397068112732,0.003150101938436195,0.9941052053664058
75.182071299,0.10935359761074466,0.002562915493786638,0.993999608729178
75.21763174,0.11137563009609329,0.0011606839702661457,0.9937777024231421
75.21792999,0.11347336551089258,0.0004787857522983198,0.9935409232053981
75.21819848,0.1145448658105349,-0.0001451550314341537,0.9934180653916372
75.22221353,0.1153884108645728,-0.0008456458884325738,0.9933200891561491
75.23189414,0.11671897298494822,-0.0011545091263164926,0.9931643109043017
75.242003075,0.1182866703306034,-0.0034089533236201976,0.9929736364372101
75.252068461,0.11736004985337108,-0.007324686606397141,0.9930624188159234
75.262146861,0.11873589366372328,-0.007672232915613877,0.9928962304279162
75.272073884,0.11740379803062014,-0.007392932218877695,0.9930567419645228
75.2828886,0.11683736496743474,-0.007756015243368944,0.9931207753214164
75.292288913,0.1147447464999882,-0.007111291983768439,0.993369554937625
75.3021281,0.1153142350930216,-0.006250755164230453,0.9933093955282958
75.311865824,0.11731586046129298,-0.007691589455956495,0.9930648661270156
75.322301384,0.11996386956688468,-0.00827719864365977,0.99274375242615
75.332227462,0.12309334141642558,-0.008841554904980904,0.9923557105220898
75.342125043,0.12466535040381316,-0.010376569432047122,0.9921445848340434
75.352044832,0.12493913843134224,-0.013956129488242288,0.9920662468493429
75.362566795,0.12462299496798437,-0.016150122280710527,0.9920727204572899
75.372517444,0.12365231874149696,-0.016736547871208027,0.9921844546429894
75.382110042,0.12321087928463126,-0.018030583507562693,0.9922166987529916
75.391887871,0.12308233332536786,-0.017829281842541518,0.9922362903724911
75.402178755,0.12331141756922805,-0.014512197869832134,0.9922619061568646
75.411939876,0.12646425799529912,-0.016395324064358046,0.9918356642098141
75.42209903,0.12686287042241196,-0.016989546369074862,0.9917747563949989
75.432071209,0.12884787771365988,-0.017716004917735555,0.9915061107115986
75.442864553,0.12924374861630547,-0.017328322057529252,0.991461437827148
75.451986087,0.12907708798688328,-0.01684070256549178,0.9914915511964422
75.462546536,0.12728269006638604,-0.017869577138908695,0.9917054981305392
75.472124958,0.12777808304238514,-0.017776584894258995,0.9916434613930103
75.481849887,0.12860580805834226,-0.017795613322605274,0.9915361124437845
75.492483768,0.12768611355489173,-0.015627565387227947,0.9916915022351029
75.502507505,0.12716833890863358,-0.019842386576677855,0.9916826575443177
75.512513524,0.1269438140605354,-0.020773831582308146,0.9916923494678952
75.522895579,0.12830797156090648,-0.021902309890678463,0.9914924877453073
75.541961472,0.12947237111463863,-0.02287077618639385,0.991319238547596
75.542254292,0.12934519348682177,-0.02270889001304385,0.9913395620251582
75.552527223,0.1304764943593828,-0.023511911681849792,0.9911725755027482
75.562439623,0.131473676826083,-0.025851655484861763,0.9909825246746397
75.571970107,0.13183258721739166,-0.02512156025975891,0.9909536195794859
75.582032609,0.1304346697850492,-0.023134646237421112,0.9911869576732407
75.59204593,0.1303603270989306,-0.026052352654679336,0.991124341361777
75.601860536,0.12813686602699376,-0.02774561643795765,0.9913683091229305
75.612974905,0.12718584579503542,-0.025961749837273784,0.9915390805080697
75.622335306,0.12748050517488185,-0.025573562463482594,0.9915113280761262
75.632876512,0.12868326281417522,-0.025012386912444312,0.9913702630059268
75.642062644,0.13073000016909042,-0.02499286423080312,0.9911029329960286
75.652318955,0.13061841471724722,-0.024132653368838936,0.9911389634042911
75.662167934,0.13156123972615177,-0.02378003054287775,0.9910227799344968
75.672329291,0.132349055324515,-0.0233175732668915,0.9909288664337373
75.682250377,0.13345341951712983,-0.02400481944511124,0.9907643279118362
75.692192484,0.1308621469084771,-0.026205479799654218,0.9910541717459113
75.702083883,0.12970746944100509,-0.02613038298250238,0.9912079375471115
75.712350937,0.1297463465446871,-0.02593695229489087,0.9912079297826256
75.732190635,0.12937362745082295,-0.02520112461061611,0.991275626573445
75.733963086,0.12705119839811646,-0.021905230959899016,0.9916542511592416
75.74218469,0.1272978322014557,-0.02229421742006859,0.9916139519926274
75.752300137,0.1290740696768562,-0.023077411398613124,0.9913663891923072
75.762023159,0.13057733569960758,-0.023953197212257367,0.9911487293766272
75.771944884,0.13278382020003102,-0.024881561678868312,0.9908326624518927
75.782288784,0.1330781583041619,-0.025613694388548477,0.9907745164476843
75.792031545,0.13252908258801294,-0.025554650185547072,0.9908496364849079
75.802199957,0.13250380348339286,-0.025518205580281363,0.9908539565679682
75.812225836,0.1332158459130422,-0.026880507634107705,0.9907224519041674
75.822132829,0.13217701773265916,-0.027986767409284945,0.9908309527024672
75.831882274,0.13125790858797545,-0.027206525375801212,0.9909748565983331
75.842107405,0.13228822803676146,-0.026463568726628278,0.9908579637128346
75.852298486,0.13286457640292038,-0.025526669657133287,0.9908054266471737
75.862048115,0.132378739609623,-0.026005816922905163,0.9908579952675055
75.872177816,0.13099852963514066,-0.025007176129816237,0.9910671149702445
75.881915393,0.12990759510424196,-0.025580926007814996,0.9911960618156306
75.892233362,0.12789043574267148,-0.025291790322409215,0.9914657643044651
75.901979559,0.13058965432475103,-0.025376668422085552,0.9911116823462114
75.912448609,0.13376727982636982,-0.025981488887899227,0.9906721339994488
75.922054294,0.13527976314396953,-0.026720301886570316,0.9904470764007546
75.932314596,0.13677179772769113,-0.027522561409758225,0.9902201694369701
75.942090229,0.13665340678519847,-0.029379771589861124,0.9901831524699494
75.952383017,0.13622658222927095,-0.02796502666348721,0.9902829270354215
75.962403959,0.13692726420757403,-0.028383874184059563,0.9901743684841234
75.97274291,0.13812730942338253,-0.028248107561810315,0.9900115609479687
75.982327941,0.13948915645717902,-0.02948381348256702,0.9897845624040567
75.992637543,0.14064605318243348,-0.03320377301092072,0.9895030051404813
76.002469108,0.1412361819205054,-0.03271179182414513,0.9894353337091675
76.013914246,0.14243857562886977,-0.031051082648918166,0.9893164723379212
76.022138874,0.142323551363378,-0.03008591125122275,0.9893628478326341
76.118798369,0.14295030411220871,-0.029369805456297114,0.9892940033588025
76.11915241,0.1439878863220285,-0.02939674645154355,0.9891427196772863
76.119411839,0.144407852917555,-0.031418247102133826,0.9890193454957144
76.119668232,0.14371584276115504,-0.030456115580360123,0.9891502320493114
76.119962126,0.14338051912416083,-0.02830645015434963,0.9892627414470564
76.120267379,0.14345859492402674,-0.02776356257339029,0.9892668073556584
76.120580989,0.14355362875063893,-0.02891695356822977,0.9892199783005075
76.120890114,0.14495797295718085,-0.030693595372083653,0.9889616217423608
76.121182486,0.14573601506148579,-0.03261034511531708,0.9887859117652609
76.12211293,0.14512962625079734,-0.030291806702878402,0.9889488348903492
76.132273236,0.14476980961618857,-0.029398191677553264,0.989028537783305
76.142109352,0.14550822587557938,-0.02849169052631527,0.9889467021905145
76.15226849,0.14655704459400415,-0.02706429436500224,0.988831915266895
76.162111549,0.1464859045490962,-0.026124377047452466,0.988867734680587
76.17244236,0.1446243445033337,-0.02773178759033209,0.9890979460771445
76.211713579,0.14374983166616606,-0.028865445263023256,0.9891929902530227
76.212164098,0.14231125412748974,-0.02702264822966045,0.9894530223468505
76.213041566,0.14304767330185383,-0.0267750985500181,0.9893535552372382
76.213449497,0.14103767158295638,-0.026232132835119173,0.9896566325758541
76.222295973,0.1416412856341015,-0.02711409075627458,0.9895466498788118
76.232109565,0.1417832360132167,-0.025403591709510086,0.9895717111527982
76.242427337,0.14150839091890144,-0.02480604714845884,0.9896262099017044
76.251935826,0.14137898302709476,-0.026069488370156806,0.9896122295800223
76.262094679,0.14056173412575942,-0.026355202655441147,0.9897210729253723
76.27213492,0.1430503373867014,-0.0278699635390872,0.9893229331749472
76.28215407,0.14428095936536153,-0.027800921357220617,0.9891461537792586
76.291976419,0.14417784825398122,-0.027256444966240127,0.9891763413470089
76.302025629,0.14318986534595127,-0.026522716131293752,0.9893397838918776
76.311885603,0.14362011846397213,-0.026719551826733887,0.9892721198550848
76.322317558,0.14398586356449697,-0.027735657176523303,0.9891909848025167
76.331904558,0.14390994057139955,-0.028537353618291975,0.9891792296915665
76.342129319,0.1436814798597026,-0.02916097097681639,0.9891942529741139
76.377587654,0.14272266676168213,-0.026756806922887236,0.9894009873027847
76.377941996,0.1424841975949349,-0.02443458523953977,0.9894954292364869
76.378432166,0.14372760647877142,-0.024231529296367398,0.9893205790459647
76.382036205,0.14528496006675948,-0.023733133293488844,0.9891051606186643
76.392075288,0.14709864140429435,-0.025484957636132646,0.9887934600467864
76.401845549,0.14977600167569202,-0.025820293924347256,0.9883827506303939
76.412316908,0.1522827591570752,-0.026745206686640165,0.9879750276109195
76.422044917,0.15614197655104753,-0.027411214299867818,0.9873541960661022
76.432092038,0.15830261903959206,-0.028803446689299083,0.9869704363677884
76.441836124,0.1591215213999506,-0.027704765697018227,0.9868701978401406
76.545531141,0.16183899820963515,-0.02938776949483075,0.9863794896806302
76.545898647,0.1644001627152184,-0.028517479577033187,0.9859814094889331
76.546158339,0.16709908647470645,-0.030922145403297942,0.9854550807738403
76.546417737,0.1689572041185719,-0.03176611200557946,0.9851113527436807
76.546676528,0.16993901213467777,-0.03406064553217702,0.9848657799825423
76.546932638,0.17017087863920433,-0.03468056378193045,0.9848041077081924
76.547186455,0.17102748185147115,-0.036087883447742344,0.9846051315729605
76.547439805,0.17031375669718754,-0.03581991807543507,0.9847386240768462
76.547699186,0.17281505964933236,-0.034976320166883776,0.9843330799002853
76.547979155,0.17423980178342782,-0.03560169861353976,0.984059454774102
76.552690062,0.17469542630374735,-0.035734548371402455,0.9839738564012989
76.562654156,0.17523835454034073,-0.03683685604657962,0.9838366557181114
76.572557126,0.17603806267141553,-0.03815670589861547,0.9836435666875788
76.58199681,0.17623851385093325,-0.03923947200568862,0.9835650716004148
76.592336569,0.17721986646168408,-0.040883463689542716,0.9833217486296381
76.602487374,0.1783241531188243,-0.04101166070505423,0.9831167479504496
76.614234177,0.1784476412234806,-0.039205490681906256,0.9831680267594991
76.622062054,0.17847048142883098,-0.0387896890367316,0.9831803737275248
76.632789631,0.17856491780300646,-0.03888995973123052,0.9831592654102941
76.642066736,0.17872314835290268,-0.03803083914985199,0.983164122370413
76.652248144,0.17765306772750836,-0.0367502110792856,0.9834067365605309
76.661978228,0.17765523644838518,-0.03589003365187603,0.9834381131758804
76.672272075,0.17856240958815234,-0.03580840074909329,0.9832767791003028
76.682174806,0.17925674385267995,-0.03632483941159308,0.9831314895908161
76.692598865,0.17935263721288275,-0.03688831973678854,0.983093018687337
76.702258183,0.17928637003840767,-0.037920331928175566,0.9830658400864655
76.712022945,0.17844900104745579,-0.038015725156685796,0.9832145028761407
76.721894125,0.1773968362777751,-0.0399689848044535,0.9833274341399906
76.731796739,0.17756187265043008,-0.04109366751019713,0.9832512862292293
76.742245611,0.17800170780706534,-0.041588984114173756,0.9831509286056334
76.752519182,0.17551441561634126,-0.0412431976369848,0.9836125703545735
76.76212707,0.1750344073776598,-0.0414897969991244,0.9836877314366195
76.772446521,0.17575673847792925,-0.041754713960599106,0.9835477175722943
76.782576912,0.17633919184119495,-0.04091540747305865,0.983478733299357
76.792053386,0.17818176372207245,-0.041114835407404876,0.9831382554790112
76.802216719,0.18031544994043988,-0.04120766019215542,0.9827452707870259
76.812102314,0.17991269191975942,-0.04016226284772096,0.9828623585879849
76.822341583,0.18056130195336065,-0.04014743779824099,0.9827440152324226
76.831903737,0.18056817877072187,-0.039966832487831117,0.9827501132619189
76.842262154,0.18132466432731087,-0.0406710818677711,0.9825819198450038
76.852058537,0.1819176287777021,-0.0401090144367724,0.982495416427379
76.862284963,0.18331169701940733,-0.04072882714340038,0.9822107637240534
76.872233121,0.18422781563128499,-0.040880629121518644,0.9820330371786655
76.881962556,0.1863605889781316,-0.03982782686732192,0.9816738129759552
76.892910257,0.18598241610771593,-0.04018445993092152,0.9817309968004456
76.902157032,0.18794691510842634,-0.04093677171915986,0.981325704250347
76.912125746,0.19033402984900707,-0.042618243820570015,0.9807938837365818
76.921889767,0.1922727102149637,-0.04323762179906322,0.9803885520382998
76.932082154,0.193962724912783,-0.044081313272329156,0.9800180096123717
76.941899112,0.1958104963511506,-0.04476394096299062,0.9796195379371412
76.952224179,0.1976569013307551,-0.04543226948615509,0.9792178808853838
76.961879093,0.1988086375855423,-0.04528913845266737,0.9789913276222603
76.978141525,0.2004428834454484,-0.04473592496766922,0.9786834766630944
76.98192081,0.20186354930000056,-0.04479397445798026,0.9783887812706481
76.992385568,0.20266788839119615,-0.04496887875036411,0.9782144585718353
77.002184799,0.2039131548399652,-0.04495319329677658,0.9779563567438146
77.011990707,0.20377907412034338,-0.043452923453823636,0.9780521112875182
77.024335368,0.2050506456838538,-0.04511851162327075,0.9777108737318694
77.032288484,0.20657365018984788,-0.0457377834116882,0.9773614388831943
77.042214496,0.20819702282345506,-0.04626137123450595,0.9769922646668975
77.051995182,0.2098811539392552,-0.047373060879336674,0.9765785653617682
77.062217335,0.2110138370671153,-0.046482144579946136,0.9763772686833005
77.071873427,0.21361691390571433,-0.0463918901659863,0.9758153547778522
77.08224284,0.21438425012653928,-0.04587449571412334,0.9756715246130002
77.091941425,0.21589646334733423,-0.04640766424147823,0.9753127938327085
77.102570171,0.2168445502364142,-0.046478104413341055,0.9750990856538169
77.112432821,0.21725210179938761,-0.04653941025325316,0.9750054397576601
77.122291321,0.2182875901474691,-0.049522005189241616,0.9746271589636969
77.132898456,0.2193513542230402,-0.05124089110275301,0.9742994172632529
77.142181225,0.21999999051375993,-0.05040769437396731,0.9741966272379752
77.152278348,0.21968822509414324,-0.04752754161958187,0.9744117284508557
77.162197224,0.21933109860146477,-0.04726576315060066,0.9745049085664299
77.172479241,0.21849829430875853,-0.045464273632926634,0.9747776644995481
77.182009899,0.21907831562379285,-0.0459076812009147,0.9746266856751856
77.192202778,0.21902303666625392,-0.04537294408273531,0.9746641500305414
77.202189623,0.21836821440867235,-0.044781044863901026,0.9748384383870311
77.211937582,0.2177251274340884,-0.04554079126141822,0.9749470781612168
77.221745888,0.21700809598488027,-0.0450024901175037,0.9751319203883345
77.231996026,0.21567015593207295,-0.044715016048604374,0.9754419260929932
77.241809896,0.21428010080138019,-0.04599137583239935,0.9756889011101815
77.252179312,0.21199425029729566,-0.04446598035682371,0.9762587845606278
77.262058442,0.20737754805477673,-0.04190949659623917,0.977362853119474
77.272282726,0.20560160205137315,-0.03901087402715917,0.9778579308578247
77.281848724,0.20564434066553477,-0.04049360913072456,0.9777886646774986
77.292105016,0.2043220188352491,-0.041183037182327124,0.9780370494350035
77.302604809,0.20372257652456768,-0.04106778188432487,0.9781669331485773
77.311892037,0.20090362621790497,-0.041282115780804374,0.9787407827863089
77.322346127,0.1971382949513431,-0.04007104922234515,0.9795564321048063
77.332342056,0.1947679610074015,-0.04018441180248615,0.9800258437475552
77.342726527,0.19026563562431295,-0.039248486701004025,0.9809477785245029
77.352231215,0.18543078636082208,-0.03633811828738509,0.9819852160948958
77.36289931,0.18174146423816498,-0.03620532605831208,0.982679609303856
77.372554847,0.17866902046053276,-0.03879925421064393,0.9831439360543154
77.382213787,0.17477122424749594,-0.04348411004657802,0.9836483880678546
77.392763512,0.16755327836807302,-0.03838367791455011,0.9851155222499862
77.402507232,0.16282569557399346,-0.036938846319144104,0.9859631405349065
77.412160579,0.15819143167069166,-0.038170104237218505,0.9866704181683451
77.422701858,0.15068565553071714,-0.039836156132880385,0.987778777804947
77.43381356,0.14270120074800272,-0.040427903188111174,0.9889398120962121
77.442667308,0.1355072190456182,-0.038182497436139225,0.9900403479030854
77.451917245,0.12843781703603294,-0.03962908593163916,0.9909254576925761
77.462230088,0.11858020069938627,-0.03726123092338801,0.9922450990920375
77.472033806,0.11121920225606731,-0.03890947773083568,0.993033907574277
77.482094017,0.09961642128080408,-0.038741183626189765,0.9942714364309413
77.491967328,0.08878416900030481,-0.03714112449041806,0.9953581808607957
77.5023035,0.0783756032521508,-0.03893039057922255,0.9961634853296977
77.512081489,0.06607591328927662,-0.036414825252951775,0.9971499055732719
77.521989513,0.05238997633192798,-0.03858922616253002,0.9978808355731247
77.532139391,0.03941369571915637,-0.035175329348326255,0.9986036535057312
77.541979534,0.02477351501503648,-0.037554114976225864,0.9989874680906424
77.565849471,0.010559045686162269,-0.036734974157420705,0.9992692571213482
77.566132073,-0.0038673479993430017,-0.035761235305329875,0.9993528794519427
77.571982694,-0.02191923074092891,-0.035997798587043224,0.999111458157003
77.582221447,-0.0392833029473844,-0.03541950891357745,0.9986001604735827
77.592075991,-0.05869111182690302,-0.03546507746576755,0.9976460202260466
77.602399418,-0.08122254557957062,-0.03594775004213275,0.9960475176197584
77.612125196,-0.09966472409204728,-0.034740729786523546,0.9944144128408215
77.622338969,-0.12115505716436287,-0.03511809139859705,0.9920121832820502
77.632176022,-0.14478250591484182,-0.034035999068737804,0.988877938245369
77.642199738,-0.16813870275573203,-0.033541021887887636,0.9851925580749867
77.652224458,-0.19451953482097042,-0.03445226949994112,0.9802934212261841
77.66226522,-0.2185813371058419,-0.03552083668838912,0.9751720203276852
77.67208791,-0.23826650612929692,-0.037582314032460776,0.9704723807141054
77.681984925,-0.25566836782797836,-0.035448999322812445,0.9661144104810717
77.692287473,-0.26819881535966267,-0.03585022410999533,0.9626962952410989
77.702095354,-0.2713825910931032,-0.03749090120995237,0.9617410886397958
77.712258946,-0.27524196064757045,-0.03821114067827617,0.9606153089696969
77.722490632,-0.27310735746105946,-0.040130923255938984,0.96114612848373
77.732184878,-0.2759255803708371,-0.041699984779860276,0.960274015771736
77.742064403,-0.27700067114835747,-0.040180679934403475,0.960029239733545
77.752164534,-0.2792292180405767,-0.03840389442302489,0.9594561921659547
77.76203112,-0.27753690224894284,-0.038684382523372425,0.9599358241251579
77.772170124,-0.2761900219502863,-0.03902660270115641,0.9603103644430308
77.781926461,-0.2747728899756863,-0.03965931699095396,0.9606908959234601
77.792068534,-0.27443514843591,-0.04290125154735539,0.960648131169072
77.802092959,-0.2741116113385729,-0.0425993228639657,0.9607539342729244
77.81216319,-0.27336985296113814,-0.04180702198124981,0.9610000501587214
77.82265194,-0.27402487274796306,-0.041807270727786686,0.9608134684889447
77.83252394,-0.27364962933167564,-0.04289335219842975,0.9608725413413677
77.843009775,-0.27312333075325373,-0.04189667213077059,0.961066238644671
77.852896101,-0.272414833505929,-0.042531817346811704,0.9612394098241679
77.86255236,-0.2714026044522564,-0.04278990784462578,0.9615142485076239
77.872895149,-0.27394626534106353,-0.041226249557536135,0.9608609889328963
77.882606629,-0.2762230164623895,-0.03974506735820882,0.960271406841373
77.892926664,-0.27750687573057703,-0.039667484036724626,0.9599043830676317
77.902744588,-0.2786157997976278,-0.03965986594895112,0.9595834154131883
77.912917738,-0.27836444373281855,-0.039622553069623055,0.9596579024598106
77.922205523,-0.27724904556204744,-0.03993745954650548,0.9599676901124876
77.93239131,-0.27712819819263496,-0.03945899536423808,0.9600223692452946
77.942474297,-0.27794223280651786,-0.038350124349185,0.959831955701064
77.952736866,-0.27852614164700407,-0.037651704465190824,0.9596903342068726
77.962710442,-0.2789531654274803,-0.03651015193929831,0.9596104106893372
77.972501025,-0.279534389086555,-0.037625934209399296,0.959398152172953
77.982284398,-0.27982428805117754,-0.037274735302152556,0.9593273486796915
77.992341906,-0.28005808878306515,-0.03698007406814553,0.959270525466665
78.002637506,-0.27995404149242564,-0.03659600939345217,0.9593156241553306
78.012328615,-0.280093047240488,-0.03659764353550405,0.959274985275435
78.02211355,-0.2794990266465793,-0.03673420189488474,0.9594430116034828
78.034393738,-0.27921827370759855,-0.03711169739995281,0.9595102279516582
78.042591869,-0.2793781073608344,-0.03763503440392085,0.9594433163626155
78.131744343,-0.27931349737445765,-0.037136927974160426,0.9594815364378259
78.132029367,-0.2789486377640997,-0.03782629592739118,0.9595607478560003
78.13258309,-0.27891196597911694,-0.03839950201292028,0.9595486404965741
78.132955189,-0.2792249540731875,-0.038116369730490984,0.9594688986003637
78.133202929,-0.27888449874656757,-0.03781652500424321,0.9595797761496848
78.133471419,-0.27854870763948497,-0.03842515743810427,0.9596531273060229
78.133730251,-0.2769313196560125,-0.038051216891788496,0.9601360055151736
78.133992038,-0.27618893656244276,-0.037408152494561704,0.9603750837289827
78.134253822,-0.27462525721306474,-0.037341951836503094,0.9608259710965864
78.142035669,-0.274198860374522,-0.03770378817104256,0.9609336133817292
78.152148586,-0.2733593639686634,-0.037073218429165625,0.96119729223815
78.162027714,-0.2724644173901917,-0.037785336900210124,0.9614236368903986
78.172158213,-0.2715424241361957,-0.0378259258258704,0.9616828537671107
78.181987395,-0.27158199044338793,-0.03779005277631297,0.961673091220697
78.192078003,-0.2714202778336256,-0.03709963134185494,0.9617456265224272
78.201958422,-0.2708647817946663,-0.037291170216351664,0.9618948168106651
78.212220871,-0.27151285060993124,-0.03708052777127887,0.9617202329232096
78.222173908,-0.27140131046765775,-0.037202026752879376,0.9617470238487438
78.23218169,-0.2707659475300833,-0.03689583588618744,0.9619378872632036
78.242083748,-0.2703948008950995,-0.03741994614550717,0.9620220367950866
78.252630343,-0.2700826858843096,-0.03769423274251462,0.9620990009367385
78.262150683,-0.2700234309562741,-0.0375667220045674,0.9621206203654685
78.271945635,-0.26896058602193174,-0.03787768843103906,0.9624060909438699
78.282176779,-0.2674333537346411,-0.03857813883383913,0.9628037850540261
78.292269644,-0.2663742147730123,-0.03951101705652341,0.9630595294348216
78.302636406,-0.2658198539039316,-0.040379022899549415,0.9631766918796208
78.312361825,-0.2648688345463352,-0.040854614961066626,0.9634186010880469
78.322796379,-0.26416868161021057,-0.04038648291936321,0.9636305514323046
78.332057275,-0.2630843787142479,-0.04024288149673513,0.9639331512949318
78.342711725,-0.2630640781121367,-0.039761356199814614,0.9639586740935336
78.352355816,-0.2617560447312274,-0.04006089377696816,0.9643022855082601
78.362859825,-0.2610591646571909,-0.040799069507880086,0.9644602368557145
78.372717949,-0.26101664347024256,-0.04169992698083239,0.9644332158948704
78.382339993,-0.26013881596487387,-0.04205758251238098,0.9646548378469927
78.392576215,-0.2597044942998211,-0.04086509027063688,0.9648231029767307
78.401930368,-0.25949001116438275,-0.04095262224890227,0.9648770993431481
78.412107177,-0.2598167746962049,-0.040135993091262284,0.9648234790079684
78.421898721,-0.2592787460974352,-0.04050180207217922,0.9649529189815677
78.432128123,-0.25876733263568846,-0.04056950223430089,0.9650873447771823
78.441908428,-0.2581340851741525,-0.04011120775345536,0.9652760667725386
78.452140121,-0.2570610054815509,-0.0412373469257607,0.9655149510387391
78.461906208,-0.2564480650170099,-0.041469046025248806,0.9656680113635263
78.472141418,-0.25597753996582673,-0.041415919983932105,0.9657951235147796
78.481961635,-0.25499139749828403,-0.041077375188861,0.966070409674919
78.492474683,-0.25347534710298,-0.04189942914383044,0.9664340051180138
78.502101586,-0.2526200188803996,-0.04165601961366437,0.9666684551027889
78.512190671,-0.25127158610203476,-0.04153299264118844,0.9670251292184887
78.521969287,-0.25086407755557555,-0.041384037226927343,0.967137309824717
78.532286895,-0.2495320562450685,-0.04225519320755199,0.9674441852391799
78.541994765,-0.24975885081862825,-0.04110855827291648,0.9674350639058316
78.551952488,-0.2484755244510781,-0.041731729195153895,0.9677387956091996
78.56242182,-0.24766365966617618,-0.04112362195250881,0.9679729125333332
78.722938417,-0.2462114069821045,-0.04064004302941641,0.9683637384652833
78.723239325,-0.24542531176973864,-0.03985325799734614,0.9685959602278567
78.724488979,-0.24596199541357192,-0.03936100450423226,0.96847994720417
78.724909085,-0.24406779236469894,-0.03944086195843107,0.9689557942126145
78.725642448,-0.24232994830471719,-0.040159290256014404,0.969362381960826
78.726728571,-0.24120511917806145,-0.040655346813697466,0.969622211615305
78.727179424,-0.24089054964612558,-0.04005611854413009,0.9697253479508341
78.727797042,-0.2395952066560719,-0.039617180703454054,0.9700642328941648
78.728591568,-0.23826440209463412,-0.03876692222239586,0.97042629830188
78.729055056,-0.23714229846372822,-0.03938822581016916,0.9706761035210804
78.729845183,-0.23692322523402293,-0.0379763871386297,0.9707858565948546
78.730728492,-0.23650084074761754,-0.0375707182964013,0.9709046263420329
78.733626444,-0.23449076135666186,-0.03691398146918316,0.9714172331240916
78.733980242,-0.23301465051491455,-0.0358834100529267,0.9718109659436788
78.734342155,-0.23226921513793292,-0.03479529248731418,0.9720289601240958
78.734827024,-0.230938715047403,-0.03382589805408131,0.9723801306655177
78.735188142,-0.2307729121993462,-0.03383584902231014,0.9724191474441319
78.741926415,-0.23125494768779972,-0.03394274396481697,0.9723008995686735
78.753315449,-0.23084284837066865,-0.03376232578328662,0.9724051031919875
78.762391047,-0.23062035161974567,-0.03358272247027985,0.9724641145925484
78.77202164,-0.22978792348701857,-0.03358666689288825,0.9726610129056013
78.787603242,-0.22911665093791406,-0.03338438317951803,0.9728263170899096
78.792096795,-0.22805427806163828,-0.03327848860333443,0.9730795386062039
78.803205557,-0.22725799707684305,-0.03424104474281646,0.9732324252816189
78.812713374,-0.22612151643599865,-0.03381055176025999,0.9735121501010406
78.822298249,-0.2247160143170819,-0.03279353725510338,0.9738723205963621
78.832596349,-0.22338295722423743,-0.03326557843300913,0.9741629513142407
78.842362312,-0.22287019072627404,-0.03344410320425014,0.9742742786538593
78.85273493,-0.22334175207902685,-0.03390969872062377,0.9741501907359804
78.862461881,-0.22218592305090193,-0.03329813322403079,0.9744355545246763
78.872685618,-0.22181491481708035,-0.03410975515743265,0.9744920051841325
78.882869826,-0.22362988101968007,-0.035728054497750995,0.9740190873062651
78.892884143,-0.22360560358542614,-0.0356352600756647,0.974028060316815
78.902071103,-0.2237237073420938,-0.035795480004323386,0.9739950648665368
78.912238967,-0.22257393984051208,-0.03768949972439993,0.9741870163959263
78.922245695,-0.2212424202815964,-0.03717240064105764,0.9745101354519213
78.932188095,-0.22084561498729513,-0.038845539310782246,0.9745348831193976
78.941884129,-0.2207309170050689,-0.04038221881312967,0.9744984036322634
78.952360382,-0.2172975206988069,-0.038611895372551004,0.9753414320297742
78.9622272,-0.21813544722692607,-0.039818951607288294,0.9751058290031935
78.972527412,-0.21714607405057862,-0.040746083714362814,0.9752883364351091
78.982199176,-0.21842880488435296,-0.043277096084221804,0.9748927890549351
78.992401911,-0.21762126827011744,-0.042455891863356444,0.9751094712095626
79.0030781,-0.2172526422332018,-0.04252492320998416,0.9751886588494953
79.01234031,-0.21462627917702426,-0.04303042122021079,0.975747889127226
79.022203889,-0.21456569201873327,-0.04529255332516059,0.9756588278808375
79.032898441,-0.2158041915056419,-0.04511355538242108,0.9753939296762891
79.043396335,-0.21647102456121606,-0.04651843791137547,0.9751801528229043
79.052292159,-0.21606814098083735,-0.04449020176366274,0.9753641270828621
79.062101591,-0.21868812389002507,-0.044790744915169135,0.9747662764167652
79.072248258,-0.21784826878080849,-0.04200572618047274,0.9750782792972346
79.081986497,-0.21879674883831776,-0.04545608845238085,0.9747110991059821
79.092270478,-0.2190308919528729,-0.04452137095804793,0.9747016548146129
79.102180916,-0.22049514911369228,-0.04395528425344638,0.9743971583515263
79.112043832,-0.21807392835499703,-0.044842984983748675,0.9749014660310892
79.122074465,-0.21845254669077155,-0.04630890939041511,0.974748157092583
79.132131662,-0.21595950004560885,-0.04631912323938371,0.9753030468333345
79.14196281,-0.2174373782161142,-0.04683293013740212,0.9749500824192221
79.152260827,-0.21510277058206345,-0.048050153488790326,0.9754086224950157
79.206107991,-0.21736024026256703,-0.04977361366745753,0.974821580257373
79.206352353,-0.21621434926796101,-0.049547460522920694,0.9750878956926713
79.206628711,-0.21738910811595732,-0.051144136678290236,0.9747441987290723
79.206968037,-0.21544186213412161,-0.05259180571010778,0.9750994339103742
79.207273115,-0.21509401365396905,-0.05264850011392896,0.9751731644820728
79.212103394,-0.21545214885976888,-0.052463648658619265,0.9751040647649527
79.22197759,-0.2165286964696898,-0.05048215216571221,0.9749701923227473
79.23223001,-0.21642719345290287,-0.04990784860428585,0.9750222954280541
79.242042569,-0.21383763417293453,-0.05337369978464019,0.9754100237247009
79.252016167,-0.21245762286518588,-0.054642637262102334,0.9756412971371787
79.262238218,-0.21322397490575926,-0.05396205842287114,0.975511984947471
79.272480256,-0.21335006451666388,-0.0545077137738862,0.9754540784218803
79.282646702,-0.21085969568356303,-0.05277411297100799,0.9760907138869617
79.292598804,-0.2088791765614118,-0.053557096750644004,0.9764738229910052
79.303188952,-0.2085269655736916,-0.05282769710273317,0.976588828037394
79.313356373,-0.207276901273576,-0.053186112851380384,0.9768354639335042
79.322673681,-0.20446418974084696,-0.05522504780833281,0.9773149897592823
79.333001673,-0.20173191133015925,-0.055100685180759335,0.9778896412395889
79.343004009,-0.20198308945599963,-0.055730602205123866,0.9778020922209483
79.352760899,-0.2035864322674926,-0.05461985729105725,0.9775322172624789
79.362977673,-0.20066491983035933,-0.05506226689008479,0.9781113110042233
79.372474466,-0.20070823460455173,-0.054574664461219356,0.9781297513933772
79.382893135,-0.20019977919652762,-0.05486823008463134,0.9782175247546129
79.392599185,-0.198334241228531,-0.05390539883919472,0.9786509779958789
79.402605215,-0.1964924698547309,-0.05568953033822944,0.9789225635876901
79.41229298,-0.19498445258370775,-0.058189918306344075,0.9790786468196172
79.422155517,-0.1936949721436671,-0.057425517319619285,0.979379685171608
79.43240728,-0.1924367113452242,-0.056151123410257416,0.9797015685740229
79.442008555,-0.19126317021138406,-0.056394965494701355,0.9799173473245296
79.452938541,-0.19070032801278117,-0.0547793633410995,0.9801186694721011
79.462098377,-0.1893008193997379,-0.0542918952498199,0.9804170489566012
79.472168787,-0.18648546399415242,-0.05578926052894698,0.9808724331576043
79.482024239,-0.1851285109041448,-0.05449704115260659,0.9812020724376936
79.492606741,-0.18546949018449743,-0.054545202992608934,0.9811350004159458
79.502544938,-0.18440143706227893,-0.05634684878697715,0.9812344993125465
79.512623411,-0.18260851844406717,-0.05723530242205329,0.9815183386714275
79.522026505,-0.18013764808220145,-0.056727841133206044,0.9820042666830826
79.532103089,-0.17878508892860717,-0.05660778114955311,0.982258342336737
79.541894834,-0.17722091276285795,-0.05420607737649413,0.9826771846618569
79.552296846,-0.17691541213559475,-0.05366306523357561,0.9827620324262786
79.56206834,-0.17548926727947556,-0.05218112714245774,0.9830974758587552
79.572262833,-0.1727248026051105,-0.05101171498059558,0.9836482844491542
79.584499949,-0.17139551522931012,-0.05097796301211414,0.983882525836502
79.592371363,-0.16833461839386868,-0.050785533837759224,0.9844207869620616
79.602099216,-0.16616748942752352,-0.04979638431641532,0.9848394212085368
79.612359997,-0.16485624085003367,-0.04753346262929143,0.9851715534785124
79.622112726,-0.16313840749620842,-0.04485203192206798,0.9855831549047817
79.632352965,-0.16109470691726496,-0.044010116631279884,0.9859572024369727
79.642199907,-0.15894017783832606,-0.04326465306110618,0.9863397942211516
79.653644219,-0.15550425155495592,-0.042200395596756014,0.9869334092834281
79.662263643,-0.15209621247190588,-0.04234052759418079,0.9874583646284776
79.672066484,-0.14865268175678548,-0.04300301092297043,0.9879540076633501
79.682471403,-0.14507865015591306,-0.04208016081954715,0.9885248835180322
79.699225613,-0.14245256300524262,-0.04186608049074896,0.988915819773139
79.702282366,-0.13952818530922292,-0.04146502458507076,0.9893495526053847
79.712055103,-0.1359440036170722,-0.040201608164813656,0.9899005296399858
79.722308551,-0.13451136881551515,-0.03784370706503022,0.9901891463225361
79.732046455,-0.13300266672409422,-0.03664410314086205,0.9904380345833259
79.742207978,-0.12962528649592175,-0.0372464589893735,0.9908632531250733
79.75202474,-0.12620434284767157,-0.03736991288575669,0.9913001328847376
79.762233534,-0.12323202251375265,-0.03726155180124673,0.9916780956462298
79.771925805,-0.11998821728195957,-0.037812431933198144,0.9920549620382908
79.781856101,-0.11702957256662,-0.03694687120396039,0.9924409341885855
79.792084238,-0.11324581278862027,-0.038234425605768674,0.9928310604450497
79.80201469,-0.11071003126875241,-0.039051567720228435,0.9930852249606095
79.81199216,-0.10688819316610107,-0.040047564329409584,0.9934641950030046
79.821813848,-0.10269495276942973,-0.040393494464930534,0.9938924047806162
79.832233055,-0.09777287257924845,-0.040356877282881634,0.9943901587624331
79.842018724,-0.09274728204134744,-0.04081087445184746,0.9948529610954667
79.852584896,-0.0877441864660078,-0.04102171411329148,0.9952980341147198
79.862527878,-0.08276100878627646,-0.041775397824797694,0.9956934425621461
79.872516406,-0.0780231113635476,-0.042337974687991886,0.9960521522452881
79.934285548,-0.0727633856166376,-0.04232151189149046,0.9964508915871484
79.934601647,-0.06666490492475116,-0.04394984844748492,0.9968070030215564
79.942592286,-0.06279882483681976,-0.04731741960202839,0.9969038917575355
79.955770406,-0.057787379668093594,-0.051238828203560974,0.9970131399512354
79.956174489,-0.05292982333689689,-0.05426042991626698,0.9971229811546952
79.956531387,-0.04944944136641982,-0.05745476893736327,0.9971227117435963
79.956791656,-0.044188488042946304,-0.05800812764681923,0.9973376733340562
79.957051765,-0.038988735181506105,-0.05861267801914024,0.9975191389163274
80.056413144,-0.03576169303811679,-0.06074758470307718,0.9975123218606324
80.057087064,-0.03323480281302079,-0.061914279425967764,0.997527979499895
80.057458641,-0.030041282946115334,-0.06177764507940593,0.997637731788145
80.057716137,-0.025159704555003333,-0.0642466873424973,0.9976168364819333
80.057971461,-0.02194441618284363,-0.06612955506058653,0.9975697091160513
80.05822399,-0.021032637112915614,-0.06715855270062292,0.9975206047873066
80.058481384,-0.019681600164435584,-0.06964607470710979,0.997377590931769
80.058729354,-0.01836245779921877,-0.07188911780095601,0.9972435885406193
80.058988977,-0.017338830670829537,-0.07461142178540264,0.9970619342298296
80.059255373,-0.015396736635395154,-0.0774459633629766,0.996877657117342
80.062340831,-0.01378674488714712,-0.07849167880022243,0.9968194330090778
80.072164446,-0.012706735978484485,-0.0795763490750401,0.9967477833076233
80.082331754,-0.011139545770381563,-0.08062209297047508,0.9966824913908591
80.092243592,-0.009725272617961953,-0.07980783756883171,0.9967628244146616
80.102231025,-0.007251090957071965,-0.07924267710735217,0.9968289822255331
80.112087243,-0.0050815836726313835,-0.07868079194620275,0.9968869095770575
80.12231272,-0.0028622450027214184,-0.0786698563896205,0.9968966151257516
80.132495185,-0.0004513995970422646,-0.0778501897914636,0.9969649663793795
80.157743598,0.0022887125157247203,-0.07754821165747547,0.9969859761620259
80.158032366,0.00535144585955547,-0.07634111206421389,0.9970673982414687
80.1621979,0.008164612467899507,-0.07562170924987852,0.9971031522331959
80.172002137,0.010346582226306668,-0.0747668053833858,0.9971473677691765
80.182211179,0.012798097773699226,-0.07452498151756921,0.9971370195831568
80.191900523,0.014936352227969638,-0.07432124820102842,0.9971224886883072
80.202232559,0.01664536318585346,-0.07302360381665807,0.9971912981820685
80.212410876,0.0185429957500084,-0.0716531453050254,0.9972572306463925
80.222198244,0.020504270596800017,-0.07008970635626843,0.9973299393631906
80.23214249,0.022472149576971606,-0.07033433926432833,0.9972703160195036
80.242233923,0.024196264176997287,-0.07038516847625194,0.9972263879673695
80.252190626,0.02537411220775707,-0.06940286492699967,0.9972659608998959
80.335853108,0.0272266088531006,-0.07063467256313376,0.9971306107036626
80.336192466,0.027605704460912612,-0.0702968337545935,0.9971440619315225
80.336474627,0.02740045516379291,-0.06865555804576538,0.9972640720522532
80.336741867,0.02817685013253994,-0.06693816378447817,0.99735918672551
80.337099618,0.028756007830556846,-0.06697379901206733,0.9973402640320607
80.337378463,0.02935574513005858,-0.06717157608518413,0.9973094903760273
80.337614949,0.029347288250911922,-0.06613497462720659,0.9973790161234478
80.33787405,0.03147151203247437,-0.06688025769781442,0.9972645461765217
80.34276715,0.03207619472367273,-0.06747593220203729,0.9972051525666699
80.352398759,0.03287054703528309,-0.06685010715023404,0.9972214349439164
80.422678291,0.03222500355127133,-0.06573246590776746,0.9973167962447061
80.423648977,0.032327248616435,-0.06603539384297347,0.99729347524031
80.423991598,0.03142995255975327,-0.06636350541573702,0.997300377635057
80.424340445,0.031764050232564706,-0.06715596219445805,0.9972367431330235
80.424612165,0.03071015174943425,-0.06613824407247482,0.9973377658800134
80.425098447,0.030992832704649465,-0.06653184582042444,0.9973028415745485
80.42549186,0.03191891488964447,-0.06720849061917013,0.9972282595579411
80.432410272,0.03124956244286997,-0.06629539223837627,0.9973105764079158
80.442076883,0.03095591229931981,-0.06592397068942105,0.9973443545647899
80.451995887,0.03271492173309307,-0.06704608814284811,0.9972133953977649
80.462118927,0.034233918730350296,-0.06701546067336388,0.9971644632853202
80.471909378,0.034739893950510414,-0.06634964131948058,0.9971914885642996
80.482275101,0.03517511200280263,-0.0668405352414428,0.9971434472252364
80.492534979,0.03552744553033808,-0.06713535847990153,0.9971111493990347
80.502271684,0.03520679446701215,-0.06732620767562947,0.9971096546435481
80.512724957,0.03498629206204622,-0.06771107236238913,0.9970913549155285
80.522218603,0.03512579781915718,-0.06886441243494115,0.9970074578595479
80.532195303,0.035320975033593834,-0.06884581049110827,0.997001847089813
80.542296427,0.035704915256732105,-0.06840356142424359,0.9970186115670006
80.55201629,0.035975280974950806,-0.0674890600998063,0.9970712140692952
80.562728831,0.03663787594159534,-0.06732430848871152,0.997058224745679
80.571983973,0.037475598121845255,-0.06710498526638681,0.9970418749971378
80.582126464,0.03825835628997112,-0.06757827022013418,0.9969801781219345
80.591925601,0.03942413531977317,-0.06668684491558033,0.9969947854775839
80.602321968,0.04028060862168414,-0.06689318341211632,0.9969467260501234
80.612209812,0.04209580210418942,-0.06856047537500982,0.9967584485027241
80.6223339,0.043010000451246456,-0.06896946334370707,0.9966912024229295
80.632108466,0.04321258064399127,-0.06881198993224381,0.9966933244060839
80.642274773,0.042890014944984754,-0.06846564255538828,0.9967311083775287
80.652179734,0.0436229959551163,-0.0702490305931652,0.9965751892981385
80.662165497,0.04472585525278467,-0.07056079145468751,0.9965042762483235
80.672230898,0.04451975181853187,-0.06782324145032605,0.9967035665719206
80.682071795,0.046837902275116694,-0.06973402641552562,0.9964654416839278
80.692423015,0.048496067192072737,-0.07022876351800442,0.996351369869904
80.703452818,0.04979402382613687,-0.07108809819822536,0.996226398709531
80.712240676,0.050751631481616655,-0.07281234762943652,0.9960535296532231
80.722085822,0.04977735860880101,-0.0718112614491365,0.9961753647320408
80.732321688,0.04987234154377993,-0.07287385521150512,0.9960934448010152
80.742006042,0.04976016744889468,-0.07407948212750826,0.9960101184542145
80.752085934,0.050744502787359286,-0.07410966745901311,0.995958208272806
80.761816279,0.052752702102855334,-0.07482143424963474,0.9958006353671779
80.772237518,0.053980172465840394,-0.07504152547006968,0.995718288691979
80.781928594,0.054641451227412284,-0.0749528681138585,0.995688896879577
80.792381398,0.055054013189660564,-0.07540901951126878,0.9956317267986501
80.802067487,0.05477203745997834,-0.07457574199623675,0.9957100394282433
80.812697408,0.054757941872025574,-0.07461666416482864,0.9957077489056984
80.822226488,0.054731571356423384,-0.07413462150739285,0.9957452048545412
80.832185757,0.05594103987298692,-0.07467583344162262,0.9956375444697373
80.841959823,0.05760248980437237,-0.07505075511494114,0.9955146092976308
80.851880926,0.05875134591490361,-0.07596815907709092,0.9953778770696209
80.862052554,0.05964139548303114,-0.07618591007713152,0.99530829949848
80.872072778,0.05945553907256926,-0.07510191835658336,0.9954017986384953
80.882314423,0.059395172599051534,-0.07497268976234218,0.9954151441794165
80.892239827,0.05907442984660111,-0.07326935786838937,0.9955610543486788
80.902452026,0.0592394312354617,-0.0726258624083686,0.9955983999064782
80.912999123,0.05948459610480389,-0.07268484004193296,0.9955794779194311
80.922389752,0.06032910069783806,-0.07317175336928616,0.9954929904915728
80.932060221,0.060808881201995034,-0.07298602881105302,0.9954774329764355
80.942323093,0.06163016143232717,-0.07342688445341385,0.9953945026175756
81.162054539,0.06224632711937103,-0.07395625186057278,0.9953169683929255
81.16261778,0.06299906659134373,-0.07456903852884054,0.9952238824010926
81.162999241,0.06299187130232822,-0.07419582510505185,0.9952522311890649
81.163457688,0.06329990751646826,-0.07331256822828884,0.9952981407840462
81.163761343,0.06354922408022247,-0.07307267804640878,0.9952998944247547
81.164044034,0.06409628879976284,-0.07317247694478636,0.995257481448827
81.164321787,0.06449179128702857,-0.0729964627996302,0.9952448569449293
81.164587898,0.06509344347632524,-0.07284176531513921,0.9952170219817227
81.164967539,0.06494456888766609,-0.07226398734586204,0.9952688677462348
81.165215593,0.06478093613173261,-0.07150053319263523,0.9953346693786295
81.165472712,0.06482978359149154,-0.07130458664295779,0.9953455455685515
81.165842438,0.06488956649950978,-0.07102082326380742,0.9953619375998045
81.166212707,0.06452392707385889,-0.0704812199275824,0.9954240606256648
81.167163668,0.06511636872154826,-0.0700318673277941,0.995417196999882
81.1674346,0.06494682847272229,-0.07008191549039322,0.9954247508438456
81.167685291,0.06501568420058543,-0.0705558435275758,0.9953867759579901
81.167946584,0.06556203109946779,-0.06963996193730804,0.9954154387889926
81.168208362,0.06562969533170544,-0.06960391904076976,0.9954135007848918
81.168468995,0.06585139013765742,-0.06980667036472783,0.9953846609173401
81.168729619,0.066176625332322,-0.06988423039427644,0.9953576485875946
81.168988987,0.06629434161522639,-0.06963513223704355,0.9953672732354292
81.169231252,0.06657246010594259,-0.06890437779791657,0.9953995651373998
81.172178592,0.06747979208363152,-0.06915898674256053,0.9953208086908926
81.181984913,0.06710411369659304,-0.06785946681015356,0.9954356486931923
81.193672265,0.06744386485860612,-0.06718028467421015,0.995458755772446
81.202216566,0.06757644085534344,-0.0669346241174005,0.9954663132098377
81.21212774,0.06779552299666226,-0.06735189663782137,0.9954232713177331
81.222779936,0.06813828256926333,-0.06734545931735725,0.9954003031734748
81.232557601,0.06808795737288187,-0.06663987798704483,0.9954512327194439
81.242467664,0.06849077218392649,-0.06576695132913067,0.9954816533912223
81.252922169,0.06907723602616271,-0.06573701333393708,0.9954431076364533
81.331687402,0.06979227420711445,-0.06422733924241618,0.9954917816611237
81.332212114,0.07143951801403345,-0.06418625111934828,0.9953775768185491
81.332654238,0.07187591133112411,-0.06302669901446886,0.9954202572690892
81.333007471,0.07236450307623737,-0.06282455074957426,0.995397636383392
81.333285799,0.07221373519213815,-0.06274637086437161,0.9954135167823223
81.333595976,0.07179022731971893,-0.062277348092316734,0.9954736034551451
81.333863748,0.0711306447568968,-0.06202905635456393,0.9955364521423765
81.334207904,0.07157756700913681,-0.06203291922939488,0.995504178209681
81.342206538,0.07134331657618027,-0.06163955438775913,0.9955454266455095
81.352314317,0.07178799974508913,-0.06249290805341764,0.9954602551260529
81.362390034,0.0722896193195821,-0.06209029281010837,0.9954491481122404
81.563048803,0.07201152940325405,-0.06203857796748571,0.9954725282381109
81.563297275,0.07214968300347432,-0.06243608290810813,0.9954376719783063
81.563553423,0.07203928851706475,-0.06165597579402041,0.9954942900684275
81.563886556,0.07182892583836646,-0.06158579459722337,0.9955138348193535
81.564191507,0.0717853992166592,-0.06093800031076876,0.9955568374419562
81.56446134,0.0719827073513064,-0.06117750739790665,0.9955279013824553
81.56477563,0.0715785497259223,-0.06019978948439686,0.9956166413661274
81.565085464,0.07208035061337409,-0.06043310308226024,0.9955663027178562
81.565360629,0.0723007711677917,-0.060402236272654154,0.9955521926759066
81.56567848,0.07249090811395448,-0.05980924794163052,0.9955741670520941
81.565924145,0.0731114819994222,-0.05942305874107383,0.9955519129054511
81.566190111,0.0736681457021433,-0.05922819749570478,0.9955224884100898
81.566444644,0.07531357629737487,-0.05926349727997877,0.9953972589451137
81.566698934,0.07626704161698976,-0.059139707755755624,0.9953320216538583
81.566960492,0.0779634189092654,-0.05884951765668715,0.9952177850016316
81.567221335,0.08034495072569983,-0.05824127801134898,0.995064139856567
81.567481969,0.08146983115810208,-0.057916921769670025,0.9949916063886148
81.567741744,0.08272002811940936,-0.05728138572265504,0.9949252433211334
81.568002224,0.08442344716736158,-0.05648140334495124,0.9948278909663544
81.568291438,0.08610791956327424,-0.05531055195579511,0.9947492995880067
81.572065803,0.08820108022473049,-0.052802240306447236,0.9947022131602056
81.582215349,0.09013805631467549,-0.05059087537140586,0.9946435010258537
81.592104945,0.0909099544765548,-0.048162997598010154,0.9946937749073554
81.603343068,0.09258389678341078,-0.04519498762667062,0.9946786592411764
81.612037301,0.094533623284081,-0.04414906554610586,0.99454223343214
81.622363111,0.096257404496648,-0.042910158134330946,0.9944311089303549
81.632305815,0.0980443441128192,-0.0410616914442082,0.9943345735129739
81.646801249,0.09949187083165453,-0.03935349259505278,0.9942598605289206
81.652179166,0.10024831615664112,-0.03760816519245638,0.9942514274662195
81.662523735,0.1017141515166713,-0.03721062702130207,0.9941174983964044
81.672078871,0.10267840960273719,-0.036742006030121524,0.9940357987488856
81.684080362,0.10354051589634573,-0.036703853142335006,0.9939477796808163
81.692284656,0.10395977017670473,-0.035328408279003,0.9939538569537717
81.702524812,0.10521949431322704,-0.035532476254823704,0.993814017383368
81.712087492,0.10636398362361965,-0.036557446993932374,0.9936549985065241
81.722243607,0.10748587283496783,-0.03675620263720658,0.9935269340629865
81.735893839,0.10721814833998448,-0.03468260273887338,0.9936304070094688
81.742518766,0.10856979131307844,-0.0341677988741944,0.9935014654917863
81.752734271,0.11096501635888793,-0.036477783197680726,0.9931546387534294
81.762642353,0.11135507008261725,-0.036072136458250616,0.9931257973379973
81.772889746,0.11222860971622158,-0.03551005389435146,0.9930477205218209
81.782612245,0.11399353512746055,-0.03547679819197674,0.9928478588077784
81.824243378,0.1152205035430099,-0.035350807443678585,0.9927107111220143
81.824512438,0.11623674312570391,-0.035466529957387964,0.9925881043012308
81.824779847,0.11709811641922376,-0.03529720964460061,0.9924928907162888
81.825046023,0.11788526430286361,-0.03516526248579353,0.9924043877243538
81.832217889,0.11830461940234469,-0.03394036950723379,0.9923971323748265
81.842197723,0.11809690057647475,-0.03409008477387315,0.9924167411900812
81.852347449,0.11772007220793504,-0.03264937421797736,0.9925099510647403
81.862063167,0.11731746026574787,-0.03176019974979175,0.992586471411256
81.873099044,0.11754535548954544,-0.0319448441861641,0.9925535836078363
81.882184238,0.11763088876316254,-0.03159008578937785,0.99255480477836
81.89291612,0.11735942345431097,-0.030748865727000113,0.9926133552310159
81.902628224,0.11804147435529273,-0.03072865617676743,0.9925331027334044
81.912948848,0.11811801348221612,-0.03034218552064102,0.9925358868418039
81.922530886,0.11871815564439599,-0.029978586247542287,0.9924753316264296
82.140379267,0.11905904011976848,-0.029390954272826744,0.9924520727837148
82.140836311,0.1187147667766336,-0.029201758092018616,0.9924988974671483
82.14128383,0.11852191465441933,-0.02940265704832177,0.9925160147348502
82.141558455,0.11877823919257278,-0.028459612480164202,0.992512861554847
82.142086135,0.11820531179099487,-0.028523684349442264,0.992579419339091
82.142354641,0.11837853503780138,-0.02883310674013786,0.9925498347176408
82.142647436,0.11842353953544203,-0.02883227462540315,0.9925444902994641
82.142911197,0.11856556855334059,-0.028978944190615672,0.992523262572329
82.143160254,0.11826937486044804,-0.028925214919405695,0.9925601679051931
82.143416816,0.11738163230464177,-0.028521297027760503,0.9926772325450766
82.143729958,0.117766851755813,-0.02859104295797903,0.9926295990398933
82.143975587,0.11891757642609206,-0.028030271585565692,0.9925083948721966
82.144363175,0.11938660105693459,-0.02656578152969975,0.9924923670939685
82.144764335,0.1203798605716339,-0.026349728590237043,0.9923781441426321
82.14512513,0.12024165608692218,-0.025184076089501992,0.9924251641574757
82.145481122,0.11950588916380174,-0.024687451240175514,0.9925265095736401
82.145811947,0.117905315862193,-0.023963453437139067,0.992735659373029
82.146216168,0.11761300728791506,-0.02337367067166079,0.9927843935296454
82.14656839,0.11839775338246228,-0.023936364818883758,0.9926777032014182
82.146835239,0.11967763666102971,-0.02194654973267392,0.9925702051935983
82.147294432,0.11990037456238989,-0.021648075075394534,0.9925498783564122
82.147570184,0.11927729333708029,-0.019786060878594455,0.992663809700489
82.153333456,0.11952952430700631,-0.018964855924406606,0.9926494985938931
82.16266153,0.11980820114686475,-0.017142217302620916,0.9926490514395823
82.172765947,0.12017688584033255,-0.016034850676204512,0.992622989696245
82.182456821,0.11912447384279704,-0.01580793137309065,0.9927534784816321
82.192971103,0.11645325426832692,-0.015065095277431785,0.9930819112614016
82.202590693,0.11383768941423505,-0.014003479092605516,0.9934006659158887
82.212780885,0.11172536548053476,-0.013295433487670946,0.9936501769519371
82.222664962,0.11140264524206077,-0.014699485459445154,0.9936666321057075
82.23277409,0.11033806966680339,-0.014668404672026495,0.9937858664151857
82.252816922,0.10822120130575373,-0.012695215046636869,0.9940457751546753
82.253552289,0.10720575398163554,-0.010462259065870621,0.9941818080454238
82.262611894,0.10593512759269191,-0.00881030614783133,0.9943340119132513
82.272104535,0.10502050111948348,-0.01028134681272109,0.9944169086717749
82.282301665,0.10405803246387882,-0.011631731989547455,0.9945032069785746
82.292104558,0.10183922425173729,-0.011146004233601436,0.9947384274237268
82.302211734,0.0994283165999664,-0.009801506093904021,0.9949964524240215
82.312148644,0.09835448541701511,-0.009797325023960735,0.9951032145565247
82.322317362,0.09811780162571798,-0.00933233063278034,0.9951310489624454
82.332142898,0.09775166747674101,-0.010036030397777883,0.9951602331279981
82.342292439,0.09703401218155154,-0.010054402682387643,0.9952302796170599
82.351916269,0.09431746305644946,-0.006310065469702343,0.9955221741560374
82.362293917,0.09257756422779227,-0.006283446755040063,0.9956856496397474
82.371944429,0.09050147872298439,-0.0060153208330845625,0.9958781543262349
82.38224489,0.08955108947600389,-0.0070368326825093344,0.9959573712561494
82.392212176,0.08836015291421367,-0.008156599640120757,0.9960551958899103
82.402347939,0.08681240982858336,-0.008309475637406825,0.9961900210875362
82.412080677,0.08562645779208944,-0.008375798828240489,0.9962921036121728
82.422594347,0.08345898726878909,-0.006990501406520343,0.9964866935058158
82.432183174,0.08097205328714634,-0.006888715429641348,0.996692566535034
82.442177914,0.07851722585244426,-0.006832887156733081,0.9968893403470316
82.452252974,0.07762702004800653,-0.006081390822571641,0.9969639223382809
82.462082376,0.0769984931850174,-0.005457462413431234,0.9970162727615045
82.472328081,0.07406906053572665,-0.005433431073138026,0.99723831259039
82.482200349,0.07202837742998741,-0.004810443455063955,0.9973909827537891
82.492221067,0.07067587457418407,-0.005044297473302173,0.9974865792661949
82.502136125,0.06910392449516083,-0.004486457401766346,0.9975993781670822
82.5121546,0.06845567842375493,-0.004517162978001761,0.9976439321371999
82.522008879,0.06785994975851066,-0.004483268468461673,0.9976847836479277
82.532423065,0.06754569753263846,-0.002652106705660078,0.9977126565674364
82.542291463,0.06535810001724672,-0.0007205735288408885,0.9978616134193785
82.553347607,0.063827615167475,-0.0015638446607219602,0.9979597135816204
82.562798179,0.06297562934475713,-0.0011834064861112922,0.9980143634526111
82.572232161,0.06155576547955958,-0.0015495802959456426,0.9981024429071057
82.582375971,0.06015623112285081,-0.0017888854236424848,0.9981873710611829
82.591982717,0.06047412814735164,0.0004918576807605247,0.9981696438485994
82.602300953,0.059737999549410024,0.0008845938604065451,0.998213699016166
82.612193726,0.05880183114571791,0.0014107305358758376,0.9982686785095812
82.622311846,0.05774352768179063,0.0020010603795166167,0.998329445007118
82.632730796,0.05516585815707165,0.003182038430185269,0.9984721341756227
82.642409894,0.05522079860429709,0.0019666223934618476,0.9984722308596595
82.652911427,0.05408627967154985,0.0021880070266756175,0.9985338687178028
82.666180936,0.0515792975628157,0.0011182749337134347,0.9986682760176671
82.67255732,0.04950578354551984,0.0027425136500401786,0.9987700716453329
82.682630732,0.048536885715489704,0.004050421486120643,0.9988131781323404
82.692799448,0.04703505566565067,0.005522663861010233,0.998877972388223
82.702495939,0.04603527367575244,0.00574331029902845,0.9989233043454375
82.712443125,0.043581454457418976,0.0053249232704151534,0.9990356860590819
82.722565327,0.0405946984962096,0.0051431190112774,0.9991624586526647
82.73234746,0.03703787686055891,0.0064824339206896705,0.9992928368241843
82.749395378,0.036001375455518805,0.0064207043136475074,0.9993311140565111
82.752560318,0.033890524485185765,0.007879894515046726,0.9993944864829659
82.762054279,0.030122714677825606,0.009603344405115016,0.9995000739553125
82.824180873,0.02623052099426678,0.010375853809213804,0.9996020715395197
82.824550362,0.022009676524738647,0.010945808688539789,0.99969783605419
82.824896672,0.018952569961925715,0.011518978770542017,0.9997540263584449
82.825216047,0.01496078409000535,0.012704670722727966,0.9998073645864184
82.825501937,0.009486557464530282,0.013956854193376235,0.9998575955847397
82.825767178,0.003707126958938941,0.015662911954482567,0.999870456808689
82.832058855,-0.0006952434613849448,0.01546022216660427,0.9998802419125447
82.842557805,-0.003002904449327498,0.01573605842172476,0.999871671280978
82.85215211,-0.006363318392747484,0.015398386938711615,0.9998611892951532
82.87561774,-0.010029285216300452,0.015510553780064537,0.9998294035281649
82.875871601,-0.012649865289563206,0.016048490342313967,0.9997911916324771
82.882411247,-0.0134259752091111,0.017462649362476792,0.9997573700988293
82.892262598,-0.014578541891745367,0.019833261870526087,0.9996970080178723
82.902402832,-0.01559382258050691,0.01906530313205405,0.99969662743945
82.912206254,-0.01544017729555542,0.01775586709266433,0.9997231267250296
82.922211366,-0.01818676118731805,0.01864463986490273,0.9996607520163147
82.932472989,-0.01929504621855723,0.018892353011764375,0.9996353236001131
82.942357195,-0.020082996922763493,0.018996629021918152,0.9996178276323427
82.952099269,-0.020587750339296766,0.018768894829588982,0.9996118612355711
82.962937398,-0.02144285290575808,0.018995565515645223,0.9995896020617676
82.972234665,-0.02225242530468466,0.01994267755506651,0.9995534598909626
82.982011762,-0.023024925449097334,0.020634338257720406,0.9995219241681143
82.992156875,-0.023311914409205343,0.021753281391117374,0.999491545434626
83.002058284,-0.02303010830308587,0.021066349169468358,0.9995127928366992
83.012384764,-0.023598980783048184,0.021256315238693407,0.9994955013247808
83.022167024,-0.023394179295624155,0.0191459234074659,0.99954296855711
83.032475837,-0.02424461671923118,0.019375751241317,0.9995182733817187
83.04238051,-0.024898601018219002,0.01804535705926843,0.9995271005610299
83.052454212,-0.025591008548484572,0.017730744647173415,0.9995152429931863
83.062223302,-0.027007844411117452,0.017725404300852995,0.9994780569790596
83.149373363,-0.028542519416326056,0.017886715033248055,0.9994325339965114
83.149630539,-0.0304525951615663,0.0167301043890305,0.9993961892338082
83.149882787,-0.032663251241906686,0.017862804112633086,0.9993067758439056
83.150119814,-0.03338751017954734,0.018164676226132857,0.9992773982741782
83.150377866,-0.033576003409876654,0.018807420930777342,0.999259192058273
83.150659756,-0.033644910873939796,0.01942297091289924,0.9992450991489533
83.150954487,-0.03433984456472948,0.018738355218464432,0.999234531588544
83.151220855,-0.03555722662011061,0.01929017989928748,0.9991814512862713
83.153006807,-0.03700885873221809,0.021353360769174642,0.9990867721870811
83.162875556,-0.03837944959111445,0.022382488239254174,0.9990125334895967
83.172884031,-0.039407652111137254,0.022255650733458948,0.9989753365151304
83.20900865,-0.03999077347471255,0.022384294446829652,0.9989492887023905
83.209313021,-0.041664994534654685,0.019656839123698287,0.9989382548016131
83.209591194,-0.04597100571953062,0.0205041777761051,0.9987323191560695
83.211992574,-0.0505274480185626,0.021593981670507946,0.9984891972136432
83.222283032,-0.05263592119679888,0.021517029798661293,0.9983819295381943
83.232103943,-0.057320075409937055,0.01995729081930374,0.9981563582416098
83.242497415,-0.06305011709582718,0.021531923615782433,0.9977780609933286
83.251890858,-0.06608974709847579,0.01970667067478322,0.9976190617963228
83.262184298,-0.06882364818059876,0.019270018619057618,0.9974427160662083
83.272125981,-0.07218976332360993,0.02167362095580271,0.9971554002390728
83.282278417,-0.07624230845675589,0.024499783747185644,0.9967882779194016
83.292257757,-0.08092795307728148,0.02249527663768394,0.9964660701397291
83.302609739,-0.08406267287945175,0.022603692155517694,0.9962040655053064
83.312159394,-0.08670499355406479,0.02293519429971797,0.9959699899872605
83.322364445,-0.08890468559125562,0.0214586553907991,0.995808959082383
83.331975444,-0.09146374654015013,0.020920777677318904,0.9955886219369
83.344140486,-0.09409531379092138,0.02289480281762008,0.9952999045144787
83.352262122,-0.0963365975317262,0.021987761020773197,0.9951059231766756
83.362260909,-0.09916390967321748,0.023594297643217063,0.9947913490461432
83.373027404,-0.10612728506199519,0.024104881397700666,0.9940603372321889
83.38230925,-0.10698491618278257,0.02501331801232623,0.9939459550857769
83.392062902,-0.109722184957907,0.024303076263051827,0.9936651360555099
83.402492998,-0.11303727343195061,0.02390098217711057,0.9933032356063479
83.412164633,-0.1157121100801658,0.021863650807414706,0.9930421382570666
83.422512957,-0.12039676553317635,0.024949721612570936,0.9924122783604629
83.432224723,-0.12374591794025244,0.025458680721622714,0.9919873000039057
83.442372477,-0.12791156709386545,0.0257409866856853,0.9914514776871529
83.45237388,-0.13049507198696644,0.027074748334136478,0.9910792068193942
83.462277984,-0.13343298147553997,0.02895101775549012,0.9906348863357628
83.472205736,-0.134457530782747,0.026954474205080316,0.9905526885209763
83.482371826,-0.13457637391625155,0.027461040425117312,0.9905226351993797
83.49242976,-0.14079441473305954,0.026410775334950672,0.9896865179066461
83.502144403,-0.14308082968523272,0.028896627394286507,0.9892890685243728
83.512380812,-0.1418646434287843,0.027865038226314177,0.9894937910818189
83.522224706,-0.14286912186930603,0.027423002903650996,0.9893616087801466
83.532421048,-0.14007218608121658,0.024683333013893412,0.989833579829334
83.542295763,-0.1390506293257313,0.022978772332554503,0.9900186354338019
83.552228955,-0.14067779829252844,0.024920414776213595,0.9897417491421427
83.562039759,-0.14133080243936474,0.02595831888576932,0.9896220338909549
83.57260226,-0.14363017829191954,0.026352011765058688,0.9892805180330632
83.58204065,-0.14365228909458733,0.026609475209815193,0.9892704158454065
83.592078331,-0.14411254843492222,0.026091619056813842,0.989217266730917
83.602259191,-0.14679701429841074,0.026584631874477817,0.9888093314391662
83.612162096,-0.1492622786461417,0.026705170610070435,0.9884369509665493
83.622363467,-0.14994036728659277,0.028124042526749174,0.9882949582436993
83.632179536,-0.1497610415941322,0.028873469439957968,0.9883005378846763
83.6425914,-0.1484506941500913,0.02923142449112828,0.9884876909848578
83.657347883,-0.14775787936490528,0.02861138125576475,0.9886096286948773
83.672296008,-0.14772815337631184,0.029715584195103763,0.9885814972757526
83.672570476,-0.14674096023658362,0.029685473653406888,0.988729418619077
83.682334636,-0.14584915959585928,0.029330972933610457,0.9888719414929059
83.692126519,-0.14523881129962188,0.028365084177743125,0.9889899441813664
83.702338262,-0.1451919398121935,0.027237762064286457,0.9890285157321308
83.712254633,-0.14580602316806765,0.027037931045023052,0.9889436555702845
83.722377397,-0.14487024948477997,0.026486846748079208,0.9890960811587322
83.732367101,-0.14568324723882656,0.02664319036937318,0.9889724626504482
83.742621944,-0.1458559474285277,0.02662351601032433,0.9889475370286206
83.753818934,-0.14534058009399078,0.025410550145686363,0.9890553168146037
83.762749693,-0.14505082388785334,0.025435057395874542,0.989097222898095
83.772238952,-0.14317543788216033,0.024155336478656232,0.9894025033861875
83.782415174,-0.14206641545919532,0.023655030583881572,0.9895744404170163
83.792367754,-0.14137213978217616,0.022467774126754922,0.9897015293608462
83.802515725,-0.13963720642467298,0.021777604711909225,0.9899632248295516
83.812243768,-0.1389145484246243,0.022024026869855714,0.9900594378502833
83.82250976,-0.13918305799190273,0.02428536356285851,0.989968836622973
83.832371411,-0.13741923756098148,0.024188897276731937,0.9902175773014202
83.842189057,-0.13719311692546968,0.02489750914142271,0.9902313682704802
83.852360675,-0.1364813748166333,0.024143861287804803,0.9903483772341313
83.86207798,-0.1365628450881494,0.024266747288535097,0.9903341427606466
83.872239006,-0.13585893561741694,0.024111209047754104,0.990434752626925
83.882144362,-0.1355929298936019,0.024434792089181624,0.9904632745833776
83.892400705,-0.13703272683739517,0.024181984833258032,0.9902713079681912
83.902123047,-0.13779069521311071,0.023639458401701424,0.9901792263621582
83.912402809,-0.13779155845083207,0.02361648351783297,0.9901796544698053
83.922103971,-0.13936953602031266,0.02688749718359398,0.9898753431239133
83.932377467,-0.13795707637840476,0.026523726406677352,0.9900829950133608
83.942334599,-0.13453840379857113,0.026735431198948226,0.9905476437920283
83.952399083,-0.13495734850062924,0.024816329657186397,0.9905405917316188
83.962417415,-0.13540481730050077,0.02309668565393218,0.9905211146480531
83.972599562,-0.13532822471507508,0.02425425952481488,0.9905039134149694
83.982122643,-0.1335091385000288,0.024155020273146945,0.9907531705387492
83.992194114,-0.13161336182782998,0.022942956019354147,0.9910355915694808
84.002133948,-0.13047726596958562,0.021792554539826745,0.9912117672988607
84.012366664,-0.12939783048074574,0.01898923379048787,0.9914109190779202
84.098695359,-0.1264930428600508,0.016934654028051634,0.9918229315764763
84.099011164,-0.1250947896324031,0.018987186271521853,0.9919630942551823
84.099542505,-0.12454834990058967,0.020752726683361377,0.9919964883366503
84.099847953,-0.1259803423694283,0.021337273244990906,0.9918032436461126
84.102320168,-0.12740465653853364,0.019182282923278036,0.9916653132555104
84.102701096,-0.12726373967891097,0.017757537061053614,0.9917099426951732
84.103049412,-0.12542859936814899,0.016896714882143695,0.9919587529160353
84.10342321,-0.1242924704122466,0.017269101026034746,0.9920953381346842
84.103730526,-0.12486258638981278,0.015781143230436032,0.9920485320982977
84.112020139,-0.12479328924080133,0.01539929260320568,0.9920632523925996
84.122230261,-0.1240365001269977,0.014014863674862408,0.9921786785818473
84.132533296,-0.12392636512061495,0.013310015408113742,0.9922021464993049
84.142165726,-0.1245356933858374,0.013597141227207694,0.9921219576359331
84.152212294,-0.12410443314383414,0.013306807896188093,0.9921799325413015
84.163472218,-0.12416094421881257,0.012229001204905634,0.9921867321528863
84.17205895,-0.1233055958627277,0.01201755375982149,0.9922959782396418
84.182251308,-0.12307702757860782,0.01232543414796694,0.9923205777144194
84.246343964,-0.12262745947939735,0.013529571976241285,0.9923605478170565
84.246832351,-0.12201456315113571,0.01388327701773766,0.9924312071868187
84.247097522,-0.12146201417838888,0.014946220890832236,0.9924835462579776
84.247358428,-0.12126185445214016,0.01647591439604781,0.9924838068702392
84.247618338,-0.12213490137080811,0.017062653513422853,0.9923668332437477
84.247877136,-0.12136956978786144,0.01766759760821928,0.9924501415810587
84.252824122,-0.1193720794329313,0.01975282097525428,0.9926530777242256
84.262586612,-0.11775053731148327,0.019639045677516714,0.9928489909587125
84.272907928,-0.11802748242289181,0.020221977733628136,0.9928044042053071
84.28212016,-0.11812334404489921,0.02135742259207945,0.9927692259996146
84.294447477,-0.11811349046375477,0.022110909893996552,0.992753902552958
84.302207709,-0.118130838431533,0.023699641686048753,0.9927151817089411
84.312126176,-0.11847757400143243,0.02479919765130979,0.9926469988140731
84.322312545,-0.11926225293917589,0.026709030036004125,0.9925034724062219
84.332401641,-0.11916103037356855,0.02885238350945789,0.9924556356866199
84.342512135,-0.11735407158896424,0.028927775286828585,0.9926687290825912
84.351969126,-0.11728560170551493,0.029015114119208193,0.992674272249072
84.362572973,-0.11676023217055462,0.02802641611019894,0.9927646086477381
84.372247786,-0.11682444287002561,0.02784110754025103,0.9927622687627891
84.382331084,-0.11555228419404859,0.027449533679752867,0.9929220476544481
84.392140988,-0.11355637582249425,0.027604511932094792,0.9931479952308475
84.4023198,-0.11291193215425205,0.028347816115055196,0.9932005320672661
84.412279783,-0.11181032356506661,0.029853126016154218,0.9932810490547672
84.422451231,-0.11177504063460857,0.03080439086163271,0.9932559739537313
84.432672663,-0.11302531344817243,0.03192013965863393,0.9930792431644697
84.442501507,-0.11287681826058603,0.030935778894262186,0.9931272836266115
84.452357627,-0.11275541595659193,0.030519618352136055,0.9931539503360473
84.462865773,-0.11398542757271521,0.031727518388626474,0.9929756728530488
84.472211741,-0.11439167844685298,0.03251917298223123,0.9929033423705772
84.482196936,-0.11388176142057688,0.03207975148860328,0.9929762504512262
84.492131618,-0.11342147351560371,0.0332626243681485,0.9929900136283811
84.5022822,-0.11383366645424241,0.03361260606500134,0.9929310595882795
84.512099805,-0.11338860166056883,0.034177505264155354,0.9929626997764717
84.522367913,-0.1132768922794456,0.03403267720371023,0.9929804240557107
84.532312724,-0.11329757202058524,0.034638159282433245,0.9929571280250549
84.542373482,-0.11295672647748926,0.03504158692300867,0.992981805034416
84.552301815,-0.11240556737786633,0.03572096121599094,0.9930201414635383
84.562378048,-0.11221455527527126,0.03579569712820552,0.9930390534372145
84.572995408,-0.11127903229071172,0.0357331082444849,0.9931465762653722
84.582409883,-0.11098559850166799,0.036676418534455295,0.9931450232713811
84.592367721,-0.10987896585499012,0.03848744134190093,0.9931995417445538
84.602408117,-0.10929012339874153,0.03829754240542967,0.9932718495825763
84.612370907,-0.10812785894628145,0.037655600153118064,0.9934235863400878
84.622052599,-0.10650814554814411,0.03768766681758722,0.9935973302609776
84.632348357,-0.10446061752084526,0.03671371405212503,0.993851137035956
84.642266667,-0.10334960110224461,0.03566528913712112,0.9940054562741458
84.652243079,-0.1030350447896733,0.033625316008320354,0.9941092081197774
84.662344176,-0.10253127343400847,0.032603012248765426,0.9941953437631398
84.672523122,-0.10196438622540469,0.030542083883431395,0.9943190861357002
84.682903546,-0.10178885918048783,0.029002813095572795,0.9943831580327968
84.697408444,-0.10072693222551532,0.028989980179838545,0.9944916621941127
84.704266792,-0.09957142933371084,0.0280554589316257,0.9946348182547088
84.713666111,-0.09997579132963164,0.027442668877976067,0.9946113517715691
84.724015357,-0.09918325806435555,0.026065741547192836,0.9947277308074478
84.732887817,-0.09817492990114436,0.024112156432736998,0.9948770210689705
84.742855186,-0.09631132531429648,0.022235737297226294,0.9951028593080479
84.752768787,-0.0949330060109034,0.02005450410649096,0.9952816391528463
84.762654672,-0.09268721609154952,0.01797951191335713,0.9955329312104928
84.772398602,-0.09068928147318711,0.01775739097867313,0.995720909337304
84.78208353,-0.08739562374632613,0.015207410272221661,0.9960575985467923
84.792765353,-0.08419133295290963,0.011476118036112546,0.9963835196200476
84.802041083,-0.08080434670564365,0.00802289514709042,0.9966976927368364
84.812302492,-0.08085966109553831,0.00726005319850643,0.996699055299577
84.822224923,-0.08250690321522124,0.005565498341614124,0.9965749526001764
84.833007345,-0.0820259579699594,0.0016169839686857863,0.9966288815712475
84.842481153,-0.07994172224553645,-0.0029343683342493944,0.9967952199558827
84.852341909,-0.0783145393950243,-0.007130608537371742,0.9969031985811021
84.862248749,-0.07802427325537357,-0.009168376043120421,0.9969093006205243
84.872509659,-0.07966110624099866,-0.009405896074710509,0.9967776267911976
84.882131573,-0.08096878490527672,-0.00854124668391029,0.9966800404222249
84.892427986,-0.07888596002475709,-0.008920826571009689,0.9968437310653373
84.902122562,-0.07759361269674721,-0.008554404899957794,0.9969483704914087
84.912489063,-0.07607683539741941,-0.010020766882422266,0.9970516031515131
84.922464613,-0.07541984630336258,-0.010948065666796417,0.9970917644037246
84.932230245,-0.07491814842346697,-0.012376672591315186,0.997112876765899
85.01716898,-0.07462399824549604,-0.013498590994168912,0.9971203773502116
85.01741999,-0.07321563755576277,-0.015374721952160343,0.9971976174972527
85.017787989,-0.07197799785756738,-0.017390337450003217,0.9972546033926296
85.018041704,-0.0721420873323343,-0.020030122038076022,0.9971932177098246
85.018301471,-0.0717960161782421,-0.022161050255738366,0.9971731143149097
85.018562857,-0.07089554161053231,-0.023797772320000427,0.9971998236122761
85.018818322,-0.06989027515462701,-0.0241821959095622,0.9972615358268874
85.019072984,-0.06847154427556276,-0.02618592038618107,0.9973093528078678
85.022601104,-0.06774831020199372,-0.026354859361132334,0.9973542940464183
85.032697621,-0.06688805102300016,-0.027729327361100002,0.9973750914447611
85.042334106,-0.06649256658247024,-0.028416669354239216,0.9973821892795599
85.052466696,-0.06562235061065677,-0.02963666569594221,0.9974043187929151
85.062330222,-0.06442580114296463,-0.029507770636727125,0.9974861440737599
85.072715824,-0.06294629975117386,-0.030859196678000602,0.9975397101509412
85.08222475,-0.06125927333550522,-0.03202751197181285,0.9976079089037443
85.092229321,-0.060314141869586974,-0.03236995883682847,0.9976544442117408
85.162803718,-0.060023119632323305,-0.03239677317403538,0.997671125270003
85.163064646,-0.058760449334162405,-0.03378563724102621,0.9977002256741577
85.163632264,-0.05884567902134285,-0.03467415131669233,0.9976647178741885
85.163974593,-0.0593871025073699,-0.03548070257364062,0.9976042761539569
85.164290074,-0.059521426952417716,-0.037158763211593025,0.9975351753447759
85.164552903,-0.059624766753707856,-0.037039671869798944,0.9975334329722206
85.164823248,-0.06003307782913088,-0.038755496990134954,0.9974437533111375
85.17273714,-0.06014391388789166,-0.039153974133938216,0.9974215136700055
85.182972956,-0.05983557609451448,-0.03962016823573898,0.9974216491045345
85.192776974,-0.060019635886826794,-0.039562597704864866,0.9974128754787839
85.203270492,-0.05927853427361475,-0.04018275540250593,0.9974324044979861
85.21258258,-0.058851284089192796,-0.04068570063761098,0.9974373163886943
85.223508082,-0.05815813138267254,-0.04070733502302524,0.9974770897767022
85.232594312,-0.05686321465127605,-0.04177923979303209,0.9975074285146147
85.242320711,-0.056309973764970024,-0.041837907706882914,0.9975363533893383
85.252072161,-0.05544350430866979,-0.042322100496447926,0.9975644628992872
85.262418592,-0.054898140221744246,-0.0428007683090258,0.9975742019681297
85.272518677,-0.054181884034275755,-0.04366544925700602,0.9975758878319384
85.282757852,-0.053533780320327386,-0.043705638053261456,0.9976091176242187
85.292335827,-0.053250627590805594,-0.04420854805911655,0.9976021125377043
85.302543122,-0.05385633845872711,-0.044516719168623084,0.9975558914277841
85.312220058,-0.05317650214576536,-0.04636564888485539,0.9975081384244582
85.322623182,-0.05384665519831503,-0.047696643297782323,0.9974094284405367
85.332323989,-0.056375967630791696,-0.048300266068603305,0.997240610169579
85.342760348,-0.0566921257851133,-0.05053761136614679,0.9971118055220133
85.352706864,-0.057678156027336565,-0.0517850525366391,0.9969912430162383
85.362853334,-0.05761192653735747,-0.05345753865160886,0.9969067947817217
85.37207889,-0.05736510290841516,-0.054661569640743944,0.9968557356873247
85.424455866,-0.056067893081399235,-0.057541146870542965,0.996767479296067
85.42517098,-0.055523182678887124,-0.05928188443495526,0.9966959588375222
85.425605454,-0.055666943733774336,-0.06049503786981078,0.9966150419136123
85.425864226,-0.05552200787381481,-0.062099927861647544,0.9965244129479409
85.426170716,-0.056076941234456265,-0.062181829329438235,0.9964882321247109
85.432616252,-0.05685881760477749,-0.061979588931855734,0.9964565245992546
85.442230934,-0.05702012179064378,-0.06224864113511578,0.9964305356560546
85.452621363,-0.05709366516874211,-0.06213218435831749,0.996433592902439
85.462593223,-0.05809278690857933,-0.06325979248430498,0.9963048864499446
85.472656169,-0.058378902358201444,-0.06465031182866543,0.9961988962751906
85.482169245,-0.05802755587849274,-0.06630408137964909,0.9961107225359886
85.492436525,-0.058097172853746666,-0.06747411460870469,0.9960280931601144
85.502059077,-0.05750481727598126,-0.06884918543037447,0.9959683657906159
85.512053898,-0.057276218160512364,-0.07017537575876032,0.9958889754738459
85.52317964,-0.05760160410854308,-0.07157169459949787,0.9957708309326394
85.55710551,-0.05803325576335832,-0.07256665711450136,0.9956737525418309
85.557434424,-0.059105026913759934,-0.07321562745674096,0.9955631912086945
85.557719141,-0.060432195191143054,-0.07271480507445054,0.9955202192358348
85.62415229,-0.061213574855335316,-0.07219331744544459,0.9955104334810619
85.624508504,-0.05911116184471917,-0.0739388143123643,0.9955093783000987
85.624734406,-0.058222804350261066,-0.07685561306454831,0.9953408058519773
85.624991649,-0.057430004625243454,-0.07838041059645647,0.9952679567852445
85.625238008,-0.05940708511369708,-0.07771640284362005,0.9952039785729067
85.625701205,-0.06055184057390228,-0.07828560850192914,0.9950903668032344
85.62596208,-0.0612421053391426,-0.080934749123861,0.9948361527999909
85.633279849,-0.060345534258816724,-0.08270466083691011,0.9947453722289287
85.642821742,-0.06066978617197453,-0.08322847992243292,0.9946819578014111
85.652519077,-0.06007183379821317,-0.08538326300117158,0.9945356067951477
85.663168972,-0.05946354341567011,-0.08833942424077752,0.9943139509879465
85.672899424,-0.05982956941761012,-0.08876418141463906,0.9942541640451362
85.682956707,-0.06114736269444357,-0.08912834454655547,0.9941414075642885
85.692820691,-0.06207801208011785,-0.09166447225959856,0.9938530801590093
85.703050649,-0.06156982739615118,-0.09481081225387317,0.9935894857707427
85.712212218,-0.06189650480137671,-0.09631034402417017,0.9934249545523403
85.724128241,-0.06236305251456316,-0.09743950383317367,0.9932856551736821
85.733836493,-0.0635747340090315,-0.0995584216570428,0.9929986776793005
85.746906524,-0.06465247687894599,-0.10275890483203086,0.9926029743614206
85.752385394,-0.06476799415918763,-0.10522942243515673,0.9923365737422757
85.762109184,-0.0660587348927626,-0.10619403346923198,0.9921487140544525
85.772354544,-0.0676349684494735,-0.10968458410108975,0.9916626457890858
85.782513798,-0.06746166720515949,-0.11392350077120707,0.9911964282774293
85.792605601,-0.06672823316107639,-0.11713588400308449,0.9908715999452286
85.802124329,-0.0665476679536069,-0.11706743715881511,0.9908918321628266
85.812396071,-0.06697772531315015,-0.11913826079550918,0.9906159998336881
85.822204369,-0.06744688057237998,-0.12123961555447975,0.9903291745279733
85.832427458,-0.06800321640184126,-0.12228213403391178,0.9901629372255442
85.842122673,-0.0694335782038736,-0.12162335754921184,0.9901448061350739
85.852442107,-0.06959350869137143,-0.12219609164105787,0.990063057959277
85.925097424,-0.069442402795113,-0.12322406971522744,0.9899462517414055
85.925559247,-0.06887306795560633,-0.12215710065501549,0.9901182471149306
85.925863602,-0.06884233495207569,-0.12178413356379628,0.990166328315835
85.926329242,-0.06908955381305852,-0.12218950986619194,0.9900991653529319
85.926721676,-0.06917283446952016,-0.12346823615977988,0.9899347017005947
85.927134997,-0.070108353213586,-0.12423721177579615,0.9897726678484586
85.927532858,-0.07020738684384573,-0.124243359783973,0.9897648763126267
85.932946433,-0.06988078736333532,-0.12772902905820901,0.9893442124424278
85.942323446,-0.07086377671623202,-0.12737760452289065,0.9893196000360662
85.952735871,-0.07120004425871225,-0.12693132506443383,0.9893528149325418
85.96237833,-0.07042158167566431,-0.12792310634339346,0.9892807891078017
85.972519388,-0.07003626495898627,-0.1286576621179334,0.9892128828361175
85.982269878,-0.07110307166259627,-0.1310181981968213,0.9888268730882077
85.992512287,-0.07135790116960912,-0.13104438733684814,0.9888050457436888
86.002466458,-0.07203047923935178,-0.1325673499997432,0.9885532397269229
86.012115918,-0.07261296005846103,-0.1346605710292845,0.9882276502110309
86.02252643,-0.07152247370833904,-0.13752123745285647,0.9879131768551703
86.032029605,-0.07220036033060541,-0.13948210843943096,0.9875889070830137
86.04267152,-0.07272460241441715,-0.14064730702420716,0.987385166604453
86.052166081,-0.0729289869404116,-0.14109492338328009,0.9873062267905087
86.062600649,-0.0728401141075211,-0.1401321629112044,0.9874498947767583
86.07232231,-0.07372440410916087,-0.13958022503592174,0.9874624413200082
86.082905517,-0.07414837045325197,-0.13822487925948299,0.9876213352863682
86.092240023,-0.07357894520190103,-0.13805302560062005,0.9876879572747105
86.102912563,-0.07378253537652026,-0.13732672490760098,0.9877740167161541
86.112691962,-0.07408860028688197,-0.13735934226113825,0.9877465719510842
86.122973254,-0.07430878889113535,-0.1370227428519244,0.9877767823931013
86.161287268,-0.07444009218571396,-0.13722494242190467,0.9877388257290931
86.161545117,-0.07447268231897378,-0.13700044379818976,0.9877675323613934
86.161798141,-0.07462366059842802,-0.13753917220656436,0.987681267103727
86.162881433,-0.07460648635870344,-0.1372747403429628,0.9877193517679913
86.172924878,-0.07444741389901531,-0.1368260842284227,0.987793604574592
86.183140146,-0.07422562977296905,-0.137390032286191,0.9877320157376724
86.192902762,-0.07465658037020068,-0.13699296817574536,0.9877546869936011
86.202220349,-0.07405322676860111,-0.13768088832490413,0.9877044560976849
86.212387007,-0.07418684618678312,-0.13689048186057198,0.9878042861968351
86.22211021,-0.07439129364046188,-0.13639017443606727,0.9878581151905357
86.232419079,-0.07443858549172279,-0.13607248962343807,0.9878983624633005
86.2423435,-0.0732939787509329,-0.1368615776277148,0.9878749421096331
86.252784972,-0.07358971862428802,-0.13671919622688325,0.9878726712972037
86.273241675,-0.07330229521696911,-0.1362846873846973,0.9879540766150924
86.273549226,-0.07265320104016185,-0.13480267660962156,0.9882053181184058
86.282310207,-0.07202422220139798,-0.13436059022344118,0.9883115618119077
86.433605998,-0.07124316716066512,-0.13263586634818694,0.9886011016031611
86.434202165,-0.07089585151923151,-0.1311193644594511,0.9888283422824777
86.435127019,-0.06992555055190557,-0.12976098278135084,0.9890765919420148
86.435373994,-0.068778657864667,-0.12799330093048072,0.989387290771038
86.435765949,-0.0679672098843089,-0.12574262871430772,0.9897319079955734
86.436170987,-0.0674717176934302,-0.12341359748431197,0.9900589130286532
86.436600792,-0.06725519143356838,-0.1216882171889005,0.990287189164144
86.437028204,-0.06720464661345912,-0.11839493249095101,0.9906897473144776
86.437492924,-0.06688026665832403,-0.1169747353975065,0.9908803869339602
86.437883538,-0.06663580357545787,-0.11528799280833495,0.9910945204147174
86.438297336,-0.06704395734383022,-0.11379571400627167,0.9912394479930071
86.438737802,-0.06729084012786726,-0.11383764862496297,0.9912179036873907
86.43906913,-0.0659459603385207,-0.1138146253128658,0.9913109307275506
86.43948255,-0.06551809482557927,-0.11201077777079169,0.9915447367182223
86.439771953,-0.0630631145684933,-0.11210233342626609,0.9916935567105936
86.442520234,-0.06170906044245919,-0.11133438423255029,0.9918652361822488
86.4521856,-0.061957340368294325,-0.11023825156787118,0.9919721850262467
86.462650111,-0.0627073890214806,-0.1086317099151773,0.9921022804948154
86.472307369,-0.06233415045686209,-0.10667430205546771,0.9923381716772767
86.482610285,-0.06190312851498662,-0.10450437794474811,0.9925960092960471
86.492496923,-0.060374792341657074,-0.10253747103857265,0.9928952369120904
86.511797419,-0.059246384832826904,-0.10059509261308107,0.9931618665788606
86.512865988,-0.058889910990535914,-0.09951599931390565,0.9932917719703922
86.522464128,-0.057588424385719254,-0.09821644550946663,0.9934974097642411
86.532531057,-0.05675026045657435,-0.09724728994167936,0.9936409676221638
86.542664797,-0.05460485743765556,-0.09606731601620076,0.9938759381017618
86.5523172,-0.05298406263186052,-0.09439031430482099,0.9941243170109362
86.562379895,-0.052000699761455195,-0.09374595950089228,0.9942372062549137
86.572324175,-0.05153905042689599,-0.09213491937922225,0.9944118276207691
86.5825898,-0.05113216132639472,-0.0922084134205923,0.9944260206634522
86.592189606,-0.050797162397615996,-0.0919825447769398,0.9944641068176915
86.603407319,-0.051775630826604906,-0.09055177045977088,0.9945449516834863
86.613408445,-0.052081052269962055,-0.08931049095860433,0.9946412419557046
86.623049091,-0.05193476002576394,-0.08825133139430262,0.9947434258180345
86.633423052,-0.052054475586098735,-0.08779658666356174,0.9947774077358634
86.643053407,-0.051666196883929955,-0.08653382651213448,0.994908287717375
86.653092088,-0.051670830019588714,-0.08542840303234493,0.9950035745063582
86.662767083,-0.052051162032750994,-0.08481896605674281,0.9950358885628726
86.672937603,-0.051814501442317626,-0.08336757632419212,0.9951708921879266
86.68303309,-0.05164731791968218,-0.08279671932470868,0.9952272392879773
86.693237724,-0.05182716504643316,-0.08294620060330987,0.9952054424935212
86.702218677,-0.05155463535799448,-0.08348276196041252,0.9951747324106281
86.713123969,-0.05042286737090767,-0.08378068143561035,0.9952076827799716
86.723482967,-0.0498800413721856,-0.08384529646466236,0.9952295954871228
86.732573688,-0.04983011219505776,-0.083849335963542,0.995231756314629
86.748677178,-0.049748581438589935,-0.08453133893889539,0.9951781405266323
86.752467343,-0.04904678827510555,-0.08466237623935402,0.9952018361163746
86.762234421,-0.04867573030331526,-0.08475700352590959,0.9952119993412197
86.77275019,-0.048296834620841035,-0.08506127629720814,0.9952044991057353
86.782755829,-0.046914809173973206,-0.08476203938681073,0.9952961355090043
86.792384964,-0.04691932672774425,-0.08473029937635398,0.9952986251105789
86.802330207,-0.0463045615502173,-0.08429062528607928,0.995364746245578
86.812198724,-0.04612714593582817,-0.085119849790933,0.9953024151379237
86.822217578,-0.04531750393320648,-0.08529679683692193,0.9953244598052561
86.832690165,-0.04468622736536265,-0.08403940111512591,0.9954599540634782
86.842538516,-0.044913312973862335,-0.08392950790177992,0.9954590056959036
86.852356243,-0.0442993506186429,-0.08395116873931917,0.9954846903906002
86.862850485,-0.04474362104349024,-0.08380146017622425,0.9954774350271579
86.872316955,-0.04562778050592349,-0.08214787805321762,0.995575126134365
86.882179526,-0.04592073344841371,-0.08307603314657556,0.9954846352185396
86.892798906,-0.04586302117232727,-0.08214558526897493,0.9955645062524899
86.902253659,-0.04510765145278801,-0.08321684884091501,0.9955100480906269
86.912471275,-0.04543606011857376,-0.08294115815215831,0.9955181207417975
86.9223412,-0.045458571888705335,-0.08376506080591448,0.9954481065480113
86.932165311,-0.046143450229373245,-0.08337405204515005,0.9954494208378958
86.94261968,-0.04654296402342282,-0.08397438040413484,0.9953803574190402
86.952197904,-0.04633081016850701,-0.08467815583978902,0.9953306314751406
86.962362768,-0.04613769233185476,-0.08470967333528016,0.9953369201379607
86.972432301,-0.04623095193047011,-0.08401781082472087,0.9953912329068526
86.982608369,-0.046614286931388006,-0.08522884954928045,0.9952703911291567
86.993258041,-0.046955631164668866,-0.08465141926513518,0.995303624990046
87.003011586,-0.04648013390671304,-0.08449658611552817,0.9953391000492422
87.012760626,-0.04617090618597327,-0.0843130383431747,0.9953690566756174
87.022483805,-0.04671503810842755,-0.08373073659798125,0.9953928214344766
87.032163476,-0.04675063842565708,-0.08335616258112628,0.9954225876312746
87.04234003,-0.04743849820713635,-0.08292544166404214,0.9954260193568758
87.052294016,-0.04937714955388024,-0.08288656869183823,0.9953349756903084
87.062391508,-0.04997474348414367,-0.08238392037879075,0.9953468815828558
87.072226666,-0.05069775053824608,-0.08216846320036301,0.9953281276773266
87.083215969,-0.05006337689039658,-0.08179595172487025,0.9953909184716088
87.092700311,-0.05017433253864409,-0.08168552014654089,0.9953944003020565
87.103037727,-0.04981353105005685,-0.08247587011120215,0.9953473479010858
87.112701979,-0.050926844898427234,-0.08170886725424653,0.9953542673243128
87.123043425,-0.052272505629078224,-0.08229035688566215,0.9952365961513314
87.133450084,-0.05322559689310499,-0.08141435421352837,0.9952581267004891
87.143035571,-0.05206767215440723,-0.08087737352318905,0.9953631538129246
87.152904984,-0.0507087687114494,-0.08134858057011393,0.9953949111860059
87.163217095,-0.0502374802297691,-0.08144680248097595,0.9954107764866666
87.172894817,-0.04808093664251226,-0.08043761025637784,0.9955993242202518
87.182379245,-0.046441084900500966,-0.08056076296572719,0.9956672080086019
87.19247291,-0.04622121247924252,-0.08352377688944772,0.9954332615555253
87.202235635,-0.04329359087046995,-0.08430864921456128,0.9954987276019778
87.212504221,-0.04236487611699846,-0.08351545824415511,0.995605537100844
87.222146212,-0.04131246128112918,-0.0849660437881654,0.9955270222077766
87.273565944,-0.04131882355682362,-0.08338022737146901,0.9956608320624861
87.274114162,-0.03959856820035712,-0.08324782599997893,0.9957418103417969
87.274430232,-0.03798812848123426,-0.08150964079934746,0.99594833226993
87.274720536,-0.03641529295586936,-0.0834342803879273,0.9958477028617815
87.275167385,-0.031796862504682125,-0.08098958429105217,0.99620763235945
87.284522688,-0.029574330566229736,-0.08376600832459023,0.9960464922988908
87.292431852,-0.026274981822554177,-0.08264427726420075,0.9962326780254213
87.302276129,-0.02612642744090673,-0.08105700781127369,0.9963669862424479
87.312346413,-0.022173140755370208,-0.07931478358424011,0.9966029886238691
87.322291385,-0.020531956287545134,-0.0766763874897961,0.9968446069335587
87.333104016,-0.018007532486078268,-0.07415510331667093,0.9970841235451785
87.342279716,-0.013435841181913105,-0.07619925167125827,0.9970020823531286
87.352763205,-0.009343513580920672,-0.07368812668646023,0.9972375638429407
87.362500872,-0.007445992145740087,-0.07328079122683523,0.9972835518738563
87.372557523,-0.0059673965147935175,-0.07396333407869782,0.9972431074671805
87.382405543,-0.007077464511312555,-0.07588656629187508,0.9970913391222089
87.392473925,-0.009319091437306226,-0.07385713132781938,0.9972252898351548
87.40244147,-0.009252565923450482,-0.07419598610042713,0.9972007549487805
87.412532275,-0.011188927656577016,-0.07595814624522663,0.9970482274779314
87.422305157,-0.013940132776200483,-0.07408937982675903,0.9971541688701243
87.432737813,-0.013874686989047222,-0.07378992457904525,0.9971772861891585
87.442249019,-0.014880979971560316,-0.07403643918477426,0.9971445041256183
87.452260757,-0.01397556657023368,-0.07523420787759609,0.9970679502942976
87.462589097,-0.012950414342915356,-0.07226188177891117,0.9973016129587466
87.472476594,-0.013262194662364864,-0.07081960657660816,0.9974009712834012
87.539401084,-0.015614349170616954,-0.07245844538333975,0.9972491994444557
87.540264361,-0.01362849512263402,-0.07294732766388304,0.9972426743312734
87.540829554,-0.01308243539507232,-0.07111055457349133,0.9973826441804491
87.541452178,-0.01358389709357565,-0.0726335047786617,0.9972661890003688
87.54200108,-0.016160028615467927,-0.07388282926568462,0.9971359892285732
87.542759503,-0.015546617334393996,-0.07416217792546782,0.9971250042270574
87.543304779,-0.014831066488648532,-0.07257997889844536,0.9972523181872834
87.552311098,-0.01416832335267906,-0.07304688634972813,0.997227863132586
87.562227816,-0.013304404699005835,-0.0731071669592578,0.9972353458210337
87.572012625,-0.014411653291576502,-0.07396814171267238,0.9971564662885045
87.640983595,-0.015189363163257748,-0.07444163884810731,0.9971096858682612
87.641609429,-0.015161812942958326,-0.0734714004828028,0.9971820659936572
87.642534082,-0.01611900272661335,-0.07261279983228043,0.9972299429176887
87.643161756,-0.016726402105101526,-0.0730198604225765,0.9971902162859831
87.643489049,-0.017233045607682605,-0.0721912983845893,0.9972419157740166
87.643786488,-0.017554259946042233,-0.07265994330264831,0.9972022766705874
87.644070215,-0.017365060986535827,-0.07127836971612447,0.9973052936125154
87.652373707,-0.01805296056712596,-0.07246594868851279,0.9972074893899644
87.662440905,-0.018073641511081703,-0.07255768157959844,0.9972004444074033
87.731373905,-0.017675261662883218,-0.07347046268076055,0.9971407504653612
87.732225649,-0.01726415038312109,-0.07455680191673462,0.99706731588168
87.732631282,-0.017743133870148628,-0.07493785040639014,0.997030340449545
87.732938782,-0.016233756333267894,-0.07620718423983834,0.9969598438380293
87.733207944,-0.015958095318078742,-0.0755594701911634,0.9970135935172849
87.733515387,-0.015531997377775553,-0.07604098079612329,0.9969837141583712
87.73379205,-0.015466705449631036,-0.0762489990632269,0.9969688416216379
87.742721551,-0.01564349806871492,-0.07602796228530354,0.9969829637054581
87.752687373,-0.015408944362276057,-0.0760219381158236,0.9969870758233299
87.782300098,-0.015213661788881493,-0.07492700467162658,0.9970729604527001
87.782659015,-0.015573716759010092,-0.07293472036571123,0.9972151151639679
87.783022285,-0.015759959940148636,-0.07129212500402553,0.9973309664174153
87.792495547,-0.01591228287054087,-0.06948106988246738,0.9974563550260411
87.802247029,-0.016622067000553603,-0.06828652010703831,0.9975272718378683
87.812612783,-0.01673669820832137,-0.06670501228614621,0.9976323592731888
87.822401205,-0.014907719531844863,-0.06646266361752153,0.9976775402118783
87.833252217,-0.01304987252015641,-0.0661967509476992,0.9977212491428535
87.842458972,-0.011356218650153531,-0.06669702527442505,0.9977086464081149
87.852395829,-0.010997309701679869,-0.06591558589382195,0.997764598848646
87.862243738,-0.011311118829223081,-0.06491389550735423,0.997826760896345
87.872371112,-0.009841874749218478,-0.0642419715275701,0.9978858184159506
87.882243117,-0.009260279102703706,-0.06259701298066839,0.9979959224349757
87.892401298,-0.008715980966350217,-0.061944637889428215,0.9980415289518477
87.902305378,-0.00916670811701095,-0.060175333770105026,0.9981457311775441
87.912641192,-0.010274123326917496,-0.05905471167291297,0.9982018750829376
87.92241973,-0.010395878615117978,-0.0592921938039312,0.9981865364057647
87.932527367,-0.010672249365572957,-0.05804121578705008,0.9982571414036766
87.942327208,-0.011345223232732408,-0.05808120900629184,0.9982473937206984
87.952562604,-0.011586629525324826,-0.05903526865859301,0.9981886530464322
87.96221711,-0.012970397660953596,-0.05821423810852849,0.9982198511680482
87.972552764,-0.01282398243557585,-0.05762035287145541,0.998256199785136
87.982473399,-0.01394155180726009,-0.05471282444453992,0.9984047976519878
87.992619275,-0.014720206340875445,-0.05429879510628966,0.9984162240144575
88.002367946,-0.015148509366280758,-0.052748287696837814,0.9984929347817295
88.012576578,-0.01696706513513168,-0.0511080906636778,0.9985489881670372
88.022235318,-0.01795476029946153,-0.05102202841891106,0.9985361181242313
88.0328404,-0.01981221247155439,-0.0498303627898927,0.9985611704754044
88.042546106,-0.021483253790801436,-0.05036601440950547,0.9984997418122158
88.052572956,-0.0237429638850688,-0.04864273392448096,0.9985340034782515
88.062392298,-0.025161527165289355,-0.04575259935127736,0.9986358681738364
88.072665945,-0.025116459270451755,-0.04550312678181776,0.9986484010535408
88.085106649,-0.027904966673102084,-0.04432318730070302,0.9986274419934994
88.093741578,-0.02984272395523571,-0.044902066748056364,0.9985455504025266
88.10315123,-0.031859253391603386,-0.04547972668785363,0.9984571009481218
88.113239337,-0.033742692839377655,-0.04637490549311643,0.9983540448260086
88.123432895,-0.034904466175160985,-0.04334742900091441,0.9984501382843501
88.133289563,-0.03530424939622404,-0.04256451814249671,0.9984697650754709
88.182664457,-0.036406748453391743,-0.0427895313291898,0.998420555014609
88.183052149,-0.039386161768519896,-0.04468837953063334,0.9982242628768698
88.183322488,-0.04474621664291769,-0.04502235586294628,0.9979833483423937
88.183632827,-0.05001124546606912,-0.04322922521413373,0.9978126624844558
88.184135637,-0.052850189734428024,-0.042774692630429,0.9976859140608367
88.19247321,-0.0558754222985155,-0.04414234793238086,0.9974614730915573
88.202688747,-0.057206511386142155,-0.04679455562178653,0.9972651024773637
88.212226579,-0.058169228839884964,-0.04665587945558686,0.9972159092836411
88.222328465,-0.05995740032952042,-0.04634342121656176,0.9971245646636483
88.232910829,-0.0637196084255438,-0.045185129768919224,0.9969443893968517
88.242634972,-0.0694815127363244,-0.043259592894857105,0.9966448349389281
88.252680497,-0.07362936066298657,-0.042726044070587235,0.9963700127996818
88.262214056,-0.07251476227051624,-0.04407996144675307,0.996392777097317
88.272113995,-0.07421673724214566,-0.043286816985954796,0.9963022269313438
88.282712681,-0.0800014985316803,-0.04337096823470923,0.9958507515421522
88.292257043,-0.08466680970676031,-0.04079856878210293,0.9955737080294011
88.302635635,-0.08948837531625163,-0.03750488470669247,0.9952814749137027
88.312413354,-0.09023553820277672,-0.03433609191899574,0.9953283781933405
88.322726154,-0.09147776406020924,-0.0333046797850908,0.9952500273735024
88.332780913,-0.09210031448280018,-0.03406492051570287,0.9951668770926955
88.342740418,-0.09676737616826324,-0.033533584958349294,0.9947419633198106
88.35238918,-0.10051627077427751,-0.031366510252627544,0.9944408586458041
88.363204787,-0.10639995095942588,-0.0288202197329787,0.9939056521473126
88.372729441,-0.11044422145494293,-0.02968941682184934,0.993438781443522
88.382806704,-0.1181784950610532,-0.026750635449484937,0.9926319795413372
88.392431439,-0.12262184410217232,-0.02957066203809976,0.9920128322232588
88.408389198,-0.12584834328095418,-0.029838187942686896,0.9916006640950458
88.412625683,-0.1295413829778787,-0.02868730533919093,0.9911589522415436
88.422478782,-0.13721947028031348,-0.031060002556011365,0.9900535809829742
88.43251526,-0.1453387934937704,-0.03038263478654016,0.9889153303540212
88.442391444,-0.1497566547432117,-0.024006119063244465,0.988431409156773
88.452310468,-0.15644423194463386,-0.02310416269234018,0.9874165280961927
88.462198033,-0.16091878435071955,-0.024524544899793593,0.9866629067419859
88.472501266,-0.16534866763975498,-0.022488287162986238,0.9859787497964818
88.482226732,-0.16569105356575306,-0.020730206278683338,0.9859598030933686
88.493070629,-0.17144916771499194,-0.017079992934622357,0.98504490087061
88.502384139,-0.17295528023329917,-0.012984033625156067,0.9848440921842613
88.512569935,-0.1773685829241517,-0.013837264977958931,0.9840472122258201
88.522381944,-0.18395606806142223,-0.012052720286758108,0.9828605684211117
88.532776129,-0.19122122579022605,-0.016741470626444346,0.9814041807372473
88.542801193,-0.1954970374542571,-0.017969080567039032,0.9805396577855401
88.552637372,-0.19829914418401665,-0.01843972610675306,0.9799680739274084
88.562839691,-0.201273068596467,-0.019423122885151006,0.979342582631405
88.573066902,-0.20337592534982968,-0.021709241082482723,0.9788600215759776
88.583047268,-0.20520471043995067,-0.02228901906454242,0.9784652402831674
88.592943016,-0.20508990673560065,-0.022686057846963197,0.9784801852539207
88.604767918,-0.20503770599595406,-0.023658776567865004,0.978468089112378
88.612796932,-0.20546139663678128,-0.02412704223200214,0.9783677735520516
88.622604524,-0.20509889591312616,-0.023535585561440368,0.9784582357502526
88.632613162,-0.20519637738261112,-0.02259985748286049,0.9784598577104773
88.6421188,-0.2049945591149821,-0.021741400556281997,0.9785216105100109
88.652509885,-0.2046638163011983,-0.022220485599404018,0.9785800796647949
88.662231126,-0.20488803315926335,-0.022270962244580313,0.9785320117956434
88.672396532,-0.20485570314761856,-0.021862956182294654,0.9785479814678818
88.682299047,-0.20413627184788252,-0.021875194934151285,0.9786980424843202
88.692461095,-0.2048464407737836,-0.02265326879736326,0.9785319438399072
88.70224719,-0.2060200450732212,-0.022496745430892633,0.9782891379715128
88.712541859,-0.20532664730575345,-0.02294087824103139,0.9784245929103116
88.722214696,-0.20635526593899964,-0.023139410076713628,0.9782034920815539
88.732331182,-0.20643328146239018,-0.02388969232223888,0.9781689950644614
88.744220587,-0.206990146411391,-0.023493155231853986,0.9780609137195101
88.75244018,-0.2071132903969991,-0.023098383943022223,0.9780442472609043
88.762341643,-0.20687039992534983,-0.022507825368117167,0.9781094189465329
88.772315779,-0.2068778542573033,-0.02279184089607454,0.9781012654150193
88.782578118,-0.20758163826673764,-0.022461826908167202,0.9779597792273693
88.792661601,-0.20795066187888478,-0.02219203575433148,0.9778875373851598
88.802459098,-0.20784106110987893,-0.021677312764052954,0.977922383130711
88.812146454,-0.20739537805290495,-0.02267929604974735,0.9779942774336569
88.822389796,-0.20768183948448934,-0.023683041477065292,0.9779096927092676
88.83222873,-0.20796641944691632,-0.02344131144798757,0.9778550369559016
88.842408927,-0.2092318953684392,-0.02297468545563277,0.9775961220201036
88.852251913,-0.20933999542851264,-0.02326358843611723,0.9775661470033961
88.862507297,-0.20991669170714244,-0.02326306450236429,0.9774424854551225
88.873836445,-0.2102609215381656,-0.0240466933645793,0.9773495287828972
88.882551421,-0.21016554565847853,-0.02401143679948918,0.9773709092872052
89.141047267,-0.20974813840691553,-0.023975641625676124,0.9774614504129923
89.141639134,-0.20847021911150954,-0.024554973927285503,0.9777204206719984
89.142251807,-0.2082029533839112,-0.023924150500381415,0.977793007351276
89.142522689,-0.20697366881817594,-0.024588880113790807,0.9780374672734647
89.142875777,-0.20585298829610293,-0.02505239302273532,0.9782621963530018
89.143205365,-0.20488272954934633,-0.02500845265997287,0.978466986887122
89.143497816,-0.20301954935564615,-0.02587339002299882,0.9788327897389565
89.143774577,-0.20179440333316426,-0.025986049665668528,0.9790831139419092
89.144042011,-0.20043396210135642,-0.025922184129235536,0.9793642158085633
89.144395345,-0.1982851433077579,-0.025365638282787605,0.9798160982235027
89.144651944,-0.19738886886701051,-0.023935083540883275,0.9800330332306626
89.144895385,-0.19538054580953998,-0.02358072016314411,0.9804439769592926
89.14516459,-0.19362519078186013,-0.02247319675217424,0.9808181487525741
89.145403447,-0.19307390446589257,-0.021583089214019437,0.9809468067506388
89.145659816,-0.19219405258850766,-0.021464249656748077,0.9811221800246283
89.145911735,-0.19182813832326,-0.02124295451708039,0.981198604886298
89.146330149,-0.19155665678689993,-0.019971691275457906,0.9812783391006975
89.146641034,-0.19085548423486093,-0.02043211280941681,0.981405478333813
89.147115876,-0.19110622868890612,-0.021021061660811843,0.9813442435368721
89.147392916,-0.1898201486340439,-0.02144047561965596,0.9815847478326833
89.147707721,-0.18992477218126777,-0.021124953624598646,0.9815713510724793
89.148011986,-0.19190284927521212,-0.019235283518451076,0.981225407492091
89.148379497,-0.19151367556627283,-0.01972541145647059,0.9812917100505687
89.148793474,-0.19052023856139413,-0.019724177471622525,0.9814850969431871
89.149194534,-0.18974222837451887,-0.020071629178508743,0.9816287569512175
89.149543041,-0.1890274723323084,-0.01876129875409847,0.9817925587275134
89.152501922,-0.18637949593251527,-0.01979135574162515,0.9822784664919871
89.162465705,-0.18575256965287681,-0.019582512791472544,0.9824013986452408
89.17262532,-0.18528729885836337,-0.018744045612026007,0.9825056120124026
89.18278515,-0.18350285532979266,-0.020600401857766095,0.9828032995106966
89.19251778,-0.18262630029565927,-0.02264417760653369,0.9829216019911475
89.202386533,-0.18217534191225676,-0.022997169489726813,0.9829970879888776
89.212228236,-0.18178351861695455,-0.02216035498510594,0.983088841878583
89.222758472,-0.1815236256452126,-0.022767104918719205,0.9831229995612132
89.232450071,-0.1810132478409886,-0.023140710214084047,0.9832083765086852
89.24252527,-0.18079330584455666,-0.02349761639803013,0.9832403788420243
89.252435498,-0.1805924001149932,-0.02330158126004929,0.9832819643070281
89.262668516,-0.18070781840577813,-0.02264154993306344,0.9832761792007639
89.272315493,-0.18006958551570929,-0.022653199876632883,0.9833929920980473
89.283405513,-0.17999656537041264,-0.022317807176851893,0.9834140287476439
89.292261278,-0.17953127816619463,-0.023524002169769614,0.9834709662628222
89.302498197,-0.17833524945196016,-0.0232993793925194,0.9836938943201949
89.312316842,-0.17770329291267106,-0.02374252441475745,0.9837976581708295
89.322622164,-0.17809600809407203,-0.022365464206568528,0.9837589124942051
89.332822958,-0.17723376679236252,-0.023095733920410234,0.9838977482356936
89.342687346,-0.17626523844570324,-0.024040131927896467,0.9840491033340607
89.352414727,-0.1759080118898919,-0.02355758380428095,0.9841246931147749
89.362609746,-0.1753453035245862,-0.023200784026967108,0.9842335841416939
89.372460014,-0.1744552122541859,-0.022850122344018606,0.9843999445480535
89.382310658,-0.1749320896300877,-0.024838583553425976,0.9842671429976267
89.392429971,-0.17439873044822715,-0.025317693893069274,0.984349580786208
89.402364027,-0.1755228175633493,-0.025032550664007388,0.9841570565320747
89.414325232,-0.17533057749898276,-0.025125793099782228,0.9841889468567406
89.422246242,-0.1743375302937036,-0.02558658120229978,0.9843534692342331
89.433030382,-0.1740853600726806,-0.024850927294298327,0.9844169435869025
89.531616999,-0.1732331662423227,-0.024569802762043312,0.984574321677086
89.532035473,-0.172767962992155,-0.02349589751816255,0.984682270462588
89.532577247,-0.1713948088990354,-0.022272167936764873,0.9849506434425329
89.532935041,-0.17001330845604434,-0.022733828244035345,0.9851795003963495
89.533209697,-0.1689723664013544,-0.022843599854880058,0.9853560317663848
89.533722124,-0.16542092883117485,-0.020309377168352048,0.9860139174999839
89.533991084,-0.16483823637231035,-0.022816878728186864,0.9860566646368605
89.534432006,-0.16467548984731328,-0.02149065367760176,0.9861136520949586
89.534788877,-0.1643550232659163,-0.020939487338601084,0.9861789716868115
89.535065703,-0.16440861735570936,-0.02053264633143731,0.9861785928389503
89.543014146,-0.16440964390295487,-0.020670819566022965,0.9861755351914651
89.553414829,-0.1638970069942542,-0.02110471687774886,0.9862516727609822
89.563144932,-0.1633972436153994,-0.022154881089776313,0.9863115643764843
89.572860708,-0.1634372069597217,-0.022194886142747717,0.9863040435942233
89.583236092,-0.16382056597488157,-0.022933439964110503,0.9862235443828555
89.59262979,-0.1635482351068981,-0.024478425174324536,0.9862316064162636
89.603467623,-0.16342039500241057,-0.02538208509335185,0.9862299550579318
89.612877819,-0.162420768143518,-0.025721042974551963,0.9863862945235861
89.622664492,-0.16195773816563866,-0.02506415085762177,0.9864793355109154
89.632198324,-0.16072064606533754,-0.025350517246125616,0.9866743258054781
89.642468838,-0.15963165651755565,-0.02365300519769222,0.986893241228543
89.652228148,-0.15833088590480562,-0.02365822694181769,0.9871026384660154
89.662515157,-0.15888600364684352,-0.025244876836237117,0.986974130379646
89.672757476,-0.1595449246618928,-0.025419983525971076,0.9868633347389953
89.682438494,-0.16058768563650536,-0.024134251834062252,0.9867264732996278
89.693216962,-0.16118679195064878,-0.024200534753310854,0.9866271596800446
89.702454579,-0.1599058820886736,-0.02368217461858386,0.9868481461090042
89.712560769,-0.15850854103241607,-0.022877435860856877,0.9870925312999828
89.722365265,-0.15576462960143236,-0.02480619633719692,0.9874826746775911
89.732611949,-0.15439653197557918,-0.025827469608173673,0.9876713282907188
89.74252386,-0.15338334126115652,-0.026186997323748278,0.9878197162411418
89.752653548,-0.1495787411315408,-0.02362069408799048,0.9884676337707295
89.762405539,-0.15006903322033582,-0.025216403284399846,0.9883538932354707
89.772833141,-0.15113588485885032,-0.023179581199489183,0.9882411908655441
89.782490378,-0.15080921579255452,-0.022396440133275845,0.9883091519870649
89.792706647,-0.14961898295904374,-0.021802066418209066,0.988503328187719
89.802558843,-0.15052781403485826,-0.02170945657914313,0.9883673794176564
89.812743188,-0.15019289367898192,-0.02276008998274561,0.9883946949434277
89.824034904,-0.15035965379934063,-0.023824301972879016,0.9883442604400794
89.832200918,-0.14963734558697864,-0.024835647714368945,0.9884289834926387
89.842878718,-0.14827129245623297,-0.025985611737578858,0.9886052659256788
89.852391758,-0.1454320630878934,-0.027328663163697323,0.988990727557991
89.862718601,-0.1443536699348473,-0.026787133155851125,0.9891635190774233
89.872408717,-0.14550580861919565,-0.02750061186244912,0.988975113946385
89.882609421,-0.14535179740329118,-0.02833715505792015,0.9889741455846336
89.89232731,-0.14710517870936962,-0.027757629862288778,0.9887312983724712
89.902537905,-0.1469293143083518,-0.026606155748980016,0.9887891024243435
89.912559467,-0.14544733932583104,-0.026356119231163107,0.9890148767648085
89.923410909,-0.14340698974881552,-0.02562245485044352,0.9893320600782227
89.932747161,-0.14073055536040696,-0.02726399674882711,0.9896724636308881
89.942943201,-0.14114414479805068,-0.026373004593081034,0.9896377089712984
89.95271972,-0.1413603043629649,-0.02512264000228817,0.9896393875092713
89.962871163,-0.14218880475622886,-0.02352518837804188,0.9895599574122697
89.973458848,-0.1430051925823515,-0.023951857655901423,0.9894320711445106
89.982870429,-0.14165356268169024,-0.026729782245958154,0.9895553480835056
90.132935929,-0.14031477631316355,-0.027363323564337037,0.9897287568175942
90.133463876,-0.1362462821290937,-0.026322805299287377,0.990325229673149
90.13393351,-0.13774083019748615,-0.029596567482654663,0.990026013238921
90.134330443,-0.13465482313107094,-0.03054714228418694,0.9904216025036053
90.134582546,-0.136412384984113,-0.030724470189165975,0.9901755744081658
90.134842213,-0.13766180796237557,-0.02964053002146538,0.9900356890580141
90.135102139,-0.13640719529531223,-0.02774196398467617,0.9902643387025201
90.135355159,-0.13629813101859925,-0.026823913760620897,0.9903046486467685
90.135608222,-0.13397710101103572,-0.026058068608102326,0.9906417684839935
90.135866649,-0.132355783426747,-0.028421047380689,0.9907947268023164
90.136125922,-0.1328199752125633,-0.03035061425446587,0.9906753728638413
90.136386121,-0.134483025723651,-0.026738584951935655,0.9905550786639682
90.136645404,-0.13236600988195413,-0.024791097742312883,0.9908908319793164
90.136906756,-0.12981399398250457,-0.02609034098460708,0.9911950469375931
90.137197941,-0.1295906411207648,-0.025111197625445073,0.9912495616582764
90.142385982,-0.13293107991345973,-0.025529711561235766,0.990796428041927
90.152656088,-0.12914735911351777,-0.025183476159246425,0.9913055796082967
90.162741566,-0.1269363595999428,-0.027406575622817498,0.9915321680228759
90.172714134,-0.12567002420235546,-0.02766208015213031,0.9916863689386057
90.182868398,-0.12602265751211866,-0.027842004558422555,0.991636582915209
90.192256418,-0.1268164926415036,-0.02777163856804918,0.9915373484066816
90.202805174,-0.12540051528648627,-0.024931899003181695,0.9917928771563036
90.212530353,-0.12525000967800748,-0.0247311002744924,0.9918169224987402
90.222658435,-0.12423984533276973,-0.02520045597587723,0.9919321538544343
90.233769072,-0.12270442586253166,-0.026556594492664135,0.9920878847978634
90.242948188,-0.12020488367285871,-0.027105468517674643,0.9923789999378422
90.252469479,-0.11837020633566733,-0.02763608041531832,0.9925848786432976
90.262382265,-0.11643126867785235,-0.027292877189208337,0.9928236794762707
90.272469702,-0.11608056135208121,-0.027082611514254354,0.9928705028500716
90.282727415,-0.1182557652757388,-0.024624517428560252,0.9926777962261774
90.292292638,-0.11853683282158133,-0.02206966394488063,0.992704361427907
90.302252295,-0.11663893171463875,-0.02127091878074382,0.9929465784334477
90.312343253,-0.11334839715507673,-0.020877907915465697,0.993335921943553
90.322802735,-0.11064709454949145,-0.02049318141219085,0.9936484539228967
90.332622844,-0.10944210307374652,-0.020958313987233364,0.9937721947959743
90.343731534,-0.1079156090352926,-0.022088962241854592,0.9939146336952787
90.353078337,-0.10657375787693629,-0.02282712052384876,0.9940427338402399
90.362803469,-0.10709138605609207,-0.022898284541997042,0.9939854644800491
90.372903349,-0.10799224118510845,-0.02267227755676287,0.993893175182427
90.399453619,-0.10873261328771024,-0.022748869972097564,0.9938107001449611
90.399759329,-0.10808476596238424,-0.02317194557097193,0.9938715934693539
90.402491883,-0.10760790489926086,-0.023059673856907274,0.9939259480689719
90.412410675,-0.10657920954547949,-0.024249864430890385,0.994008458800902
90.422892509,-0.10540728169101825,-0.025496340697999467,0.9941022289370052
90.432703784,-0.10399940665700215,-0.024791746659287586,0.9942683202800808
90.449518617,-0.10379895810698674,-0.025365950243669548,0.9942747833793933
90.453000554,-0.10409682045892195,-0.02607073744901517,0.9942254113726965
90.4622482,-0.1035769955956386,-0.02695512553065685,0.9942561175024309
90.473072518,-0.10193107415984887,-0.029490043019211775,0.9943542595490527
90.482986346,-0.1015053389851295,-0.028555974586375123,0.9944250713215835
90.492891885,-0.10050012528251642,-0.030713771725367045,0.9944628645880149
90.502771778,-0.09914058021064014,-0.03177519726429107,0.9945659767930497
90.512611749,-0.09767179455254905,-0.03252372886918253,0.9946871003533365
90.522540468,-0.096474255378462,-0.034510597786230474,0.994737018859562
90.532958349,-0.09559534191578631,-0.03535981403582086,0.9947920456835971
90.542420319,-0.09526423353939624,-0.03822866697114475,0.9947176960473564
90.552883039,-0.09475579130326763,-0.04010684518903078,0.9946923046769162
90.562407872,-0.09507267168566322,-0.04090645073163048,0.9946295035776341
90.572686257,-0.09565901775311143,-0.039537478351855206,0.9946286443331935
90.582325287,-0.09480544225605937,-0.039657788074470485,0.994705578532499
90.592884479,-0.0957029568662484,-0.039322260734654745,0.9946329493123446
90.602243822,-0.0963299727749047,-0.039550818637254063,0.9945633559961423
90.612483992,-0.09595048328508292,-0.041478932397094145,0.9945214944507516
90.6227227,-0.09408958458333964,-0.0427482404521476,0.9946455338517234
90.632617407,-0.09270858633653066,-0.043304632233435704,0.9947511381479334
90.643975201,-0.09210320972643116,-0.04290141605802327,0.9948248425015861
90.652479704,-0.09230911367385757,-0.04334380616498322,0.994786581131792
90.662345157,-0.09172165698529053,-0.04123553949887388,0.9949305342194045
90.672743922,-0.09080972743686351,-0.04198719269700928,0.9949827481179092
90.712650408,-0.08822295153439362,-0.04421878339061042,0.9951187919128119
90.71357549,-0.0861894601540519,-0.045859157470182425,0.9952227462404978
90.714231549,-0.08372426944683324,-0.045905638874349765,0.9954310217313562
90.714500201,-0.08162350431203355,-0.04696163737693414,0.995556230535825
90.722834811,-0.08122272374482911,-0.04979036614439933,0.99545155009507
90.733106772,-0.08006547480387652,-0.05074168091516741,0.9954972634630058
90.742940465,-0.07818649274225233,-0.051008720487614685,0.995632955856164
90.752887525,-0.07687337711227775,-0.050540835452157,0.9957590611403702
90.76242097,-0.07788080479353969,-0.049989309060626264,0.9957086166265469
90.772775935,-0.07673093404292951,-0.04908696996669467,0.9958427753116396
90.785732956,-0.07209872421038513,-0.050070671396486036,0.996139900733396
90.792438564,-0.07085712922939802,-0.05212067501380225,0.996123838924395
90.803265976,-0.06774046606032161,-0.052453713622425166,0.9963231590127507
90.812695644,-0.0638125102642652,-0.0532179079982216,0.9965419297761966
90.823051652,-0.06233597566737451,-0.05466039073003543,0.9965573078467873
90.922373938,-0.059979510376981154,-0.056152204552741496,0.99661897847613
90.922639521,-0.057008525867197735,-0.057377976345060304,0.9967235302775764
90.92288617,-0.0536952704165898,-0.05942415380150903,0.996787634293215
90.923279545,-0.05250921185326485,-0.06178394097355567,0.9967073428586375
90.923640598,-0.05020439921822886,-0.06536525912164706,0.9965976626498262
90.924078805,-0.04759432421824421,-0.06702496306579359,0.996615489859674
90.924345864,-0.045004338512263424,-0.06993790451980197,0.9965356486480815
90.924609944,-0.04161717848614724,-0.07343421757647589,0.9964313454241507
90.924872878,-0.03790800959158285,-0.07646467477982213,0.9963514120628427
90.92516992,-0.03422632870814713,-0.07824519831749221,0.9963464494659567
90.932754897,-0.03243932157973913,-0.07689167735896851,0.996511595701912
90.942436512,-0.02994310337559923,-0.07633628833090166,0.9966324205262939
90.952572689,-0.027368317539055845,-0.07738019324659993,0.9966259483317701
90.962326661,-0.024413234345058734,-0.07800108296347096,0.9966543157210223
90.972456286,-0.02197054019338502,-0.07880115437268975,0.9966482195003123
90.982513109,-0.019887194214620672,-0.08069343199043619,0.9965405508758162
90.992378684,-0.01701769330258416,-0.08192608392204632,0.9964931082992281
91.002561191,-0.01601120114159258,-0.084587635912216,0.9962873949261758
91.012360029,-0.014324125652179994,-0.08576673310152504,0.9962122700094554
91.024483573,-0.013125746429086276,-0.08691717015446385,0.9961290680996211
91.032389301,-0.010628554427105854,-0.08839422789348661,0.9960288621851799
91.042684358,-0.008887947689206935,-0.0902261868921809,0.9958816393451438
91.052774468,-0.007344031450777594,-0.09179248788669461,0.995751075505129
91.062631579,-0.005574841090178211,-0.09356389082227534,0.9955976694835201
91.073005101,-0.004148833638904593,-0.09386101639180469,0.9955766654463803
91.082487854,-0.0015376275347715991,-0.09512060003070978,0.995464568506264
91.092622329,0.0008752268409589495,-0.09687407514715286,0.9952962611917925
91.102477712,0.0034948716576292467,-0.09850171707802029,0.995130743975272
91.112245776,0.0051955303571283706,-0.10068743182408368,0.9949045419219769
91.122357872,0.006975390845128527,-0.10198238810317044,0.9947617485807001
91.13305357,0.010094673198204517,-0.10332622107686447,0.9945962947905026
91.142361957,0.01284986587893837,-0.1030814933667274,0.9945899087926534
91.152275479,0.0164289832551496,-0.10399803330429694,0.9944418020065531
91.162600182,0.019989586421769633,-0.10507609814993099,0.9942632599227796
91.172469531,0.022304353164443534,-0.10425236560579719,0.9943007392612716
91.182258991,0.024548560908820436,-0.10503100881290638,0.9941659093657603
91.243202109,0.0264134529351479,-0.10562747864666273,0.9940549105853215
91.243504105,0.02653732523587095,-0.10314285092995867,0.9943124874361007
91.243932335,0.031372081257237644,-0.10650178513023695,0.9938174692978898
91.244188413,0.034680880983021675,-0.10732972964830576,0.993618420535702
91.244451973,0.03670726913656326,-0.10778905016962999,0.9934958968491339
91.244727349,0.038196394878313236,-0.10838362067658733,0.9933750682332094
91.252477113,0.03936891523803427,-0.10863873318790927,0.9933014216059025
91.262545376,0.04166966904305009,-0.11062124939300354,0.9929887098374148
91.272952312,0.04225476693887434,-0.10882794548038936,0.9931621282315688
91.282760683,0.044406591520923126,-0.10978943829610043,0.9929624030486356
91.29243446,0.04540762215554943,-0.11024394041574298,0.9928667692353235
91.302743926,0.04624905304702043,-0.11065468141343239,0.9927822352225817
91.312584312,0.04797041253672432,-0.11095219581132042,0.9926673409383946
91.322844171,0.04949755433222262,-0.11127796150234483,0.9925558963600042
91.332528868,0.051340907635661466,-0.11219370742779822,0.9923591503164327
91.342513889,0.05338262886677093,-0.11281775765132851,0.9921806531543531
91.352483362,0.05568024641575187,-0.11315404698285007,0.9920160642905356
91.371819654,0.05785088235779564,-0.11403880742702535,0.9917905150842322
91.372768632,0.0592979720082812,-0.11448875683313986,0.9916532030274028
91.382378841,0.060854003577140006,-0.11593511382053699,0.991390861180419
91.392442145,0.06239009868209366,-0.11584982154708337,0.9913053487366783
91.402234302,0.06505227216364438,-0.11652293869027294,0.9910552994890497
91.412448898,0.06707563909670525,-0.11753566603354276,0.9908008002872323
91.42233005,0.06924419111802735,-0.11829374550506687,0.9905613720364795
91.433892403,0.07116874750787695,-0.11875963543818105,0.9903692030595209
91.442184601,0.07351424461887675,-0.11960049568130066,0.9900966504694899
91.452453768,0.07495285250131935,-0.12030400696639817,0.9899035386388638
91.462241037,0.07424214795881472,-0.11781016525767819,0.9902569709062492
91.472867903,0.07541463422960987,-0.11836278326138021,0.9901024616082084
91.482393009,0.07870042077228963,-0.12037972171404704,0.9896034389442638
91.492728815,0.08054051698130112,-0.12070747993759998,0.9894154483388152
91.502873285,0.08194681303810794,-0.12107806475861202,0.9892546800835499
91.513121609,0.08239109975112612,-0.11951106770623277,0.9894083137802696
91.522808502,0.08366468792827504,-0.11999056886631072,0.9892433893521874
91.532908091,0.08436783373650339,-0.11881718962182633,0.9893252974027202
91.542866383,0.08509259099413949,-0.11770482654422756,0.9893961920111162
91.585348594,0.08619797694305759,-0.11691623830389941,0.9893940074569837
91.585598684,0.08692794029117135,-0.11457503508275836,0.9896040089513175
91.585952792,0.08771388942812916,-0.11393504771229102,0.989608548115965
91.586222549,0.08958926529936481,-0.1126565465485139,0.9895869168814241
91.59318919,0.09088400369241484,-0.11127539657654995,0.9896251229579658
91.603075301,0.09191319553711345,-0.11042793188859286,0.989624997837547
91.612626992,0.09412455941766655,-0.10831636965834798,0.98965050971465
91.622648677,0.09501306580128654,-0.10681892522417709,0.9897283640176187
91.63261781,0.0968964044378235,-0.10457652152725232,0.9897852484010266
91.642483927,0.09734742257582461,-0.10252860500396559,0.9899552335705816
91.652726526,0.09850393322542438,-0.10169845709247113,0.9899264613920228
91.662375745,0.09941888063464863,-0.09914218516250246,0.990094295153021
91.672767346,0.10084888645379603,-0.09861687258555799,0.9900021285545164
91.682495206,0.10105808707576805,-0.09650335229778843,0.9901890557019278
91.732332893,0.10277316339267033,-0.09558288442757724,0.9901018074373807
91.73260833,0.10400270145358316,-0.09445418078952247,0.9900817369398031
91.732908547,0.10650163450161923,-0.09445517057815783,0.9898159539023074
91.733283671,0.10809408217338505,-0.09409239501758744,0.9896778721376707
91.733582188,0.11057793863997258,-0.09172225862253515,0.9896259630584251
91.742390868,0.11274579925868586,-0.0894128032282906,0.9895927118609853
91.752455208,0.11324369879691927,-0.08396735532135319,0.9900128018986069
91.762508878,0.11715170772771005,-0.07950186363826592,0.9899267301444707
91.772370678,0.12141097230121589,-0.07647404301414794,0.9896520078037248
91.807844286,0.1261035705059237,-0.07388679105827049,0.9892616598315984
91.808744556,0.1307211918126044,-0.07262114957116708,0.9887558539124076
91.809008759,0.13580577768183488,-0.06885281845574232,0.988340063004092
91.812108157,0.13978084516859365,-0.06559000497599246,0.9880077259673646
91.822498035,0.14285422757917332,-0.06341467266841302,0.9877101037010383
91.83242319,0.14487105575918954,-0.06072798049331073,0.9875851809279146
91.844060159,0.14816426323379894,-0.057433400059855574,0.9872936521916619
91.852598923,0.15151033251874402,-0.05248348255832415,0.987061347231574
91.862674421,0.15609510219992453,-0.04886277005039789,0.9865326901690572
91.872625333,0.16095064029534686,-0.046324301913842965,0.9858747133590114
91.882596621,0.1651887999942451,-0.044954347275301614,0.9852369090820304
91.892561363,0.1697653589186352,-0.04268959197712096,0.9845594556186306
91.902621041,0.17391816904091162,-0.03956080344649939,0.9839651484214899
91.91296002,0.17208828759885364,-0.033134111337652414,0.9845241246090205
91.922966763,0.17616923042771843,-0.030808755473856985,0.9838776462734873
91.932627307,0.17750986654440096,-0.02747818016583974,0.9837353286805159
91.942364286,0.17927381623908975,-0.024286337356769005,0.9834994014379808
91.952615459,0.18122297755994268,-0.02043883172933195,0.9832296204660683
91.962538774,0.18153934698571342,-0.016824005866255043,0.9832397562764704
91.974294832,0.18295184133371187,-0.01411345911469948,0.9830205664300327
91.982700377,0.18527505471758582,-0.013379044885839894,0.9825956214320002
91.992436252,0.1870284749144531,-0.012212675055161486,0.9822785756287119
92.003011767,0.19057118442142,-0.012325650782164094,0.9815959973436187
92.013009346,0.19199427664310728,-0.011367960943668596,0.9813302029389869
92.023339049,0.19348592727325217,-0.010763747296086573,0.9810440039526035
92.033023112,0.19390014400123817,-0.00992961332712772,0.9809710173779208
92.1825257,0.19460105601695438,-0.007977421236926527,0.980850034280213
92.183093847,0.195117444686092,-0.0059328104070456005,0.9807619408092078
92.183367432,0.1961918072703239,-0.005036369220067279,0.9805526042722459
92.183715615,0.19694786027662636,-0.004175394227288862,0.9804050726182038
92.183976451,0.19761193104159938,-0.0031737235343902207,0.9802751920705417
92.18423686,0.1981837462566374,-0.002003571838390354,0.9801628377058444
92.184497152,0.19877104642957855,-0.001306504758462603,0.980045082711304
92.184757165,0.199269624239937,-9.307597363376237e-05,0.9799446964967654
92.185016899,0.19966635838960228,0.000982158522810052,0.9798634500235587
92.185318896,0.20021251776693744,0.0019093638354875629,0.9797506325893174
92.18558841,0.20020632394837923,0.0020015136107479985,0.9797517143615226
92.185853968,0.20049494954899527,0.003460258960560011,0.9796886249279777
92.186113575,0.20174083893440362,0.003653069738146392,0.9794321257685658
92.186373571,0.20258083575584124,0.00433397924791714,0.9792559530624991
92.186633085,0.20353553768550472,0.004931398099970005,0.97905513951557
92.192557328,0.20393965293544009,0.006486305698925552,0.9789619736225469
92.202492493,0.2041353175117996,0.008646226146297327,0.9789044973427101
92.212687083,0.20542409982994644,0.008824959316115754,0.9786332608807681
92.222222181,0.2049877394221837,0.010328161052325865,0.9787100468350473
92.232607007,0.20480609883371667,0.011703212183192806,0.9787325971403574
92.242440073,0.20614566349287844,0.012584774647914052,0.9784403859562125
92.25321073,0.20661056511890644,0.013253864527921232,0.978333485809579
92.262396276,0.20717830465543846,0.013580004291154572,0.9782089416702091
92.272616852,0.2069887985769593,0.013747936870768153,0.9782467130000818
92.282441288,0.2067767129170292,0.015013489458900815,0.9782729609518481
92.292445261,0.2067312045453442,0.016173474536825577,0.9782640889803926
92.302434631,0.20599214583567338,0.01793321143987068,0.9783893068617766
92.312910492,0.20631217248845476,0.018611590705928365,0.9783092027444541
92.322679379,0.2064194715964512,0.019315818274298707,0.9782729173958749
92.332700948,0.20717729830141976,0.02048234566955747,0.9780889737566809
92.342602313,0.2045773980706952,0.0260162421285624,0.9785045954639827
92.353289589,0.20670142712144135,0.023242593870709934,0.9781279578133532
92.36259522,0.20774750308820358,0.024137038535548723,0.9778846446955543
92.372517083,0.2077931713630673,0.025478395283168108,0.9778409120652877
92.38459183,0.20777997030068293,0.026399185582961417,0.9778192915577008
92.392570656,0.2077201462204296,0.02870980387834038,0.9777668883815972
92.402625716,0.20768370236849842,0.029844621356530952,0.9777406498384928
92.412744224,0.20815146443713736,0.030247642918037953,0.9776287884215451
92.422611678,0.20870607782347803,0.031017436829357935,0.9774864150933644
92.432360652,0.2088650209426382,0.03175009150742956,0.977428941005893
92.442474129,0.20892954814954215,0.03270724330683376,0.9773835890505302
92.453495132,0.20945238888533596,0.034098322921104915,0.9772241304655724
92.462645119,0.20972288482127105,0.034776867659876386,0.9771422010424129
92.472779783,0.2108372163977363,0.035827233622178885,0.9768644110175352
92.523652825,0.21060653151881809,0.03683007220087029,0.9768768779448574
92.523948501,0.21054357612382632,0.03935117710361252,0.9767921413553401
92.52421771,0.21125510929431762,0.03958459164907667,0.9766290692484132
92.52447233,0.21156878630137865,0.04007851965789062,0.9765410185573332
92.524721908,0.21224274244251815,0.040973954105560394,0.9763575950262458
92.582911935,0.21234576840125885,0.041133591313024444,0.9763284807418926
92.583666479,0.21472070306156052,0.0392833572814285,0.9758851559058828
92.591562864,0.2154531855608811,0.04004195738810261,0.9756928648300129
92.59269224,0.21571148661590173,0.041213805189435876,0.9755869908951046
92.592976229,0.21577703629179554,0.04187133120835371,0.9755444952599391
92.593200369,0.2169018122075322,0.04206277514407232,0.9752867920813179
92.593554868,0.2179084311840144,0.04288061360103051,0.975026752759185
92.602426961,0.2178326194093288,0.04297063946806787,0.9750397294802791
92.612329565,0.2176514387077805,0.04380778047489275,0.9750429373100946
92.6226633,0.21878981825417262,0.04408583661682452,0.974775591835424
92.632394775,0.21767229339098856,0.046634675128930526,0.9749071646908368
92.642549605,0.2177156914544142,0.0475468859937879,0.974853410173458
92.652904236,0.2149422733315069,0.0507982619353967,0.9753047501778235
92.663152886,0.21465625778849282,0.052506584633681394,0.975277268043476
92.672679932,0.21527343945985317,0.0522832073625912,0.9751532251349042
92.682553499,0.21529543185622238,0.05181815585620305,0.9751731926922033
92.692362296,0.21961044494859414,0.04939289482961818,0.9743364893145646
92.70329219,0.2200769693597652,0.04948549305249952,0.9742265206484435
92.712420306,0.22056113119181614,0.04838308078918003,0.9741723999892085
92.722832509,0.22052020142497267,0.048671233570415334,0.9741673120086836
92.732684031,0.220979109063723,0.04817401944529928,0.974088033602655
92.742870788,0.22239475758202562,0.04775506063661918,0.97378643756402
92.752512591,0.22232008654942476,0.048539646427440075,0.9737646953147128
92.763423346,0.22303092029208238,0.04830170394921462,0.9736139655886564
92.774266952,0.22273717127673834,0.047888814427027394,0.9737016041808757
92.782415136,0.22344986615802723,0.04787179840234244,0.9735391354391898
92.793820096,0.2234194902412077,0.0481510973631823,0.9735323329007004
92.80415318,0.2233137732772593,0.04815509609531482,0.9735563904493277
92.812759773,0.22225018319949505,0.04925977806663754,0.9737444892437731
92.822483043,0.2215221087595908,0.050431435894465845,0.9738504123346288
92.832463565,0.22201119633460292,0.05053155025419459,0.9737338399845135
92.912644682,0.22187814204024903,0.051531180345325604,0.9737117784729652
92.913062772,0.22230122202429053,0.0524532620647795,0.9735660337056089
92.913519592,0.22165496397369577,0.053988773833620704,0.9736294414435924
92.9137664,0.22248958571072208,0.053940254837201634,0.9734417461555515
92.914041053,0.2223711861218193,0.05511138186770746,0.9734032007197259
92.914348199,0.22284952446333378,0.055717276957574474,0.9732593048591414
92.914617116,0.2234581954520572,0.056108437802268166,0.9730972603459015
92.914895698,0.22280372497207077,0.05663929875928761,0.9732165688964743
92.922415093,0.22349548393190585,0.0562868828477166,0.9730783912313183
92.9323334,0.22421837566086653,0.05682265656276545,0.9728809309042669
92.943074212,0.22474688854959177,0.05768125753694994,0.9727084396756478
92.953001478,0.22618605579684709,0.05776365942873415,0.9723699027697572
92.962908909,0.2270002891851983,0.057350805876628774,0.97220458432119
93.00883459,0.22790723285542366,0.05779916143209903,0.9719658173773036
93.009208436,0.22858124099617944,0.05951766282835482,0.9717037944127299
93.009614792,0.23007666170040675,0.05867006436383619,0.9714023642591879
93.009922534,0.22959771662107525,0.060862967038477156,0.9713807635349084
93.025093727,0.22871632276740528,0.06422123871075422,0.9713724703728289
93.025371963,0.22827019580588884,0.06511156931134046,0.9714181392420854
93.033059476,0.22927072342235003,0.06411266063943788,0.9712489393184038
93.04241598,0.22896209997379377,0.06492810142159103,0.9712675730309224
93.052780737,0.22862049118591682,0.06560141130854526,0.9713027982273279
93.062560723,0.22868865080497158,0.06619455729690193,0.9712465091712139
93.07292868,0.22907809128888384,0.06571660916522822,0.9711871886362929
93.082585372,0.22831053675253438,0.06737201213898815,0.9712545036127832
93.092550069,0.2291834583514802,0.06706873185289156,0.9710698881263389
93.102675406,0.22974560572079247,0.06650675714280742,0.9709756989267722
93.112761897,0.2303324574379022,0.06689958142137976,0.9708096646903868
93.12282915,0.23002089859697844,0.06709429476247747,0.9708700952336334
93.132388671,0.22940305420960866,0.06734284416438513,0.9709990628518418
93.1426108,0.22909608082743943,0.06717527593699463,0.9710831416785568
93.152364265,0.22813744123198942,0.06821344983674191,0.9712364455525189
93.162688384,0.22829144175012134,0.06787837042817994,0.9712237355273323
93.172446969,0.22872745784415385,0.06760390555477601,0.9711402895472373
93.182732441,0.2249517601097855,0.07013648958384917,0.9718423629644698
93.192352232,0.22421404356382826,0.07005451528382374,0.9720187382746828
93.203188296,0.22300184608677742,0.07049749709283587,0.9722655396266675
93.212634424,0.2254248755608772,0.06793376812082844,0.9718892059423587
93.22280923,0.22487350044029528,0.06739409467005579,0.9720544968278949
93.23251494,0.22454206253925293,0.06711122644178982,0.9721506804174429
93.242542025,0.22371018237953944,0.06748839973183808,0.9723163426587813
93.252450097,0.22215805036041322,0.06964900268355112,0.9725198286334561
93.262249676,0.22185139156123987,0.0696695345693338,0.972588358975797
93.272501082,0.22105257810560616,0.07053499601406008,0.9727078554479559
93.282174933,0.22099561769759898,0.07019841036136579,0.9727451465523712
93.292346116,0.22023754773031629,0.07094017809456234,0.972863255397
93.302755586,0.22029325470977598,0.07144725341697922,0.9728135339871375
93.313091303,0.2203040874023745,0.07149708966052055,0.9728074194021561
93.322724516,0.22094968044008004,0.0716944530414882,0.9726464640950013
93.332765575,0.22099000004314998,0.07148575379777594,0.9726526650788
93.342941798,0.22083806489530133,0.07165109623989036,0.9726750071328659
93.352511212,0.22120029356037754,0.07112355972863836,0.9726314149668053
93.362810505,0.21992300430884798,0.07157504164667723,0.972887910084737
93.372539137,0.21996715122079802,0.07118969324668312,0.9729062030634043
93.382530316,0.21952052816527404,0.07108437760093632,0.9730147732563605
93.392501413,0.21924112802528933,0.07193858318802705,0.9730149885952929
93.40248974,0.2187567508906113,0.07218621476594293,0.9731056645285486
93.412427232,0.2153039887525311,0.07399080252503776,0.9737399825255975
93.423258599,0.21502161918493615,0.07451402793391847,0.9737624776731498
93.433200151,0.2150859588893142,0.07432993265463966,0.9737623382531392
93.443350815,0.21870127115063384,0.07170361216194071,0.9731538141527406
93.452763857,0.21862334833620647,0.07237717050121892,0.9731214604315862
93.462820188,0.2188263608662114,0.07239455482106842,0.9730745357999612
93.472861901,0.21936480683617537,0.07272500845375253,0.9729286482919131
93.483027816,0.21861568240569745,0.07399192819198196,0.9730017358508278
93.492929994,0.2192238165740709,0.07335350667884732,0.9729132444902857
93.502975998,0.21956116985706844,0.07305647732092034,0.9728595190532153
93.513056653,0.22031395530267792,0.07337372892773521,0.9726654393994519
93.522610113,0.216494078714817,0.07650297462509717,0.973281875283278
93.532470513,0.21715536079389755,0.07661373856323779,0.9731258317102861
93.542772957,0.21747916833412306,0.07684726156320822,0.9730351020034859
93.552599336,0.22172367411972632,0.07441675796437633,0.9722657859191184
93.562840872,0.22121932073968023,0.07469789737147324,0.9723591086937765
93.572446005,0.22079861978058976,0.0744784564231004,0.9724715569268949
93.584344856,0.22022734994850449,0.07385140709384332,0.9726489006856064
93.731581285,0.21959092132891878,0.07256155539309618,0.9728898436867615
93.732349854,0.21629779337095592,0.07506568590717588,0.9734374183182709
93.732596188,0.21843848614081382,0.07473537567434199,0.9729847128271465
93.733107897,0.2185957045078266,0.07561589139725913,0.9728813673510892
93.733460282,0.2179991041158067,0.0762153564564555,0.9729684527490708
93.733737885,0.21798868669734991,0.07562503052345197,0.9730168483794572
93.734006565,0.2185980518055217,0.07504032448903948,0.9729254038452332
93.742397108,0.21918690397482027,0.07383645311230677,0.9728850288280352
93.74276263,0.21911889342047217,0.07310941733804761,0.9729552526414968
93.743016731,0.21860544704587923,0.07301542628278215,0.9730778006134015
93.743278306,0.2187634178274241,0.0740313211257641,0.972965534082702
93.743538555,0.21782373496252425,0.07552340530404,0.9730616813636521
93.743799209,0.2177459706556456,0.07646085091931443,0.9730058738465689
93.744067297,0.21590217737087075,0.07944763389821222,0.9731774366858763
93.74433109,0.21753062792310657,0.07951917309748821,0.9728088851492213
93.744591797,0.2189661784201545,0.07959313303447979,0.9724807174858681
93.752724167,0.21973117616232515,0.081622312951972,0.9721399118700413
93.76236879,0.2238342281003251,0.08052186739537782,0.9712952523315931
93.7726038,0.22590609648368531,0.07887396090181838,0.9709507370938869
93.783022405,0.22701566258187733,0.07916505985223372,0.9706682142942065
93.792974148,0.22866394923545677,0.07868384270571191,0.9703203858608285
93.802898541,0.22942142987992212,0.07807434450331073,0.9701908081621008
93.812586595,0.23084662715073484,0.07948163769067056,0.9697383688413791
93.822668277,0.23242018493771566,0.07987815465431974,0.9693298396534271
93.833008261,0.23345243754387546,0.08064652634640872,0.9690181098375206
93.84255449,0.23527230916852068,0.08070154649340826,0.9685732811367885
93.85266547,0.23732065399656121,0.08226587945666976,0.9679417504498218
93.862600417,0.24080754583393446,0.08101967380823764,0.9671853691642799
93.872568068,0.2436856744300414,0.08243594109875221,0.9663444560262862
93.88234627,0.24105191417439986,0.08773840548823773,0.9665381248948431
93.892742491,0.24826545925992352,0.08371143635372658,0.9650682137352028
93.902498037,0.24876672688847962,0.0822270585357627,0.9650667471412271
93.913631406,0.2507632576221704,0.08183872032249476,0.9645829215172191
93.92297619,0.2500788457312759,0.08488611863086515,0.964497235756277
93.933017893,0.2546465966506952,0.08406680868781755,0.963373179246373
93.942692139,0.2560999485799365,0.08323730554821415,0.9630598980865245
93.95296696,0.25738142544796805,0.0831406446439617,0.9627265629671587
93.963133938,0.26003582081843296,0.08437553369722116,0.9619054741525246
93.973123155,0.2590150390705046,0.09017773541063674,0.9616544002766868
93.982990074,0.26418043457305684,0.08554201192026745,0.9606722969803093
93.994451575,0.2630130613451831,0.08070463739781082,0.9614108856593643
94.003195939,0.26142490591238043,0.08206682483618638,0.9617286804655509
94.012503438,0.2618323628073854,0.0840217729144083,0.9614489874470831
94.02276833,0.2618825427810221,0.08306597590701413,0.9615183708245837
94.032419347,0.2584558582109985,0.07794132982563373,0.9628736773125683
94.042582059,0.25476444920759467,0.07677118711559863,0.963950859872438
94.052348845,0.2507406586435072,0.07517865727127167,0.9651307121804326
94.062929793,0.2471818581467134,0.07495438046507247,0.9660657171498404
94.072659826,0.24099887470899414,0.07270929129687201,0.9677979651498062
94.082771314,0.2411565193853242,0.06647382967841985,0.9682069836175736
94.092427314,0.23702091934207373,0.06566850627172349,0.9692825857706714
94.102536508,0.23619179841269633,0.06310074223721031,0.9696554700983692
94.112944546,0.23526054247814324,0.061733772994805175,0.9699698028416739
94.12265454,0.2295201576501632,0.05989499382815588,0.9714592564521527
94.132606076,0.22157586946268976,0.0593192743044641,0.9733372271560585
94.142832481,0.22203588073252742,0.055734695551454425,0.9734442518085551
94.152959855,0.22300585436850792,0.05221055108979768,0.9734179201516024
94.162474968,0.22090788438693246,0.053144074903108865,0.973845682805229
94.172741199,0.21656640695548354,0.05114851245725486,0.9749270849924122
94.182536048,0.21007880061338985,0.050275829953298726,0.9763909250168944
94.192811344,0.20759780696685468,0.04750287328358413,0.977060196493725
94.202282022,0.20901042341364576,0.04602155177095596,0.9768299031443713
94.212235163,0.2058604281679805,0.048533640659678016,0.9773770868190093
94.222521051,0.20473506389375726,0.04255055661137298,0.9778921227540806
94.232686414,0.2029106405944674,0.03794734694055621,0.9784616859099369
94.242500503,0.20094782036256964,0.03517371276034937,0.9789702668734046
94.252501197,0.19826539757903314,0.03256835619979078,0.9796071326288266
94.262660664,0.1959557603891725,0.03173234129791232,0.9800991778825519
94.272745886,0.19488290663949923,0.030242410625704073,0.9803601630519706
94.282819468,0.19322254524089652,0.03082250166203859,0.9806706997774144
94.292583165,0.1929030406376259,0.027116514688133427,0.9808430616280704
94.302590642,0.18949529938460824,0.02493752117010642,0.9815648993057099
94.312692737,0.18522629369124774,0.026776683408938618,0.9823310182168846
94.322738521,0.18190202676488665,0.023986243338507927,0.9830240652137325
94.332525982,0.17972608957042902,0.021651872338697007,0.9834783826561471
94.342861981,0.1773975348557377,0.01945267327223873,0.9839470047363683
94.364369163,0.17597308099255313,0.019283126649535846,0.9842060941655495
94.364763854,0.17206977154451483,0.01910382522875057,0.984899506336686
94.373236763,0.17308509716773574,0.014579649720590806,0.9847989556008172
94.382677446,0.17059937920012053,0.012663358064449053,0.9852590985010313
94.392514357,0.1678911106227721,0.00996449713694818,0.9857551845010302
94.403547623,0.16577027719474335,0.009093940225245055,0.9861224647324276
94.412831751,0.16336066382803957,0.008682286092597597,0.9865282111637095
94.422860773,0.1605218600644046,0.009353243345987918,0.9869879681538041
94.432874635,0.1606664466334864,0.008032264120990252,0.986976076538464
94.443208619,0.15802060650341715,0.0033711712362548382,0.9874300598648941
94.453555654,0.1551554137770506,0.0017032932628480593,0.987888605242379
94.463726599,0.15226698418468965,0.0017377755558322405,0.9883378701959249
94.473013882,0.15137980483111,0.0009676202742172256,0.9884751986773872
94.483089457,0.14967917629572217,-0.002423879771083372,0.9887316466009822
94.493213001,0.14589689294152894,-0.003023909405592574,0.989295179712261
94.503273923,0.14148824598653964,-0.0035776719807154972,0.9899334707498535
94.512539843,0.138291684286678,-0.005400296077509887,0.9903768206392097
94.522752075,0.13319200929638572,-0.007775507480930076,0.9910597510458216
94.532702473,0.1332650689039237,-0.01035462540522421,0.9910263382689433
94.542839544,0.13130475371617317,-0.012707181179348121,0.9912606060961014
94.553402925,0.12776054680797705,-0.010281594182616888,0.9917517489273163
94.562990731,0.12549730565198705,-0.014896408482581445,0.991982118431785
94.586446358,0.12209745046989161,-0.011202434506963668,0.9924548947180772
94.586727575,0.12063026191264006,-0.015488644911564872,0.9925766679655992
94.592666305,0.11749383322720772,-0.015555564965991274,0.9929517730243327
94.60257084,0.11599893116083576,-0.01596267318759176,0.993121060613584
94.612649851,0.11403613291567688,-0.017366391143319487,0.9933248053120869
94.622488612,0.1136197387397865,-0.017881013014881028,0.9933633898741511
94.632672423,0.1101949030781283,-0.018420860813756185,0.9937392792993955
94.642461109,0.10666321720492523,-0.019864718022384795,0.9940967513644667
94.652615356,0.10467216378519346,-0.02316326825105088,0.9942369944497417
94.662667793,0.1039875842926123,-0.022547855477966398,0.9943229739507841
94.67296458,0.0993864088429331,-0.024627566643855195,0.9947441001074137
94.682549056,0.09446863164701068,-0.023217421760700015,0.9952570667729655
94.692725823,0.09312757737647563,-0.02587962135099083,0.9953177882117439
94.702559295,0.08573089160321246,-0.025608773972218172,0.9959891590376665
94.712725251,0.08515992474925461,-0.024992422802954793,0.9960537967495228
94.722310763,0.08365550253530785,-0.028412985138807873,0.9960895839085293
94.732638005,0.08086993518250929,-0.030103507625892995,0.9962699596054247
94.742396451,0.07725765877317203,-0.030959886296342273,0.9965303505671093
94.753019301,0.07252429206701955,-0.028976916949814472,0.9969456180475749
94.762599135,0.06669717994701346,-0.030240015827873744,0.9973149089579708
94.772782575,0.06796375607008275,-0.035705335361160134,0.9970486732790899
94.78251879,0.06602305423286968,-0.035240620187665675,0.9971955951560116
94.792990404,0.06332927788100799,-0.035752406526610825,0.9973520782505174
94.802663945,0.05870301364485341,-0.035037853945268066,0.9976604156625252
94.813301639,0.05760110342711095,-0.03897522952888935,0.9975785905717652
94.822506077,0.05602127300248476,-0.04058550252423767,0.9976043474023337
94.832642331,0.05444818390385473,-0.041158913249773395,0.9976679503370196
94.842490045,0.05156249432087377,-0.04009240345632749,0.997864674374489
94.867189447,0.049320428593462036,-0.0406411217427744,0.9979558079127784
94.867626777,0.0475565277109282,-0.044005390078041245,0.9978987435186794
94.872605621,0.04211548251961004,-0.04413913446888479,0.9981372766010086
94.882469203,0.039498920034897106,-0.04541952942251885,0.998186806997124
94.892502194,0.04043063626198475,-0.048658912241232456,0.9979968306116764
94.902817915,0.037798838345354795,-0.04769851194672239,0.9981463318460927
94.913062733,0.034086004709365236,-0.04511219347713627,0.9984002375213232
94.923411603,0.03229824465883462,-0.04522372900228499,0.9984546247712441
94.93299727,0.031023204319877522,-0.047420564136202825,0.9983931344368967
94.94532314,0.031213954700077533,-0.04964461417484124,0.9982790698574285
94.952984663,0.026995591616456028,-0.04819134996828416,0.9984732504286291
94.963544068,0.023362447991895973,-0.049403327028812075,0.9985056370909032
94.973158142,0.019578594625878465,-0.05128608856050189,0.998492070951312
94.983135006,0.020519259830667852,-0.05230436583209924,0.9984203590126274
94.992831608,0.01715987457445649,-0.0507827532162404,0.9985622918378039
95.002717601,0.015100255180906923,-0.0513571334525904,0.9985661856567166
95.012513205,0.015535554010349338,-0.05468848154131044,0.9983826002832268
95.022743721,0.009893828624117387,-0.05785074892705656,0.9982762157858592
95.032470376,0.004584736642528122,-0.05788869787815031,0.9983125156221828
95.042423107,0.0031647675615203014,-0.060529038068746835,0.9981614197096348
95.052792422,-0.003718551975653133,-0.06075934266904029,0.9981455177726496
95.063013258,-0.002623126363715067,-0.06598596878092311,0.9978171030465067
95.073097822,-0.0060694148982107,-0.06772932218285267,0.9976852715758837
95.14112337,-0.007994331472178238,-0.06716351565365769,0.997709954259931
95.141999639,-0.013212130631970324,-0.07135011443278994,0.9973638256797726
95.142670827,-0.01917519444370993,-0.070127086824445,0.9973537504875404
95.143004471,-0.01925566365462649,-0.07112136244943502,0.9972817912809578
95.143309604,-0.024579930612450524,-0.07427208298794827,0.9969350453764371
95.143594694,-0.029983127155374184,-0.07750387584175417,0.9965410986585004
95.143856758,-0.038572438982121204,-0.0754749896356296,0.9964013713812684
95.152923761,-0.04129109525104406,-0.07723348293786045,0.9961576354002696
95.1624851,-0.04466300215495078,-0.08110170120695755,0.9957046400915506
95.172755993,-0.0463551039654297,-0.08820039558781118,0.9950235648237221
95.182643263,-0.051114966203612715,-0.0900282986071059,0.994626646375369
95.192460582,-0.05497885826631779,-0.09384080588038932,0.9940680199540931
95.202596557,-0.059619896500714205,-0.0973634479413563,0.9934615377286707
95.212911523,-0.06875271568233578,-0.09543207479278844,0.9930588014750423
95.222740828,-0.07370273924841707,-0.0983128350582856,0.9924225373751254
95.232429397,-0.07820825264254455,-0.09687780461366052,0.9922188066106373
95.243042436,-0.08355855153942295,-0.09784085198155791,0.9916880235982266
95.252530415,-0.08928969624875085,-0.09966746301833974,0.9910064313410352
95.262471259,-0.09573352927228639,-0.1033125191377231,0.9900311180778563
95.27271472,-0.09827374889237311,-0.10358427585451516,0.9897537916443334
95.282841172,-0.10645714802398408,-0.10654015915690358,0.9885929749504703
95.320586101,-0.1096703675627743,-0.1065059487286979,0.9882453609119782
95.320858409,-0.11675965388047893,-0.11013182284819285,0.9870350372817801
95.321363953,-0.1238421395799901,-0.11220596818297357,0.9859375969950491
95.322865269,-0.12825639307667538,-0.11367092615267022,0.9852051655277472
95.332929639,-0.13512284243574,-0.11377496750492169,0.9842748976893296
95.34274916,-0.14173473328897082,-0.11544487636525792,0.9831499101869027
95.353842886,-0.1459584406077161,-0.11558480828669342,0.9825152852290351
95.363113147,-0.15340227513931606,-0.12030779691038465,0.9808128139378336
95.373382525,-0.16209995355526813,-0.11749906904664227,0.9797538332818875
95.383298077,-0.17017381094229458,-0.11785891389311604,0.9783405084556763
95.60911789,-0.17094977805583328,-0.12376800804938878,0.977475142173011
95.610888964,-0.17086172118074588,-0.12601834703154707,0.977202971980023
95.612549517,-0.1805360532786514,-0.12413952157878619,0.9757028813367101
95.613946415,-0.17916020882141057,-0.1256507263216601,0.9757630422135839
95.614646791,-0.1777732416989588,-0.12855161732617004,0.9756388451771842
95.615852492,-0.17968876018468447,-0.12974287275316362,0.9751301125660347
95.616365985,-0.17992558022893695,-0.1295837281670136,0.9751076058433847
95.616631454,-0.18520846066494479,-0.12234158394061476,0.9750540307783068
95.616958529,-0.18642014141829225,-0.11122472585411099,0.9761539792636517
95.617200448,-0.18593038367083137,-0.11690876994940731,0.9755830215501571
95.617460196,-0.18802568193256222,-0.12687292321912746,0.973935112976028
95.617748827,-0.19185562713119872,-0.1264303723636639,0.9732454876761977
95.618010424,-0.19156048428241507,-0.12450722672838796,0.9735515042122284
95.618271212,-0.19048780043309194,-0.11962747689743522,0.9743734728826089
95.618531186,-0.1910389074946924,-0.12059119756397853,0.9741467542897836
95.618791323,-0.19175223824872586,-0.12126913164973145,0.9739224182836762
95.619051639,-0.18971357143931258,-0.11907844725520036,0.9745917525872213
95.619312046,-0.18817188180952515,-0.11842293829624999,0.9749704357474357
95.619571611,-0.18770464100587858,-0.1233075859661351,0.9744548255245383
95.619840401,-0.19511086175290773,-0.12457438366545005,0.9728375889943867
95.620111498,-0.19441976101992914,-0.1226210748016996,0.9732240382046827
95.620385477,-0.18940387080154392,-0.12359954928015067,0.9740889718825154
95.620656578,-0.18841012573569366,-0.12060704799351418,0.9746566392810087
95.622760553,-0.18390530973253172,-0.12182235640103795,0.9753656496581576
95.632883904,-0.1880501304001797,-0.12150959411764416,0.9746140605356772
95.642915869,-0.19933054946649464,-0.11869494979571156,0.9727172461421556
95.652665233,-0.19181011054274058,-0.10477762545095472,0.9758230017264612
95.662506398,-0.19242722996209544,-0.11278136173620303,0.974808763611634
95.672943471,-0.18842145157685397,-0.12405838354185443,0.9742211628057837
95.68270746,-0.18914667406729327,-0.12163501006414865,0.974386196544253
95.692621571,-0.19061406209434706,-0.11660411429657477,0.9747152198775824
95.702670608,-0.1971830836081652,-0.11140183764224777,0.9740166641842971
95.712649083,-0.20207369109112974,-0.10975851531396806,0.9732005403229491
95.72265143,-0.20064593064502503,-0.1124064917288751,0.9731937068912839
95.732593517,-0.20004371489429595,-0.10935489802169684,0.9736652496674378
95.742712315,-0.19856463888679393,-0.10529056361787005,0.9744157128232223
95.752930755,-0.19659802021039408,-0.10268037753537895,0.9750927948244442
95.763430737,-0.19053673093836215,-0.11113818764058024,0.9753686776861812
95.772747987,-0.1848814330178938,-0.11318164642499004,0.976221681093889
95.782625612,-0.1817845092368558,-0.11097101709803892,0.9770567156341244
95.792619242,-0.18149419259615165,-0.10958048023271974,0.9772676073654737
95.802664649,-0.1845742074015565,-0.10739535648629939,0.9769332624940499
95.812552665,-0.18687044308164927,-0.10374043329067253,0.9768916828405961
95.825353429,-0.1906945511250798,-0.10426970569145443,0.9760960079040494
95.833170093,-0.1929538703411583,-0.10777649482159282,0.9752707475795318
95.842681138,-0.19342861095555045,-0.1109592063023537,0.9748196894813719
95.853595417,-0.1911374554839352,-0.11298412260508923,0.9750390049378973
95.863188598,-0.1893531354618373,-0.11444561962005274,0.9752166888648663
95.873653875,-0.18885049629133197,-0.11164441243792944,0.9756387729184952
95.883030553,-0.18936455698919694,-0.10455798926144474,0.9763240709098026
95.893410225,-0.18930510932425318,-0.10087653378748244,0.976722837101066
95.902963295,-0.19215277194997565,-0.09749232022101799,0.9765103991918689
95.913229337,-0.19141039732482104,-0.096884407542141,0.9767166791711722
95.923283315,-0.18866228076081062,-0.09871554695890705,0.9770679529115326
95.933019567,-0.18746141360680832,-0.09855476595435417,0.9773152902294221
95.943319004,-0.18414105380691317,-0.0954740680055766,0.9782518973359297
95.952768896,-0.1818982763985168,-0.0951935963627498,0.9786987259901665
95.962803532,-0.18033003240720907,-0.09144064460369027,0.979346561706568
95.972593387,-0.18054889931428844,-0.08392379255416506,0.979979026306035
95.982780718,-0.18357813815148005,-0.08529287338519502,0.9792978060541815
95.992428724,-0.1847827721170352,-0.08521575456911462,0.9790779347436854
96.002617548,-0.18520039762971305,-0.08395450361982795,0.9791079889571652
96.012470389,-0.18475217830577684,-0.08364437866132607,0.9792192045347309
96.02268985,-0.18583603405533436,-0.08196321168515884,0.9791562696407753
96.032411098,-0.1839655303741303,-0.08257106878663042,0.979458371873761
96.042487684,-0.18379902889492958,-0.08041977431867398,0.9796686056395879
96.182929534,-0.1838448029133216,-0.08009051588514422,0.9796869896589488
96.183183506,-0.18321098220255974,-0.0831742551480899,0.9795487630949947
96.183535147,-0.18371156584664844,-0.08026722817627,0.9796975210007788
96.183934635,-0.1811348096294281,-0.07632632762719825,0.9804919543022556
96.184180648,-0.1811443662212603,-0.07484145917342594,0.9806046474370241
96.18448669,-0.1852320612470174,-0.07472791397517163,0.9798493875892871
96.184760205,-0.18815359952242208,-0.07554418196644629,0.9792299523389674
96.185014869,-0.18513947398851927,-0.0743407030755734,0.9798963389244212
96.185324943,-0.18313068262846427,-0.07437225207986056,0.9802713508006864
96.185586387,-0.1809362099442123,-0.07397076592456536,0.9807091381849958
96.185846546,-0.18115565016129745,-0.07378553906447743,0.9806825809810238
96.186152855,-0.1818592046718557,-0.07393335529530924,0.9805412223108714
96.186458472,-0.18134203524829162,-0.07323844968849476,0.9806891432759074
96.186728678,-0.17912336073360077,-0.07397584393093115,0.9810414854399415
96.192563972,-0.17707768504498062,-0.07155827511571633,0.9815920266187854
96.202654489,-0.17452167640432084,-0.06772016126680883,0.9823218231430182
96.21286133,-0.17213841953756506,-0.07414702571899588,0.9822782615410646
96.222644527,-0.16239482206327002,-0.07599670611125837,0.9837949087219744
96.232903541,-0.1649290684310804,-0.07564075912863755,0.9834006700958158
96.242550129,-0.16263758222193736,-0.07824970039314715,0.9835781622410011
96.25305057,-0.1621613333596599,-0.07855239700267146,0.9836326666434742
96.262932511,-0.16526705644648235,-0.07413214574158408,0.9834588069773252
96.273401265,-0.15987248531014459,-0.07451994594988742,0.9843208654175647
96.283210817,-0.15942185021668062,-0.07224214543934843,0.9845637338922303
96.292692808,-0.1710500887520837,-0.07232098516314764,0.9826044688698174
96.303468454,-0.17238225084283076,-0.0789701368754555,0.9818594996618565
96.313438181,-0.1676703212799268,-0.08278571064212613,0.9823610280723499
96.323181675,-0.1588164320759208,-0.0829873970136141,0.9838142267926295
96.33267621,-0.15972859643896017,-0.0785309641924047,0.9840323486261268
96.342929996,-0.16732906199490943,-0.08443873995510343,0.9822785166166966
96.353180207,-0.17269858416157333,-0.08204844527150372,0.9815514513550051
96.413339828,-0.17169545392802749,-0.08717988058268772,0.981285044990515
96.413936311,-0.16663020257988007,-0.08525107458369412,0.9823271501238849
96.414177056,-0.157566533880897,-0.08186557995638369,0.984109147513204
96.414437437,-0.15269728846486955,-0.08780452013677001,0.9843647211979043
96.414697269,-0.16543261201080936,-0.08869315091793098,0.9822248092282796
96.4150065,-0.16875941187310564,-0.08447573480974588,0.9820306060060435
96.422872535,-0.1701433393067108,-0.0827450433814325,0.9819391538610558
96.433428204,-0.16383215101565607,-0.0779747343260177,0.9834017323049468
96.443177347,-0.15870567160531052,-0.0781460454720236,0.9842284823034699
96.452849215,-0.16396888209456192,-0.07946527078733236,0.9832596180273834
96.462608619,-0.1644466603384862,-0.07718861112252362,0.9833611819756229
96.472740105,-0.16251850440427762,-0.07167217876196569,0.9840989962995134
96.482944834,-0.16355187687387743,-0.07264740640827064,0.983856258766078
96.492799866,-0.16507598971411178,-0.07523539176993425,0.983407114802985
96.503208812,-0.16409924195446143,-0.07317576209892436,0.9837259509798513
96.51256613,-0.16220374538650476,-0.06831893963501759,0.9843893881334442
96.522539942,-0.1644041601579056,-0.06996457464843081,0.9839086494268856
96.532438121,-0.16398567528380145,-0.07190797136677586,0.9838383718658418
96.542356129,-0.1625941777757637,-0.07361381625096024,0.98394315862777
96.553942041,-0.161291849149769,-0.07382042948890491,0.9841420037717736
96.562602447,-0.1609721956533817,-0.07236599179963936,0.9843023496148855
96.572712723,-0.15702192681482655,-0.07036445409325767,0.9850852542290525
96.582761929,-0.1569133606384706,-0.07120440838562526,0.9850421968015353
96.612928346,-0.153961976594465,-0.07496053772713998,0.9852292258894798
96.613353462,-0.1530258795515886,-0.07602864100065639,0.9852932182528489
96.61359659,-0.15545775363217448,-0.07393654710377137,0.9850717099978102
96.622920801,-0.1579972930739721,-0.0700092014818856,0.9849546015371299
96.632458012,-0.15588657265486872,-0.06924463007033375,0.9853448927519445
96.64279001,-0.15396425720194298,-0.06616623043883155,0.985858528113324
96.652742911,-0.1522990913056144,-0.06533300642222986,0.9861726953527548
96.662799243,-0.15311620198767403,-0.06188714661990011,0.9862684268352694
96.672740386,-0.15314623177712444,-0.05829428803936229,0.9864826443858256
96.683121945,-0.15230154866676257,-0.057193730783783724,0.9866778174423189
96.692829467,-0.15235326489182097,-0.05462078299968463,0.9868156123315562
96.703171052,-0.15558490942996636,-0.05320121560130589,0.9863888516281054
96.712873454,-0.15352099263444993,-0.05293373684454382,0.9867265701926778
96.722460526,-0.15143289950843242,-0.052350658932586114,0.9870802831866277
96.732634058,-0.14945647995064448,-0.05285708656608194,0.9873544900391695
96.742412818,-0.1473142033402354,-0.05125891685355406,0.9877606232975844
96.753199742,-0.14668654249866558,-0.05017408385519501,0.9879097223729905
96.76254615,-0.14609174520777785,-0.05003954841300447,0.9880046789245324
96.77302471,-0.14608201870849183,-0.048563521693475574,0.9880797681213696
96.782493712,-0.1406799085943151,-0.048979307305367606,0.9888428544383489
96.792863434,-0.13637109414691062,-0.049627373655999105,0.9894139924547167
96.802656654,-0.13137084900847235,-0.05076509878614733,0.990032628137086
96.813114952,-0.13295851407494677,-0.04929250267176575,0.9898950867214849
96.822788142,-0.1326648582087336,-0.04560568352389928,0.9901111841741688
96.833887992,-0.1335192590054072,-0.04411442780111333,0.9900638993188405
96.843194891,-0.13372874025826176,-0.04091184240643533,0.9901731389912825
96.852958918,-0.13387668461460173,-0.03960206202705511,0.9902063976766701
96.863221178,-0.1347607593465313,-0.03768042755628474,0.9901614631561472
96.873198546,-0.13373502729232362,-0.03663390092220856,0.9903397900611401
96.882973015,-0.12896273454223436,-0.038988718627396904,0.9908826837316226
96.893096033,-0.1264820123043137,-0.04241201463340368,0.9910618152154725
96.903062648,-0.12708294342573923,-0.04044750446212727,0.9910670637615986
96.91301259,-0.12771979018214769,-0.039452293157041275,0.9910253133802784
96.923167364,-0.1262802669449824,-0.03971681416404766,0.9911992074517424
96.932792794,-0.1213906689335843,-0.04281863071616671,0.9916808308924043
96.94275076,-0.1189241218086088,-0.046455994773822694,0.9918159576260234
96.952570208,-0.11892512925075395,-0.04436712709573551,0.9919114737041619
96.963808128,-0.11923959693666404,-0.0383015800295143,0.992126457408341
96.972573193,-0.12150657060943924,-0.03474883862402323,0.9919821931431103
96.982468783,-0.11834046296152925,-0.03935146937322872,0.9921930239042295
96.992754295,-0.11497049833331313,-0.03740446107772793,0.9926644401833253
97.002505565,-0.11712467799042665,-0.036984812497689395,0.9924283014153465
97.012931589,-0.11008565636268557,-0.03799826065545856,0.9931954895439048
97.022694912,-0.11011711487902276,-0.036875849724695695,0.9932343090720345
97.032714022,-0.10597357480574343,-0.03696249960834631,0.9936817272475098
97.042496423,-0.10598721733649501,-0.03450057929398498,0.993768795942822
97.052858095,-0.10086115282043953,-0.03167665774078963,0.9943961067935176
97.062608603,-0.10006946065440486,-0.029167948698020585,0.994552831081932
97.072764508,-0.09690297262937358,-0.027742985998071144,0.9949071015042067
97.084133614,-0.09670221126931376,-0.028910510980154434,0.9948933936309414
97.094491351,-0.09566342276956163,-0.02912214964374994,0.9949876431112797
97.10284038,-0.09516772589154597,-0.025572323557638,0.9951327349738301
97.112959042,-0.0921981419617485,-0.021345455410960806,0.995511865399956
97.122551559,-0.09225637151194858,-0.019154182419465222,0.9955510429964359
97.132620864,-0.0914052744101934,-0.019575293381050074,0.9956213555860698
97.142722688,-0.08863590493467116,-0.018887054102496817,0.9958850112054812
97.152893144,-0.08751754834719125,-0.01753701285664262,0.9960086003199787
97.162570294,-0.08749957083067311,-0.016734669638246814,0.9960239836151271
97.17285572,-0.0924273564259982,-0.012417450979237115,0.9956419992624256
97.182962391,-0.09150534036899062,-0.011594083364164651,0.9957370887512929
97.192917925,-0.08830174216334889,-0.01243801651169288,0.9960161133617129
97.202614876,-0.08522890529089922,-0.009934782704609605,0.996311865730569
97.212868489,-0.08499040555590157,-0.008310178178222046,0.9963471141635778
97.222577822,-0.08711114556454604,-0.008397352717159426,0.996163205898399
97.252570979,-0.08758999977510318,-0.006099346022907432,0.9961379371941872
97.252979584,-0.08647664645725892,-0.007953195946274349,0.9962221320025704
97.253346091,-0.08202302028734976,-0.011200050248873068,0.9965675004822121
97.263137227,-0.08048987451504926,-0.009789236784081822,0.9967073547153833
97.27265093,-0.07855523177523756,-0.009044864667868089,0.9968687305678109
97.282793251,-0.0750732244744779,-0.009060006703987471,0.9971368648513245
97.292686834,-0.0756649355856112,-0.008146522033206748,0.9971000209114369
97.302700949,-0.07269086037494177,-0.007991845478082167,0.9973225001090698
97.312648664,-0.07207593848061494,-0.006744498606156556,0.9973763436289684
97.322874305,-0.07245890015826117,-0.00627731416455932,0.9973516446643755
97.332535952,-0.07448801975018497,-0.0064587582996744495,0.9972009924558453
97.342898046,-0.0730217455662051,-0.006773032430509734,0.9973073501715304
97.352597557,-0.07041259979236708,-0.011630510575597114,0.9974501476335701
97.362804896,-0.07188715262516272,-0.009538920017648073,0.9973671572156081
97.373233035,-0.06907775837436476,-0.019924532038239923,0.9974122900390942
97.382706833,-0.06574103028109579,-0.025267077721364842,0.9975167626265751
97.393107166,-0.06067829283277355,-0.027341190738601483,0.9977828441439027
97.40295894,-0.062144262103270106,-0.026927763029844502,0.9977038569965784
97.41268727,-0.06443364128266553,-0.028602869305593914,0.9975119957867895
97.423328263,-0.06121786650172836,-0.029732060758520373,0.9976815009731455
97.432422195,-0.06291444671048309,-0.03786024416679141,0.9973005436210014
97.442613003,-0.06728692177486927,-0.03797440888501838,0.9970107393744043
97.532022486,-0.06314796532501633,-0.04038997471489643,0.9971865344146202
97.532334249,-0.06597542222814701,-0.04689045369456114,0.996718881638216
97.532696882,-0.06487771614464641,-0.056881133886252766,0.996270755646109
97.532946681,-0.06627630142856641,-0.05559293277135133,0.9962514128947723
97.533205648,-0.06407310314527584,-0.06214317459840949,0.9960084654781638
97.533509405,-0.06144656243295911,-0.06717755691305216,0.995847124719636
97.533774214,-0.060786942815883226,-0.07154591011994547,0.9955833115958742
97.534035419,-0.06141865064188446,-0.077064677542959,0.995132546361805
97.534294492,-0.06035355558007614,-0.08050857173122672,0.9949250314504308
97.542950562,-0.05948627408612842,-0.08019136310886542,0.9950028786280432
97.55249569,-0.06192546672619823,-0.08259792319053967,0.9946571367337352
97.562527771,-0.061167072623192036,-0.08504398417593166,0.9944979185409052
97.572637335,-0.05813612894849746,-0.0932138021940487,0.9939473716406781
97.632242739,-0.0571100766074955,-0.09642360516018926,0.9937006226815993
97.632691762,-0.057930101963636925,-0.09841087968191303,0.9934583041309358
97.633027396,-0.0614931060827447,-0.09266471284510464,0.993796683883394
97.633282528,-0.06115496281926507,-0.09027159223861235,0.9940377810512437
97.63354377,-0.05941317092504749,-0.0912584681629628,0.994053301945716
97.633850184,-0.05659474856532796,-0.09272220453478833,0.9940823040478268
97.642802413,-0.054372277415048,-0.09390237956575306,0.9940955681223966
97.652907872,-0.05319485163856073,-0.09444851916938657,0.9941075319027924
97.662968921,-0.054100961302651615,-0.09256628287934164,0.994235670884942
97.67268145,-0.05330872030061117,-0.09174855383311865,0.9943542543829351
97.682804933,-0.05191203748688793,-0.09184097551550806,0.9944196174554883
97.692520807,-0.05258696903095651,-0.09011619231072394,0.9945419461096419
97.703093382,-0.051799629683712496,-0.08860594473659927,0.9947189477043076
97.712586816,-0.05042187729045944,-0.0881802811856985,0.9948275590777113
97.722713233,-0.05075670771862281,-0.08809318936121395,0.9948182480281188
97.732807148,-0.05099934097412832,-0.08807513719868759,0.9948074373604355
97.824740336,-0.05095436900958902,-0.08781286772160093,0.9948329269487131
97.825032114,-0.05092786747777797,-0.08803004358518535,0.9948150902255938
97.825305467,-0.051061104581904,-0.0882686456573498,0.994787117826067
97.825587494,-0.04920819827802528,-0.09101915769673995,0.9946326287400824
97.825856405,-0.04630566202619743,-0.0949819533043514,0.9944014351411635
97.826163155,-0.048270971654871854,-0.09374970222723153,0.9944249125136599
97.826474164,-0.04931475711369583,-0.09222312477173533,0.9945164402804784
97.826735301,-0.04884902411647762,-0.09298237333323535,0.9944687280614644
97.827574695,-0.049613275734296344,-0.09327532712698414,0.9944034574659659
97.833761922,-0.049197340521436574,-0.09179052580300785,0.9945622761086533
97.842551772,-0.04905867134975903,-0.0920096271195326,0.994548880288305
97.853216249,-0.0473821823214383,-0.09211795237432141,0.9946201343471891
97.863074752,-0.04370110191307678,-0.09411216523130994,0.9946019877554325
97.873363629,-0.042294475361853094,-0.0903298126633529,0.9950134181497602
97.883304346,-0.04351707904024606,-0.0870315879111819,0.9952546239719078
97.893541022,-0.041370571825994476,-0.08614829222148065,0.9954229992993494
97.903414543,-0.0392647835025529,-0.0863042145481967,0.9954947811654847
97.914893267,-0.04355478881748384,-0.0783684116610124,0.995972576140927
97.923849898,-0.039986055825682994,-0.08088460174781532,0.9959210794734705
97.984917527,-0.03862522652251178,-0.07949250296896267,0.9960868605939013
97.98545871,-0.03804171220197038,-0.07751300308455517,0.9962653072779138
97.986622349,-0.03505901419707572,-0.070257435413308,0.9969126131676106
97.987050446,-0.032508581988506605,-0.06824510511624003,0.9971388056458189
97.987465138,-0.030952411723756595,-0.0671178073083219,0.9972648335074321
97.987873485,-0.029193436974045108,-0.06563952633421356,0.9974162600540774
97.992391497,-0.02942387966263782,-0.06259237591236749,0.9976053477118312
98.002501457,-0.029288010744467026,-0.06014332804556293,0.9977599874309633
98.012470545,-0.02949814580207619,-0.05928389002045319,0.9978052313845034
98.02258943,-0.028617633216197265,-0.059109746666753324,0.9978412042595232
98.032431062,-0.03165512305373832,-0.05630724247993742,0.9979115429880338
98.042625134,-0.03167856929242045,-0.05701138042364903,0.9978708186683161
98.052512879,-0.029987517943536813,-0.05725744652409863,0.9979089806115216
98.062731837,-0.028407425284114118,-0.05671238680596012,0.9979863342608949
98.072605634,-0.030332451843445067,-0.049989759286164885,0.9982890194385976
98.082921312,-0.02899431423115725,-0.045565822008038714,0.9985404777008275
98.092876903,-0.024641285112817986,-0.045455700353419046,0.9986623985979292
98.103138789,-0.020828803366320543,-0.045940746547148414,0.9987269941065066
98.112593448,-0.01728844043020672,-0.04584022515746578,0.9987991707971149
98.1229617,-0.01644622264169165,-0.04520189151459669,0.9988424854622087
98.132530259,-0.015894936883747508,-0.0420497070441801,0.9989890755753841
98.142732276,-0.016200104679545402,-0.04208494053587108,0.9989826897341435
98.152556913,-0.01908111558055291,-0.038238215875283706,0.9990864576576329
98.162683281,-0.017707994819438605,-0.0378785528264793,0.9991254386488446
98.172656658,-0.0133830955650861,-0.038406471887940254,0.999172575519473
98.182937678,-0.011555934609414231,-0.03840395967853597,0.9991954744975142
98.192592788,-0.009788943844963045,-0.03772130481211796,0.9992403513377908
98.202933888,-0.008583933550832281,-0.037611013198873,0.9992555868099758
98.213237538,-0.013145575379649952,-0.03465169885147414,0.9993129908165134
98.222935057,-0.013403511046511508,-0.03317026024719071,0.9993598349577392
98.233570413,-0.011749755065571046,-0.03360705101385757,0.9993660537450987
98.242438107,-0.011395940063471971,-0.033905183326608364,0.9993600807985372
98.252949993,-0.012535196317123075,-0.03239722645013461,0.9993964621568511
98.262685732,-0.012046606112115285,-0.03082216485663652,0.9994522867224478
98.273298489,-0.009713294887376342,-0.03554642140691775,0.999320821271924
98.282622264,-0.006363370705480715,-0.03931928650381994,0.9992064357389293
98.292803996,-0.0075595538789790945,-0.03721446199422308,0.9992787083509942
98.302745416,-0.009029175657786338,-0.03330568870253252,0.9994044251888176
98.312700134,-0.005427824491566222,-0.03727440343588759,0.9992903269669868
98.323817805,-0.004256085354525569,-0.037033219602864736,0.9993049716594534
98.333609448,-0.0030930004981450355,-0.037459908309987446,0.9992933446277554
98.342937517,0.0006012425693180651,-0.03955567249624751,0.9992171872424646
98.353419748,0.000952898200133894,-0.039134096251924856,0.999233513497003
98.363177381,0.0013749667683456278,-0.03810568182514621,0.9992727688069093
98.37324321,0.005870112910755246,-0.03458427221185913,0.9993845455529073
98.383067297,0.006636967688616445,-0.04165796334911676,0.9991098862234845
98.393123197,0.005633608781348434,-0.04212760300794731,0.999096355471735
98.403429631,0.0022724328149971097,-0.04149662478759441,0.9991360598939161
98.413549202,0.002605069295152589,-0.040865882113508965,0.9991612448914602
98.422915524,0.004345862038075408,-0.04296356365295832,0.9990671877713652
98.433073928,0.007579684540946267,-0.048602813809786816,0.9987894246897245
98.44264025,0.009709655677052585,-0.050921008939330055,0.9986554828544395
98.452531398,0.010792698501987927,-0.05049065324046646,0.9986662163077292
98.463254768,0.009483361281020562,-0.04869404710206972,0.9987687197923427
98.473101907,0.00827125384851249,-0.04577140547394915,0.998917696710151
98.483540667,0.012247206081057694,-0.04982083287149015,0.9986830781360017
98.492672723,0.013024709180390337,-0.04768958947509544,0.9987772824841697
98.502757831,0.015533847502625304,-0.047919746921619585,0.9987303927671037
98.633992597,0.018650438734733234,-0.04858757984342334,0.9986447858072264
98.63463505,0.021100914914663486,-0.049294991970081595,0.998561342710819
98.635129505,0.023023764719647753,-0.049775781674924365,0.9984950064055327
98.635391117,0.022421454219574574,-0.05231155887305466,0.9983790759020095
98.635652457,0.020810392335540533,-0.052334985625865145,0.9984127287101169
98.635913939,0.020531865885960038,-0.052292862553925255,0.9984207024141463
98.63617543,0.02007464421398635,-0.04998356913802922,0.9985482719808321
98.636429833,0.023055748097133455,-0.05198979303732636,0.9983814370768407
98.636690327,0.022699551327751057,-0.0515718156625156,0.9984112770791356
98.636951487,0.026814799789593675,-0.05167676141155708,0.9983038008753935
98.637224869,0.02846201023597444,-0.05554626942601405,0.9980503624197429
98.637484429,0.029954953311592203,-0.052007249890539176,0.9981973485894077
98.637744301,0.02846769130580213,-0.051354578450040864,0.9982746605137968
98.652752573,0.031705895607803285,-0.051380894940414236,0.9981757058849055
98.653026658,0.03227611116970488,-0.051461346837589066,0.9981532860384834
98.66293527,0.0301057693949661,-0.05087790426765176,0.99825101127245
98.67298926,0.02845218465637197,-0.051076946686677345,0.9982893461844848
98.683020062,0.030127369138922562,-0.05175918015887208,0.9982050535326138
98.692563992,0.032895126342527926,-0.05314213397952316,0.9980450011191939
98.704438317,0.03426592598178816,-0.05478783633345517,0.997909885363658
98.712712959,0.03099649286131716,-0.053961285981978926,0.9980618202523677
98.723075266,0.030080256484031558,-0.05350648532259868,0.9981143392408895
98.733272135,0.02900707021790273,-0.05323967355164271,0.9981603714020549
98.769193635,0.026462810241802907,-0.050563254791948745,0.998370210362344
98.769469226,0.02645602443850547,-0.04776332038328286,0.9985082593533582
98.769764152,0.026859186592649905,-0.04754555225535017,0.9985078890806597
98.772834077,0.031457758918717826,-0.048406161921244535,0.9983322357270981
98.782939143,0.036263245977563925,-0.0512891493430402,0.9980252502571455
98.792814221,0.03346300807157996,-0.0507294789309053,0.9981516653586269
98.802504879,0.03637485982260073,-0.0516372512727311,0.9980032383984949
98.812921316,0.039623349036845223,-0.05174471523566835,0.9978739773419708
98.822539342,0.038522709366722654,-0.0509376725503849,0.9979585935188879
98.832688348,0.03892344874487146,-0.04990028238076199,0.9979954543764845
98.843024576,0.04050909093998655,-0.04833815954155632,0.9980092363717639
98.852947536,0.04186884891746554,-0.048316011198315245,0.9979541886039713
98.862749572,0.03982858042055026,-0.04749249550435767,0.9980772249943651
98.872861541,0.03907923153839356,-0.04832093054990709,0.9980670825817068
98.882598042,0.03851053137539423,-0.048225241551665646,0.9980938157560482
98.892924019,0.04072721881620406,-0.04826396077881765,0.9980039497604396
98.910204134,0.03983928707278362,-0.04820819948988161,0.9980424844201154
98.91288925,0.03972458296415301,-0.047518214548814004,0.9980801454765129
98.922600732,0.03992315662216897,-0.0468169357288354,0.9981053632228833
98.933052352,0.04040774246808275,-0.04664263840563114,0.9980940229413233
98.942697994,0.04144474748114803,-0.0473089604216282,0.998020137657577
99.034760462,0.03982177098391515,-0.04585663762734626,0.9981539938011664
99.035144871,0.04093328015595338,-0.04616050578104572,0.9980950226715453
99.035419415,0.03943138632869772,-0.04884863445082356,0.9980275430490317
99.035681219,0.04020623552073564,-0.048946692433878725,0.9979918235762428
99.035941972,0.0433468405192056,-0.049298819775523216,0.9978430125955401
99.036203027,0.042369635249636335,-0.0489189599853652,0.9979036773971539
99.036462428,0.04159821904102291,-0.049235678895079585,0.9979205560045127
99.036722499,0.04241939245835884,-0.0501593360356067,0.9978399852440927
99.03698204,0.04199660954463284,-0.04964408839558925,0.9978836351369464
99.042901661,0.04268051338943388,-0.045621883047187665,0.9980466008979957
99.052835941,0.04364613239114931,-0.041217986160725216,0.9981964199215245
99.062775351,0.04212315472716883,-0.03760711927029101,0.9984043992371133
99.072648625,0.043679098277262685,-0.03737395893097848,0.9983462944126706
99.082853079,0.03990730520994477,-0.0409312801567489,0.9983646815145305
99.092560721,0.03789543661627999,-0.040917838377871704,0.9984436220368901
99.103000138,0.03836812788683698,-0.0408982901562913,0.9984263701569343
99.114174042,0.03938238472520188,-0.040926772121027244,0.9983857105833945
99.122984456,0.037927514121151876,-0.043026891095936576,0.9983537400717285
99.133712774,0.039512469730820836,-0.04414165401491213,0.9982435970826955
99.142938597,0.0394565417090887,-0.047923348261193585,0.9980714072689366
99.152969809,0.037015400607259066,-0.047587389336916475,0.998180995858958
99.162994274,0.04198552641411689,-0.04438954830860106,0.9981316464137824
99.18421953,0.04038776854656828,-0.04320325683560235,0.9982496214628012
99.18451452,0.043485748441009456,-0.042056655795859106,0.9981684363802505
99.192986156,0.046346519307810384,-0.040704333763055905,0.9980957656262032
99.203600674,0.041917494822708026,-0.03804696889080992,0.9983963901106665
99.213367064,0.04213731514440368,-0.03503195625854734,0.9984974755667241
99.222925331,0.04115997815525415,-0.036120315294163825,0.99849946370607
99.233513494,0.0387899330275771,-0.039718388152312115,0.9984577060338102
99.243021523,0.03639978408017818,-0.04210557492327143,0.998449886714049
99.253244759,0.0396170439437487,-0.041963289509352054,0.9983333972990754
99.263074786,0.0410488337772995,-0.04525152950834319,0.9981319012648976
99.27355715,0.04266004703695374,-0.04492549662894893,0.9980790650742292
99.282809347,0.04455017388797079,-0.04473864906831232,0.9980048773859244
99.292891097,0.04055615855363068,-0.04034250283613671,0.9983624995302505
99.302647639,0.04115428536914017,-0.042019048110476534,0.9982688637795156
99.312516284,0.04177247152928155,-0.041455482218338,0.9982667497299409
99.322799241,0.04168892662235276,-0.03814446071039491,0.9984022403391277
99.332798638,0.04257168898379315,-0.03583287792018869,0.9984506278014071
99.342611881,0.04968349123132013,-0.044771409376777135,0.9977610293058576
99.352537101,0.047581151484397115,-0.04866914065874597,0.9976809854712869
99.362582412,0.04946170795392055,-0.049652947217151716,0.997541038894607
99.372668901,0.04752935271319054,-0.05123583731272565,0.9975549356328849
99.382756141,0.043279842969742924,-0.04601928129148018,0.9980025455588428
99.392598866,0.041223115370146404,-0.042738524131118116,0.99823547989153
99.402838304,0.04136552685240736,-0.04233155995191784,0.9982469294820094
99.412642703,0.04400402480181739,-0.04293775432292403,0.9981082080891557
99.422727282,0.04736034655368283,-0.04624475699437562,0.9978068049601817
99.432688155,0.04943046369062562,-0.047177996026841106,0.9976627014929551
99.481924159,0.049078601298010165,-0.04950586562765585,0.9975672709963412
99.482209067,0.04659786360225162,-0.043828330494127515,0.997951760634653
99.482964909,0.044892744075949426,-0.040743612147392305,0.9981606081180094
99.483509581,0.051306343323481135,-0.04010649798518657,0.9978773110729281
99.48391837,0.05783923607835086,-0.04226965029873639,0.9974306489342983
99.492536176,0.05522316794503749,-0.04668945220331331,0.9973818209567833
99.502653489,0.055706898391124395,-0.04898313228059314,0.9972449018288451
99.512952929,0.05389388668962987,-0.04742548147933809,0.9974198076456765
99.523871919,0.05555558019921718,-0.04865236715382004,0.9972695346189305
99.533012318,0.05696406314301539,-0.05072531267482549,0.997086775644066
99.54267929,0.054894750701411046,-0.05083141479638363,0.997197439635315
99.55281782,0.05486299044462851,-0.04994468227074554,0.997243992708077
99.562686603,0.05471132120697294,-0.05084620246253146,0.9972067664365936
99.572719519,0.05210903820023635,-0.04807077411435547,0.9974837586717356
99.582674743,0.05289121068862146,-0.04839505546591879,0.9974269088200611
99.592958997,0.053864859011616674,-0.045918589335593014,0.9974918847374588
99.602886478,0.05666459350535673,-0.04630132966490207,0.9973190616418273
99.613110933,0.05740102338624813,-0.0502492149283329,0.997085823243565
99.623160267,0.05965169544116328,-0.047071362874846145,0.9971088014996655
99.633475144,0.05947628842791673,-0.04720574548463481,0.9971129267580875
99.642600572,0.061971726666659364,-0.04748132917504019,0.9969478564467273
99.658460985,0.06124039912209365,-0.04654212999864069,0.9970373331277802
99.664235507,0.05810967371536806,-0.04633293945054732,0.9972344381049851
99.673642883,0.05879683208036259,-0.04509007934299264,0.9972511304993122
99.683064059,0.06114060061855593,-0.04635907950744098,0.9970519859582174
99.693453626,0.061249591283998546,-0.04735119253171448,0.9969986720820484
99.703216745,0.06303664787976714,-0.04796980030928863,0.9968577026247876
99.713246826,0.0642189355479708,-0.048563949172448065,0.9967534655860804
99.723149449,0.05972482458293896,-0.05043938351278259,0.9969397243160629
99.734732249,0.05771343231380749,-0.04536228729978188,0.9973020719027368
99.743130174,0.058600288794697926,-0.04456919040075135,0.99728611412182
99.752918994,0.061657550536072116,-0.048527061731206834,0.9969169828735125
99.762836319,0.0627884216323236,-0.04605866407895381,0.9969634966096721
99.772744655,0.06697268039539034,-0.04314142671749744,0.9968216878566777
99.810166462,0.06544285854795161,-0.046094586757704434,0.9967911121878591
99.810602757,0.06086797094271274,-0.04561182204796245,0.9971031299734155
99.810922597,0.06412642802189393,-0.04756051164009496,0.9968078044245468
99.812993777,0.06567248338360906,-0.04821774991857061,0.9966755608115511
99.82293466,0.06591686885143541,-0.045820416441203264,0.9967725196041359
99.832641767,0.05714874299513928,-0.044199669896207924,0.997386790746269
99.842736951,0.057748600027812326,-0.04773507899013821,0.9971892806426637
99.852854384,0.06289541114353212,-0.050064402936178594,0.9967636243441722
99.862934712,0.07012491518203147,-0.05563043819995885,0.9959858184815654
99.872713016,0.06590899656741256,-0.055540929697306146,0.9962786805406587
99.882905388,0.06403330563995016,-0.05177821840958551,0.9966036081949282
99.892432702,0.06526473625132789,-0.04704217403470383,0.9967585204371885
99.902877377,0.06515096409706961,-0.043671553944702,0.9969193283577551
99.912556838,0.06249944083691351,-0.04250158107085916,0.9971396268835927
99.922826181,0.06046559908720071,-0.04409951425921533,0.997195639866685
99.933323538,0.061373807233935346,-0.04573672832254951,0.9970664007316469
99.94299668,0.06540445522364176,-0.04845281495097315,0.9966817857070659
99.952552892,0.0653641494767131,-0.04641083619300781,0.9967816020809431
99.96279949,0.0676953325919486,-0.04819449743790342,0.996541334999193
99.972689778,0.0673623933715463,-0.04891709225360882,0.9965286880189196
99.982672098,0.06945519892508382,-0.049912138010838686,0.9963356632287454
99.992628477,0.06651198353983197,-0.04940777188517653,0.996561602773727
100.003130001,0.06561981361496479,-0.049219743858396066,0.996630050156853
100.012906493,0.06523525210588402,-0.050141463498448405,0.9966093495050683
100.022756448,0.06777519660236916,-0.051113006169444156,0.9963904773359853
100.032702532,0.07216025261231246,-0.05670554338560222,0.9957797845368579
100.042517356,0.07587588566735709,-0.0587062739825136,0.9953875744499147
100.058236776,0.07645155979710537,-0.05228218946579704,0.995701627832983
100.064698913,0.07527198065927589,-0.055679386863586505,0.995607319582437
100.074055692,0.07120359600426444,-0.047892702741900786,0.9963113654576754
100.082435806,0.06566175427823408,-0.04505532421705357,0.9968242331448414
100.092869687,0.06828454263648753,-0.04707280532415838,0.9965547512484397
100.102771667,0.06445679060407303,-0.04975308750451399,0.9966794632321823
100.113280816,0.06890382694778663,-0.05369801229753604,0.9961770857168132
100.123084414,0.07346475173996721,-0.05299017573853644,0.9958890357499595
100.133310951,0.07459522846941176,-0.05047983603459896,0.9959354085700118
100.14308051,0.07290900445841408,-0.05579548508405883,0.9957766521229133
100.153339017,0.06936539822250043,-0.05177277972002617,0.9962469677793231
100.163001495,0.06588926888196867,-0.047792463574576505,0.9966817369008386
100.17344492,0.0704977908220655,-0.04764579799458657,0.9963733935742501
100.192115315,0.06898120872364992,-0.05155576103584033,0.9962848971790347
100.193413715,0.07522614444264981,-0.05128229319909887,0.9958469528981525
100.203318993,0.07513746961391772,-0.05037835629615219,0.995899785057169
100.212942315,0.07068054094055044,-0.05420513819951336,0.9960251322758492
100.222613628,0.06786633797429689,-0.05272754759396395,0.9963001384596335
100.23293659,0.06983568383542287,-0.05320771505427663,0.9961385025798078
100.242807072,0.06736254809549963,-0.05166277903336808,0.9963901065228573
100.252601824,0.07551745315319965,-0.04957700569781598,0.9959112584840544
100.262813831,0.07108564524056256,-0.051656679137089996,0.9961317275045809
100.272449082,0.05764047875257305,-0.04878298350287475,0.9971448218437141
100.282969287,0.0599089388533943,-0.04798541974171044,0.9970498074507974
100.292656147,0.05711385300153605,-0.05204839978724718,0.9970100159350989
100.302982622,0.061284482674971795,-0.05217492331744687,0.9967557321430762
100.313019515,0.06306391398752802,-0.05935918482374926,0.9962426561484073
100.324182645,0.054283588786314466,-0.05440497538312104,0.9970423213896391
100.332672773,0.04261601736433441,-0.039830392007261704,0.9982972578027803
100.344091006,0.038650312952224306,-0.04220753372050749,0.9983609955351459
100.352697732,0.041762735188091385,-0.04818878058806372,0.9979647866408139
100.362777351,0.04344421375523981,-0.05022525011118543,0.9977925759106738
100.372614903,0.03976145774687006,-0.050403247009716906,0.9979371418925751
100.38285482,0.04001377795403726,-0.046478390232768764,0.9981175566110514
100.392698149,0.04275390183321214,-0.045672438144493004,0.9980411475845942
100.40268262,0.028587920896293383,-0.04198263263300529,0.9987092616652903
100.412861611,0.030600592769205553,-0.04824170908857987,0.998366837002505
100.422736905,0.033476876928008895,-0.05280873387481848,0.9980433539369347
100.432971803,0.03638625625232623,-0.05901498791485936,0.9975937407368538
100.442905324,0.03459388697668831,-0.05636319957292169,0.9978108301265061
100.454830817,0.03477050661144619,-0.049461223939183944,0.9981706262941329
100.462607972,0.032571888898378726,-0.04437766208526437,0.9984836979948335
100.474303099,0.022317334882706156,-0.043322185858098855,0.9988118565456707
100.483122128,0.018655423027075783,-0.0413947987770329,0.9989686911139357
100.492887395,0.015093293940831306,-0.04741527162896301,0.9987612249653905
100.502483202,0.025882887002917545,-0.058959248078449204,0.9979247883615369
100.51271646,0.02634417927288652,-0.05738329225216527,0.9980045801441697
100.52261358,0.023677245200331255,-0.057450326569577236,0.9980675568501225
100.532478382,0.02007041005101393,-0.05670994396063546,0.9981889404798903
100.542619124,0.007709671962135766,-0.0508483629921141,0.9986766268113311
100.552907947,0.010823514227214549,-0.050510911499986676,0.9986648583780317
100.563038387,0.017437479352130768,-0.05000766421696578,0.9985965991497304
100.572809926,0.016784768640162536,-0.0592779074845107,0.9981003963659939
100.582911479,-4.7075215660796254e-05,-0.05669112035418972,0.998391764117128
100.592861368,0.0028237187588554488,-0.05431785818548284,0.998519702807367
100.603048044,-0.0032980581434914635,-0.05740114978971628,0.9983457471313737
100.613330139,-0.013394230504137008,-0.05832138085814042,0.9982079999298753
100.622897308,-0.018265271284017264,-0.05018328918231991,0.9985729904978229
100.633208548,-0.016838862039566787,-0.05581576237108723,0.998299080133878
100.642748847,-0.014600824223628977,-0.056158665189916745,0.9983150906683107
100.652978555,-0.0312560177495009,-0.05478789351762316,0.9980086913841706
100.662850804,-0.03737049659825221,-0.05671839276017806,0.9976905682157681
100.673001721,-0.034418204503363206,-0.0638565771206965,0.9973653917984087
100.68280231,-0.044121362578081254,-0.06183213505602033,0.99711087269103
100.692988419,-0.05265364816418778,-0.05909911814432853,0.9968625219003695
100.702797547,-0.048690240114477965,-0.06347247561929423,0.9967951170407852
100.713166961,-0.044942236510290404,-0.04732090451732239,0.9978681913825672
100.722779694,-0.038489665265584685,-0.05630322743545482,0.9976715352500014
100.732675592,-0.046749671564677284,-0.05912056219962742,0.997155568270967
100.74299069,-0.06689650842036077,-0.06009591495047727,0.9959484616020197
100.753099671,-0.06319762402946805,-0.05862239640970666,0.9962778101293902
100.763759498,-0.055526441349198534,-0.06383678683194831,0.9964144112557115
100.772754382,-0.06683955458393052,-0.06406941488216464,0.995704566635947
100.782799627,-0.07418482101011002,-0.06405431422828516,0.9951852376117937
100.793061876,-0.07953388261655898,-0.05825174976008948,0.9951286827168754
100.802728471,-0.07545556822094113,-0.043063577929385186,0.9962188441704838
100.813196049,-0.08854086043838073,-0.056996416424930064,0.9944405082997912
100.822688431,-0.09824914981050616,-0.05531655534506701,0.9936232602280751
100.832960858,-0.10206606252388513,-0.05247925979857006,0.9933923928498066
100.842742583,-0.07569577493724217,-0.05321435180569679,0.9957099891125678
100.854960213,-0.0938719191387106,-0.0487227982984822,0.9943913473694251
100.862591796,-0.08934429760272815,-0.04974520079734196,0.994757765229057
100.874559437,-0.08089850730029541,-0.05400668337140806,0.9952581120833955
100.88363293,-0.09662543483021459,-0.04857433424324054,0.9941348295863585
100.892803647,-0.10311073091443841,-0.05937413931732494,0.9928962124767207
100.902850991,-0.10127754211192969,-0.04185961925775953,0.9939771786813629
100.912756137,-0.10662289488523748,-0.04605509032705375,0.9932323428791767
100.92299614,-0.12435307615000202,-0.050560457749946316,0.9909490161275442
100.932683213,-0.11865822724678105,-0.038079831055722296,0.992204692376235
100.942866625,-0.11210455545526633,-0.044982606542157744,0.9926777592727917
100.95267177,-0.1370744757591849,-0.044967938317925185,0.9895395255464938
100.962743077,-0.15880302835477386,-0.03929981721828645,0.9865278113423678
100.972659764,-0.15550314185675765,-0.04244873315826898,0.9869229341371772
100.982846972,-0.15714512202354525,-0.04336004634346386,0.9866231889659282
100.993332296,-0.17041824707784484,-0.03736459329813038,0.9846631445477078
101.002921237,-0.16666392188038662,-0.03732986980740948,0.9853068648718583
101.012848467,-0.16588354477931372,-0.041813418448774946,0.985258487712274
101.022829271,-0.15949301529748597,-0.045408238232813126,0.986154181642966
101.033291982,-0.1690360326517643,-0.04159815768252303,0.9847316451413409
101.042928299,-0.16519524415694847,-0.035209404323151915,0.9856321977061906
101.052620744,-0.16567630909330286,-0.03205385996589185,0.9856591249851581
101.062865922,-0.16626618423590797,-0.042093388944299516,0.9851820657050224
101.072815076,-0.16676125729716643,-0.04472515804194381,0.9849824076108119
101.083004339,-0.16978540079555943,-0.04005313684888614,0.9846667781057995
101.09270191,-0.17466622486353525,-0.033986789377953436,0.984040958517327
101.103105353,-0.17624998703291644,-0.0323834533724698,0.9838126112317171
101.113241814,-0.17576336886747926,-0.03096221692938254,0.983945414790461
101.126327392,-0.17704547778494178,-0.025515829978352073,0.9838718621936586
101.13329616,-0.1710799749965837,-0.02728778453195811,0.984879190038304
101.143207472,-0.1628249098580571,-0.02756165752132127,0.9862699446725491
101.153373438,-0.16018519190366995,-0.0269781475167198,0.986718239342595
101.163074216,-0.16463317023039814,-0.03154609780437318,0.9858502741152967
101.173362032,-0.1645296455864168,-0.01907931116846522,0.9861875965598762
101.183068328,-0.15552459812126226,-0.01835089981420781,0.9876615532940568
101.19367336,-0.15299286772510645,-0.019838001077800916,0.9880281555393478
101.203279026,-0.16183808055792864,-0.015924218114258034,0.9866888339080234
101.212863819,-0.1602439247302444,-0.032754666437300524,0.9865338394670651
101.222854697,-0.1574313566138177,-0.03069927038868325,0.9870526443672272
101.232804042,-0.15965472832838354,-0.02838812376258478,0.9867646538823887
101.242715142,-0.16539905109646819,-0.022807452389586154,0.9859629678704394
101.252955713,-0.16834387784210153,-0.02111310125536411,0.9855021946948999
101.264745723,-0.17098863798195946,-0.019550652448715226,0.985079010876744
101.272920221,-0.18171923290247263,-0.019123639223902533,0.9831644861446994
101.282765385,-0.19125246429526804,-0.012508107754450833,0.9814611770933124
101.292948386,-0.1912149902945436,-0.010839216607441072,0.9814883284430819
101.30431466,-0.1891787492875067,-0.01057351303234735,0.9818857375683637
101.312993176,-0.1781912760090594,-0.011087737771490538,0.9839333977589001
101.322907876,-0.17318888291001439,-0.00923777817550151,0.9848453047513409
101.332872595,-0.16693912096347407,-0.010508626521535364,0.9859112022188274
101.342930203,-0.1681740527107436,-0.0073897359834848835,0.9857296179972166
101.352675145,-0.15932598456103697,-0.005352990940161125,0.9872115153965999
101.362807712,-0.16121400909177153,-0.012851683906349174,0.9868357905413289
101.372637298,-0.1728644064650574,-0.00678760283707527,0.9849222433396505
101.382705215,-0.17435105094090383,-0.00011693234825043772,0.9846835518899606
101.393033317,-0.18084614209491592,0.0051779164130594125,0.9834977692252306
101.402810388,-0.1795139869857914,0.002571570941329163,0.9837520599721044
101.413408036,-0.17878820470656712,0.004704873940018697,0.9838763347184499
101.422638747,-0.17333683797302013,0.005394272707970269,0.9848478270390136
101.432745584,-0.173075543181401,0.00874076337816355,0.9848697657091674
101.443003747,-0.17073599370227793,0.014010538985398523,0.9852171969935535
101.453298843,-0.16984739840035498,0.015086554563228195,0.9853548889248188
101.46268788,-0.17112894383915797,0.017214263655914625,0.9850982457132279
101.485291,-0.1727522511167878,0.021072311366353184,0.9847398729754787
101.48597549,-0.1767884908751655,0.019596740886808333,0.9840537572920989
101.494183712,-0.1759374818679606,0.020304626447007597,0.9841919145262312
101.502933091,-0.175445930925218,0.020976802727710617,0.984265563285187
101.51409175,-0.1748029787486488,0.022300126554229534,0.9843508637555336
101.522801323,-0.17272816322449328,0.022589683780813784,0.9847104588739656
101.532688904,-0.17141199499077903,0.022503202791514843,0.9849424012790825
101.542853168,-0.16893195129713098,0.023032009337733698,0.9853585755331967
101.553024329,-0.16747015521111228,0.022921910255277074,0.98561063972738
101.562707261,-0.16523322889859007,0.023441045816269768,0.9859759111858594
101.572917654,-0.1625156421378464,0.0250051101502849,0.986389076646176
101.583064617,-0.16197840484719347,0.026201245836740796,0.9864463954416184
101.593241642,-0.16241435349982072,0.026072684502626804,0.9863781186239188
101.602708186,-0.16426339309421037,0.02666123030988041,0.986056142665082
101.612569821,-0.16112975741256308,0.028545235233012348,0.9865203347228382
101.623620261,-0.16029439103609733,0.030391993439137902,0.9866012542750805
101.633103907,-0.16278384921256236,0.02972825698615804,0.986213794859972
101.643029027,-0.16444875142799537,0.030872202702253326,0.9859023862706107
101.653084402,-0.15912620073377576,0.023796957324042738,0.9869714064055514
101.662856681,-0.15858497012616557,0.026192793081275676,0.9869978443951561
101.674146622,-0.15838451984492,0.02784272684947476,0.9869848663657816
101.682940698,-0.16152631313844854,0.030654260505494167,0.9863921970883393
101.693358952,-0.17106470668099222,0.04013581619778627,0.9844419649660836
101.70303988,-0.16334455861004243,0.03403134975823895,0.9859819584587352
101.717760947,-0.16346801428189486,0.03382143247853503,0.9859687211123049
101.723037674,-0.16262438299933749,0.03560076471346521,0.9860455849533031
101.732620135,-0.16231431432324994,0.03807050487315899,0.9860044117672476
101.743103654,-0.1613446850968582,0.035349670364085616,0.9862648191009078
101.753492504,-0.15828849977324608,0.035493028332612926,0.98675477996274
101.763289577,-0.1573892274258776,0.03678342194768237,0.9868513621412822
101.772868356,-0.15887680163952952,0.039925025694553466,0.9864908282513746
101.783042449,-0.16150766131636388,0.04309881005595963,0.9859299000983179
101.792933085,-0.16338983217361597,0.0437547095373772,0.9855908320066585
101.803022062,-0.16255029631109197,0.04537794882444017,0.9856562498810946
101.812759899,-0.15982483200373723,0.04405475649331182,0.9861618536048188
101.822989026,-0.15893320381673054,0.044221138789346665,0.9862984982289709
101.832946334,-0.1588268510863929,0.04427476957221506,0.9863132241602098
101.843112623,-0.16012469864380893,0.04332688128761054,0.9861454569393497
101.853037936,-0.16022811714061316,0.04294200993051853,0.9861454934545416
101.862850987,-0.15948937985989634,0.04223148033353121,0.9862959189719607
101.872976528,-0.1608638701364315,0.0432926940731435,0.9860266517313915
101.88274638,-0.15976101494095166,0.04359508256070643,0.9861926215915237
101.892931412,-0.1617267288145952,0.044194683368803944,0.9858454722464682
101.902927858,-0.16058067720022356,0.043973744837871365,0.9860426744694427
101.913069786,-0.15946602034333143,0.04361907084459472,0.9862393041318696
101.93876877,-0.1588906537775273,0.0435013846315606,0.9863373609862333
101.939107023,-0.1604340948003406,0.04457471854125053,0.9860395507749999
101.942829389,-0.1611682800959702,0.04576740976879241,0.985865168110712
101.952953879,-0.16010493661702252,0.045628579062294054,0.9860448478865529
101.962687315,-0.15934864586870817,0.04468329184665827,0.9862106329225798
101.973052406,-0.15887718466372824,0.04448306345250361,0.9862957453315958
101.982901927,-0.15813935995315503,0.044740610297606745,0.9864026665737498
101.992874307,-0.15646435116204843,0.04172392618892281,0.9868019156846122
102.002775819,-0.1544378552570134,0.04070207111589157,0.987163760614464
102.012815313,-0.15263066433033545,0.039038107622274984,0.9875119778814594
102.03504872,-0.15138564478565444,0.03744034681996456,0.9877654615255752
102.035366443,-0.15158295340201824,0.03824283860697488,0.9877044565725126
102.043023718,-0.15126650234028682,0.039062111814246694,0.9877209103235324
102.05279363,-0.15097344542821697,0.0414347695401628,0.9876690633246983
102.062767528,-0.14917663032798611,0.04203375014554739,0.9879167458914183
102.072560952,-0.14871977237753473,0.04218452658263422,0.9879791976661115
102.083722549,-0.14756545024287937,0.04384032373835564,0.9880801910316453
102.093615929,-0.1438349351533034,0.04508781979396842,0.9885740234983275
102.103311825,-0.14822208978118653,0.045189513293448905,0.9879211102052629
102.113260978,-0.1500659376296962,0.043182075786581245,0.9877325157622798
102.123619465,-0.14787684385043823,0.04271107649796108,0.9880830951884658
102.191894115,-0.15004311740539442,0.04391953751068907,0.9877034662003158
102.192336311,-0.1501898248092528,0.04599276069643205,0.9875867974448053
102.192761913,-0.14829116305174556,0.04540984239391093,0.9879006413473578
102.19302452,-0.1462300660579063,0.04428832698870773,0.9882587271930574
102.193292534,-0.14435115788901265,0.04316657710604894,0.9885845385383332
102.193560201,-0.14368098237039847,0.044034714827488705,0.9886438788538262
102.193894503,-0.14700945630454168,0.047828408297271155,0.9879780681355192
102.202464689,-0.14777593891718868,0.051150076867949416,0.9876972924502458
102.21931161,-0.14749526277455385,0.05022671154070034,0.9877866292407852
102.222733593,-0.14631581916019734,0.048937392519189916,0.9880267267017139
102.233113237,-0.14026329599743007,0.047915504869264644,0.9889541507011641
102.242810618,-0.13824253575618703,0.04894874080585049,0.9891880620393784
102.253073126,-0.13803547362374985,0.04876195859235725,0.9892262023499501
102.26290123,-0.13782214011220142,0.04846044723582755,0.989270763112201
102.272782348,-0.13668594960927904,0.04818384433730345,0.9894418973968548
102.282832795,-0.140437956859111,0.04808916657544836,0.9889209333062566
102.29309274,-0.14417776513727584,0.04876486285044664,0.988349513173957
102.302725344,-0.14319209372312464,0.04441053604830706,0.9886979966517025
102.312966332,-0.1413512148316134,0.04403225796477476,0.9889797744767842
102.322815902,-0.1416543778502052,0.044430223318711985,0.9889185975052349
102.332974084,-0.14050346249472737,0.04375105376415443,0.9891130483021234
102.34264674,-0.13775454116015826,0.043419605342758384,0.9895142365128627
