,times,Mean Divergence
0,0.0,-4.217864175675628
1,0.01,-4.179396484186519
2,0.02,-4.144968646526421
3,0.03,-4.139998482881088
4,0.04,-4.139938433307189
5,0.05,-4.143005120049302
6,0.06,-4.173163739122568
7,0.07,-4.211524348372788
