,times,Mean Divergence
0,0.0,1.496396094320816
1,0.01,1.6586129999948973
2,0.02,1.7380335546097316
3,0.03,1.796177035887241
4,0.04,1.7944074903267433
5,0.05,1.728934051126674
6,0.06,1.6485132147445973
7,0.07,1.517184613341486
