,times,Mean Divergence
0,0.0,1.496396094320816
1,0.1,1.6586129999948973
2,0.2,1.7380335546097316
3,0.30000000000000004,1.796177035887241
4,0.4,1.7944074903267433
5,0.5,1.728934051126674
6,0.6000000000000001,1.6485132147445973
7,0.7000000000000001,1.517184613341486
