,times,Mean Divergence
0,0.0,1.497333696862967
1,0.01,1.6591648790696762
2,0.02,1.739098695658452
3,0.03,1.796372639869918
4,0.04,1.7947609157851125
5,0.05,1.7293940839437767
6,0.06,1.6491589377758653
7,0.07,1.5177718839701773
8,0.08,1.6643282482915522
9,0.09,1.7391436385342323
10,0.1,1.798582736957211
11,0.11,1.7980734300260024
