,times,Mean Divergence
0,0.0,0.7003719259481136
1,0.1,0.9128071466897348
2,0.2,1.00701471920753
3,0.30000000000000004,1.0977436285102502
4,0.4,1.1072223436592539
5,0.5,1.0231033899259405
