,times,Mean Divergence
0,0.0,2.367892873279334
1,0.1,2.497950190160016
2,0.2,2.5539282188843764
3,0.30000000000000004,2.5968650965158924
4,0.4,2.6025893937399807
5,0.5,2.5674641638642544
6,0.6000000000000001,2.5135008282937146
7,0.7000000000000001,2.3832550123349705
