,times,Mean Divergence
0,0.0,2.3686432039590057
1,0.01,2.4981276393825635
2,0.02,2.555282726712396
3,0.03,2.597620101316507
4,0.04,2.604722032832807
5,0.05,2.567793991054874
6,0.06,2.513087066402418
7,0.07,2.3831535416827077
8,0.08,2.50454508948114
9,0.09,2.5594792460229363
10,0.1,2.6042831555482704
11,0.11,2.608100184117393
