,times,Mean Divergence
0,0.0,1.4768764085926263
1,0.1,1.7256128191103495
2,0.2,1.82485681260609
3,0.30000000000000004,1.8460120254300976
4,0.4,1.8578809821786766
5,0.5,1.7896495272723822
6,0.6000000000000001,1.7069744090088401
7,0.7000000000000001,1.5037875066448458
