,times,Mean Divergence
0,0.0,2.367892873279334
1,0.01,2.497950190160016
2,0.02,2.5539282188843764
3,0.03,2.5968650965158924
4,0.04,2.6025893937399807
5,0.05,2.5674641638642544
6,0.06,2.5135008282937146
7,0.07,2.3832550123349705
