,times,Mean Divergence
0,0.0,1.9604480137297053
1,0.01,2.3004946039061624
2,0.02,2.379493993729759
3,0.03,2.4004193747303124
4,0.04,2.378913546984088
5,0.05,2.3327150955924925
6,0.06,2.3037841299108717
7,0.07,1.9961630994886874
8,0.08,2.315956292713956
9,0.09,2.388733773934666
10,0.1,2.404062544175911
11,0.11,2.3777991426513077
