,times,Mean Divergence
0,0.0,1.9572528454964564
1,0.01,2.30208854890257
2,0.02,2.386425600062436
3,0.03,2.4034131087311383
4,0.04,2.381732332113223
5,0.05,2.333454636341297
6,0.06,2.304245189218552
7,0.07,1.994216662020373
