,times,Mean Divergence
0,0.0,1.0029652555557962
1,0.1,1.296768891950158
2,0.2,1.3829720156327394
3,0.30000000000000004,1.3961275370932578
4,0.4,1.3209390549924753
5,0.5,1.3709844242843663
