,times,Mean Divergence
0,0.0,1.9572528454964564
1,0.1,2.30208854890257
2,0.2,2.386425600062436
3,0.30000000000000004,2.4034131087311383
4,0.4,2.381732332113223
5,0.5,2.333454636341297
6,0.6000000000000001,2.304245189218552
7,0.7000000000000001,1.994216662020373
