time,force
76.00209975242615,4951.006041615463
76.01885914802551,4954.617125861882
76.03551459312439,4951.926086549595
76.05253911018372,4951.723159665251
76.06922817230225,4956.301973368171
76.08599305152893,4952.368189376421
76.10257863998413,4950.892952814017
76.11927485466003,4953.627516764148
76.13595795631409,4952.751791194768
76.15264129638672,4954.243927711028
76.16934084892273,4947.606539854781
76.18603610992432,4952.095963302643
76.20300269126892,4952.495162811836
76.21943044662476,4951.36366595875
76.23625016212463,4952.041671233946
76.25287675857544,4950.642714844679
76.26949667930603,4948.576092197232
76.28624033927917,4955.8630837073215
76.30298399925232,4952.221594991515
76.31959748268127,4952.308513060364
76.33658695220947,4953.784540958759
76.39244794845581,4951.0112970154405
76.46016764640808,4950.93342855662
76.53143763542175,4950.139837251682
76.59389686584473,4950.675565825021
76.66575694084167,4949.2778649622005
76.6746711730957,4954.528715596691
76.6823239326477,4951.092851956044
76.68948173522949,4955.132273494972
76.69750165939331,4947.635917956316
76.70920062065125,4956.824914557378
76.72161030769348,4955.070764036134
76.73359894752502,4953.316884824698
76.74252724647522,4949.784373215085
76.75172758102417,4953.445786086482
76.76023459434509,4946.975683369668
76.7692711353302,4952.589576564483
76.77802681922913,4952.730198985368
76.78750205039978,4951.155477380033
76.79728937149048,4950.3414565651365
76.80642247200012,4952.191363659609
76.81566786766052,4953.515851311935
76.82469725608826,4951.048569156305
76.83911919593811,4956.807509724783
76.84779691696167,4952.972537586113
76.85543608665466,4949.669581805373
76.86398363113403,4951.564794550564
76.87286162376404,4950.173530528865
76.88169050216675,4954.854928127754
76.89048290252686,4957.595005619991
76.8993570804596,4952.828536730817
76.90776586532593,4951.7824775775925
76.91558289527893,4948.581448399084
76.92345690727234,4952.508959464611
76.9313006401062,4946.796076097393
76.93964648246765,4953.884287212302
76.94707107543945,4952.212884668785
76.95429348945618,4957.185180628551
76.97045969963074,4953.793169158925
76.98720407485962,4956.997600809827
77.00384759902954,4948.81073730615
77.0206048488617,4958.216293993487
77.03726196289062,4945.410117136143
77.0539333820343,4952.395261910062
77.07025027275085,4951.611852273315
77.08692359924316,4953.8922954473455
77.1039526462555,4952.685881033991
77.12065029144287,4957.397609216089
77.1373348236084,4947.154539950605
77.15406346321106,4951.278405316342
77.17081546783447,4947.943177070171
77.18713450431824,4954.829750804278
77.20388126373291,4952.787392571126
77.22056841850281,4952.6666635316105
77.23759770393372,4948.781309226207
77.25419235229492,4950.401418988784
77.27089238166809,4956.032583837057
77.2875669002533,4951.870570097413
77.30426502227783,4955.91982615801
77.32093548774719,4950.5392744874625
77.33735299110413,4958.269301799447
77.354252576828,4948.633436455267
77.37090849876404,4959.871589242946
77.38763451576233,4941.953398399354
77.40438795089722,4961.4912828384995
77.42114210128784,4942.130085056191
77.43784141540527,4964.647513856496
77.45412111282349,4939.581939174777
77.4708526134491,4963.484767487594
77.48757219314575,4940.985174365118
77.50421357154846,4969.129774574009
77.5209014415741,4935.732743675846
77.53757619857788,4970.791529652091
77.55428695678711,4933.808748744654
77.57093071937561,4972.594858671697
77.58764410018921,4930.966273520405
77.60461211204529,4975.536689349324
77.62099862098694,4929.588332696911
77.63769292831421,4998.836892627621
77.65437006950378,5749.490261574957
77.67106103897095,7136.7489858226345
77.68782496452332,8504.424456611818
77.70453381538391,8279.506129769166
77.72141909599304,8001.774203807176
77.7380383014679,7868.226659718809
77.75471067428589,7843.35489520789
77.77182841300964,7784.903522959558
77.78891921043396,7602.593838519591
77.80488657951355,7472.0890180240895
77.82164859771729,7438.067024416063
77.8383629322052,7445.676980580875
77.85509467124939,7158.839716391441
77.87187957763672,7017.698053175772
77.88871216773987,6998.491236357811
77.90534663200378,6983.5273002329795
77.92203307151794,6997.630344498693
77.93882036209106,7016.997589449033
77.95589327812195,7003.127521746615
77.97260999679565,7000.599950196244
77.98933386802673,6985.745245641858
78.00610947608948,7108.724530672345
78.02282190322876,7160.550144082746
78.03964471817017,7180.9096584010385
78.05632877349854,7133.104688650576
78.07307195663452,7131.245644493686
78.08977150917053,7138.337278202917
78.10673952102661,7156.436907554548
78.12298631668091,7150.107558940964
78.13994288444519,7157.558846503804
78.1566743850708,7157.305829134999
78.17339420318604,7158.500283989745
78.19018530845642,7152.768171335343
78.20687246322632,7150.3931699400355
78.22325301170349,7158.951605078555
78.24062395095825,7162.746531975991
78.25671815872192,7166.110473541097
78.27349615097046,7152.35522946842
78.29060983657837,7160.667572538291
78.30698347091675,7158.449696851587
78.32366895675659,7161.20786558553
78.34042525291443,7156.815167841313
78.35781455039978,7165.639060507166
78.37425184249878,7162.241156108075
78.39094400405884,7168.247346303654
78.40767693519592,7162.19731948239
78.4244065284729,7162.992560969475
78.44117212295532,7159.885413387329
78.45788288116455,7170.491168394629
78.47457385063171,7159.600455082176
78.49132513999939,7163.202439088223
78.50809955596924,7163.856402694153
78.52481484413147,7168.174644977464
78.54152631759644,7172.624176973331
78.55822229385376,7170.877891833806
78.5746386051178,7169.746648609555
78.59170985221863,7173.64384143421
78.60843682289124,7171.995904424483
78.62516260147095,7175.016892978532
78.64174199104309,7175.118735402653
78.6583662033081,7240.702433234814
78.67527651786804,7519.050275022503
78.69186282157898,7963.683223001619
78.70858931541443,8257.48021181748
78.72536396980286,8316.604077907226
78.74205088615417,8238.032389889977
78.75876259803772,8071.9752298907615
78.77590799331665,8006.2915168384225
78.79220199584961,8053.306539636102
78.80890822410583,8111.667154749794
78.82587623596191,8111.494081966661
78.84258389472961,8055.545786831084
78.859290599823,8037.623974651516
78.87603402137756,8063.259501794047
78.89277815818787,8100.238906548225
78.90951609611511,8089.4914416821575
78.92624306678772,8065.374093655337
78.94293904304504,8063.490566259914
78.95966005325317,8079.3519494456195
78.97638368606567,8084.971086608297
78.99356865882874,8080.758406197829
79.00947880744934,8076.138079841704
79.02663445472717,8079.37711684251
79.04326963424683,8081.48390428048
79.05998086929321,8082.2616318732435
79.07673335075378,8093.020043017236
79.09346556663513,8073.807875102587
79.11016917228699,8126.178500526866
79.12691020965576,8147.104471561548
79.14348030090332,8122.949316666491
79.1600615978241,8093.089699999034
79.1771547794342,8103.07658632226
79.1938226222992,8132.8848662510645
79.21053266525269,8133.249938258708
79.22731137275696,8125.274705060115
79.2440242767334,8109.549511740352
79.26072692871094,8117.657911912258
79.27745246887207,8118.9723905930905
79.29419827461243,8137.519775991675
79.31091380119324,8243.451322999954
79.32775664329529,8356.941515592358
79.34438467025757,8435.060497743265
79.36146831512451,8418.835827660321
79.37760305404663,8426.5644479331
79.39429879188538,8372.632663680515
79.41102504730225,8284.858264606095
79.42780041694641,8345.741387787992
79.44452142715454,8368.8963441298
79.4616129398346,8360.797733786058
79.47817587852478,8215.247948044009
79.49501013755798,7880.781035302889
79.5113308429718,7600.37772809891
79.52838778495789,7525.803459255791
79.5451545715332,7492.1770666712955
79.56152534484863,7454.380298208943
79.57820439338684,7359.215912576206
79.5949227809906,7325.978802103275
79.61191248893738,7403.615198449255
79.62860536575317,7500.780669791583
79.64524507522583,7469.61518606611
79.66194319725037,7465.832146253433
79.67858839035034,7798.55320769828
79.69533038139343,8194.296952871791
79.71197986602783,8455.092581564388
79.72867465019226,8608.719002923699
79.74530625343323,8584.217968621691
79.76202845573425,8464.9630544698
79.77879595756531,8418.5481918548
79.79543685913086,8437.847846576633
79.81221508979797,8453.477356535028
79.82886219024658,8387.42926091268
79.84553861618042,8359.126094555624
79.8622236251831,8374.066474700963
79.87852549552917,8357.534431969048
79.8955545425415,8286.578228880988
79.91224956512451,8258.149128229512
79.92929172515869,8250.517242845717
79.94531536102295,8209.369636460284
79.96223282814026,8167.310481159809
79.97898244857788,8141.6374529261475
79.99565720558167,8142.060950564309
80.01202774047852,8115.1674830870315
80.02902150154114,8071.200540176993
80.04578995704651,8064.449875052649
80.0621452331543,8070.716240157688
80.07920384407043,8051.630629910438
80.0958743095398,8033.718435734194
80.11253046989441,8028.817156222583
80.12919473648071,8040.966526474932
80.14600396156311,8035.458620616675
80.16259264945984,7995.353686893402
80.1792950630188,7934.69482357441
80.19596362113953,7908.795547531372
80.21268200874329,7891.136035006451
80.22927904129028,7855.277251764652
80.2459888458252,7796.027763561856
80.26264190673828,7752.431282324478
80.27938532829285,7742.091591247627
80.29604053497314,7733.8583665520555
80.31245279312134,7747.882833168244
80.32953524589539,7761.0788428500755
80.34652042388916,7759.906537887698
80.36266136169434,7768.015556479562
80.3793957233429,7771.547152354467
80.39648365974426,7781.4048396489015
80.41270160675049,7788.051586570007
80.42936635017395,7787.147157528771
80.44607853889465,7783.737977313104
80.4627754688263,7784.0198032803655
80.47945380210876,7789.7392330526045
80.49610829353333,7790.1515042554365
80.51320719718933,7800.7485637719
80.5297122001648,7798.106339078443
80.54633951187134,7791.899404487447
80.56303882598877,7789.750892525579
80.57971787452698,7782.844821311075
80.59645199775696,7778.416555661115
80.6132481098175,7780.307592852466
80.6299262046814,7786.311756148593
80.64623546600342,7720.290698944316
80.66293501853943,7534.613612573636
80.67989015579224,7453.113816300485
80.696622133255,7458.153712983774
80.71297097206116,7316.758418717311
80.73017001152039,7196.298605285827
80.74636316299438,7245.877974597509
80.76332592964172,7244.568158483381
80.78005886077881,7222.717487240419
80.79684042930603,7249.511508756624
80.81358647346497,7243.90472049866
80.8302800655365,7239.4046312425735
80.84699940681458,7243.638946167291
80.86368489265442,7244.662346840038
80.88038206100464,7229.611666248913
80.89710807800293,7225.836432299694
80.91383528709412,7237.16654501768
80.93049883842468,7236.827932487994
80.9469780921936,7225.085452824963
80.96371102333069,7230.867686985853
80.98045706748962,7229.195273729287
80.99712872505188,7229.279002604396
81.01382875442505,7222.941437682586
81.03050446510315,7228.66596237674
81.04758858680725,7223.754004802154
81.06396412849426,7228.963607841551
81.08069491386414,7236.805519048526
81.09775710105896,7235.604212829878
81.11409759521484,7231.038463514165
81.13054990768433,7230.31404024156
81.14721918106079,7236.575993358562
81.16390132904053,7230.743024287081
81.1806013584137,7227.4029544335735
81.19749450683594,7226.744497388791
81.2136697769165,7234.802182896896
81.23080325126648,7241.740099537363
81.24742865562439,7234.111561833703
81.26406192779541,7228.752816609669
81.28076720237732,7233.524084862276
81.29740715026855,7230.758788973914
81.31414842605591,7241.210625008223
81.3308162689209,7241.212495903671
81.34751343727112,7229.423047327471
81.3642635345459,7219.159430720911
81.38086366653442,7233.724614933528
81.39763712882996,7230.5976544212235
81.41424584388733,7233.180691518183
81.43092513084412,7222.754977142321
81.44761800765991,7217.032804718945
81.46429300308228,7222.009861994108
81.48094272613525,7230.742024734306
81.49769973754883,7216.90582499231
81.51463341712952,7226.264739124634
81.5310308933258,7223.5934339750975
81.54779624938965,7231.410919543558
81.56424355506897,7222.323414810128
81.58120727539062,7227.443844760152
81.59792852401733,7225.2247459213
81.66312623023987,7235.61902893155
81.67544436454773,7208.437136116635
81.69003701210022,6899.963097468488
81.69907259941101,6610.29568402783
81.70904350280762,6284.674480254224
81.71854662895203,6180.85994480064
81.72708439826965,6252.665459540751
81.73490905761719,6238.778116062249
81.74832129478455,6190.4282634284955
81.7646267414093,6032.770378854221
81.78167843818665,5856.946947456157
81.79840517044067,5745.407866235512
81.81515741348267,5801.48355720235
81.83180809020996,5946.195015089801
81.84851574897766,5975.599844962813
81.86524868011475,5936.77675717435
81.88178372383118,5895.69716290982
81.89851236343384,5822.627459291441
81.91521620750427,5798.5920396655365
81.93197321891785,5806.381421847047
81.94866037368774,5828.767359371041
81.96537446975708,5830.725653059145
81.98207354545593,5817.795127674123
81.99886536598206,5803.9687163040835
82.01559376716614,5800.840892347168
82.03230500221252,5806.775165689144
82.04901671409607,5815.803773200372
82.06573963165283,5807.27141421902
82.0824682712555,5800.608166121384
82.09918689727783,5799.252146472315
82.11593389511108,5804.209579047434
82.13265466690063,5800.195996210108
82.1493809223175,5801.821669037524
82.16624450683594,5796.224688560903
82.18285417556763,5796.978063347873
82.19958639144897,5793.071880729315
82.21633076667786,5791.875114098978
82.23299932479858,5793.914595486968
82.24974298477173,5787.096529073248
82.26646733283997,5795.028137256104
82.28318500518799,5791.657963405701
82.2999517917633,5787.460887932569
82.31662559509277,5777.497287726497
82.33334803581238,5786.952197339328
82.35010409355164,5785.799267025884
82.36680793762207,5784.4047448218325
82.383624792099,5777.268498859118
82.40034127235413,5774.9298494295335
82.41701078414917,5776.633802381541
82.43372416496277,5777.301183907698
82.4506607055664,5773.37188221159
82.46774506568909,5768.911472375326
82.48416900634766,5767.913331183511
82.50081634521484,5767.0310712612545
82.51753115653992,5766.803451777908
82.53428864479065,5765.173878436829
82.55105924606323,5760.197424091905
82.56777262687683,5760.821373950515
82.58449053764343,5760.503131851179
82.60123896598816,5756.774678223722
82.61799097061157,5759.812577476577
82.63469219207764,5761.347416629004
82.65107798576355,5779.191852548001
82.66820907592773,5865.180862620295
82.68494081497192,6056.4011060795765
82.70167112350464,6354.222480910342
82.71836566925049,6520.102874133385
82.73514819145203,6529.2603334163805
82.75187277793884,6580.862989609951
82.76862525939941,6608.528266483994
82.78531956672668,6613.164823965152
82.80207777023315,6567.147289908442
82.81880521774292,6535.85040497778
82.83556509017944,6540.175636857935
82.85230255126953,6554.458065923105
82.86902093887329,6550.123159209254
82.88574481010437,6536.726010262968
82.90214443206787,6547.786718091443
82.9192042350769,6545.700561143617
82.93593764305115,6541.06700803651
82.95263242721558,6543.254832178428
82.96937441825867,6546.532019791671
82.98620009422302,6543.576475010867
83.00283765792847,6541.923537683541
83.0195984840393,6541.7348238628
83.03631663322449,6538.984727448559
83.05293083190918,6537.356853521658
83.06991600990295,6540.60907194539
83.08687615394592,6538.153349557392
83.10330295562744,6542.605376595737
83.12002539634705,6535.422933499161
83.13674402236938,6541.246479493167
83.1534652709961,6538.0922917583985
83.16988968849182,6535.107020821946
83.18697094917297,6534.9699760199655
83.20363855361938,6532.155923552212
83.22039985656738,6534.807809170374
83.23714518547058,6532.791812234048
83.25460457801819,6528.937983371243
83.27058839797974,6529.569773919586
83.28732442855835,6526.632667752825
83.30404925346375,6526.581145263602
83.32087898254395,6527.787008132702
83.33764433860779,6526.637367897264
83.35433435440063,6523.5475358995855
83.37105059623718,6512.2572883692665
83.38769173622131,6512.235622881988
83.40440821647644,6510.1042329784295
83.4211790561676,6513.358814851465
83.43789148330688,6507.378611920398
83.45458722114563,6505.661463183128
83.47130155563354,6502.166998176572
83.4884467124939,6501.733130313228
83.5048475265503,6502.517113601109
83.52160668373108,6499.156659540305
83.53830122947693,6497.607548148737
83.55501747131348,6498.935753709864
83.57172393798828,6495.718625522937
83.58871221542358,6489.225044885437
83.60522794723511,6478.818199667587
83.62193775177002,6477.653689916212
83.6386616230011,6464.30256894089
83.6554126739502,6470.405098041085
83.67220377922058,6545.834840619764
83.6888701915741,6704.590528869657
83.70561981201172,6824.016115749799
83.72233533859253,6798.758046456757
83.73904466629028,6797.347906277849
83.75581002235413,6827.8371417754115
83.77250933647156,6855.244826883818
83.78978633880615,6848.635673972933
83.80565357208252,6835.936970411869
83.82260203361511,6839.00575042392
83.83916711807251,6835.045902821811
83.85649490356445,6833.309083534162
83.8728699684143,6827.0094302344905
83.88926863670349,6832.898244924142
83.90648007392883,6829.60178680252
83.92302632331848,6830.249489935569
83.939861536026,6822.598830314998
83.95658659934998,6828.238165354131
83.97365546226501,6815.010644337688
83.99046683311462,6739.056110362418
84.00675177574158,6648.847623585367
84.02348637580872,6605.005774239484
84.04022026062012,6595.965963164724
84.0569360256195,6586.0954199886855
84.07372903823853,6543.227420339221
84.09040665626526,6443.279391681236
84.10718202590942,6390.283155667149
84.1238842010498,6352.754950809999
84.14059901237488,6303.120683561287
84.15731811523438,6246.107619949916
84.17408180236816,6187.805373611277
84.19082140922546,6169.133190863246
84.20754909515381,6161.699707482235
84.22429251670837,6162.94563076571
84.24096512794495,6168.397585020715
84.2573733329773,6175.724080956341
84.27445578575134,6168.030482143605
84.29125714302063,6146.150492577061
84.30795049667358,6134.515498611633
84.32465863227844,6146.1268305541125
84.34142422676086,6137.544040634255
84.35821032524109,6118.079469452818
84.37509894371033,6111.1107678222825
84.39175295829773,6114.51000327336
84.40846180915833,6142.915287043138
84.4251868724823,6164.020789370598
84.44187831878662,6144.471360100813
84.45846581459045,6117.999388611763
84.47522616386414,6146.986644139905
84.49191641807556,6195.721710870185
84.50858855247498,6237.630091355458
84.52526879310608,6266.376995140267
84.54196834564209,6276.383734383961
84.5586371421814,6281.630818776863
84.57531714439392,6276.303118486823
84.59201049804688,6276.695804551138
84.60868787765503,6295.757607069669
84.62535786628723,6348.525198777082
84.64204907417297,6400.658939615081
84.65872526168823,6425.510599484605
84.67539501190186,6452.130648387633
84.6920895576477,6534.832914483499
84.70882773399353,6629.096784836881
84.72551369667053,6687.984499198141
84.74218606948853,6701.6305908922595
84.75889134407043,6727.958119831936
84.77561855316162,6784.8083624259925
84.79227924346924,6878.257009168187
84.80891442298889,6949.769166981432
84.82566976547241,7030.812665521841
84.84226942062378,7101.279866203438
84.85895895957947,7230.677709326184
84.8756594657898,7456.266174799806
84.89232993125916,7509.906240603699
84.90902805328369,7564.058159051543
84.92573165893555,7636.469830251088
84.94238328933716,7692.776614863495
84.95879817008972,7784.526080619674
84.97555351257324,7839.799795545281
84.99215078353882,7903.10509592717
85.00915431976318,7996.151316245358
85.02586531639099,8076.164326405246
85.04228949546814,8165.27189610911
85.05925822257996,8238.236937599293
85.07562017440796,8315.5528843878
85.09270691871643,8403.38705160641
85.10898947715759,8479.908311325686
85.12574768066406,8522.363633485204
85.14235043525696,8539.679900424684
85.15899109840393,8541.963549438378
85.17600727081299,8557.126161554823
85.19244289398193,8579.024708663053
85.20911455154419,8606.367226383218
85.22615718841553,8627.721387925994
85.24294877052307,8674.075698988241
85.25968170166016,8732.592364467813
85.27637457847595,8812.551125676242
85.29307270050049,8902.924199328618
85.30983018875122,8919.120143333454
85.32654523849487,8944.537273290392
85.34326815605164,8928.697623463113
85.35998845100403,8992.420495146549
85.37669801712036,9051.795981335441
85.39348530769348,9101.908400320905
85.41020083427429,9120.82077119181
85.42694520950317,9128.564014804077
85.44363188743591,9160.830988435504
85.46035122871399,9219.519065052344
85.47704148292542,9273.259712253803
85.49345898628235,9338.669708202588
85.5101113319397,9367.952512099224
85.52686309814453,9443.443835370668
85.54376864433289,9649.371224808005
85.56048059463501,9756.522773494726
85.57722496986389,9885.234044933
85.59389591217041,9933.63422723137
85.6102888584137,9973.745098509706
85.62693238258362,10050.723362666062
85.64365983009338,10134.609015833152
85.66035270690918,10269.42760275134
85.67713117599487,10337.957955559843
85.69385027885437,10480.516249035763
85.71088719367981,10631.544663048438
85.72763395309448,10778.637208002761
85.74429368972778,10871.739194453583
85.76119351387024,10989.758323983158
85.77787137031555,11054.735047704806
85.79451274871826,11134.224648509407
85.81125617027283,11471.719726179
85.82772207260132,11721.030013225167
85.84486889839172,11993.84604200244
85.86163926124573,12032.874139857375
85.87805414199829,11979.643892119062
85.8950572013855,11966.694684136168
85.91175603866577,11899.402568919637
85.92850756645203,11857.154429229155
85.94509029388428,11827.847870529733
85.9619996547699,11814.336978701598
85.97873449325562,11804.775568656238
85.99556183815002,11894.80037154063
86.01211500167847,12006.507546236635
86.02905082702637,12055.12280653504
86.04566144943237,12099.691285806792
86.06271481513977,12156.601300952376
86.07910704612732,12141.595031046521
86.09590363502502,12152.775495285274
86.11301231384277,12177.749687347796
86.12931871414185,12214.178176515577
86.14609813690186,12264.035585150508
86.16321229934692,12308.67041384262
86.17958474159241,12357.54563218671
86.19621300697327,12485.484564748922
86.21301579475403,12589.180465148645
86.2297477722168,12716.245765743926
86.2464439868927,12775.769184637218
86.26324677467346,12817.205860270293
86.2799768447876,12706.120510976576
86.29670810699463,12618.717214684753
86.31306481361389,12590.426424348409
86.33017587661743,12585.946973712831
86.3468804359436,12677.451349008568
86.36367344856262,12724.600653064563
86.3803641796112,12825.88789829778
86.39709210395813,12962.567130504784
86.4139187335968,12969.586942012347
86.4306149482727,12938.057479092411
86.44738912582397,12991.089610662237
86.46405959129333,13115.658192747682
86.48081135749817,13291.883963320444
86.49747371673584,13485.781619587038
86.5142092704773,13738.694334211761
86.53097677230835,13675.09060617826
86.54771089553833,13653.175270069423
86.56444787979126,13593.655124135981
86.5812418460846,13526.534015368356
86.5979471206665,13419.929277447085
86.6626968383789,13339.621644082028
86.67115497589111,13267.334760536154
86.6802921295166,13192.312436759095
86.68888974189758,13134.646527267414
86.69780826568604,12998.277703184154
86.70685267448425,12710.911387050797
86.71520376205444,12938.272642319867
86.73172497749329,13838.886671282131
86.74847531318665,14250.683002000467
86.765207529068,14371.605716523849
86.78200244903564,14189.48788461499
86.79865622520447,13664.315660177317
86.81539559364319,13263.651388209653
86.83216905593872,13001.210259763482
86.84889674186707,12438.935412206487
86.8656234741211,12089.9884802879
86.88237619400024,11658.746037337763
86.89907741546631,11308.25752028737
86.91582942008972,11105.718932515043
86.93255138397217,10859.57128845055
86.94929695129395,10677.102245231687
86.96568632125854,10332.77861710464
86.98274850845337,10096.901719474112
86.99949908256531,9806.914639322225
87.01625537872314,9552.123872747783
87.03299617767334,9294.977108673906
87.04970526695251,9046.463364346539
87.06643199920654,8801.554300885744
87.08363723754883,8588.454211274751
87.09991931915283,8362.81600211985
87.11664295196533,8186.195413397086
87.13338279724121,8065.933889141461
87.15008449554443,7979.848509638485
87.16687417030334,7890.228471824599
87.18359112739563,7799.411021704377
87.20043706893921,7680.636139448194
87.21706509590149,7528.696790642018
87.2337863445282,7399.360962195763
87.25046396255493,7242.320490329701
87.26725244522095,7028.180589149192
87.28373551368713,6602.930169633946
87.3003499507904,5928.239394702778
87.31705713272095,5435.154664935729
87.33369731903076,5234.842168157367
87.35044169425964,5141.979453114402
87.36707997322083,5110.3864411705745
87.38376092910767,5076.291607687725
87.40046548843384,5055.023795131356
87.41715431213379,5040.718023348799
87.43392658233643,5033.065426020883
87.45090794563293,5016.098869875057
87.46759915351868,5011.377276052086
87.48429465293884,4993.978711261874
87.50096011161804,4991.960304391327
87.51766657829285,4974.372024158921
87.5343246459961,4972.012763767956
87.55101156234741,4966.328120174928
87.56770253181458,4954.740264945593
87.58436131477356,4945.74182960253
87.60107564926147,4945.672668916728
87.61785173416138,4936.025013971904
87.63451290130615,4931.776640750144
87.65123677253723,4929.696693797021
87.66789627075195,4921.68548751479
87.68457627296448,4912.49810510542
87.7009801864624,4910.869659127313
87.71776533126831,4905.8889594535585
87.73458337783813,4896.941825902815
87.75128126144409,4899.735845097608
87.76810598373413,4892.339522046352
87.78486347198486,4888.3534255879595
87.80116271972656,4886.194894424507
87.81825137138367,4880.018790352587
87.83486461639404,4871.463156005461
87.85163307189941,4877.269249098464
87.86831402778625,4868.865789209013
87.88496994972229,4864.393390136591
87.90170621871948,4862.424555966847
87.91862511634827,4863.830873935963
87.93502521514893,4854.5510851042345
87.95171546936035,4854.41167817175
87.96845245361328,4853.73811651504
87.98506999015808,4850.479570559041
88.00181341171265,4844.8044441247675
88.0182113647461,4848.184587958158
88.03523564338684,4841.7979921724855
88.05194425582886,4839.250003821106
88.06864976882935,4835.187031117424
88.0850236415863,4835.575734762835
88.10168671607971,4833.295400379604
88.1187949180603,4832.174467784453
88.13583970069885,4831.399972609863
88.15225028991699,4827.577215490965
88.16897106170654,4827.426383110409
88.1856460571289,4824.396298569043
88.2023332118988,4821.229182624617
88.21907997131348,4821.278904861653
88.23582625389099,4819.326373128216
88.25252532958984,4815.279640431608
88.26924705505371,4819.8756230308745
88.28597092628479,4809.416094664682
88.30261278152466,4814.434901282169
88.31933379173279,4808.93992603442
88.33605909347534,4808.200975166333
88.352792263031,4802.5469383685795
88.36945915222168,4806.09524604986
88.38618898391724,4800.48133654835
88.4029130935669,4801.617062910291
88.41960835456848,4796.572392978949
88.43642568588257,4799.716781892735
88.45377731323242,4794.207108742431
88.4698588848114,4792.636071321768
88.48655366897583,4790.449498231888
88.50325679779053,4796.583821757454
88.51995253562927,4786.866115987961
88.53663182258606,4786.28578056254
88.55333805084229,4790.710438025628
88.57019972801208,4788.788177283449
88.5868034362793,4785.182934084998
88.60351943969727,4784.443087357952
88.62019324302673,4779.013663661519
88.63688516616821,4776.757807453023
88.65361833572388,4779.751977309427
88.67033123970032,4772.762672627775
88.68707227706909,4781.9063829785955
88.70380902290344,4771.391052738194
88.72049760818481,4779.091691253317
88.73726725578308,4768.409345225993
88.75397109985352,4772.2130339220985
88.77032017707825,4760.969488777278
88.787348985672,4766.990387728191
88.80413031578064,4760.014600883197
88.82089853286743,4766.051321938831
88.83716058731079,4757.643169916477
88.8539297580719,4757.237767983913
88.87093663215637,4758.631301127636
88.88761639595032,4759.526001869526
88.90410566329956,4752.631345656409
88.9207832813263,4762.164712816909
88.93756008148193,4748.504664647947
88.95426440238953,4758.093070220809
88.97100853919983,4749.585150065603
88.98764967918396,4753.378894224751
89.00435376167297,4748.892752439028
89.02112030982971,4747.970365436184
89.03786587715149,4744.672678169936
89.05457901954651,4743.28487191205
89.07143020629883,4746.463107381029
89.08795213699341,4742.472086545375
89.1046040058136,4743.15138107815
89.12130117416382,4738.9474111179115
89.1379942893982,4743.881094538726
89.15473771095276,4730.921885440998
89.17141604423523,4742.1152827677015
89.18813419342041,4729.586722571104
89.20490264892578,4739.755371422921
89.22159624099731,4721.138402793476
89.23827838897705,4734.819704296677
89.25496244430542,4710.95792950271
89.27163434028625,4740.80033347873
89.28832840919495,4712.356327266084
89.3050479888916,4743.402812521857
89.32173299789429,4704.393232772387
89.33868432044983,4737.818136791613
89.35536289215088,4701.019759373994
89.3720486164093,4734.66531264908
89.38880133628845,4695.119863161906
89.40549778938293,4738.607032495051
89.42221140861511,4692.814186656943
89.4388906955719,4736.5730521728265
89.45538115501404,4686.562218265632
89.47216367721558,4734.335548993033
89.48900938034058,4688.65931366247
89.5057020187378,4731.562390413224
89.52235269546509,5549.418965184763
89.53907895088196,5294.398086105424
89.55576515197754,5427.0929682188635
89.57248187065125,5594.054759639423
89.58916997909546,5550.554942175426
89.60587954521179,5567.55538062446
89.62255215644836,5599.6299458132835
89.63923287391663,5695.594172965059
89.65592837333679,5663.659592405104
89.67260241508484,5666.525776275092
89.68928289413452,5630.975165142763
89.70565271377563,5654.92395166581
89.72232246398926,5596.208262108354
89.73933100700378,5601.951569725372
89.75601100921631,5557.620212977418
89.77271842956543,5583.3146356828
89.78938841819763,5569.729485575742
89.80610918998718,5605.802739516808
89.82276844978333,5575.774081521372
89.8394706249237,5558.48460713747
89.85618734359741,5546.096339222136
89.8728461265564,5570.776590426282
89.88925242424011,5571.00122444267
89.90624070167542,5609.419888927486
89.92295956611633,5589.22884896506
89.93959140777588,5602.298638008916
89.9563159942627,5570.379620729403
89.97298169136047,5558.501048211794
89.98969650268555,5559.79113234493
90.00602602958679,5572.905782830728
90.0227370262146,5581.5777839648035
90.03963541984558,5573.6690237619705
90.05634474754333,5581.453293984737
90.07305240631104,5572.4220863394385
90.08949279785156,5557.526247513365
90.10621953010559,5545.796225252165
90.12315845489502,5663.257641675917
90.13957905769348,5785.8045843185155
90.15679359436035,5867.32091612043
90.17298007011414,5876.600550740416
90.18982148170471,5874.648132802512
90.20625400543213,5832.164851335438
90.22331094741821,5842.437598922991
90.2399525642395,5861.515595594201
90.25630831718445,5881.856327801162
90.2732744216919,5865.528707883598
90.2900161743164,5848.734053351509
90.30665254592896,5845.637656579983
90.32334208488464,5845.927613929203
90.33999109268188,5845.923048784052
90.35673880577087,5843.685935512909
90.37338709831238,5856.527913457253
90.3901538848877,5875.816133227472
90.40685176849365,5871.098999476533
90.42348527908325,5845.043430545434
90.44016909599304,5791.630291108429
90.45683193206787,5756.068206280394
90.47351169586182,5732.896461256353
90.49022221565247,5721.052239681851
90.50692558288574,5744.011129839601
90.52360916137695,5789.933451050666
90.54025363922119,5831.946512863382
90.55691981315613,5865.697020117044
90.57356762886047,5896.654496797759
90.59028577804565,5912.86590385843
90.60697817802429,5934.8668114860275
90.62365412712097,5945.999945809469
90.64033007621765,5970.492613122263
90.65667581558228,5977.030111166014
90.67339968681335,6011.907481277779
90.69028401374817,6038.25527792544
90.70672106742859,6063.810864877358
90.72343134880066,6087.637236355349
90.74006605148315,6120.441430024185
90.75727248191833,6142.1412610523985
90.77392387390137,6201.316893561844
90.79051375389099,6242.141013447032
90.80723762512207,6229.87055535528
90.8239278793335,6201.893355070167
90.84060740470886,6149.647501668184
90.8572793006897,6113.567339462878
90.87392973899841,6134.346852081378
90.89061236381531,6196.949705700344
90.9072937965393,6278.302273403606
90.92396926879883,6350.83780656956
90.940664768219,6362.4961059663765
90.95734477043152,6445.3799455222825
90.97407531738281,6517.451663964609
90.99069309234619,6611.269677872826
91.00743246078491,6702.704421419971
91.02417159080505,6767.345996594131
91.04113507270813,6811.280671507806
91.05770564079285,6842.852659831493
91.07438039779663,6850.895278709182
91.09075236320496,6907.096515748964
91.1076774597168,6971.496988911332
91.1245346069336,7029.253661847282
91.14128708839417,7065.893127156189
91.15803909301758,7127.992393495295
91.17438650131226,7324.6566310184335
91.19110703468323,7444.029849065204
91.20826029777527,7621.270686558798
91.22499513626099,7753.066359387664
91.24173974990845,7854.3290326101705
91.25843214988708,7931.340385883771
91.27520537376404,7986.970478695142
91.29188966751099,8100.365613217851
91.30865025520325,8203.474580248769
91.32536029815674,8538.24073614153
91.3420057296753,8850.826544323698
91.35888195037842,9024.359137903375
91.37535119056702,9235.316415314004
91.39234733581543,9246.221574115487
91.40913367271423,9210.486677146328
91.42541408538818,9152.649147554965
91.44251751899719,9088.121314977885
91.45928883552551,9026.176066652159
91.47598791122437,8991.014379923652
91.4927134513855,8972.944288357015
91.50945544242859,8962.83448822598
91.52623867988586,9011.2282523003
91.54288482666016,9010.935327414672
91.55961894989014,9004.617069248041
91.57635140419006,8989.324940541987
91.5930917263031,8993.824643168326
91.61066055297852,8993.298737638244
91.66290616989136,9035.906800135062
91.672110080719,9080.94734745823
91.68152046203613,9071.190260169695
91.69054102897644,9067.265344572748
91.70006322860718,9104.857826776004
91.71003723144531,9094.936177072232
91.72686529159546,9075.66670624615
91.74322056770325,9051.026888254131
91.76036381721497,9056.701067031288
91.77708745002747,9044.341174384857
91.79387164115906,9069.458703156903
91.8105890750885,9064.567807797537
91.82731080055237,9024.220134070416
91.84403467178345,9043.885428281326
91.86077642440796,9051.7714390179
91.87748599052429,9057.097849113929
91.89423966407776,9032.40118410248
91.91132426261902,9059.871244411152
91.92749571800232,9109.203253030171
91.94421124458313,9176.977474120402
91.96095943450928,9172.234717959656
91.97797346115112,9142.790160931465
91.99455976486206,9204.553416969538
92.01128697395325,9228.605266473676
92.0278902053833,9251.822537911712
92.04462909698486,9234.934471795785
92.06139278411865,9249.431965044103
92.07801461219788,9290.819041411758
92.09513115882874,9335.751972465292
92.11187243461609,9344.876443491006
92.12860941886902,9325.644433302541
92.14529657363892,9596.426018175232
92.1620500087738,9900.65783126048
92.17877411842346,10120.62224067324
92.19551348686218,10221.450251972532
92.2122848033905,10307.757493077626
92.22944521903992,10430.27628497724
92.24576449394226,10498.572861206145
92.26246571540833,10605.193361020925
92.27920055389404,10771.199850480094
92.29594564437866,10858.065394946923
92.31268072128296,10902.133423111001
92.3294153213501,11011.474085124615
92.34641742706299,11077.871005975285
92.36268925666809,11175.198087472481
92.37940549850464,11256.9859584434
92.39600682258606,11316.48582924328
92.41276574134827,11364.961565604694
92.4294946193695,11414.725374400125
92.44662237167358,11449.554714447395
92.46332955360413,11525.451683067065
92.48005843162537,11605.263340698364
92.49680042266846,11639.079694625922
92.51353001594543,11671.373074085654
92.53025007247925,11730.154714787486
92.54703879356384,11913.429610653577
92.56376552581787,12092.113009287987
92.58048439025879,12128.389033307749
92.59766125679016,12147.933803812291
92.61397552490234,12196.209311649938
92.63028025627136,12238.105497082139
92.64738607406616,12323.553764021763
92.66412162780762,12294.39066359986
92.68090057373047,12324.175493273935
92.6979489326477,12457.03850293474
92.71403884887695,12423.366244686607
92.73073482513428,12470.47030766515
92.74756979942322,12707.307693062468
92.7652907371521,12880.427772461138
92.78136873245239,12787.34073965833
92.79813623428345,12715.742913767557
92.81480479240417,12695.786018597093
92.83115530014038,12608.023414917641
92.84839844703674,12620.021120014042
92.86488032341003,12620.310892314657
92.88140344619751,12754.094598584074
92.89849805831909,12727.436122391537
92.91524839401245,12507.68131127593
92.9319474697113,12550.382855588192
92.9486939907074,12570.762104040607
92.96545004844666,12579.04105158893
92.98213338851929,12548.761854145054
92.99864268302917,12540.24376795867
93.0156683921814,12591.48349559509
93.03201842308044,12566.180396291473
93.0494532585144,12610.747671186913
93.06601285934448,12643.307110750548
93.08266043663025,12652.883075878504
93.09935784339905,12579.557480706868
93.1160900592804,12529.168094703578
93.13280749320984,12575.240042361214
93.1494243144989,12530.351349643008
93.16658091545105,12550.069198498317
93.18309998512268,12632.058776932852
93.19982314109802,12651.468757298053
93.21652102470398,12488.951350899955
93.23324012756348,12149.877991912432
93.24998450279236,11930.135918684422
93.26669573783875,11789.140969808128
93.28341174125671,11688.320925712782
93.29976630210876,11652.110362944055
93.31698632240295,11640.644975693145
93.33368182182312,11690.23425269995
93.35082602500916,11752.093213292308
93.36715793609619,11781.558129765894
93.38397479057312,11777.018065959895
93.40068697929382,11815.527578210382
93.41751337051392,11758.89982341242
93.43417143821716,11319.34143662133
93.45064663887024,10926.976571713158
93.46737790107727,10713.524898870157
93.48406958580017,10617.213067189785
93.50086045265198,10586.916528030386
93.51755690574646,10470.386672517163
93.53430199623108,10335.696916742228
93.55106139183044,10205.190791704235
93.56777858734131,10067.345907888845
93.58448910713196,9877.89743890534
93.60122036933899,9720.115538367758
93.6182131767273,9565.694464062568
93.63488960266113,9405.097940244515
93.65158033370972,9219.765127587047
93.66833853721619,9061.361254272293
93.68508338928223,8907.258282276247
93.70179796218872,8750.957162921508
93.71835994720459,8629.319850446482
93.73512387275696,8531.90229269936
93.75178813934326,8404.4228954861
93.76853704452515,8273.879816052902
93.7852373123169,8148.876576370638
93.80199980735779,7992.014877487898
93.8189058303833,7788.322598333315
93.83577823638916,7600.109283762625
93.8520143032074,7491.2610655602475
93.86893582344055,7380.177609548692
93.88571548461914,7195.273949371011
93.90239334106445,7014.162047676486
93.91906499862671,6813.37706386512
93.93578958511353,6698.358009630699
93.95250129699707,6560.085194648674
93.96923780441284,6401.661421388298
93.9863429069519,6280.791460389957
94.00270080566406,6247.706671800663
94.01941585540771,6325.420788092819
94.03603029251099,6095.110051859743
94.05294871330261,5988.2681882987645
94.0696771144867,5921.700474220754
94.08657026290894,5798.437883923638
94.10314202308655,5725.726294503024
94.11989140510559,5462.9804790527
94.13652849197388,5193.105849344176
94.15320301055908,5043.576999949939
94.16989874839783,4968.394973279645
94.18653154373169,4925.775513068021
94.20321393013,4906.336533474938
94.21989727020264,4881.957717289528
94.23648810386658,4877.929106143536
94.25327944755554,4866.482327456103
94.26995086669922,4859.538420862549
94.28658032417297,4852.355914989197
94.30328464508057,4846.670526672421
94.31995034217834,4838.462009813299
94.33668422698975,4829.0072644392185
94.35339164733887,4822.204003527435
94.37000226974487,4823.102265952779
94.38667798042297,4821.283947831516
94.40303373336792,4811.239663935591
94.4200382232666,4802.006158257811
94.43677186965942,4797.301568470867
94.45356726646423,4798.5069553394005
94.46988487243652,4791.331693812947
94.48651146888733,4791.715619562552
94.50359058380127,4789.53519942022
94.51988434791565,4784.125569397068
94.53690004348755,4782.844380228369
94.5533652305603,4777.020032704571
94.57001972198486,4776.644717923748
94.58690786361694,4769.724103811507
94.60362219810486,4766.747577466756
94.62035584449768,4764.671152784127
94.63694334030151,4763.620119501244
94.65363669395447,4760.802162003859
94.67030072212219,4756.798157764103
94.68707513809204,4752.398755835614
94.7036554813385,4750.982020249496
94.72036123275757,4747.323594956127
94.73701763153076,4745.083002428795
94.7537031173706,4744.058503798706
94.770339012146,4739.558039748969
94.78706049919128,4738.826930852019
94.8037223815918,4738.143600604957
94.82042717933655,4738.271067787851
94.83708047866821,4733.2215338809
94.85382103919983,4733.66861909525
94.87046647071838,4730.589273575921
94.88725280761719,4730.152042429085
94.9038348197937,4732.9637705483765
94.9205105304718,4729.079970893598
94.93717169761658,4726.563593852244
94.95360922813416,4725.633311438106
94.9705879688263,4724.918190221087
94.98721981048584,4720.248507076256
95.00391912460327,4716.7604246133915
95.02057385444641,4721.959142139576
95.03691077232361,4717.637266069178
95.0536642074585,4717.39832958815
95.07036662101746,4715.080633185014
95.08731341362,4715.178692109022
95.10373735427856,4710.715290435531
95.12033891677856,4709.394627413903
95.1375572681427,4713.575694975504
95.15411043167114,4708.573566019326
95.17070198059082,4707.377396136723
95.18738555908203,4707.020079225232
95.20404553413391,4706.953984155269
95.2207612991333,4709.918167441281
95.23746705055237,4707.742351463334
95.25414299964905,4705.43134786676
95.27082467079163,4700.5537017800225
95.28747797012329,4701.3870166426
95.30418920516968,4701.396578492687
95.32087349891663,4695.136437602236
95.33753299713135,4696.33960083639
95.35423302650452,4692.294265126664
95.37092971801758,4693.063419875759
95.38757038116455,4693.148728614726
95.4042272567749,4688.467964293507
95.42059850692749,4688.401907619047
95.43725895881653,4685.300489266187
95.45392489433289,4687.392893687905
95.47066187858582,4690.58282013873
95.4874222278595,4684.201623086653
95.50402045249939,4688.215701167084
95.52105212211609,4681.580619420901
95.53776574134827,4681.956036974868
95.55437135696411,4680.24440373369
95.57096028327942,4681.44151625286
95.58745503425598,4677.877640749328
95.6044454574585,4680.777055095892
95.62126922607422,4675.388893311675
95.63787078857422,4673.521105126194
95.65461230278015,4672.832458561601
95.67090153694153,4672.317911038878
95.68789458274841,4669.5456644981605
95.70426869392395,4667.240626046402
95.7212769985199,4674.116115612513
95.73796725273132,4669.447492222041
95.75465512275696,4669.398732421023
95.7710862159729,4663.072030904576
95.78799057006836,4661.9431510951945
95.80462455749512,4663.164583141842
95.82134795188904,4663.319968288663
95.83804321289062,4657.619756740496
95.85468435287476,4660.660571030065
95.87138295173645,4660.438288545016
95.88803720474243,4662.356434986524
95.9047920703888,4659.006322873576
95.92146396636963,4655.284734395669
95.93811798095703,4649.751448175892
95.95481610298157,4657.744043859764
95.97147297859192,4651.369802700189
95.98818612098694,4652.443183269886
96.00489592552185,4645.825726713043
96.02158737182617,4648.034056849051
96.0378806591034,4646.651642189372
96.05498790740967,4647.688865522278
96.07130146026611,4642.2311627725585
96.08832311630249,4643.026029949786
96.1050009727478,4638.375574090775
96.12172484397888,4643.201550246298
96.1383605003357,4638.056995270005
96.15501189231873,4636.755685537503
96.17169094085693,4639.877128221425
96.1883487701416,4630.63878152555
96.20509028434753,4635.0604579244355
96.22175574302673,4629.010660546649
96.23844003677368,4630.53923431938
96.25485157966614,4626.2999277320105
96.27183079719543,4635.52376193302
96.28816199302673,4627.796698776865
96.30529284477234,4631.8078607163325
96.32163548469543,4623.8618557232885
96.33831715583801,4629.895629989533
96.35487675666809,4614.016220897879
96.37169933319092,4627.314482670043
96.38863325119019,4620.871257594487
96.40531778335571,4626.15866156221
96.422128200531,4613.633146705456
96.43869876861572,4628.047205676858
96.45495533943176,4608.83105159428
96.47229981422424,4623.895754839372
96.48842477798462,4607.22512787175
96.50537037849426,4628.9536023250785
96.52222895622253,4602.667537866926
96.53889441490173,4625.235175820281
96.55550479888916,4601.488467043088
96.57186436653137,4618.093724503361
96.5888135433197,4600.208235026397
96.6059045791626,4643.4811912688065
96.66252589225769,5518.010562947311
96.67390608787537,5477.589344734762
96.68307209014893,5345.047386789848
96.69294786453247,5826.47884237717
96.70274329185486,5924.377064810862
96.7133858203888,5969.4672122765705
96.72310495376587,5939.073492527458
96.73956727981567,5851.730048551093
96.75581645965576,5706.592463528231
96.7725613117218,5625.92950977794
96.78929352760315,5558.011748492058
96.80596566200256,5525.456782879082
96.82234191894531,5507.3614052960575
96.83891248703003,5558.683870865657
96.85595273971558,5641.382678109544
96.87251257896423,5772.388925165525
96.88930535316467,5868.964697245774
96.90602016448975,5948.5313130266295
96.92267489433289,5987.885229941325
96.93935561180115,6010.954293865289
96.95602083206177,6032.705904391449
96.97274351119995,6065.533501691178
96.98942637443542,6118.670141109743
97.00612306594849,6145.217823680017
97.02274179458618,6222.964021970379
97.03946208953857,6274.998595516024
97.05623364448547,6343.005432196824
97.07286953926086,6377.098747651441
97.08921027183533,6407.296020628546
97.10600185394287,6443.764215275091
97.12270975112915,6639.367340696521
97.13947463035583,6751.634323127414
97.15619206428528,6886.229336950589
97.17296004295349,7007.22989917599
97.18966937065125,7184.1108301263075
97.20629811286926,7351.009581120238
97.22339940071106,7595.356940027886
97.23981499671936,7799.862018566909
97.25693917274475,7990.017247843552
97.27366542816162,8215.297577911142
97.29034304618835,7974.595158169879
97.30669498443604,8026.417891365578
97.32365250587463,7925.718527357636
97.34053325653076,7992.841819161918
97.35719966888428,8072.522630162334
97.37400197982788,8012.508396708842
97.39068603515625,8176.030935422658
97.4072859287262,8404.900451613863
97.4242377281189,8582.093909027548
97.44085931777954,8538.291477624083
97.4572856426239,8452.275769748967
97.474041223526,8346.672336946387
97.490797996521,8335.556354168315
97.50757837295532,8316.747836633132
97.52433204650879,8324.423079335314
97.54107928276062,8296.096333019525
97.5579001903534,8312.572971626825
97.574697971344,8303.474907983622
97.5913622379303,8322.369005527727
97.60824465751648,8425.344264774512
97.62497687339783,8574.229063779896
97.64169764518738,8593.874355926311
97.65842819213867,8540.281039070165
97.67518973350525,8492.32570395019
97.69186973571777,8441.207325578645
97.70855736732483,8418.08929635533
97.72510957717896,8436.177780282764
97.7419707775116,8441.30081721906
97.75860500335693,8424.114157417518
97.7752685546875,8332.657622431498
97.79156374931335,8300.603867937874
97.80862855911255,8305.403780386367
97.82527947425842,8217.138335753194
97.84199047088623,8178.416592674078
97.85865235328674,8155.896880074426
97.87499976158142,8168.34932078187
97.89200901985168,8168.967911304662
97.90867972373962,8185.3553070382295
97.92528247833252,8219.140433059214
97.94202828407288,8270.510606220458
97.9587254524231,8337.137622549746
97.97505831718445,8384.181531292445
97.99212765693665,8396.743166317336
98.00881314277649,8405.737863975699
98.02547311782837,8425.885298257013
98.0418906211853,8460.460443275146
98.05897665023804,8474.89949140992
98.07555270195007,8465.00498399751
98.0924129486084,8408.104511318445
98.10864591598511,8348.37595991659
98.1256492137909,8319.954115807557
98.1421639919281,8329.325543875213
98.1586594581604,8345.306827675357
98.1754310131073,8343.221180912566
98.19212436676025,8337.414748608051
98.20899415016174,8346.292573655392
98.22576570510864,8379.93599754153
98.24241089820862,8477.916722722151
98.25891065597534,8620.355871786676
98.27580237388611,8763.818664777078
98.29246830940247,8914.289356926558
98.30886578559875,9033.42009325951
98.3258957862854,9101.54912340172
98.3425133228302,9141.5539924201
98.35924744606018,9195.510696474565
98.37559509277344,9210.058409346213
98.39255499839783,9211.051875628786
98.40921640396118,9234.42604524377
98.4261326789856,9280.26217923516
98.44225406646729,9421.855458144286
98.45951724052429,9520.274247235637
98.47590136528015,9564.151724899955
98.49263119697571,9622.49178126974
98.50938034057617,9680.417572618391
98.52579259872437,9745.860478941511
98.54283094406128,9792.91776232782
98.55955290794373,9862.274505792471
98.57629680633545,9922.007189409136
98.5930106639862,9960.88763804707
98.6097822189331,10018.46953891535
98.62638306617737,10075.255598149959
98.64301800727844,10113.866260878387
98.6598584651947,10153.085788045535
98.6765730381012,10150.597058867783
98.69340968132019,10183.479766828032
98.71019387245178,10233.68166233503
98.72687196731567,10265.493726535882
98.74361538887024,10286.67063617713
98.76015067100525,10309.85658336349
98.77683663368225,10255.156678283678
98.793630361557,10232.198128381393
98.81032133102417,10240.157797827545
98.82707285881042,10244.235003104874
98.84397959709167,10250.319975312108
98.86070537567139,10215.62447529827
98.87746596336365,10197.65742916815
98.89425039291382,10257.271383494277
98.91115760803223,10371.797917164165
98.92838978767395,10459.33577392326
98.94419836997986,10629.725667121
98.96098780632019,10767.5146840583
98.97770285606384,10835.526400083461
98.9944155216217,10845.711044803573
99.01115775108337,10858.826493195369
99.0278434753418,10981.486298636977
99.0447723865509,11068.245626515327
99.06135249137878,10871.002803242594
99.07806587219238,10765.679456309015
99.09481835365295,10779.81962846904
99.11154198646545,10816.345768210784
99.12832641601562,10867.53644669329
99.14505577087402,10873.416807854928
99.16178727149963,10920.256333354635
99.17846155166626,10900.745500646282
99.1952531337738,10928.844907153492
99.2121753692627,10974.16686117035
99.22892928123474,11023.960750115371
99.24570846557617,11108.817903336223
99.2624363899231,11269.251542087408
99.27928328514099,11374.778539363491
99.29593348503113,11528.070448816028
99.31267046928406,11678.6811278122
99.32940936088562,11702.5372210685
99.34619426727295,11717.572987823993
99.36298251152039,11755.796589513146
99.37969589233398,11786.355676961493
99.39641547203064,11863.144797501223
99.41312432289124,11993.666889085558
99.4298951625824,12131.551778859812
99.44657921791077,12243.671846468369
99.46336150169373,12371.629065004156
99.48004412651062,12592.005295922618
99.49679183959961,12675.87961203047
99.51351237297058,12660.511569591017
99.53027272224426,12716.17920256766
99.54699897766113,12767.566937691285
99.5637731552124,12839.213820090265
99.58035635948181,13105.654729173137
99.59724950790405,13297.141320535968
99.61398100852966,13417.025881924801
99.63071322441101,13470.145795443674
99.64720106124878,13565.77291915453
99.6642632484436,13744.08433176737
99.68096590042114,13792.730814195482
99.69777059555054,13788.591348178803
99.71446204185486,13777.920426800001
99.73126697540283,13758.293705100663
99.7479920387268,13661.21960847842
99.76472067832947,13620.360434630731
99.7812020778656,13570.512256117094
99.7980055809021,13535.591805396823
99.81470012664795,13552.407653664228
99.83144807815552,13494.3015881318
99.84820246696472,13399.262956982
99.86527180671692,13345.466233543972
99.88198900222778,13282.131845884705
99.89844250679016,13192.372029168442
99.91518115997314,13118.082077179113
99.9321722984314,13082.61222209668
99.94892740249634,13117.129490775375
99.96569871902466,13113.372997058948
99.9820122718811,13062.433759653293
99.99894404411316,12975.339737104056
100.0156078338623,12833.94549683949
100.03265261650085,12804.262925492114
100.04939222335815,12707.072822109089
100.06613302230835,12612.629135929306
100.08258271217346,12547.308827587192
100.09918594360352,12421.485864922397
100.11631274223328,12295.01234241921
100.13306069374084,12214.494337562444
100.14979600906372,12184.891652349357
100.1661262512207,12144.81835214109
100.18325233459473,12115.750355564334
100.20001220703125,11776.355105417022
100.2163016796112,11396.536443843828
100.23350501060486,11171.533103331192
100.25038814544678,10972.88095387834
100.26671862602234,10827.369574401248
100.28366208076477,10620.664317493167
100.30016660690308,10331.79237940404
100.31714820861816,10049.689499465763
100.33392715454102,9849.730599263607
100.35022974014282,9719.95121180155
100.36731719970703,9596.386258011184
100.38401961326599,9402.766515935915
100.40081477165222,9156.435730810215
100.41748285293579,8946.014617163653
100.43425440788269,8732.039546620566
100.45097994804382,8485.129646903437
100.46772336959839,8235.5521807458
100.4844331741333,8063.920001245014
100.50114512443542,7914.790515710562
100.51800918579102,7754.891066489268
100.5347032546997,7624.968086424121
100.55098223686218,7506.116727805418
100.56776309013367,7336.269836641729
100.5844976902008,7104.7589800345695
100.60114192962646,6864.161636085771
100.61826944351196,6641.33253263652
100.63453030586243,6456.660869004836
100.65140342712402,6310.9356014631385
100.66790103912354,6184.874493098245
100.68496227264404,6082.431660948135
100.70123052597046,6004.625593411839
100.7180438041687,5774.594463154278
100.73463344573975,5638.997149916492
100.75172710418701,5500.865418505922
100.76802134513855,5328.653505856494
100.78502607345581,5255.723920591463
100.80173516273499,5196.740627730119
100.81865978240967,5111.644443691992
100.83492946624756,5016.988502418115
100.85177063941956,5002.744929401765
100.86807370185852,4986.804627678535
100.88538312911987,4979.296572235143
100.90152597427368,4975.077270551457
100.91819286346436,4971.698696292509
100.93483591079712,4961.10584768375
100.95151829719543,4960.000305242199
100.96828699111938,4950.329955864355
100.98490357398987,4952.555815354943
101.00181198120117,4946.157490629067
101.01827359199524,4942.923140378638
101.03502011299133,4937.173857345772
101.05162262916565,4930.201654683694
101.06834506988525,4928.881067702506
101.0849449634552,4929.725060507946
101.10156726837158,4926.851943055054
101.11832737922668,4921.11864776764
101.13492274284363,4920.793488475194
101.15159177780151,4911.569448236961
101.1683099269867,4914.194782956161
101.1849672794342,4907.548625825677
101.20172119140625,4901.276117563128
101.21865034103394,4902.713127426393
101.23542857170105,4894.842002679396
101.25194883346558,4896.721460126853
101.26874947547913,4900.048524654715
101.28518223762512,4892.609420425234
101.30215668678284,4887.736156688118
101.31880760192871,4886.133269292602
101.33551669120789,4888.251755453613
101.35182499885559,4887.270215089704
101.3687686920166,4888.744666281928
101.38556027412415,4879.8174815422935
101.4021737575531,4876.84332338205
101.41885948181152,4877.188415163483
101.4355080127716,4872.829557145796
101.45225024223328,4876.392226687583
101.46869683265686,4869.303557574352
101.48537063598633,4866.7276824270775
101.50205111503601,4874.802150695932
101.51872515678406,4869.234954000997
101.53540873527527,4868.762450315693
101.55207586288452,4866.477342855064
101.56879615783691,4866.409149319135
101.58553075790405,4866.462923937104
101.60242891311646,4863.6604523319365
101.61901640892029,4864.897097454557
101.63550639152527,4861.709264153435
101.65221095085144,4856.930644581277
101.66886758804321,4858.397214482368
101.68589305877686,4854.556931253812
101.7025077342987,4853.046188638259
101.71919298171997,4854.424450994478
101.7358968257904,4853.8587685182665
101.75227236747742,4853.441647526787
101.76923990249634,4849.102926321683
101.78596711158752,4848.43015247755
101.80262112617493,4849.46098694336
101.81928515434265,4845.921822603233
101.83562707901001,4846.397143094621
101.8526360988617,4842.731198985222
101.86931777000427,4843.814382838653
101.88595342636108,4848.504335054763
101.90264463424683,4839.058877267682
101.91932272911072,4843.502774712654
101.93602752685547,4836.668095586672
101.952707529068,4844.087748951743
101.96943259239197,4840.911630220459
101.98607850074768,4837.799392577161
102.00276494026184,4837.324147383008
102.01944494247437,4836.838597318039
102.03615665435791,4840.5789680750595
102.05298376083374,4833.592425828759
102.06957817077637,4834.702950860813
102.08622980117798,4836.894522687493
102.102548122406,4837.3540247729
102.1192901134491,4833.84916651866
102.13608455657959,4833.528397840867
102.15259981155396,4829.6304044293565
102.16958236694336,4834.287306147402
102.1862313747406,4830.457507796351
102.20262432098389,4831.76461255485
102.21962833404541,4830.237930195217
102.23625588417053,4826.518009935865
102.25314092636108,4825.493034119048
102.27035856246948,4826.770046565042
102.28600358963013,4822.753233922403
102.30299234390259,4826.181599722492
102.31941366195679,4825.753480266605
102.33643627166748,4824.537570282635
102.35315942764282,4821.8230828745845
102.36986517906189,4818.246241846873
102.38653588294983,4820.893602112124
102.40286779403687,4818.121047810037
102.41982436180115,4818.953205241102
102.4365246295929,4814.869525466479
102.45316815376282,4815.2554820571995
102.46988201141357,4813.997445552881
102.486643075943,4813.80494617022
102.50300645828247,4812.9797421405465
102.51995015144348,4813.1560323226695
102.53631591796875,4811.504119274109
102.55337309837341,4807.281988830383
102.57008743286133,4810.154887972235
102.58672738075256,4804.7568900327005
102.60298299789429,4803.325997710902
102.62001132965088,4810.077910376544
102.63703560829163,4800.090569236534
102.65341138839722,4802.550170813427
102.6697907447815,4802.6283979266245
102.68643736839294,4805.305346229845
102.70345211029053,4800.156740855997
102.72018194198608,4799.726365420296
102.73689007759094,4798.23390840226
102.75352191925049,4796.832941344769
102.77021622657776,4796.733157678863
102.78688836097717,4792.189844579469
102.80361723899841,4794.318964930466
102.82013750076294,4795.495607476238
102.83698773384094,4791.035992023157
102.85362339019775,4791.625041598353
102.87034893035889,4790.815054568021
102.88702583312988,4790.058392544052
102.90370202064514,4789.50751241939
102.91997814178467,4783.956245252181
102.93700981140137,4788.340011051712
102.95367407798767,4782.02617735047
102.97037029266357,4783.672645715139
102.98707103729248,4783.907119603565
103.00341200828552,4780.045613802426
103.02031588554382,4780.633122401778
103.03718519210815,4778.531471964698
103.05386209487915,4778.598235410738
103.07052564620972,4778.117297573461
103.08720135688782,4773.217179861231
103.10358691215515,4779.520123604362
103.12056279182434,4769.638045678484
103.13720655441284,4777.736913670778
103.15395545959473,4764.962863989599
103.17048668861389,4774.398224523025
103.18725728988647,4767.580042732201
103.20363116264343,4773.609751919536
103.22033309936523,4758.857590820588
103.23699259757996,4773.547215791808
103.25369572639465,4759.852802509653
103.27070569992065,4773.253329734228
103.2873477935791,4757.756485579981
103.30396699905396,4770.365364122568
103.32061815261841,5090.16168016865
103.33728551864624,5376.781069240177
103.35386633872986,5492.66426407505
103.3708724975586,5312.616059469153
103.3875207901001,5471.876130308163
103.40428280830383,5764.679796777944
103.42093086242676,5883.348654751393
103.43733954429626,5993.665358398075
103.45436596870422,6039.953096452005
103.47117352485657,6068.308081542855
103.4875340461731,6041.534826295254
103.50457715988159,6041.108218260538
103.52133393287659,6007.522795306209
103.53810739517212,6041.599643536216
103.55501794815063,6051.724309163223
103.5715594291687,6098.187096829084
103.58791208267212,6140.368639578671
103.60496354103088,6235.080128632465
103.62177586555481,6317.706498864913
103.6384482383728,6429.84663298236
103.6552209854126,6531.7881883811115
103.67196154594421,6658.576721321015
103.68869185447693,6787.100830467526
103.7053804397583,6879.415358089519
103.7221794128418,7011.522320487128
103.73887228965759,7150.693426008587
103.75558876991272,7366.396566733858
103.77228093147278,7480.977381128913
103.78905200958252,7484.425735218109
103.80587077140808,7471.415205878878
103.82253098487854,7454.139144773608
103.83926582336426,7478.728763034221
103.85567879676819,7543.277024573048
103.87268424034119,7649.653233397106
103.88942646980286,7796.915027235065
103.90627264976501,7982.331122409062
103.92286252975464,8219.433101892111
103.9398787021637,8545.7416011185
103.95638632774353,9006.084817784988
103.9730634689331,9220.055422963382
103.98992156982422,9436.130363788567
104.00662875175476,9655.780156603558
104.0234067440033,9757.992455383664
104.04015517234802,9847.93664814319
104.05656218528748,9932.192941750669
104.07367467880249,10008.995777049211
104.09037947654724,10157.114184401
104.10670232772827,10338.864080590562
104.12391352653503,10620.364026945288
104.14066791534424,10955.192521387658
104.15729761123657,11390.672545265184
104.17420983314514,11765.167745003919
104.19116568565369,12137.800574280996
104.20719385147095,12564.684738729775
104.22438645362854,12489.164051493737
104.24105525016785,12877.457905105552
104.25776720046997,12904.14637879127
104.2745087146759,12519.446638424206
104.29162693023682,12395.153975972999
104.30764508247375,12240.95020118654
104.32474136352539,12345.512458915166
104.34146356582642,12703.054499075128
104.35826420783997,13017.362692543455
104.37502145767212,13058.157661495832
104.39176535606384,12761.408231599857
104.40848350524902,12416.12002311562
104.42523980140686,12125.459989784214
104.44207620620728,11748.109233724172
104.45870614051819,11580.012306622179
104.4754388332367,11596.816048074217
104.49203991889954,11737.583056052494
104.50863337516785,11815.26011032131
104.52563452720642,11872.40373725859
104.54236173629761,11834.303038354727
104.55872058868408,11799.435751385976
104.57580995559692,11622.000994398668
104.59218955039978,11476.139155185476
104.60920190811157,11327.582372685087
104.62602114677429,11147.637004546661
104.64269948005676,11029.427611778436
104.65909957885742,10947.262904617195
104.6758394241333,10845.711331287308
104.69291758537292,10778.247464148108
104.70942974090576,10730.180182943552
104.72641253471375,10677.564940035421
104.79304623603821,10627.482602779699
104.8025279045105,10560.418025653991
104.81244850158691,10505.388059648883
104.82325959205627,10444.08726261084
104.83383297920227,10386.705692555712
104.84376096725464,10379.390836756333
104.85523509979248,10397.55945222309
104.86669301986694,10289.175022384721
104.87745571136475,10148.614989901987
104.89372110366821,9968.304239399962
104.91043591499329,9784.763177363971
104.92707920074463,9597.655233860487
104.94387316703796,9386.163706840394
104.96067881584167,9127.218405623165
104.97737550735474,8998.125626096946
104.99412846565247,8887.43980915184
105.01077437400818,8871.12454514959
105.02746748924255,8831.828835082219
105.04418754577637,8790.077738464397
105.06067752838135,8700.69850311417
105.07764387130737,8678.683746722592
105.09418606758118,8649.949335860232
105.11089277267456,8711.53411327636
105.12786555290222,8710.510509198533
105.14439177513123,8712.10136838427
105.16126418113708,8663.598304566329
105.17800760269165,8628.423197477041
105.20496392250061,8621.928408523656
105.2427875995636,8640.401183639762
105.28745031356812,8685.459769280187
105.35550689697266,8721.66668506567
105.427663564682,8744.023149766257
105.49912571907043,8779.29723568424
105.57360339164734,8845.245274799589
105.64506721496582,8895.636459965273
105.7173273563385,8957.451623481054
105.78274941444397,8894.80918147018
105.85342645645142,8904.289414439312
105.92303562164307,8835.412011257586
105.99585437774658,8860.443104660306
106.08638715744019,8899.461222182214
106.1544840335846,8946.312594760771
106.22419285774231,8918.996816222734
106.29642033576965,8945.427430310881
106.36444520950317,8925.88684993531
106.48114442825317,9022.811042587282
106.50148177146912,9046.691748018628
106.56518650054932,9156.035303784094
106.6299798488617,9147.3114927818
106.82499384880066,9188.523417721084
106.97183275222778,9170.354003754093
107.00900912284851,9251.349333671746
107.12435221672058,9258.421234848416
107.23217821121216,9353.145889403319
107.26999950408936,9377.215172432092
107.31839561462402,9472.625384906236
107.36404991149902,9491.83076003548
107.41905188560486,9558.33932793901
107.47963571548462,9603.389671434034
107.54311156272888,9680.785706231509
107.60219049453735,9725.649022515541
107.66348814964294,9763.722351364137
107.7234399318695,9959.721614724722
107.78251004219055,10093.510926779587
107.84036183357239,10249.689125896828
107.91094541549683,10378.767815286668
107.97456383705139,10627.56332808621
108.03543210029602,10622.721591791067
108.09874844551086,10799.328751620586
108.1657543182373,11107.954002999339
108.22825908660889,11617.292203630888
108.29454827308655,11652.890253245007
108.36614966392517,12001.039630626012
108.44129490852356,12044.301777624933
108.51822113990784,12337.918544556607
108.58889675140381,12157.10566965058
108.66709852218628,12376.281217057276
108.7466332912445,12171.182595041979
108.82421016693115,12440.34731938952
108.90930891036987,12244.509283125062
108.98694038391113,12600.048685953783
109.06569719314575,12468.751522247327
109.14245390892029,12875.42536187707
109.22162294387817,12717.156993467437
109.29823112487793,13107.932686056534
109.37046885490417,12884.374907214089
109.43851041793823,13220.912577817635
109.50679016113281,12974.72008618008
109.57467198371887,5054.087661032044
109.63841032981873,4759.3705824848275
109.70486116409302,5039.561630044516
109.77002954483032,4761.1790677850995
109.83808398246765,5033.063686762059
109.90517735481262,4763.504336598313
109.96963405609131,5023.861914297555
110.0345778465271,4774.018848570145
110.10300540924072,5009.957791502278
110.16353225708008,4783.727488991371
110.231525182724,4995.654469683362
110.30346202850342,4796.738900029321
110.3670928478241,4980.245933639558
110.43394374847412,4802.072712536805
110.49498224258423,4963.0393828838405
110.55506992340088,4813.177905238714
110.61409091949463,4950.320560896123
110.67616271972656,4822.283359816945
110.73717665672302,4929.781008521832
110.79070520401001,4841.157839296895
110.849285364151,5353.03322269528
110.91038751602173,5138.629938952152
110.97482395172119,5280.735302759428
111.0374903678894,5300.7182582610985
111.09742498397827,5318.962261287417
111.15414547920227,5293.984485077696
111.21435165405273,5281.3957620991405
111.27144289016724,5276.378973445268
111.33516788482666,5194.536040596599
111.3887152671814,5186.585188302827
111.45057082176208,5134.8985584672555
111.51328873634338,5204.241969698167
111.57072305679321,5155.577827642747
111.68767046928406,5201.167249025388
111.76972270011902,5166.175539525579
111.94030976295471,5246.293822302922
111.98174548149109,5200.813192231713
112.03497552871704,5278.84914938624
112.10380411148071,5224.57774374736
112.17825245857239,5288.726179732177
112.2475016117096,5245.668969741296
112.31113815307617,5323.135707558063
112.32534289360046,5307.01262223474
112.34116959571838,5386.042202997882
112.35846471786499,5355.868846871678
112.37613153457642,5428.1338848786345
112.39323043823242,5445.739165065428
112.41174125671387,5559.263885593008
112.42949938774109,5609.317259816897
112.44792938232422,5735.6206363146175
112.46630811691284,5797.632488629267
112.48489332199097,5857.401753576843
112.50214505195618,5922.0339757014
112.51937580108643,6074.180301085013
112.53672957420349,6147.773127319017
112.5545060634613,6269.154015417568
112.57130193710327,6423.608880067722
112.58923482894897,6639.616234637592
112.60561347007751,6812.302900530484
112.62203049659729,6963.042307175254
112.63880729675293,7156.160007867767
112.65568995475769,7313.542810359255
112.6729245185852,7775.864143957991
112.69021916389465,7754.52725333913
112.70842599868774,7729.704826700552
112.72508096694946,7752.118219670129
112.74165415763855,7788.601481969681
112.75991344451904,7862.733056296121
112.77668476104736,7898.383151671069
112.79386949539185,7860.573473136032
112.81060433387756,7886.991873230801
112.82709240913391,7928.473708320019
112.84422421455383,7953.095321286994
112.8626708984375,7924.528973916683
112.87944149971008,7951.8455128498235
112.89454674720764,8015.723338261329
112.91071009635925,8112.074859478365
112.92654371261597,8179.1846890592515
112.9434769153595,8319.955306117683
112.96019864082336,8498.665324315547
112.97695660591125,8531.214477869265
112.9952540397644,8532.231072071218
113.01213765144348,8501.464881126743
113.02900409698486,8482.684670817302
113.04511761665344,8476.512128436958
113.06220769882202,8529.879009080136
113.07867336273193,8554.541978599093
113.09526777267456,8527.832743105875
113.10826849937439,8524.979696754417
113.11935377120972,8576.299292209636
113.13051247596741,8642.841935163251
113.14126920700073,8656.60286893052
113.1580023765564,8621.344139485227
113.17454814910889,8665.933545155664
113.19110989570618,8714.5585163277
113.20823264122009,8710.804509458725
113.22459387779236,8671.720796363874
113.241690158844,8684.661204012684
113.25840044021606,8731.405814000345
113.27513694763184,8728.404002766763
113.29151225090027,8719.720913894253
113.30823707580566,8728.671436799177
113.3253173828125,8750.434894603251
113.3417592048645,8754.99902368448
113.3588387966156,8751.090785988345
113.37520980834961,8782.399935032134
113.39226937294006,8816.694412772851
113.40905237197876,8857.558772077336
113.42545413970947,8869.621257769551
113.44268941879272,8884.964703569136
113.45891523361206,8917.790418690038
113.47561693191528,8972.949989840388
113.49240899085999,9031.28439147498
113.50906205177307,9046.106292193019
113.52583122253418,9061.929996721963
113.54284644126892,9121.748294066938
113.55927443504333,9199.653697561753
113.57603096961975,9277.508099345936
113.59313893318176,9413.5984360108
113.60996198654175,9587.89329221818
113.62664461135864,9707.280043702423
113.64339017868042,9861.192369870761
113.66017484664917,9816.528919987795
113.67689251899719,9620.110169327541
113.69367623329163,9449.695816912566
113.71037149429321,9355.129122670765
113.72709560394287,9348.89758277804
113.743479013443,9229.930184640676
113.76062154769897,9127.896499485896
113.77731966972351,9082.154487321419
113.7941484451294,9083.447395863179
113.81079578399658,9066.458234946445
113.82755303382874,9024.001570112747
113.84386587142944,9001.81957527498
113.860595703125,8959.414634507422
113.87735223770142,8884.485122730866
113.89408087730408,8804.418310503585
113.91088509559631,8727.769762228249
113.92763566970825,8641.936441234802
113.94432020187378,8534.924011774325
113.96107721328735,8425.705265262704
113.97782301902771,8287.499870764364
113.9945216178894,8163.068856037944
114.01122951507568,8004.770226075568
114.02837085723877,7813.3145152303505
114.04901385307312,7611.21217760799
114.06504368782043,7436.3419334284235
114.0795407295227,7221.905236469484
114.09499716758728,7036.405063450637
114.11159873008728,6940.0010056435685
114.12833833694458,6887.782687180665
114.14558959007263,6822.153186979317
114.1621778011322,6669.331426560128
114.17892932891846,6525.340702053887
114.19564509391785,6427.861647453917
114.21236562728882,6337.857013796515
114.22911596298218,6207.611658468678
114.24587082862854,6086.896039594489
114.26255011558533,5918.799816360128
114.27905654907227,5838.249575076932
114.29581665992737,5794.7541181768365
114.31260228157043,5767.903374094115
114.32928276062012,5731.075809015452
114.34601259231567,5695.094554065168
114.36272954940796,5673.0189047309295
114.37950849533081,5617.5431503459795
114.39622902870178,5562.0118526982615
114.41290998458862,5539.542007543648
114.42964053153992,5533.819439688609
114.44624829292297,5517.500036054579
114.46299910545349,5517.574760283372
114.4793107509613,5498.193340486971
114.49631071090698,5493.64906808239
114.51305031776428,5485.442008061028
114.52980303764343,5480.852507482527
114.54644465446472,5466.718926090848
114.56319665908813,5460.26871014821
114.57993602752686,5453.343814637274
114.59619450569153,5445.3427060246095
114.61320853233337,5444.3057751662445
114.62991666793823,5436.712151615458
114.64624500274658,5431.418129830452
114.66290259361267,5421.0444480873075
114.67994904518127,5411.537755273751
114.6962308883667,5409.633461805297
114.71330118179321,5400.976774098158
114.73004579544067,5401.0403438421945
114.7463846206665,5394.206975203219
114.76304483413696,5390.3303424849955
114.77981209754944,5382.432878199035
114.79648900032043,5377.491247138715
114.81318855285645,5375.002762322039
114.83019638061523,5375.462275090099
114.84690952301025,5366.378711320484
114.86348056793213,5358.924891860893
114.88027572631836,5360.55775836008
114.8969178199768,5353.833035621126
114.91330575942993,5350.057457790445
114.93030953407288,5347.166765713163
114.94698166847229,5340.464069277368
114.96330857276917,5336.7749977170215
114.980553150177,5337.240296017222
114.99702167510986,5328.942667875658
115.0134015083313,5327.766392549809
115.03043174743652,5319.460025155083
115.04728865623474,5318.452620713683
115.06384372711182,5317.982273211434
115.08051919937134,5314.05811399281
115.0971794128418,5311.701766388627
115.1135356426239,5310.811953059048
115.13054156303406,5300.450740712878
115.14723825454712,5298.747055557902
115.16361021995544,5297.214512086576
115.18027067184448,5297.911437623334
115.19697999954224,5294.462150451696
115.2140781879425,5288.175878584424
115.23072814941406,5285.583519805233
115.24714159965515,5286.157348469581
115.26412749290466,5280.541493294613
115.28086447715759,5274.721914200296
115.29721856117249,5279.832735683003
115.31425595283508,5276.9278774225895
115.33091640472412,5272.061117886637
115.3475878238678,5266.91285868133
115.36430406570435,5265.453472049744
115.38097953796387,5261.543542583422
115.39773082733154,5263.052106042677
115.41425895690918,5259.770092056982
115.43108224868774,5256.214041111564
115.44740605354309,5257.414993873583
115.46420001983643,5254.392822574793
115.48098611831665,5252.048622599394
115.49764919281006,5250.654159744298
115.51435399055481,5245.515499997836
115.53087663650513,5244.740675298447
115.54770851135254,5240.817642495059
115.56441473960876,5240.222985440325
115.58109760284424,5236.079030882889
115.59773063659668,5238.096799939326
115.6144335269928,5237.205664316114
115.63110208511353,5231.079844234548
115.64779472351074,5235.121786717191
115.66473197937012,5232.102642440301
115.68139600753784,5234.495501862131
115.69814562797546,5230.243925704799
115.71480417251587,5226.723806875071
115.73150610923767,5224.884865189351
115.7478494644165,5226.015117137102
115.76483941078186,5229.218249288324
115.78149342536926,5219.058708676205
115.79818177223206,5217.002701024452
115.81492471694946,5220.036251102024
115.83160519599915,5212.021457924457
115.84830141067505,5213.329416637973
115.86496496200562,5215.618362689001
115.88138031959534,5210.84479593691
115.89837956428528,5214.441004699835
115.91468119621277,5210.025671025337
115.93174886703491,5206.1457733356065
115.94846820831299,5206.323910126837
115.96494483947754,5207.096775124941
115.98163938522339,5202.453454343063
115.99831008911133,5205.361014563555
116.01498436927795,5199.809626724155
116.0316994190216,5199.849116661009
116.04834175109863,5197.199660444244
116.06504368782043,5189.942846691927
116.08172702789307,5189.605682200312
116.09864735603333,5192.444675160891
116.11537194252014,5194.8918823715985
116.13201785087585,5190.544823772892
116.14870810508728,5183.766838737973
116.16539597511292,5180.771113239519
116.1817479133606,5188.057355925873
116.19876599311829,5173.655517741129
116.21543788909912,5178.838807134633
116.23212933540344,5181.61913760613
116.2484757900238,5176.328334488807
116.26556301116943,5171.616687013242
116.28219032287598,5175.057441548796
116.29887199401855,5167.144462110654
116.31554436683655,5166.5153930058
116.33223009109497,5168.1832350265295
116.34877634048462,5166.325162750463
116.36528539657593,5161.939879734263
116.3822762966156,5163.734252658392
116.44787430763245,5159.075504648884
116.45995044708252,5155.8237575175735
116.47208285331726,5161.332339271448
116.48267340660095,5158.44298608507
116.49333786964417,5156.062533345202
116.50389790534973,5153.803052772094
116.51566195487976,5149.718148791314
116.52742576599121,5143.957406205726
116.53919863700867,5150.779548423759
116.55060243606567,5146.417580785539
116.56552529335022,5145.013368894846
116.58255624771118,5145.32000184327
116.59959983825684,5142.465740012006
116.61562275886536,5137.136787490268
116.63280749320984,5140.62792324
116.64936208724976,5134.676421593563
116.6660327911377,5141.619486673988
116.68269872665405,5129.1351479275645
116.69938707351685,5139.002062409045
116.71579623222351,5135.206455852621
116.73282217979431,5134.316470573391
116.74949789047241,5130.141086773951
116.7658383846283,5131.664035316854
116.7827959060669,5119.203360679859
116.79919028282166,5134.150861623414
116.81619429588318,5119.297132499666
116.83294343948364,5130.379620706662
116.84947729110718,5115.45217757064
116.8660044670105,5123.479385823744
116.88291454315186,5113.851559911841
116.89958477020264,5120.304823892919
116.91626834869385,5269.015290258355
116.9329559803009,5173.139098580951
116.94971537590027,5213.4201452380275
116.96639323234558,5275.951098241155
116.98312020301819,5317.231728472987
116.99977493286133,5356.053479786387
117.01644968986511,5356.049565253664
117.03281950950623,5344.298377908685
117.04984831809998,5317.478030718736
117.06649804115295,5328.1944118251595
117.08320212364197,5313.766303024572
117.09984922409058,5334.113164583184
117.11644768714905,5313.580708703805
117.1332197189331,5267.5558105604
117.14994621276855,5252.510907325439
117.16624236106873,5257.306722229974
117.18324017524719,5245.976108765496
117.19994831085205,5266.597241173322
117.21645617485046,5242.680255414803
117.2332923412323,5246.318611743592
117.25003600120544,5221.615877902727
117.26672625541687,5227.3299911731665
117.28342199325562,5230.3943991226415
117.30011677742004,5206.0534948511195
117.31682348251343,5220.146751127275
117.33345150947571,5218.842815156503
117.35022139549255,5213.087730294156
117.36693859100342,5199.4417011688865
117.38346099853516,5219.285205618315
117.40030908584595,5251.003978181031
117.4169442653656,5279.026155815659
117.43325328826904,5316.65235405934
117.45034623146057,5360.976496403241
117.46667838096619,5406.16779716103
117.48365187644958,5440.315637202197
117.500333070755,5470.420683977458
117.51714134216309,5475.875450352246
117.5338249206543,5473.672702697503
117.55048704147339,5478.86315275742
117.56715106964111,5484.393377243378
117.58389186859131,5495.908969455434
117.6005585193634,5499.095570174926
117.61717820167542,5504.8199571136
117.63389658927917,5514.446501564443
117.65054154396057,5518.222331584763
117.66723537445068,5527.691351742382
117.68391036987305,5518.351196026239
117.70059895515442,5498.037234796175
117.71727776527405,5491.173719403101
117.73401045799255,5501.321624617384
117.75037336349487,5504.698011026579
117.76708626747131,5468.3072912919715
117.78378486633301,5464.008850655028
117.80049538612366,5493.15616121355
117.81719207763672,5547.442366080557
117.83392572402954,5596.858894582296
117.85058736801147,5660.028548540806
117.86728405952454,5700.479958158764
117.88394498825073,5747.161493037955
117.90063667297363,5839.930992618567
117.9173355102539,5929.469963133475
117.93398857116699,6047.8262237569015
117.9507040977478,6140.130147113634
117.96736335754395,6278.3501114239
117.9840521812439,6467.687182157882
118.00070834159851,6572.90012484215
118.01745581626892,6621.001454476239
118.0341329574585,6613.286175005937
118.05081129074097,6560.488415245328
118.06775856018066,6422.963164813588
118.0844669342041,6276.300268100756
118.10082197189331,6253.220875212706
118.11786675453186,6290.80816486052
118.13451552391052,6307.235404464931
118.1508731842041,6322.092464462263
118.16793751716614,6345.8088464061475
118.18459248542786,6351.157704350725
118.20124077796936,6371.86336291303
118.21761894226074,6387.788019416561
118.23460912704468,6408.656543739748
118.2509777545929,6431.581256495632
118.26798152923584,6465.608556606073
118.28469038009644,6512.892320676063
118.30106520652771,6544.660649511648
118.31811881065369,6570.543643046009
118.33485269546509,6619.303113148231
118.35154104232788,6693.892389748067
118.36823344230652,6823.35858458568
118.38495182991028,6991.788814826411
118.40126729011536,7268.323042421034
118.4182596206665,7596.896454841017
118.43492126464844,7689.256792979081
118.45166230201721,7925.708964645191
118.46835374832153,8218.572608386121
118.48506474494934,8313.492784828399
118.50178337097168,8441.183510587172
118.51845192909241,8482.840437139912
118.5351300239563,8465.914309003932
118.55182790756226,8480.6810804556
118.56848859786987,8530.06933103543
118.58518409729004,8555.54969431831
118.60188627243042,8723.98204703734
118.6185667514801,8989.314716386969
118.63527131080627,9138.325725917739
118.65207123756409,9162.429751912137
118.66876578330994,9292.879811914236
118.68550443649292,9527.114838132997
118.70221948623657,9673.203745069215
118.71898436546326,9751.152261239562
118.735769033432,9972.365958529066
118.75249195098877,10237.193164239725
118.76919960975647,10521.754503548429
118.78593063354492,10824.55186409013
118.80266118049622,11063.609392306074
118.81936883926392,11352.224518494319
118.83619952201843,11580.206458178416
118.85286903381348,11710.869167622768
118.86966824531555,11761.62123085554
118.88635110855103,11858.077656390516
118.90311789512634,12160.146989956753
118.91980910301208,12697.33704172708
118.9365770816803,13081.45128141359
118.95326495170593,13412.123242562826
118.96999859809875,13542.15916551529
118.98673033714294,13444.283132940862
119.00346326828003,13326.425036701597
119.0201895236969,13231.70081585795
119.0369188785553,13268.308590919423
119.05366373062134,13352.624495068121
119.0704174041748,13456.013850568232
119.08715057373047,13546.580611324322
119.10388422012329,13643.547578306589
119.12060451507568,13673.720415258886
119.13732719421387,13672.030264571202
119.15409207344055,13647.216209359356
119.17080330848694,13687.080799084046
119.18752408027649,13715.47342943659
119.20423555374146,13718.451974118834
119.22097444534302,13735.191467716746
119.23775887489319,13751.231152860473
119.25450158119202,13784.573613131979
119.27123951911926,13784.791594673927
119.28797006607056,13798.376050467674
119.3047285079956,13778.528795194848
119.32146406173706,13778.61605782907
119.33822679519653,13715.07287504796
119.35490918159485,13746.654720773096
119.37129354476929,13936.263174519068
119.38838124275208,13985.473829085315
119.40508484840393,14042.374588303039
119.42188382148743,14045.956745662505
119.43858313560486,14011.811610776032
119.45532131195068,14041.444849653082
119.47209286689758,14093.044368731336
119.48879981040955,14073.207416334597
119.50568675994873,14020.244415522971
119.52209949493408,13988.80981383151
119.53978633880615,13955.51795780355
119.5579559803009,13987.211148138893
119.57518362998962,14119.405960914739
119.58923530578613,14158.094790716803
119.60595393180847,14087.165442320194
119.62270498275757,14081.254471530792
119.63938760757446,14042.92439987763
119.65615510940552,14045.978277347418
119.67291283607483,14133.00910336243
119.6896562576294,14132.869374999722
119.70638155937195,14120.58047985886
119.72287225723267,14105.21644017675
119.73957228660583,14093.98451433278
119.75630736351013,14036.375119283732
119.77303957939148,13941.232573822399
119.78981018066406,13886.638894869742
119.8068208694458,13905.285972224934
119.82316875457764,14098.268850106597
119.8402190208435,14068.426149385954
119.85698986053467,14037.90357998965
119.8738739490509,13962.972726524044
119.89052772521973,13866.385060575532
119.90721201896667,13952.494054042256
119.92399859428406,13807.462681012788
119.94070792198181,13592.913964483118
119.9578149318695,13408.265879915598
119.97459030151367,13219.679757905917
119.99068903923035,13207.52338176333
120.00740265846252,13180.594267180275
120.02417612075806,13184.372814493967
120.04090332984924,13219.790844400593
120.05792927742004,13191.13545134612
120.0746054649353,13229.561834511935
120.09128642082214,13192.966060468521
120.10804390907288,13227.768030332165
120.12483143806458,13223.296924810182
120.14164447784424,13220.806312524222
120.1582863330841,13252.86151968449
120.1750476360321,13288.333772540704
120.19177460670471,13339.5597704154
120.2085063457489,13243.571371596783
120.22516703605652,13103.267018647692
120.24198722839355,12935.022793822824
120.25865435600281,12803.131567372111
120.27540636062622,12757.649988442157
120.29216766357422,12739.329525304933
120.30887198448181,12661.036295727112
120.32565760612488,12622.824104547111
120.34203910827637,12565.744423136832
120.35913300514221,12574.99177587896
120.37543511390686,12659.369668972975
120.3921766281128,12675.888906685992
120.40890336036682,12690.801757090416
120.42599153518677,12540.317338957906
120.44273805618286,12436.860166689294
120.45948719978333,12570.052142296176
120.47621655464172,12573.983673946546
120.49293613433838,12492.00693759541
120.50981616973877,12378.386556718602
120.52653074264526,12259.603778412265
120.54326915740967,12279.914125330053
120.55961465835571,12268.691274992292
120.5767035484314,12276.898869812381
120.59310173988342,12303.522089841415
120.61024832725525,12388.533758468377
120.6268937587738,12577.822362095189
120.64328980445862,12871.214097109421
120.66036462783813,13053.44218705218
120.67710614204407,13086.154950760278
120.69382810592651,13103.658779943737
120.71060848236084,13020.776731356527
120.72735404968262,12843.158305615032
120.74404573440552,12724.810881948939
120.76080513000488,12655.843176055632
120.77751469612122,12646.881563735737
120.79386901855469,12636.953163186361
120.81104326248169,12620.801848283136
120.82778310775757,12572.692300249906
120.84455013275146,12319.268579353244
120.86122059822083,12094.927371997606
120.87801456451416,11921.083120557832
120.89451599121094,11795.109398235369
120.91141963005066,11640.624846636087
120.92780113220215,11375.805002436613
120.94494128227234,11133.80895318274
120.96170115470886,10997.308090226494
120.97801566123962,10841.242927536552
120.99517250061035,10734.143363480154
121.01150059700012,10715.02566667661
121.02855396270752,10762.177684423345
121.04530644416809,10837.622857677703
121.06212615966797,10816.203263312942
121.07841205596924,10785.04597391596
121.09556245803833,10893.50146193592
121.11230444908142,11109.8689263661
121.12892413139343,11454.930226557393
121.14557409286499,11670.453235818053
121.16223859786987,11658.006415045666
121.17918062210083,11466.339249665158
121.19618964195251,11186.629698200582
121.2126977443695,10776.64466808453
121.22901201248169,10304.848027334428
121.24621558189392,10217.453222271883
121.2628767490387,10073.893164055375
121.279616355896,9971.856440574547
121.29619717597961,9959.98087359491
121.31309819221497,9879.177157929886
121.32947397232056,9740.092266867967
121.3465485572815,9503.6291656537
121.36292958259583,9370.395390064048
121.3799729347229,9206.042435188398
121.44993448257446,9079.342971639328
121.46837973594666,8946.680088583904
121.48728561401367,8700.293511863974
121.50609612464905,8593.555909722356
121.52520751953125,8398.175674802527
121.54428339004517,8064.466216204897
121.56045722961426,7821.671929877262
121.57113313674927,7730.861296753225
121.5814220905304,7735.682099094064
121.59245491027832,7683.320594807771
121.60256457328796,7536.372883417088
121.6128318309784,7114.859208529117
121.62483215332031,6378.232813397321
121.63567757606506,5941.632860040677
121.65005040168762,5708.485866971816
121.66671776771545,5385.5298075770115
121.68280243873596,5314.068351279362
121.69848084449768,5270.486924311567
121.71543502807617,5252.064720169767
121.73030352592468,5231.826752752597
121.74715638160706,5207.8840624530785
121.76377654075623,5198.598826566936
121.77930665016174,5182.225594668209
121.79644656181335,5171.869406947101
121.81653499603271,5158.531027552487
121.83444142341614,5150.643036793428
121.84382200241089,5143.945160277052
121.85329937934875,5133.806711954115
121.86419486999512,5121.6116886276695
121.88123369216919,5118.4723087539915
121.89789271354675,5107.303216101288
121.91454577445984,5104.419507188517
121.93092727661133,5093.670868297665
121.94790410995483,5092.505870068575
121.96463298797607,5083.214001913713
121.98098945617676,5077.499575129428
121.99807572364807,5068.413213112779
122.01473760604858,5066.83667751669
122.03112936019897,5061.052785552059
122.04811024665833,5055.3737536282515
122.06479382514954,5053.3090715772205
122.08114743232727,5053.50569639383
122.09822463989258,5046.18172633942
122.1148533821106,5044.334027973695
122.13122844696045,5036.930878883168
122.14820647239685,5031.355571886601
122.16492819786072,5028.030451486656
122.18160915374756,5028.600685590205
122.198237657547,5020.9830896212125
122.21492624282837,5020.2967002336
122.23136043548584,5018.622717571549
122.24834561347961,5011.230989839892
122.2650740146637,5006.990754093353
122.28223466873169,5008.816953159799
122.34702610969543,5003.197872510089
122.35784888267517,4995.672549971655
122.36871433258057,4998.090244593602
122.37983536720276,4994.810493802825
122.3907425403595,4998.582665305675
122.40182137489319,4993.122431567485
122.41326475143433,4989.621900910836
122.42444491386414,4987.042892381442
122.43545579910278,4983.957969479018
122.44840264320374,4983.116286025863
122.46533942222595,4983.470812045794
122.48199796676636,4976.574646412699
122.4986801147461,4974.067231510238
122.51537227630615,4972.604143275979
122.53209829330444,4970.202253736258
122.54877853393555,4970.829369897406
122.56548762321472,4964.721276569895
122.5821921825409,4963.126614292143
122.59883785247803,4962.756285329106
122.61547374725342,4958.572769799844
122.63215327262878,4959.162251756217
122.64886093139648,4956.0835532268275
122.6655945777893,4954.426724420418
122.68226456642151,4954.45921855755
122.69889950752258,4951.822303019972
122.71559548377991,4945.215179812678
122.73225736618042,4944.886414892906
122.74896597862244,4944.922573099006
122.76556015014648,4946.081459343334
122.78235030174255,4940.263102049329
122.79909801483154,4941.949097313931
122.8157844543457,4939.621718768988
122.83246064186096,4937.635647625864
122.8490982055664,4937.450454747763
122.86547183990479,4932.976857169259
122.88249015808105,4932.879079902933
122.89917659759521,4929.6822817031925
122.91556143760681,4924.304113671761
122.93256640434265,4923.282266849271
122.94923281669617,4923.121372282937
122.96595096588135,4924.417644508983
122.98229122161865,4922.933283688477
122.99930882453918,4920.028806426986
123.01599621772766,4915.770221815978
123.0327296257019,4915.790467670342
123.04942893981934,4913.749971187802
123.06619811058044,4911.946973962361
123.08286452293396,4909.01763738201
123.09952402114868,4907.385076732157
123.11616706848145,4906.362313342537
123.13287830352783,4901.897884289932
123.14951395988464,4900.916497052806
123.16624069213867,4901.599875161065
123.18289494514465,4901.303956209771
123.19956398010254,4894.517544817176
123.21626543998718,4900.515342466478
123.23296403884888,4887.458465782809
123.24959063529968,4895.832100896702
123.26623392105103,4888.34275681878
123.28294968605042,4888.6898612963405
123.29965782165527,4887.296176079983
123.31634545326233,4883.4161658526455
123.3330557346344,4880.851342140381
123.3497986793518,4884.6539463647505
123.36645197868347,4879.420357283234
123.38313341140747,4880.249955993482
123.39982414245605,4874.736009701267
123.41649389266968,4878.3885785011025
123.43320775032043,4873.988829919719
123.44988059997559,4873.6843448986265
123.46653389930725,4871.08214138067
123.48289704322815,4871.638177713408
123.49990510940552,4870.365268249931
123.5165798664093,4866.533746390114
123.53326272964478,4871.870616451665
123.54960560798645,4864.446262805806
123.56663727760315,4868.797596679164
123.58301711082458,4855.954634435369
123.60008978843689,4864.2334608587835
123.61674475669861,4855.50221461881
123.6334400177002,4858.815685442971
123.65102529525757,4855.020391511287
123.70828127861023,4860.079509460981
123.7185709476471,4850.034443927355
123.72972869873047,4857.860026572338
123.74000453948975,4845.0987241783
123.75016450881958,4857.130449014401
123.76082873344421,4840.914512223849
123.77163624763489,4858.91451549303
123.78339219093323,4837.711424913662
123.80022096633911,4860.79928205095
123.81693983078003,4835.9175361255775
123.83372831344604,4852.313259097886
123.8503155708313,4830.783846412773
123.8670642375946,4848.960160571876
123.88375425338745,4830.947085861259
123.90014505386353,4851.961081015403
123.91713809967041,4827.336347472395
123.93396282196045,4871.218842675434
123.95026874542236,5483.90794189894
123.9669086933136,5573.356865416772
123.98361539840698,5623.389956002806
124.00026082992554,5758.853815985567
124.01695322990417,5757.056414787136
124.03369235992432,5761.214613457039
124.0502359867096,5788.009116015196
124.06730270385742,5810.573960294086
124.08364725112915,5841.736687945039
124.10059714317322,5914.563233608667
124.1170551776886,5915.0370948552
124.13383412361145,5925.3778175801335
124.15043997764587,5912.281521632705
124.16744375228882,5896.151728222118
124.18412494659424,5905.343206446423
124.20080852508545,5931.032742112592
124.21726274490356,5934.657376983807
124.23417139053345,5942.722419912183
124.2508556842804,6009.241403758121
124.2675666809082,6006.659964587517
124.28396916389465,6025.45642304413
124.3012375831604,6048.529972500364
124.31766700744629,6073.3382087044065
124.33426833152771,6106.3308309821105
124.35098099708557,6036.327970268711
124.3677306175232,6108.464969774807
124.38447260856628,6088.347558392675
124.40121459960938,6202.808131180069
124.41757869720459,6216.408877784827
124.43463635444641,6268.068974721254
124.45099568367004,6339.319974334547
124.46813416481018,6390.422347447238
124.48484086990356,6511.442209457581
124.50124287605286,6585.979910378056
124.51828002929688,6625.52333225244
124.53498363494873,6607.965270625822
124.55175995826721,6652.296213761363
124.56847095489502,6675.433522518312
124.58521127700806,6730.524171903457
124.60166883468628,6766.728648885848
124.61864376068115,6791.248446819583
124.63535261154175,6820.542517333534
124.65180039405823,6915.339881297297
124.66851162910461,6986.962101848085
124.68566060066223,7064.548456039689
124.70211958885193,7133.194377176308
124.71908807754517,7183.498663969091
124.73542833328247,7203.608375661482
124.75248956680298,7218.452981058033
124.76921892166138,7233.261359445563
124.78587627410889,7246.832463259379
124.80272912979126,7217.896118297336
124.81908869743347,7171.775218085335
124.8358268737793,7130.459414205722
124.85287189483643,7122.014273190485
124.86967921257019,7127.46619937374
124.88632082939148,7131.2628188123645
124.90300488471985,7194.6193188378575
124.91944336891174,7268.936631579857
124.93617749214172,7388.130698757852
124.95274877548218,7482.990555848286
124.96984958648682,7479.901188595241
124.98635792732239,7469.13575370919
125.00318050384521,7475.8749697733565
125.01986908912659,7528.058257810822
125.03667879104614,7584.452376710841
125.05327129364014,7624.577835266167
125.06994104385376,7681.051848410002
125.08668279647827,7845.645275567686
125.10303688049316,8015.644011578807
125.12004733085632,8087.242200257764
125.13706088066101,8184.332977924568
125.15666198730469,8274.80443087138
125.1727728843689,8450.020766618885
125.18670797348022,8558.616944411482
125.20357084274292,8649.862256474584
125.22019648551941,8787.310731380454
125.23705410957336,8918.327451201581
125.25379967689514,8984.343735831633
125.27051210403442,9039.73792468976
125.28713035583496,9120.962614782531
125.30360674858093,9214.373792389842
125.32032895088196,9328.400905963563
125.3370451927185,9395.50185247105
125.35359597206116,9531.616159989147
125.37075638771057,9651.045652502486
125.38722515106201,9720.75756659062
125.40413236618042,9745.098883621606
125.42088532447815,9761.308519772108
125.43751645088196,9773.0220900231
125.45457053184509,9810.081642103332
125.47105002403259,9862.720593590566
125.48749709129333,9895.285739675528
125.50439834594727,9937.70771370829
125.52123379707336,9963.054713188738
125.53798604011536,9978.967494868928
125.5542676448822,10002.098987546635
125.57107639312744,10016.354915434025
125.58821845054626,10086.129236161627
125.60488176345825,10129.863331694753
125.62119221687317,10236.65308102229
125.6379017829895,10395.463643629064
125.65472936630249,10633.220854472307
125.67137050628662,10824.98172849152
125.68817353248596,10741.556404316038
125.7048830986023,10632.042671373621
125.72161364555359,10554.455848025056
125.73814558982849,10645.794375157944
125.75512146949768,10817.41934698904
125.77188634872437,10926.911657263805
125.78861403465271,11004.869104391028
125.80491065979004,10978.831023940811
125.82202219963074,10956.665416521702
125.83879661560059,11060.751078421557
125.85541105270386,11063.293949061193
125.8728289604187,11055.112820224482
125.88914227485657,11062.854316363388
125.90670967102051,11110.36555901761
125.9226667881012,11269.148663435883
125.93937826156616,11343.430023246134
125.95594096183777,11367.910362682744
125.97267127037048,11420.971290794596
125.98943305015564,11457.099283783973
126.0062243938446,11449.06821218128
126.0229024887085,11465.755006556436
126.03967213630676,11544.688684246252
126.05629515647888,11615.401956546248
126.07302951812744,11726.29572657998
126.08986973762512,11889.442084354652
126.10659384727478,11989.512430885628
126.1231255531311,12066.134128375543
126.13981485366821,12157.399463187958
126.1580080986023,12196.95937913617
126.17542695999146,12245.290748939506
126.19381904602051,12278.895088247671
126.21014833450317,12279.761922992375
126.2281539440155,12344.789141047298
126.24536776542664,12424.99589750379
126.26334881782532,12548.59877364285
126.27783012390137,12724.597122458203
126.29037761688232,12806.790454367241
126.30748653411865,12784.40187236602
126.32420444488525,12803.901411280325
126.34094786643982,12862.16452360543
126.35771489143372,13031.5886288446
126.37430191040039,13090.055749923346
126.39121174812317,13222.551813128295
126.40788459777832,13395.672255965253
126.42461109161377,13479.745953627895
126.44135808944702,13487.496907549485
126.45814085006714,13525.160462437942
126.47484183311462,13590.120606906155
126.49155783653259,13683.904986446296
126.50804996490479,13757.15501150053
126.52509689331055,13854.40016411442
126.5414183139801,13949.905342739312
126.55851078033447,14177.353082432157
126.57535767555237,14882.749216875813
126.59195351600647,15392.560314108625
126.60880160331726,15722.098246091044
126.62547755241394,15867.969288884973
126.64227652549744,15988.479498261728
126.65879774093628,16044.998109840997
126.67566871643066,16152.699424491062
126.69285893440247,16393.95260117726
126.70898795127869,16625.270055220983
126.72780251502991,16808.07396177035
126.74699997901917,17111.813513430247
126.76367282867432,17456.714713318823
126.78288745880127,17739.747560927906
126.79422116279602,17935.624278578867
126.80976891517639,17872.04576585086
126.82648420333862,17928.964402907804
126.84293913841248,18188.21379828548
126.86000537872314,18196.093854090443
126.87632775306702,17744.873763614432
126.89341855049133,17407.39561336224
126.91016554832458,16940.566119445877
126.92687392234802,16595.683901553457
126.94362020492554,16627.889475417745
126.96058988571167,16838.08231706332
126.97805905342102,16819.096928342005
126.99558162689209,16795.650087168127
127.01133418083191,16745.555373113977
127.02730560302734,16495.213904734643
127.04408478736877,16368.160085070827
127.06086277961731,16395.097169232202
127.07761788368225,16537.217479272946
127.09438967704773,16531.02284731485
127.11114478111267,16446.448721627305
127.12789702415466,16318.317118594035
127.14461660385132,16312.320843687983
127.1613085269928,16298.89465538344
127.17808318138123,16361.928735413301
127.19478559494019,16230.436654482293
127.21150183677673,16030.971182451378
127.22822308540344,15758.728211851909
127.24502372741699,15631.299576635232
127.26182174682617,15387.150919740117
127.27850818634033,14877.600640513945
127.2949435710907,14035.454725787073
127.31165647506714,13170.03398438493
127.32862710952759,12661.068988631265
127.34537434577942,12579.135522952512
127.36178541183472,13195.264094765962
127.37884187698364,12711.602675494976
127.39558792114258,11891.536656960632
127.41192770004272,11412.407159399643
127.42905282974243,10852.061991907178
127.4457848072052,10525.758271315388
127.46245622634888,10306.293494864884
127.47922563552856,10046.566199658155
127.49556422233582,9783.935716535238
127.51269006729126,9567.919671523558
127.52937650680542,9331.529971067099
127.54614734649658,9119.004061521868
127.56249165534973,9003.062139894917
127.5795783996582,8961.653576290817
127.59631872177124,8845.39938035362
127.61301803588867,8746.932234680447
127.62981796264648,8602.753307852276
127.64646363258362,8525.812830515744
127.66327476501465,8480.280577382619
127.67993998527527,8423.409801434049
127.69669151306152,8365.809357027425
127.71346616744995,8209.531626467151
127.73021960258484,8035.40062942828
127.74687075614929,7926.92681043779
127.76372075080872,7711.730355487464
127.78042221069336,7529.398576383499
127.79714035987854,7308.640980401684
127.81388187408447,7128.245267724407
127.83058094978333,6975.969511601924
127.84733128547668,6665.014908358494
127.86492609977722,6382.66102329141
127.88285732269287,6204.022973178609
127.89971446990967,6080.642455796793
127.91674423217773,5903.086847766688
127.9308671951294,5680.993192182776
127.94756078720093,5499.274304931375
127.96415066719055,5309.574707213806
127.98091793060303,5209.450692574611
127.9976749420166,5183.579136424867
128.01432156562805,5152.568614836271
128.0310513973236,5142.7225086218505
128.04762077331543,5124.174292376556
128.0643253326416,5119.010106549145
128.08108592033386,5100.2810427555005
128.09776377677917,5093.269581328428
128.11447834968567,5086.287007886511
128.13115525245667,5083.199658496801
128.14775776863098,5072.032987806426
128.1644868850708,5070.700433143056
128.18114733695984,5055.180730791681
128.19788551330566,5054.097517551898
128.21451902389526,5045.182438575892
128.2308874130249,5043.696406103911
128.24788331985474,5034.088586541607
128.26463508605957,5022.710753941848
128.28119468688965,5018.689918773663
128.29806280136108,5016.327220679635
128.31493210792542,5011.441326289056
128.33312511444092,5011.25315131049
128.3516275882721,5006.522954807329
128.36515259742737,5001.39472237846
128.38145685195923,4999.639920766628
128.39818906784058,4991.993708201743
128.41483211517334,4985.799085713665
128.43154287338257,4981.794912920876
128.44823622703552,4978.502465803938
128.46489214897156,4977.118337318855
128.48162174224854,4977.104285858259
128.49825620651245,4968.56714567076
128.5147533416748,4968.594494654543
128.53164339065552,4962.13250437847
128.54803323745728,4966.979838818923
128.56511569023132,4956.221248918227
128.58182573318481,4956.617161370293
128.59842991828918,4953.183255629613
128.6148383617401,4953.162933930271
128.63381600379944,4948.5119994496
128.71159195899963,4948.764830194036
128.72288870811462,4943.509175808796
128.73518109321594,4943.367992543584
128.74806213378906,4941.912915290354
128.761150598526,4938.83877782225
128.77419257164001,4937.010352899664
128.7869131565094,4934.921505475419
128.7994420528412,4932.59557835696
128.81237053871155,4928.670148590482
128.82538318634033,4932.562660067152
128.83803153038025,4925.954621975137
128.85151720046997,4926.825638364901
128.8645703792572,4923.407312868555
128.87760996818542,4917.707267729413
128.88965368270874,4916.64907990649
128.90042519569397,4919.157247440445
128.9150538444519,4916.692279556043
128.93209147453308,4915.98589578351
128.94902276992798,4913.264078304177
128.97036862373352,4911.2658814617
128.98719811439514,4909.129993391251
128.99870777130127,4910.994080177082
129.0155324935913,4906.268552967064
129.0322196483612,4905.266851545141
129.04884314537048,4905.36477783604
129.06561708450317,4905.907848057364
129.08221292495728,4901.538414172963
129.0988311767578,4902.492643827134
129.11555171012878,4902.038195484395
129.13222742080688,4897.662696833124
129.14890480041504,4897.137982677681
129.165625333786,4897.531597636366
129.18230986595154,4893.992575343759
129.1990451812744,4897.375581579918
129.21573138237,4894.4330622021635
129.2324357032776,4886.069187608005
129.24910736083984,4890.334343450573
129.26579642295837,4889.7484505524635
129.28464651107788,4887.739200928116
129.30234718322754,4885.814811937182
129.31971383094788,4885.315876915524
129.33693194389343,4880.43065190907
129.35362935066223,4882.439994133829
129.37214994430542,4876.875359271068
129.38335156440735,4880.282736388101
129.39915537834167,4876.460591669997
129.41583561897278,4874.311199173533
129.43262338638306,4874.582251645067
129.4492642879486,4873.103385159306
129.46596384048462,4871.66808821341
129.48258805274963,4870.100841549469
129.4992699623108,4865.245975087031
129.51603984832764,4868.50008540681
129.53271675109863,4866.4795418359
129.5494029521942,4864.446295712134
129.5661060810089,4864.359649331454
129.58270955085754,4861.658921865074
129.5994167327881,4857.95209347087
129.65938758850098,4857.442766589961
129.67706632614136,4861.022405666039
129.69814038276672,4855.752492633917
129.71960616111755,4855.0914343271925
129.74011707305908,4850.1262179492605
129.76237106323242,4851.939629599773
129.78406715393066,4847.848831313749
129.80401802062988,4849.770846673588
129.81680154800415,4845.132880656267
129.8317687511444,4847.382518509627
129.84366869926453,4841.743918318425
129.85845851898193,4845.089218687177
129.8770158290863,4842.556024779534
129.89553785324097,4838.5703162761365
129.90697312355042,4840.076027823993
129.91930675506592,4838.850748948507
129.93834686279297,4838.351392643161
129.951984167099,4838.835636156814
129.96676969528198,4831.3673001153775
129.97910237312317,4832.79287938535
129.98930621147156,4830.903473106194
130.00070762634277,4831.420703245306
130.01295852661133,4825.293000939924
130.0232241153717,4832.465127933718
130.0373854637146,4823.6085038504525
130.04926419258118,4825.891381255192
130.06020402908325,4822.582923669268
130.07096219062805,4824.118268792172
130.08304286003113,4823.418770719404
130.10004448890686,4821.304466050957
130.1167004108429,4889.145681149816
130.1334171295166,4830.593509603963
130.15006017684937,4876.710774368975
130.16676425933838,4912.701909262492
130.18345642089844,4942.960159024214
130.19980716705322,4986.5614435027965
130.21678566932678,4989.285771865754
130.23313283920288,5005.069980662857
130.25016832351685,4999.3567233965505
130.26681661605835,5017.73165479622
130.2834928035736,5021.529982332278
130.30018258094788,5031.108801217155
130.3165373802185,5035.3546599585925
130.33360385894775,5044.921400597346
130.35137462615967,5061.439271374587
130.36699604988098,5104.044444363956
130.3836658000946,5145.025430971059
130.40033340454102,5226.382094614501
130.41705989837646,5322.314809104687
130.4336929321289,5415.05623828185
130.45011162757874,5444.570753004825
130.46713137626648,5490.880068513801
130.483811378479,5489.941010939036
130.5005235671997,5505.143802337754
130.51745319366455,5539.019135965903
130.5338921546936,5543.278885627684
130.55026149749756,5555.079322300424
130.56732082366943,5577.240050430041
130.58372020721436,5610.755553201312
130.6004388332367,5644.842823432457
130.61741137504578,5673.726087757192
130.63417887687683,5676.4972005626605
130.65075755119324,5694.61921794041
130.66770243644714,5700.410996984705
130.68444323539734,5691.395447447278
130.70120334625244,5688.940130115852
130.71752285957336,5718.084516559388
130.73468232154846,5717.501730569009
130.7514066696167,5713.284782184429
130.768137216568,5713.727283984363
130.78502440452576,5731.707575136909
130.80152249336243,5757.4197250516245
130.81940531730652,5884.535811069547
130.8350384235382,6010.0175768547615
130.85178756713867,6060.2160404219785
130.86841654777527,6084.40024993011
130.8851523399353,6135.108357477039
130.90196657180786,6213.356066275788
130.9186806678772,6290.6296221551065
130.935054063797,6374.335517277223
130.9520914554596,6441.401348379332
130.96886658668518,6497.622665647642
130.9853801727295,6533.70823033543
131.00400400161743,6560.870396223815
131.02208018302917,6538.1305546842295
131.04109168052673,6528.416218815647
131.056165933609,6524.833848240848
131.06889414787292,6494.899495074887
131.08608436584473,6480.337672275039
131.10264205932617,6473.297047076492
131.119131565094,6458.887345717615
131.13583040237427,6443.22196199132
131.1526095867157,6442.65742713281
131.16932439804077,6462.509705422546
131.18609952926636,6528.126088755017
131.2028510570526,6594.20736848402
131.2198407649994,6634.673968744198
131.236567735672,6707.77462342326
131.25321245193481,6796.375544830837
131.270099401474,6857.664217320012
131.28677582740784,6943.766803978604
131.3034930229187,7031.75394507977
131.320232629776,7076.424098957829
131.3370201587677,7121.176471735761
131.35373091697693,7170.67885698287
131.37041473388672,7209.783099047501
131.38679838180542,7232.761545698613
131.40389227867126,7265.536831266161
131.42062401771545,7290.088256128322
131.43738961219788,7388.235059955308
131.4541416168213,7477.920260447359
131.47152638435364,7603.397772301266
131.48757529258728,7710.253705643789
131.50428938865662,7870.595447358198
131.5210771560669,7954.978819102499
131.5378119945526,8059.367287339286
131.5545699596405,8158.583251489634
131.57119512557983,8318.051901981931
131.5880994796753,8474.257792812252
131.60441613197327,8523.411603537745
131.6215841770172,8638.371530109205
131.6419060230255,8663.123357858844
131.65719199180603,8798.733512491348
131.67138481140137,8880.933942924283
131.68814325332642,9084.062149642687
131.70490956306458,9042.571712362698
131.72159814834595,9088.176253849497
131.73832035064697,9158.58213303895
131.75545287132263,9119.867666716122
131.77213430404663,9176.435883588301
131.78848671913147,9130.330499451771
131.80536580085754,9131.197560343926
131.8223843574524,9137.039224031938
131.83887553215027,9203.08904761894
131.8554322719574,9307.139905631093
131.87218236923218,9336.069794133553
131.88889455795288,9285.46959589426
131.9062144756317,9354.605593046175
131.9224672317505,9392.028967147595
131.9390881061554,9482.14946274676
131.95612359046936,9558.562689985627
131.9728729724884,9627.54382802652
131.9897482395172,9675.514101779718
132.00680327415466,9719.53292436737
132.02290678024292,9763.172552352653
132.03950238227844,9819.095954336468
132.05634927749634,9926.627622655878
132.07391452789307,9965.112457117453
132.09238600730896,9949.695875275773
132.10684180259705,9989.122614293867
132.12354183197021,10040.288130861269
132.14029788970947,10106.15980206769
132.15667963027954,10172.759165378451
132.17379021644592,10156.228954753982
132.191499710083,10174.48599844478
132.2072114944458,10206.78175398341
132.2239453792572,10214.547522297413
132.2405333518982,10233.858336969566
132.25730681419373,10266.4703319719
132.27378463745117,10275.295378630446
132.29084396362305,10271.441179880452
132.30732488632202,10276.44040686858
132.32440376281738,10300.828741191997
132.34073758125305,10348.74058355329
132.357843875885,10377.10601296009
132.3745722770691,10440.243805960385
132.39141249656677,10558.437199099411
132.40808081626892,10661.360163678422
132.42484712600708,10715.752021264763
132.4415271282196,10744.553313839917
132.45792508125305,10774.749498416091
132.474946975708,10768.3342947367
132.49142456054688,10788.13885155109
132.50819754600525,10819.095204824973
132.52498507499695,10868.627475972173
132.5417594909668,10910.916952824264
132.55852460861206,10912.036286005563
132.57529973983765,10897.215532196877
132.5918164253235,10905.590385729603
132.60884356498718,10899.14336593796
132.62565112113953,10915.77182192233
132.64241981506348,10921.566648679078
132.6591784954071,10931.37954192309
132.6758782863617,10953.935694339056
132.69224977493286,10994.536446681941
132.70896172523499,10988.99373698099
132.72614216804504,10998.762693881034
132.7428276538849,11033.41933714714
132.75920724868774,10991.679828531813
132.77629351615906,11055.123305757306
132.7930862903595,11153.318333222727
132.81061792373657,11199.300245073642
132.8260955810547,11290.249222902854
132.84325909614563,11342.316488409615
132.8595793247223,11356.4898287649
132.8765676021576,11488.160106624478
132.89310479164124,11533.849999830194
132.9098117351532,11523.833212785226
132.92685723304749,11529.84403736159
132.94368147850037,11535.258608484331
132.9600236415863,11539.496316262457
132.97704601287842,11610.976864779244
132.99383163452148,11712.19304415461
133.01021337509155,11827.66425608467
133.02695107460022,11880.479885866245
133.04369521141052,11921.559987206254
133.06045770645142,12085.993911637059
133.07717943191528,12249.798739864507
133.0943055152893,12327.149410459611
133.11072158813477,12298.155884877751
133.12747406959534,12335.412707951346
133.1442244052887,12416.553278810787
133.1610221862793,12484.821897916278
133.17781138420105,12474.999002841676
133.1946747303009,12420.580888434237
133.2113037109375,12448.33609482743
133.22815775871277,12485.191632894284
133.24487781524658,12463.787938083748
133.26168704032898,12454.635921092395
133.27840304374695,12530.395579935162
133.29514002799988,12624.636449249609
133.31146550178528,12572.714262723055
133.32821369171143,12553.849614613706
133.3449444770813,12674.915606869274
133.36174631118774,12840.708883052775
133.3784568309784,13463.063004286887
133.395174741745,13980.962274146119
133.4118914604187,13926.184851088075
133.42870140075684,13878.939012179368
133.4458043575287,13737.377750496275
133.4622495174408,13508.085348862267
133.47904253005981,13327.161503188836
133.49579215049744,13254.47148805918
133.5125756263733,13309.42523570697
133.52932500839233,13322.341601380835
133.5462806224823,13307.388507111144
133.5657503604889,13311.458624189887
133.5846254825592,13243.244619797068
133.60228443145752,13213.76954090882
133.62008786201477,13231.196623969927
133.6328001022339,13246.558465257656
133.64621448516846,13299.603108971014
133.6632866859436,13456.557178656672
133.68011260032654,13590.816201846621
133.6964728832245,13661.680999897342
133.7131860256195,13782.054482836238
133.72993302345276,13965.825484391396
133.74703335762024,14207.060155430341
133.76346707344055,14526.294235056588
133.78024005889893,14826.4677847018
133.7969880104065,15081.80123250565
133.8137924671173,15290.179630578961
133.83059573173523,15523.009978370832
133.8473470211029,15739.607731904098
133.8641128540039,15849.243476972346
133.88057208061218,16016.350162379822
133.89765429496765,16288.535793752319
133.91443824768066,16646.821935069936
133.93118023872375,16906.84177078961
133.9475200176239,17345.74669480852
133.96616315841675,17668.124425814385
133.98663067817688,18046.172003008636
134.0068974494934,18276.822624418754
134.0249810218811,18495.366523045024
134.04422569274902,17775.469716442487
134.06357645988464,16475.114410383118
134.08377265930176,16130.943968758284
134.09633493423462,16656.687838280206
134.10907363891602,17323.283652809117
134.12008428573608,16644.637188141918
134.13452911376953,15879.113706185608
134.14833307266235,15531.76551336536
134.1654200553894,15261.98899167815
134.18215227127075,15072.242459145207
134.1988754272461,15101.845245294066
134.21551656723022,14966.487350693185
134.23191165924072,14429.771608108374
134.2490611076355,13674.386381045118
134.2657380104065,13271.280083119827
134.28244161605835,13223.13904182567
134.29922223091125,13080.253665158927
134.31582760810852,12835.268042334845
134.3327133655548,12421.913283194624
134.3494176864624,12129.953921562863
134.36593508720398,11777.886267384853
134.3827075958252,11489.190648903177
134.39944195747375,11240.405381402341
134.41639614105225,11085.142690923347
134.4331831932068,10971.260152719347
134.44979310035706,10947.845646184463
134.46623015403748,10816.879225007979
134.48328566551208,10727.160745801968
134.50008749961853,10606.951156536541
134.51675248146057,10527.467247540972
134.53353881835938,10499.107013169534
134.54992127418518,10311.027434800442
134.56707549095154,10104.917726849926
134.5837790966034,9882.977949411143
134.66113758087158,9704.506292538144
134.67466402053833,9372.44925387629
134.6878423690796,9177.236056066955
134.70160794258118,9019.37389940616
134.71543216705322,8861.918395548593
134.72878336906433,8693.20248036627
134.7425835132599,8542.08341892044
134.75625133514404,8401.998229094845
134.76927375793457,8197.341193680084
134.78242206573486,8012.467385790924
134.79612016677856,7810.693128165473
134.8100471496582,7630.778006120247
134.8239231109619,7439.778671874212
134.8369517326355,7198.790100761447
134.8500440120697,6616.811985213812
134.86263227462769,6033.097789384501
134.8749327659607,5770.471536825832
134.8882131576538,5659.918963413216
134.9012644290924,5582.067341658772
134.91827392578125,5531.775454887283
134.93492674827576,5502.807260063601
134.95163130760193,5473.699328466722
134.96799898147583,5456.217740811347
134.98501873016357,5428.609433132704
135.0019245147705,5412.6075128455295
135.01855540275574,5387.004025080635
135.03490924835205,5379.259479748023
135.05167388916016,5361.642906815052
135.06842947006226,5350.821765206169
135.0851469039917,5341.140645974398
135.1029064655304,5325.956516034595
135.11813306808472,5321.28452188394
135.13516426086426,5312.060206262429
135.15182328224182,5300.1254771390495
135.1684808731079,5294.13184013378
135.18511128425598,5280.342623583198
135.20175051689148,5277.097982937021
135.21851253509521,5269.809808868899
135.23526453971863,5263.955483642034
135.25169157981873,5261.677227700367
135.26869320869446,5247.5846552392895
135.2853946685791,5243.201131351114
135.30207061767578,5225.49454170566
135.3187870979309,5223.411783003896
135.33514833450317,5236.047088761951
135.3518509864807,5219.334628068192
135.36883330345154,5209.033383213001
135.3853576183319,5197.626243197203
135.40210103988647,5190.978120958041
135.41886496543884,5197.91881374353
135.4356074333191,5194.818929439234
135.45237135887146,5190.151411740472
135.468683719635,5186.316669345953
135.48573565483093,5184.547918706059
135.50239610671997,5177.248185238055
135.51907634735107,5177.449993937205
135.53554344177246,5170.864156103334
135.55519914627075,5167.931327809562
135.5734601020813,5169.118336270299
135.59064531326294,5160.0622585863575
135.60821342468262,5157.33302544225
135.6261806488037,5160.184687569433
135.6438286304474,5158.254330577137
135.65608668327332,5152.14382926844
135.6703417301178,5152.451666042549
135.68576383590698,5147.049016229365
135.70647430419922,5141.458269751345
135.72615313529968,5139.981039508975
135.7444040775299,5142.347194884158
135.75587439537048,5135.656573806955
135.76910042762756,5132.632679551332
135.7860586643219,5134.972749432647
135.80280351638794,5125.222706796213
135.81949639320374,5127.907818550798
135.83640122413635,5126.022885167
135.85687613487244,5119.107314313961
135.8755979537964,5120.182615133894
135.88874316215515,5115.811622574142
135.9026756286621,5116.9019833824605
135.91968202590942,5113.517360406955
135.936039686203,5111.136786011264
135.95281100273132,5111.56573408351
135.97232627868652,5106.192082437371
135.99129104614258,5108.092887922112
136.00800013542175,5105.659663099769
136.0216076374054,5103.0167937537935
136.04046535491943,5099.27833082095
136.05886459350586,5096.598191571385
136.0765619277954,5094.401722302622
136.09452605247498,5095.332475980721
136.11162042617798,5094.87750159113
136.12405705451965,5092.95326379218
136.13747668266296,5087.501596237996
136.15338897705078,5086.893029654903
136.17010259628296,5083.500593981854
136.18673396110535,5080.331761825226
136.20340180397034,5077.882241649097
136.22010350227356,5077.863348632832
136.23675751686096,5073.732194933868
136.25306367874146,5070.4493519352045
136.26982426643372,5071.413496184974
136.2892153263092,5069.909757248849
136.3066065311432,5062.772142338884
136.31998085975647,5062.504240820594
136.33694887161255,5062.067627830118
136.35364818572998,5059.559616855719
136.3703236579895,5059.54762886608
136.38664627075195,5059.805268877671
136.4035358428955,5056.730961652899
136.42025923728943,5048.693148330873
136.43693780899048,5049.700754785032
136.45363664627075,5052.162760334001
136.47029662132263,5049.270753480329
136.48688888549805,5046.955969114925
136.5036494731903,5045.458835884167
136.5204041004181,5039.454749206098
136.53702235221863,5040.569918183095
136.55375385284424,5038.148326142776
136.57025504112244,5044.298791294676
136.58691883087158,5033.83861514968
136.60675525665283,5034.572732549317
136.6259081363678,5031.07495809682
136.6432032585144,5029.827201570727
136.65627908706665,5029.527218019718
136.67034769058228,5028.078783578861
136.68698167800903,5024.459749656149
136.70369362831116,5026.561699991774
136.72037982940674,5019.876667601112
136.73755764961243,5021.469819923488
136.75410914421082,5017.800489504142
136.77074575424194,5017.08789704543
136.78751802444458,5015.617315654917
136.80375981330872,5019.67691366924
136.82062935829163,5013.80894601251
136.83736062049866,5012.0043744649365
136.85411024093628,5012.004587110428
136.8708381652832,5008.631696756156
136.88752269744873,5009.9354335619755
136.90425753593445,5004.330460894562
136.92104649543762,5006.554930830817
136.93772792816162,5002.840822631319
136.95439291000366,4998.697548206597
136.97107458114624,4996.881129159303
136.98779153823853,4997.816502327496
137.00443720817566,4991.5996725312525
137.02091670036316,4996.12210923469
137.0377073287964,4990.546562983137
137.054429769516,4998.915975825151
137.07117223739624,4981.515180902452
137.08785963058472,4993.641484183159
137.10420942306519,4980.403336735123
137.12092208862305,4994.784367515311
137.14041590690613,4973.760526510858
137.15993309020996,4992.083663279023
137.17846298217773,4973.4786216881375
137.19617438316345,4994.358245573413
137.20997023582458,4970.2132070477965
137.22271370887756,4988.275998246312
137.23846459388733,4967.029253358816
137.25477075576782,4983.231946202946
137.27145195007324,4960.9240854209065
137.28811717033386,4987.098854388802
137.304785490036,4959.738340237497
137.32148122787476,4980.3395337186785
137.3382294178009,5475.645233551411
137.35626196861267,5366.584532791999
137.37113428115845,5339.647215341517
137.38821148872375,5536.2531738767475
137.40494203567505,5674.875663577636
137.4216616153717,5670.815563709769
137.43790769577026,5710.035525784926
137.45471000671387,5852.1524146769625
137.47176432609558,5904.313126138423
137.48839735984802,5935.93675661204
137.5051097869873,5994.69256132963
137.52189469337463,6068.00948586444
137.53854632377625,6077.717480009832
137.55527210235596,6121.854461717126
137.5720567703247,6134.276563968176
137.58886170387268,6166.618011686882
137.60514211654663,6164.219754067463
137.62223076820374,6213.0389625483
137.63919830322266,6223.972225368001
137.6556990146637,6255.811733819438
137.6724293231964,6296.772547903156
137.68914437294006,6347.467434716974
137.70589208602905,6298.44772985751
137.72264528274536,6286.931451599582
137.7393822669983,6263.089194253063
137.75609731674194,6280.518990042888
137.77281308174133,6292.819254554341
137.78946900367737,6265.539769600341
137.80620312690735,6228.505189855268
137.822913646698,6226.708971376216
137.83965468406677,6264.265389310796
137.85638117790222,6335.790152910362
137.87312173843384,6403.083406157816
137.88988542556763,6449.564443239157
137.90660548210144,6450.386822850368
137.92293405532837,6426.7273141871
137.9400384426117,6403.444376894281
137.95682001113892,6368.725103272576
137.97347712516785,6384.9549806125315
137.99023747444153,6364.948153312073
138.0069718360901,6369.954548642775
138.02392387390137,6331.14082161109
138.04014587402344,6327.758785982803
138.0587863922119,6324.179557268185
138.07602548599243,6329.624934578
138.09063243865967,6348.979962674864
138.1073660850525,6404.882889572059
138.1240701675415,6430.540977123831
138.14081716537476,6443.264560093422
138.15755653381348,6511.36644570143
138.17426323890686,6587.322772239717
138.19091820716858,6627.345889018083
138.20777249336243,6656.94312805415
138.2244894504547,6658.048113075049
138.24118638038635,6673.625801516724
138.25802040100098,6683.182065534321
138.27472019195557,6714.404224816726
138.29140782356262,6726.428425127445
138.3081521987915,6779.753242925657
138.32534837722778,6822.148968476165
138.34170055389404,6924.748459331042
138.35798978805542,6960.336014278522
138.3751139640808,6994.166008460488
138.39187002182007,7056.156945081162
138.408588886261,7137.944248143136
138.42530035972595,7280.922694304613
138.4420521259308,7351.881441812571
138.45875072479248,7496.7037188952445
138.47548174858093,7541.9064689144
138.4921886920929,7676.912056011471
138.50899171829224,7665.790178333601
138.52572226524353,7748.466322580977
138.5420331954956,7772.339835895084
138.55878710746765,7751.981338063713
138.57584738731384,7771.318751428089
138.59261083602905,7761.670482307338
138.60899901390076,7783.167049851174
138.62611961364746,7857.449048725384
138.64282274246216,8082.635227447918
138.6595058441162,8266.716601947386
138.67624735832214,8501.560387872418
138.69303560256958,8566.744818558658
138.70979857444763,8616.194153944647
138.726469039917,8638.077617010787
138.7431983947754,8604.681470621506
138.75993585586548,8593.589441744949
138.77662587165833,8622.35694915722
138.7933795452118,8668.423960864982
138.81005239486694,8603.423319949678
138.82674908638,8633.633405957364
138.8436360359192,8727.854353077548
138.86282229423523,8781.853612309
138.8834683895111,8847.918010379264
138.90290784835815,8963.896304424325
138.92121696472168,9031.797256959302
138.9348692893982,9049.126945201344
138.94749474525452,9138.479173305219
138.95979022979736,9165.479491293796
138.97683238983154,9225.647470835993
138.9949233531952,9363.74607808754
139.0102710723877,9496.082311958284
139.02703666687012,9617.943840243557
139.04371571540833,9719.15451342716
139.06009340286255,9772.063202509251
139.0772032737732,9835.02755238581
139.09404754638672,9857.205999630012
139.1107678413391,9950.614180531715
139.12709641456604,10014.146535645707
139.1441192626953,10023.752791043426
139.16083788871765,10035.935810730134
139.17767477035522,10081.349765871582
139.19432616233826,10140.369895292466
139.21108412742615,10206.714899218043
139.2278163433075,10309.167051915141
139.24462723731995,10410.569115045753
139.2613341808319,10462.64928506109
139.27810764312744,10381.505430975218
139.2948272228241,10394.849845977527
139.3111388683319,10335.879738065352
139.32785749435425,10321.92416358378
139.34502005577087,10464.235968073477
139.36177492141724,10680.276980133656
139.37846064567566,10800.544139960453
139.39514231681824,10829.034028370976
139.41191339492798,10797.327367535241
139.4286665916443,10811.227758951314
139.44542741775513,10849.959508966434
139.46232080459595,10861.011473207516
139.47894167900085,10899.394037801641
139.49568367004395,10889.328730349715
139.51239562034607,10886.19244814969
139.5292136669159,10918.766340939554
139.54594373703003,10961.321906037294
139.56263637542725,10990.569362778899
139.5792796611786,10995.894494120088
139.59607100486755,10981.516651506401
139.6587815284729,10981.859550268377
139.67158102989197,10944.208776163294
139.68383502960205,10903.093060922565
139.6974756717682,10853.882152505766
139.71111536026,10828.941345854833
139.7248854637146,10814.493978306284
139.73873209953308,10784.153697088055
139.7523114681244,10757.220505990994
139.7656490802765,10704.068861687983
139.7793369293213,10651.207242157365
139.79327011108398,10625.122784995032
139.80649518966675,10603.881784463081
139.81979179382324,10597.472329019016
139.8329529762268,10573.531251163056
139.84670281410217,10681.174244627331
139.86381697654724,10779.160644869236
139.88016152381897,10847.14926934097
139.89727783203125,10902.496879056498
139.91406416893005,10902.3169757044
139.93082356452942,10930.171901226899
139.94714999198914,10971.015080504216
139.96427726745605,11030.271451700253
139.98100090026855,11096.083711404495
139.99774742126465,11148.968169443475
140.0144293308258,11175.032860934012
140.03120517730713,11180.69948225874
140.04786229133606,11195.082960533859
140.06442856788635,11224.155160755083
140.0814230442047,11262.175364077359
140.09817051887512,11356.628055799574
140.11488366127014,11381.076812451967
140.13169527053833,11287.692911260603
140.1480107307434,11246.04662994576
140.1651268005371,11315.348076987482
140.1818492412567,11362.795456766115
140.19856715202332,11485.611530154978
140.21530079841614,11647.748545744389
140.23212313652039,11938.218354102957
140.24881792068481,12262.404854046228
140.2657425403595,12398.220150572615
140.2819471359253,12424.53373145786
140.29867219924927,12423.792647080541
140.31598830223083,12453.73079438808
140.332124710083,12523.766338961765
140.34935879707336,12669.502131300793
140.36577820777893,12798.509804410072
140.3894383907318,13074.65339551512
140.40943908691406,13279.000438771462
140.43011665344238,13475.841509081782
140.44352746009827,13642.158038192394
140.45599007606506,13641.768567283076
140.4692108631134,13684.43204417743
140.48514580726624,13721.983135249031
140.499587059021,13804.380928963754
140.51674365997314,13861.484281478082
140.53338408470154,13898.002901621368
140.55038952827454,13877.295937893752
140.56690073013306,13908.039294003369
140.58330178260803,13841.962399512271
140.60004234313965,13854.932564626499
140.6171736717224,13865.092298487994
140.6336908340454,13930.719262298839
140.65061020851135,13900.69169932046
140.66740345954895,13934.425455230561
140.6841278076172,14062.495486368474
140.70084857940674,14204.188324218925
140.71766781806946,14041.558078610631
140.73437070846558,13893.131854868445
140.75412321090698,14208.7494258879
140.77372884750366,14763.237331898601
140.78801941871643,15863.90644098538
140.8009901046753,16045.400173653783
140.81805610656738,15989.31738524474
140.83471727371216,16115.934917705372
140.85145664215088,17678.13725598325
140.86788702011108,19485.705749643603
140.88805627822876,18637.732425715305
140.90789341926575,17586.953145069703
140.92752647399902,17193.705723628238
140.94651055335999,16686.320953505885
140.96649980545044,16732.734381404345
140.98818349838257,16709.17857345078
141.0090367794037,15761.866428846817
141.0285987854004,14994.498450912504
141.04853987693787,14872.403136651117
141.06875729560852,15048.61242515902
141.08846354484558,15041.170328150289
141.10179114341736,14421.970968062036
141.11429071426392,13772.067258225276
141.12613081932068,13434.881325148655
141.13932061195374,13115.515544706406
141.15403151512146,12747.070002695347
141.16760730743408,12280.746806330671
141.17982745170593,11863.958777418398
141.1923110485077,11467.214481121342
141.2055172920227,11150.178908348016
141.21948170661926,10859.353825744489
141.23638129234314,10581.142584869167
141.25313806533813,10295.768611273423
141.2707257270813,9986.30392752961
141.28627014160156,9721.066660391814
141.30324411392212,9543.558037629866
141.32000303268433,9402.443607251458
141.33666586875916,9261.546392330287
141.3536822795868,9109.029694222198
141.37005138397217,8966.586967011295
141.38671565055847,8825.691699384577
141.40339040756226,8690.104434767425
141.42007851600647,8579.65797669242
141.4370083808899,8474.155845181785
141.45358777046204,8367.367404859477
141.47026753425598,8287.781252450824
141.48740649223328,8173.09448822814
141.5041801929474,8044.602831917241
141.52086901664734,7861.965008203773
141.5378382205963,7688.751046245746
141.55438780784607,7541.749680678391
141.5710849761963,7021.02156628601
141.58781480789185,6579.569648368947
141.60450887680054,6368.704336199018
141.621239900589,6221.981410975044
141.63801622390747,5980.229975845713
141.6545217037201,5829.555809341122
141.6713089942932,5728.193875170222
141.68919134140015,5645.77655315065
141.70432925224304,5604.579218472575
141.72139620780945,5576.430359513597
141.7387821674347,5558.037890836182
141.75474214553833,5518.121306920615
141.77110052108765,5511.98066648245
141.7926800251007,5487.045170689565
141.81331849098206,5480.725824488496
141.8352177143097,5451.092500487939
141.8591206073761,5452.377233275695
141.87338995933533,5432.542079947531
141.8893678188324,5429.585977241087
141.90360116958618,5412.6631829259
141.9173686504364,5408.105010496515
141.93268370628357,5397.023916218418
141.945942401886,5391.12827983971
141.95999336242676,5377.4352451475215
141.9739384651184,5370.983667418148
141.98984503746033,5361.437015639095
142.00468635559082,5362.412429600928
142.0217523574829,5347.939011387571
142.03844356536865,5340.833561477464
142.05517625808716,5336.965252472628
142.0718114376068,5332.821904524871
142.0881359577179,5324.9020859678885
142.1051323413849,5325.2598938248375
142.12147307395935,5319.0628620562975
142.13856625556946,5308.276125784791
142.1552472114563,5311.4238446438085
142.17161464691162,5299.665905943119
142.18860006332397,5298.176784190008
142.20522165298462,5292.100627528497
142.2218463420868,5291.196867623462
142.23861265182495,5278.641647764314
142.25532150268555,5280.183306037972
142.2720592021942,5275.065160049116
142.28876638412476,5276.229271677311
142.30532145500183,5269.144517293239
142.32187509536743,5268.673633330687
142.3429388999939,5263.491161974356
142.36443734169006,5262.324148969733
142.38549828529358,5257.240771347686
142.4060513973236,5255.226408243073
142.4195749759674,5249.937877992508
142.43367385864258,5247.621296388136
142.4469337463379,5247.0934306519175
142.4605622291565,5241.551541072044
142.47464990615845,5232.503289622255
142.48868322372437,5234.594189131241
142.5056872367859,5236.479537782001
142.52238631248474,5231.205769027653
142.53908610343933,5227.797112438175
142.55554223060608,5225.958435434837
142.57231664657593,5218.276909306292
142.58901166915894,5221.079029868197
142.6058132648468,5221.660136881771
142.62249994277954,5211.784333304951
142.63919830322266,5211.229795669303
142.65588760375977,5210.580791092018
142.6725721359253,5212.187759322962
142.68928265571594,5211.961132024488
142.70599269866943,5210.036400794688
142.72267150878906,5198.219123777324
142.73932552337646,5203.446380065862
142.755961894989,5196.676078839237
142.77406287193298,5196.114812159467
142.78904223442078,5196.261799574024
142.80592679977417,5196.847759329183
142.82237434387207,5188.088153565047
142.8392527103424,5191.535949358135
142.8559536933899,5185.426310835054
142.87252807617188,5189.650349357497
142.88929200172424,5183.529311449276
142.9062955379486,5184.907250959509
142.9229383468628,5174.763148355492
142.93925738334656,5177.385016543658
142.95621871948242,5168.840395454072
142.9729561805725,5166.797051002611
142.98964977264404,5169.699586850342
143.00633597373962,5168.826049103997
143.02304482460022,5165.664446040312
143.0397605895996,5161.235475520677
143.0563735961914,5166.863730896695
143.0740020275116,5159.033738694345
143.0897912979126,5160.974171759573
143.10750222206116,5149.6925310128845
143.12828302383423,5156.839590293081
143.14815163612366,5144.10447472712
143.1679015159607,5156.5057302551
143.18852829933167,5149.313581778561
143.20996403694153,5149.396269134044
143.2307288646698,5140.858763764278
143.25015020370483,5141.930557561329
143.2698323726654,5133.570148874488
143.28930568695068,5139.100862385675
143.30948138237,5128.011899336043
143.3222472667694,5136.4964255279865
143.33414387702942,5127.030131868601
143.3461422920227,5135.392793295891
143.35885572433472,5122.6426581095375
143.37273359298706,5129.134694839261
143.38561511039734,5122.0570706161325
143.3975954055786,5122.171577128313
143.41074442863464,5122.296911832755
143.4236843585968,5120.746417054472
143.44040966033936,5115.883816932913
143.45684361457825,5112.767837322165
143.4737365245819,5112.808847268574
143.49025678634644,5110.2571500532185
143.5067286491394,5116.080462450929
143.52338814735413,5106.813145561115
143.54007863998413,5115.670428068781
143.55674719810486,5103.176278079937
143.57352113723755,5110.785636219222
143.59647464752197,5092.313862757427
143.61902356147766,5113.52074503253
143.64163255691528,5088.361366671442
143.65572214126587,5112.288860917035
143.6692488193512,5082.614795968454
143.68334865570068,5102.568707202388
143.6976613998413,5076.12301269211
143.71129441261292,5107.516865204216
143.72548079490662,5073.807909659362
143.74037528038025,5108.7749081115735
143.75747179985046,5062.212584365942
143.77419447898865,5100.695491814483
143.7908751964569,5059.096920077131
143.8076148033142,5104.32656725651
143.8242907524109,5052.470447869742
143.840660572052,5102.558985573344
143.8573112487793,5053.515842895004
143.87403392791748,5098.298875065928
143.89100170135498,5047.745597673883
143.90745854377747,5092.564061155401
143.92839217185974,6007.263095030816
143.94899487495422,5606.720930884292
143.965922832489,5818.844800121364
143.98000621795654,6097.822780584362
143.9934606552124,6134.872661676734
144.0075879096985,6308.248319510206
144.02473664283752,6392.60473375957
144.0414161682129,6507.332909072208
144.05796360969543,6410.361436366973
144.07472705841064,6468.157950362811
144.09154176712036,6400.765371965884
144.1082000732422,6413.9150721588285
144.1249794960022,6338.786605074965
144.14161849021912,6304.635306829741
144.15832495689392,6239.749648356374
144.17499923706055,6271.969077104132
144.19166827201843,6254.085909602094
144.20831274986267,6289.432538310617
144.2249791622162,6282.674590213198
144.24177289009094,6338.184526382922
144.25866150856018,6354.956811311325
144.28115034103394,6422.578401388061
144.30254983901978,6459.398110185606
144.3230595588684,6520.847663992751
144.33708024024963,6551.726050027934
144.35946893692017,6556.580641428371
144.38119506835938,6546.513990078501
144.4030532836914,6524.36015639394
144.42515444755554,6518.022736946829
144.44661402702332,6503.13704816136
144.46876907348633,6510.615116937121
144.49020051956177,6516.827444112425
144.51230311393738,6541.212102980472
144.52564001083374,6564.7749106849415
144.53883504867554,6605.959611175776
144.55240893363953,6618.2892483056185
144.56712245941162,6638.580504893989
144.58226346969604,6640.489377924671
144.59534335136414,6661.0403595688895
144.6087782382965,6662.508647722473
144.62244367599487,6690.010217726392
144.6356394290924,6719.224443807756
144.64817237854004,6783.810464757676
144.6610176563263,6812.787084384796
144.6737766265869,6815.652573630439
144.68643498420715,6804.127636260042
144.69864082336426,6803.293327805017
144.7182171344757,6806.446356566497
144.73650193214417,6908.998576426109
144.7534921169281,7020.828316092419
144.7695393562317,7081.039875783431
144.7854561805725,7151.330103735501
144.80181121826172,7247.5253197028105
144.81701469421387,7323.706212607422
144.83271074295044,7396.74124336671
144.84864377975464,7438.343808488343
144.86486434936523,7522.132937662098
144.88081097602844,7640.959163595073
144.89446926116943,7725.255859985803
144.90934228897095,7762.880516684089
144.92644572257996,7782.9903807022265
144.94316267967224,7831.121827085829
144.959956407547,7874.024602463315
144.97634100914001,7963.5363374400395
144.99799013137817,8033.731858917332
145.01270627975464,8067.116576058236
145.02682423591614,8112.221357658822
145.0436089038849,8192.450706223195
145.0603334903717,8354.180666728278
145.07705950737,8513.792306213621
145.09377026557922,8583.20179271918
145.11044669151306,8630.808908949397
145.12714219093323,8636.734279762184
145.14388132095337,8626.481813891447
145.16059613227844,8592.120197032653
145.17724227905273,8659.663831780777
145.1939959526062,8804.891628112882
145.21065998077393,9026.71023167279
145.22736406326294,9346.006414389158
145.2439637184143,9664.90205729685
145.2607343196869,9710.075843511911
145.2770698070526,9690.239006184895
145.29410672187805,9642.003974359084
145.31070280075073,9600.801875555975
145.32747435569763,9590.86584759037
145.34418749809265,9515.57485128966
145.36098217964172,9555.470648584722
145.37773394584656,9587.749280000427
145.39404201507568,9581.696005799597
145.41114449501038,9409.009394375567
145.42786073684692,9251.475980551022
145.4445731639862,9254.095409920108
145.46100854873657,9412.607443532313
145.47766709327698,9489.561513369923
145.49470043182373,9434.752459586838
145.51130723953247,9461.871246089811
145.52817177772522,9530.643389917723
145.54456734657288,9583.993927044714
145.56387042999268,9652.3144773649
145.57799291610718,9698.229315862884
145.5947470664978,9717.335160195771
145.61180067062378,9763.831327489252
145.62821078300476,9855.416981346776
145.64533138275146,9927.36046168895
145.66206336021423,9978.783208187604
145.67877793312073,10005.15704787531
145.69512724876404,9998.926041495188
145.71194338798523,10054.333091866178
145.7363986968994,10059.197734272499
145.75708985328674,10061.570417420553
145.77205777168274,10110.899740659072
145.78705525398254,10130.958854748153
145.80308866500854,10173.599107453192
145.81739473342896,10202.758126836157
145.83198165893555,10236.029529290578
145.84597396850586,10272.412701227055
145.8628044128418,10261.97050794053
145.87924432754517,10223.020985464316
145.89631056785583,10163.10990846127
145.91309714317322,10143.345264019974
145.92940855026245,10120.544202849098
145.94656252861023,10106.62328379193
145.96333599090576,10115.973321558353
145.98006415367126,10089.992208941667
145.996413230896,9985.822475264958
146.01349115371704,9928.365638117317
146.0302414894104,9923.969219625631
146.0469970703125,9941.666642603554
146.06369352340698,9988.81198918065
146.08035349845886,9955.26881351416
146.09720659255981,9911.140069370293
146.11394000053406,9880.736570819234
146.13063621520996,9872.319073027153
146.1469874382019,9865.470087002863
146.16371297836304,9863.077662620024
146.18047428131104,9855.617662419847
146.1975920200348,9857.01371623451
146.21433401107788,9895.27741583271
146.23067116737366,9894.713452319376
146.24779796600342,9925.279358911677
146.26455688476562,9920.89610106194
146.28129839897156,9900.588547369563
146.29802179336548,9894.198400281683
146.31475615501404,9887.110927773168
146.33148384094238,9911.593181765926
146.34808015823364,9986.62212065957
146.36498045921326,10094.816107691764
146.38171553611755,10153.716545033096
146.39841508865356,10181.992293570767
146.41490077972412,10188.786458499584
146.43197894096375,10163.18655669346
146.4482765197754,10231.705161519767
146.46499037742615,10290.229445984682
146.48216104507446,10349.927441880933
146.4988558292389,10413.76263786102
146.51561999320984,10583.37255218545
146.53232979774475,10654.367777094012
146.54895496368408,10747.964498548708
146.5658416748047,10931.902235069057
146.58256578445435,11044.329315846111
146.59932732582092,11646.954859705142
146.6156623363495,12108.024182311754
146.6327543258667,12359.255545950635
146.64948201179504,12548.754927674157
146.66587328910828,12718.5349397771
146.68287658691406,12836.493744348194
146.69936847686768,12852.174449351553
146.716126203537,12909.463016418058
146.732807636261,13054.024476520099
146.74959444999695,13293.838907716936
146.7663059234619,13567.953117558573
146.7829728126526,13799.285887997848
146.79972505569458,13920.027001261273
146.8164575099945,13899.864762918956
146.8336296081543,13824.050882978514
146.85003113746643,13836.432687983128
146.86671137809753,13878.0440041964
146.88343024253845,13923.646576258956
146.90055084228516,13951.228107485402
146.91729187965393,14003.448760263369
146.93405055999756,14039.65477984128
146.9507336616516,14112.476418258824
146.96710395812988,14134.430677062923
146.98384833335876,14152.498016745736
147.00066208839417,14143.226180454692
147.0176088809967,14195.623064333839
147.03409886360168,14122.04522613014
147.05115056037903,14111.433493631474
147.06772351264954,14089.365917529127
147.08430004119873,14094.848183647417
147.10104274749756,14112.60680538408
147.11778163909912,14162.236271670385
147.13489770889282,14212.87487843377
147.15123581886292,14245.160676521318
147.1680703163147,14226.327926370132
147.1850883960724,14207.829871859622
147.20145440101624,14156.306334489165
147.21829748153687,14110.80043942623
147.23542761802673,14091.715198849664
147.25203037261963,14018.637962860159
147.26882886886597,13894.98135275777
147.2855887413025,13884.730720995996
147.30229210853577,13951.014599034806
147.31902289390564,14056.528243498075
147.33584260940552,14169.449937494186
147.35254049301147,14202.386702386873
147.36917304992676,14102.05441722161
147.3859395980835,13901.401791568906
147.40222692489624,14318.439561106556
147.41930747032166,14369.024996652168
147.43608045578003,14395.736075603243
147.4528684616089,14398.560927396315
147.4691824913025,14433.649337635865
147.54282593727112,14210.859234912425
147.61456298828125,14096.667907762698
147.68562722206116,13938.306706226054
147.75371146202087,13960.7479821902
147.76761412620544,13986.807840044443
147.7855920791626,13889.267047305273
147.8001992702484,13682.21213896178
147.8148238658905,12996.216493014783
147.82903289794922,11167.131732323902
147.84371137619019,9041.892142064715
147.85844469070435,8664.13718322433
147.8737473487854,8020.20991698571
147.88967657089233,7933.914230321362
147.9052894115448,7978.161932257336
147.92134284973145,8000.668398062742
147.93739342689514,7785.893279290939
147.95336246490479,7904.970352503975
147.96966576576233,8121.95201348184
147.98600602149963,8144.623855007414
148.00427174568176,8243.128689746942
148.02030515670776,7989.090089815346
148.0360677242279,7744.3942090074215
148.05234336853027,7467.661315886627
148.0688178539276,7431.13318209254
148.08469223976135,7306.689429038161
148.09972095489502,7307.1253118296845
148.11460733413696,7243.103023145495
148.13109946250916,7316.023325509713
148.14614415168762,7325.439037472277
148.16126036643982,7399.047359203767
148.1764054298401,7379.4584150225
148.19087529182434,7442.580997951516
148.2056200504303,7480.845162370551
148.2207269668579,7520.578017054584
148.23654007911682,7541.225071612661
148.25249886512756,7570.453627471951
148.269024848938,7359.145399940774
148.28624367713928,7142.025849670762
148.30219149589539,6675.530095035178
148.31795859336853,6140.77104353619
148.3337140083313,6146.215859117581
148.34926390647888,5974.583837026748
148.36440324783325,5938.522710491711
148.3801772594452,5930.7954086688305
148.39484071731567,5799.989861128682
148.41076970100403,5579.396935288118
148.42496180534363,5497.212469035375
148.44059252738953,5436.889242470309
148.45635151863098,5386.054589798784
148.47091722488403,5368.025825528114
148.48490810394287,5345.846808687624
148.49899673461914,5332.099217356843
148.5141954421997,5314.048273389937
148.52979111671448,5307.682002480649
148.54400944709778,5288.209404379126
148.5582628250122,5282.129561850102
148.57348823547363,5270.267364150689
148.58866429328918,5265.724941711885
148.60416173934937,5254.7354333178055
148.6196427345276,5252.6789609187745
148.63458132743835,5243.069243990381
148.6506004333496,5241.36569969203
148.6663429737091,5229.5071014642335
148.682861328125,5223.062142312576
148.69802904129028,5215.38375743671
148.71285605430603,5212.86330820294
148.72792315483093,5206.261981453756
148.74197006225586,5205.2221812573
148.75683093070984,5199.456801514626
148.77256155014038,5195.352658988916
148.78867101669312,5191.575860819404
148.80415391921997,5186.435312661261
148.82067799568176,5180.803820704662
148.83680844306946,5175.999585410838
148.85326981544495,5171.366977009808
148.86860346794128,5171.389554167729
148.88381099700928,5170.030931784577
148.89902138710022,5161.69234968263
148.9132354259491,5158.641124533127
148.9269962310791,5150.280248406949
148.94075894355774,5148.897930388908
148.9547302722931,5141.030528499091
148.96957445144653,5148.078303720403
148.9833207130432,5142.672698729579
148.99715113639832,5142.917943446103
149.01053738594055,5140.295218756292
149.02427053451538,5129.9621374033395
149.03951930999756,5131.737078004189
149.05451440811157,5126.7129559672085
149.06998252868652,5120.081157600622
149.08418798446655,5123.045569292076
149.0991234779358,5121.16567977788
149.11381244659424,5112.060249981298
149.1285593509674,5111.654633624667
149.14342999458313,5113.317627881714
149.16068124771118,5111.496846478034
149.18485069274902,5109.172652551418
149.20902252197266,5108.2759157162955
149.2332365512848,5100.598230434222
149.25771236419678,5102.395432280562
149.28052163124084,5098.908789564972
149.29507279396057,5096.47391104332
149.3104751110077,5093.630811415561
149.32583951950073,5092.928117497735
149.33937740325928,5089.482704171258
149.35416722297668,5092.960543217121
149.36878442764282,5090.150097554163
149.38329005241394,5087.5374319155
149.39853310585022,5086.004512688322
149.41289973258972,5082.182568054773
149.4278028011322,5082.134017380988
149.44299602508545,5076.177075005177
149.45810103416443,5069.485645098044
149.47380232810974,5072.457652605986
149.48987746238708,5065.696859804636
149.5060167312622,5067.502871892583
149.52175402641296,5063.764344300632
149.53711080551147,5064.142087082009
149.5524446964264,5056.3846279979325
149.5679943561554,5053.048952436168
149.58296942710876,5051.046448263836
149.59789991378784,5049.020904962161
149.61331725120544,5050.04375056592
149.62883067131042,5043.784934982204
149.64397263526917,5047.128055027086
149.65901684761047,5040.268703854901
149.6737163066864,5039.755170581291
149.6886007785797,5035.037214128829
149.70364904403687,5036.881701163242
149.71874499320984,5029.191912193541
149.73391270637512,5034.767761631118
149.75121402740479,5024.186158378594
149.76618576049805,5033.12278764667
149.78182125091553,5024.102274649144
149.79660153388977,5028.217429369434
149.8113498687744,5023.564457664415
149.82650446891785,5018.098151055984
149.8414375782013,5019.554395959492
149.85671758651733,5021.814683231977
149.87163472175598,5015.9883549315555
149.8873016834259,5018.336693352915
149.90308713912964,5014.306289784373
149.91909861564636,5015.991906936095
149.9347321987152,5012.220623547066
149.95067524909973,5006.667982401296
149.9663166999817,5008.668037369422
149.98261666297913,5005.235556403259
149.99795269966125,5005.847792093734
150.01267886161804,4999.207001076773
150.02801942825317,5002.551709350429
150.04330039024353,4996.019334830567
150.05815863609314,4999.375027252239
150.07289481163025,4993.581209901711
150.08775639533997,4995.90822799112
150.10296416282654,4987.743158779677
150.11797666549683,4999.353579742426
150.13327050209045,4978.942113149227
150.14873218536377,4992.532321156785
150.16401505470276,4976.780507844874
150.17885065078735,4991.143797131556
150.19389700889587,4975.712386696156
150.20842862129211,4992.304291474327
150.22274518013,4971.811462089423
150.2367467880249,4988.170734696224
150.25088739395142,4962.924909441988
150.265527009964,4983.338682971113
150.27941012382507,4961.398759617839
150.29319524765015,4984.6231157073435
150.3069941997528,4958.6407237927715
150.3211145401001,4977.0777648827425
150.3354880809784,4959.728366907818
150.35002279281616,4978.986042248858
150.3653163909912,5314.654280464253
150.3802788257599,5082.950187888782
150.39498853683472,5217.872035764894
150.409517288208,5344.529673570547
150.42507338523865,5382.038240513041
150.4418444633484,5473.29062364252
150.45854949951172,5462.695360611733
150.4752116203308,5511.372147180791
150.4918909072876,5502.854647242647
150.50863599777222,5540.387872462533
150.52566123008728,5536.9721340185
150.54219937324524,5603.184736416569
150.56027388572693,5685.95081950966
150.58741283416748,5805.951840777694
150.60266137123108,5834.673596603316
150.61846446990967,5897.562647237228
150.63377976417542,5959.885820697224
150.65073037147522,6016.958474700454
150.66653847694397,6046.728177881859
150.6819360256195,6082.882014690487
150.69699597358704,6111.58996991562
150.7127001285553,6122.716659621283
150.72762966156006,6128.70681794218
150.74222087860107,6171.994709909044
150.75891828536987,6214.949357522351
150.77555966377258,6252.7915789159815
150.79225087165833,6280.29752525682
150.8089256286621,6307.261108922742
150.8264241218567,6336.931984310805
150.8422634601593,6382.981095359017
150.85924220085144,6418.854275777654
150.8756456375122,6423.721975858742
150.89233255386353,6423.580621368357
150.90899658203125,6398.361858847698
150.92592573165894,6376.088319209783
150.94233965873718,6383.676538775338
150.95904636383057,6360.9042248156165
150.97571778297424,6343.899310042366
150.9938247203827,6314.714258673254
151.00910305976868,6294.5608481342315
151.02615571022034,6300.88578999137
151.0425364971161,6290.637774975574
151.05921816825867,6290.963217288132
151.07589840888977,6244.788501111354
151.09255695343018,6205.337182570507
151.1095232963562,6209.110000857698
151.1259114742279,6207.803034930479
151.1426019668579,6189.470993424336
151.15961337089539,6169.5892461737185
151.17596340179443,6157.124538365942
151.19299459457397,6167.611921479069
151.20934057235718,6110.295419075942
151.22602486610413,6117.348467902007
151.24492573738098,6113.536081428871
151.2687120437622,6103.600193228336
151.28551959991455,6107.717489440594
151.29947805404663,6115.125937010493
151.31425833702087,6120.412731283812
151.328510761261,6107.987746035205
151.35401391983032,6104.000526298737
151.37847113609314,6114.781211328172
151.4036841392517,6158.82738855849
151.4288625717163,6194.2637136639705
151.45214176177979,6239.033652551046
151.46754384040833,6289.9401884596655
151.48280000686646,6337.730276793607
151.49798250198364,6305.725724914538
151.51347637176514,6293.946139069849
151.53680729866028,6327.932931806489
151.56003999710083,6366.662232811256
151.57690620422363,6404.345056617179
151.5930540561676,6449.26553813054
151.61076021194458,6489.289931806393
151.6266965866089,6572.562993540785
151.64163637161255,6630.993044868606
151.6556053161621,6630.064677289352
151.66940116882324,6682.746213998631
151.685852766037,6807.671325839547
151.70123410224915,7015.085741781574
151.71708464622498,7139.6870624032135
151.73269367218018,7161.639097220559
151.74959588050842,7188.183521010408
151.7662079334259,7230.768439779683
151.78082656860352,7272.930630941823
151.79515528678894,7300.632119695753
151.80909705162048,7289.448613273878
151.82360339164734,7315.718563251415
151.8385455608368,7320.248217718764
151.85482692718506,7324.701152338241
151.8695833683014,7334.611385085274
151.8841495513916,7392.564994137435
151.8990523815155,7530.527183661706
151.91379833221436,7561.709721958425
151.92823719978333,7559.066442512668
151.94314765930176,7560.7937252228185
151.95782113075256,7603.3032053350635
151.9746334552765,7632.855356573467
151.98915767669678,7666.6467178769635
152.00446581840515,7676.628771235399
152.01987624168396,7660.042870879953
152.0347819328308,7645.518830308947
152.0495388507843,7634.9359744079475
152.0648956298828,7615.507015516168
152.0798556804657,7658.805992670756
152.0983898639679,7823.009964812828
152.114604473114,7987.991362004249
152.13125610351562,8138.074025948453
152.14661240577698,8254.74243782369
152.16216039657593,8364.059200606258
152.1783893108368,8537.147927751903
152.19508051872253,8679.000026116317
152.21174573898315,8781.687021309177
152.22852778434753,8855.865368319328
152.24523997306824,8901.661020420284
152.26190161705017,8863.39183729555
152.27856016159058,8801.590395826792
152.29559421539307,8805.88550737907
152.3119261264801,8778.647545842923
152.32872986793518,8848.526097026597
152.34526252746582,8950.770944026364
152.3619589805603,9212.300705053973
152.378662109375,9360.43410655866
152.39533805847168,9519.995061315387
152.41236019134521,9960.640025454746
152.428772687912,10138.666709708537
152.44551157951355,10252.751323449023
152.46223425865173,10341.422865981947
152.4789719581604,10323.548343882612
152.49609088897705,10383.062502933803
152.51250505447388,10424.379719753199
152.52916741371155,10487.638752783872
152.54609608650208,10524.219333752442
152.56261944770813,10611.651141914459
152.57937216758728,10681.2655105119
152.59610962867737,10705.12088826572
152.6128420829773,10702.415250970731
152.62957048416138,10702.49811006045
152.64697241783142,10770.550019822138
152.66305541992188,10838.658928698007
152.67977857589722,10981.82254421249
152.75233554840088,11115.128720398485
152.76662492752075,11233.521891182008
152.78152656555176,11161.987676952122
152.7963626384735,11044.708256354692
152.8109622001648,11019.934888637692
152.8253276348114,11024.258671610827
152.84008479118347,11014.16947159164
152.85497665405273,11005.564204197326
152.87256860733032,11010.141505274623
152.88794207572937,10963.260066710385
152.90365386009216,10952.048380285072
152.9191858768463,10861.051451668494
152.93457531929016,10874.364685970477
152.9500322341919,10901.847025908495
152.96591925621033,10922.29501059319
152.98166275024414,10980.545191404719
152.99755764007568,11070.493990629382
153.01328444480896,11150.41086129027
153.02862930297852,11178.250921727547
153.04505133628845,11213.50563476938
153.0606951713562,11347.914736583974
153.07551765441895,11513.922396200554
153.08923268318176,11567.435827483689
153.10355710983276,11552.14085455961
153.1178798675537,11486.738906044931
153.1318633556366,11500.765275643835
153.14614963531494,11447.61930929706
153.16065526008606,11408.78946080623
153.18479442596436,11429.677613842996
153.21038484573364,11497.428889843453
153.22862768173218,11531.808227997983
153.24442672729492,11559.76292526452
153.26015758514404,11535.276589015219
153.27623081207275,11576.916069552202
153.2917993068695,11624.719663505857
153.30711221694946,11724.800957627438
153.3222324848175,11779.682575603418
153.33802962303162,11897.198967366381
153.3550832271576,11926.730484731612
153.3708291053772,11884.072465435465
153.3860206604004,11717.091152214514
153.40142154693604,11735.782516645479
153.4169089794159,11796.063364317555
153.43253207206726,11933.049983661693
153.44837355613708,12089.010923728398
153.4640634059906,12615.171678324185
153.47965002059937,14665.969134031673
153.4950077533722,15037.853068469505
153.50961351394653,14690.945840357112
153.52469658851624,14456.418207788045
153.54055094718933,13867.839936258197
153.55606317520142,13499.679221037106
153.57161164283752,13077.34106976788
153.58919644355774,13027.415121708473
153.60434937477112,13123.209934453438
153.621563911438,13421.20805492616
153.6376702785492,13604.291165192199
153.65235328674316,13801.20078694897
153.6680393218994,13785.648639172548
153.6839406490326,13614.879961922506
153.70104241371155,13339.402568365029
153.71744060516357,13076.209987402639
153.73453664779663,12812.83283139933
153.75164937973022,12684.69825331816
153.76762008666992,12564.40886870081
153.78538703918457,12570.568695702115
153.80149030685425,12593.800883115046
153.81787991523743,12751.012954205658
153.8346130847931,12844.207957849452
153.85132431983948,12871.553722703246
153.86806654930115,12894.023347328588
153.88485145568848,12698.392188716265
153.902188539505,12638.372616671371
153.91830801963806,12749.192115962906
153.93504452705383,13045.445102903512
153.95174145698547,13498.955089736754
153.96854448318481,14167.011761743708
153.98526453971863,14509.939926241786
154.00201058387756,14372.589737863602
154.01873970031738,14203.30822974456
154.03549766540527,14125.408651591213
154.05222916603088,14082.323317956649
154.0689492225647,14103.42106772252
154.0856900215149,14122.656683341229
154.10238671302795,14225.82826110742
154.1192123889923,14312.665328519292
154.13592410087585,14351.242715348482
154.1527078151703,14334.830920914128
154.16938424110413,14367.67045854701
154.18614864349365,14140.31492346123
154.20287156105042,13952.016142078413
154.2196033000946,13856.206977172946
154.23633289337158,13704.17598494081
154.254141330719,13757.909388855936
154.27211213111877,13941.182121140819
154.28942346572876,13966.859525715327
154.30606865882874,13846.935926346403
154.32312655448914,13774.724806814147
154.3492660522461,13595.032735173376
154.372168302536,13197.376799356169
154.38782787322998,12950.778135860422
154.40345931053162,13457.279823360883
154.4191017150879,13586.457043602488
154.43482446670532,13307.859935907813
154.45047545433044,13235.493688524413
154.46727991104126,13060.895732102837
154.48293137550354,12978.834749475416
154.50061130523682,12940.996886887844
154.51639699935913,13036.269480094466
154.53205060958862,12866.342103097759
154.54786324501038,12291.9395751688
154.56346344947815,11883.02105023632
154.57917046546936,11562.082510533503
154.59422039985657,11436.481475930339
154.6084725856781,11314.15458760691
154.6230936050415,11197.020398024259
154.63824605941772,11039.801143661209
154.65536665916443,10905.112341405655
154.67172598838806,10789.481319737428
154.68847393989563,10681.365016340695
154.70521211624146,10577.674506106137
154.7222855091095,10454.567106516428
154.7386679649353,10355.665233844575
154.75577592849731,10293.543333507307
154.7725648880005,10259.569271985516
154.78890824317932,10208.84589240286
154.80596566200256,10189.449621419006
154.82230043411255,10152.613342206507
154.8393108844757,10136.030426701653
154.8558132648468,10083.508459951629
154.87252187728882,10042.134563404266
154.88924932479858,9986.505356492376
154.9060161113739,9935.321984641902
154.92272067070007,9849.022720627387
154.93985795974731,9762.048607694021
154.96003341674805,9599.609622870452
154.9756727218628,9458.129714612742
154.99159407615662,9295.094646016234
155.0108995437622,9188.081325988765
155.03119444847107,9041.928317046533
155.04915308952332,8947.187765897188
155.06772089004517,8830.390747059388
155.09298491477966,8743.679880620835
155.1115620136261,8615.706831827572
155.136079788208,8513.460943474549
155.15869450569153,8394.194776259272
155.1758677959442,8295.939295371667
155.19209814071655,8173.948318019557
155.20816135406494,8061.799677136299
155.22394490242004,7943.858599480641
155.23978424072266,7824.938156049776
155.2567183971405,7692.982363752941
155.27319407463074,7570.737006443639
155.29014992713928,7520.816242433295
155.30711817741394,7436.945945827725
155.3236048221588,7308.5836706417
155.3405044078827,7154.123576220157
155.35626769065857,7098.89126214688
155.37202787399292,7090.410357613319
155.3883020877838,7068.305382257752
155.40429091453552,7038.7414625960455
155.42074275016785,7039.768389283766
155.43798184394836,6970.292332778675
155.4546148777008,6994.717808967818
155.471289396286,6905.312454230161
155.48816990852356,6940.208434946145
155.504620552063,6851.5672327477805
155.52068829536438,6919.459760866381
155.5371150970459,6774.366351783752
155.55334424972534,6906.779213307578
155.56882286071777,6847.845669425233
155.58467984199524,6839.478695456759
155.6008803844452,6714.322358013715
155.61676216125488,6804.737846277617
155.6329653263092,6552.537698680519
155.6492977142334,6562.065339571173
155.66560435295105,6461.581563422228
155.6814558506012,6199.6838461213165
155.69702982902527,6226.5698654730095
155.71304059028625,5898.581750586424
155.72933435440063,6086.179505338472
155.74547624588013,5689.178459949696
155.7615270614624,6113.470029147876
155.77933049201965,5645.050110642246
155.79524660110474,5826.473027428408
155.8109483718872,5653.697209030504
155.82682728767395,5375.261708974245
155.8446364402771,5463.5685084581955
155.86075639724731,5337.165023093116
155.87704157829285,5443.352075696656
155.89332795143127,5318.373035275792
155.90927982330322,5390.412221499
155.9254434108734,5291.991799607536
155.94158244132996,5367.708943181371
155.9575173854828,5277.672863438676
155.97352743148804,5340.948387537463
155.98914861679077,5270.093609167912
156.00552582740784,5323.846976433768
156.0227334499359,5260.635515359271
156.03917384147644,5300.774834700296
156.05616164207458,5251.619700909179
156.07387804985046,5282.655056710181
156.09049010276794,5248.834879549826
156.1067180633545,5270.115684033795
156.12285780906677,5243.310993839364
156.13912391662598,5252.756650668725
156.15674233436584,5230.888187449642
156.17270183563232,5238.0944356412165
156.18875980377197,5231.102297826143
156.20565509796143,5225.130004769673
156.22180914878845,5226.730982327394
156.23776412010193,5217.3157782227745
156.25409269332886,5227.15041200387
156.26936841011047,5204.252239309731
156.28466701507568,5218.894411266813
156.29961514472961,5194.891286449167
156.31574845314026,5209.690568516229
156.3343231678009,5188.225160516451
156.35054636001587,5201.436264015757
156.36668372154236,5177.804331135422
156.3827302455902,5195.064702701566
156.3988106250763,5174.779694111981
156.41515445709229,5191.711280786131
156.4312138557434,5175.218671231889
156.4474139213562,5182.833585784796
156.46379280090332,5169.9104064895655
156.47997188568115,5177.544302651736
156.49551939964294,5166.512956908316
156.51208925247192,5175.670761100043
156.52888441085815,5161.886621666782
156.54559063911438,5163.270785764493
156.56232404708862,5157.2086373361935
156.5790719985962,5159.062876018109
156.5958080291748,5155.240692933676
156.6125147342682,5160.430325340805
156.62924671173096,5152.111507486999
156.64603209495544,5153.946808666664
156.66278195381165,5149.786547358145
156.6794981956482,5148.987657034646
156.69620203971863,5146.399859819761
156.71293091773987,5148.003825925818
156.72965955734253,5139.196941008635
156.74670481681824,5132.553212117921
156.7632133960724,5140.151231245789
156.77993726730347,5133.576233201773
156.79665184020996,5138.115115303831
156.81338357925415,5134.717248376844
156.8300907611847,5134.816553947309
156.84681797027588,5127.068552403383
156.86356806755066,5131.34265886163
156.88059329986572,5122.743137190503
156.8970341682434,5129.020511172335
156.91380643844604,5116.565171783217
156.93046879768372,5122.891490252131
156.94722747802734,5112.003855338112
156.9639594554901,5112.255603419269
156.98066568374634,5110.406587342457
156.9977424144745,5116.850771777369
157.01466012001038,5107.809675472376
157.03084659576416,5107.192155965235
157.0475800037384,5106.78774480618
157.06430315971375,5105.73443667668
157.08146476745605,5099.742411592113
157.09799027442932,5102.7196838075815
157.11470007896423,5091.4062117881285
157.13127088546753,5097.910501331747
157.1480586528778,5097.403643193488
157.1647984981537,5091.563017121382
157.18153166770935,5085.631749175252
157.1984167098999,5089.763272638304
157.21493864059448,5087.1303933764175
157.2316756248474,5083.480254749499
157.24844646453857,5085.9126272360245
157.2651264667511,5077.710755542509
157.28187489509583,5085.175843732872
157.29858493804932,5076.528817652049
157.31538105010986,5076.033318835429
157.33205890655518,5079.259812523444
157.34879422187805,5080.851657753556
157.36551213264465,5071.680070486194
157.3822283744812,5069.314192093059
157.39896655082703,5066.814881023123
157.41576743125916,5065.397966970833
157.4324872493744,5060.321471956146
157.44920539855957,5064.931034727925
157.4659173488617,5060.652103624275
157.48266005516052,5064.123557452509
157.49941730499268,5057.642051201561
157.516179561615,5055.133052928049
157.53285145759583,5053.224981226741
157.54953598976135,5051.759431944808
157.56644225120544,5048.8841286573925
157.5830373764038,5053.284975101425
157.59977412223816,5043.784131717097
157.61684608459473,5044.540621986439
157.63405847549438,5039.713733513951
157.64993572235107,5047.166640188959
157.66705465316772,5039.650494297875
157.6833848953247,5045.226637326539
157.75451827049255,5035.108644397722
157.77005243301392,5035.8659957882755
157.78559184074402,5025.752695123279
157.8013367652893,5037.183466271967
157.8170850276947,5028.80858230031
157.8331322669983,5035.572867010734
157.84927439689636,5173.53747659434
157.86510562896729,5151.126345121474
157.88085651397705,5137.821975186978
157.8971974849701,5152.68189848888
157.91328072547913,5172.420031271603
157.9294192790985,5164.904019227012
157.9451379776001,5173.157665984606
157.96161341667175,5176.961171842091
157.97836542129517,5174.477956515332
157.99457120895386,5180.6843609093685
158.01109886169434,5180.665527675539
158.02769541740417,5213.289522703853
158.04466080665588,5214.2545360448885
158.07144045829773,5240.109033525108
158.08682942390442,5237.783687682975
158.10331058502197,5253.6234662336265
158.1198616027832,5278.196330335023
158.13550901412964,5290.521432243893
158.1512644290924,5286.9040276345
158.16739630699158,5298.217321785301
158.18327283859253,5312.214644632867
158.19976162910461,5323.908283360068
158.21751880645752,5335.949517802907
158.23383235931396,5345.8570243454515
158.24983263015747,5366.175431604411
158.26558423042297,5373.983619732138
158.28163385391235,5386.041591327479
158.29718375205994,5399.116167820472
158.31334614753723,5395.529699298752
158.32971024513245,5402.405058174647
158.34562492370605,5403.886114540364
158.3616280555725,5400.264175194622
158.3778932094574,5408.289026295727
158.39459586143494,5412.613363092188
158.42056369781494,5422.263896673925
158.4482569694519,5439.00401246875
158.47419118881226,5448.763377829724
158.5002624988556,5446.500782506462
158.52661395072937,5449.114384465367
158.55281686782837,5459.811974147085
158.57929515838623,5466.351013061979
158.60515213012695,5482.5154400766805
158.631285905838,5532.32626583647
158.65713119506836,5559.549801156323
158.6831774711609,5572.093721977144
158.70894575119019,5579.131733227248
158.72472167015076,5543.331486115116
158.74037528038025,5531.888260206521
158.7562313079834,5556.352736052992
158.7722442150116,5573.55689382927
158.7882158756256,5609.449997899162
158.80414080619812,5620.320366807336
158.82000494003296,5631.455180709315
158.83608651161194,5673.546246653468
158.8523919582367,5678.839233509675
158.868558883667,5693.773636510698
158.88439869880676,5708.522435702798
158.90084314346313,5714.300478929012
158.91732788085938,5751.896099725063
158.9345588684082,5756.582881722111
158.95083236694336,5777.069624983773
158.96808004379272,5806.579383653482
158.98585963249207,5842.4103691551245
159.01232290267944,5906.511374950853
159.03999829292297,5966.528443201497
159.06744575500488,6013.112862166121
159.09555864334106,6029.939166097338
159.1210057735443,6043.4388515618575
159.13693070411682,6029.416765161854
159.15314650535583,6031.091234689245
159.16967034339905,6064.243397214784
159.18665194511414,6117.252021371832
159.2038655281067,6172.2748437537975
159.21892023086548,6191.338688034121
159.2348449230194,6207.926720244443
159.25022411346436,6243.347733281259
159.26840686798096,6264.49513903288
159.28549361228943,6269.032430247431
159.30106949806213,6276.368481512978
159.3172173500061,6314.87298625478
159.33378100395203,6375.968287172906
159.35022068023682,6448.380985904597
159.36719393730164,6518.39680535175
159.38386225700378,6552.369713619819
159.40046167373657,6572.46016065673
159.4169738292694,6587.774806370617
159.43368291854858,6588.710393339265
159.45002555847168,6600.654326574056
159.4664249420166,6602.990090232686
159.48264145851135,6575.775459257424
159.49897718429565,6561.620887763797
159.51406359672546,6549.875686208833
159.53000497817993,6556.288198629246
159.5451419353485,6543.141992805122
159.56023788452148,6523.088626474179
159.57552981376648,6522.578794702964
159.59174275398254,6510.802178026696
159.6086344718933,6497.9069787757535
159.6255795955658,6477.591800548635
159.64257431030273,6507.209521074077
159.65918684005737,6527.488435140835
159.6755108833313,6506.3041135725525
159.69116926193237,6502.578785892153
159.70745491981506,6473.76318812815
159.7234787940979,6492.129327693136
159.74103140830994,6495.966976756835
159.7574667930603,6465.416114476425
159.77342748641968,6454.736853344372
159.7897560596466,6440.128307441912
159.80594277381897,6454.275064731753
159.82218551635742,6457.094578139818
159.83853387832642,6456.463972254996
159.85482954978943,6451.399136328113
159.87109422683716,6438.257497120328
159.8870713710785,6443.514137455878
159.90348768234253,6446.521326430046
159.92069506645203,6436.145462573911
159.93652439117432,6443.621766006631
159.95237708091736,6426.197130479637
159.9706633090973,6389.694829045504
159.98712539672852,6366.569705241351
160.0030357837677,6353.1808616762155
160.0191240310669,6343.896926761222
160.03599619865417,6324.874991456737
160.0520761013031,6318.479192650431
160.068913936615,6312.287379356833
160.08531785011292,6359.515415183417
160.10134482383728,6423.079009343318
160.11727094650269,6403.622666736749
160.13355374336243,6416.446196559286
160.14973855018616,6424.4966757740785
160.1660554409027,6433.230464811673
160.18245840072632,6461.298298450237
160.19927597045898,6490.900664573767
160.2174882888794,6539.465368035142
160.23402070999146,6580.779592870066
160.25026106834412,6619.434924097204
160.26820015907288,6646.569284512834
160.28455781936646,6684.817195815205
160.30110216140747,6707.247245951999
160.31944513320923,6806.241120958328
160.33562088012695,6933.09907308565
160.3518624305725,7042.700237857
160.36789512634277,7166.6297270784335
160.38374423980713,7240.421904507512
160.39978909492493,7302.454731916362
160.416419506073,7336.5573903184795
160.43430137634277,7324.34766812442
160.45037651062012,7311.46048602081
160.46668481826782,7320.247854506876
160.48307609558105,7378.656486863383
160.49987125396729,7454.546192094209
160.516131401062,7546.646557064612
160.5328586101532,7680.150251325177
160.55174851417542,7784.524104613815
160.568829536438,7799.463139109235
160.58495354652405,7845.914526360144
160.60085606575012,7873.795736617643
160.61759233474731,7994.192449014572
160.6336007118225,8137.492169588515
160.64898419380188,8288.808250432117
160.666889667511,8445.000379918743
160.683025598526,8453.806175500362
160.699147939682,8474.825746152905
160.71503472328186,8495.483239555128
160.7311933040619,8517.447023788458
160.74713277816772,8516.432068590884
160.76279520988464,8535.025149431931
160.77882885932922,8556.402972642594
160.79445505142212,8604.251282526742
160.8106575012207,8652.019718067271
160.83048224449158,8794.091553406313
160.84683322906494,8866.912769370461
160.8642656803131,8879.224354170165
160.88090205192566,8930.242750429034
160.90385580062866,8980.48084361365
160.92096543312073,9040.067174373797
160.9374656677246,9097.95906254272
160.95578265190125,9254.135226186529
160.9720015525818,9387.827939895753
160.98837876319885,9485.946449256398
161.0055913925171,9497.346354003914
161.02384305000305,9415.745657026948
161.04060912132263,9286.419807486001
161.0568642616272,9156.269060905473
161.07288146018982,9043.894186167578
161.0911910533905,8978.133557334551
161.10714530944824,8906.591670807571
161.12358951568604,8801.42807290965
161.1395766735077,8726.78256748403
161.15566897392273,8634.034625217075
161.17169737815857,8488.787317911178
161.1888816356659,8376.184231382838
161.20584082603455,8276.905213740298
161.22252297401428,8213.722252506144
161.23906445503235,8175.7129875043265
161.25597953796387,8150.7914984160925
161.27239537239075,8117.480249695729
161.28841519355774,8089.207751841475
161.30517601966858,8062.573199194258
161.32321977615356,8038.795877959906
161.33960366249084,8019.951219115284
161.35576796531677,7956.483494178761
161.37241578102112,7868.2797357448035
161.3902187347412,7800.118569680089
161.406676530838,7833.400361948952
161.42326307296753,7867.083403404538
161.4398467540741,7856.218934370858
161.45581889152527,7829.801355385494
161.4723572731018,7917.1902766212015
161.48961091041565,8005.885815494712
161.50655388832092,8074.39549225631
161.52268815040588,8182.181875445146
161.5409231185913,8235.442038412191
161.55693745613098,8204.205538713726
161.57287287712097,8135.993865080047
161.58866786956787,8034.536357628214
161.6052098274231,7940.285243077856
161.62199544906616,7873.7466781360035
161.6392960548401,7905.285546400517
161.65532302856445,8132.224605607376
161.67278575897217,8332.936002379074
161.68966245651245,8457.138449872424
161.70634055137634,8559.586870192681
161.72378778457642,8554.851894703805
161.7397141456604,8447.071149951153
161.7563452720642,8404.066088199801
161.77338027954102,8346.602914826739
161.79001140594482,8344.497589888415
161.80645060539246,8458.52041976813
161.82284235954285,8630.94740476638
161.8394091129303,8829.159312798698
161.85611033439636,9063.27473056068
161.87285447120667,9289.26931065951
161.88898134231567,9469.821508569596
161.90594720840454,9517.919922759029
161.92278409004211,9509.426616877667
161.93945622444153,9589.949834735276
161.95603346824646,9753.901839660724
161.97260212898254,10077.518707817453
161.989422082901,10385.314819632284
162.00777959823608,10865.367082039325
162.023601770401,11231.217851437112
162.0403130054474,11427.385695125817
162.05808782577515,11692.656411107257
162.07497477531433,11754.287065265713
162.09344005584717,11726.818443414144
162.11131358146667,11707.702288137429
162.12932658195496,11633.80535525168
162.1461889743805,11578.523044935802
162.16377639770508,11567.073993153495
162.18083882331848,11576.319308517863
162.1980004310608,11648.616265946768
162.21495151519775,11780.562752931579
162.23159837722778,11884.086075672712
162.2484004497528,11934.377076565348
162.26461553573608,11990.49823267305
162.2809727191925,12042.507524823974
162.29687118530273,12095.208603370127
162.31357526779175,12201.255434777011
162.33004593849182,12333.987249054408
162.34732937812805,12346.57864297551
162.36404013633728,12119.88423254107
162.38164353370667,11790.76149867586
162.39842128753662,11642.192128067603
162.4149980545044,11653.860639056325
162.43213295936584,11632.819697870891
162.44934105873108,11513.31929655871
162.466721534729,11381.874313805729
162.48415517807007,11311.88527888297
162.50081729888916,11313.486410056887
162.51834797859192,11265.354386518342
162.53476476669312,11169.956791759776
162.55167818069458,11078.094498354752
162.56860184669495,10952.17602897631
162.58709740638733,10801.381296685775
162.604962348938,10723.074320583262
162.62211894989014,10648.649924236926
162.64073061943054,10545.136827007978
162.65687131881714,10490.177474492428
162.6734974384308,10407.232623823193
162.75341081619263,10308.621124324682
162.7705545425415,10218.090435474607
162.78724241256714,10071.660403624686
162.8046853542328,9847.195827462745
162.82230401039124,9683.954491363847
162.8391444683075,9555.05931566506
162.85667037963867,9438.468060111634
162.8745653629303,9320.729913627009
162.891916513443,9192.589642817296
162.90979743003845,9070.47509040963
162.92776560783386,8948.037365767119
162.94537782669067,8844.312477385949
162.96328711509705,8726.599664587193
162.98219418525696,8643.60070488646
163.00212264060974,8575.62800009286
163.0208125114441,8506.195274127695
163.03967261314392,8429.361309474289
163.05778861045837,8360.790012503146
163.07645463943481,8282.966455764266
163.09476923942566,8195.753904972498
163.11305332183838,8118.0602503619375
163.13160371780396,8065.518010801136
163.15037202835083,8014.410971625961
163.16842007637024,7957.853498572864
163.19665026664734,7894.479526240122
163.22365164756775,7827.200193917171
163.2509205341339,7793.604088205205
163.277081489563,7733.80739704385
163.3029601573944,7638.022439891896
163.3198595046997,7468.643909288544
163.33669233322144,7294.1066713750915
163.35426902770996,7089.936139827023
163.37464356422424,6932.809954305822
163.3924958705902,6756.810219966066
163.4107813835144,6541.41552447706
163.42741060256958,6332.1529550703945
163.44430994987488,6113.946493943649
163.46262788772583,5863.839322471619
163.47909712791443,5626.648244248983
163.49807572364807,5542.925784405971
163.5145971775055,5498.879214110916
163.53162026405334,5462.850332688416
163.54970049858093,5440.961430173029
163.56665205955505,5409.390877320901
163.58453607559204,5395.912002923032
163.6015269756317,5376.066604820715
163.61863160133362,5358.111231005455
163.63640785217285,5345.507563109439
163.65352773666382,5336.944375493911
163.67101383209229,5326.970434044833
163.68786334991455,5314.718666328467
163.7050142288208,5303.062482750771
163.72199821472168,5297.08321194049
163.7371973991394,5296.047110552338
163.75297856330872,5281.659401656313
163.76848244667053,5286.515700944097
163.78415942192078,5267.560867277136
163.79973769187927,5278.541304160347
163.81555342674255,5257.1633466836975
163.83196663856506,5270.817008912133
163.84877967834473,5244.177999512042
163.865234375,5249.568011593114
163.8935055732727,5223.246848313058
163.9137773513794,5235.935580304448
163.9320695400238,5214.474108883043
163.94853162765503,5228.971422943899
163.96465516090393,5190.292781266071
163.98194551467896,5202.470898351936
163.999272108078,5168.185871188255
164.01580333709717,5189.40647675548
164.03300404548645,5149.176556084551
164.05000066757202,5124.659645710927
164.06717491149902,5495.761287189339
164.0838270187378,5213.682494275497
164.10094165802002,5117.128793735747
164.11699509620667,5115.578424621861
164.13441514968872,5077.368569373119
164.15425848960876,5094.030080580655
164.17116236686707,5064.696859050052
164.18811535835266,5078.170233068142
164.20489716529846,5048.171587985643
164.2222399711609,5067.049422401465
164.2390375137329,5045.937334626114
164.2561173439026,5057.326807707905
164.27299308776855,5024.421184524457
164.28990054130554,5044.834440788029
164.30675840377808,5023.230563513839
164.32430577278137,5038.425667408138
164.34107732772827,5022.657551789575
164.35768270492554,5020.471999256211
164.37456512451172,5014.805612271301
164.391459941864,5017.666434231911
164.4085705280304,5009.112996146417
164.42566299438477,5014.773938173517
164.44268321990967,5001.908200019403
164.45981788635254,5010.45165992712
164.47711896896362,4999.893496843304
164.49494075775146,4998.147739596441
164.51272749900818,4994.7767121207535
164.52978706359863,4994.469159072022
164.547292470932,4995.150442077311
164.5643172264099,4987.103321812509
164.58166241645813,4996.945251662702
164.59896111488342,4982.481495776097
164.61670804023743,4984.921566802143
164.6355743408203,4977.155416325259
164.65315628051758,4985.334898902071
164.67064428329468,4977.087705212154
164.6878170967102,4981.824805792239
164.70483684539795,4977.263703941607
164.72273921966553,4978.142128541652
164.73999094963074,4970.955031642785
164.75641989707947,4977.944622463278
164.7733917236328,4972.010699599115
164.7905650138855,4970.45144748597
164.807635307312,4966.371796273164
164.8247263431549,4969.109028675488
164.84166383743286,4967.404800257646
164.8587634563446,4962.230672773766
164.87556767463684,4962.794175145149
164.89213156700134,4957.916138492954
164.90888381004333,4962.265965649769
164.92584490776062,4954.387464475021
164.94434785842896,4955.622773653726
164.96127033233643,4954.340109963535
164.97806572914124,4951.026572672259
164.99476981163025,4950.662178749582
165.011625289917,4954.236443853025
165.02903652191162,4949.9215710555045
165.04653811454773,4957.513035671032
165.0638918876648,4948.418449183489
165.08113622665405,4954.0302136482815
165.09963703155518,4943.8630319541835
165.11636924743652,4950.849666605417
165.13304901123047,4948.990439158432
165.14990878105164,4949.6311971751675
165.1667196750641,4951.558029183501
165.18425297737122,4949.087488471159
165.20122385025024,4944.075176656814
165.22924375534058,4947.194927595362
165.2565095424652,4942.625318392387
165.2758936882019,4943.521783938469
165.2930817604065,4936.318048797153
165.31008529663086,4940.75024317378
165.3272306919098,4943.132705454922
165.34432458877563,4940.926138963939
165.3611524105072,4945.126061709452
165.3782021999359,4930.955104650885
165.39536046981812,4939.456904104844
165.4125189781189,4931.780074127435
165.4300401210785,4941.882381657439
165.44683146476746,4927.93224103558
165.4640772342682,4940.63838990994
165.48093128204346,4926.201352706961
165.49746227264404,4937.751237046398
165.51383876800537,4920.3433312570705
165.5303213596344,4937.693637016386
165.54704880714417,4915.223357025245
165.56375360488892,4937.376152102033
165.58041644096375,4911.471242274731
165.59710955619812,4936.700733533705
165.61394357681274,4909.136424235041
165.63280177116394,4935.472395772698
165.6498737335205,4905.907444511954
165.666659116745,4933.048689231777
165.6835527420044,4903.073926993305
165.70050573349,4927.546364930826
165.71736025810242,4900.480627459394
165.73390340805054,4926.438036993461
165.75070428848267,5514.940098833345
165.76879477500916,5150.949435913539
165.78571581840515,5243.572957006785
165.80220103263855,5421.8538569872235
165.81931591033936,5184.28298823319
165.8359706401825,5306.142107551729
165.85288453102112,5420.726367523164
165.8698694705963,5465.784191077592
165.886700630188,5419.5700522628
165.90367031097412,5417.674010997427
165.92037773132324,5346.289034340853
165.93673825263977,5358.977271439209
165.95466136932373,5358.387426460786
165.97139406204224,5415.284400115365
165.9883885383606,5465.454807982441
166.00551390647888,5562.840462028945
166.02267026901245,5689.093274120161
166.03958010673523,5830.6481591293705
166.0570273399353,5926.242171815228
166.0746443271637,6051.213713910556
166.09202098846436,6159.525280026403
166.10930466651917,6278.424537477546
166.12599921226501,6362.708024865299
166.1434769630432,6455.842143863093
166.16066193580627,6531.824070180706
166.17742943763733,6617.503550977133
166.19373655319214,6687.760094792385
166.2109293937683,6702.029886622322
166.22945857048035,6686.371355900578
166.24650812149048,6716.250176848438
166.26327681541443,6779.000575085827
166.28297400474548,6830.011147059687
166.30015873908997,6910.169358038911
166.3192253112793,6991.496699950387
166.33987283706665,7053.765661071912
166.35938620567322,7117.3258355580765
166.37687420845032,7198.637392309231
166.39487671852112,7267.362470393691
166.4129741191864,7359.029740694452
166.43089294433594,7416.095053659425
166.44899797439575,7462.870759023803
166.46855235099792,7485.276637755215
166.48743391036987,7550.912134486717
166.50443530082703,7606.3758490601
166.52145051956177,7750.827161695419
166.53948640823364,7864.810828458452
166.5568883419037,7982.205076353645
166.57284688949585,8056.307179849243
166.58875226974487,8104.562626708475
166.60464429855347,8256.810056231725
166.62024903297424,8446.10482396443
166.63634395599365,8551.104548923367
166.65190720558167,8667.668148041017
166.66737818717957,8660.142405832094
166.68269109725952,8650.49466196342
166.6972737312317,8655.059648513065
166.7123680114746,8520.703169993858
166.7278139591217,8614.10635909734
166.74290370941162,8552.583016215178
166.75798916816711,8729.104219761737
166.77302622795105,8962.366561095138
166.78928804397583,9115.215841890828
166.8054358959198,9351.87311602869
166.82199335098267,9357.473519063977
166.83985304832458,9414.818373167254
166.85595202445984,9408.651461035606
166.8718864917755,9362.058798297045
166.8880386352539,9292.499483610909
166.90567016601562,9291.293840356262
166.92370295524597,9376.534080974025
166.94101858139038,9387.672502998435
166.96011400222778,9388.752763021726
166.97796177864075,9401.808639597411
166.9954116344452,9393.05762431471
167.0131733417511,9363.454009465691
167.03065657615662,9381.896719363624
167.04988718032837,9419.547404895655
167.06548976898193,9517.641437992306
167.08189582824707,9566.200937308116
167.09918975830078,9528.58352700486
167.11707162857056,9488.42269882035
167.1346971988678,9423.103893641379
167.15339279174805,9372.492601844106
167.16896200180054,9273.471862116854
167.19722294807434,9141.696135063507
167.22579526901245,9096.932976052974
167.25592064857483,9064.939715711305
167.27317190170288,9034.41686159541
167.30176281929016,9074.114662090522
167.33004426956177,9084.60894788703
167.3581748008728,9136.897160505747
167.38683032989502,9172.614395143442
167.41514039039612,9083.420629204707
167.44303846359253,8949.50444615095
167.464426279068,8759.760136474628
167.48174738883972,8592.967503197553
167.49883270263672,8456.746448086937
167.51571440696716,8344.514749495
167.53289079666138,8294.826249812597
167.54998922348022,8260.492358921683
167.56768798828125,8236.402081450973
167.58552265167236,8225.717487554064
167.60280323028564,8187.04373952263
167.62003803253174,8071.445218301805
167.63783073425293,7974.122512720297
167.65506720542908,7937.124916966977
167.6724672317505,7909.88337807804
167.7548372745514,7875.851817189439
167.77124333381653,7865.560289223614
167.7871172428131,7883.00416279122
167.8042562007904,7902.589899687201
167.8215754032135,7877.8489975384655
167.83855271339417,7842.372414814429
167.85551619529724,7826.693017004918
167.87269473075867,7826.446101282134
167.88915276527405,7856.272979979704
167.90548849105835,7861.663522215557
167.92142748832703,7829.746341930919
167.93772268295288,7753.243477567879
167.95372366905212,7682.367381503061
167.9707374572754,7667.730332633739
167.9867570400238,7674.6950932500595
168.0036804676056,7660.755027192696
168.0206024646759,7618.708323731629
168.03841638565063,7598.653964947954
168.05568480491638,7611.398251300192
168.07273316383362,7648.130491088404
168.08991265296936,7689.046056969448
168.10721731185913,7681.235116239147
168.12410640716553,7691.4589734134715
168.14150261878967,7716.658149586509
168.1590452194214,7772.094769207702
168.17666959762573,7807.475236163823
168.19389057159424,7782.0021072830095
168.21156406402588,7815.809872872911
168.23000502586365,7847.715251673289
168.24707794189453,7860.435051420503
168.26385712623596,7834.810709665361
168.28082466125488,7830.339402628404
168.2979507446289,7877.169507036431
168.31525206565857,7895.239679318993
168.33287954330444,7918.074598145201
168.3499038219452,7939.581940121942
168.36746501922607,8009.523030443662
168.38487648963928,8041.072029566492
168.4030475616455,8028.643952861537
168.42013025283813,8015.059962229137
168.43718671798706,8061.470949102329
168.45419120788574,8110.005042255731
168.47094345092773,8113.17553689802
168.48942756652832,8092.461996335314
168.50609302520752,8111.1109295290635
168.52323818206787,8156.684973569887
168.5405285358429,8184.306118422964
168.56045293807983,8223.780609941545
168.5779938697815,8317.50077636373
168.5948851108551,8463.479758869675
168.61210942268372,8540.728159906179
168.63124418258667,8569.109304860503
168.648832321167,8648.090907961994
168.66659355163574,8722.773469620559
168.68421936035156,8723.595322805088
168.70169639587402,8760.709099928023
168.7191927433014,8873.105831235694
168.73645114898682,8924.889837165929
168.75445675849915,8898.41413384065
168.77197360992432,8948.095638324297
168.7884316444397,9038.037965299425
168.80625081062317,9137.67582124473
168.82421326637268,9160.934982866844
168.84210467338562,9180.380228228838
168.86042642593384,9188.389122075023
168.87879085540771,9193.973548717795
168.89690971374512,9172.688958576744
168.9147026538849,9197.656885392846
168.93346190452576,9202.222391886295
168.9533793926239,9191.6921624313
168.97005319595337,9167.303501284037
168.98726987838745,9173.273737497426
169.00594973564148,9129.051301483418
169.0235254764557,9096.600054477703
169.041002035141,9037.914150202432
169.05845975875854,8942.261798457057
169.07565641403198,8870.81033678782
169.0937578678131,8809.28600942393
169.11188983917236,8778.588205544054
169.13187336921692,8764.904081339933
169.1498100757599,8732.036357295161
169.16880869865417,8700.705015887866
169.18607473373413,8714.787273521133
169.20371460914612,8670.885272960038
169.2215850353241,8637.101523405941
169.23902702331543,8513.716384588864
169.2561867237091,8420.231672094074
169.27453875541687,8334.553027153554
169.29290795326233,8322.15135441702
169.31113266944885,8268.167281661787
169.32871055603027,8268.53951300255
169.34580659866333,8199.75414969326
169.36269903182983,8226.319322268686
169.37976145744324,8203.52701071886
169.3965127468109,8203.15787840918
169.4135296344757,8165.122040761983
169.43102955818176,8220.740947983237
169.44844007492065,8196.620582776104
169.46504163742065,8233.864785451478
169.48280882835388,8228.175971559927
169.5002772808075,8379.98791134627
169.5180859565735,8576.230436469747
169.53517770767212,8272.160557562045
169.55258750915527,8035.963931240183
169.5716416835785,8445.226876976938
169.59012579917908,8922.476870607237
169.60912084579468,8645.533439528177
169.6276888847351,8494.327911879815
169.6452980041504,8528.512463550042
169.663827419281,8572.598141511335
169.6833574771881,8555.177167379294
169.7010498046875,8540.768399611146
169.71837043762207,8456.638023220125
169.7353823184967,8474.781319308524
169.75263595581055,8510.420480155892
169.77083039283752,8615.194867921884
169.78833961486816,8597.262558134298
169.80603551864624,8661.238848674797
169.82370948791504,8638.70148586406
169.8404140472412,8724.945724066452
169.857031583786,8650.761335356747
169.8745081424713,8626.50273900058
169.8912661075592,8550.171679034209
169.90921878814697,8608.169744968207
169.92687940597534,8495.65642786393
169.94394159317017,8564.053440542384
169.9615340232849,8429.775470741703
169.97849798202515,8513.986267682276
169.99505853652954,8448.405104714484
170.01228618621826,8602.432826276989
170.02843832969666,8523.781659434662
170.0456931591034,8519.439633673162
170.06302881240845,8341.860160546126
170.08074927330017,5349.397356348683
170.09837317466736,5215.331832872659
170.11776185035706,5317.505739054866
170.1359281539917,5197.630852208954
170.15421891212463,5292.627203870975
170.17136311531067,5186.190041850216
170.18913412094116,5390.381395502732
170.2070770263672,5276.246213143793
170.22434997558594,5373.180135103095
170.24200773239136,5275.452848936885
170.26105737686157,5361.90317149594
170.27869629859924,5270.352928369087
170.29603219032288,5344.9977118963325
170.31311130523682,5263.903564412433
170.33011198043823,5328.527429972425
170.34731268882751,5261.538173815711
170.36416840553284,5315.014928372508
170.38098073005676,5264.146926971474
170.3999240398407,5298.961125397255
170.4171063899994,5258.362899625528
170.43332028388977,5288.308560064844
170.44984769821167,5253.514100022921
170.4665768146515,5278.212655564276
170.48321843147278,5254.904329695907
170.5004918575287,5268.276897270183
170.5175907611847,5259.437184224977
170.53468918800354,5256.593840071289
170.55125737190247,5251.118446204423
170.56887364387512,5246.142626221816
170.58620190620422,5246.4954006709095
170.60406136512756,5239.744399214441
170.62209033966064,5245.866536736813
170.63976287841797,5230.361546525213
170.65744590759277,5242.691397434501
170.6771740913391,5228.106379661266
170.6948425769806,5237.125175004832
170.71262001991272,5216.252207554787
170.73046159744263,5234.119221224162
170.7481291294098,5208.013335906154
170.7656192779541,5230.42778937816
170.7848150730133,5211.532605048039
170.80259919166565,5224.261156258411
170.81914067268372,5198.640612176269
170.8363332748413,5216.876227867318
170.8536388874054,5201.861630474786
170.8744204044342,5211.320517517074
170.89240884780884,5195.861574590057
170.90949964523315,5202.726686502162
170.9268398284912,5193.593524169976
170.9434609413147,5201.957532890661
170.9612226486206,5185.454520478193
170.9791669845581,5192.825170782661
170.9965500831604,5186.5933259723415
171.01373410224915,5197.097301967859
171.0317223072052,5183.352775004467
171.04901218414307,5185.201737090946
171.0667119026184,5186.433252360256
171.0867898464203,5181.873834144469
171.10455226898193,5184.298883565016
171.12218141555786,5173.474843025133
171.13994765281677,5181.732375382632
171.15763425827026,5172.8045976514195
171.17502665519714,5178.488363760253
171.19274044036865,5171.58995056642
171.21039080619812,5175.614927199679
171.23994278907776,5165.070291122032
171.2677276134491,5170.555974295507
171.29672002792358,5162.953491095527
171.32544445991516,5165.770906748738
171.3544807434082,5162.801917749936
171.38257384300232,5167.40904737007
171.410258769989,5157.422350190762
171.43045210838318,5163.118851813049
171.44755935668945,5153.276690641053
171.46459293365479,5162.532734393011
171.4817819595337,5154.046769864552
171.49871444702148,5154.284733314003
171.51600122451782,5157.151630793891
171.5336103439331,5154.336442214533
171.5528781414032,5150.799428291791
171.57277822494507,5152.930013415302
171.59058666229248,5144.469258741797
171.60835886001587,5150.988473678238
171.62809133529663,5146.87636470538
171.6458797454834,5145.791163947043
171.66341876983643,5144.872326024389
171.68062949180603,5143.203672658637
171.69820952415466,5144.479135731368
171.7155885696411,5141.09771457499
171.732280254364,5142.69639337827
171.75000882148743,5139.380205853409
171.77080607414246,5139.718419456104
171.78817319869995,5136.49619088004
171.80611419677734,5137.761320027562
171.82421207427979,5131.036428463592
171.84227204322815,5137.817547369025
171.8602192401886,5131.944717393212
171.87805199623108,5129.741473511018
171.89669609069824,5133.017521352831
171.91744875907898,5131.9116971174
171.9456765651703,5124.906480460855
171.97542715072632,5131.359044725404
172.00423288345337,5127.320899003468
172.02855372428894,5124.567197328623
172.0461995601654,5126.715615245324
172.06349754333496,5126.493968814398
172.08186960220337,5125.598105482051
172.09929895401,5128.225090226595
172.1173551082611,5121.992774996931
172.13474011421204,5120.551619242498
172.1524679660797,5117.476277453809
172.16984057426453,5121.731645632683
172.18707275390625,5121.369679043113
172.20524382591248,5119.897671690363
172.2227771282196,5122.340783472245
172.24031519889832,5120.325202450998
172.25822639465332,5114.257590863777
172.27622199058533,5118.2373764515005
172.2943205833435,5114.104449541248
172.31257009506226,5110.93896425647
172.33127617835999,5115.38348129392
172.3484902381897,5106.787948062968
172.36544489860535,5109.090258651791
172.38237190246582,5108.375272135619
172.3995680809021,5105.86877496863
172.41680598258972,5105.885166678128
172.4339144229889,5102.70102614925
172.45076298713684,5099.091223767109
172.4668481349945,5100.9057369256225
172.48242282867432,5097.0928682965405
172.49916410446167,5099.659409857082
172.51549696922302,5101.316336406798
172.53314089775085,5091.963921009798
172.55073142051697,5096.497673051997
172.5684516429901,5097.297062334632
172.58645701408386,5088.129753395819
172.60480093955994,5092.9713111367955
172.6239504814148,5094.935814829367
172.6414029598236,5089.117890717159
172.65939927101135,5084.990691406893
172.67760682106018,5090.100087153575
172.752605676651,5087.03825228618
172.7701473236084,5086.359226087068
172.78776025772095,5080.037350750909
172.80648231506348,5086.048074908941
172.82429194450378,5079.244941125693
172.84302520751953,5082.840000610457
172.86098289489746,5083.887889384301
172.8797857761383,5077.9517013010545
172.89759278297424,5079.02591717932
172.91596126556396,5074.930399753661
172.93457508087158,5075.371820727198
172.953608751297,5073.094613409051
172.97165250778198,5068.376744115062
172.99011158943176,5073.249948518079
173.0079746246338,5067.882214132398
173.02621507644653,5066.9062758740865
173.04395008087158,5069.170467811335
173.06186079978943,5067.665640338435
173.08051204681396,5066.6531250842445
173.10009336471558,5062.038911972014
173.11825108528137,5064.344239914316
173.13611721992493,5059.363060924642
173.15434074401855,5061.783308676887
173.1722674369812,5057.073890058448
173.19046330451965,5061.483000315299
173.20837020874023,5053.8795755478195
173.2265944480896,5055.089725280595
173.2446165084839,5049.178817705022
173.2623794078827,5055.481393885077
173.28025555610657,5057.480964830772
173.2977659702301,5050.37351188969
173.31525206565857,5044.38720222963
173.33302927017212,5052.80155543535
173.3507924079895,5044.419034168745
173.36902952194214,5047.756719616512
173.3872151374817,5048.49260200954
173.40534019470215,5043.596467927752
173.42387533187866,5043.372484846273
173.44222044944763,5039.59403327928
173.46051478385925,5041.775323506823
173.47865796089172,5037.721542124195
173.49724459648132,5029.652989370541
173.51562547683716,5034.448882065646
173.5326418876648,5037.1755500380505
173.55038404464722,5036.942532729424
173.57180976867676,5033.064277453056
173.5886664390564,5029.684240902477
173.6059331893921,5030.219194412058
173.62440633773804,5029.285226819853
173.64193296432495,5029.686368277923
173.6595118045807,5025.040851644726
173.6768982410431,5033.670491773864
173.69651126861572,5023.319348438612
173.71399068832397,5030.332834743778
173.73613953590393,5016.360717959768
173.7655200958252,5029.751847622282
173.79285502433777,5014.439997501133
173.811176776886,5021.828846892231
173.82977986335754,5018.188722281365
173.84767317771912,5027.183065344751
173.86588883399963,5010.664089966738
173.88332962989807,5026.765521946648
173.90067958831787,5011.904862362946
173.9184091091156,5022.0898097392
173.93656039237976,5005.125687134163
173.9547483921051,5022.229863846807
173.97324872016907,5002.414488519413
173.9924280643463,5019.890961219881
174.0120186805725,5329.261686186929
174.03228902816772,5282.48053547418
174.05339360237122,5262.680197590885
174.07327699661255,5321.919972849698
174.0937201976776,5327.842612683035
174.11409521102905,5348.711515493589
174.1343057155609,5341.767373297119
174.1541965007782,5361.9720556042
174.17443895339966,5323.104084321307
174.19370245933533,5325.571916925968
174.21227049827576,5323.020555204959
174.23133420944214,5326.568365378274
174.24918365478516,5328.329715481431
174.26957440376282,5343.859509229728
174.2898828983307,5333.085756018353
174.31022429466248,5330.787657498249
174.3305060863495,5309.4580223591
174.35099983215332,5308.442268737925
174.38683462142944,5285.645438743153
174.45021843910217,5266.0671608297835
174.53603720664978,5258.781653886173
174.6454336643219,5243.756726186633
174.7558937072754,5265.01927264331
174.85595870018005,5332.847284384447
174.9327278137207,5476.060975664792
175.019624710083,5583.924548262633
175.09196782112122,5687.604381854552
175.17559838294983,5802.783958478165
175.2564263343811,5891.512121454467
175.3406310081482,5921.56320604604
175.42414546012878,5970.429370820267
175.50748777389526,5954.154422817293
175.5876898765564,5956.210212182201
175.66716814041138,5941.1279361778115
175.73937439918518,5960.462651567757
175.81893467903137,5970.736501352057
175.89542889595032,5993.631063846602
175.96855759620667,6000.047787756971
176.075834274292,6014.982541485377
176.19943356513977,6008.922485096289
176.32123064994812,6028.966358450416
176.44479203224182,6038.723181302484
176.6275589466095,6059.062722086547
176.81161618232727,6084.232774349825
176.88763999938965,6099.277658226255
177.0116834640503,6136.359688480324
177.11591458320618,6163.6437553597625
177.2174220085144,6199.827785116757
177.3170611858368,6222.164868068135
177.40877985954285,6252.98129187858
177.50844955444336,6246.430959716622
177.65801405906677,6279.501151837383
177.83278155326843,6282.548987234857
177.8869960308075,6328.9852236019315
177.98116731643677,6341.574701035209
178.07455325126648,6426.799910951958
178.16481375694275,6445.846166680058
178.26072931289673,6563.999455464301
178.3464970588684,6564.915083136701
178.44165325164795,6703.335459040696
178.52923607826233,6739.08903137319
178.61619091033936,6896.234927637834
178.70394325256348,6959.989194749775
178.79230332374573,7133.659706499853
178.8838894367218,7152.5931960870075
178.97148656845093,7295.592938782111
179.05994486808777,7278.355941778999
179.14528036117554,7380.573113238001
179.23949694633484,7348.073264557508
179.32464599609375,7446.394581474091
179.4117031097412,7460.267309994231
179.49714994430542,7597.372998401137
179.58851075172424,7589.871970387521
179.675541639328,5019.435321666467
179.76341462135315,4958.480022050741
179.85292148590088,5011.419207112604
179.94880366325378,4952.692377884775
180.04045724868774,5008.217210449085
180.13555645942688,4952.58546184503
180.2713589668274,5001.243421819395
180.3860456943512,4953.546834906747
180.4022023677826,5525.210147444709
180.41849422454834,5058.7845985785525
180.435040473938,5375.150978146051
180.45118689537048,5301.223807818123
180.46792197227478,5162.2151231942025
180.4841070175171,5285.283227034139
180.49939036369324,5408.626084671735
180.5160698890686,5240.92238452654
180.53220582008362,5198.064125066937
180.54967880249023,5314.109791469945
180.5680890083313,5364.001706063124
180.585866689682,5319.521722620959
180.60314631462097,5277.142923663131
180.62168264389038,5293.77004570103
180.63970255851746,5325.07477265646
180.65731191635132,5352.897650683596
180.67489361763,5336.82123591657
180.69279956817627,5330.07756643932
180.71059155464172,5315.133703714848
180.72850680351257,5348.674994881195
180.74679708480835,5348.752734998063
180.76458859443665,5413.126358401226
180.7841284275055,5612.279205718305
180.80377316474915,5724.466385819797
180.82274222373962,5682.078248399862
180.84036111831665,5664.251791832248
180.8564670085907,5652.1292463554255
180.8733298778534,5684.65319236548
180.8900864124298,5662.5420277650655
180.90827918052673,5680.131796438065
180.92645049095154,5666.586129026789
180.94426679611206,5682.348780508195
180.96202564239502,5663.847881605886
180.97963428497314,5648.842017820381
180.99751377105713,5604.232628215432
181.01583290100098,5596.37278402178
181.0333960056305,5596.3645742390545
181.05121755599976,5615.341520469736
181.06890296936035,5637.423430034696
181.09267401695251,5688.271024953932
181.12203693389893,5741.173267385943
181.14973974227905,5804.4713097009435
181.16895651817322,5868.4084714051205
181.1868281364441,5951.9325082422565
181.20584273338318,5978.195113747911
181.2232711315155,6004.234721424353
181.24198579788208,6033.783199799469
181.25966477394104,6098.446813739205
181.27704501152039,6158.394092674699
181.29457592964172,6143.621494078704
181.3119990825653,6140.578557464309
181.3300597667694,6129.674157408744
181.34841895103455,6128.452322754588
181.36558151245117,6112.687572382671
181.3825068473816,6114.301714991128
181.39919996261597,6104.559373985562
181.41631436347961,6108.338527673253
181.43287014961243,6094.62292854461
181.4514925479889,6093.36603429266
181.4683928489685,6084.108665465608
181.48564100265503,6085.591386147875
181.50310802459717,6077.59458830413
181.51942944526672,6080.541514041634
181.53623032569885,6070.689422609697
181.55312323570251,6075.258062245744
181.57126259803772,6063.5188138849535
181.5891330242157,6065.350084740135
181.60711860656738,6062.885183503277
181.62578415870667,6059.697929590912
181.64426159858704,6050.733354458037
181.66267085075378,6050.111848600377
181.6807155609131,6052.216240242121
181.69927549362183,6046.564299204364
181.71776819229126,6046.107691714798
181.73596167564392,6038.066434556764
181.7537808418274,6040.140234709037
181.77161049842834,6033.8770701314115
181.78967261314392,6034.14648520091
181.80806303024292,6030.0004126328
181.82588839530945,6026.976335287483
181.84387946128845,6023.703510382108
181.86237621307373,6021.668268087553
181.88069033622742,6018.335353727468
181.89872646331787,6016.8170390053665
181.9169943332672,6016.646529344061
181.93600130081177,6014.336636703287
181.95475506782532,6010.643106505852
181.97356367111206,6011.899504724166
181.99126291275024,6007.221987161547
182.00909519195557,6011.546943288862
182.0271291732788,6001.866805542935
182.04553818702698,6006.102165797358
182.0630397796631,5999.265026080145
182.0809829235077,5997.533623372169
182.0990810394287,6000.162452307123
182.1166217327118,5996.286862519812
182.1363537311554,5993.718324266946
182.15541100502014,5992.980860337834
182.17453789710999,5990.44425455686
182.19255876541138,5989.235470969929
182.21038389205933,5989.961374560652
182.22762417793274,5990.615765934627
182.24507904052734,5989.383196398499
182.26343894004822,5982.973940506734
182.28212714195251,5984.6289108662295
182.30062699317932,5979.753218119728
182.31945037841797,5984.17809303616
182.33795857429504,5983.717326479001
182.35606956481934,5976.99363808701
182.37491536140442,5975.9794488128455
182.39297223091125,5975.214344437352
182.41118907928467,5974.528407192851
182.4289357662201,5972.801796295628
182.4462695121765,5968.934196721348
182.46392917633057,5972.808124323575
182.48130917549133,5969.856393809887
182.49901747703552,5969.795605783144
182.51711916923523,5970.187615407873
182.5350546836853,5965.098158120946
182.55284118652344,5962.844659632445
182.5685636997223,5962.462484565191
182.64001274108887,5963.884795811204
182.6565432548523,5964.497022446921
182.67297387123108,5964.483469236898
182.69065833091736,5960.419759948503
182.70858478546143,5958.350495434139
182.72687411308289,5957.3394075462675
182.74494218826294,5954.652755599175
182.76297116279602,5958.691307828802
182.78088784217834,5954.65986614809
182.79959177970886,5951.092583273983
182.81677722930908,5958.205249591581
182.8343243598938,5953.174140800058
182.8526029586792,5953.532140115107
182.87070894241333,5949.129182943845
182.88833379745483,5950.821669735155
182.9060137271881,5948.079389663906
182.9241280555725,5945.800329292339
182.94133138656616,5951.2416878722315
182.9588041305542,5946.522108579507
182.975976228714,5946.846252144135
182.99303889274597,5943.610396687364
183.01058888435364,5944.094389229265
183.02764534950256,5940.9147344874755
183.04515528678894,5943.223620827029
183.06299448013306,5943.4091704358325
183.0804648399353,5943.681191306844
183.09828281402588,5937.284118947613
183.11601948738098,5942.487101564261
183.13303136825562,5939.186336131716
183.1514778137207,5940.08473302009
183.16994261741638,5943.0334369028205
183.18786025047302,5938.724876370695
183.205717086792,5940.422617485985
183.2237184047699,5935.376397069601
183.24309396743774,5939.047266876209
183.26096296310425,5933.9219301131825
183.27888822555542,5934.99468862208
183.29708766937256,5935.766309949387
183.31494045257568,5934.963012485429
183.33273696899414,5925.554714481799
183.3505938053131,5929.131409555931
183.3684766292572,5929.695444187732
183.3868350982666,5924.8528466508515
183.41789603233337,5927.846915533921
183.43934679031372,5925.860214683484
183.4588930606842,5925.660945988776
183.47870111465454,5929.252042717754
183.49945545196533,5928.379476586177
183.51964592933655,5930.1806553777615
183.54035663604736,5923.6872176775705
183.5592987537384,5923.740285999467
183.57740020751953,5924.535773017309
183.5957419872284,5923.334189409804
183.61436104774475,5923.328829946555
183.63227462768555,5918.319582230972
183.651433467865,5923.303301629704
183.67053031921387,5918.94254108727
183.69011425971985,5918.7765577842365
183.70960021018982,5914.668722172392
183.72636127471924,5916.918050200107
183.74593806266785,5920.351622469745
183.76618027687073,5919.680815686549
183.78461980819702,5919.317146421677
183.8031656742096,5916.348276420252
183.82285809516907,5917.693755906561
183.84246063232422,5919.035767271456
183.86262345314026,5913.324594929118
183.8807771205902,5912.620546439153
183.90109300613403,5914.834195246877
183.921724319458,5915.77863108524
183.94258975982666,5913.2454601921845
183.96279978752136,5916.205430842218
183.98353815078735,5912.287438477254
184.00390529632568,5909.699753520894
184.02429127693176,5910.864120382184
184.04524397850037,5909.51864815923
184.066801071167,5911.9335041831855
184.08687210083008,5911.152554537063
184.10777354240417,5910.182146089813
184.1282045841217,5912.330605739343
184.1480209827423,5911.894824317966
184.16809248924255,5908.574075904368
184.1873013973236,5909.495309610586
184.20586371421814,5903.685616231072
184.22368144989014,5908.571847221907
184.24206495285034,5906.052844015736
184.26183795928955,5902.934594839455
184.28010416030884,5900.917571510552
184.29905772209167,5902.808254572417
184.3182988166809,5904.409266918198
184.33785104751587,5903.954956142594
184.35668349266052,5901.813971552044
184.37621212005615,5898.5206853032705
184.3984296321869,5902.323898026018
184.41855216026306,5902.059449309235
184.43887376785278,5903.410949828776
184.45956563949585,5900.05438334292
184.47794270515442,5900.097932805567
184.49734711647034,5900.98332521221
184.51732659339905,5899.832715145954
184.53799414634705,5899.7700094045495
184.62187552452087,5898.303187065211
184.64055514335632,5897.947881454794
184.65913820266724,5896.314274285496
184.67827320098877,5895.347331601834
184.6977961063385,5896.359607198165
184.71809911727905,5895.4693846011105
184.73781871795654,5895.289144475784
184.75789976119995,5893.637362960184
184.7764925956726,5894.048385120325
184.79522681236267,5895.809945419749
184.813796043396,5893.136397805538
184.83226084709167,5898.01556553861
184.85128378868103,5896.088790555738
184.8699917793274,5893.176157425076
184.88861918449402,5895.675916071782
184.9079930782318,5893.1159631553855
184.9264268875122,5892.475391299334
184.94497632980347,5891.883363942942
184.9639413356781,5895.615057946519
184.9848117828369,5891.730146364358
185.00404906272888,5891.158462682163
185.02414870262146,5892.280428949871
185.04804801940918,5888.665576850077
185.06813788414001,5887.266809906431
185.0885865688324,5889.54394799362
