stamp,px,py,pz,ox,oy,oz,ow
1713471786.5244143,-3.00031171635637,-0.00974706019927,0.1291407817346878,0.0186139466742647,-0.7028357596433492,-0.024743149114874,0.7106779808940498
1713471786.6225488,-3.0003258518654374,-0.0097474005938299,0.129101671646897,0.0186127567935664,-0.7028913058200222,-0.0247432306648478,0.7106230716937312
1713471786.72262,-3.0003201556910843,-0.0097339067316793,0.1291485410816887,0.0185303839331308,-0.7028866400620156,-0.0246571307693193,0.7106328320559403
1713471786.826712,-3.0011623374813925,-0.0071536950922626,0.1278812093174078,0.015409971162603,-0.7062364053455308,-0.0281377165400137,0.7072488539837339
1713471786.9345334,-2.99910724065035,-0.0060058811894205,0.1248598456407185,0.012688577465936,-0.7128744805306333,-0.0307435917318945,0.7005025385946101
1713471787.052638,-2.9960331252900856,-0.0054189124632834,0.1204027215104992,0.0096147405767799,-0.717766584894893,-0.0347697730911731,0.6953486530159902
1713471787.1752038,-2.99502922787641,-0.0013382897704238,0.1193372059064774,0.0087532136966752,-0.7165353567118834,-0.0377777701288801,0.6964720410151752
1713471787.2855203,-2.9962748659625973,0.0027897016288203,0.1179709740760106,0.004634265780159,-0.7128388601241235,-0.0402061975863408,0.7001590853179493
1713471787.407787,-2.9953469007039604,0.0086459218674043,0.117794292848827,0.0032316063661345,-0.7085018638826954,-0.0404432572653612,0.7045417010630449
1713471787.5271325,-2.9929885718293128,0.0149753880573464,0.1166375898357241,0.0012589319654754,-0.7044731517886083,-0.0378968479817087,0.7087170256261538
1713471787.642051,-2.9904662564253637,0.020032811759231,0.1166942212652903,-0.0001899862378878,-0.6989872573267835,-0.0326594998560312,0.7143879443755785
1713471787.7549517,-2.986720181231415,0.0232435752157278,0.1153634918208488,5.331154000575919e-05,-0.6952361959646489,-0.0315660080125071,0.7180878888524986
1713471787.8732567,-2.9815538530003765,0.0251331735834723,0.1132379692466068,-0.001473960250723,-0.6916584682671829,-0.029112705605802,0.7216362248999032
1713471787.9918623,-2.9781988033957667,0.0271824863951984,0.1108445904331459,-0.0036310473683018,-0.6858064175851905,-0.029678707067833,0.7271695451823862
1713471788.1121418,-2.975356438251413,0.0293431775578218,0.1076519419990999,-0.0033393304382029,-0.6807729610319116,-0.0290178953665109,0.73191187047934
1713471788.2283428,-2.9713855574815184,0.0321435615706975,0.1040367964883417,-0.0028055166917,-0.6755547166077244,-0.0289437211064534,0.7367361908808755
1713471788.3526676,-2.9671284233088464,0.0339857622791069,0.1007491949691074,-0.0034304534849483,-0.6710593341576235,-0.0273906160923839,0.7408895708396053
1713471788.4767566,-2.9623186006619724,0.0359761781233771,0.0972549211558279,-0.0042826322780617,-0.6658079250051696,-0.0261687232826692,0.7456518383151995
1713471788.6038368,-2.9577759163268555,0.0373663780072875,0.0942144734940304,-0.0044932537162624,-0.6620642735569039,-0.0254347512068838,0.749001856994797
1713471788.7267065,-2.956249901732922,0.0370344831254083,0.095611042900308,0.0014375653937391,-0.6710656992113402,-0.0348493873448247,0.7405769919119986
1713471788.8512173,-2.95623103795793,0.0378520663356028,0.0962734660201552,0.0100572679325071,-0.6805939335992462,-0.048151768691372,0.7310076306588948
1713471788.9791205,-2.9559380904490937,0.0367696065960356,0.0948483530901075,0.0211044462883033,-0.6936666225720016,-0.0595362846350462,0.7175211842783956
1713471789.1054578,-2.9557743674539765,0.0329474065190696,0.0952795648678525,0.0249099341445984,-0.7072458693889355,-0.0676573229977507,0.7032817799843664
1713471789.2213624,-2.9539286490064134,0.0299081547792014,0.095473480344403,0.0195255525318202,-0.7132906088917267,-0.0668094127211623,0.6974035864813506
1713471789.3428764,-2.949441229301571,0.0263699431928266,0.0958755467615473,0.0086836196938923,-0.7151222896160387,-0.0548385825069653,0.6967908118739462
1713471789.458069,-2.944087240369722,0.0241188697324014,0.0971493600292436,0.0027755783863984,-0.7207437943389061,-0.0482046921284581,0.6915178860617983
1713471789.579424,-2.938509513360549,0.020660833423379,0.0985064158685766,-0.0067920150693832,-0.7244236334912673,-0.0372889031489285,0.688312287753573
1713471789.6996894,-2.932876029070648,0.0180514759331735,0.0995908825566272,-0.0134062792194413,-0.7285717204889967,-0.0311863154060705,0.6841278634236343
1713471789.81613,-2.9271460723742484,0.0150813868343136,0.0999872729638884,-0.0224680583594424,-0.7307828489519632,-0.0217037782758255,0.6818948306298873
1713471789.9288473,-2.921454508115538,0.0123524287864225,0.0999537278495927,-0.0280810274458229,-0.7304088070589289,-0.0166784997162732,0.682228889827713
1713471790.0535982,-2.91508788175033,0.0081974213975783,0.0978993366833589,-0.0409856784076399,-0.7329356448259345,-0.0042149139288637,0.6790491508054696
1713471790.164458,-2.909253355283929,0.004765309899823,0.096543553695653,-0.0461389144090284,-0.7324680212494342,0.0010260762005111,0.6792354124982924
1713471790.282638,-2.903006887403303,0.0002928556689253,0.0945024903657533,-0.0558744277053026,-0.7302253057401709,0.0119155122633519,0.6808135366991326
1713471790.4040232,-2.8967815590402206,-0.0034065268649098,0.0924890614832816,-0.0616121339252578,-0.7283729428423729,0.0166241849454862,0.6822026367313571
1713471790.525973,-2.8914464808520584,-0.0062582394541283,0.0901177033226807,-0.0661485011195597,-0.7267870701790257,0.0214010244904737,0.683335149521069
1713471790.6462183,-2.885451189182978,-0.0074454583859866,0.0878547559707474,-0.0672880678089182,-0.7220383762488306,0.0217631028608828,0.6882290799641942
1713471790.7713575,-2.878848098584851,-0.0073088716934663,0.0838122732331237,-0.0685009510812639,-0.7115120637627658,0.0231637485067627,0.698943233443266
1713471790.9009142,-2.8720910440577985,-0.0061680966480779,0.0786703492024309,-0.0677071980861689,-0.6988073083624087,0.0233290202524765,0.7117161217231669
1713471791.0338986,-2.865751784044381,-0.0067402964764629,0.0737200368350838,-0.068311105687925,-0.6820262678771142,0.0273048818841493,0.7276181733509691
1713471791.175965,-2.8585461453827516,-0.0055861729238913,0.0758049441288807,-0.0539170380408614,-0.659246494413593,0.0163207899181934,0.7498137398239215
1713471791.3155763,-2.850618940044402,-0.0069311861541244,0.081444671573105,-0.043448725683577,-0.6342394373481456,0.0091588734378644,0.7718605180899787
1713471791.4446814,-2.841210381325333,-0.0076481736609828,0.0884478329567193,-0.0255518775405494,-0.6094683550158769,-0.0086242970551385,0.7923515932265794
1713471791.567654,-2.830633588240718,-0.0085332718465845,0.096404257474467,-0.0093447891713174,-0.5820680174084618,-0.0257206513933345,0.812679485478395
1713471791.687461,-2.8237167091061934,-0.0114696527329453,0.1047474573700418,0.0052375330713981,-0.5760095368296113,-0.0412339342209444,0.8163855366169378
1713471791.8152423,-2.817383252415014,-0.0169976391794769,0.113999982667171,0.0170712835903919,-0.5777656609492987,-0.055158002583378,0.8141578514363222
1713471791.940404,-2.8116505307839796,-0.0231166785887681,0.1246071545750236,0.0282058166388246,-0.5799615890118626,-0.0649860243014554,0.8115576404816007
1713471792.0695353,-2.8092752684215787,-0.0321419290017302,0.1354632283906603,0.0231416139171807,-0.5884981319849533,-0.0593840299636171,0.805982599899532
1713471792.1996927,-2.806460433942993,-0.0437617935858106,0.1470679859466778,0.019285688924727,-0.5939014637945562,-0.0584429955417754,0.8021804845404095
1713471792.3218727,-2.805485337027533,-0.0507553069652925,0.1541832532265392,0.0165405711232709,-0.608895853789276,-0.0572793046705226,0.7910065296832929
1713471792.4438305,-2.805835804343725,-0.0517206879552866,0.1553098055428351,0.0125828814532963,-0.6289593669652027,-0.057315769698752,0.7752204127504019
1713471792.565904,-2.8088332418777906,-0.0461523081756091,0.1568199984608042,0.0138656752547816,-0.6472168860410565,-0.0633913287017873,0.7595390608247012
1713471792.6969554,-2.8126081060979953,-0.0362691627460754,0.1551585688729174,0.0135974802234245,-0.6657645740931306,-0.066127356459875,0.7431014823977913
1713471792.822476,-2.818021608380616,-0.0229439101860442,0.1516216504571204,0.0121479880812879,-0.6818814471533181,-0.0671557700504407,0.7282720789393247
1713471792.9560454,-2.8229846858972296,-0.0123773422565663,0.1468523933058916,0.0083144141768507,-0.6954103845490065,-0.0667068047615372,0.7154617178974743
1713471793.0743592,-2.8239160060456068,-0.0124923811725378,0.1480347448834699,0.0088591438371841,-0.6990515644867615,-0.0674764545571982,0.7118253675161301
1713471793.1853375,-2.8239535609466264,-0.0179213853943813,0.1522029006471002,0.0161732934827357,-0.7005401471616444,-0.0692947612177564,0.7100564504744937
1713471793.2973757,-2.8237827495575956,-0.0233042055299838,0.1555217674704353,0.0217875094855412,-0.7015733709058087,-0.072385122482468,0.708576392289128
1713471793.412047,-2.823038153676854,-0.0283077039746032,0.1576455205413537,0.0258953946307083,-0.7027901177044837,-0.0727248468981765,0.7071962780144383
1713471793.523393,-2.8224526283844176,-0.0323809018830445,0.1594607652800001,0.0292118456794062,-0.703949939232621,-0.0731554243966863,0.7058678594522722
1713471793.6397698,-2.8217434882554953,-0.0371169997209311,0.161112020590206,0.0320484930538743,-0.7050142158333479,-0.0739383312631687,0.7045998671131605
1713471793.752722,-2.8210056963991894,-0.0425476454611996,0.1626187981636827,0.0340392594619419,-0.7059235450476761,-0.0757331135702519,0.7034044163008643
1713471793.8713868,-2.8202335242014875,-0.048454073748113,0.1639614212404972,0.0350208543145245,-0.7066648779969996,-0.0782128360048477,0.7023396914973875
1713471793.9840903,-2.818430280420085,-0.0560258976001229,0.1642080620187773,0.0366325116631277,-0.7046503039527666,-0.0834847513403133,0.7036734359929829
1713471794.0947168,-2.8161522751954116,-0.0645290125898089,0.1640286323352858,0.0381009255441134,-0.7017616635248529,-0.089953799700994,0.7056820821013288
1713471794.21182,-2.8125850386271387,-0.0733311349266967,0.1629457707719614,0.0381654442967294,-0.6995206241367391,-0.0973835597113643,0.7069163582538769
1713471794.3229597,-2.804764642755569,-0.0794648340457623,0.1610316394521397,0.0317731984266838,-0.7007118916902444,-0.10265836754645,0.7053045925543913
1713471794.4345975,-2.797000772585185,-0.0811023759328649,0.1590608130225523,0.0261034229689872,-0.703051473202575,-0.1043210661799762,0.7029611315628085
1713471794.5564528,-2.792302499767268,-0.080608412702692,0.1583075017231425,0.0262959838431442,-0.7066091304818297,-0.1033209267078929,0.6995261568073463
1713471794.6788948,-2.787502478600158,-0.0797258953968868,0.157402522385009,0.0261150212450791,-0.7100003827746747,-0.1023594783065251,0.6962327192297131
1713471794.7973545,-2.7822751004855633,-0.0789373441550772,0.1562859858773411,0.0248288666691332,-0.7129564208481428,-0.1006237770377853,0.6935066869511659
1713471794.910166,-2.7782479246808496,-0.0788829647934575,0.1546834471438353,0.0244599893381863,-0.715775872710699,-0.0971009176879671,0.691113609149008
1713471795.0201924,-2.7747620764484617,-0.0792894897383104,0.1525032197760781,0.0247549671825019,-0.7190613652192935,-0.0927515880317758,0.6882841619319326
1713471795.144738,-2.771457339512792,-0.0795225764265993,0.1500403095953009,0.0248157157012169,-0.7223480295487085,-0.088538492569962,0.6853892615111309
1713471795.2588918,-2.768206819701051,-0.0796091486304035,0.1471212461712882,0.024361077423769,-0.7257843527925997,-0.0845722386414206,0.6822691166976261
1713471795.3715289,-2.764632684532678,-0.0796714116271842,0.1439648514693841,0.023483367472279,-0.7297396462106696,-0.0812961109205616,0.6784685125705399
1713471795.4782643,-2.760984450401571,-0.0797306146096869,0.1405832632931374,0.0227243988892548,-0.734052825184043,-0.078229386808561,0.6741885601031831
1713471795.5999231,-2.757544967760136,-0.0797571303959337,0.1370235753160149,0.0218750041012107,-0.7384027861324426,-0.0752497331560245,0.6697912266425752
1713471795.7194898,-2.7553301998011737,-0.0806281430734391,0.1331780325750173,0.022544793623855,-0.7432231041196872,-0.0704351161516134,0.6649436398642093
1713471795.8413043,-2.754464930151199,-0.0836660074248984,0.1294415773610588,0.0224183350377019,-0.747128482201518,-0.0640931610365987,0.6612023261042947
1713471795.9652374,-2.7544050471672645,-0.0905492725699311,0.1272135760808109,0.0183351332740407,-0.7478203486920075,-0.0535351763582811,0.6614850972336983
1713471796.0981984,-2.7508836377428683,-0.0961754050753447,0.1259650314138519,0.0105239347990827,-0.7381367254416292,-0.039642286101431,0.6734032302441874
1713471796.2240195,-2.7456739656518807,-0.0983540634736165,0.1250464565859265,0.0056628178407875,-0.7251861628848575,-0.0239051455028477,0.6881144568114573
1713471796.345817,-2.74133487057653,-0.0982426088161791,0.1236026672938941,0.0026848719665667,-0.7169638932406401,-0.0130518073267296,0.6969829392296867
1713471796.4628294,-2.7352278555782217,-0.0977526042328021,0.1224203049188608,-0.0020291378241361,-0.7095686631024826,-0.0051512096063969,0.7046145470980834
1713471796.583643,-2.7288526821581347,-0.0950947143292351,0.1203577272027084,-0.0071133894008191,-0.7041635113130376,-0.0011380029881002,0.7100013056155076
1713471796.7095942,-2.7223944441578274,-0.0924212975728206,0.1187116122256621,-0.0131276200141194,-0.6967893542480248,0.0034303522774707,0.7171474702476738
1713471796.8393524,-2.7168192460158367,-0.0917667859218805,0.1177221537038543,-0.0154509891547521,-0.6986599688651265,0.0038022895262834,0.7152769096188402
1713471796.9586885,-2.7128302545559393,-0.0917613852244018,0.1183955057481167,-0.0139253171348146,-0.7065665105496407,-0.0003268538440829,0.7075095369526577
1713471797.080082,-2.708709077971403,-0.0922208775948013,0.1185681626389319,-0.0128304544853709,-0.7109749634971737,-0.0065235605825571,0.7030699992712085
1713471797.2024662,-2.7039363657853133,-0.0932186914751305,0.1171006399833903,-0.015083062877262,-0.7169160255453694,-0.0100241768198458,0.6969242637543599
1713471797.3168738,-2.699709951414107,-0.0925969782310642,0.1170612806225937,-0.0124011659742131,-0.7171768371002476,-0.0179218643142507,0.6965503586883482
1713471797.431969,-2.694558462280386,-0.0945906534390119,0.1172898370833617,-0.0156204764221146,-0.7207917778512648,-0.0154630479016011,0.6928030801374602
1713471797.5461955,-2.6903319873356426,-0.0965778835856823,0.1192212270980174,-0.0144693631874153,-0.7178883113346298,-0.0201497962592911,0.6957161746637585
1713471797.6668935,-2.684313858871735,-0.1000559997713603,0.1222932623026732,-0.0153946397851146,-0.7151954347043861,-0.0205459837277813,0.6984528314757903
1713471797.777471,-2.6798095322032576,-0.1042025385051819,0.1229624556268428,-0.0167864698773009,-0.7107060368175043,-0.0184898346856051,0.7030457095193128
1713471797.888293,-2.675777215169747,-0.1097016253152122,0.1215376963904159,-0.0217706346911061,-0.7099020408434829,-0.0112028217223331,0.7038747251158136
1713471798.0041745,-2.6719453074182473,-0.1131180568762131,0.1181758730666877,-0.0275906489328662,-0.7105141321571237,-0.0060886348206416,0.7031154618001896
1713471798.1182165,-2.667547889126636,-0.1158441523400017,0.1142111025233904,-0.0340321991999824,-0.7117342653481803,-0.0020349414476065,0.7016209831242247
1713471798.2301846,-2.663980917085425,-0.1187073598697133,0.1114931801017354,-0.0384798119887952,-0.7163483058310937,-5.031187527487595e-05,0.6966809931890953
1713471798.3345387,-2.6609688598726677,-0.1202127627676312,0.1098231776577768,-0.0422488526007449,-0.7221533674945559,0.0014953029049183,0.6904399411530421
1713471798.4421108,-2.6594427417758935,-0.119554577426248,0.1103238298436124,-0.0421116725202941,-0.7275035189476977,0.003844077404722,0.684799576536936
1713471798.5564463,-2.6604162503495505,-0.1177620236080333,0.1106481437209031,-0.0394205995684788,-0.7334725671406115,0.0100611919624554,0.6785003920397671
1713471798.666384,-2.6631305683440365,-0.1159553136069835,0.1123939515158077,-0.0338619109272279,-0.7422241151306549,0.0152435640917952,0.6691220872611008
1713471798.7780504,-2.6658057521152343,-0.1142286348222361,0.1129180495539841,-0.0301803393109114,-0.7524195458332392,0.0210725608339878,0.6576548649155408
1713471798.8936162,-2.66798856478958,-0.111668920698436,0.11348910851812,-0.0267797062645072,-0.761923157608332,0.0262541184931576,0.6465807532665064
1713471799.0142083,-2.669448825337944,-0.110208663706235,0.1133510243406664,-0.0238350228992632,-0.7654557942188084,0.0346933960379433,0.6421103386892313
1713471799.1266763,-2.670455534168511,-0.1084479183902362,0.1154040615870167,-0.0184880914222443,-0.769473936945398,0.0389857035856817,0.6372190877188489
1713471799.239535,-2.6721213948788836,-0.1069263154748484,0.1161322527178856,-0.0154361912278418,-0.7758400604162643,0.0451138027087927,0.6291253209487099
1713471799.3574286,-2.674165172941164,-0.1022734018118305,0.1163406711709879,-0.0093695297941689,-0.7856904136230567,0.0484692363320987,0.6166469970588113
1713471799.473878,-2.6763475201592084,-0.0994408344300974,0.116811594709252,-0.0059945265671319,-0.7919701858301211,0.0553622892320005,0.608015055190603
1713471799.5923245,-2.677018975459364,-0.094589965659148,0.1174812143542494,0.0020050753846154,-0.7987667620935583,0.0570717727052625,0.5989244127663805
1713471799.7093787,-2.6777511227488366,-0.0924985030862175,0.1185458619514093,0.0008767233413219,-0.7963364036726445,0.0640479876157213,0.6014527569346392
1713471799.8279393,-2.675581314241797,-0.0907219440554752,0.1183813032252868,0.0073861295241939,-0.7878374243386246,0.0655491171784736,0.6123405516044618
1713471799.9496205,-2.669078821071244,-0.0887166853826113,0.1166032332196788,0.0206482222319294,-0.7719807113559383,0.0622654561288062,0.632251884288305
1713471800.085336,-2.6594801243049435,-0.0921667702732217,0.1173514787572732,0.0296241891945633,-0.7523367128945532,0.0546504685032173,0.6558393127420483
1713471800.235711,-2.650398953226825,-0.0977823779275377,0.1196754477631955,0.0384365835268659,-0.733620498377948,0.0460068672400216,0.6769098622218711
1713471800.3851762,-2.6408708054871752,-0.1054557173426922,0.1196003613747157,0.04550951662566,-0.7088373373657239,0.0392259949199538,0.7028085332260201
1713471800.537166,-2.6291305949618593,-0.1097196452156961,0.1229324457131421,0.0566403233039523,-0.6862683841975665,0.0284112666372408,0.7245828997119328
1713471800.6866367,-2.6188382464957334,-0.1115483558109074,0.1251922080225472,0.0637199593389498,-0.6698162507543445,0.0214824318475889,0.7394758022607295
1713471800.825349,-2.610591620402185,-0.1112473344599628,0.1254716840580106,0.0672169910370674,-0.6607488449339379,0.0183427010633694,0.747366299315195
1713471800.9622116,-2.605903885072562,-0.110393559860229,0.1229202763698853,0.0681111490896531,-0.658626582743959,0.0155399516787061,0.7492198647757049
1713471801.083541,-2.6014369696675113,-0.1106676178611527,0.1199744671958949,0.0683951111660162,-0.6568745485271796,0.0144312671902296,0.7507527387849388
1713471801.1942656,-2.597358447654228,-0.11084003809584,0.1185793853136921,0.064601537691011,-0.6609741538726118,0.0200058849052599,0.7473550520398583
1713471801.314396,-2.5943953918789964,-0.1111282741105763,0.1197279246846412,0.0623316610716211,-0.6678065365156767,0.0248105833725122,0.7413053546061195
1713471801.422,-2.591097010861795,-0.1113469285902491,0.1222128924146605,0.0619492929091311,-0.6749091057262475,0.0286178010059181,0.7347387328713803
1713471801.5373776,-2.587826829477279,-0.1119265874815005,0.1246209762132085,0.0611293128987343,-0.6819295498676394,0.0323042447302343,0.7281426590265515
1713471801.657956,-2.583452746178472,-0.1123161608748258,0.1265207384055758,0.0615633418268114,-0.6879768079488658,0.0365167924315746,0.7221941501688545
1713471801.7741992,-2.57952003744711,-0.113372844322135,0.1285174586155874,0.0621913925122954,-0.6926076359849725,0.0391137778642708,0.7175632415709949
1713471801.8865955,-2.575084069146145,-0.1144534110166889,0.1299199205811398,0.0633942776899154,-0.6962167949561543,0.0417086725698832,0.7138093068947843
1713471801.9995942,-2.57121763886282,-0.1142901283608091,0.1298238781810961,0.0639252899280296,-0.6989147133886586,0.0467552848365414,0.7108063899940128
1713471802.113388,-2.567535749853258,-0.113714809141255,0.1288337956940926,0.0639435398526785,-0.7009377502047772,0.0526350304532722,0.7083975209006294
1713471802.2217226,-2.56360315978192,-0.1130213828676931,0.1262382628290287,0.065813739571115,-0.70505520338327,0.056904411727433,0.703795140500271
1713471802.3417983,-2.559604978405101,-0.1114678725905849,0.1217831869876955,0.0659256622091087,-0.7099593823964768,0.0614676529044564,0.6984505781055099
1713471802.4548512,-2.5552684062715447,-0.1105388340680469,0.1190938808218984,0.0660016989287912,-0.711836513378251,0.0667878276063005,0.6960401856528396
1713471802.5655644,-2.552027665882735,-0.1112957179262323,0.1195596291527246,0.0699851456411074,-0.7119938106137302,0.0689168773468609,0.695282213963575
1713471802.6730402,-2.5498805341576065,-0.111437606778443,0.1187432008569066,0.0759836175327811,-0.7086433471271494,0.0721663265817177,0.6977414404682893
1713471802.7792604,-2.5482116153304557,-0.1113765899820493,0.1174606929265007,0.0827745837356005,-0.7039911861803949,0.076122411706482,0.7012489975063833
1713471802.8890183,-2.546711456625001,-0.1113574985496779,0.116036522818782,0.0896362751389592,-0.6990076857407986,0.0802274680536743,0.704923504235887
1713471802.9978294,-2.545243835139765,-0.1117155476494118,0.115707303498019,0.0944203929102976,-0.6967287159055866,0.0848907263628848,0.7060081093109336
1713471803.111634,-2.542388234924327,-0.1121536597136561,0.1152785196015549,0.0972442804850327,-0.6956628486296964,0.0902943367803113,0.7060054416892041
1713471803.226289,-2.538617595179964,-0.1117890680273344,0.1144638477944231,0.0978597770495528,-0.6952788876532542,0.0957596283028411,0.7055783627682806
1713471803.340784,-2.5340664476641,-0.1110626175286932,0.1144903534418437,0.0985894321354096,-0.6952135503356898,0.0988980402659438,0.7051080916656811
1713471803.4527867,-2.529111380083199,-0.109982084865133,0.114973489673871,0.099914149708938,-0.6964667757665792,0.0986704098590844,0.7037153850524271
1713471803.5673225,-2.524420858759501,-0.1095712155747334,0.1141104595697492,0.1026799504329464,-0.700630577940519,0.0972608100542917,0.6993668249648429
1713471803.6851122,-2.5200041305531418,-0.1092412270697589,0.1131668409069535,0.1059499604111654,-0.7058682266547258,0.0941929474507415,0.6940117730548432
1713471803.8056755,-2.516441324950016,-0.1088364070660334,0.1129285669144187,0.1105732085195562,-0.7110544141303594,0.0889503870010618,0.6886675644719908
1713471803.9103208,-2.5163266240273066,-0.1066514462704151,0.112234967246508,0.1195743963946693,-0.7112363392070984,0.0819018090375699,0.6878494945803982
1713471804.024232,-2.5129239202652904,-0.1073587534608713,0.1125696663108618,0.1248731511993902,-0.7157397028322351,0.0783724255476243,0.6826281101836784
1713471804.1330514,-2.5080295899079648,-0.1091791397634178,0.1127942334790624,0.1290252869748656,-0.7217148657203738,0.0758327234712852,0.675817672135173
1713471804.2482398,-2.503570964531687,-0.1102106105872554,0.1135854556420256,0.1325178270080429,-0.7265112299655985,0.0724752337019509,0.6703490126484767
1713471804.363695,-2.4988812486940546,-0.1110067996643195,0.1138581010519076,0.1355309490853066,-0.7305495799865983,0.0697859895131021,0.6656264633329403
1713471804.4779377,-2.4941053986916475,-0.1120137146340294,0.1148688641778588,0.1377277744118921,-0.7351141630799995,0.0673159769737197,0.6603838176687953
1713471804.5908542,-2.489296586065746,-0.1125410284862446,0.1153101505364088,0.1398686269553781,-0.739320280962895,0.065211930603749,0.6554309219570702
1713471804.7110298,-2.4874411925183546,-0.1096439628927736,0.1162327945672304,0.1474301229132323,-0.7382610205968236,0.0583688875084213,0.6556127647446738
1713471804.8273008,-2.4856013686328993,-0.1065440723674691,0.1166950169091987,0.1537079606384771,-0.7367211871991065,0.0532263557058207,0.6563403920425567
1713471804.946277,-2.483283854251678,-0.1030445321574769,0.1175186803274171,0.157149927293711,-0.7328884555431054,0.0501344114774377,0.6600492048847829
1713471805.0715885,-2.4766187783975666,-0.1032502135532264,0.1197879463268588,0.1442272992780567,-0.7316770702084476,0.0571953889228043,0.6637588707957954
1713471805.2079773,-2.468018884803374,-0.1010525182275154,0.1192527568012821,0.1346084854789755,-0.7258308290652995,0.0650239555062107,0.6714328324008015
1713471805.3313253,-2.4591262762302866,-0.0961181468614099,0.1165750290864721,0.1217947022571854,-0.7124801915942666,0.0761644257302839,0.6868311345163796
1713471805.443736,-2.4545488697049405,-0.0965984929710031,0.1178944195011944,0.124305262964031,-0.7181748183518847,0.0725431830747258,0.6808161414611639
1713471805.560261,-2.4502131656401813,-0.0965597838926898,0.1178711602062946,0.1265378784116602,-0.7229885441483211,0.0685054026624654,0.6757090647337956
1713471805.6868503,-2.445216549735728,-0.0980341681318444,0.1196453911510031,0.1269523048052648,-0.7291894373490266,0.0642141268397795,0.6693597109756799
1713471805.8020563,-2.4399719052794255,-0.0985864438046206,0.1217232279161364,0.1233065612061952,-0.7364515121339313,0.0639176505658554,0.6620794485447273
1713471805.9222353,-2.434929696293957,-0.0974449934444951,0.1252149868610497,0.1205252826089294,-0.7394010081599484,0.0627370386793574,0.659411760102771
1713471806.0342374,-2.4309190381511057,-0.0952519540811802,0.1276569491213988,0.1188601680278672,-0.7420245849776858,0.0620161770343117,0.6568300918282669
1713471806.1443546,-2.427551575456625,-0.0928443003182878,0.1314328427179781,0.118719221089477,-0.7406245634895898,0.0608450260786394,0.6585430018618771
1713471806.2540672,-2.423497892818284,-0.0895971462157209,0.1340144727671821,0.1183740369450769,-0.7408513541597951,0.060480270293748,0.6583836232183474
1713471806.3678114,-2.419957713088511,-0.0865764232701211,0.1374705565851318,0.1192147877398994,-0.7387371769822053,0.0601376491758746,0.6606350587730658
1713471806.479077,-2.4160057846062193,-0.0832322650545061,0.1403380739083401,0.120114297158539,-0.7370830023974131,0.0597226199143211,0.6623552006782276
1713471806.5876763,-2.4122302522085066,-0.0803070683387235,0.1429436308749999,0.1200566410700997,-0.7317737182772932,0.0620434615130248,0.6680151473260707
1713471806.6986554,-2.407540820814394,-0.077008552087997,0.145769697047264,0.1219418622406858,-0.7234145341851583,0.0653612195540854,0.6764092732520356
1713471806.814181,-2.403048895504795,-0.0728774712172488,0.1462455135439661,0.1202880878741321,-0.7202809041187133,0.0684155172102401,0.6797392971444048
1713471806.934985,-2.399095328421187,-0.0689816619948705,0.1456286829016282,0.117409372131382,-0.7237380134993823,0.0690311018408984,0.6765005795491341
1713471807.0528648,-2.3953851812913496,-0.066169264635392,0.1447761125380367,0.1139800938062425,-0.7297038112999661,0.0683232453421848,0.6707255922775986
1713471807.1730838,-2.391666599297235,-0.063432233758223,0.1442843358073989,0.110796237617128,-0.7357037805000752,0.0674391409900969,0.6647677063082291
1713471807.303512,-2.387944377488013,-0.0605915854341158,0.1437759544831841,0.1076087000113846,-0.74217798631881,0.0663820557202795,0.6581683880162932
1713471807.4201577,-2.384059472108591,-0.0573559232361034,0.1433445829023079,0.1044346318292133,-0.7489035779732258,0.0650912188552107,0.6511528021912679
1713471807.5320342,-2.3799154172702885,-0.0545247108175032,0.1414239796944192,0.1037569928716498,-0.7550979499944747,0.0614652600649708,0.6444250104934786
1713471807.639227,-2.375744859018332,-0.0505883477299412,0.1401720236314558,0.1058292325632654,-0.7572189001207009,0.0569827263842141,0.6420067598778755
1713471807.7603884,-2.37158866874888,-0.0456390411682645,0.1398405297082774,0.108288932936748,-0.7584845359956613,0.054949129909209,0.6402775248133324
1713471807.876506,-2.367107980115746,-0.0422313054776438,0.1406248380780631,0.107241175728213,-0.7609529897883155,0.0542863642795543,0.6375757744879914
1713471807.9914608,-2.3626339618899963,-0.0393296290663775,0.1404473620279805,0.1049056747659578,-0.7661127030752536,0.0541070644833702,0.631774129860997
1713471808.106192,-2.358707690543894,-0.0373282570953007,0.1402135439880278,0.1017529838775587,-0.7725325877201364,0.0554189205551261,0.6243144035075179
1713471808.221055,-2.357642110752303,-0.0382493122647976,0.1414789982347883,0.0933748546418571,-0.779308939454298,0.0579054621152706,0.6169324686417844
1713471808.332713,-2.357022126054527,-0.0411940547991575,0.1419086207207503,0.0836133851266075,-0.7842059641326473,0.0625729246700136,0.6116489489443235
1713471808.451174,-2.35527918362959,-0.042030356549173,0.1437348100591643,0.0773261837856105,-0.7908488916645708,0.0657193122310601,0.6035392811192577
1713471808.5684214,-2.3532865771406977,-0.0421519404127396,0.1453470163791098,0.0716166277045608,-0.7952695595971954,0.0706935801057968,0.5978459700843811
1713471808.6805604,-2.3516293475635055,-0.0430899751686846,0.1491613119697501,0.073312141028868,-0.7956393756020381,0.0725867716958057,0.596920827701751
1713471808.7996187,-2.3480866340053375,-0.0440450059041164,0.1520956990884603,0.0749645630192485,-0.7931160599311895,0.0734160698305407,0.5999644243296398
1713471808.9187331,-2.3423677081444128,-0.0453914103575818,0.1547595486261043,0.0780863842446887,-0.786629299683547,0.0718444623139635,0.6082394550748748
1713471809.034167,-2.3356993199696463,-0.0463787951399136,0.1570420109072295,0.0813619038687874,-0.7786850983056718,0.0700845939062309,0.6181568635650108
1713471809.1492164,-2.327809159932998,-0.04753473514662,0.1587503228214997,0.0860460717664322,-0.7679442680670668,0.0673792941330335,0.6311241600498567
1713471809.2686973,-2.3186778316896777,-0.0487857819704004,0.1595746241794108,0.0927224106612696,-0.753251777133126,0.0636858963638859,0.6480419904691971
1713471809.388364,-2.3087270502543347,-0.0501855249651922,0.1599499694982485,0.1006199118960357,-0.7365490734245157,0.0588508559247453,0.6662639661008588
1713471809.5066752,-2.29835613277819,-0.0516552709951182,0.1594562441542866,0.1096493770315436,-0.7179895786880784,0.0534514039270948,0.6852816402254862
1713471809.6291912,-2.2871394809857044,-0.0533071639427065,0.1573093098360114,0.1204508514982408,-0.6955321447636638,0.0470926056764638,0.706759445967585
1713471809.7558851,-2.2743631401619826,-0.0555606773256747,0.1527960606546912,0.133766529390327,-0.6646182046122131,0.0390594859415732,0.7340732349506318
1713471809.876102,-2.263709246558962,-0.056331283429104,0.1492944745427147,0.1376079252924822,-0.6498920148485925,0.0359192230044307,0.7466017930272425
1713471810.0101757,-2.2612830565278044,-0.0547024533583218,0.1495057953739176,0.1279553056999425,-0.6641698188597943,0.0419997810914225,0.7353515552762877
1713471810.124433,-2.258217039928227,-0.0544230581750575,0.1516721989014566,0.1263933203996539,-0.6720066600691886,0.0443459576579299,0.7283304287343798
1713471810.234793,-2.2561464131657933,-0.0547896958511708,0.1536448138191542,0.1268384846796308,-0.6782157993164616,0.0477087093256098,0.7222597921912812
1713471810.349075,-2.2534842799278665,-0.0544652717976256,0.1520557789469817,0.1273025830675662,-0.685041370570142,0.0519414257940349,0.7154120919010174
1713471810.4734497,-2.250670898246472,-0.0531872937036921,0.1490895271601513,0.1280807992160202,-0.692049176648773,0.0566762009902209,0.7081320881115734
1713471810.589223,-2.2479298782446873,-0.051651555327965,0.1455234633177899,0.1290185881582287,-0.6983988480334495,0.062130325289578,0.7012368185246832
1713471810.7070875,-2.2453993757837343,-0.0505714340855154,0.1410186057734789,0.1301713036523181,-0.7047180318762534,0.0677882323300645,0.6941416878501689
1713471810.8229246,-2.2423753372328106,-0.0495498716261154,0.1397573385351364,0.1323499034885299,-0.7071395259762068,0.0722093977725618,0.6908132864400094
1713471810.937635,-2.2394252818500906,-0.0489643426216851,0.1396673127524973,0.1350285272454485,-0.7077951510402235,0.0758583429826363,0.6892306092983692
1713471811.0541356,-2.236694406222397,-0.0488054938215696,0.1399147080746921,0.1380974043423696,-0.7075593896280016,0.0794810648757023,0.6884559371444001
1713471811.168881,-2.2342006367224863,-0.0486827696941771,0.1398990771781089,0.1410575818147658,-0.7070109492951053,0.0838164871403023,0.6879048427456113
1713471811.2831633,-2.2321481990854792,-0.0486249687814406,0.1391348602265576,0.1463387064609031,-0.7034131107211549,0.0878373796358457,0.6899851979540188
1713471811.391647,-2.230004034041633,-0.0482903689377658,0.1375873870744813,0.1512811638260167,-0.6988673264105673,0.0926436778911077,0.692903758464334
1713471811.502758,-2.227646942698272,-0.0478530129184692,0.1352568318646562,0.1548405421561742,-0.6942273163030381,0.0980930862548481,0.6960248459878876
1713471811.6223054,-2.2258916487698945,-0.0474963382799289,0.134456442420535,0.1580667115089322,-0.6922423824149063,0.1038140021254181,0.6964467328259861
1713471811.732516,-2.2236085524523213,-0.047221480533677,0.1340740782111139,0.1607030397599038,-0.6912839470362714,0.1093391245565127,0.6959497061017383
1713471811.8420756,-2.220989541653531,-0.0472529701182787,0.1325185129723805,0.1597898987033118,-0.6913939463829296,0.115810630645574,0.6950032352492316
1713471811.9661326,-2.2179357662770687,-0.0477797792196974,0.1332316111371679,0.1632066810325319,-0.6912637997838088,0.1195516000399007,0.6937040819417855
1713471812.079723,-2.2151739939154136,-0.0482988536493718,0.1333419040259216,0.1656819260578657,-0.6910864472165811,0.1238452698209411,0.6925397974082774
1713471812.1966298,-2.212233443207553,-0.0486550940640226,0.1333723721690394,0.1680719080527171,-0.6909580127648072,0.12831259135447,0.6912776122655271
1713471812.3041935,-2.2096642657727896,-0.0492314832890131,0.1334101804750077,0.1697562238879974,-0.6913483224354512,0.1328779262311272,0.6896113240351341
1713471812.4163082,-2.206566596590279,-0.0496071376469638,0.1324285711963002,0.1711451019362404,-0.6908232647334427,0.1379845986889576,0.6887908401763986
1713471812.5358682,-2.2032091464621164,-0.0498078612442067,0.1319118618255728,0.1744390665466601,-0.6918095338685193,0.1406930930738002,0.686422635460311
1713471812.651494,-2.200137644692579,-0.048298462877429,0.1264253281579072,0.1715957805224165,-0.6961177941617162,0.1469859399527078,0.6814470179071505
1713471812.7649484,-2.197045622235199,-0.046895982331171,0.1249063977372055,0.1749389992318226,-0.7009727240686339,0.1439125172114561,0.6762564410409928
1713471812.8789291,-2.1951293423211835,-0.0473271785204757,0.1243304506033235,0.1817171109148289,-0.7054040835879406,0.1398193486120658,0.6706970405570039
1713471813.0029943,-2.193568491235281,-0.0478236843834178,0.1228357486525564,0.1870091846517183,-0.7098394650791545,0.1380729191270122,0.6648995169766518
1713471813.1125329,-2.192870685188816,-0.0481788387598095,0.1218011099628285,0.1917990102732452,-0.7139458410113024,0.1362810923324928,0.6594861178474726
1713471813.2319784,-2.1921662775909985,-0.048502483678734,0.1175434421412572,0.1922442382268374,-0.7179057507409685,0.1385972259401167,0.6545565635476691
1713471813.3491745,-2.1900670216788947,-0.0491671755294131,0.113672100693484,0.1932938267960347,-0.721631555078748,0.1403720344073815,0.649754636146219
1713471813.469326,-2.188909135121063,-0.0502171964790228,0.1080475729880571,0.1942003326859893,-0.7247275721223684,0.1463732428616867,0.6446945406659048
1713471813.5951874,-2.188048009588603,-0.0505995521412104,0.1058535208930657,0.1998461898073327,-0.7268057926924807,0.1469823606445828,0.6404771860007913
1713471813.725474,-2.189721764311859,-0.0473096641652737,0.1055057945827754,0.210101012168502,-0.7249419054686939,0.1388333953886486,0.6411256403436455
1713471813.840522,-2.1882781774507816,-0.0462025890202508,0.1071574993005463,0.2152218650192221,-0.7271433915649628,0.1336610440906519,0.6380256751993981
1713471813.9630291,-2.1867832218938923,-0.0439132924319354,0.1079178715854656,0.2222135795687255,-0.7268524537545883,0.1270320319286835,0.637314285412039
1713471814.1165202,-2.1823007074086154,-0.04342981251884,0.1095451748567192,0.2154791112355027,-0.7252543393545502,0.1295090261286984,0.6409386148608531
1713471814.2438989,-2.180548580376742,-0.0441150072442411,0.1111254626020049,0.2187847068195845,-0.7294340678906289,0.1224605472226017,0.6364452899003487
1713471814.3591185,-2.1794134534979066,-0.0426916719747286,0.1134057741262836,0.2264063482008773,-0.7305842898361198,0.113094595500193,0.6341895406009496
1713471814.4769151,-2.1779795232544448,-0.0416001683030129,0.1141998491516043,0.2368479021512809,-0.734054631633929,0.103889928674354,0.6279122165903063
1713471814.5956974,-2.1744496092867305,-0.0422611788388075,0.1160899940649718,0.2421870800881971,-0.7405451924469504,0.0982655591546022,0.6190978243105817
1713471814.7176762,-2.170608533520051,-0.0423159699533251,0.1190664252187598,0.2463791329764003,-0.7435843646997784,0.0915573907960249,0.6148144920205184
1713471814.831889,-2.166846307348415,-0.045463515029909,0.1238616331973159,0.2396239174591436,-0.752819905044108,0.0901879953472607,0.6063898863323468
1713471814.9551952,-2.162116495534419,-0.0471505339002836,0.1277343986494442,0.2399104281092047,-0.7555532239013973,0.0847498115164459,0.6036553501664587
1713471815.070638,-2.156547533019137,-0.0475950765996046,0.1319942517232063,0.2349176845615296,-0.762181902910835,0.0864054154648567,0.5970146836835872
1713471815.1911204,-2.151883056238534,-0.0461535279058351,0.1367734543777806,0.2335095792866586,-0.7625291081660717,0.0848090090248973,0.5973525488093593
1713471815.316316,-2.145674389228179,-0.0454290757625834,0.1414082675925723,0.2264831701678278,-0.7680250955664906,0.08813167180526,0.592516358116486
1713471815.438749,-2.140348810523103,-0.0445168663528279,0.1465552950121122,0.2251357175471117,-0.7657750330639636,0.087752965923202,0.5959881914871418
1713471815.551338,-2.1339391019746565,-0.0449535358196116,0.1513989787695731,0.2204352321940774,-0.7671854011123629,0.0908338201635099,0.5954696346935829
1713471815.6700196,-2.1298813615947094,-0.0455119786919945,0.15617690044732,0.2215156416225413,-0.7625495969621935,0.0935339729913501,0.6005833235994849
1713471815.781464,-2.125233021302831,-0.0454516563956228,0.1599171973131464,0.2197187375880429,-0.7610391922973715,0.0955357963083372,0.6028398923128868
1713471815.9021633,-2.12133940056778,-0.0418019988546709,0.1618637244424169,0.21717571631744,-0.7579909608886043,0.0991130281340558,0.6070099003371158
1713471816.020062,-2.1167965732568312,-0.0367245244229523,0.1619674096117788,0.2123216742217404,-0.7583713047049129,0.1018335606310366,0.6078012806707882
1713471816.1318047,-2.1132926932755707,-0.0315481002329513,0.160991855643281,0.2072077075931768,-0.7588372436812588,0.1058568046486528,0.6082970823748763
1713471816.2502162,-2.1115554875037903,-0.0258885704321261,0.1592282330287427,0.2056573416390667,-0.7615379722825922,0.1059932364616584,0.6054175488256457
1713471816.3699572,-2.1114925464660335,-0.0174408691398841,0.1573624014577526,0.2060767303158972,-0.7653696665857133,0.1055342201720766,0.6005032748165947
1713471816.4897587,-2.1106892962114148,-0.009411540549085,0.1555517813991601,0.2075507755915932,-0.7692747075353014,0.10404748917835,0.5952421523157496
1713471816.6064565,-2.1092593430414013,-0.0024118691641193,0.154593951452688,0.2117435233526452,-0.7700233574419904,0.1026970622621073,0.59302784311928
1713471816.7333612,-2.106516700308155,0.0046630725525044,0.1540469825892493,0.2161502924603497,-0.7696672310194907,0.1002423874473792,0.5923199037031802
1713471816.8481462,-2.1028171149426704,0.0094205332579809,0.1553944177560422,0.2177105244233917,-0.7692953788535756,0.0992988660865892,0.5923904817126481
1713471816.9632895,-2.098351777434188,0.0132993333423176,0.1570914986062163,0.2187353454551827,-0.7688046988008296,0.0981278343524114,0.5928449307160123
1713471817.0696402,-2.093748073985783,0.0156680352001737,0.1595327108944543,0.218306152304226,-0.7685837442389343,0.0979801032669261,0.5933138725173948
1713471817.1795745,-2.089439025414905,0.0188024339411106,0.1611967240231108,0.2195959185469812,-0.7676301790586236,0.097892189269858,0.5940864078868389
1713471817.2913978,-2.0844374839382667,0.02088442068487,0.1635779719863972,0.2186690535002665,-0.7674072677845145,0.0981324251794891,0.5946763468654157
1713471817.40386,-2.0800938039618098,0.023384644389467,0.1648311785711221,0.2196220382784725,-0.7657140131830886,0.0998029245987562,0.5962277975396595
1713471817.5086095,-2.0751494107414734,0.0245997496294525,0.1672802507350196,0.2192846178079545,-0.7656395200545362,0.1007684410847077,0.5962852530499448
1713471817.6345713,-2.0701991455696276,0.0268640023721215,0.1688909013026817,0.2198983049064869,-0.7652687409398732,0.1009942418766351,0.5964969846925623
1713471817.7492938,-2.0659069699692423,0.0284766656024261,0.1703222145707565,0.2189194856512631,-0.7667902018969512,0.1021465310319234,0.5947042384876399
1713471817.8676476,-2.0615724488770986,0.0308929407604547,0.1705786041929546,0.21811758430114,-0.7691306445039084,0.1036195476137478,0.5917142557484649
1713471817.9865994,-2.057655932545773,0.0329852309098833,0.1706994031736047,0.2156936083869849,-0.7739412514713486,0.1054911649533753,0.585971689323592
1713471818.1065826,-2.053856348665988,0.0351899854044017,0.1702859856445652,0.2135406987183443,-0.7792473926068255,0.1072069024086762,0.5793794535382508
1713471818.227323,-2.052474134657071,0.0369980759907527,0.1701072720497263,0.208032857212064,-0.7858428253735197,0.1077396407879916,0.5723334289835107
1713471818.3369942,-2.0518272665323294,0.0381154470575319,0.1698250787941707,0.2049300651952719,-0.7903284711264633,0.1077308304606354,0.5672553607276275
1713471818.4635396,-2.048961846707326,0.0352042067578969,0.1742806918397392,0.2088685675949332,-0.7846920688481188,0.1083931225938004,0.5734833995261461
1713471818.5824535,-2.043268338785638,0.035197746094923,0.1766209823742388,0.211481657883656,-0.7749907087788536,0.1105739817068535,0.5851822829296208
1713471818.7166357,-2.0347425259067853,0.0359153930549434,0.1784688842708567,0.2160205592827932,-0.7592457838064544,0.1111312952260553,0.603763855294975
1713471818.8501086,-2.023818837852217,0.0369360442441221,0.1798587130770001,0.224375250842288,-0.7348455399188835,0.1105035480479723,0.6304337753797735
1713471818.9704874,-2.012509656534983,0.0383686491421772,0.1801541775504298,0.2320522173551315,-0.713498621708866,0.1107762419476333,0.651766913443813
1713471819.09998,-2.009799539518963,0.0377068292824663,0.1841708982771292,0.2304235763996939,-0.7219988294687982,0.1110711946009647,0.6428731254413848
1713471819.2145617,-2.007517741581373,0.0381040449612904,0.1865998631834189,0.2312129512335145,-0.7240233762154935,0.1130820082725771,0.6399556088358375
1713471819.3188405,-2.004013115557439,0.0387068635162907,0.1884236356632034,0.2322182825874314,-0.7236606631455107,0.1145425899105576,0.6397420643857379
1713471819.4388566,-1.9995038231967592,0.0399972968432911,0.1891086798395124,0.2348068895415889,-0.7186806362738458,0.116534830458207,0.644036878570553
1713471819.562021,-1.994054450166922,0.0414951484498951,0.1890631549984844,0.2375365646918331,-0.7121227767167407,0.1181906511829796,0.6499911547771899
1713471819.668012,-1.9884410823806904,0.043110481516855,0.1886637571218475,0.2402187850479651,-0.7053208230591885,0.1199164397238248,0.6560773729928132
1713471819.778751,-1.9826404994613671,0.0449549556660043,0.1879010907947003,0.2425135658992755,-0.6986919322570936,0.1215783111415066,0.6619935561722984
1713471819.887329,-1.976924211356384,0.0468057060763287,0.1869898919864056,0.2449205752289028,-0.692145458604245,0.1233347400693561,0.667635467792932
1713471819.9997032,-1.97183023490801,0.0481682110595576,0.1869090641600226,0.246110644073063,-0.6896999312326397,0.124534680115611,0.6695033003504439
1713471820.1115425,-1.9677952812206736,0.0496006869678994,0.1870463218856007,0.247108762091826,-0.6893343118844698,0.1264811995207121,0.6691471978003133
1713471820.22391,-1.9644819187485811,0.0516088380793162,0.1844069374978607,0.2472140326546607,-0.6926883457605303,0.1299715843555955,0.6649627545707028
1713471820.338197,-1.9620616363376264,0.0542324319587607,0.1807030341035342,0.2472768862567464,-0.697745156647834,0.1340016070524914,0.6588242612449905
1713471820.4592078,-1.959374483451881,0.0561666077834292,0.1774505671647489,0.2486133815187032,-0.7028411981024497,0.1364622830717033,0.6523677506426931
1713471820.5690992,-1.956407918600923,0.0577187506112081,0.1737796182635594,0.2497507237874157,-0.7077537817977956,0.1397302529196598,0.6458983021634197
1713471820.6846108,-1.9524974202117564,0.0592565180892089,0.1729931526774379,0.2514139419945225,-0.7096227327837322,0.1418585130715155,0.6427307127844922
1713471820.8084211,-1.9477900137912771,0.060325293398468,0.1733944515595426,0.252897212489813,-0.7099184482823213,0.1429062917403963,0.6415891118810483
1713471820.920809,-1.9435122901692912,0.0604982459557159,0.1740908841211527,0.2547036908589843,-0.7094648514994341,0.1444732615817312,0.6410250627219141
1713471821.0301108,-1.939462819712089,0.0605770646415621,0.1740122169094888,0.2554236586149302,-0.7089180936928117,0.1473081395257409,0.6406982152965454
1713471821.1460774,-1.934656144100349,0.0601792768788281,0.1753889770967129,0.2581911085976273,-0.7073784219604198,0.1474825615769686,0.6412503517477478
1713471821.2506115,-1.930730896718634,0.059480634245048,0.1762949787184405,0.2611070375462825,-0.7057926173039141,0.1489476756581425,0.6414783598993281
1713471821.3617015,-1.9263718592407175,0.0586557960544657,0.1769132847852954,0.2635068384528525,-0.7042798232120265,0.150190368203905,0.6418698699921928
1713471821.4760451,-1.9217106845617593,0.0578264406796703,0.1769906188997365,0.2652020668886497,-0.7029040418944011,0.1516182403922958,0.6423438960454486
1713471821.5874732,-1.916316262412692,0.057233614650106,0.176028674776433,0.2648157452379239,-0.7019433280649606,0.1535258645207544,0.6431002986955651
1713471821.7023413,-1.9113990908335183,0.0569869376887805,0.1770512063747178,0.268096121217949,-0.7001208762398736,0.1534810120500258,0.64373815125492
1713471821.808108,-1.9081815065079089,0.056207410764114,0.1777964397664846,0.2721574949363085,-0.6982291350543193,0.1555063917102085,0.6436024666271577
1713471821.917173,-1.904824562049351,0.0552812988620362,0.1793336144138706,0.2754649031932957,-0.6979268439291261,0.1572943262755693,0.6420869898645764
1713471822.025015,-1.9011216893706144,0.0550207670757869,0.1791074266240084,0.2784350453440089,-0.6956394531412763,0.1600280829432069,0.6426123943926916
1713471822.1310537,-1.8976156146957752,0.05396609519687,0.1803590080009593,0.2823132514612066,-0.6946487601675227,0.1614993010296106,0.6416231789875365
1713471822.2392304,-1.892207118089983,0.0533771270637819,0.1785321717869891,0.2826906949394251,-0.6919304583423485,0.1634067310466115,0.6439071765879559
1713471822.3509216,-1.8839088634611527,0.0549520648262555,0.176229888383386,0.2877093109810535,-0.6909535851855015,0.1597488919445068,0.6436511376643498
1713471822.4757357,-1.8744679587351192,0.0573946426049443,0.1717184286435229,0.2936175950724309,-0.6874835732818121,0.1554120187175686,0.6457570354008415
1713471822.6039343,-1.8661263347367,0.0613650365291276,0.1669059626784749,0.3010769376098109,-0.6834590083417763,0.1467496795857226,0.6486146722804392
1713471822.7247734,-1.8586860278792356,0.0656841160230994,0.1627161974993839,0.3057143151109818,-0.683094822830345,0.1380230898895072,0.6487448244232521
1713471822.8345704,-1.8532670983910688,0.0679316098582785,0.1594050977172678,0.3067985913219119,-0.6843746261400101,0.1309227708775686,0.6483557846771723
1713471822.948492,-1.8492694668053595,0.0693898350777159,0.1566940766435659,0.3009253878794689,-0.6929954105803999,0.1281221704360396,0.6424842264887541
1713471823.0736113,-1.8462081114148576,0.0695638235742685,0.1576897416744155,0.3010031824959873,-0.7011612493031516,0.1218764115433893,0.6347567462518516
1713471823.2265005,-1.8443468523653952,0.0675863205796172,0.1638271511286851,0.3081747837734338,-0.709620740349961,0.1103019911250611,0.6239392424469048
1713471823.3692677,-1.8426570570993432,0.0654278506552613,0.1701157754548996,0.3152399193935246,-0.7180622024112601,0.0979274018451654,0.6127158318967367
1713471823.516705,-1.8414561591228615,0.064334795186092,0.1746405263094196,0.3184052208853657,-0.7286675157063074,0.0900212336627139,0.5996315071418303
1713471823.6632092,-1.84167693193531,0.0624644970136467,0.180487017437787,0.3235265400236152,-0.7376574604788205,0.0812642574926374,0.5870163280135026
1713471823.8072622,-1.8417886945383664,0.0608309984965223,0.1851542326812444,0.3285938237002885,-0.7459007634907951,0.0750547666574605,0.5744779648096757
1713471823.9507678,-1.8415681963982815,0.0598755838621047,0.1896843137541263,0.3332698899010672,-0.7521723638432113,0.070123106601821,0.5641370981209763
1713471824.083855,-1.8400715489151205,0.0602757339088639,0.1931345748246229,0.334620952740799,-0.7522316842457577,0.0726096757962586,0.5629424004144589
1713471824.219926,-1.838250525928235,0.0627055245253066,0.1950315066854439,0.3332136715908741,-0.7461556089017579,0.0832445287668582,0.570342708202498
1713471824.360509,-1.8364448207041248,0.0658534160162447,0.1963054174107228,0.3320794661229674,-0.7391141202552747,0.0953597111931817,0.5782214721885632
1713471824.4887338,-1.8337575295732216,0.0683552751269409,0.198355502475454,0.3317557104720232,-0.7359641065921638,0.1012409895305554,0.5814165842286195
1713471824.6194415,-1.830507066242338,0.0709121164474758,0.2004067267588759,0.330235634683704,-0.7335569257596034,0.1049804320392696,0.5846518375443793
1713471824.7478936,-1.826902289589985,0.0740664322709111,0.2022179851327637,0.3286809595156592,-0.7308397129712146,0.1089269277842105,0.5881981513057583
1713471824.880432,-1.8231047837836087,0.0772350847487687,0.2032611222745735,0.3270684233624276,-0.7270878555765671,0.1143229523147372,0.5927054574460467
1713471825.011023,-1.819414283041468,0.0802092075870223,0.203643918032031,0.3251219901531968,-0.7227537426940046,0.1205853783483723,0.5978142566627307
1713471825.120638,-1.815899192705282,0.0835425701378611,0.2036821361585165,0.3230895672199435,-0.7183167027934162,0.1269747426561119,0.6029192821340505
1713471825.2273812,-1.8129323853973476,0.0864688769743114,0.2022905295573892,0.3207851383088391,-0.7179468270823117,0.1327021538949515,0.6033567658311797
1713471825.3307962,-1.8104853087344948,0.0890511146357385,0.2006156428073065,0.317883877141883,-0.7198932288625908,0.1367808988198208,0.6016598419448316
1713471825.445217,-1.8078773252184483,0.0912308987958509,0.1991677568888641,0.3148917146170417,-0.7228053815119792,0.1397950330196891,0.5990433517416631
1713471825.5554953,-1.8054726278078588,0.0930621065840387,0.1981680329590869,0.3116368885854839,-0.7261470802640838,0.1414155521194763,0.5963174566583211
1713471825.6639466,-1.80192052029134,0.0957195450961456,0.1982424023033945,0.3093264306937472,-0.7259639168018411,0.143206646528916,0.5973151656922315
1713471825.77691,-1.7983173804590835,0.0990435016388239,0.1988517963736822,0.3085634994283689,-0.7246354261501612,0.1453866419997987,0.5987944474665039
1713471825.8896854,-1.7944640155014142,0.1024903376989402,0.1995074939829498,0.3080190335988833,-0.7227473014358535,0.1475356795368539,0.6008276262553182
1713471825.9981947,-1.7906858871187863,0.1059863809620892,0.2002582341084397,0.3076873027794631,-0.7207950493207728,0.1494115557662028,0.602875781224032
1713471826.1101367,-1.7868379759466428,0.1094933231195589,0.2009322694429463,0.3075124087049746,-0.7187627472724852,0.1512354601310807,0.6049331097110775
1713471826.222409,-1.782968369170087,0.1128968549876313,0.2014613978857483,0.3075596852773861,-0.7168104891866295,0.1530552228072022,0.6067650792156203
1713471826.3373952,-1.779276411830741,0.1163150369766559,0.2018983115108946,0.3077423589407883,-0.7148932769822058,0.1551161089257827,0.6084087735979218
1713471826.4553063,-1.7754583018680252,0.1197066471464982,0.2022210184916685,0.3080328914706626,-0.7130284531261906,0.1572328456790743,0.6099049065586826
1713471826.5690815,-1.771345935959996,0.1231130980312661,0.2024748582386772,0.3083286127032327,-0.7110239058663392,0.15924258465368,0.6115719672351659
1713471826.682146,-1.7672298066042658,0.1268497031644443,0.2023233856416273,0.3090644637471075,-0.708471421960489,0.1613156860016681,0.6136160452300827
1713471826.8002236,-1.7627484545099237,0.1305679823326104,0.2023942535618852,0.3093676424061655,-0.7058386051080681,0.1637741326209738,0.6158421541721509
1713471826.9221332,-1.758206114211015,0.1340850244742285,0.2012985522728323,0.3095024946186417,-0.7053663601113507,0.1664002301832229,0.6156114580180202
1713471827.0410466,-1.7541913116785672,0.1376332936142922,0.2008147106998551,0.3083720929007554,-0.7066611327357685,0.1683814305584971,0.6141533926012969
1713471827.15687,-1.7506680224746505,0.1410038377392455,0.1984611617767276,0.3065618871620367,-0.7022279913263776,0.1693553319077533,0.6198503279758644
1713471827.2724135,-1.7472940869003817,0.1441861398679284,0.1939730197335866,0.306072839898015,-0.6961128137967847,0.168026290784925,0.6273065699877111
1713471827.391514,-1.74449201278404,0.1459250004339222,0.1880357144896839,0.3080068912451016,-0.6889121196102038,0.167128831104685,0.6345075257341605
1713471827.503124,-1.7429616676957342,0.146583435953776,0.1854669567041255,0.3123047573763453,-0.687412146458304,0.1634057343288861,0.6350030278747708
1713471827.610317,-1.7420957654275937,0.1463919352745442,0.1828155740496236,0.3181938544909222,-0.6873637554050349,0.1594549783509082,0.6331333576734122
1713471827.732082,-1.7414619441536143,0.1457326787864659,0.1808410989895099,0.3261894698660389,-0.6874762554905214,0.1579776057385772,0.6293011234459626
1713471827.8545442,-1.7413026377936982,0.1448844215852683,0.1771480615097745,0.334323658181298,-0.6889560054024924,0.1563108599716864,0.6238062433600897
1713471827.9807718,-1.7413551625226067,0.143921597983798,0.1793900437869774,0.332440619889677,-0.6972739446555095,0.1590592807622184,0.6148108860091195
1713471828.0978513,-1.7408710112847494,0.1441449177208204,0.1790451518212468,0.3347479857334838,-0.7045841653545027,0.1539698799128192,0.6064636972306803
1713471828.218116,-1.7393807804183723,0.1429510689377304,0.1812703758761262,0.335799250772258,-0.7153741507929358,0.1453461837380329,0.5952757129522976
1713471828.3411336,-1.7359576387833568,0.1410084463533699,0.1827810879415639,0.3319145747864684,-0.7223739870156733,0.146430114663481,0.5886992096538245
1713471828.4613612,-1.731737464111553,0.1400768788281201,0.1874651353198661,0.3333376815758461,-0.7208921029932369,0.1471180957740506,0.5895395082430401
1713471828.5890183,-1.7268945914284255,0.1403852441094504,0.1899838466547564,0.3319979156607197,-0.7132310373497966,0.1530193341804293,0.5980501272676471
1713471828.7125452,-1.7210536638950558,0.1413883723815876,0.1900127521457777,0.3318974167853041,-0.7061873177847686,0.1558902334910074,0.6056746750800429
1713471828.8372328,-1.7157385483343353,0.1425402193832538,0.1923853248185985,0.3371815116475937,-0.6975694695753523,0.1555391084692606,0.6127911953153317
1713471828.9613633,-1.7103330556679552,0.1436966349988224,0.1960362905995102,0.340729704384733,-0.6862705172162008,0.1595638911124978,0.622475228746285
1713471829.082233,-1.7041410245195054,0.1461996586899264,0.1982635371641829,0.3402689585575514,-0.6756596407027374,0.1649530602209401,0.6328440358345444
1713471829.2045496,-1.6982355815918635,0.1486064636654077,0.1991510120246586,0.3392984595154127,-0.6659589575132561,0.1702092300805396,0.6421869200425334
1713471829.3259468,-1.6932831479176578,0.1508880165287302,0.2009210325555394,0.3391786851844941,-0.660555850365405,0.1741251787424372,0.6467644163004554
1713471829.4313254,-1.6886564570768308,0.1530257615207336,0.2032965868334416,0.3399060104722125,-0.6568483986961494,0.1768061292908791,0.6494256522654042
1713471829.5499363,-1.684032439679799,0.1550013228409367,0.2054649855204239,0.3406658396126195,-0.6542742571117454,0.1789169929829479,0.6510458446406386
1713471829.6667104,-1.6794896321455302,0.157022148944487,0.2072390480403729,0.3418570576866291,-0.6512424667463484,0.1807882311614307,0.652941511231667
1713471829.794001,-1.675199505650941,0.158324871589406,0.209733934752073,0.345190418638963,-0.6473406599831208,0.1813556778330897,0.6549074460793491
1713471829.905273,-1.6707174147678645,0.1600617493288589,0.2108133258988099,0.3470841234342883,-0.6442881135395199,0.182808226667014,0.6565109216718334
1713471830.0136745,-1.6660637528297102,0.1620947558683209,0.2115597495464809,0.3485731720669864,-0.641503446064514,0.1839649244899519,0.6581238325421127
1713471830.1284397,-1.6612150341735306,0.1640849890048339,0.211618811855895,0.3495941543692923,-0.6389204710330155,0.1856685806681729,0.6596148399470976
1713471830.2356184,-1.6561954436155988,0.1661790388064574,0.2114740174379064,0.3504267929375434,-0.6363552509663187,0.1868966173726203,0.6613037968844381
1713471830.3472092,-1.6511312201067208,0.1682720769636037,0.210776903441316,0.3511171061410253,-0.6337867054134892,0.1882545647290212,0.6630168992378354
1713471830.4668205,-1.6461004290269865,0.1702958538244123,0.2101053492395601,0.3520445899362401,-0.6310133854815816,0.188945879374227,0.6649708028982909
1713471830.584314,-1.64193406285771,0.172168401326582,0.2071320389141624,0.3507422968942524,-0.6290634968471148,0.1933066497882299,0.666251827203104
1713471830.7083452,-1.6371843347608372,0.1740359236808503,0.2029700248116923,0.347832235954508,-0.6271155631735595,0.1981803062382796,0.6681791468428946
1713471830.8280468,-1.6317496560666818,0.1758271116926166,0.197898838572252,0.3441347782028484,-0.6248721611200857,0.2026699855585149,0.6708434345226175
1713471830.9515598,-1.6255079095003977,0.1771202039578447,0.1936272297595531,0.3414039928608847,-0.6213214458288906,0.2037365553742346,0.6751995191171152
1713471831.0796344,-1.6206612131065357,0.1782404978634012,0.18681616745899,0.3371685472430185,-0.6253316646502088,0.2057857003133842,0.6730006875794118
1713471831.1948297,-1.618106970364562,0.1781140840998963,0.1844113788922336,0.3439630779695101,-0.6247878047971586,0.2050877137076361,0.6702750403055922
1713471831.307128,-1.6166010038411132,0.1768196657102547,0.1827147041988131,0.353882398198989,-0.620885036266317,0.2011813707956802,0.6699216939540603
1713471831.4243977,-1.6151943145961063,0.1750973800919437,0.182036551151399,0.3587942422035308,-0.6187791777239713,0.2010788957020532,0.6692879041788242
1713471831.5401974,-1.6134869169850097,0.1738270151491409,0.18170306355809,0.3642477944516153,-0.6149244765120104,0.2041000245458017,0.6689802780381251
1713471831.6585596,-1.6120405458000808,0.1726990188141387,0.1807372480714697,0.3673657656227674,-0.6117764143892847,0.2087705380597796,0.6687203268060709
1713471831.7662804,-1.6105570873393038,0.1720975275416414,0.1807931662361886,0.3707560414912798,-0.6095056179308355,0.2132762601308635,0.6674998848487235
1713471831.8890612,-1.609083115643067,0.171453069832975,0.1808717920584653,0.3740929123409628,-0.6070433361901577,0.2177323142355088,0.666442435819501
1713471831.9962382,-1.606810340604534,0.1710431193781537,0.1810859661230239,0.3780412553151138,-0.6035531280261323,0.2214545885226667,0.6661578612850714
1713471832.1132455,-1.6022723269627377,0.170591883635725,0.1822020345760997,0.3814683138853546,-0.60093068031914,0.2220436295291189,0.6663789233898202
1713471832.2371056,-1.5964975261694552,0.1694278634736042,0.1807534024292364,0.3809166303929447,-0.5997071423347168,0.223396120451793,0.6673440173477999
1713471832.3638675,-1.5906120342308112,0.1706794664398141,0.1809839704536619,0.3801755417197057,-0.6088119418960973,0.22141850483858,0.6601427289593358
1713471832.4885874,-1.5860402312970716,0.1731312301426262,0.1787483236392075,0.375921043197906,-0.620171533780349,0.2186482030851787,0.6528886591580146
1713471832.614261,-1.582464773900605,0.1750049701563414,0.1792251062612724,0.3754682689520461,-0.6306422723809444,0.2119968515791469,0.6452683458971795
1713471832.7417915,-1.5790015591789823,0.1747130894055968,0.1856779615813909,0.3842846167362653,-0.6377697136419468,0.1978519489062014,0.6375184170005984
1713471832.8639514,-1.5756904898585289,0.1746430705979417,0.1896516607537757,0.3899853874127253,-0.6446366852602871,0.1876802980471421,0.6301833442309566
1713471832.9856014,-1.5739353041715294,0.1750147877028828,0.1935080407636403,0.3924700838333155,-0.6481085932216307,0.1833455268965149,0.6263440767303452
1713471833.112953,-1.571910266128979,0.1766459194590325,0.1972367168926089,0.3920639018628735,-0.6483418712726745,0.1817613724098164,0.6268185688940668
1713471833.226143,-1.5699913920434991,0.1787613639229217,0.2005917791503544,0.3903889761545352,-0.6471050861200485,0.1818829402765717,0.6291025757783286
1713471833.3395002,-1.5678849981856149,0.1802697418999986,0.2023468814162556,0.3852477684044426,-0.643527174481319,0.1847966053107634,0.6350646796264967
1713471833.4520955,-1.5663085263274723,0.181709360711454,0.2036588750468815,0.3776774732975727,-0.6390578158463408,0.1873726077910482,0.6433166716469019
1713471833.5635903,-1.5645619552380654,0.1827963685561641,0.2042531898286585,0.36996140680248,-0.6347537837322834,0.1896733989036833,0.6513372346661933
1713471833.6810238,-1.5627599733920632,0.1834504101745845,0.2043481185612815,0.362285353798311,-0.6303057835708523,0.191192672522647,0.6594765375614317
1713471833.8040977,-1.5601611007409828,0.1831296340147273,0.2034182820524722,0.3562758275619349,-0.6256702980932781,0.1926886481421441,0.6666898061738158
1713471833.912857,-1.557077492850076,0.1837221901071941,0.2036280476244705,0.3528331411191613,-0.6242189014003948,0.1914112828985755,0.6702397022271898
1713471834.0303605,-1.554121426410026,0.1860130151132455,0.2046379431620424,0.3507073270942523,-0.6239030492360201,0.1896260706299705,0.6721542302283301
1713471834.1419587,-1.551235827631643,0.1885007438533634,0.2058432172273894,0.34984791796316,-0.6241968695689766,0.1881059957093322,0.6727561495039142
1713471834.2600312,-1.5480986008155513,0.1914353897825813,0.2070754567378753,0.3494431700387796,-0.6246278032211111,0.1867870402765762,0.6729340086079276
1713471834.3674664,-1.544663603950449,0.1943022991552801,0.2080894412011798,0.3488907463142853,-0.6250719185531266,0.1851501433017556,0.6732605500160499
1713471834.4912677,-1.54114189650407,0.1975541674017767,0.2089591924407469,0.3480576664430939,-0.6254693929735655,0.1836512004341934,0.6737329855829736
1713471834.6125374,-1.53756468224196,0.2008935133245356,0.2097531907632125,0.3470771398172751,-0.6259891696088902,0.1818650630333354,0.6742404002998582
1713471834.7220523,-1.533838783403626,0.2041178795523438,0.2104675170334132,0.3464203178358361,-0.6262100832744535,0.1803814627541696,0.6747713856489371
1713471834.8401384,-1.529964762554325,0.2072095287391334,0.2110696835352411,0.3457897467823596,-0.6258503467518923,0.1789088600348873,0.6758198090406532
1713471834.9659736,-1.5260450461424864,0.2107770619832582,0.2115168720238512,0.344929178178902,-0.6251018527152742,0.1780759676223849,0.6771709426194469
1713471835.0913298,-1.522674218882054,0.21409585808535,0.210801191282166,0.3437596074953358,-0.6285100241711712,0.1774976921322331,0.674758513142841
1713471835.204215,-1.5196296135671308,0.217528551525035,0.2098246125289462,0.3421736910966989,-0.6332039142277245,0.1766838337651606,0.6713812560788353
1713471835.3306894,-1.516788941510342,0.2211382100848413,0.2092990518152289,0.3413733017652437,-0.6389931633952767,0.1760032184661446,0.6664644574660765
1713471835.45111,-1.513386371033449,0.2236896585900489,0.207759696168608,0.3392603138222959,-0.6389354973547607,0.1762459951968039,0.6675336836911753
1713471835.5683987,-1.5097572127933871,0.227529714389345,0.2085757683568081,0.339382030999028,-0.6396783195878644,0.1748922143822068,0.6671163300599898
1713471835.688967,-1.50612340350619,0.2308909474395939,0.2073607019359884,0.3392290401549449,-0.6370659572236375,0.1751430130477034,0.6696234385405407
1713471835.8116136,-1.5018377034768546,0.2348076472704861,0.2075025812764772,0.3388081549921684,-0.6339277649401789,0.1769406861624115,0.6723366839085365
1713471835.9409857,-1.4973606715199703,0.2383569322990228,0.2062575652399775,0.3394569268823844,-0.6303332955505143,0.1783980510220492,0.6749985679270215
1713471836.0633447,-1.4922268638058784,0.241198777069594,0.2057751149521712,0.3386202846737285,-0.628129814115151,0.1798509454378991,0.6770840988032748
1713471836.1900473,-1.4890805024942524,0.2440306381196498,0.208046017105664,0.3404801874898544,-0.6342307938528017,0.1768866031629948,0.6712195405954567
1713471836.3119376,-1.4868971486666698,0.2468576248518521,0.2081072825180875,0.3415706209999762,-0.6401905845223244,0.1775460022043355,0.6648029358087353
1713471836.4422417,-1.4886235171609066,0.2494339231550333,0.2074524520789577,0.3424213206549948,-0.6309865018924927,0.1819100129398806,0.6719467395430809
1713471836.563595,-1.48836716845924,0.2517624968192335,0.2033838569706729,0.3460367946356684,-0.6414858879221182,0.1834659487224171,0.6596170389054754
1713471836.6999907,-1.485616083455586,0.2541405276264963,0.1954634059198104,0.3496163997908661,-0.6494538651414041,0.1834166967474488,0.649874115044151
1713471836.8346975,-1.4843231442922635,0.2567697871147063,0.1899867147949898,0.3539868984611357,-0.6624569974520048,0.1835951786715048,0.6341425806656722
1713471836.9603064,-1.486950923295338,0.2565518267290983,0.1892160699210703,0.3647632950610827,-0.6444310390883278,0.1776584555281512,0.6481464708035305
1713471837.0888858,-1.4903233157979932,0.256405824614034,0.1857612560926671,0.3734560418825381,-0.6459480686228409,0.1749506328428644,0.642397037268799
1713471837.2188923,-1.4924820685666529,0.2560264568521813,0.1821522576536746,0.3734320041861285,-0.6322364434716714,0.1843887069247158,0.6533195409250014
1713471837.3500109,-1.4933467553075772,0.2561652898569447,0.1814943242314492,0.3702959072971756,-0.6321781474473969,0.1994453715124789,0.6507328750810032
1713471837.472474,-1.4917378811684725,0.256373961207173,0.1825100873186069,0.3692491597732739,-0.6328024194572113,0.2096650191065699,0.6475003750569359
1713471837.5939813,-1.488528123174905,0.2569576062877849,0.1851987911315223,0.3721534198823819,-0.6417472920660552,0.2129709842722998,0.6358503008207362
1713471837.7077518,-1.4845915558571632,0.256912769164221,0.190309223659513,0.3721195597669617,-0.6511791273694134,0.212811291158846,0.6262620311599267
1713471837.8335996,-1.4807995057275012,0.2554273166726835,0.1916641983541241,0.3659784389549466,-0.659527178295531,0.2142334662376595,0.6206349210715048
1713471837.951434,-1.4757057815680488,0.2545432764188466,0.1927241672120513,0.3627481566025485,-0.6671533408735066,0.2162207263229651,0.6136520122603211
1713471838.0793378,-1.4699782344257095,0.2548178604354346,0.1995888519218024,0.3628457797362195,-0.6782207665983261,0.2096144617249613,0.6036731808836208
1713471838.1961706,-1.465376490075141,0.2550288359746967,0.202993156131547,0.3619818079954814,-0.679807178733329,0.207352557659546,0.6031884342848418
1713471838.3181458,-1.4596818813097916,0.2563257855695726,0.2043048429812068,0.3610585856141537,-0.6750949464944173,0.2077438834568972,0.608872720573236
1713471838.42832,-1.453747305969614,0.2579689882532427,0.2080524993472302,0.3638411304254033,-0.6665736242725165,0.2053413111658487,0.6173606572852345
1713471838.5364783,-1.447818235909966,0.259302619385586,0.2100508726927016,0.3659498539473998,-0.6587715721578861,0.2048000399391131,0.6246260191133904
1713471838.6624122,-1.441685180358317,0.261320180184166,0.2101337364296304,0.3653004166155046,-0.652459333375749,0.2050454071482118,0.6315131074798338
1713471838.78332,-1.4356638237696269,0.2629078558560272,0.2096385215453427,0.3642090669306963,-0.6464731186736038,0.2051234857965206,0.6382386841711969
1713471838.9072533,-1.4303029286382247,0.2643365909991757,0.2120032723923378,0.367093743176688,-0.6379489894548361,0.202506342773102,0.6459523602486056
1713471839.0217216,-1.4255112736246265,0.2663616601684804,0.2138145598996497,0.3693584698016409,-0.6331333367396437,0.2020244659882435,0.6495403096320356
1713471839.1402705,-1.420947710025589,0.2687569182396402,0.2155262792847414,0.3715892540889211,-0.6299762771484584,0.2007125928256396,0.6517405707465335
1713471839.2598002,-1.4161523586095748,0.2712034638720026,0.2161166544461254,0.3720155666401304,-0.6276321565434675,0.2007766498479727,0.6537362091286084
1713471839.3687248,-1.4113202055426155,0.2733742524659001,0.2160437799786969,0.3721356020416331,-0.6257010215471797,0.2012452310688866,0.6553729337560086
1713471839.4790049,-1.406196717762168,0.2754679226180782,0.2153699226310709,0.3721032671291586,-0.6243916609261065,0.2016724008254497,0.6565077723096988
1713471839.589038,-1.400813806994098,0.2774076193132135,0.2142087251461769,0.3716940249407753,-0.6234159521389281,0.2021293274716281,0.6575255412665788
1713471839.7005107,-1.3958640197555752,0.2789082908801583,0.2121713167655724,0.3741450919062691,-0.6252153532082757,0.1992555270629095,0.6553002725850057
1713471839.8252475,-1.3910844274718122,0.2802696757150558,0.2102526585637305,0.3768113106991886,-0.6273413707843234,0.195727531694575,0.6527991834924082
1713471839.9335232,-1.3877167608685836,0.2822007615685408,0.2106564947672425,0.3822897167800279,-0.6290539581826512,0.1881167590360783,0.650198258309531
1713471840.0461094,-1.3835084274587353,0.2844323516567071,0.2099814967201422,0.3847053152613089,-0.6264100522937418,0.186176142521606,0.6518824362957046
1713471840.1645412,-1.3780828074385685,0.2877595187197856,0.2093541377598627,0.3867713692101005,-0.6200087361957124,0.1840860824476055,0.6573502789604895
1713471840.2811232,-1.3723930015035304,0.2906207870761185,0.20721254409329,0.386660939336154,-0.6153335365933327,0.1849414436504242,0.6615546985365017
1713471840.3990643,-1.3668592652285096,0.2935837998459362,0.2069285246464929,0.386333332842918,-0.6122424185074287,0.1841792125701653,0.6648186177986383
1713471840.5147753,-1.3625308777209193,0.2963879332902133,0.2059992978997354,0.3867460765106453,-0.6080861596348128,0.184545491752061,0.6682826170402736
1713471840.629804,-1.3589351651935633,0.2990476028929567,0.205787403996368,0.3861857566396213,-0.6033572041339608,0.1818529506969677,0.673609790539849
1713471840.747406,-1.3554308145948912,0.3009815753894556,0.2041277941166008,0.3823205765347943,-0.6000403082272301,0.1817072462487503,0.6787967898578848
1713471840.8676207,-1.3504265152283257,0.3015464130928727,0.2060758110182628,0.3787303922592026,-0.6042461655721577,0.1786092596280711,0.6779001355256153
1713471840.9850109,-1.345382905756067,0.3016526963589139,0.2075033322663595,0.3787825293771677,-0.6081172818911427,0.1781419408309568,0.6745239920276695
1713471841.0949888,-1.340957940415069,0.3022471626815908,0.2060055150211537,0.3762262612868973,-0.6159179721130712,0.1781470104335114,0.6688516237700316
1713471841.2032435,-1.334954746865112,0.3018325572069755,0.2031413576418803,0.3717523011561718,-0.6216143537397772,0.1815270201275162,0.6651644629513774
1713471841.3256447,-1.3289535575862792,0.3009165563017609,0.1987428454577971,0.364766708493785,-0.6255436449936385,0.1879065335305833,0.6635748120891891
1713471841.4465764,-1.3216738656572742,0.2993347183773138,0.1914930741993831,0.354766229440345,-0.6300092402428866,0.1963159451450046,0.66233626606059
1713471841.5684783,-1.3168527674687016,0.2971620125458463,0.1864381405292417,0.3480418311136714,-0.6353875209107879,0.2004871721207789,0.6595107852650319
1713471841.6881833,-1.313499831493545,0.2952597748355963,0.1817178818950406,0.3414424798492379,-0.6409237795879088,0.2045982626589076,0.6563332176799443
1713471841.8033044,-1.3105228951147003,0.2927186996920752,0.1808663342200981,0.3392398179327547,-0.637892243428314,0.2107194206338586,0.6584885401209919
1713471841.920604,-1.307674465647184,0.2928560845227492,0.1827162785744319,0.3356180280661633,-0.6290072147762451,0.2170043430987761,0.6667980039507313
1713471842.0465188,-1.305654674428831,0.2944118122632682,0.1850690541833979,0.3314713017654013,-0.6183910112057049,0.2223656054440346,0.6769585444334417
1713471842.1662154,-1.3028338304008642,0.2970208398647303,0.1867791604226596,0.3265055943890561,-0.6085766061151133,0.2259857748288524,0.68699275170635
1713471842.282524,-1.2994841331622318,0.2997786030970364,0.1888569886711011,0.323544658998519,-0.603066906830942,0.2254797667321465,0.6933888045774239
1713471842.4068382,-1.2960700983248483,0.3023868658972554,0.1908858672108642,0.3215540515591442,-0.599746411289595,0.2232912709685102,0.6978884168550289
1713471842.5195422,-1.2925432940107793,0.3053017898066947,0.1928187686624054,0.320309787209102,-0.5973657652185064,0.2208070647588823,0.7012845520297272
1713471842.6317592,-1.2888466626028154,0.3084892823431795,0.1945657874910939,0.3196727614752259,-0.5953543097981556,0.218689340317073,0.7039442760668266
1713471842.74918,-1.2848957038490811,0.3118040359441095,0.1960205785096811,0.3190168791574878,-0.5934955176706322,0.2166520485364458,0.7064369690088754
1713471842.862862,-1.2807368392501606,0.3152113949158568,0.1971671634410467,0.3182879611098153,-0.5916522156501948,0.2148077765473753,0.7088709675699414
1713471842.986202,-1.2766191041610373,0.3186922629290193,0.1980506714914462,0.3174531086512105,-0.5898100953921457,0.213192214534912,0.711264124529623
1713471843.0949144,-1.2724672806954138,0.3223200775641355,0.1986254827078217,0.3165800122821588,-0.5879022039510094,0.2117940778285752,0.7136465252558282
1713471843.1986954,-1.2684114853612594,0.3260869117395214,0.1989472566894139,0.3154105748711277,-0.5860801528943352,0.2102980218532233,0.7161012258385254
1713471843.3063784,-1.2643113539390043,0.3299340689703167,0.1991048605162447,0.3143240404466441,-0.584475411166107,0.2087398197848416,0.7183429396713651
1713471843.4169514,-1.2607798303328903,0.3336190239822112,0.1955969706831207,0.3071248134297152,-0.5746447357334493,0.2130845497371618,0.7280472177907885
1713471843.5481553,-1.2561312457315197,0.3377894419151235,0.1893628780928346,0.2967932531155471,-0.5592054521123277,0.2211516395376685,0.7418186972318365
1713471843.6615877,-1.2515250704742735,0.3418776413730137,0.1908578597961219,0.2989132308632324,-0.5631925572885232,0.2153567051980615,0.7396529681924846
1713471843.7812464,-1.2477704447223577,0.3454362673075279,0.1924609901949176,0.301303607449096,-0.5674859914807349,0.2096099690505512,0.7370477911817628
1713471843.895814,-1.2439762137327195,0.3494479694710189,0.1930949609516627,0.3023514032679074,-0.5692792430042222,0.2063712231006137,0.7361492312720458
1713471844.0134268,-1.2396630873960506,0.3530264712212724,0.1921068165318794,0.3040871502992219,-0.5694926959055575,0.2034352715246305,0.7360863839474403
1713471844.1265748,-1.2349651759836058,0.3570214309682594,0.191792497880389,0.3045851788203474,-0.5680149808277362,0.2024559705104955,0.7372912792125627
1713471844.253887,-1.230271909930452,0.3605799254490757,0.1909481858052299,0.3049523105291353,-0.5662273891244103,0.202112418612484,0.7386076105422333
1713471844.3703942,-1.2253243632621924,0.3641291783414523,0.189138238927874,0.3056499271134333,-0.5631565894770919,0.2014255714769136,0.7408512110668929
1713471844.49026,-1.2205431940639608,0.3672486649419837,0.1876176086571897,0.305074900018068,-0.5627788145518287,0.2022824025125251,0.7411417819178496
1713471844.5994604,-1.217551028417971,0.3686143548557496,0.1889049519651288,0.3060058217904199,-0.5685694433314397,0.1974072228404605,0.7376446390441426
1713471844.7106495,-1.2154776954961706,0.3697876172715451,0.1908121466325094,0.307759200804078,-0.5734330872632933,0.1919421143594157,0.7345862736856444
1713471844.8151352,-1.2135165506332617,0.3716334120053262,0.1892939974190227,0.306232288124021,-0.5720637349956088,0.1899109908305559,0.7368165880156046
1713471844.9206932,-1.2112134962429444,0.3755499226252351,0.1886026014718413,0.3054230203973844,-0.5721256189367044,0.1900855545902207,0.7370593847877932
1713471845.0296504,-1.2094550504160382,0.3799890064122332,0.1862959463110676,0.3071644901651135,-0.5696436560405662,0.1892612506585347,0.738468861979644
1713471845.158551,-1.2075004545143055,0.3853684692059622,0.1825807270726366,0.3098443785992454,-0.5718145440012316,0.1873586316841256,0.7361530625165961
1713471845.296204,-1.205105444288629,0.3900862112353646,0.177648987725434,0.3085610128264974,-0.5730829897160828,0.1904973063837725,0.734899152620337
1713471845.443785,-1.2030248524366045,0.3953131762583833,0.1740759649587152,0.2986423043873819,-0.5725540108842885,0.2038317571622576,0.7358310223296208
1713471845.5849464,-1.200485860151514,0.3995108697149909,0.1724883533738991,0.2944097054529273,-0.5717451169426853,0.2105845465787718,0.7362639440645785
1713471845.7284904,-1.1997031588667322,0.4033762852738614,0.1742173908772649,0.293974274254264,-0.5732897235782166,0.2142314877839444,0.7341817816850051
1713471845.8713503,-1.1988243764219475,0.4075095031010137,0.1738800662446587,0.2925035418468097,-0.5713242133243652,0.2182727730327424,0.7351104119987445
1713471846.008182,-1.1981294316420714,0.4118511605368715,0.175644751338881,0.292400318621359,-0.5717081964719536,0.2204068207002538,0.7342156530241779
1713471846.1324394,-1.1978020003481875,0.4167136181461988,0.1738941968944117,0.2893332700398163,-0.567518708903241,0.2247144457818327,0.737368423347399
1713471846.246625,-1.197837931999924,0.4225246436695022,0.1699704897414857,0.2844069145925988,-0.5596123587803146,0.2303892663200284,0.7435506040591789
1713471846.363907,-1.1957702600382825,0.4259470974209157,0.169445058621914,0.284206803977643,-0.5575101477779346,0.2327333976544595,0.74447571707454
1713471846.4867055,-1.194110974049515,0.430391276106748,0.1752658847428559,0.2870639460416135,-0.5643744238990874,0.2306453696616438,0.7388359181748235
1713471846.602872,-1.1920136325329764,0.4348954980578353,0.1773232781423883,0.2888142080149402,-0.5679592525998773,0.2290196460404494,0.7359066804713753
1713471846.723054,-1.1892626349728457,0.4381720026676142,0.181578844480867,0.2902504424240782,-0.5771459840275979,0.2303564085646482,0.7277314881373759
1713471846.8441472,-1.185666589162444,0.4408867327469402,0.1842648174060166,0.2924875184649821,-0.5885607703037462,0.2310262066803063,0.71740794742501
1713471846.9636106,-1.180826081533752,0.4434573822118114,0.1879345912513726,0.2949475263242366,-0.6001796215409417,0.232381799528589,0.7062500108672851
1713471847.0874035,-1.1758680887296336,0.4457479603587111,0.1883364331637527,0.3007498521095649,-0.6146077940309822,0.2295346328499899,0.6921854074558815
1713471847.2107823,-1.1708752921434633,0.4478577407323302,0.1889151425275679,0.3062730073706503,-0.6258932815016051,0.226592763906625,0.6805219794190683
1713471847.3243232,-1.1658202168839984,0.4494086851338444,0.1890397700725411,0.3120251574262452,-0.6351116648639101,0.2229933980146202,0.6704829742273942
1713471847.4462852,-1.1603709067971246,0.4507926628271505,0.1907150646262834,0.315923817950237,-0.6454940987907459,0.2211516370716925,0.6592582673721877
1713471847.5634725,-1.1535561076081506,0.4519841370315256,0.1922913844670231,0.3194610903196976,-0.6538460143243909,0.2199114700455833,0.6496683358962857
1713471847.6852803,-1.1460744752892829,0.4521698630874151,0.1980360444213014,0.3183301979529088,-0.6675406312948592,0.2218746647486883,0.6354738576718795
1713471847.8063211,-1.1371113392164924,0.451589875718932,0.2022400247406919,0.3184751349738873,-0.6798112194933359,0.2226539651740293,0.6219770944710342
1713471847.924003,-1.127177656398884,0.4501266145555223,0.2065610329886737,0.3182187462927359,-0.6954746220544625,0.2220073540890342,0.6047847669348725
1713471848.0417356,-1.11610773976415,0.4471505844861665,0.2109103426886174,0.3154352085783714,-0.7052547883918799,0.2229388548485061,0.5944868204075517
1713471848.1690304,-1.103505603349291,0.4425922319149752,0.2117321045312507,0.3143613443821483,-0.7152162993440446,0.2187313463681313,0.5846359452059402
1713471848.2911596,-1.089913185997922,0.4386632934837109,0.2108279483684464,0.3098414771578957,-0.7158715261102279,0.2146664734876572,0.5877452869207882
1713471848.4258072,-1.074964863896859,0.4355427639353977,0.2064610992999125,0.3059084070246599,-0.7081522814889042,0.2099843960801322,0.6007053738202756
1713471848.535318,-1.0573905673079196,0.4318567055284659,0.2037094788843164,0.3017785152307212,-0.7065897766202416,0.2057896717489929,0.6060620647444784
1713471848.6535466,-1.0424315161826894,0.4288140745118276,0.2022681688542746,0.2983243496228674,-0.7070436873480804,0.2025809986622638,0.6083196080879877
1713471848.772964,-1.0332157948036111,0.4262793161434637,0.2023096035287657,0.2944885704475842,-0.7089152707737381,0.1996332867371275,0.6089845413194557
1713471848.8901129,-1.0279743744010186,0.4247322231102008,0.2030072301475174,0.2925417442132954,-0.7099531252872874,0.1979837339993995,0.6092522702945893
1713471849.016009,-1.023907539597503,0.424340485018005,0.2038902688513295,0.2897115205570568,-0.7113911392399095,0.1961056013178611,0.6095346380635165
1713471849.1381738,-1.0191215578562458,0.423261905157074,0.2030112845945407,0.2851518086748483,-0.7143715678185805,0.1966700675231744,0.6080152906320007
1713471849.2566288,-1.0130471964335932,0.4218829933564834,0.2011069526812845,0.2799452458788235,-0.7183788272535507,0.1975870921225092,0.6054104895773027
1713471849.384887,-1.0077125035935843,0.4205073058294877,0.1996491330801147,0.2746382862843893,-0.7238682672800233,0.1984620877087477,0.6010002854192967
1713471849.50953,-1.0038381904863454,0.4199740064212174,0.1989984893895824,0.2715378901298621,-0.7276460550566355,0.1955188078546581,0.5988078060274699
1713471849.6265924,-1.002617713902095,0.4196331653697637,0.1986314054991868,0.2704424208137403,-0.7327207209700485,0.1886129490207477,0.5953204158663074
1713471849.741626,-1.002419561868427,0.4185211751007042,0.1990000473737463,0.2704878252044891,-0.7396805919797893,0.1797320078255263,0.5894110311383554
1713471849.8566542,-1.002429789433068,0.4178161499468376,0.1996269667115035,0.2713140041617243,-0.7465722932873213,0.1704508126256878,0.583065212919348
1713471849.9649172,-1.0024079686879812,0.4171523235448467,0.2005076746870238,0.2725448848461504,-0.7536008537485598,0.161060075038086,0.5760769837464144
1713471850.077052,-1.0026243065516185,0.4167567281616789,0.2013442038812856,0.2740598675094438,-0.7600720076194484,0.1517259248602707,0.5693513642552752
1713471850.1916494,-1.0015095407262251,0.4172433054736443,0.2009560365962426,0.2768078422021345,-0.7641295398323508,0.1429939648705994,0.56483288755311
1713471850.3025188,-0.9998567293512364,0.418270811941181,0.2008403265379008,0.2795745741038513,-0.7680176911538139,0.1349886123884953,0.5601472646678226
1713471850.4206803,-0.9988452034086692,0.4188396267183831,0.2009643705894365,0.2823133113908287,-0.7728032213096001,0.1262508121657573,0.5541977154162014
1713471850.5330212,-0.9974997652743716,0.4191957902930419,0.200690988669166,0.2843744622673563,-0.7760322726135432,0.1183051653337366,0.5503716607237047
1713471850.6450114,-0.9960829763467411,0.4189815296636514,0.198390472251138,0.2846366079542551,-0.7802196395262935,0.1152347419676743,0.5449406112168552
1713471850.7654953,-0.9938174465743732,0.418677565955605,0.1939412644813508,0.2829330448000496,-0.7840831436855751,0.1143042158862607,0.540460046792495
1713471850.8891115,-0.9913152120245716,0.4183890354222642,0.186902463408474,0.2801299797965207,-0.786645931852224,0.1154251345797608,0.5379520523492696
1713471851.003421,-0.990992766033244,0.4186599053764802,0.1813939216883251,0.2761674084523222,-0.791613990222762,0.1181361122936766,0.5320927663147293
1713471851.1174967,-0.991382617832148,0.4188523984591336,0.1763518178724367,0.2755175814242911,-0.7939443886922304,0.1191958680011881,0.5287104264544754
1713471851.2248943,-0.991688193015604,0.4193074435558505,0.1756054787605574,0.2820803988138847,-0.7943428025462491,0.1133437037434821,0.5259309512375938
1713471851.3480766,-0.9934305211458652,0.4191612208977084,0.1761965878832716,0.2911408267692165,-0.7929204020229613,0.1056956472060352,0.5247310598826601
1713471851.4575708,-0.9963041159167944,0.4196297141109932,0.1779810483006959,0.2985625775735833,-0.7894210534634649,0.1013543313138692,0.5266897446743858
1713471851.5682695,-0.9972952067242844,0.4203171711745703,0.1768467665517887,0.3037072721385024,-0.7819722133254902,0.0989289455068174,0.5352517297290437
1713471851.680377,-1.0005323999300235,0.4213885079412164,0.1796554857982414,0.3096719601028313,-0.7777526933999362,0.096353175759455,0.5384422815458337
1713471851.7911682,-1.0028129764426266,0.4230081715510156,0.1829333951050734,0.3147030507268055,-0.7742737609553215,0.0931487443465449,0.5410965203972443
1713471851.9132326,-1.003930265334953,0.4249971488422238,0.1862684706226543,0.3192203799042324,-0.7711115720510978,0.0897327174263125,0.5435377925461777
1713471852.0241165,-1.0036379625098375,0.4269883805168987,0.1892425546314471,0.3220558893846746,-0.7681953212933266,0.0854186587204773,0.5466805330337672
1713471852.1383033,-1.0011063516631595,0.4289474448848459,0.1922762532801462,0.3201003249827766,-0.7638573377117268,0.0851090924427743,0.5539081078603573
1713471852.2552865,-0.9993672035324874,0.4322788912330638,0.1949340467230037,0.3163357057106684,-0.7572179488565125,0.0883349242949225,0.5645791710397045
1713471852.3690174,-0.9967187673494644,0.436220813074444,0.1974024886556555,0.3118750727440753,-0.7499168096784156,0.0931027513055628,0.575925859171091
1713471852.4939802,-0.9933214684855144,0.4415834588718318,0.1994293096136204,0.3040553247240905,-0.7397899600882974,0.1019660362548349,0.5914931123098232
1713471852.6269517,-0.9897287172172844,0.4480246818843148,0.2003274249871658,0.2930639815337897,-0.7267734619420025,0.1135661292186951,0.6107508264740062
1713471852.7462275,-0.9858150525648498,0.4546030008805721,0.2001524578490339,0.2804849901186978,-0.7125145958405977,0.1257119010991239,0.6307516460178824
1713471852.8707724,-0.981570995082074,0.4618512333269725,0.1989999326799975,0.2653311584210436,-0.6960742101721481,0.1399901700984064,0.6522904434222432
1713471852.985211,-0.9773208340932644,0.4700185237181348,0.1966940633787438,0.2519423460227821,-0.6818491245210919,0.149791841085446,0.6702008878049849
1713471853.0934422,-0.9750948676128536,0.4738043250041838,0.1960602832614385,0.2516575874095501,-0.6811990128536548,0.1433728719001582,0.6723693800207678
1713471853.205065,-0.97138893692814,0.4760134446031578,0.1974944616794499,0.2499311543009757,-0.6792969685827043,0.1442532295042266,0.6747451758714035
1713471853.3190813,-0.9679583091371424,0.4774514191059208,0.1978816977529048,0.2475385467102168,-0.6765145744961675,0.1448172162255464,0.6782924680928918
1713471853.4322343,-0.9643787302413868,0.4784021107147254,0.1976885855921039,0.2450586353192,-0.6725476877696217,0.1467958732708062,0.6826982089634396
1713471853.5406168,-0.9608124137936578,0.4789549517212165,0.1966935347551308,0.2420154329160508,-0.6680809361344983,0.1484949828908008,0.6877831293804536
1713471853.6480772,-0.9576156233413772,0.4788206824475665,0.195242116774331,0.2386889562186039,-0.6636316629510652,0.1496050919095665,0.6929927233260156
1713471853.7557588,-0.9549755289615476,0.4785653345399069,0.193484291970204,0.2347012377958007,-0.6594575221106056,0.1497943480204033,0.6982784249924965
1713471853.869194,-0.9521545046443636,0.4780652416847447,0.1915300561625453,0.2307936871862694,-0.6553641257048528,0.1500605147608187,0.7033590680468964
1713471853.9797926,-0.9486549121110764,0.4766693783523512,0.1893884066368926,0.2278113594995839,-0.6511062139239443,0.1512702407763083,0.7080112971754449
1713471854.0943658,-0.9460578036432252,0.4749152142703183,0.1825482619050402,0.2287550964949224,-0.6458135195086648,0.1444848330697158,0.7139468725754365
1713471854.218282,-0.943286577225897,0.4730613462361712,0.1734535939161104,0.2320193532142122,-0.6396082792248705,0.1350233904095515,0.7203033756156976
1713471854.336946,-0.9395063521933772,0.4707340459632605,0.1700610542113601,0.2296558067928797,-0.6351374499015351,0.1353335369256775,0.7249437660412517
1713471854.4526567,-0.9348825536403086,0.4692760765294683,0.1717939949693643,0.222288614499604,-0.632845212609704,0.1438866095147634,0.7275928479191992
1713471854.571882,-0.9309705329268382,0.4681374026437084,0.1708173851808392,0.217052102145247,-0.629796538331802,0.1478994394680179,0.731006471287809
1713471854.685215,-0.9275411223042104,0.4664783670629852,0.1688089713735155,0.2123128350136566,-0.6266609614618137,0.1499829823483172,0.7346593798993678
1713471854.802923,-0.9247223708360494,0.465185512063448,0.16642379686825,0.2071990537102131,-0.6235440290884527,0.1508592729417026,0.7385816648802163
1713471854.916881,-0.9228888856340474,0.4640490497975377,0.16301452172915,0.2022184328417401,-0.6200838178164298,0.1492624610881769,0.7431853618116626
1713471855.0343354,-0.9210761979037612,0.4629582136424708,0.1584232685956394,0.1990155821673308,-0.6165327148738192,0.1449295280209412,0.747847338333529
1713471855.1491692,-0.9196192309662774,0.4630868943019101,0.1575365396227441,0.1914947128726258,-0.6164372148295394,0.1415159683463468,0.7505385838303229
1713471855.267736,-0.918461745913985,0.4635275669616135,0.1573152290914068,0.1829698873678397,-0.6158702842839634,0.1395354878575984,0.7534956276455306
1713471855.384451,-0.9172028732373048,0.4638962994180441,0.1570261924774583,0.1747025399528651,-0.6155421580245132,0.1373385516487895,0.756124987326537
1713471855.5139928,-0.915893441667861,0.4647032696847699,0.1565908293800218,0.1650329520810065,-0.6146347130566793,0.136572102618044,0.7591681994259561
1713471855.6477315,-0.9145136821983536,0.4658712372209471,0.1561443645108239,0.155234104843481,-0.6133858782586978,0.1365835757636308,0.7622368817355074
1713471855.771744,-0.9139105475615305,0.466563743248559,0.1560605895093084,0.156088064340157,-0.6169095638984915,0.1283388800105915,0.7606498787344564
1713471855.888444,-0.9134751021266384,0.4673577988815204,0.1556806182788307,0.1588290567164986,-0.6219814307192998,0.1187337921684591,0.7575055888772158
1713471856.0030298,-0.9134718929550396,0.4690852608070248,0.1537594213131012,0.1554327025651146,-0.6270590989413084,0.1152180652596287,0.7545610371905289
1713471856.126993,-0.91386706427103,0.469536089817654,0.1517560943299702,0.1581572929941027,-0.6349837368211946,0.1083892601973856,0.7483539890447788
1713471856.255373,-0.9145682391361856,0.4692406868154766,0.1496690552614095,0.1620175815468148,-0.6426319420449425,0.1034709128678394,0.7416658685173283
1713471856.3808668,-0.9151373260792728,0.4689442951878934,0.1474885784651685,0.1658128242186158,-0.6502767024119043,0.0987027567380733,0.7347816569820256
1713471856.5087678,-0.9157784183110916,0.4686423738553789,0.1453306420221807,0.1694729657395178,-0.6578543122799386,0.094165677396935,0.7277633151640153
1713471856.636735,-0.9164204266181494,0.4684276440395313,0.1431533713486768,0.1729281302722882,-0.665276732108211,0.0896752427879102,0.7207364860383298
1713471856.758183,-0.917023806047778,0.4682802780227422,0.140890045392532,0.1761232455938502,-0.6726566661855388,0.0853442020209365,0.7136035166526681
1713471856.8856368,-0.9175959675603442,0.4681009549891067,0.1386382152831205,0.1801531167129538,-0.6804459828639706,0.0799805140968062,0.7057912129714458
1713471857.0139818,-0.9178217296877312,0.4678250538364669,0.1368260500390506,0.1840738215547307,-0.6870092028646372,0.0750362559500063,0.6989311437405965
1713471857.1370935,-0.9151421829597896,0.4669724416981592,0.13867239014277,0.1806023283143694,-0.6883007118873571,0.0775276638790138,0.6982939140191964
1713471857.260076,-0.911901227999918,0.4646300256157217,0.1427857823888642,0.1771045153374099,-0.6925617033766442,0.0807552940893302,0.69460122382536
1713471857.3939955,-0.908742135201946,0.4626740305255659,0.1465155506682859,0.1733834602370069,-0.7014817744004095,0.0844429736807959,0.6860983020648278
1713471857.5211492,-0.9055384317426216,0.4617823886632213,0.1517222302127547,0.1706881876602726,-0.7089324845838303,0.0866738001008727,0.6787988857320869
1713471857.6623144,-0.9026045729847784,0.4601585325942746,0.1553652889904596,0.1663398018328399,-0.7162254752366728,0.0901390511663216,0.671734389772512
1713471857.7937806,-0.8991816633269913,0.4592273160315482,0.1598910098962344,0.1648341411932286,-0.7213837500199081,0.0917836869723839,0.666341463448029
1713471857.9268951,-0.8955658708541685,0.4576578844839024,0.1617554918897574,0.1606922741999577,-0.7264015791832059,0.0954148242195444,0.6613733817532604
1713471858.0463006,-0.8908994062401496,0.4558818951260361,0.1619115334284898,0.156189058372137,-0.7311632292106679,0.0997588802961053,0.6565466290349231
1713471858.168819,-0.8857813506564313,0.4546509848856135,0.1615285412240453,0.1528321854277325,-0.7339078590203537,0.1059816565308345,0.6532912566723392
1713471858.289422,-0.8809379937025313,0.4541111069563477,0.1604780248940983,0.1481865356277803,-0.7356217579842773,0.1113074185659108,0.6515458835806971
1713471858.4168816,-0.8760337514828672,0.4531683617411559,0.1612678555647846,0.1460304835130346,-0.7361818321792241,0.1130583046546924,0.6510984776535704
1713471858.548022,-0.871234323564939,0.4533488701176277,0.1626595773263107,0.1457051451796168,-0.7358565899218046,0.1144661997336158,0.6512930053788264
1713471858.6747334,-0.8664596089075292,0.4537012898438483,0.1634512341808983,0.1453717316128305,-0.7353008184173202,0.1165743046218858,0.6516212071323569
1713471858.8015673,-0.8615043379746585,0.453614421977072,0.1632965760631818,0.1437799533021316,-0.7348417909623111,0.1190492043694491,0.6520445952714747
1713471858.9265287,-0.8564203938268948,0.4536155061993582,0.1628368684186014,0.1419233776246437,-0.7342680213816962,0.1215556402166003,0.6526350082483732
1713471859.050037,-0.8520919631483026,0.4542365215964143,0.1647284407037073,0.1460717100075808,-0.7295086266150318,0.1188210081863169,0.65754223228877
1713471859.178906,-0.8477661892219936,0.4554134986016254,0.1656356294075809,0.150890279963868,-0.7238313515192312,0.1172999293497496,0.6629789020359642
1713471859.3009522,-0.8414965976683029,0.4568459945145641,0.1637976123626833,0.1516003779394253,-0.7185823776598094,0.1183845543026995,0.668312643324926
1713471859.418183,-0.8344902646793001,0.4566772128415824,0.1613556036337972,0.1478995914173166,-0.7171244957857809,0.1209416010738244,0.6702471913647087
1713471859.5461,-0.8282530472830957,0.4577329126208472,0.1619756600526429,0.1473293549578397,-0.716379558756947,0.1210776112489362,0.67114424754829
1713471859.6702015,-0.8221306248552074,0.4597180300105175,0.1618137216978038,0.1456024205538307,-0.7162317815945787,0.1232953728639787,0.6712750711839772
1713471859.8011315,-0.8166408422656064,0.4615213237430935,0.1629085169407829,0.1453552452692419,-0.7161070587304985,0.1238177481785766,0.6713655474814446
1713471859.9309883,-0.8105331388095209,0.4623687333075443,0.1616952210027402,0.1386278247241079,-0.7156010350522758,0.1280601656748666,0.6725310987691939
1713471860.0622466,-0.8038823276301365,0.4614980269516033,0.1616038526345426,0.1294483910528338,-0.7092168892765504,0.1373531054771994,0.6792559476622163
1713471860.1844816,-0.7975164694831296,0.4603599985163762,0.1585577886471688,0.1244450558908335,-0.7078886737070921,0.1455748549759903,0.6798639682320728
1713471860.304421,-0.7948008647823364,0.4572837944854067,0.1580113012962098,0.1284379727865526,-0.7169910235820947,0.14431631474433,0.6697763511410333
1713471860.431259,-0.7930683130655434,0.4541216539061469,0.1560782441029693,0.1323652420156741,-0.7284657403881655,0.1425120850488805,0.6568922388047181
1713471860.5437872,-0.7931906907834159,0.4505398014383339,0.156391347881027,0.1385867081993624,-0.7350024831273001,0.1422887114658243,0.6483201344216939
1713471860.6585357,-0.793965404227565,0.4481366739136986,0.1564069410516435,0.1442276556893781,-0.7405886462448789,0.1451431913706987,0.6400471032558875
1713471860.7822998,-0.7960995768644615,0.4457699214391332,0.1572414695315165,0.1491519149754305,-0.7444702583910676,0.1471913453764577,0.6339183295003918
1713471860.8955567,-0.7974308554270407,0.4441635191873086,0.1550808805085677,0.150083063861014,-0.7524636150094222,0.1492897441995549,0.6236875454150697
1713471861.009617,-0.7965018909969804,0.4437203539370026,0.157442040438653,0.1517493996307414,-0.7506405453626094,0.1460149911028008,0.6262511586757208
1713471861.1381388,-0.7934873690324445,0.444981886641933,0.1605603332290787,0.1504556299549651,-0.7484150156093696,0.1434955822770298,0.6297992423719309
1713471861.264547,-0.789647932902646,0.4469439541854069,0.1642196253593352,0.1492370392123808,-0.7445155408411588,0.1411354943301295,0.6352209755772468
1713471861.394559,-0.7859654356080896,0.4497348512002244,0.1668277753546026,0.1474785138942361,-0.736748185573168,0.1419209591049287,0.6444459949141818
1713471861.5146852,-0.7815537912452379,0.4531346310534996,0.1686813521714351,0.1452048739742595,-0.7281401263778504,0.1439349037224183,0.6542249188337186
1713471861.641193,-0.7772488760430376,0.4561626952807969,0.1699953952696377,0.142672966821309,-0.7194603281586327,0.145548006176622,0.663955599902801
1713471861.7547507,-0.7723867762561961,0.4592084983077541,0.1716656073762827,0.1411190801594815,-0.7150322813179861,0.1442712151363549,0.6693280648316026
1713471861.86559,-0.7671776214796394,0.4618402590309565,0.1731644151941339,0.1406710257352672,-0.7123915752111084,0.1418407009000791,0.6727489291370131
1713471861.982868,-0.7631690289367938,0.4635196625111451,0.172996323535606,0.1414786267906427,-0.7105177514388741,0.1358020492743682,0.6758003599174558
1713471862.0983624,-0.7596511925230665,0.4646638735873155,0.1719417788122402,0.1437244990430037,-0.7087146394245182,0.1289234160223094,0.678561405505317
1713471862.2130454,-0.7550766841360761,0.4659529241225704,0.1704953715073915,0.1464604294230499,-0.707061261050289,0.122302448535948,0.680922775957232
1713471862.3304243,-0.7508250057350607,0.4673450732699426,0.1687593196714632,0.1492433841789716,-0.7053463305414629,0.1156689909239126,0.6832522600102726
1713471862.4495196,-0.7465346367765495,0.4691323084386456,0.1687361161394706,0.1495076589909083,-0.7041593298881627,0.1115660952777848,0.6850986092665641
1713471862.562179,-0.7417749731392728,0.471524728061747,0.1694706356971473,0.1491095335614128,-0.7029895194229651,0.1096225323745921,0.686698611458002
1713471862.684818,-0.736759381208762,0.4738664560541906,0.170313825432394,0.1483115132479352,-0.7020399847203616,0.1080881856901963,0.6880846597666189
1713471862.7902048,-0.7318262988131059,0.476361734860075,0.1711066460487574,0.1472632352493348,-0.7012804615975973,0.1066996389489759,0.6892999642924104
1713471862.9029324,-0.7268359871066729,0.4788835712318861,0.1721629556331854,0.1457247397493962,-0.7006451741317441,0.1060848669330518,0.690367033684739
1713471863.0163734,-0.7219357574938816,0.4815640920608772,0.1727712087949475,0.144795406664764,-0.6999948365468246,0.1052288703395336,0.6913525901185558
1713471863.1405425,-0.7170537333542325,0.4839563750479362,0.1737811286697059,0.1435939432295978,-0.6990563591549844,0.1050407878930507,0.6925802618264252
1713471863.2543905,-0.7122379091068314,0.4860862153612717,0.1732545305968614,0.1434337754435058,-0.6977543213761271,0.1032613441550901,0.6941921591794642
1713471863.3644178,-0.7072335323000722,0.4877817187526252,0.1743622863874128,0.1415577419785738,-0.6975598750991798,0.1034432204761138,0.6947453680846489
1713471863.485957,-0.7023382433954094,0.4891530086612667,0.1741751224202161,0.1408385776496602,-0.696632982908731,0.102470633647499,0.6959646193659449
1713471863.60081,-0.697298453619447,0.4904813661396225,0.1744619324563168,0.1391739629852294,-0.695514323726283,0.1028040284492554,0.6973677403301374
1713471863.7069554,-0.6922851157729524,0.4917236163143999,0.1734751037795053,0.1389240838505107,-0.6938243185668148,0.1019172446078726,0.6992287101822483
1713471863.818931,-0.6886656830475659,0.4931390471033181,0.1757089846415679,0.137226588452721,-0.6981138618384823,0.0994546740937682,0.6956397538464075
1713471863.9326038,-0.6848136479909644,0.4949901219469895,0.176658821221985,0.1327069273589688,-0.7006227048821878,0.0996761396969374,0.6939606357781577
1713471864.0475974,-0.6808274967955701,0.4980770693040332,0.1759133990978082,0.1242858422745282,-0.6964923033927347,0.1037627164863811,0.6990599397706616
1713471864.169678,-0.6769685152078165,0.5020794190271621,0.1767489557587221,0.1209380679710566,-0.693675240275704,0.1066226661623097,0.7020115752637652
1713471864.2876494,-0.6732500198209879,0.5058447299195636,0.1777947391076057,0.1189701931848094,-0.6928824313461501,0.1097893547999387,0.7026423891554153
1713471864.3940358,-0.6689132041103522,0.5105508421179136,0.1792282173182659,0.1166075686691263,-0.6923658496762904,0.1126443270075435,0.7030956270125147
1713471864.504512,-0.6647397936102053,0.5152381545825531,0.1787536377492464,0.1130216514912897,-0.6907736332709378,0.1153991968622854,0.7047984954832048
1713471864.6386485,-0.6573473423877191,0.5187520424155561,0.1781110013978859,0.1077739845695116,-0.6991766928732414,0.1202795978848639,0.6964693379650704
1713471864.7662497,-0.650850310554425,0.5239257979811615,0.1770505687132167,0.1014522482017585,-0.697859870267998,0.1258509480736533,0.6977539549678702
1713471864.8895235,-0.6478526197894374,0.5290463793329534,0.1767076634144276,0.0989858519556194,-0.6939562043999086,0.1279966681223624,0.7016006274491681
1713471865.011484,-0.6439008616356062,0.535092641883695,0.1769706171110247,0.0933416679415826,-0.6883365593069782,0.1329127285341214,0.706975473931684
1713471865.1339078,-0.6415116151089624,0.5385526244365058,0.1781462259386279,0.0979039499196984,-0.6864898246051488,0.1278026273308952,0.7090931009049753
1713471865.2492304,-0.6385031310987976,0.5406963786999861,0.1817788562350807,0.1000420176934853,-0.6846983240892036,0.128184744846544,0.7104565228596883
1713471865.3631606,-0.6339155448191506,0.5412648786059852,0.1834403848758813,0.1033099964395289,-0.6888765916059038,0.1271654087524647,0.7061197100987312
1713471865.4694736,-0.6297117010971173,0.5401390522421797,0.1841921165468447,0.1070275124071456,-0.6939418916087728,0.1258241137143102,0.7008266940309744
1713471865.5765266,-0.6255523298800918,0.5386084362345408,0.1837039960671376,0.1120324400231159,-0.6977643296410515,0.1230929331047912,0.6967221845776841
1713471865.695506,-0.6208610959603473,0.5368961680678758,0.1818375612778364,0.1185624478419396,-0.6984198178541103,0.118727598199669,0.6957416628433982
1713471865.8025668,-0.6160394182556437,0.5351808609938059,0.1796481800564595,0.125005914143886,-0.6975190560022386,0.1141717750151729,0.6962797524936957
1713471865.9117076,-0.6114147883316442,0.5334661188427976,0.1770440744817145,0.1316563846323673,-0.6967898716653421,0.1097706217197941,0.6964918389596393
1713471866.0147643,-0.6066740743317209,0.5318048618029235,0.174270840899818,0.1383802755412897,-0.6960222072266461,0.1058438884296996,0.6965637498969824
1713471866.1373396,-0.6013135665322287,0.5304601236452656,0.1728249366028314,0.1429748244795482,-0.6919229278258188,0.1035329534928368,0.700058418315957
1713471866.2607896,-0.5960987431979546,0.5295662264796885,0.1729024131942111,0.1455529998764836,-0.6899700202387208,0.1035234472457511,0.7014546252389329
1713471866.3780186,-0.5912081057104208,0.5288157334277649,0.1736036583911296,0.1470825721440174,-0.6889719766862188,0.1041577930225493,0.7020224258990992
1713471866.4908657,-0.5863038473144558,0.5281398748054822,0.1744476219908755,0.1482708206459513,-0.6883117665702445,0.1053722999116381,0.7022388156156404
1713471866.6031053,-0.5813618873274846,0.5272697480861626,0.1750015923013835,0.1488966583423966,-0.6878042833989202,0.1070587940293953,0.7023485370480507
1713471866.7156897,-0.576161047730095,0.5267261870654993,0.1758555743190661,0.1497579013001195,-0.6871001517704682,0.1081900209796814,0.7026812021077548
1713471866.8316832,-0.5708781435605947,0.5259795524655504,0.1761479762877598,0.1501666299338856,-0.6864141501330971,0.1097802940299134,0.7030176987772523
1713471866.954865,-0.5658645730148699,0.5253054265257112,0.1769379570710464,0.1506931957024928,-0.6864083035158646,0.1108312975527539,0.702745775594714
1713471867.071012,-0.5610188649703566,0.5243941365257495,0.1771430530070808,0.151031432105379,-0.6860555939809762,0.1120846627901654,0.7028187937518626
1713471867.1754322,-0.5559596324314443,0.5236883443176402,0.177171998078786,0.1520833608252675,-0.6848472277291453,0.112842322893923,0.703648730685773
1713471867.280053,-0.5513966271854026,0.523093511935352,0.1769634211935007,0.1543844320687935,-0.6828898267307619,0.1140360201133782,0.704856522846407
1713471867.3902605,-0.5462283365750087,0.5224574394666218,0.1766113705073207,0.1561142849506981,-0.6810304674291926,0.1148448196339107,0.7061419827986171
1713471867.509607,-0.5411847268445416,0.5220026086383968,0.1760215216319402,0.1580924048368615,-0.678959894340871,0.1160013954948238,0.7075054272956391
1713471867.6385891,-0.5360680541810391,0.5220577625429943,0.1748893827295823,0.1598968837968792,-0.6761156257320302,0.1170951329286381,0.7096403152565793
1713471867.7500932,-0.5309708488872384,0.5222039627525107,0.1714819843393735,0.159777821422698,-0.6727502442246045,0.1208258372918695,0.712235406112242
1713471867.87316,-0.5251496518477624,0.5212670863963108,0.1663767771888469,0.1578208116098043,-0.6681729408676503,0.123775919775898,0.7164614673509866
1713471868.0018592,-0.5184393736528474,0.5190912467011543,0.1604604598997979,0.1551495644913579,-0.6630909348985344,0.1263792480634987,0.7212955776603889
1713471868.1294546,-0.5128647424460347,0.5175928938685957,0.1564413034354248,0.1535595341857277,-0.6582838912028985,0.1252528038914899,0.726218646938202
1713471868.2692385,-0.5087440386325778,0.5170504657281397,0.1528024926740409,0.1534576854536068,-0.6560704973681436,0.1234226558447177,0.7285527361025934
1713471868.4079792,-0.5051707068100034,0.5169966633536539,0.1500197978330947,0.1567608553449559,-0.657608570656856,0.1170420685831649,0.7275150556599765
1713471868.5473742,-0.5021014988966663,0.5168974286012694,0.1467158406417314,0.1603297586227865,-0.660658416243665,0.1099531225678808,0.7250759521484242
1713471868.689034,-0.4986165723056149,0.5172178759079589,0.1436649161915946,0.1652621238752257,-0.663870134372135,0.1025967850073244,0.7221071768145875
1713471868.8344326,-0.4953923693177417,0.5176502874435932,0.1389602277352214,0.1701553939468673,-0.66960794050838,0.0958911024582411,0.716573265192231
1713471868.9801943,-0.4927157363361686,0.5167795281171618,0.1376469802235765,0.1757054335806538,-0.6747781544904404,0.087881984029045,0.7113921560685278
1713471869.1187663,-0.4911976606834243,0.5171667617860863,0.1377206603959523,0.1716744219972256,-0.668786012917656,0.0840103320225424,0.7184674146202357
1713471869.2624824,-0.4890096170242636,0.5174992697954026,0.1377489169773322,0.1668751005893313,-0.6669179260624755,0.0781504944450146,0.7219873135435462
1713471869.4095798,-0.4867053900343763,0.5163044865040946,0.1382240461667188,0.1671368476911527,-0.6780625235442548,0.0733678623515221,0.7119786830254327
1713471869.5568583,-0.4847624212353659,0.5146999660685445,0.1379458822481795,0.166830042318416,-0.6857857453202333,0.0725135319482587,0.7047037932209509
1713471869.7057347,-0.4828359969585198,0.5148394242412434,0.1411418725373632,0.1675618412774635,-0.6873081690678318,0.0739335617677394,0.702897103795902
1713471869.8581922,-0.4795655490882176,0.5151483435672942,0.1415391383300752,0.1653055730520735,-0.6935348238444958,0.0794135863165084,0.6966900300286062
1713471870.0158005,-0.475748643447603,0.5149966816120984,0.1471960003534986,0.1646103303297345,-0.6888744800852655,0.0824525253363529,0.7011112400337404
1713471870.1707444,-0.4710011543130138,0.5157500951342268,0.151627029029104,0.1625930691889725,-0.6849534295241767,0.084477831322306,0.705170751839481
1713471870.3244672,-0.4659007264172504,0.5171227021143371,0.155536164759317,0.1592094700357723,-0.6769283083469028,0.0892303144849317,0.7130626627348043
1713471870.4677236,-0.4604871739400096,0.5185057565884998,0.1579891066314895,0.1556923450656498,-0.6694378869664507,0.0940287544573116,0.7202578722353953
1713471870.6116514,-0.4550484266103818,0.5199046054197418,0.1597081742417821,0.1520860112084974,-0.6622943886884118,0.0985912766224985,0.7269908858304055
1713471870.7534375,-0.4494183270150097,0.5215986610471057,0.1608606488940907,0.1484150541501601,-0.655434073244517,0.1026461448519063,0.7333777446028396
1713471870.8899589,-0.4440165383603143,0.5227473627664652,0.162375825152586,0.1459258755592378,-0.6526525181764616,0.1037852871848867,0.7361921919744489
1713471871.0303702,-0.4387668532371191,0.5237654517502954,0.1639435419688142,0.1441720026095877,-0.6516357481784532,0.1038014127170116,0.7374351171983887
1713471871.163035,-0.4334774147972119,0.5250346317312248,0.1654672971896955,0.1431028405012472,-0.6514541367628147,0.1036752026043158,0.7378214805086966
1713471871.294705,-0.428082199991511,0.5264441859767937,0.166824217629494,0.1421375178645209,-0.6515855415332039,0.1033041005516565,0.7379440838501301
1713471871.4259472,-0.4226650181607931,0.5278380397296322,0.1679493580947942,0.1412640871072465,-0.6518894630334027,0.102810068957481,0.7379123765060025
1713471871.5618873,-0.4173157144630665,0.5294074876023028,0.1689145767386204,0.1402151993989486,-0.6522197047649928,0.1021513116805846,0.7379120978109215
1713471871.7000852,-0.411938241684191,0.5310475616918305,0.1696145471247386,0.1392538328719549,-0.6522566949916151,0.1017128878811394,0.7381219833523208
1713471871.847505,-0.406550118987359,0.5326743165562816,0.1700889710824024,0.1383092173424629,-0.6522660871323076,0.1013173664661977,0.7383456529482507
1713471871.985947,-0.4019559612479631,0.5340959498100188,0.1695242231271675,0.1364952479738714,-0.6563673823227847,0.1015655110505419,0.7350070432780418
1713471872.1187067,-0.3981494499904149,0.5358712041599346,0.1685450629226028,0.1342641449194002,-0.6625246445529036,0.1023454004246817,0.7297668489051985
1713471872.2404315,-0.3945486390652385,0.5377021086335425,0.1674826131605442,0.1320338830957896,-0.6692031313657111,0.1032814817789794,0.7239248291131565
1713471872.3595169,-0.3911118869672383,0.5395846256553828,0.1664080818861733,0.1298546489583285,-0.6757673292813535,0.1039578377894159,0.7181010059747902
1713471872.4777014,-0.387394098331038,0.541082701059292,0.1652858634250255,0.127865618803191,-0.6816688806749976,0.1049441200569538,0.7127163898163452
1713471872.5935483,-0.3824332765772033,0.5424862284230333,0.1650262428130531,0.1267525479366595,-0.6826657172595646,0.1048071378574931,0.7119808803080105
1713471872.7142856,-0.3767741491542125,0.5438400134590907,0.1648558603867166,0.1263255330151238,-0.6813723719587166,0.1048036564240221,0.7132949908978423
1713471872.8309648,-0.3709181145319209,0.5447590174182495,0.1646168028664839,0.1263735597934381,-0.6791899243514042,0.1047884491414516,0.7153671441792651
1713471872.9567714,-0.3648926326552613,0.5454752192848517,0.1642242884966115,0.1265262108098289,-0.6765469655901201,0.104721990236969,0.7178500025003246
1713471873.0823548,-0.3586339878769368,0.5460683625676166,0.1634840447867225,0.1267842914495961,-0.6733436027699611,0.104964250972837,0.7207750287489879
1713471873.2059216,-0.3523337095524804,0.5464555782170155,0.1618679642827131,0.1278955809466065,-0.6694113100252562,0.1044883845463111,0.7243020059888712
1713471873.3227448,-0.3456318012120356,0.5468772608452676,0.1609636812324617,0.1280586016010415,-0.6652554012882707,0.1055691160896416,0.7279364033628347
1713471873.449239,-0.3390605711461777,0.5470671821440115,0.1585531629678329,0.1295942429135693,-0.6605567256988655,0.1053949914495785,0.7319576764506237
1713471873.574645,-0.3321210824864621,0.5470004767951312,0.1569869712054106,0.1292000313919445,-0.6550790260756953,0.1073982089952363,0.7366440430687365
1713471873.6982057,-0.3251481540240902,0.5460497740887494,0.1533213340495932,0.1299406136210609,-0.6478809019526033,0.1083635027223717,0.7427133532491536
1713471873.8453965,-0.3179245402195374,0.5453934366219058,0.150304983667024,0.1296078889994757,-0.6391756478321979,0.1102269057602704,0.7500042103707859
1713471873.9871824,-0.3125463097364196,0.5435227821837295,0.1463212024436061,0.1303514772535045,-0.622977865651274,0.1112213313444377,0.7632410410482282
1713471874.1111562,-0.3105637869813426,0.5421758518453115,0.1468981690977506,0.1262998642501118,-0.6277450356774952,0.1214347068248816,0.758444544084153
1713471874.2379742,-0.3080835680638289,0.5440331327439014,0.1467577872028772,0.1227566397601198,-0.6321936984559281,0.129201933014344,0.7540350094874749
1713471874.3847132,-0.3056038776570702,0.5496259311665015,0.1465557203371072,0.1194873844943661,-0.6308760061400382,0.1330156618292858,0.7550000420739109
1713471874.5175812,-0.3005175083135341,0.5546200321880188,0.1456523693271841,0.1136350666527161,-0.6406120359404955,0.1426748840234376,0.7458868335772557
1713471874.6534414,-0.2977733392199543,0.5606189478820544,0.1451850141745975,0.1104819070511669,-0.6373282699320554,0.1467481285365882,0.7483791895361332
1713471874.7811666,-0.2942583949444797,0.56562804352927,0.1443347154035781,0.1060022511123633,-0.6453794059970006,0.1533279590555993,0.7407695201922894
1713471874.90246,-0.2916645516881383,0.5698841601479608,0.1459500988813184,0.1082040432107072,-0.6399630251773055,0.1521656716518238,0.745375623299767
1713471875.0178063,-0.2871278662413161,0.5718540737072549,0.1494043739045576,0.1105762442328748,-0.6471771051741736,0.1529567182367195,0.7386060730159084
1713471875.1347282,-0.2817834950054934,0.5724757742661403,0.1524297481525918,0.1130248934121525,-0.6497536353678348,0.1522560013998848,0.7361139156633113
1713471875.2563217,-0.2761140142827565,0.5730871771205628,0.1543378050870202,0.1160340913223268,-0.6496767540225191,0.1512100182297807,0.7359291646080584
1713471875.3747854,-0.2706179750535293,0.5740815063781991,0.1566306799141886,0.1197344089221201,-0.648887250738185,0.148992008852967,0.736485158334822
1713471875.4933696,-0.2654595523758535,0.575847580272514,0.1565178648960841,0.1256749164060639,-0.6472924231034494,0.1448073980408233,0.7377324392026156
1713471875.6150272,-0.2605163199906696,0.5770017337330873,0.1551851816954127,0.1323639894817782,-0.6459675737023745,0.1400903258454575,0.7386341236485415
1713471875.7390685,-0.2557688219691903,0.5779119807302304,0.1533870202824742,0.1391886526298085,-0.6448071792072287,0.1356164967546154,0.7392282370350316
1713471875.8561316,-0.2516730885664331,0.578742413350629,0.1523187460665343,0.1450552258723209,-0.6468529534179687,0.1327306088475178,0.7368329685733046
1713471875.98485,-0.2475248376047079,0.5796715994984867,0.1515284045538854,0.150325741427997,-0.6501064600298088,0.1299028256103922,0.7334091750108324
1713471876.098983,-0.2429163253528838,0.580733191132924,0.1519147642113181,0.1537868858256811,-0.6510993780394619,0.1290277248828595,0.7319638241581465
1713471876.2293594,-0.2380049480145805,0.5817944724513916,0.1526092532141166,0.1565448175662535,-0.651039432899977,0.1292083894238114,0.7314004163281079
1713471876.348514,-0.2330669817315408,0.5825359090967829,0.1532764789654869,0.1590818226306578,-0.6505447871315597,0.1300448704357093,0.7311448456481257
1713471876.468597,-0.2280357934146636,0.5835218146266313,0.153883351752242,0.1611211999807567,-0.6498814413908269,0.1309746334671938,0.7311222308483558
1713471876.584088,-0.2230320974597165,0.584514016935047,0.1544474250158412,0.1628270141241214,-0.6494188485353135,0.1319871621281036,0.7309732633084882
1713471876.6983738,-0.2180041298008501,0.5854129095009875,0.1549066621890393,0.1644300932733618,-0.6491139995233859,0.1331268391272635,0.7306784551037829
1713471876.8117075,-0.212884872861771,0.5864140476171393,0.1552779951221676,0.1658344834765906,-0.6490756313931932,0.1343855432367293,0.730164553090979
1713471876.935856,-0.2078034831652092,0.5874336273791241,0.1555240261557842,0.1670925974536795,-0.649161540780807,0.1356513372267659,0.7295670445927924
1713471877.0837495,-0.2027421078468821,0.588502349580455,0.1556007361668002,0.168084928079418,-0.649255233288944,0.1369221490669563,0.7290181232962195
1713471877.1981206,-0.1978435851191417,0.5897014071345897,0.1556451622300206,0.1688718418225864,-0.6491790656563515,0.1382910410089718,0.7286456132645339
1713471877.3085074,-0.1931607807591956,0.5910511188109174,0.1556237575236614,0.1698819270126615,-0.648958156678889,0.1398073182451052,0.7283181691537809
1713471877.424187,-0.1885253214249934,0.5926416734446708,0.1553007575879069,0.1706963885249134,-0.6483537179750138,0.1411322013028399,0.7284105305992924
1713471877.5474458,-0.1840115744207885,0.594492990688183,0.1547146238093223,0.1713294697766813,-0.6473860756594706,0.1422847344602004,0.7288981658420206
1713471877.6585312,-0.1797132413117202,0.5968235189631523,0.1538515581504374,0.1716284195561681,-0.6459722062047135,0.1430539246172811,0.729930934447404
1713471877.7690318,-0.1756084860930718,0.5993289517691633,0.1527214442397099,0.1718459747415193,-0.6442466281432574,0.143788162863712,0.7312593297260961
1713471877.883426,-0.1719124273994106,0.601725034643495,0.1512911378048289,0.1722444006535129,-0.6421992592866911,0.1448329192622903,0.7327587620172825
1713471877.9937215,-0.1686570283259884,0.6040477435003151,0.1496195733564053,0.1731883421177922,-0.6401861862868213,0.1455983262192933,0.7341447898365595
1713471878.109015,-0.1658106311395055,0.6065529154179469,0.1475981310826828,0.174858572085205,-0.6387676714637289,0.1451538056663321,0.7350719110139563
1713471878.2194698,-0.164060386747571,0.6089631786603376,0.1438114486385038,0.1775781873252147,-0.6395852381152985,0.1436290771581017,0.7340077647859048
1713471878.3388898,-0.165172246992924,0.6142919625271743,0.1286743157836057,0.1675301616390889,-0.6410752064930487,0.1577890982085537,0.7321603820527353
1713471878.4676511,-0.1676481728097992,0.6171549840158833,0.116814221643762,0.1581783467173436,-0.6370021311102702,0.1720800016788533,0.7345722351225561
1713471878.5860672,-0.1692056141475906,0.6175268852726729,0.1111588774669168,0.1577817554999618,-0.6361911898633332,0.1734421911125269,0.735039790700961
1713471878.703674,-0.1702252448578622,0.6166418252564105,0.1108405834854742,0.1653164514893407,-0.6375889513539015,0.1651292809884853,0.7340865892649386
1713471878.8346815,-0.170903799634553,0.614440618606067,0.1114354784755172,0.1758368399635332,-0.6423531117689121,0.1536151623634483,0.7299768951168837
1713471878.9747064,-0.1743313039132499,0.6114957250570678,0.1152725425885135,0.1936796253649153,-0.6475944677148904,0.1389826360260096,0.72373574941883
1713471879.1033783,-0.1776089420704359,0.6091820891148052,0.1139404377185714,0.2024962261696621,-0.6503680561528281,0.133764266314189,0.7198081626242258
1713471879.2262747,-0.1804270664027678,0.6089059262045113,0.1085971382889985,0.2058184786317491,-0.6468205838131742,0.1343788272560973,0.7219447464969689
1713471879.3491752,-0.1800241636447226,0.6134598172010616,0.1087289152531981,0.2019504433146002,-0.6392146997284062,0.1328947081955754,0.7300408088797318
1713471879.4694183,-0.177297386704416,0.6161567271592218,0.108558435244172,0.1964038019151484,-0.6261382645568485,0.1388209620247293,0.7416907446864507
1713471879.5946643,-0.1741594972804389,0.6155253040731306,0.1121174122767777,0.1999302112141678,-0.6314678725031979,0.1340874973115615,0.7370866839828714
1713471879.7230496,-0.1694780608597103,0.6158279003428765,0.1158217805061352,0.2016784169165031,-0.6350645297934593,0.1318098232251368,0.7339244032253076
1713471879.8544269,-0.1644145091656067,0.617555505821022,0.1192473217994653,0.2013258099831772,-0.6382110200036296,0.130621529635442,0.7315002584936261
1713471879.9770312,-0.1585622494049944,0.6199030739434799,0.1229615258187759,0.1997215398842615,-0.6395866583870988,0.1297902657442919,0.7308862427474675
1713471880.098379,-0.1532740004490681,0.6221877962226019,0.1261713935284726,0.1981292399419789,-0.6402688800705025,0.1304697738085967,0.7306012617123049
1713471880.216346,-0.1481617837892701,0.624681774727798,0.1289763573988174,0.1961833030076316,-0.6403276262797745,0.1314904363583531,0.7308918577944451
1713471880.3416824,-0.1429854097092869,0.6273640407865355,0.1313720464464163,0.1943581481609442,-0.6398202693822225,0.1329025852122423,0.7315680665358566
1713471880.46079,-0.1379125771884942,0.6301232628797873,0.1334022636694569,0.192311748717168,-0.6390630220702573,0.1342228032498451,0.7325291012755248
1713471880.578134,-0.132808949909589,0.6330466143051008,0.1350415970855882,0.1903269848243725,-0.6381793307708619,0.135619625181362,0.7335598802348621
1713471880.6931436,-0.1278933403538793,0.6360552855156699,0.1363156529109835,0.1886096250154961,-0.6371505323278737,0.1371421304839227,0.734613942525019
1713471880.8165488,-0.1233870532423549,0.6399883691714118,0.1364864065704033,0.185552137230593,-0.6332575141543451,0.1409013004202913,0.7380393950705407
1713471880.9421978,-0.1183973033374295,0.6439831913921635,0.1359058218206443,0.1823824646566365,-0.6283442228031585,0.1451113859615591,0.7422013607640322
1713471881.0712335,-0.1135149311179031,0.6478438357500408,0.1347889214451222,0.1793820747935029,-0.6233363822470663,0.1493208645882341,0.7463089877581133
1713471881.189422,-0.1085673414399172,0.651471367160143,0.1345039449079475,0.177416923447975,-0.6218398364263851,0.1508933696679117,0.7477095987732972
1713471881.3032758,-0.1035926334086125,0.654826574464548,0.1345090924981334,0.1759524038027827,-0.6219037593042064,0.1511953377985969,0.7479414653482495
1713471881.413071,-0.0981479606261619,0.6582435430661726,0.1345929653294088,0.1743921913763964,-0.6231109447123817,0.1501905998313812,0.7475044467351826
1713471881.53073,-0.0927985028488339,0.6616529099210118,0.1346908866930795,0.1732269454052953,-0.6248093783595723,0.1489325853760315,0.7466088340708855
1713471881.6504042,-0.0871654031377933,0.6650302186604194,0.1346513978492786,0.1720511853160033,-0.6265610387452364,0.147701161975787,0.7456567716509057
1713471881.7690666,-0.0824192068434547,0.6683842909083759,0.1335400506264025,0.1699165179740216,-0.6323060681532157,0.147011376486146,0.7414209791204007
1713471881.8927076,-0.0785838625840319,0.671359981152305,0.1322621162850523,0.1674740404449952,-0.6395500181396586,0.1467320021540949,0.7357974854662398
1713471882.0133734,-0.0750408473128998,0.6747106822295592,0.1311203568594167,0.1645133141676991,-0.6472926875945401,0.1466298067972259,0.7296898284934533
1713471882.131756,-0.0713346813221949,0.6777440132287145,0.1300295871388367,0.1618842592969613,-0.6545998817163207,0.1467025160410598,0.7237201484248424
1713471882.2503688,-0.0658802725493329,0.6806767136557466,0.1295475916998286,0.1601103919450541,-0.6568859396280334,0.1458069415206888,0.7222228606978454
1713471882.3603888,-0.059807176582874,0.683631157243635,0.1292385385684641,0.1586365397527109,-0.6571443743467351,0.1446051831743787,0.722554538093028
1713471882.4768786,-0.0540360277179519,0.6863981879609129,0.1293212899715737,0.1586738901559637,-0.656079528475897,0.1437188098465106,0.7236899561234219
1713471882.6021705,-0.0480888456610012,0.689028086153471,0.1291313105713127,0.1587490937113302,-0.6538024070996484,0.1428869573348815,0.7258956227586144
1713471882.7194345,-0.0421440193569845,0.691277093532176,0.1286860607757136,0.1588954292828223,-0.6515581751242693,0.1423061987263688,0.7279925362157301
1713471882.8393211,-0.0362463474577978,0.6934257390131618,0.1280152435249529,0.1589183296039921,-0.6488757267492193,0.1418352633349331,0.7304710903425676
1713471882.9563563,-0.0302347270507628,0.6957624971435354,0.127136232356176,0.1587415894257749,-0.6458131736333568,0.1418149911726673,0.7332223133722042
1713471883.0671637,-0.024258870491474,0.6983145128871084,0.126010987504375,0.1584993672214195,-0.6425903219464933,0.1420810066627345,0.7360493300566313
1713471883.1801517,-0.0201260256581127,0.7008606062007033,0.1248126577960076,0.1561656707110911,-0.6401413602374825,0.1410422803661905,0.7388764425489324
1713471883.2931485,-0.0163770695373098,0.7039969369940097,0.1224165310884878,0.1543521796296156,-0.6365444738754744,0.1381294713888208,0.7429042916527185
1713471883.4132686,-0.0121847910159969,0.7076013019243664,0.1178949345747256,0.1542532500890742,-0.6310836179384234,0.1325211232324728,0.7485836986629562
1713471883.5517845,-0.0079041189266838,0.7133725206959266,0.1124169984095465,0.1546504727132107,-0.6247268119329744,0.1262073504540235,0.7548982358126279
1713471883.667806,-0.0055745633832693,0.7171867080308489,0.1085051304495442,0.1493084937576204,-0.6292764205084032,0.1255426262488396,0.7523012756060607
1713471883.7819664,-0.0036892999807661,0.717488040657545,0.1113374450203565,0.1436489005229466,-0.632177622901172,0.1351128622873381,0.7493069871061494
1713471883.9103014,-0.002046921860416,0.7182455233622627,0.1092807939019249,0.1389032610601826,-0.6448597498179097,0.1461940935797678,0.737217114650779
1713471884.040151,-0.0007192927842784,0.7184951140856989,0.1140796442355055,0.140306153850525,-0.6544681808978036,0.1485944342186656,0.7279459303432002
1713471884.1722336,0.0026202361795448,0.7195050950587739,0.1177479294696731,0.1402123552175452,-0.6625322228909746,0.1480401849360534,0.7207465939701637
1713471884.2987378,0.0058440918000643,0.7198803718153584,0.1215282445256819,0.1391735560803679,-0.6699106344616321,0.1473077867161293,0.7142484715391092
1713471884.4224732,0.0095766121542548,0.7204684421226955,0.1247663974698029,0.139248031680374,-0.6748405936324307,0.1470104993357189,0.7096393957102669
1713471884.5395815,0.0139924054284219,0.7210861702840955,0.1275386063980628,0.1398909590008948,-0.677796527233132,0.1471379726171374,0.706663147669832
1713471884.6591587,0.0185842908864496,0.7219346032164422,0.1298729944265856,0.1410447274184764,-0.6792261212837059,0.1472570317949057,0.7050344868304631
1713471884.7667654,0.0231919125095189,0.7229932382674485,0.1318217471953122,0.1420897511534607,-0.6796345112409173,0.1469052091607367,0.7045042890351396
1713471884.8780332,0.0280865492107305,0.7238248814158054,0.133400556515811,0.1427992721471178,-0.6795947088896889,0.1462106285175724,0.7045437187512845
1713471884.9941876,0.0330025611730261,0.7247406052269744,0.134736333271439,0.1437483745334512,-0.6792563173463679,0.1456607011468241,0.7047909053793591
1713471885.1106994,0.0380205917547738,0.725650886682428,0.1358106817906356,0.1447684264086548,-0.678703898082477,0.1451513227538943,0.7052192672818912
1713471885.220133,0.0431252513374763,0.726500369675566,0.1366345202228148,0.1458245411632197,-0.6780404591012328,0.1446973938555374,0.7057329546136708
1713471885.333521,0.0489278276667855,0.726620523832362,0.1352801276692279,0.1489469614838396,-0.6767017900276472,0.1424090395668661,0.7068303583518131
1713471885.455273,0.0546797858576183,0.7264278036562098,0.132857840481805,0.1528289605285683,-0.6753508518418976,0.1392289953183593,0.7079264245688396
1713471885.5693264,0.0601749337936169,0.7260730466120588,0.1300993183550771,0.1568367377908204,-0.6742503073595266,0.1356972882029682,0.7087841749637742
1713471885.6800506,0.065372223434024,0.7268076392944726,0.1280893685969608,0.1613671035921944,-0.6768791235735032,0.1328239301195468,0.7057996270445529
1713471885.78941,0.0704343143433647,0.7280571719188532,0.1265598054681714,0.1656810044436715,-0.6808669451215051,0.1303183957837746,0.701417937842902
1713471885.9104888,0.0754861623389935,0.7294468905897291,0.1264984524147304,0.1677882496502941,-0.6826401635418727,0.129975418949815,0.6992538171991884
1713471886.029549,0.0805011066556409,0.7300671150896056,0.1268538929529116,0.1691252020394685,-0.6835020368007949,0.1306765042064203,0.6979579378248114
1713471886.145569,0.0857866326704786,0.7305944052613157,0.127237722874961,0.1697111848541554,-0.6840205297985995,0.1315965498339277,0.697134403555906
1713471886.2645843,0.091246176541377,0.7313656241054487,0.1276032490772337,0.1699310555465103,-0.6841903047459856,0.1325609513725602,0.6967314098156089
1713471886.3804216,0.0966428989954028,0.7323332697690034,0.1279045353171095,0.1702626105208635,-0.6841654358995735,0.1337087707380179,0.6964555006651146
1713471886.4860206,0.101975035140573,0.7335845713100371,0.1281157410531382,0.170560297073565,-0.6842351081301228,0.1347209030739966,0.6961190847400058
1713471886.5990603,0.1071509253941522,0.7350934604113354,0.1283094887728845,0.1707272268882425,-0.6843627438071596,0.1357346157364322,0.6957556776474555
1713471886.7101278,0.1124113974957993,0.7366714900402599,0.1284501076813703,0.1704969134563497,-0.6845507814332363,0.1367202852152052,0.6954341045359197
1713471886.8172743,0.1175028249099023,0.7382305381663387,0.1285019079932558,0.1703471720724995,-0.6848400859735428,0.1376207643262652,0.695008217819694
1713471886.9266312,0.1226099904276156,0.7398034542760071,0.1284972188537331,0.1700550332787481,-0.6852485910080168,0.1384558386396757,0.694511076171342
1713471887.0360856,0.127690759994132,0.741276247279872,0.1284558193710008,0.1696991701621926,-0.685699511670672,0.1393361802754966,0.6939768009141946
1713471887.1544256,0.1327538146862243,0.742915993721919,0.1285902143756553,0.1691880352363548,-0.6864503394027077,0.1402879333254077,0.6931671054154658
1713471887.276729,0.1377690702569171,0.7446737877538876,0.1285797068874988,0.1690693358064801,-0.6866709038311476,0.1410833333038578,0.692816081356043
1713471887.3948326,0.1426940420199559,0.7467896385271998,0.1282274746518916,0.1688346884917172,-0.6864322636648105,0.141740021561453,0.6929757294809595
1713471887.5175695,0.1475574491352946,0.7491147896701784,0.127588317317786,0.168405789281648,-0.6857114865695763,0.1424064567464545,0.6936567223057001
1713471887.6409607,0.1521465123561336,0.75164848953212,0.1266727065782597,0.1681439095072819,-0.6851109349414904,0.142387715540743,0.6943171976714192
1713471887.7567914,0.1562702418292631,0.7543908151942644,0.1251591790411741,0.1691033604886948,-0.6861777006039425,0.1401284568999606,0.6934898933886151
1713471887.8674111,0.1598671993505399,0.7566241700257631,0.1231776836431309,0.1721339526749848,-0.6890912537096391,0.1362046821912093,0.6906311830105527
1713471887.9835331,0.1630313521691649,0.758120557649412,0.1202888239625851,0.1765311488552368,-0.6918065550071382,0.1338898366134554,0.6872510135202625
1713471888.1095102,0.1652771071380793,0.7600853780208661,0.1155253530089853,0.1797344918184765,-0.6940612157738784,0.1328048566671101,0.6843518183324044
1713471888.234595,0.1669644980491655,0.7629652786347388,0.1138266711227974,0.1842879243500004,-0.6921450676951307,0.130486301890208,0.6855264336428532
1713471888.3551178,0.1699912721016392,0.7655325072981108,0.113649277896138,0.1826313553681292,-0.6850602364936726,0.1306039258792364,0.6930229974225707
1713471888.4862697,0.1772621203523748,0.7675417055184216,0.114005178986724,0.1699603368215319,-0.6694505510062677,0.1441735541263194,0.7086349059674532
1713471888.6222208,0.1850757735362587,0.7718612087314747,0.1132084794125283,0.157945537211156,-0.6516639528974296,0.1587030392039922,0.7247072823675723
1713471888.742973,0.1884103095232042,0.772596736495238,0.1169781958821847,0.1611302977391283,-0.6595422506399332,0.1554442669016977,0.7175500865157116
1713471888.8664002,0.1915067480770489,0.7745568161636912,0.120211680072701,0.1633830409598102,-0.664732892286672,0.1532323091596955,0.7127103361594445
1713471888.9869378,0.1944991818336606,0.7770300034723541,0.1230288772169393,0.164921904600809,-0.6685142269106512,0.1514754037458271,0.709185938848857
1713471889.1115024,0.1977979368751635,0.7798650236317645,0.1254501130930447,0.1656352929494028,-0.6711428399183748,0.1501654561930676,0.7068115547458123
1713471889.232219,0.2013723199348656,0.7829827079252658,0.1274852021431783,0.1656550607743133,-0.6728456259183649,0.1492628058169936,0.7053777564695536
1713471889.3521037,0.2051972766900756,0.7864329579420463,0.1289365210111235,0.1648357160027111,-0.6737432341170485,0.1486849330840554,0.7048347550207521
1713471889.4711468,0.2094014771316699,0.7902881625817819,0.130140353827475,0.1634433612063268,-0.6743453571971054,0.1480188102772482,0.7047233774385483
1713471889.5834076,0.2136884295348394,0.7940965356605101,0.1311159035218317,0.1619173815258675,-0.6748038136335537,0.1474326012521064,0.7047596773038709
1713471889.6990883,0.2180942395443976,0.7977956840055119,0.1318621244480489,0.1602545511541649,-0.6752686312186273,0.1467771532459557,0.7048313428129541
1713471889.8116674,0.2225807312583082,0.8013920848073832,0.1323721531954813,0.1585198859896815,-0.6756558266651681,0.1461595931119951,0.7049808671024788
1713471889.9321644,0.2262539172850258,0.8044236283497471,0.130921832047941,0.1558635444346691,-0.6747807069286463,0.1492633449907993,0.7057605875332627
1713471890.0565462,0.2294083284338057,0.8077821131630546,0.1287401654337148,0.1526569908876855,-0.673594325425335,0.1532979135379096,0.7067292816862966
1713471890.1814036,0.2325570555805866,0.8117579479875101,0.126410883738448,0.1493590313052364,-0.6722687031804069,0.1576398695144417,0.7077403069143126
1713471890.2965145,0.2360466479169159,0.8142874802320977,0.1249420502914588,0.1462571382096892,-0.6751332276634822,0.1586140418333281,0.7054399762989734
1713471890.42758,0.2399390284999746,0.8157171313421251,0.1230819146291646,0.1442297889625416,-0.6800336692714855,0.1578426486707801,0.7013113965233798
1713471890.544173,0.2442789649791522,0.8183576153046089,0.1230188321785014,0.1422644138686866,-0.6829716149307875,0.1564465775793354,0.6991674177971571
1713471890.6541972,0.2494273847954055,0.8207842935627632,0.1227136781201458,0.1419141288952908,-0.6845778297146776,0.1542715002414659,0.6981503271475851
1713471890.766211,0.2539688149791281,0.8242714268055766,0.1228906545074899,0.1416942188302979,-0.6857907949996889,0.1523255646514104,0.6974314706101207
1713471890.87788,0.2589569547154535,0.8276092046848618,0.1226390427317326,0.1415273575670758,-0.6865331280352241,0.1499415461298512,0.697251607322953
1713471890.989679,0.2635029196515491,0.8305359634542151,0.1213866364246319,0.1422118974737816,-0.6869326204408017,0.1458254623851316,0.6975917758341212
1713471891.1061258,0.2678469110283373,0.8332071295472352,0.1191139929537742,0.1440681456795583,-0.686944047257672,0.1404737823801055,0.6982974737184217
1713471891.2172785,0.2723810910172752,0.8360407889563587,0.1163776203193737,0.1464191105853022,-0.6867178672671775,0.1349310773168647,0.6991234649227119
1713471891.3251023,0.2775430647290763,0.8397914185229847,0.1152988474465091,0.1473078666663942,-0.6870526573766071,0.1329024041000116,0.6989964158666162
1713471891.4414606,0.282684120020074,0.8425156194926665,0.1149558763975295,0.1471560466698374,-0.6877578087655669,0.1323060064420995,0.6984478613825329
1713471891.5518107,0.2876954339576051,0.8449017300272553,0.114918960828893,0.1464373998631046,-0.6887929732753812,0.1327508744775711,0.6974937513793464
1713471891.662732,0.293063884619415,0.8475128528889333,0.1144469701287178,0.1467969805459447,-0.688156118855232,0.1324930407459496,0.6980955498630469
1713471891.7757692,0.2982837630537835,0.8500331926571264,0.1146972251281643,0.1463067931057892,-0.6878831597131707,0.1324247873780033,0.6984803193805927
1713471891.8928156,0.3036322634070724,0.8524562900133178,0.11457935315446,0.1462834003883438,-0.6871219322598437,0.1322872021237056,0.6992601183626906
1713471892.0032916,0.3090209775809724,0.8546837442108762,0.1143917950588015,0.1459640424959411,-0.6862340392633698,0.132445735180881,0.7001681718608174
1713471892.1209254,0.3145163358149228,0.8567346533262491,0.1138762664309313,0.1456018285149212,-0.6864950863760046,0.1335785563343194,0.6997723724200268
1713471892.236165,0.3198061347707244,0.8581390185800686,0.1144680132915928,0.144066928362982,-0.6862955620237997,0.1359787472599521,0.6998234791660727
1713471892.3632236,0.324943745381299,0.8592073064329122,0.1137714928621008,0.142493969521491,-0.6873409718707086,0.1385633881225108,0.6986115118646762
1713471892.4900324,0.3272322423358223,0.8593410455837599,0.1137663247120665,0.1352106580909615,-0.6909168903809362,0.1425641456938449,0.6957207722121935
1713471892.6022632,0.3296864187646077,0.8592399260091586,0.1129751672893611,0.1278635831483664,-0.6961042252730552,0.1479657544261808,0.6907937081202693
1713471892.715645,0.3330428559631765,0.86011142409953,0.1131659082314876,0.1226230377615544,-0.699755922066057,0.1516462570657136,0.6872471555863803
1713471892.8307445,0.3369981069904417,0.8614571710756945,0.1129485523858339,0.1181174889031024,-0.7015733986904278,0.1548201730482081,0.6854733686165427
1713471892.959766,0.3415609945348745,0.8626648922393051,0.1127111782920422,0.1143263540933539,-0.7010757831411248,0.1575233798523409,0.686009195166271
1713471893.0896027,0.3468431917188,0.8647636475717566,0.1130450537317839,0.1124653037284125,-0.6984160533268691,0.1585593340732697,0.6887855322891424
1713471893.220515,0.3530850876463405,0.8666021268533719,0.1128744947762124,0.1163624878957479,-0.6869202381718952,0.1578863008261916,0.6997658707110544
1713471893.352388,0.3586420063917036,0.8689254252623339,0.1145480044433933,0.1192409673096011,-0.6808445348534219,0.1564976981318165,0.7055074638547356
1713471893.4670298,0.361078768717281,0.8700268082383529,0.1179120982884213,0.1193137074066631,-0.6875467326893216,0.1572541497365578,0.6987952933325668
1713471893.5895524,0.3652383369392514,0.8717058733572173,0.1216344696585952,0.1214555214785946,-0.6896194920734505,0.1564480092212848,0.696561219754169
1713471893.7025356,0.3696464571101647,0.8728701497895844,0.1243177995361804,0.1232113650793778,-0.6907049182624944,0.1553443887507456,0.6954234654416938
1713471893.8133492,0.3743736727274395,0.8734158321053739,0.1264242904776625,0.1246229636497635,-0.690463354535588,0.1548118832502497,0.6955305556042263
1713471893.9353204,0.3792502968344374,0.8742604507625161,0.1280534108687321,0.1259682199439924,-0.6900023719377636,0.1543487466081148,0.6958485458092918
1713471894.057507,0.3847277046877669,0.8735534136279767,0.1273044684740189,0.1294634168390491,-0.6884271563211105,0.1519563253727698,0.6972922983363526
1713471894.178358,0.3907774029874601,0.8728628542761153,0.1254504797896778,0.134599371068001,-0.6863023530755771,0.1492920691891265,0.698987816451942
1713471894.3089316,0.3965878751530148,0.8719703558633151,0.123034401813482,0.1396951287071929,-0.684384487448731,0.1459412421214991,0.7005742631606251
1713471894.4351654,0.4021574434993684,0.8710955978030878,0.1203750252773108,0.1449637719580284,-0.6825480908635354,0.1425043039790981,0.7020015183927144
1713471894.567975,0.4074591220182733,0.8723744103291649,0.120050375570875,0.1481573140521073,-0.6825315029265328,0.1422001338578176,0.7014123464386213
1713471894.69594,0.4122594185266078,0.8729023801429763,0.1205890711176854,0.1498681821024271,-0.683028571251463,0.1427357779584389,0.7004555635713791
1713471894.8130753,0.4171961422029885,0.8731386839310336,0.121411134421672,0.1507815600125761,-0.6838764078139223,0.143650765600486,0.6992441902068934
1713471894.9317973,0.4221107511671272,0.8739832568616295,0.1215577135381619,0.1523851792038995,-0.6855183829681175,0.144630100181557,0.6970835228961059
1713471895.0411718,0.4268661484913927,0.87446825528054,0.1219917004736645,0.1528239106255589,-0.6860592964948563,0.1465485122358283,0.6960538970478933
1713471895.1676123,0.4324864607808621,0.8750623546022038,0.1227458195063409,0.1537236362016621,-0.6862568569902733,0.1476927200676052,0.6954188884016617
1713471895.2920258,0.437678680622091,0.8758275932723801,0.123202083340313,0.1545247832358429,-0.6865177322196728,0.1486472278022793,0.6947801784597563
1713471895.4067037,0.4425939953616637,0.8767645048280395,0.1229875485669697,0.1549129537778801,-0.6866717244630868,0.1508057404931645,0.6940760392125717
1713471895.5245862,0.4477150433339593,0.8781464972438459,0.1230851076109968,0.1559359534481291,-0.6866384239249698,0.1518109602480827,0.693660641495978
1713471895.6445112,0.4527193421862266,0.879578374908508,0.1229607674716753,0.1569966553169665,-0.6865864883631504,0.1532139415744348,0.6931641452958087
1713471895.7631218,0.4570007943001242,0.8809113090902906,0.120767902305148,0.155955247090194,-0.686757926922556,0.1580309472239054,0.6921471884170195
1713471895.8805344,0.4608962711767589,0.8825646212916497,0.1177009479146735,0.1538155593574631,-0.6869799009858929,0.1640574546702546,0.6910025621573925
1713471896.0016513,0.4652317005178672,0.8843635732018442,0.1145902666268071,0.1512129544660393,-0.6868998481156204,0.1700359930402625,0.6902108388972178
1713471896.1145272,0.4698374316142633,0.8856397854075129,0.1134773958965476,0.1515438924301387,-0.6863094391213539,0.1728044648558998,0.6900379840022732
1713471896.2448757,0.474835588647228,0.8873590345733032,0.1133620531891895,0.1521849280819574,-0.6859294754815162,0.1734482224288208,0.6901131910539197
1713471896.3813486,0.4795846172210522,0.8893694901014868,0.1136630514891929,0.1527992002162382,-0.6857802946644515,0.1728297754775201,0.6902808562980768
1713471896.5156024,0.4844616942980702,0.8913638733840143,0.1136729357441682,0.1531789248422722,-0.6854303129962468,0.172473912929102,0.6906332256479971
1713471896.652847,0.4890040139576008,0.8936728204368137,0.1141749734870079,0.1539212860487062,-0.6850088752432699,0.1711377016953349,0.6912184644506405
1713471896.7896557,0.4934820178622294,0.895483756419466,0.1141010985372356,0.1552136027584217,-0.6852390803793987,0.1696242356926141,0.6910743512135603
1713471896.9258854,0.4973028358560309,0.8975689005293542,0.1144016575458871,0.1581650470546997,-0.6866137726744034,0.1665586954890113,0.6897851448248261
1713471897.0594466,0.5009055149188084,0.8991709827502228,0.113782912169262,0.1623211512972673,-0.6902029468159053,0.1620881227495552,0.686293797518013
1713471897.1962614,0.5030258307394514,0.9004747993848565,0.1132769735220791,0.1681403716314611,-0.6921917746038353,0.1582096761304275,0.6837902170820616
1713471897.328518,0.5047602499426309,0.9016965680669694,0.1123016708243825,0.1730870263083958,-0.6920562382122633,0.1560231161505311,0.6831953100701775
1713471897.45935,0.5079368602613813,0.9032830197156384,0.1119803210992321,0.1765757482678989,-0.6916179034178979,0.1535243199098987,0.6833124936598671
1713471897.60087,0.5092534907754537,0.9078039747655,0.1117952046447368,0.1815917776984899,-0.686564599903332,0.1484892462689939,0.688189232823608
1713471897.7435975,0.5135887239074189,0.9105865806319228,0.1116693600641324,0.1798262342856332,-0.6821773701901848,0.1496655590029096,0.6927458274947594
1713471897.885488,0.518718040961436,0.9148860125336564,0.1113762088284544,0.1766428157569719,-0.6741907741484965,0.1525837684988409,0.7007012981900289
1713471898.041331,0.5226025751151302,0.9216436885084248,0.1094941722550968,0.1722104800295675,-0.6600127968034518,0.1571997177588232,0.7141532800178249
1713471898.1995606,0.5296404703692882,0.9278079104685796,0.1080337988869245,0.1589443149776236,-0.6427419111043431,0.1680733289454409,0.7303224606592819
1713471898.3517373,0.5315668395149796,0.927491112092811,0.1081294976406176,0.1643083555763075,-0.6472450960235446,0.1605140358413536,0.7268505996827703
1713471898.4948802,0.5318902066707989,0.9263600011751172,0.1077141939011488,0.1734763870817996,-0.654227181416332,0.1494487900332276,0.7208035775290602
1713471898.6367683,0.5326428290929507,0.9257596302551022,0.1067582893183797,0.1815232117757841,-0.6589760705386617,0.1402740316601502,0.7163260836280052
1713471898.7941551,0.5336627182449862,0.925424902862912,0.1057079685627146,0.1888894780158022,-0.6629447261600507,0.132388534223466,0.7122487845954216
1713471898.9413762,0.5363480534850112,0.9259847319148848,0.1072453937028007,0.1907734844186814,-0.6665389296717606,0.1290773941389788,0.7089924958679532
1713471899.0871348,0.540074414205975,0.9264942527743222,0.1089455287846276,0.1905592491544476,-0.6696818873702001,0.1261762625731308,0.7066066041674506
1713471899.2310202,0.5450060535173132,0.9266411769075544,0.1098087730571262,0.1889354082815391,-0.6747858214122944,0.1265337373432667,0.7021087665257916
1713471899.3690038,0.5486813219300497,0.927558245982016,0.1103007515739916,0.1858449436425415,-0.6808421107658358,0.1280603610948673,0.696789940402898
1713471899.5093446,0.552312068811684,0.9295473889401866,0.1106497269946489,0.182096711604209,-0.6871865714376806,0.1300166597362541,0.6911664574107211
1713471899.6502,0.555889168827959,0.9313172816900566,0.1108793193169816,0.1781454252669646,-0.6932147786158391,0.1321697616787969,0.6857467697793521
1713471899.788544,0.559570929577684,0.933645163168403,0.1108722365441045,0.1738703118540941,-0.6995519465383545,0.134296663448321,0.6799710250715156
1713471899.9241652,0.5641815065761692,0.9366817498650444,0.1111560580721935,0.1689925236359249,-0.7001732970472352,0.1372596314059991,0.6799696130294757
1713471900.0610368,0.5690706150634904,0.9398997840448916,0.1114189796244776,0.1642412105185965,-0.6985619890576736,0.1403578482651403,0.6821551485120909
1713471900.1947303,0.5735591757488673,0.9433367493593984,0.1113132433606281,0.1604388592019189,-0.695903035557203,0.143408344809928,0.6851367631350211
1713471900.3254972,0.5783019362178724,0.9457748399375898,0.1125960564347783,0.1581384481989071,-0.6951950546540984,0.1453500858624694,0.685980626348514
1713471900.4552126,0.5830156153195818,0.9485092611034636,0.1138689313970093,0.1562157088767441,-0.6962023776323663,0.1454964650717287,0.685368280802962
1713471900.5856392,0.5878799337850181,0.9506461030291208,0.116003873110073,0.1551104220588282,-0.6970831622134732,0.1447080713178142,0.6848907913110492
1713471900.7202294,0.592331107380763,0.9532272231004398,0.1178278033842951,0.1546745467166767,-0.6982073475346047,0.1436993697335673,0.684056120201302
1713471900.8550544,0.5971328779177363,0.9552949189143536,0.1197556701925018,0.1536564208388703,-0.6995651523253984,0.1426432042998164,0.683118743890117
1713471900.988839,0.6017353095584053,0.9579606827610978,0.1213150957628926,0.1534138600545439,-0.700764962881844,0.1415947175034873,0.6821609709705477
1713471901.125095,0.6064598507547486,0.9600124090416,0.1229360020991232,0.1526678784178183,-0.7019635689168846,0.1408050658503284,0.6812588349840003
1713471901.2321703,0.6110779096095007,0.9625797800058288,0.1241998020368393,0.1523371579311686,-0.7028794044788682,0.140061181734846,0.6805415479189528
1713471901.347286,0.6157329671252327,0.9647379643594576,0.1253805467686203,0.1519782408141501,-0.7036782240978527,0.1395484208447793,0.6799013233471874
1713471901.4576528,0.6203370210665075,0.9673231218652066,0.1263037168924562,0.1517315574814665,-0.7043435244670816,0.1388007094040293,0.6794204126124533
1713471901.5664053,0.6249360582190409,0.9694291837489248,0.1272648489023491,0.1514666810116301,-0.7049507122368199,0.1385350942910123,0.6789037969476248
1713471901.6790693,0.6298387878327856,0.9714760568802252,0.1279797889632492,0.1514300454550467,-0.7053309006987617,0.1383456054271218,0.6785556390687203
1713471901.7874677,0.6345734193991667,0.9735964995173826,0.1284516988579769,0.15141171144476,-0.705380621699783,0.1385334023290763,0.6784697256377227
1713471901.8953204,0.6393300070338533,0.9757455837542254,0.1286033903560412,0.1513416550197642,-0.7055567325510219,0.1390171426452869,0.6782032399351572
1713471902.0025516,0.6439280369309777,0.9779410570550812,0.1282547418143317,0.1507533329582519,-0.7072469051210286,0.1399444509265534,0.6763806609103863
1713471902.1148832,0.6480846786546667,0.979900755925718,0.1273079217302277,0.1489357114032627,-0.7117349939527732,0.1415555155611443,0.6717242650567783
1713471902.227608,0.6501798002207514,0.9785464736106464,0.1273775456115953,0.1432886413375861,-0.7159798206533237,0.1441943128786122,0.6678691951380361
1713471902.3461986,0.6512611603816044,0.9741744461634594,0.1261486451633746,0.1357994298202587,-0.7201989017625238,0.1483134613680017,0.6639843175388931
1713471902.457502,0.6533776518777697,0.9735086555922692,0.1274640427584721,0.1303483334383117,-0.7249477855089882,0.1515342815313763,0.6591641538920623
1713471902.576585,0.6553565613541317,0.9745548127045512,0.1281730794768065,0.124575865557463,-0.7308069252128089,0.1554812738814268,0.6528611378032987
1713471902.6945093,0.6575693481287386,0.9757271967830946,0.1285706577927957,0.1197392622068666,-0.7353417058872387,0.159442887390223,0.6476982710565699
1713471902.8049886,0.6601972973342256,0.977097729608432,0.1288033572276434,0.1147943737796016,-0.738996410354415,0.1631957627999156,0.643485586657535
1713471902.918609,0.6632403074739758,0.9787396552134234,0.1286653872374066,0.1090838654015089,-0.7425596651611496,0.1669219188736599,0.6394082631498927
1713471903.0306296,0.6665303007215654,0.9802739178716646,0.128049475275295,0.1028510963137732,-0.7458995596436683,0.1708381560624592,0.635507532090388
1713471903.147598,0.6704056724692994,0.9823491277318176,0.1263419352340737,0.0963819777905596,-0.7469272278690284,0.1757868885769835,0.6339630907470024
1713471903.2677546,0.6749094456924016,0.9840663997045028,0.123092015574794,0.091536285511526,-0.7431054113311479,0.1819936711695655,0.6374117662385455
1713471903.3900683,0.6806934321964984,0.9883663395186472,0.1128401339400584,0.0825090077027452,-0.7320508869038383,0.1956285083949016,0.6473200517011642
1713471903.5229294,0.687523568576474,0.9889092390316796,0.1150467203384711,0.0928335139319799,-0.7171084273091886,0.1917936333406195,0.6635907205372807
1713471903.6503496,0.6954327812041614,0.9889751604001976,0.1146579444785193,0.1037683927288864,-0.6964709626415204,0.1891505170120962,0.6843846877171597
1713471903.7810764,0.7054450857112784,0.989674122713128,0.1089420032218609,0.1183476806147243,-0.66689726366868,0.185248121253646,0.7119866570212794
1713471903.8995771,0.713721345340576,0.9908199788899604,0.1037807436581202,0.1311171535656639,-0.6456640110029956,0.1801046560790183,0.7304030324382699
1713471904.0383224,0.7158681791221914,0.9939801250778986,0.1037684292206879,0.1284209146474294,-0.6631801345357796,0.182625909958383,0.7143864184389956
1713471904.1708238,0.7196977352753596,0.996274116936779,0.1065027775798166,0.1343917037662488,-0.673584044675189,0.1797303077151714,0.7042161750531066
1713471904.2914095,0.7239397469063236,1.000091995603579,0.1088525612218816,0.1399311452066272,-0.6823657969934507,0.1765736680687503,0.695426439991608
1713471904.415086,0.7283043282827015,1.0029518786865383,0.1101940981081672,0.1460594411217302,-0.688923914065914,0.17379307998176,0.6883650525976478
1713471904.5319395,0.7327065480464073,1.0048870487176331,0.1124996385900652,0.1505400755400922,-0.6929476752868488,0.1737196804106506,0.6833613082469309
1713471904.6462753,0.7364725875668837,1.006481063997988,0.114052237933323,0.1551501261445392,-0.6958036951910025,0.1735140692309666,0.67946929577045
1713471904.762033,0.7393733143233747,1.0073578973279698,0.1159165253281159,0.1594876243677748,-0.6959424938575415,0.1764242353496219,0.6775708317941164
1713471904.8737478,0.742845559215666,1.008852864407399,0.1167800662962471,0.1641238646759605,-0.6968740517634062,0.1772552979752318,0.6752854747159844
1713471904.985228,0.7460010860552728,1.009509238574345,0.1177171173103317,0.1664203283181519,-0.6954398313957405,0.1815801274069117,0.6750528664939008
1713471905.1031482,0.7511466145240595,1.0120848233323343,0.1188226779487501,0.1690900774651068,-0.6950395378503464,0.180875500415567,0.6749908442912684
1713471905.2132912,0.7564860779400034,1.0147225150491568,0.1189957856176771,0.1700338162297409,-0.6907019614851441,0.1804051887143629,0.6793182388423415
1713471905.326892,0.7619785742835736,1.0164843191154782,0.1181287782347124,0.1713645961556269,-0.6860447945905398,0.1793598004912985,0.6839640173045398
1713471905.4401362,0.7677067937770135,1.0180937402337749,0.1164619451654556,0.1721761452494657,-0.6817249255896993,0.1786017118517991,0.6882644327294276
1713471905.558096,0.7734014254762703,1.0197409297482922,0.1157535566239463,0.1728481091297914,-0.6802586843214876,0.1794657606793202,0.6893211837157245
1713471905.680428,0.7779663181565094,1.022885043056448,0.1167808935181714,0.175122900698277,-0.6795730585710436,0.1790186334306934,0.6895395250455376
1713471905.797819,0.7827782836821159,1.0255768349343228,0.1174820596129654,0.1767367039575608,-0.6795406072642372,0.1796298784351223,0.6890005858680766
1713471905.909008,0.787633036094697,1.0283896693995571,0.1180874923171286,0.1777588218270191,-0.6798044717689086,0.1803748083626616,0.6882823620679224
1713471906.0199685,0.7923912577375136,1.0308728962252691,0.1185044948672884,0.1788297178897156,-0.6801013726151983,0.1813722470652085,0.6874490257182163
1713471906.142836,0.7971135903526682,1.0333051011208378,0.1188507616408297,0.1797364111021725,-0.6802315971674254,0.1824052487572492,0.6868101061901829
1713471906.261074,0.8019614987664476,1.035714653757104,0.1189898457064797,0.1804735928714136,-0.6802633818681775,0.1834510936283506,0.6863065713017148
1713471906.3715255,0.8067317466858496,1.0383768260894004,0.1189905703643641,0.1811268680484498,-0.6809159400349284,0.1832802522662388,0.6855325589689618
1713471906.482999,0.8111701282749775,1.040435768851336,0.1186100921489742,0.18301848796101,-0.6825755945111573,0.1822107830223922,0.683662212933092
1713471906.5973575,0.8156719333470657,1.0421285598336012,0.1174916417942386,0.1861482642149469,-0.6863001401094221,0.1789866761315904,0.6799299310832809
1713471906.7108328,0.8194257746275101,1.0435060968337355,0.1164337141962248,0.1902599445889033,-0.6907925448341974,0.1743766681385116,0.6754254889293357
1713471906.820958,0.8233576923061696,1.0440534009006228,0.1156565772430015,0.1913697671738017,-0.6953037960258368,0.1707403278621753,0.6714000177877743
1713471906.9424562,0.8280352483698858,1.042323640038713,0.1155285139507373,0.184895424951992,-0.6977499333425515,0.1754015499856338,0.6694721865880049
1713471907.0545995,0.8313152491956204,1.04404926671162,0.1176783517563874,0.1826560938864502,-0.6931779715214044,0.1811232425866418,0.6733018804061934
1713471907.1702776,0.8336068238756625,1.0487634375349095,0.1169608348435101,0.1768836209901804,-0.6867264408578887,0.1908068869936784,0.6787574765170846
1713471907.2884338,0.8360706632302632,1.0539198496039122,0.1150119771741873,0.1695662391073843,-0.6780047865728891,0.2031233282467057,0.6857825555241324
1713471907.4090602,0.8384718619354142,1.0567379929613008,0.1134567119923838,0.1633434810900944,-0.6705511689503315,0.2129982395164962,0.6916008870494509
1713471907.5300114,0.8395672590004017,1.0612345104892422,0.1140733904356036,0.1555591801542352,-0.659217215093494,0.2194248358992061,0.7022013572934239
1713471907.6556349,0.8414314995307335,1.0672190710475906,0.1155804090470981,0.1499298139282942,-0.649529277654258,0.2240655235975522,0.7109341808496197
1713471907.7785022,0.8447437232138086,1.0723937301237747,0.1162219918048219,0.1466313087720835,-0.6422800883698285,0.2266188489083014,0.717369810272852
1713471907.893226,0.8463519728313889,1.074816823725952,0.1179826340008409,0.1530280931424516,-0.6466032694643693,0.2218483901448822,0.7136314920302338
1713471908.0138085,0.8466459281806895,1.076886070307657,0.1214818907662841,0.1611212424269017,-0.6564348866560574,0.2140538255311868,0.7052050372729373
1713471908.143348,0.8472399277376448,1.0780759382224443,0.1253800551480308,0.1710263909944325,-0.6680352700834341,0.2052269806603801,0.6945219491974295
1713471908.271946,0.8472137507312876,1.0793948108186917,0.1294460020016131,0.1806345051014639,-0.6795843566306565,0.1961160373822197,0.6834286924552859
1713471908.392849,0.8474921859791962,1.0808602843471988,0.1329115742723424,0.1890445438517786,-0.6892028785232326,0.1879311730320613,0.6737532388626838
1713471908.5176358,0.8474086531506537,1.083939597844173,0.1348180396308765,0.1963545264728269,-0.6968729302801229,0.1781063665541134,0.6664016365295923
1713471908.6394026,0.8488446987936293,1.0876384890065078,0.1354275634158533,0.203578109415138,-0.7019369441287858,0.1687872276741688,0.6613254505976376
1713471908.7647097,0.8512413422272541,1.0907407408338163,0.1351621495745514,0.2103790936474704,-0.7042924226335017,0.1620789149730544,0.6583640677453924
1713471908.881326,0.854117870847762,1.0935138625928316,0.134459345617204,0.2160049906110654,-0.705464772186938,0.1561975560235081,0.6567066489130656
1713471909.011304,0.8570263780513255,1.0975499834657252,0.1350755379925596,0.2188653625913139,-0.7059550176399847,0.1541908393016984,0.6557062232449372
1713471909.1385682,0.8598825112426344,1.103111858651133,0.1361438215439235,0.2201906074127353,-0.7059194030766941,0.1542059251268416,0.6552972038875411
1713471909.2551055,0.8630126803132779,1.1078910521656002,0.1365974425053871,0.2208304205916142,-0.7054809281002966,0.1538141378288124,0.6556460908386889
1713471909.3679583,0.8672092424218464,1.111242557836649,0.1378297820045819,0.2199290161077136,-0.7055051320352977,0.1544034044971807,0.6557845112728953
1713471909.4883049,0.8714815494578517,1.1148183490064258,0.1377600727970914,0.217677892982409,-0.7084303164390467,0.1551595832613904,0.653198534428058
1713471909.599944,0.8754492981173942,1.1187105895991782,0.1357895614429381,0.2138036691539457,-0.709619915687349,0.1590227008159161,0.6522571172025659
1713471909.7274308,0.8791635588881629,1.1229315732509233,0.1330229471794529,0.2094183335408727,-0.710553288352019,0.1639909664068827,0.6514329964977466
1713471909.8477256,0.8831734951366206,1.127356051881118,0.1299332267781903,0.204559496541464,-0.7118428933069173,0.168698532084398,0.6503659838088929
1713471909.9688954,0.8877801355170901,1.1314425821881822,0.1293626709867456,0.2021020977295279,-0.7128541638556086,0.1698228670025301,0.6497336969944582
1713471910.081163,0.8925144747895853,1.13610945415078,0.1286251389381894,0.2016063655445459,-0.7121855477683922,0.1699112397058329,0.6505972560220196
1713471910.1984885,0.8977765187440172,1.1422491490581177,0.1253535849897745,0.1977430167626426,-0.7061541359246027,0.1738560534288892,0.6572808443308829
1713471910.308206,0.9014914117980396,1.146991999237554,0.1258708601724115,0.2011173377597733,-0.7068764835070922,0.1712002407920908,0.6561767529178393
1713471910.4196312,0.90600708878352,1.151827871923243,0.1265795017357628,0.2046873023240492,-0.7078259341309223,0.1676823454520569,0.6549566292989847
1713471910.5256555,0.9109821298767696,1.154826124974436,0.1283444880666305,0.2057212936027733,-0.7088132600661613,0.1661050078309464,0.6539660832843421
1713471910.644979,0.9159802263443722,1.1594280312398766,0.1282553389391346,0.2088339664836549,-0.7083137711406715,0.1635841497755532,0.6541560991058584
1713471910.7582965,0.9212673491071036,1.1625434507747856,0.1300027590136455,0.2087973216470751,-0.7086304964432422,0.163850847129133,0.6537579046395368
1713471910.873136,0.9259322044000492,1.1633921345179334,0.1313108858792083,0.2056526693539343,-0.7076227668066856,0.1669805056180612,0.6550530590936808
1713471910.99048,0.9309660991563122,1.1640879826016854,0.1322551000951407,0.2022713558127141,-0.7063449485614336,0.1704274644947111,0.6565954550599145
1713471911.1083553,0.9353625652093296,1.1649266568372112,0.1347841282049978,0.2002029005850869,-0.7077405010687954,0.1709762865826436,0.6555831687670284
1713471911.2256885,0.9401171324274532,1.1658058002110396,0.1357594551722009,0.1979780450956362,-0.707210396895451,0.1731229619672704,0.6562671622310293
1713471911.332718,0.943145571044588,1.1671633312974514,0.1378416183107531,0.1946274459075811,-0.709590848166386,0.1725979156313442,0.6548365788635483
1713471911.444409,0.946251799350284,1.1688928662436668,0.138418516369308,0.1907067086200266,-0.7142350808912273,0.1755178890711755,0.6501481916668052
1713471911.5559902,0.9493778285443896,1.1713589762662862,0.1402453535857935,0.1878751492447927,-0.7192681685554422,0.176985527354444,0.6450057000571517
1713471911.6674733,0.952635184981604,1.173930400469279,0.1407546360532312,0.1851018052362958,-0.7230180903592803,0.1790406545937236,0.6410355736728929
1713471911.7870548,0.9562009710848156,1.1755256624631776,0.1430792371986033,0.1832338460175127,-0.7260436479398622,0.1801032107259635,0.6378470133550891
1713471911.9001696,0.960249847987094,1.1781815552689032,0.1438818829831953,0.1826382835676555,-0.7266135353908285,0.181157518870001,0.6370698399070287
1713471912.0245605,0.9653312482877932,1.18064546026187,0.1464492300864563,0.1839836349029601,-0.7241802902378643,0.1805316817412938,0.6396258603328646
1713471912.1434002,0.9716532748251232,1.1832221276869377,0.1465650169496105,0.1862611565373949,-0.7173983641029963,0.1803868031330541,0.646611916069549
1713471912.2692258,0.979817169115062,1.1854330066778602,0.1467036928905776,0.1899461215059048,-0.7044364217762811,0.1794343252320079,0.6599190264937265
1713471912.3866012,0.9901768739985614,1.1893684513001457,0.1433842554526456,0.1990713817651828,-0.6789985255950879,0.1776008547030047,0.6839514044218054
1713471912.5054262,1.0030130280761655,1.1917834101061893,0.137996956545978,0.2072601982558687,-0.6467999430200828,0.1747046208388547,0.7128613745923591
1713471912.618498,1.0047723882212256,1.194320139549876,0.1411640207697373,0.2069209734781652,-0.6588671564606992,0.1750773770828936,0.7017304987714411
1713471912.72701,1.007624966029511,1.195122034610211,0.1438727610128077,0.2072894248615988,-0.663892310197293,0.1768575370364258,0.6964190594712772
1713471912.845786,1.0119966118343726,1.198131820767331,0.1461963276237757,0.2123087712402429,-0.6675707301328435,0.1732266819584236,0.6922909955950862
1713471912.950941,1.016033826854664,1.2010678153564327,0.1468565781368547,0.2182857849104234,-0.6709801916376131,0.1700347408362185,0.6879135741099695
1713471913.057661,1.0194273969682228,1.2029490478003102,0.1464016418474486,0.2244336317994097,-0.6743102536381517,0.1671347089352908,0.68337487210527
1713471913.1705537,1.0228144142233917,1.204514449674693,0.1452249361274214,0.2306671179982416,-0.6775842169934013,0.1641819121469657,0.6787610840933581
1713471913.2829187,1.027494597968371,1.2065581651956336,0.1443023327687107,0.2356349570238128,-0.6749699275867368,0.1636479443943946,0.6797875507667306
1713471913.4031155,1.0320664608912369,1.2078789616718166,0.143241711637074,0.2398935651930499,-0.670334844353999,0.1644672345491423,0.6826806007084317
1713471913.5254965,1.036510407267958,1.208840282011375,0.1421825528617383,0.2435710304070973,-0.6653646146595104,0.1651856370793534,0.6860588808609028
1713471913.631154,1.0411580112061225,1.209642339821288,0.1407366387380096,0.2461900908288673,-0.6602908809792858,0.1669456324750267,0.6895908551240991
1713471913.7484093,1.0438600708489152,1.211122967456791,0.1407024608014176,0.2493650825382927,-0.6580243463989721,0.1704028710163917,0.6897708871112544
1713471913.863086,1.0467378815954371,1.2128600099981133,0.141310079181711,0.2522948268711513,-0.6572847810325649,0.1734230813303034,0.6886570059317861
1713471913.9685342,1.0504797734221656,1.215009394902386,0.1419920122212515,0.2547610501637099,-0.657839389635391,0.1753486870267461,0.6867291916917587
1713471914.0772958,1.0544644101778449,1.2171563017918985,0.1428198387007968,0.256441532999238,-0.6580123819533926,0.1782082018205275,0.6852001767023398
1713471914.1886392,1.0579815283503409,1.2193165963459562,0.1415481110303773,0.2558545015631869,-0.65896766751508,0.1843746813914801,0.6828660659758827
1713471914.309627,1.0610674024941087,1.2215285440858392,0.1393552209378383,0.2543416040298846,-0.6599788283631743,0.1918823259361994,0.6803818542298078
1713471914.4333014,1.0642366878981349,1.223836540677634,0.1368339184063129,0.2525100354261056,-0.6607556432018824,0.1993157861833217,0.6781695063655533
1713471914.546232,1.0681411835307657,1.226068111600163,0.1362510438898004,0.2532188879633368,-0.660789272126303,0.202516727034542,0.6769229704276689
1713471914.658359,1.0720020072434338,1.2281799047627315,0.1357719225682353,0.2542259681714549,-0.660643122449085,0.205192083969846,0.6758816690398708
1713471914.7810783,1.0761957318117463,1.2304682763001211,0.1363757703188007,0.2562393075464123,-0.6603659745122347,0.2050995806032113,0.675420135183301
1713471914.8930748,1.0803931387306551,1.2326597174166425,0.1360095117364959,0.2570987696916427,-0.6600525800580845,0.2070307883975486,0.6748103932492437
1713471915.0062857,1.0846708375152825,1.235102538614559,0.1370489300343156,0.2590802306221827,-0.6598089478141721,0.205782900338058,0.6746725015987896
1713471915.117386,1.0890869401824426,1.2373284215102909,0.1363282601666821,0.2603042504056546,-0.6611633060896158,0.2058545017634257,0.6728511752275766
1713471915.238724,1.093060936516868,1.239105375278784,0.1365675869343983,0.2647580132018117,-0.6648305594594395,0.200050898761689,0.6692407336369467
1713471915.355046,1.0963571518107278,1.241037613924855,0.1358707269518191,0.2688912213153167,-0.669860449769595,0.1951326910973451,0.6640088265973138
1713471915.4761753,1.0995739503181785,1.242987343332045,0.1355782659472457,0.2737616722359015,-0.6744490929802971,0.1892736429787863,0.6590511784878291
1713471915.595091,1.0985902319167038,1.2455083526787791,0.1348450487636907,0.2831599570369706,-0.6727877660046585,0.1820579551625306,0.658811021164127
1713471915.713208,1.1006305371515737,1.2466893792926748,0.1338338741360768,0.287052186236453,-0.6769618495677686,0.1795004408423253,0.6535313981317727
1713471915.8249862,1.1014532466816884,1.2491308908302434,0.1340228641105628,0.2960820075410393,-0.676455853329293,0.1710989650466947,0.6522791330917739
1713471915.932906,1.104219095246402,1.250591471788132,0.134545542433704,0.3019373116738402,-0.6788276157986802,0.1653773816805487,0.6485963686891407
1713471916.051923,1.1100867033926929,1.2508477529582294,0.1347272933385229,0.3038589183095195,-0.6838517320832198,0.1634137233536541,0.6428938647321534
1713471916.1740477,1.1149990517048085,1.251850113308557,0.1359829470076682,0.307497018873572,-0.6863530731264094,0.1587848735200988,0.6396502218673937
1713471916.291192,1.1180173344942472,1.2542146169939457,0.1362404068454471,0.3115241277998107,-0.6862446380994991,0.1548470324214982,0.6387827573036942
1713471916.4094594,1.1203725821457018,1.2569215599747725,0.1376877302595594,0.3174430264791367,-0.6838793984410202,0.1491557370599716,0.639758907268833
1713471916.531471,1.1231485278185052,1.2585453241989295,0.1391358451554536,0.3144235550052841,-0.6795939107545695,0.1529753786801213,0.6448941603401467
1713471916.6632743,1.1281335954391505,1.2616383027759732,0.1388154992509992,0.3031974568494894,-0.6663033266209456,0.1699580625449925,0.6597161784205507
1713471916.7785847,1.1323017433036626,1.2684479856017934,0.1375000524326767,0.2868152100337842,-0.636749414391571,0.2011245649662529,0.6869032886312332
1713471916.9030368,1.136967636444307,1.277960821048975,0.131118251191223,0.2586579923583871,-0.5956206241618842,0.2469200634576725,0.7192792206954092
1713471917.0276215,1.139855933534333,1.2869100562461304,0.128115626376284,0.2381921464770219,-0.5736938452843797,0.2700661468323528,0.7356657866005576
1713471917.1454132,1.1421742143361344,1.289826119485323,0.1311036334697278,0.2423343406784697,-0.58018431551513,0.2662927622636634,0.7305808594017227
1713471917.2684913,1.1434095597649527,1.290228748573362,0.1367039994703792,0.2546178923116305,-0.5968958098975236,0.2531175263348786,0.7175072396176045
1713471917.388919,1.1440370162462383,1.2912073610572208,0.1404598423551656,0.2631673494037169,-0.6079511945799668,0.2458487685477983,0.7075992327724391
1713471917.5061371,1.1448137121681934,1.2935905271269423,0.1417801449152349,0.2668695956464406,-0.6179174104897166,0.2420703099632924,0.6988280602318886
1713471917.6218994,1.1456061665221169,1.296801461642321,0.141785536455283,0.2683858097956736,-0.6260237914914656,0.2405637178398973,0.6915145459395753
1713471917.7449317,1.1463415340682053,1.3005478037295748,0.1404503628878045,0.2678336114134912,-0.6321796447025776,0.2410528604135711,0.6859355450094166
1713471917.8620274,1.1475670838379273,1.3049817035765765,0.1385541436477102,0.2668770045772828,-0.6375639113272155,0.241395619731755,0.6811879903340352
1713471917.984064,1.14859716841785,1.3096814067319185,0.1357702357418395,0.2631155755839507,-0.6393842486038122,0.2463917710774436,0.6791532019123413
1713471918.1014185,1.150028601162512,1.313939025907594,0.1339173232991436,0.2602664071850257,-0.6374892947903178,0.2519100671244569,0.6800074370182239
1713471918.21987,1.1519340665505189,1.3183786548989525,0.1323644360558312,0.2578901916785169,-0.6340427633402873,0.2572622720640557,0.6821279547594207
1713471918.331637,1.154103171159353,1.3229576657537614,0.1308395376683679,0.255521704729403,-0.6299898452726994,0.2622404496881568,0.6848732728124329
1713471918.4533527,1.156789056128656,1.3273522135076086,0.1306574660449705,0.2546314211039721,-0.6284549002484567,0.2636378267030576,0.6860775277412624
1713471918.567787,1.160247110867282,1.331298291218406,0.1305316252405756,0.2538682717798136,-0.6278498692124932,0.2611355432992452,0.6878689339832073
1713471918.693539,1.1640431245280252,1.336083666054486,0.1314511338304833,0.2527908335786362,-0.6277672047243031,0.2595465559364286,0.6889417366024441
1713471918.8131046,1.168138373131377,1.3404155956591288,0.1322510155438527,0.2521125437351664,-0.6276250515493917,0.2575457794188455,0.6900697294205468
1713471918.9184792,1.1723336634690678,1.3438931527076192,0.1323549529562819,0.2523555930330921,-0.6274692615620224,0.2545166243092964,0.691245447297794
1713471919.0289285,1.1763611270310186,1.3478396576822993,0.1329501522879629,0.2514477691677267,-0.6275537276732007,0.2526586454500886,0.6921805740869721
1713471919.152455,1.180533382137868,1.3521711842150432,0.1331800704915327,0.2510202105902789,-0.6273131768474981,0.2510850559785659,0.6931257654228071
1713471919.2739227,1.1847776246424424,1.3565215848109184,0.1333462125251203,0.2503965990751697,-0.6271686388725738,0.2494059511069836,0.6940876840419609
1713471919.3901844,1.1890404751010195,1.3607481102756265,0.1332882458000212,0.24986712541683,-0.6273463636830006,0.2478527495666846,0.6946740056615629
1713471919.503974,1.1927116042154218,1.3646294135178545,0.1311363797272106,0.250873131538879,-0.6264842226638384,0.2430997702166874,0.6967658805838275
1713471919.6184208,1.1964122674813042,1.3684545186192778,0.1280337071647439,0.2529002149214062,-0.6246689752849537,0.2375978924481749,0.6995551401521813
1713471919.7386284,1.200221370717789,1.3722619458422574,0.1245260104573291,0.255327401974991,-0.6225490190602431,0.2316977603745052,0.7025359666986943
1713471919.860533,1.2047747922654777,1.3768792518295556,0.1230109058890622,0.2560715806741015,-0.6229029486832695,0.2293149051602946,0.7027331900259732
1713471919.974619,1.208845761336925,1.3803604316030025,0.1219765436820159,0.2557841192923637,-0.6267042917626664,0.2291082877497084,0.6995181252036873
1713471920.085532,1.2121304377519244,1.3834582648500908,0.1210185629524169,0.2549248523318503,-0.6336065869388859,0.2300829918595622,0.6932660596828558
1713471920.2071965,1.215199208492367,1.3869725542373768,0.1193003017291339,0.2549455571293041,-0.6407909011824937,0.2303326657339617,0.6865396179082774
1713471920.323752,1.2181336959689433,1.3899184353780571,0.1183861226880011,0.2539290597965098,-0.6486193431170505,0.2323121505736707,0.6788549513858633
1713471920.431347,1.2195897588992946,1.392993772001252,0.1162803052869495,0.2503546004809775,-0.6543556558729506,0.2329093229560073,0.6744586695456327
1713471920.5477867,1.2204798669111132,1.3957156866774842,0.1150880226399202,0.2471293510778661,-0.660873912233206,0.2317771659305805,0.6696656638342732
1713471920.6621575,1.222115292051533,1.3969874760920082,0.1151215752265211,0.2416427203223637,-0.6664742719655807,0.2344408588612268,0.6651754086100654
1713471920.786215,1.224190453546626,1.3987789383236455,0.1156386808821622,0.2426013686207698,-0.6618280207414927,0.233367427791663,0.669826761596333
1713471920.92998,1.2299986431307168,1.4035431324074927,0.1146853021231104,0.2462755511544182,-0.6429802012486229,0.2323232095857235,0.6869867102016283
1713471921.0684202,1.2414726663428648,1.4070277520690144,0.1162587490678734,0.247155752350158,-0.6156270612683693,0.2322188437527991,0.7113309807118006
1713471921.1967,1.2511484189781643,1.4098028819014683,0.1177490178668261,0.2448478732121699,-0.6023276747664641,0.2327966431258903,0.7232265303092931
1713471921.3187444,1.2534624555860054,1.4111611934191166,0.1220892374912054,0.2445911896608514,-0.6123740716787729,0.2341348437533125,0.7143906642842293
1713471921.4307096,1.2552606177790762,1.4116339036565069,0.1256633235383702,0.2444563997005489,-0.6227767905448164,0.2345721084950654,0.7052418476808667
1713471921.5427933,1.2568282900526444,1.4123709049324955,0.1293333605877578,0.2445218134325721,-0.6331045660526777,0.2348217352258396,0.6958781817706478
1713471921.6583571,1.2584971350418082,1.413711683667379,0.1323369685915554,0.2437735875444916,-0.6426798132703048,0.235406788009677,0.6871104276530092
1713471921.7807,1.260339126562005,1.4156889413250588,0.1345988799100675,0.2431723824785846,-0.6501169029694218,0.23659059877961,0.6798824114817517
1713471921.895764,1.2627615772302756,1.4178061271750355,0.1369623492238398,0.2434073475613659,-0.6552916578878777,0.2370136894916851,0.6746630397829988
1713471922.014698,1.2658517842490842,1.4202128186162115,0.1387878231995845,0.243413376952851,-0.6590998602726695,0.2374732636311695,0.6707784665366935
1713471922.1349728,1.2690558985700031,1.4228403018757851,0.1402758315576773,0.243859403510534,-0.6615073849900717,0.2381563190481883,0.6679986067504192
1713471922.2467272,1.2723381941602825,1.4260452955155494,0.1411756889647807,0.2444564330899234,-0.6625678895974806,0.2390881666977166,0.6663945472018942
1713471922.357017,1.2759166319756858,1.429119402213601,0.1418672832755112,0.2450968881641822,-0.6632709718484776,0.2400588244674731,0.6651096857742379
1713471922.4822347,1.2793874335988136,1.4342446169019336,0.1408935156038246,0.2469515877696541,-0.6656351599572384,0.2393531632500134,0.6623102070547915
1713471922.6099825,1.282490891458494,1.4402883364163657,0.1374565599499506,0.2473423373005781,-0.6695682373547991,0.240363934190314,0.6578186093786259
1713471922.7307668,1.2854320908489738,1.4470385357533642,0.1330872410486009,0.247299725836231,-0.6737426752347612,0.24244273542009,0.6527902980367097
1713471922.8529122,1.2884582497217505,1.4534909832217149,0.1284925752575351,0.2473506447588366,-0.6778251403381229,0.2448108120842272,0.6476406441458511
1713471922.9829552,1.2912787092062574,1.4593532456096825,0.1223967751016262,0.2489438175126054,-0.6788166631298299,0.2481720575563509,0.6447057805137015
1713471923.109838,1.2962007145064856,1.4642929831004865,0.1194116808854388,0.249938985699207,-0.6760724423601586,0.2496914240104133,0.6466148381258149
1713471923.250468,1.3013856127441168,1.4678017641082537,0.1178194105883883,0.2515149526130137,-0.6717315231878453,0.2508405112169667,0.6500738629572962
1713471923.3999968,1.306566728223901,1.471008258008044,0.1173856609384855,0.2530701739559417,-0.6682472831905285,0.2519000684323281,0.6526464671521447
1713471923.5529866,1.3107608947171707,1.4743809320079604,0.1183354435520223,0.2548475350337248,-0.6675157987054643,0.2532538385675869,0.6521793354719414
1713471923.6989276,1.315041716880367,1.4779082726574455,0.1199323955710855,0.256681737796115,-0.6675798338018113,0.2541466374172969,0.651046187050192
1713471923.8410883,1.319530168727635,1.481177466863568,0.120674684623806,0.2571615320178745,-0.6678797302829952,0.2557574871698942,0.6499174717484326
1713471923.9773707,1.3241285043512545,1.4845059404240712,0.1211864107010898,0.2573240493325642,-0.6681393618969855,0.2573168035609527,0.6489700989445931
1713471924.120929,1.3285997027773009,1.4879383105799546,0.1231273085038496,0.2591460664536842,-0.6678805887881315,0.2561823775009536,0.6489602644380937
1713471924.2556555,1.3333989050464967,1.491595462218238,0.1233659482950288,0.2585544513664358,-0.668445633747149,0.2572800732994316,0.6481797546097942
1713471924.3939874,1.3378705954660053,1.4955244870690632,0.1250909124383304,0.2596056127838654,-0.6685871052462222,0.2555421189038415,0.6483011907869104
1713471924.5309124,1.3424890458031369,1.4992323331329809,0.1252833864793802,0.2590493035727778,-0.6692359287715512,0.2567999522231632,0.6473565590135927
1713471924.6716373,1.3472999076456569,1.5034601722654306,0.1271390697304861,0.2595984897001198,-0.6697387980326792,0.2553687025893517,0.6471826575959758
1713471924.8102722,1.3520658475868257,1.5076717459617712,0.1271470948387229,0.2574653562096216,-0.6701237033247495,0.2573134969539937,0.6468659651577622
1713471924.9509492,1.3567463425370911,1.5122522370743263,0.1268356762914105,0.2549391952510855,-0.670015522610449,0.2591113228131912,0.6472607886901338
1713471925.096696,1.361106131566861,1.516679729637974,0.1266492219019271,0.2529461838053032,-0.6692526457636396,0.2602159556444522,0.6483878319838726
1713471925.2405508,1.3651678406574197,1.5212872820038257,0.1281400960292146,0.2533201191024705,-0.6681436768121111,0.25763481013536,0.65041313716777
1713471925.3789723,1.369012980554689,1.5235166112619274,0.1259725501649487,0.2557077662283281,-0.6706156528711993,0.256742699171455,0.6472799787084487
1713471925.5214684,1.3735764814847489,1.5242737057195332,0.1224234431737473,0.2591183873752656,-0.6737039503159875,0.2579621566755427,0.6422119388301482
1713471925.6736164,1.375067154360506,1.527040195468753,0.1239771188715901,0.2621759817258123,-0.6716510765108025,0.2551419009464021,0.6442446712309254
1713471925.8193488,1.376581895402563,1.5310224409314082,0.1242506007086876,0.2641967297601258,-0.667262996646576,0.2536671679878982,0.6485469521748491
1713471925.9597418,1.3800124586911169,1.5356589030547816,0.1248955194891572,0.2614238255683806,-0.6623437314297901,0.2556731149876103,0.6539033744624563
1713471926.1112423,1.3824289502912306,1.5415856554234248,0.1243848983399568,0.2618829481946067,-0.6579399630377377,0.2534707882307537,0.6590029483974118
1713471926.259704,1.3844887757941975,1.544473417145483,0.1247577101024404,0.2702163600429739,-0.6594487513786296,0.2438736362042563,0.6577507982775896
1713471926.404967,1.384885937467356,1.5476965412080217,0.1240905814533283,0.2744343030044501,-0.6591841013837981,0.2363858345002495,0.6590021783461092
1713471926.5525038,1.3840052435972063,1.5520785115324465,0.1228112599472671,0.2750977814338489,-0.6589638791345517,0.2288748865853642,0.6615920970935604
1713471926.696164,1.383382081557448,1.5571299787734818,0.120979261969732,0.2727504431330734,-0.6559804314601718,0.2250035151269108,0.6668360274404593
1713471926.841362,1.3829299180114851,1.562280570699278,0.1187270410393624,0.2688906832344878,-0.6519195818220898,0.2225140779677647,0.6731910162894017
1713471926.9873228,1.3819829264507515,1.56765589327315,0.1162331517189441,0.264468498086662,-0.6480551844515863,0.2198392840793698,0.6795230537668874
1713471927.131492,1.381256118413342,1.5723934913595603,0.1138065233392256,0.2600541259500709,-0.6438805952143781,0.2179438814203402,0.6857770010974119
1713471927.2479565,1.3811914128238554,1.576734949308994,0.1123623819623181,0.2545849655816852,-0.639725313506388,0.2181449922283695,0.6916290775586365
1713471927.3586287,1.3845042404019556,1.5791089371528269,0.1127090066320909,0.2507867408138092,-0.6389380911650847,0.2171006789708855,0.6940687440597552
1713471927.4698968,1.3882367775983828,1.580918026237722,0.1140978415537558,0.2471724600563306,-0.6398283359925612,0.2158213274161621,0.6949436164776375
1713471927.585808,1.3922735965818664,1.583448860222482,0.1160723291423892,0.243777037457694,-0.6416059000261127,0.2150484536323019,0.694743684858227
1713471927.705684,1.396172935817847,1.586220316476901,0.1181604624822696,0.2403342714079851,-0.6437932584510384,0.2143058744807069,0.6941488821015611
1713471927.8264792,1.3999109575705326,1.589083266396957,0.120147779794195,0.2368328031917557,-0.6460818135830321,0.2135656312360592,0.6934538446388044
1713471927.9437406,1.403494378515015,1.5919033871545007,0.1219067460109102,0.2331923063836302,-0.6483630840428792,0.212737979049788,0.6928125372448897
1713471928.062153,1.406997624057869,1.5948423386261867,0.1234495496623745,0.2295203264959613,-0.6505961794880595,0.2118056219903647,0.6922307487059519
1713471928.177421,1.4105674464417193,1.5978458009849492,0.1248849543954859,0.2260541299450536,-0.6526505706018532,0.2109643940217011,0.691694143016201
1713471928.3011904,1.4141186554988765,1.6009549543807655,0.1261682710489153,0.2226748396470347,-0.6545315458915087,0.2101984532308476,0.6912459630843412
1713471928.4151275,1.4177126323292155,1.6039370103217705,0.125959356102219,0.2187807168057478,-0.658847049396728,0.2107460669027967,0.6882162877614788
1713471928.537015,1.4204402702165084,1.6066963414330315,0.1255989338654261,0.2155828023999127,-0.6647602255101387,0.2113906472870814,0.6833241486503011
1713471928.6588726,1.4237977105750763,1.609832309624231,0.1257280226402705,0.2123183833983046,-0.6675291450552538,0.2114353279925526,0.6816310194303179
1713471928.7771175,1.4273900948608018,1.6131577994412707,0.1262172252003592,0.2089064057678555,-0.6690218684116395,0.2108971321478739,0.68138847426997
1713471928.889868,1.430869376440242,1.616407779131973,0.1268508606329727,0.2061539650353312,-0.6700654574445304,0.2099579418705298,0.6814913705142237
1713471928.9969966,1.4343899397785889,1.61961691852609,0.1274467091080861,0.2035052302714922,-0.6707457104163275,0.208973279267755,0.6819208031452948
1713471929.107878,1.4380858435157462,1.6228390799963448,0.127694539693848,0.2011365671300859,-0.6708878801887699,0.2080706924698369,0.6827591965796329
1713471929.2164211,1.4419180469293709,1.625559513145823,0.1279097237016445,0.198613620691531,-0.6707811806725023,0.2077026532194346,0.6837140083229333
1713471929.3373082,1.44578879189736,1.62810484771034,0.1278566275693547,0.1960361936285465,-0.6706041823091521,0.2071456568422745,0.6847996190919555
1713471929.4485188,1.4500413559563676,1.6304457296492345,0.1272681840118006,0.194122657393019,-0.6697276096264398,0.2065728253668701,0.6863737980216584
1713471929.5583117,1.4549405077467972,1.6325520964828422,0.1270372367776378,0.1924230793316182,-0.6684131897097079,0.2074147479200666,0.6878781059954499
1713471929.6811495,1.459693068989931,1.634784828892706,0.1260609756018616,0.1911424775560227,-0.667713961509194,0.2077878114346261,0.6888010193798005
1713471929.7917902,1.4644251999198614,1.636936353700051,0.1254284171372258,0.1894330431508909,-0.6675020443234178,0.2091220243391826,0.6890748304233244
1713471929.903786,1.4688662667611962,1.6392605218724217,0.1243722681819993,0.1879154794527959,-0.6685239636726704,0.2105475780447069,0.6880648224963373
1713471930.0176554,1.4723126670009463,1.6396657435758857,0.1238424377376252,0.1820199312859649,-0.6693903151063418,0.2142286906047385,0.6876710105699267
1713471930.131395,1.4759996470341283,1.637567995993016,0.1216112354073469,0.1735811258181001,-0.6675091344940967,0.2189492153674875,0.6901901109235228
1713471930.2421963,1.4806037009763895,1.636115805749324,0.1142615210770277,0.1741667440481334,-0.6678929858706111,0.2173357145411757,0.6901812022051806
1713471930.365332,1.48707647646539,1.63540274989413,0.1121995772915705,0.1676211365044281,-0.6561679551802365,0.2209306700528923,0.7018093816853199
1713471930.4863546,1.495349473536927,1.6375957451327845,0.1111047214140417,0.166701283090191,-0.6383279251609764,0.2207237918619615,0.7183516895517434
1713471930.6104126,1.504098823692758,1.6389226578436509,0.1097025127171419,0.1696640723054117,-0.6138185565604038,0.2149513015944961,0.7404301588493531
1713471930.735109,1.5149456307242848,1.6409672313133068,0.1090522282873945,0.1712656977395807,-0.5820983679077094,0.2119282147160847,0.7661044202092874
1713471930.8635716,1.5186147730992512,1.6424990447812058,0.1124541341447903,0.1724676738611052,-0.5836694522636521,0.2132088849718314,0.7642819135216116
1713471930.9908206,1.5176395513087393,1.6441627388394655,0.1135016686423547,0.1684681285794298,-0.5948694408991535,0.2208250169052722,0.7543110431685722
1713471931.1241958,1.5165367070402216,1.6432301363301498,0.1100660166167621,0.1660399183563279,-0.6150719059620041,0.2289588994854715,0.7359994010560698
1713471931.2574997,1.5149660738361994,1.6413620612326905,0.1084382317775689,0.155963483169481,-0.635434133303851,0.2395424395671203,0.7172992916462828
1713471931.3884132,1.5151060035931043,1.643516340085382,0.1137221469209475,0.1539615319663063,-0.6497382727158115,0.2429265874509527,0.7036495553557158
1713471931.5127437,1.516628259499157,1.6466714389687314,0.1180522011570321,0.1539467356921308,-0.66336623781337,0.2446177912398635,0.6902229881045715
1713471931.63631,1.5186092104711553,1.6497434207759163,0.1222957353478942,0.1571073325466202,-0.6742060189543646,0.243368312023,0.6793639634017016
1713471931.7594168,1.5213171774886631,1.6528567817127853,0.1249353323964105,0.1609416672914235,-0.681406393096729,0.2417010075700269,0.6718360887270024
1713471931.881169,1.5255260430479936,1.6555729935779455,0.1290724185071434,0.1635056356626179,-0.6850423334091859,0.2416438075880886,0.6675261633810258
1713471932.0056734,1.5297711358160415,1.6582700437611455,0.1325960322554496,0.1661732991709933,-0.6872830330638646,0.2414542032103436,0.6646264626519325
1713471932.13044,1.534365631155509,1.660737543727004,0.1352678350243329,0.1691976250471581,-0.6889730353655572,0.2412666662650757,0.662177254190227
1713471932.2515135,1.5390212966516112,1.6629673505923843,0.1372697372851012,0.1724489642602363,-0.6903894006903061,0.240784641703492,0.6600352918289847
1713471932.3714335,1.5436023359026718,1.6650445471630102,0.1386161447923933,0.1758632038804943,-0.6918035569707719,0.2396742481029201,0.6580548813585197
1713471932.483769,1.548217047741412,1.666854107789,0.1393669747983895,0.1798730921742202,-0.6935089490894314,0.2382558357258585,0.6556867887849577
1713471932.5943353,1.552813202982604,1.6684076005750863,0.1397410292439495,0.1844657514073994,-0.6960789815866477,0.236591092066337,0.6522814523699545
1713471932.7043276,1.5579197289028972,1.669944797278931,0.1388824213135719,0.1892777241509938,-0.696150655839503,0.2342214214052095,0.6516813126593193
1713471932.8158066,1.5631728736917976,1.6716726282452252,0.1377526298695505,0.193487086538272,-0.6949881372974966,0.2320706678114577,0.6524549344592555
1713471932.9274876,1.5685598271356895,1.673495159350431,0.1366634606928301,0.1968434127341755,-0.6930857459476707,0.2303392056645528,0.6540861334420314
1713471933.0396788,1.5743932176436313,1.6761247422811263,0.1367602056755049,0.200290090474787,-0.6928283476172721,0.2305640673046168,0.6532327083539787
1713471933.1523843,1.5795607862611718,1.6787688678873456,0.1374826869841948,0.2025813429108408,-0.6932701031538534,0.2310684640816183,0.6518778478246118
1713471933.264566,1.58448478028343,1.681295363664363,0.1385333342000247,0.2042694005082535,-0.6942398837166017,0.2318299650529386,0.6500460469664525
1713471933.381517,1.589401732703831,1.6839861896420294,0.1396757759038987,0.2056982114131,-0.6952147602628876,0.2329401267989515,0.6481539788205852
1713471933.4910898,1.594438598454856,1.6870111270165904,0.1410157300307187,0.2066626708376873,-0.6964399336597721,0.2340781895534959,0.6461186891443116
1713471933.6007364,1.5993732510512708,1.6898184474128009,0.1422535078432823,0.2078160749289223,-0.6973852089492316,0.2355441846540213,0.6441935162788007
1713471933.717586,1.6045645087961948,1.693090321476919,0.1432062966464498,0.2081904591682588,-0.697927345774605,0.2365956470834808,0.6430992555682782
1713471933.836038,1.6094068250581317,1.6961804519882724,0.1442661033557914,0.2089577451612878,-0.6986938610591025,0.238087247520703,0.6414655188109877
1713471933.958966,1.6146594252402409,1.699562719850443,0.1448732057177693,0.2089012507313975,-0.699546945836811,0.2395970905569081,0.6399902907153454
1713471934.0804403,1.6192103613958968,1.7028676420492452,0.1458347677725758,0.2094384505454699,-0.7000673453374521,0.2402744619343247,0.6389909470152579
1713471934.1956904,1.624129697964249,1.705806367648344,0.1463002468045805,0.2096921987620445,-0.700816591922459,0.241387614411203,0.6376655125325479
1713471934.3107066,1.6289442691767888,1.709195474575168,0.1468878627588996,0.2098310196787062,-0.7016052513426476,0.2415678889647644,0.6366835709283868
1713471934.4297545,1.6338681562401842,1.7119487580710715,0.1473558984505578,0.208156657108173,-0.7021759564079432,0.2427477871798871,0.6361550472671023
1713471934.5465937,1.6350170118832426,1.7174958808434166,0.1491830565576881,0.2036003262037272,-0.6956314670151523,0.2474607016435805,0.6429673167511314
1713471934.6650765,1.6364477939589053,1.7237728120257054,0.1504919092717636,0.2025182501470127,-0.6908686158964864,0.2509423781860452,0.6470817852149735
1713471934.7861593,1.639422637106276,1.727999857268253,0.1508588951544633,0.2028631871533424,-0.6874386648162356,0.2515307344860557,0.6503898054417557
1713471934.8991096,1.6422665170803628,1.7321487773800983,0.1521694746563472,0.2019528862792612,-0.684733562759332,0.2529749748348601,0.6529614397969375
1713471935.0060506,1.6455986551077169,1.7369902969480775,0.1525833956266875,0.1987256498326723,-0.6795824811926277,0.2560150467250371,0.6581276952119788
1713471935.126419,1.6504606584502022,1.7436762603480769,0.1523819226002493,0.1880494712135916,-0.6685893191195913,0.2647508438795298,0.6689788557200944
1713471935.2562852,1.655980004166809,1.7520485395244625,0.1508707726851396,0.1719078257039073,-0.6523323515220345,0.2773681580996872,0.6840885231400062
1713471935.384236,1.6625147077761964,1.7623543890711488,0.1480188448463666,0.1510339492064432,-0.6303390061823548,0.2944347634699473,0.7022603886967733
1713471935.515205,1.6691950739874215,1.774379592501708,0.143240500776878,0.123508144264879,-0.601003912927841,0.3159565579589797,0.7236791336140512
1713471935.6433623,1.6736161572438353,1.7770045095666571,0.1414357608256064,0.130528535010629,-0.6015097212585546,0.3128705928001054,0.7233673678984598
1713471935.7690234,1.6752675139632212,1.7771046159062915,0.1436159593974386,0.1413303164069117,-0.6119976327102838,0.3047993677850112,0.7159483114158369
1713471935.89722,1.676276737403205,1.778249564974042,0.1469574875519424,0.1467284623553381,-0.6225568141709477,0.2963757561705664,0.7092638314608207
1713471936.0193915,1.6776235399067212,1.7790421583209124,0.1492462951342127,0.1545556000073766,-0.6334174638235894,0.2850566020665245,0.7025934931722175
1713471936.1473598,1.680736345947358,1.7783682536851002,0.1456388498821421,0.1689119599244101,-0.6428761193127065,0.2709055443738665,0.69626807412047
1713471936.263703,1.6847826654142466,1.7757201129417703,0.1431086294401115,0.1774355374292785,-0.6534419440437691,0.2584434617946147,0.6890117799262204
1713471936.3883016,1.689297304773277,1.7741100871811315,0.1434383722508507,0.1797720971116477,-0.6630255136120761,0.2539796978340545,0.680862302149007
1713471936.5187435,1.6944054093644798,1.7731801527701716,0.1420005426225068,0.1832732402491816,-0.6713649102962489,0.2490118439966328,0.6735526543492142
1713471936.6313329,1.699019841208821,1.7746793183050364,0.1413964436712857,0.1837675076861866,-0.6791400299512552,0.2472939734595053,0.6662161912826985
1713471936.7545252,1.703630848343568,1.776171309114281,0.1405475810303215,0.1829705719788868,-0.6863679181237259,0.2462801021094599,0.6593686086440387
1713471936.8677404,1.7075871513432272,1.7781202941782752,0.1407441003931447,0.1813037238200945,-0.6902831804437365,0.2440380996692351,0.6565694909415724
1713471936.9848008,1.7111735755208493,1.78002037218768,0.1412080496944473,0.1791066184773803,-0.6924435389678701,0.2411985254867344,0.6559466715078863
1713471937.0927289,1.7144066349256288,1.7820010739703336,0.1419370999309544,0.1761644478258698,-0.6938591834361983,0.2383228580337272,0.6562985115190302
1713471937.212892,1.7174340196131528,1.783869599349612,0.1424673734892557,0.1728792462923929,-0.6953683408078254,0.2354533314626967,0.6566105127902414
1713471937.3238976,1.719413122370494,1.7852922055498697,0.1417562943084371,0.1673378803558117,-0.6934543616018615,0.2333287650038382,0.6608152310556732
1713471937.4480598,1.721568218029281,1.787279019694551,0.1403114554721548,0.1616594344512259,-0.690807188758479,0.232179755114914,0.6653902738448282
1713471937.569084,1.72400953139686,1.7903040486149888,0.1386177896820782,0.1563671139135082,-0.687833379054917,0.2316050656605952,0.6699206385122093
1713471937.6869502,1.726356997780249,1.7918603954124608,0.1380751532077033,0.1523105727152648,-0.6875653722319462,0.2279737390415409,0.6723714171900176
1713471937.8105056,1.7293744567011482,1.7938773391722365,0.1380950328937195,0.1495931548701597,-0.688281388898934,0.2240981185160939,0.673550778329959
1713471937.9270082,1.7334821920135322,1.7962876733723512,0.1385659772866041,0.1481344605569375,-0.6890253483253206,0.2208619422822208,0.6741811725434053
1713471938.0422423,1.7377225236255764,1.7991059587948286,0.1391252108968041,0.1469192918388998,-0.690122493090069,0.2176765906951541,0.6743608589472244
1713471938.16076,1.742039704318475,1.8021078764876295,0.1395282240493005,0.1458425556049231,-0.6911691636857082,0.2146741633839742,0.6744850922889358
1713471938.2840858,1.7461029198012463,1.805111025692149,0.139689937249912,0.1446350479494274,-0.6921433411179363,0.2116791180524903,0.674692707261081
1713471938.3996446,1.7501975154401763,1.808100999252197,0.1397722747483734,0.1434913046175253,-0.6932458057110454,0.2087799885959413,0.6747083923630138
1713471938.5155995,1.7542663347784684,1.8111945230787232,0.1396591431892098,0.1424834665555919,-0.6937898981822157,0.2058583659861589,0.6752602254628367
1713471938.6361637,1.7581588998092856,1.814133914322132,0.1395000632601832,0.1412002748784818,-0.6943088288258558,0.2030420068197957,0.6758488559251247
1713471938.7560403,1.761834288194204,1.817167742397104,0.1387581690463027,0.1403680398411251,-0.6956084616924054,0.1998892743032497,0.6756256059620639
1713471938.8772476,1.7651693624789722,1.8200995994619429,0.1384119825468362,0.1387971951472744,-0.6982301379941245,0.1981363365771797,0.6737596048619492
1713471938.9843276,1.767661455207057,1.8232207900817836,0.1365840592276408,0.1378616869467804,-0.7035006110792159,0.1953757986388673,0.669260295243624
1713471939.0980585,1.769790274821035,1.825832728743576,0.1332221850454148,0.1383614279088931,-0.7091748113477345,0.1909438641024563,0.6644303146143621
1713471939.2115746,1.77172362284811,1.8280753463261985,0.129250868311384,0.1389081463398425,-0.7148768107740137,0.1861091923977429,0.6595597325512408
1713471939.3315468,1.7735374274862858,1.8297143324694616,0.1255411230151796,0.1382437167687874,-0.7204657998701288,0.1818529514502063,0.6547879122588443
1713471939.4558375,1.7746423782616434,1.831939900880253,0.12723609127467,0.1309829293349841,-0.7278577941405616,0.1859638517626635,0.6469033541181068
1713471939.5688558,1.7764394225538729,1.8337287302932073,0.1277097017857186,0.1245044649113774,-0.7344465734475059,0.1898786948440415,0.6395568389226031
1713471939.680303,1.7788719560545403,1.8346112659328229,0.1277637568359913,0.1178559509191652,-0.7394116358398308,0.1939918241826147,0.6338356094192772
1713471939.7965872,1.7810963127680497,1.8361637749489077,0.1279004853757416,0.1117583133922225,-0.7444023909431041,0.1969987804029895,0.6281453973927141
1713471939.915525,1.783466912453697,1.8380229452308432,0.1280858678923561,0.1060639902379501,-0.7493382943097741,0.1998713906881753,0.6223294769172494
1713471940.0560527,1.7859560547992834,1.8396650195284665,0.1281984458028606,0.1000609867536467,-0.7538330435882578,0.2028744904536067,0.6168998966181952
1713471940.1959264,1.7887384859318254,1.8412370326728649,0.1283595488094982,0.0941388600508067,-0.7577275982240932,0.2059723403200544,0.6120148339223175
1713471940.3103044,1.7914693285780372,1.8432080219881295,0.1288298191534441,0.0920095537521409,-0.7566818793611229,0.2079382836057471,0.6129669205397197
1713471940.4394417,1.79453938380528,1.8475179137410256,0.1285017772166146,0.0946560500508609,-0.74212584080056,0.2014708435216343,0.6322175004027587
1713471940.5792525,1.79959343402306,1.851739956621289,0.1259461600589246,0.0959001679672579,-0.7201318524775377,0.1900736801539456,0.6603675256581422
1713471940.7065616,1.8010323459607822,1.8584183204814848,0.1297466357116617,0.0960982628470492,-0.7281813607681704,0.1890574594700022,0.6517471186943167
1713471940.832266,1.8033545888932747,1.8641028228738308,0.1324296216963704,0.0961082581016608,-0.7330286267385114,0.1884249305728573,0.6464737277300064
1713471940.950806,1.807130731321392,1.867210620280541,0.1352766840701612,0.0984521542477483,-0.7328498838469847,0.1863732548178801,0.6469182567821288
1713471941.0722132,1.812979143892537,1.8681980546445032,0.1360333977071463,0.1012572016804597,-0.7245254760554594,0.1821448662867787,0.6569878700096558
1713471941.194168,1.8173668691740736,1.86884477951183,0.1372348882852375,0.1050429982411214,-0.7266123425629534,0.179905884953472,0.6547017219427496
1713471941.3109226,1.8216379365030169,1.8687520706348832,0.1376243330510065,0.1092826059669446,-0.7290628788447505,0.1765926860604175,0.6521806911843105
1713471941.424626,1.8255660173559705,1.8682871792721232,0.1375194240755059,0.1132776059656915,-0.7308675254893872,0.1726041000955799,0.650544901449467
1713471941.5426211,1.8297732032332863,1.867683740937861,0.1369483578017035,0.1176748291193471,-0.7321735599581342,0.1685328838968355,0.6493621329700254
1713471941.6682951,1.834216953183705,1.8670622602108131,0.1360443608240507,0.1223698878081347,-0.7332635980466584,0.1644658865494112,0.6483063153317339
1713471941.781843,1.838503577108467,1.8674154847451676,0.1372111904052469,0.1250467596437456,-0.7346806457161378,0.1634408443257837,0.6464477914872889
1713471941.905519,1.8427224357859429,1.8680089273218896,0.1392778981703238,0.12647875011374,-0.7360711997601785,0.1637451695401919,0.6445074352600839
1713471942.026332,1.84698142506132,1.8686017822679553,0.1415074394243373,0.1273679876793513,-0.7378614645677485,0.1640933399226853,0.6421925183412431
1713471942.1367545,1.851537060156849,1.8694727202517,0.1437404311573292,0.1282858664148424,-0.7393120231273437,0.1649075776104971,0.6401296429506956
1713471942.252332,1.856159970635076,1.8704075994674945,0.14573710979906,0.129602718119092,-0.7409709881855842,0.165721120982981,0.6377316364926289
1713471942.3687966,1.86060540819558,1.8712361112749465,0.1478610607830957,0.1303103000808501,-0.7421091434596196,0.1668951650904389,0.6359553826770425
1713471942.4920506,1.8653056853368564,1.8721652456881075,0.1497568179778874,0.1305649296947476,-0.7430435976985625,0.1674942609924216,0.6346531994621827
1713471942.6168013,1.8701194180372591,1.873052356705012,0.1514960032616296,0.1309641628776428,-0.743893611475095,0.1682322221588893,0.633378719468677
1713471942.728332,1.874996917585948,1.8740253614176343,0.1532423204568281,0.1312062552037353,-0.7448968253295423,0.169091329399027,0.6319191091678203
1713471942.8379042,1.879931213830339,1.875269156513479,0.1547557396400586,0.1316180723542807,-0.7459015546330902,0.1698288889326429,0.6304488102214062
1713471942.9445755,1.8849233552576936,1.876558179565729,0.1560396196871437,0.1320039492415357,-0.7466989397879893,0.1704201747915676,0.6292635494990492
1713471943.0533128,1.8899498155187235,1.8779240744820536,0.1572211183840886,0.1321966831480208,-0.7473053723756664,0.171032387968057,0.6283364064329494
1713471943.1657116,1.8950148880131588,1.879292108872897,0.1584480707930719,0.1323951518265373,-0.7483674481867825,0.1716380523033504,0.6268636735915906
1713471943.2840395,1.9007167689255025,1.8790389188120853,0.1580504034530722,0.1289970166515896,-0.7493392473723892,0.1751426447825899,0.6254402577552314
1713471943.3980274,1.907061643785076,1.8782473887360895,0.1568912447912603,0.1238488379206455,-0.7505723369597423,0.1792505780130706,0.6238364069357261
1713471943.514264,1.9139640738777737,1.876719037458803,0.1517049801125064,0.1184025112514185,-0.7462351974103548,0.1809244302517186,0.6295873458173835
1713471943.644711,1.923562841613112,1.8744151887468483,0.1392901839082194,0.1154096447855921,-0.7283579737367456,0.174179046224065,0.6525618253016651
1713471943.7811122,1.9280733538795367,1.8770475144425367,0.1445652872105879,0.1152015893987684,-0.7380064185438641,0.1778905045218815,0.6406481783233346
1713471943.906291,1.9289137431538512,1.8801123802749296,0.1485372569289693,0.1207607044605729,-0.7475711088218111,0.1741572567575119,0.6294628975815908
1713471944.0306177,1.931982715054904,1.8815367199465889,0.1481515589813267,0.12617304906395,-0.7522327487860178,0.1684031250604711,0.6243930179090774
1713471944.1512537,1.935610984398072,1.8835181809835475,0.1479596027281554,0.1317977976555609,-0.7568877186338293,0.1631723085859119,0.6189710167892879
1713471944.285056,1.939494063332596,1.8853887790520265,0.1461732770883937,0.1377398991959078,-0.7601323602330327,0.1577795356110156,0.6150870940268806
1713471944.4050355,1.942487903395336,1.886372264627737,0.1402081125515731,0.1419832685489901,-0.7590510011328165,0.1551351377821157,0.616129384266599
1713471944.5235925,1.9476045850527923,1.885859950869594,0.137067454431965,0.1429853770604218,-0.7629976801578365,0.1569487168415255,0.6105381415623823
1713471944.6389558,1.950107174841153,1.888435303344228,0.1383320013650291,0.1416512010478045,-0.7603091714509513,0.1614920910555877,0.6130132181085302
1713471944.7534325,1.9512157946906368,1.8951807339829587,0.1429615831761164,0.1377830970384629,-0.7520053426543746,0.1665787333532895,0.6227000147616667
1713471944.884812,1.9552682962900256,1.9021145148785483,0.1454097759649893,0.1269421949087528,-0.7378068392546738,0.1754573672568648,0.6393289132958605
1713471945.0198376,1.9619291035438695,1.909641294309031,0.1443989534656761,0.1096527590514815,-0.7150381904476303,0.1877921000801813,0.6644025780964816
1713471945.1579623,1.9705258579541665,1.917741801587611,0.1408785985203441,0.0858306874205585,-0.6836450901297081,0.2033018974918617,0.6956513654947185
1713471945.287983,1.9721371958326244,1.9209325211185664,0.1455796578951983,0.0925510627684311,-0.6922263794364248,0.2002167068729534,0.6871464259397139
1713471945.4197516,1.9730888152822512,1.923112770566526,0.1505066289609063,0.0960592379462478,-0.6998571039544171,0.1967715813728727,0.679892345606083
1713471945.5454123,1.9755162368188488,1.9260384761987652,0.154185394215575,0.0985551859768562,-0.7042055758751005,0.1950117431891071,0.6755381575024695
1713471945.6620717,1.97730124350617,1.9284934588228513,0.1574316226303464,0.0990732826304423,-0.7072315998570234,0.1931124319317396,0.6728413910171647
1713471945.7755077,1.9798966412849652,1.9314170536196016,0.1599814870971774,0.0993853755266245,-0.7089953795423926,0.1920336847893375,0.6712459778838158
1713471945.8869193,1.982359403662636,1.9341042798822472,0.1623380429700657,0.099336474611377,-0.7105973899154124,0.1909420346856419,0.6698692063733738
1713471946.004948,1.985328629511456,1.9371158518595035,0.1640599425222098,0.0987583170869346,-0.7112230731540616,0.1902615617158009,0.6694841843934128
1713471946.118889,1.988662817743931,1.939986077147584,0.1654770617573592,0.097992635460018,-0.7115625489674344,0.1896693770838863,0.6694039958793031
1713471946.2331958,1.9921350868861771,1.9429892276150276,0.1665593029085568,0.0971435584151583,-0.7116249293000992,0.1892229125736269,0.6695877675213482
1713471946.343902,1.9956913274187345,1.9464448321968175,0.166446554515245,0.0948800397448461,-0.7094886457795351,0.1899521703788084,0.6719686097849498
1713471946.46002,1.9997589463540808,1.950125872607353,0.1657373214428054,0.0921304638493046,-0.7063197963469452,0.1913421694416299,0.6752869738953156
1713471946.5743198,2.0039178785089806,1.9537564970716093,0.1647713903088838,0.089344345184163,-0.703139208553151,0.192516810278372,0.6786384303435099
1713471946.686036,2.0083063715722127,1.9566780061890416,0.1646562067196557,0.087954107007737,-0.7027215637711641,0.1919808484974795,0.6794040275724521
1713471946.8021705,2.012445987947321,1.959423685549272,0.1648259860322225,0.0873161278302552,-0.7034028125845464,0.1908859712660538,0.6790897753925437
1713471946.9153032,2.0165004924958256,1.9621058330536283,0.1651010253876048,0.0870337260248308,-0.70468718449952,0.1894172572656324,0.6782051350338919
1713471947.0367458,2.0204611246041693,1.964678764125529,0.1653374078299589,0.0866936389874577,-0.7061831751398073,0.1877457887525752,0.6771565955628328
1713471947.144718,2.024254712540369,1.9676154701664916,0.1657619459777189,0.0861837385298814,-0.7079250498091098,0.1862752077508767,0.6758076901331844
1713471947.2620964,2.028554854112957,1.96991290968148,0.165047405827331,0.0854803540120244,-0.7131242507888009,0.1859407336467849,0.6705020175851716
1713471947.374305,2.032505484222453,1.9721378811519257,0.1638393262780479,0.0844439449114998,-0.7194578719201461,0.1861068031154677,0.6637875025443452
1713471947.4850848,2.036338036716853,1.9747780897409424,0.1624835917657132,0.0832087763558578,-0.7259401360428474,0.186314554345126,0.6567907621599364
1713471947.5937057,2.040241411330716,1.977438506949746,0.1622733335999729,0.0821236840309975,-0.7291804082814964,0.1843275507633764,0.6538921828017078
1713471947.7060585,2.043624802717152,1.9797738349143508,0.1625484577819684,0.0805746833060375,-0.7306975650749484,0.1815278037416153,0.653174130896516
1713471947.8069634,2.0467911268945587,1.9819686741275164,0.1625540116494929,0.0801238624522118,-0.7308848032094035,0.1780528241470771,0.653976118001675
1713471947.9130614,2.049147114758563,1.984098316423392,0.1633155085447602,0.078400918613449,-0.7311936607932938,0.174842958887243,0.654705327688589
1713471948.018671,2.05128652808858,1.9860655170336416,0.1637040729223362,0.0767268865456265,-0.731267086792839,0.171002635829748,0.6558349877780292
1713471948.1219294,2.0536637926729,1.9878152534473128,0.1632688403503901,0.0760431396342858,-0.7309947858873816,0.1663837834658764,0.65740436606369
1713471948.2344215,2.0557058773096144,1.990150165690202,0.1638423513168078,0.0735199878117701,-0.7309941754052861,0.1633189149201966,0.6584597625861375
1713471948.3472743,2.058322657079606,1.9924577079779224,0.1619027122508782,0.0734698316420905,-0.7302122948302708,0.1574306810940806,0.6607630202784102
1713471948.4604738,2.0610887901576556,1.996359262035563,0.1584509804213238,0.0766915767959574,-0.7287376734383603,0.1533725903612265,0.6629756058001555
1713471948.5720756,2.0626853911181726,2.001166596523451,0.1538207122365325,0.0808683754234515,-0.7280369854520112,0.1506042370004068,0.6638831353994805
1713471948.67958,2.0618700100948906,2.0059298925601974,0.1480687886756909,0.0831327444154801,-0.7296125923667797,0.1467661826620848,0.6627322985131912
1713471948.7914555,2.059299618817879,2.011166798213436,0.1415009300127415,0.0850594997151394,-0.731906781635354,0.1428193483712457,0.6608176588403197
1713471948.89838,2.0580082052437696,2.015177898629081,0.1373756778497167,0.0843176252144132,-0.7356872717393004,0.1431718933085351,0.6566251481975359
1713471949.011801,2.058639914734131,2.0166356766790505,0.1367650050276563,0.0777974642931461,-0.7417749756546445,0.1459671421857059,0.6499315605848407
1713471949.1352146,2.0600583968665167,2.017255827506757,0.1381146924023646,0.0676093294713365,-0.7471621068845723,0.1531709131990655,0.6432079259104381
1713471949.2566984,2.061887014101438,2.017655614452712,0.1384922731690666,0.0595021733250486,-0.752088552997207,0.159304383748591,0.6367451712723424
1713471949.3687484,2.0644793837816753,2.0182442183198717,0.1387034356209564,0.0527338183659486,-0.7560216981510839,0.1646641232838426,0.6312971272138518
1713471949.4878972,2.067352526602533,2.018539713574923,0.1383731173984841,0.0460956538467234,-0.7589281039054236,0.1697225485710584,0.6269749439216104
1713471949.6097684,2.069371639171566,2.019403038686721,0.137445268226248,0.041090903307476,-0.7602217941442637,0.1752712308672065,0.6242230026230585
1713471949.7296455,2.0720448286620057,2.020749379674955,0.1383482038053493,0.0404513646009435,-0.7580971107482706,0.1767070562631585,0.6264400003542678
1713471949.8447945,2.0772520748134875,2.0253861167860774,0.1399025380009985,0.0463736495441207,-0.7455484228742786,0.1695481801102917,0.642853364616631
1713471949.9707236,2.0858537250983495,2.0264095046838757,0.1395717032652757,0.0520879947093398,-0.7229423312614992,0.1592917530871315,0.6702740960799374
1713471950.095883,2.0900947980549947,2.027674090878744,0.1435802072374067,0.0540040015431007,-0.7265818975302335,0.1604042730365588,0.6659074884624075
1713471950.2086613,2.091930093182214,2.0283668346130463,0.1475945036961803,0.0536815348721467,-0.7338365409200965,0.1607524772495897,0.6578456240504443
1713471950.324751,2.0950347335551633,2.028853683306563,0.1508110937280139,0.0543671013039353,-0.7370474182459682,0.160599692425774,0.6542270709360071
1713471950.4454036,2.0986962334645898,2.0291690521418757,0.1536237890397143,0.0549237916784602,-0.7390939338186076,0.1598689646081202,0.6520471211924215
1713471950.568722,2.1026006392099768,2.029347837871722,0.1560595346309932,0.0556616089020352,-0.7402445840468571,0.1590527083529879,0.6508778510975097
1713471950.687362,2.1066130408878867,2.0294451795126545,0.1581643679064229,0.0564685136020463,-0.74084917625697,0.158075677609278,0.6503582744605563
1713471950.8034315,2.111063698222431,2.028806302406867,0.1591829289820854,0.0573323062614193,-0.7385216158931035,0.1554414567490347,0.6535570235573359
1713471950.9284024,2.115907217063394,2.027909873718837,0.1596538808954009,0.0583181048125212,-0.7352241793443798,0.1524959816948754,0.6578672968960956
1713471951.041444,2.120529607433358,2.026749404128558,0.1585370419001763,0.0608242253924424,-0.734228039630981,0.14776895376492,0.6598287169624227
1713471951.171882,2.1248996500427033,2.025171276043382,0.1567726733799228,0.064508259258008,-0.7342043409621791,0.142908744414231,0.6605753257348794
1713471951.3112688,2.128820236318126,2.0239266305437074,0.1559115014180818,0.0681007917377497,-0.7375552345936313,0.1395600981107127,0.6571891182175443
1713471951.4409957,2.1328622606394063,2.0227744689994687,0.1555722368511761,0.0717061220587133,-0.7420350483650836,0.1374179141189904,0.6521951670599184
1713471951.5765486,2.137410731848545,2.0225027569515412,0.1565607235138518,0.0734431102900737,-0.7447064302483827,0.1371947026961872,0.6489961909362302
1713471951.7109962,2.142409425268867,2.022499086769602,0.1581574660679269,0.0744925440410113,-0.7462677956600718,0.1382458974459461,0.646856483218898
1713471951.8484569,2.147490667034448,2.022810596495254,0.1598603430959533,0.0750828449151791,-0.7474058950364392,0.1395183822975604,0.6451988960508955
1713471951.9821503,2.152609913670416,2.0233092336371783,0.1615378930919918,0.0753708937475722,-0.7482892669419232,0.1405023162594069,0.6439266266283397
1713471952.1131926,2.157767426608942,2.023892927418617,0.1630979747536196,0.0755687274499271,-0.7488763744307925,0.1415355439905898,0.6429939603435463
1713471952.2431672,2.163012436662782,2.024628164801249,0.1646286843000811,0.0756389486528263,-0.7494398830879433,0.1426620700450876,0.6420795471390408
1713471952.375545,2.168200044523601,2.02524621443204,0.1659377165578499,0.0757036405680518,-0.7497580548108913,0.1434796654047703,0.6415180462514418
1713471952.5101345,2.173424876030527,2.0260995322383133,0.1670842851095155,0.0757008879282991,-0.7500789728055612,0.1443077582959105,0.6409572380568227
1713471952.6498294,2.1787417505350533,2.027026890495226,0.1681530800254212,0.0756161596792481,-0.750469037338007,0.1450940029888327,0.6403328436750721
1713471952.7855227,2.1841555582771295,2.028081885502796,0.1691963210289627,0.075361675981663,-0.7510024929606459,0.1459341790370432,0.6395460020584244
1713471952.9216125,2.1901534419192723,2.027482352647352,0.1684068120133388,0.0717901525462288,-0.7513314242624772,0.1495099075731933,0.6387441212649726
1713471953.061382,2.196662798660549,2.026282771700416,0.1669822216259494,0.0663539571457116,-0.7514618375814877,0.153931387981254,0.638128033253456
1713471953.202556,2.203258049462076,2.0252750499874157,0.1651537918548001,0.0606088683238069,-0.7512785631945943,0.1589180762708944,0.6376928183687908
1713471953.3432975,2.209346592808505,2.026338508783579,0.1648816539096698,0.0583116681403892,-0.7513872332050476,0.1603688428834604,0.6374157272670392
1713471953.4770916,2.2148370682570433,2.0279113240192226,0.1648990166898075,0.0590780307013327,-0.7524696527490063,0.159494399018627,0.6362866843349224
1713471953.6162102,2.219472618399605,2.0293864940700304,0.1646830209584504,0.0625990537775827,-0.7559589693978229,0.1561371974449627,0.6326362071737325
1713471953.7637267,2.224245390309852,2.0305620967578046,0.1637550240267085,0.0663699075890526,-0.7604142906674086,0.1526176340151961,0.6277523394643832
1713471953.904024,2.228830786241948,2.031673779404686,0.1628533205985582,0.0708507353848797,-0.7652231669185148,0.1484282906015388,0.6224007717345198
1713471954.0425618,2.2325081325470184,2.0309135246017473,0.1636363832679125,0.0663423578415589,-0.7665368901323766,0.152193365886265,0.6203684929156357
1713471954.1840096,2.23737239081518,2.030592236997753,0.1640414249126339,0.0569222737016662,-0.7600431156814367,0.1612210587463431,0.6269785381323634
1713471954.3480258,2.2417380519815056,2.0373176817842067,0.1645465215254724,0.0451868796650545,-0.7371163928235157,0.1718530085979393,0.6519847488805401
1713471954.499571,2.2486145787133216,2.04481861163117,0.1649852966036004,0.025174583035439,-0.7105751533910045,0.1843818235869967,0.6785665294450323
1713471954.6455038,2.2531201752797756,2.048135412695443,0.1662084174512181,0.0269385459520757,-0.7094277678753911,0.1812651719215892,0.6805361815198108
1713471954.790454,2.254229810759424,2.0504897772405775,0.1705536688868305,0.0330768113635785,-0.7179582211450788,0.1776039394450974,0.6722341540964686
1713471954.9369268,2.255251450727954,2.0529314615206777,0.1746800266637949,0.0386468275868627,-0.7255262967181448,0.1740384751632279,0.6647019066098611
1713471955.0829935,2.2565931266036774,2.055014886714966,0.1780756467931376,0.0453253158030448,-0.7330486179556662,0.1699635025487538,0.6570370973255634
1713471955.2149658,2.2581683258682466,2.0572254780401087,0.1819744472323218,0.049916194624429,-0.7394829722947649,0.1670246588015945,0.6502123272843472
1713471955.3280802,2.2599233556116816,2.059568379335256,0.1854107622351944,0.0537921844727806,-0.7447172367701006,0.164369107384365,0.6445815966073026
1713471955.4424016,2.2621367750486137,2.062076104371123,0.188363245157295,0.0566818873569672,-0.7483667668044497,0.1624813709292316,0.6405732979833487
1713471955.5631027,2.2648748403842034,2.0648457236802185,0.1908549851677826,0.0589926159008542,-0.7507334180629041,0.1613929526119483,0.6378648141416493
1713471955.6778429,2.268077116861011,2.0676813585962255,0.1929555944579679,0.0606378097772127,-0.752128781963466,0.1607634339672642,0.6362236003691066
1713471955.7983575,2.271567611461077,2.0706084522566774,0.194720118160422,0.0618291933807233,-0.7528961937893316,0.1604343284647697,0.6352836362393454
1713471955.9179084,2.275385914770043,2.07363500372094,0.1962042407021416,0.0625683104027895,-0.7532762686220288,0.160151492083036,0.6348319220453477
1713471956.028314,2.2793642524017623,2.076684440552251,0.1974407864004124,0.0627353206964658,-0.7534655610033864,0.1596220298646508,0.6347241412620546
1713471956.1409416,2.283527129062352,2.0797925291307724,0.1984540385476709,0.0627017226600861,-0.7535377855211403,0.1590542492718425,0.6347842511876964
1713471956.254424,2.2878173282224443,2.082853091591173,0.1993362124403241,0.0625540959667957,-0.7536952490274192,0.1583532449671857,0.6347871347779788
1713471956.3641338,2.2924963170133212,2.086050852591274,0.198952781173399,0.0607397859074177,-0.7510827406364144,0.1591297836144946,0.6378582186448786
1713471956.4710343,2.297254016225113,2.0888962112940437,0.1964518299405657,0.0606126372976968,-0.7474640947528247,0.1581795863598939,0.6423416176102644
1713471956.5843186,2.3027165111878083,2.091782859862569,0.1927152683782273,0.0623365595849117,-0.7435041385108883,0.156662041562821,0.6471265363819255
1713471956.690616,2.308201186462827,2.094172460760939,0.1898416238357653,0.0659943779131939,-0.7424140575042381,0.1532920424568664,0.648820205467853
1713471956.802029,2.31349413288262,2.0963185235185904,0.1885998884466791,0.0661608861957055,-0.7458051347917453,0.1527713650415939,0.645025850706306
1713471956.906401,2.3182780390276685,2.0981281343664557,0.187990017828317,0.0648147247723323,-0.7512138795108246,0.1535489963555715,0.6386700747656648
1713471957.0289552,2.32283304411504,2.099973644295839,0.1878406089075265,0.0625024018866566,-0.7574488499230848,0.1545841817703377,0.6312435506640761
1713471957.151021,2.32748283512187,2.1028662574141967,0.1885298117792266,0.0611067710137612,-0.7606530612320938,0.1543110998907864,0.62758343463241
1713471957.2549005,2.331538343984328,2.10530834280286,0.188396539064093,0.0610246448825262,-0.7624481123075204,0.151227627463413,0.6261621782313648
1713471957.3666031,2.336282714943683,2.1082119560709836,0.1872740817812992,0.0632721416676019,-0.7631548673444238,0.1472924047540151,0.6260161595670588
1713471957.480427,2.340959182432232,2.110900117194798,0.1891326375790474,0.0616097106620041,-0.7640821047995092,0.1472812906883936,0.6250527994421405
1713471957.5935814,2.3440508123072075,2.1140860070066636,0.1902987748935469,0.0599853569699402,-0.7648716014823794,0.1455460162254813,0.6246515407456072
1713471957.697395,2.3485286772379497,2.1165022683744734,0.1892037211024413,0.0616997573037543,-0.7651221252995978,0.1409434023441369,0.6252329411198225
1713471957.811386,2.3537020347596753,2.1188479729884313,0.1901163628741238,0.0618788390711619,-0.7656339094708328,0.1401955471717766,0.624756700241638
1713471957.9297516,2.3573586258619432,2.121378365447538,0.1892846348376235,0.0625754478339887,-0.7654586835098858,0.1365346996041102,0.6257120687438462
1713471958.0346994,2.360291633887868,2.1239761760379294,0.1900364309451598,0.059364302545755,-0.7656112773215322,0.1344039472881742,0.6262993138865042
1713471958.1414263,2.3629238496625615,2.1263466510255338,0.1895945578647066,0.0566955217813545,-0.765818414891707,0.1312079554042989,0.6269706896349438
1713471958.2619112,2.3664444322656744,2.1294408914286675,0.1879997998296532,0.0559539658082833,-0.7659187806203608,0.1278787651664482,0.6276022598930391
1713471958.3827298,2.370429901378526,2.1310768467904824,0.183278447488243,0.0598621555326203,-0.7638998669760926,0.1201997376694703,0.6312095837620711
1713471958.5075595,2.373322823255614,2.1318066221829532,0.1826645764923911,0.0569230209837736,-0.7634514509906107,0.1178258360490311,0.6324703344993808
1713471958.6304855,2.375559806017955,2.133209467880624,0.1848822216596901,0.0498840965650242,-0.76509750196818,0.121459976869083,0.6303846947784378
1713471958.74726,2.3777718487918085,2.134571622125182,0.1860334294152705,0.0423722983750267,-0.7697830368484122,0.1264228723871724,0.6242242560556508
1713471958.871304,2.379780484617008,2.134943891486931,0.1864162514945662,0.0341670333822495,-0.776354417839805,0.1335318078326395,0.6150412083977956
1713471958.9879365,2.3821757522690987,2.135435258147562,0.1862503073589255,0.0265562298131035,-0.7807841257536918,0.1398962298651429,0.6083584145047027
1713471959.11062,2.3847759192855187,2.1362882112101698,0.185790683162905,0.0217712486517635,-0.7813459984057614,0.1460536238300974,0.6063767661063076
1713471959.2280147,2.387164134726203,2.137369677990474,0.1868680841196452,0.0209134809702259,-0.7796345952243179,0.1494860913150051,0.6077716945913854
1713471959.355362,2.392057386103866,2.1410354344477445,0.1893442900509127,0.026947351872866,-0.7692296740855201,0.1458209376785357,0.62152699287149
1713471959.487973,2.400425394952459,2.1425875746964267,0.1900985005895673,0.0356473245256793,-0.7491278797943907,0.1383698119701245,0.6468311086398632
1713471959.6066656,2.412876298276258,2.1417784150336363,0.1886667204178291,0.0471473350465615,-0.7170328944217846,0.1282725145795692,0.683510877103327
1713471959.7228768,2.424239532348616,2.142213790429482,0.1918813641609377,0.0499090814539982,-0.7109522881442758,0.1252722746202182,0.6901903974863121
1713471959.8279335,2.427957791910379,2.142788781320381,0.195733308166404,0.0499511007686077,-0.716040120534818,0.1262603272686281,0.6847260496538063
1713471959.9327362,2.431516417471069,2.1427747959793377,0.1976985887080256,0.052136501779782,-0.7131238921881861,0.1252450735904762,0.6877861376284458
1713471960.0490866,2.4367237391045804,2.142793809319247,0.1987047904066967,0.0549640459945223,-0.707628169225485,0.123752628049582,0.6934887272460327
1713471960.160629,2.4418718653856133,2.1426118824092195,0.1992909909192123,0.0577608384340835,-0.7018477411594258,0.1220293516248903,0.699415664047362
1713471960.2823987,2.4471079533451574,2.1424006531728543,0.1994791672632342,0.0607036313128361,-0.6962151974204989,0.120358806913146,0.7050625685885014
1713471960.387804,2.452231046326569,2.142270943747318,0.1993357979560891,0.0636510205286626,-0.6907175449438103,0.1189823048921394,0.7104231357543259
1713471960.4982069,2.4574364504591033,2.1422120363574337,0.1988095475146586,0.0664307748594673,-0.6854567499834817,0.1179054674826538,0.7154259547929125
1713471960.6090963,2.462343103777558,2.142219054017686,0.1980345758082462,0.0694562914928929,-0.6803718113540238,0.1170852415110668,0.7201118441653312
1713471960.7152236,2.4670039591211137,2.14295435402793,0.1958105517096244,0.0735048515529404,-0.6784578139049122,0.113838732768758,0.7220337765445264
1713471960.8285058,2.4698880184194776,2.1453619920714395,0.192584623113436,0.0792554727586661,-0.6772145620137162,0.1120058006116375,0.7228787641532409
1713471960.9353364,2.471988916772434,2.148515284256039,0.1858846281034489,0.0807504612609,-0.6774911460235953,0.1135196063163007,0.722217701976059
1713471961.0429769,2.475851025918362,2.1504730668958376,0.1858641908232052,0.0850353642034826,-0.677891249448281,0.1115380442185115,0.7216589952658657
1713471961.1497557,2.4802070161973213,2.1513774055319055,0.1863162151370777,0.0880099465789815,-0.6779941380853789,0.1124605900270883,0.7210622814402291
1713471961.2526383,2.4849683581461286,2.151894627868284,0.1869740873961847,0.0902199929925547,-0.6782628006864985,0.1138550560442995,0.7203172580762452
1713471961.3624263,2.4898112911975048,2.1522493938700946,0.1875636297048609,0.0922320815549824,-0.6784401911252416,0.1158984102638679,0.7195691132172705
1713471961.48111,2.494831521245262,2.1525735456735724,0.1881503557264331,0.0942875924454717,-0.6784944293118663,0.1178809627620512,0.7189292301206659
1713471961.598277,2.499639369028678,2.152947879445578,0.1884907390607794,0.0963493395966681,-0.6784123598049413,0.1196526248293273,0.7184404806207882
1713471961.7077403,2.5041671432666095,2.153284098568698,0.1888850505008196,0.0982032704868159,-0.6787529939635389,0.1219431792607629,0.7174819523047271
1713471961.8128946,2.508439945830907,2.1536615728822297,0.1888162151407615,0.0999767725334383,-0.6783711300570955,0.1242128876749226,0.7172087655587551
1713471961.9235516,2.512075461898386,2.1542947457448394,0.1885283278867269,0.102239324052191,-0.677920773837156,0.1272947692714242,0.7167751298235157
1713471962.027454,2.515970210566692,2.1549591065159825,0.1879253768379412,0.1045691857144696,-0.6775689478383562,0.1297774602208693,0.716326334251964
1713471962.134763,2.5203603601432207,2.155747899728287,0.1870688038710694,0.1063186004412428,-0.6769534807665556,0.1312116998222004,0.7163894401148225
1713471962.2396026,2.5245233569471703,2.1566966305723723,0.1861577331455226,0.1080182207977674,-0.676440733205214,0.1325948303804573,0.7163648577316277
1713471962.342341,2.5283034717510637,2.1578062765274906,0.185159218455531,0.1097452599896166,-0.6757816733508206,0.1342742026765912,0.7164115760989224
1713471962.4509008,2.532741080759828,2.15907743043857,0.1841174125649534,0.110670331648493,-0.6752239631007833,0.1348413397770315,0.7166885588834385
1713471962.5621407,2.536944911475966,2.160470367889914,0.1829627645241639,0.1117088452301867,-0.675040528438247,0.1354013922947942,0.7165946426172761
1713471962.6820278,2.541159046608313,2.1618240202175665,0.1816415213472461,0.1134474302745419,-0.6758808839964228,0.1355474331787396,0.7155009465898506
1713471962.7996106,2.545011654796773,2.1626696891244883,0.1800970181439634,0.1165230745550344,-0.6791046853347947,0.1340016029300824,0.7122378604544551
1713471962.913609,2.5490334911908548,2.1638825817346996,0.1820974182819553,0.1130948640069423,-0.6811929798688551,0.1346400349201024,0.7106741425641956
1713471963.0325787,2.553987574205344,2.164653769425552,0.1829581908364779,0.109792363760724,-0.6771676830447344,0.1397917328176073,0.7140362997323805
1713471963.1468778,2.558525294944054,2.167813307996452,0.1816871407450162,0.1029717976893939,-0.6687142734319372,0.1501530166361109,0.7208828621794852
1713471963.2728014,2.563187082143957,2.1732304137726524,0.1781794965398078,0.0930286672650054,-0.6538230160836201,0.1643399516371443,0.7327028804379824
1713471963.40679,2.5687241464671087,2.1795897149911574,0.1742336944360271,0.082465293308808,-0.6352535221692253,0.1783877311446325,0.7468803487494877
1713471963.5357609,2.5714630140438426,2.182534955913036,0.1786926597087315,0.0882932133449826,-0.6417215346249115,0.1726685274774138,0.7420130457711964
1713471963.662794,2.5725382053779704,2.1843728510538525,0.1822745185461516,0.0953103482223554,-0.6518741826244672,0.1678908496236484,0.7333407462851534
1713471963.7887137,2.5738106052879655,2.1859926858317555,0.1854091618650138,0.1018730314299381,-0.6619753823018985,0.1641648012365719,0.7241963799471018
1713471963.9143612,2.5752304410567004,2.1879184111691745,0.1886382558726151,0.1074825868017171,-0.6697709257166918,0.1604721142282239,0.7170098333733932
1713471964.0366392,2.5770699710342675,2.1901432278628996,0.1912978381471676,0.1122149393143826,-0.6756385560276453,0.1580699466040367,0.7112905461090743
1713471964.154457,2.579480144937566,2.1927533002001702,0.1934600264469059,0.115913466586204,-0.6796565837221874,0.1565571355456803,0.7071922367905248
1713471964.2583575,2.5822955388091966,2.195533570044685,0.1952112602057209,0.1185777409146518,-0.6822410418979024,0.1556381714614175,0.7044595373006096
1713471964.3644314,2.5854402183031326,2.1985879047309766,0.1964837653061641,0.1206218855100334,-0.6835051703020949,0.1554911552343161,0.702917878240557
1713471964.475844,2.5890582755972935,2.2018654279026766,0.1973848734875952,0.1222105286268346,-0.6839092911212482,0.155739532959394,0.7021950342208148
1713471964.5933948,2.593017752590483,2.2053706434017335,0.1979338755050839,0.1237031869553586,-0.6837191513564586,0.1564357258980777,0.7019640355945834
1713471964.703217,2.597287538084972,2.209032189638899,0.1981781567777394,0.1248741955266668,-0.683145125272496,0.1572418369098692,0.7021354412313936
1713471964.8107755,2.601738635566135,2.21286859954185,0.1981672325180943,0.12573792516586,-0.6823893720118055,0.1579773198451996,0.702550984309926
1713471964.9179692,2.6062417705991545,2.216965395584375,0.1968512787666346,0.1247148251750543,-0.6848762966107331,0.1585586455013981,0.7001784248740351
1713471965.0322092,2.6102321010453604,2.2218829989322013,0.1927046491424699,0.1234383253196787,-0.6859243822484927,0.1615858442067414,0.6986850053001651
1713471965.1437008,2.613702523656921,2.229015017440958,0.1860504785541842,0.1219953572157999,-0.6852658105444478,0.1650996144386378,0.6987632066937007
1713471965.2540307,2.616839430907772,2.236250503615099,0.1793708107606014,0.1225909166344417,-0.684904863220199,0.1664025648481281,0.6987037869569711
1713471965.3673892,2.620361526780699,2.243734421132954,0.173139242833385,0.1255659869424552,-0.686935987332043,0.1640577199908787,0.696733232121673
1713471965.4811575,2.625077603066272,2.248492945075962,0.1714158111939189,0.1267749475649431,-0.687468744901757,0.1630117753747107,0.696234154966771
1713471965.5922775,2.6305783608279194,2.2517022085314116,0.1711927481139213,0.1275657982842794,-0.6874057735050446,0.1619332752319791,0.6964035353390088
1713471965.6962483,2.635912482188148,2.254945668400171,0.172137936525506,0.1270721299125729,-0.6872772537770782,0.1612629796097193,0.6967760771205591
1713471965.8057508,2.641335374341253,2.2577439859593675,0.1722320969616475,0.1275577463582835,-0.6866662423164336,0.1590975299533364,0.6977868363402767
1713471965.91856,2.646907436719148,2.26178940776666,0.1713821430800989,0.1292895809175369,-0.6856931994011507,0.1565049582984496,0.6990101848966023
1713471966.0355985,2.6527886441053004,2.264958241056538,0.1730348757559732,0.1276321840589059,-0.6855549813637088,0.1570883924802793,0.6993194048985916
1713471966.140035,2.658123078433868,2.2677137845392767,0.1731777362107586,0.1276510694016323,-0.6849779694488793,0.1559854288801092,0.7001277967824148
1713471966.2459846,2.6637060578740748,2.2714211135957423,0.1718318330158022,0.1292938151988129,-0.6836965612779997,0.153178302566781,0.7016968925901933
1713471966.3633454,2.669674328598541,2.274313266639207,0.1722036206031581,0.1292559672576221,-0.6829384919081435,0.1532295041430005,0.7024305163207373
1713471966.4746623,2.6746643342804206,2.277440769167235,0.1698443658607494,0.1302467294401429,-0.6865251136611816,0.1521142888328334,0.6989851936311164
1713471966.5984864,2.677868528667583,2.280203047589018,0.1670271545113173,0.1294707933933132,-0.6979858503049422,0.1546286297698025,0.6871266646606768
1713471966.7218008,2.680232176588362,2.2831791136875452,0.1666070022357608,0.1259837926681335,-0.7079232309092176,0.1585459138126934,0.6766357781977728
1713471966.8392932,2.684855796017041,2.287345583340421,0.170160591449447,0.1224897174507673,-0.7029878703975091,0.1577338065633416,0.6825865289176493
1713471966.9542663,2.6895285281132844,2.29051485486391,0.1704652679976948,0.1212999644044705,-0.6970764511486045,0.1539970792896611,0.6896779244399485
1713471967.0601814,2.691790762955644,2.293541893535573,0.173689319495675,0.1189604582574457,-0.6968584579008589,0.1523664110213504,0.6906671961340631
1713471967.1696315,2.6935185845944547,2.2969945842468387,0.1756649048201728,0.1158686704574206,-0.6954618004220521,0.1516761244137222,0.692749369283712
1713471967.2797494,2.6966406990583325,2.301467887580943,0.1775848759138509,0.1151965969659206,-0.6972071105206072,0.1511394919266594,0.6912227159657938
1713471967.3879497,2.700660166485996,2.3066946698594535,0.1776323232309828,0.1111381244536949,-0.6986417596442026,0.153974860756619,0.6898113881555936
1713471967.502989,2.704451898988048,2.3129575980814088,0.1766572830750804,0.1049920088600069,-0.6985239945518518,0.1591614885431551,0.6897162660656859
1713471967.6233275,2.7081374919451666,2.318091604690964,0.1735800128785994,0.1009974536547395,-0.7022188395123863,0.1672875222299869,0.6846189456152144
1713471967.737941,2.711031118393715,2.3201753061421218,0.1722732216189965,0.101155679817462,-0.7019242124184075,0.1715332428568872,0.6838466751081458
1713471967.8477252,2.7135339139360077,2.3216621260814474,0.1707400846308092,0.1019225570378471,-0.697462897550021,0.1771607572943454,0.6868561457706336
1713471967.9622204,2.717458443179016,2.323524765849534,0.1688261446629194,0.1009461483513212,-0.6936766190601943,0.1812397521483049,0.6897642898436193
1713471968.074987,2.7234721116170615,2.325927237825566,0.1694366381899692,0.1053134921132321,-0.6849564673981021,0.1794649551787384,0.698237807635137
1713471968.1888063,2.728708245822706,2.328326510653229,0.1701161994330021,0.1090993975722578,-0.6786066647482847,0.1781045393933572,0.7041797278082207
1713471968.3056777,2.734797876430803,2.3301798095213115,0.1699487440935232,0.112633423346859,-0.6712587188409256,0.1766181184241041,0.7110073730767745
1713471968.4205778,2.7407375227031077,2.331658621952903,0.1712832971917549,0.1149299519408135,-0.6696325103302703,0.1749613818039457,0.7125811688031876
1713471968.5437038,2.7451556980225886,2.333580622889939,0.1737935414190373,0.1180845769674367,-0.6706254958245069,0.1735697343669768,0.7114710284644997
1713471968.6635258,2.749742118365891,2.3356777093809526,0.1760609769276634,0.1212801594760486,-0.6714298259374186,0.1721243783212305,0.7105253761454562
1713471968.7748504,2.7545154512204806,2.3381009608700514,0.1763873124804873,0.1251518195009519,-0.6749476761619356,0.1698125333411259,0.707068850989402
1713471968.890442,2.7588862676296237,2.340227114950991,0.1757755422665609,0.1291896401215218,-0.6793548304847989,0.1672400088456538,0.7027217305758715
1713471969.0105832,2.7627525238820057,2.3419148810659185,0.1749037463545978,0.133640613334171,-0.6839725379220503,0.1643506790076973,0.6980763626895305
1713471969.112709,2.7665542482722927,2.3435273749194256,0.1738287566711198,0.1379694498731534,-0.6885666173921026,0.1613362721728864,0.6934054020529791
1713471969.2195587,2.7710207493984624,2.344814097783423,0.1735302219000042,0.1409490221797746,-0.6904863951675138,0.1610040195954368,0.6909700550018428
1713471969.3274374,2.77557900364514,2.3451023863171265,0.1742087072835871,0.1437472038774115,-0.6904422183286464,0.1615201858649011,0.690316966389362
1713471969.431583,2.7802051523449185,2.3454422668295796,0.1748471924010264,0.1458786588801421,-0.689814253194993,0.1621840686463471,0.6903419738431689
1713471969.5361197,2.78490600340465,2.3459701744909696,0.1752647881339361,0.1475438026997263,-0.6890701733571624,0.1633973872124117,0.6904450856705346
1713471969.6472766,2.789799684381956,2.346629468444073,0.1758405861060496,0.1490253807989631,-0.688017644240309,0.1645313629665073,0.6909070760182755
1713471969.7628105,2.7946435706955692,2.3472815860632137,0.1763084092622446,0.1503077889801147,-0.6870272965099291,0.1657605931208294,0.6913208286970661
1713471969.8649263,2.799368569292077,2.348086927827751,0.1766841472606719,0.1516067023431632,-0.6859496195145025,0.167075137138936,0.6917907384769953
1713471969.967037,2.803924709488693,2.3490179130092836,0.1767418416611368,0.1529916462588683,-0.6850775836315319,0.1681166934489715,0.6920975639058177
1713471970.0747223,2.8083134342294307,2.3500101569701513,0.1765678199528266,0.154469430261678,-0.6841257713612364,0.1690648288407902,0.6924797525726368
1713471970.1845243,2.8120913516210937,2.3512707848143366,0.1744256734199191,0.1538475956459413,-0.683404373128817,0.1732561462126975,0.6922945095130368
1713471970.299427,2.8164930611326615,2.353183823922271,0.1712217951927482,0.1509015787102352,-0.6828026468035068,0.1772440598535052,0.6925271130486743
1713471970.417007,2.8210561350201036,2.3559063011762342,0.1674284000313338,0.1467370933419274,-0.6822637629176932,0.1813839705189316,0.6928811142510233
1713471970.543555,2.8253461527962473,2.358876275038013,0.1653359210858757,0.1442048972525789,-0.6814720265334268,0.181734557989271,0.6940989663536764
1713471970.6539266,2.829141263696519,2.361910749309842,0.1640594063058864,0.1432363682850995,-0.6802750818156942,0.1808682346112535,0.6956980936942078
1713471970.7627003,2.8332344019941127,2.364674576642249,0.1631944900361188,0.1435354326054531,-0.6788644426032439,0.1799115595807629,0.6972606965009357
1713471970.8856568,2.837468322546555,2.366882216927636,0.162255555554534,0.144860500017241,-0.6779919565134023,0.1779449940369886,0.698339402822911
1713471971.0031488,2.8413375352135137,2.3687076372081792,0.1609037721336821,0.1480226212822079,-0.6796160008416569,0.1742203271573917,0.6970356322268674
1713471971.1126847,2.8447789231771536,2.370500630451135,0.1589794490290063,0.1520311716877448,-0.6828371912093628,0.1691147407786101,0.6942766722193273
1713471971.222789,2.848194273306256,2.3727955473067017,0.1560686318419746,0.1554808512584878,-0.6857082175616364,0.1639352904908477,0.6919213580979136
1713471971.341291,2.8512349052276873,2.3756406090247144,0.1535111017224599,0.1595619429739884,-0.6886184485390723,0.1572451107374961,0.6896510667251661
1713471971.4628868,2.8545114487455465,2.3782020736769565,0.1501727339711305,0.1629104255081761,-0.6912322161349777,0.1518942475236497,0.6874491648166408
1713471971.5719771,2.8566320334816657,2.3804650558114284,0.1487972023154172,0.1635505572331909,-0.6946445363961581,0.1456446371803052,0.6852064090070208
1713471971.6818,2.8614405364857087,2.380163468557468,0.1485423124826551,0.1549172005712056,-0.7001127275029503,0.1484523654507658,0.6810321027291099
1713471971.798969,2.8674051618474508,2.3815550889396047,0.1486464365500895,0.1478930549454775,-0.7002847545053535,0.1522551792612861,0.6815770442836117
1713471971.9150755,2.8738648698962956,2.384788904200438,0.1468304516689041,0.1365813623939669,-0.6951004355922585,0.1586311012476123,0.6877623787348579
1713471972.040143,2.880059594690448,2.3900448465212416,0.1485990329579074,0.1276522770806909,-0.6746654805306356,0.1694111736587613,0.7069874396168876
1713471972.1720734,2.88738295305217,2.3960458085641796,0.1492489987119447,0.1174428257789403,-0.6482366344407983,0.1820396844642409,0.7299712334894327
1713471972.3006723,2.891919668058994,2.399796922584844,0.1530215508993576,0.1192130057223949,-0.6524846657459182,0.177562056710215,0.7269963798052286
1713471972.432768,2.894611557650454,2.403078734029191,0.1566264921141913,0.1226346086575314,-0.6567098188933228,0.1735737695948516,0.7235779937485294
1713471972.5582194,2.897077940478316,2.4061792853611306,0.1591680853044758,0.1259707332776172,-0.6590271417222971,0.1713030102904882,0.721435984336972
1713471972.6919825,2.899849658522901,2.4088425589669713,0.161133066892781,0.1280206386264465,-0.6618432370502785,0.1694064118906516,0.7189406882815998
1713471972.8094094,2.9033038593219738,2.4116727727085685,0.1633139978274414,0.1289978839020374,-0.662998928398049,0.1680264102570193,0.7180244371523683
1713471972.9237945,2.9068041310349013,2.4145196084172835,0.1648300656028461,0.1296965032159708,-0.6631049345425447,0.1670444880520994,0.7180298056837816
1713471973.036136,2.9104748006207117,2.417532067534824,0.1660063701027439,0.1298394065020579,-0.6624377571348844,0.1665941113622004,0.7187241115342773
1713471973.1498775,2.914471912712435,2.4207823771328836,0.16653223648335,0.1292712481502871,-0.6611305000343315,0.166075158091538,0.720148906956674
1713471973.2656417,2.918429447838246,2.424511885475769,0.1668161500039379,0.1286416082148081,-0.6594055949021106,0.1660497260665772,0.721846996614183
1713471973.393781,2.9224757986325223,2.4284058750101134,0.1663969677838662,0.1277787130992145,-0.6561870065618833,0.166975118800911,0.7247140971441672
1713471973.515097,2.9270233269469372,2.4312441804634704,0.1659307009080079,0.125006735892224,-0.6528448537514331,0.1672283507919484,0.7281494294464886
1713471973.6344943,2.9304692035306967,2.432700697231249,0.1650769015897714,0.1218614388211447,-0.6496723263431593,0.166261388523485,0.7317327441071302
1713471973.7636416,2.9341047090004815,2.4338198483674796,0.1635486091576261,0.1186069095593159,-0.6450720485718382,0.1665361498649654,0.7362609346857091
1713471973.8777616,2.937814080335677,2.434370320781289,0.1614380660667117,0.1151909969940513,-0.6400849236249684,0.1664354898392022,0.7411622983405994
1713471974.0033507,2.941050070837656,2.4338625330496813,0.1584539242980656,0.1148179175375661,-0.6384483872460598,0.1610088059191922,0.743825696686877
1713471974.1348128,2.944327169780193,2.434172753909807,0.1552237465817432,0.1154940584303468,-0.6383421947086191,0.153943460184288,0.7453064980183385
1713471974.2580976,2.94789333198374,2.435811043426353,0.1528487984382789,0.1146675901061379,-0.642929038158426,0.1511491764948937,0.7420562796155341
1713471974.3701928,2.95141902819282,2.4380130415469075,0.1509447854901789,0.1132637535752224,-0.6495903376389218,0.1503030834302525,0.736622493875636
1713471974.490522,2.955000360128449,2.440359016299052,0.1492756945762817,0.111534954982727,-0.6567006774781526,0.1503227590770152,0.730552696333543
1713471974.6003902,2.958665893430553,2.442591512549522,0.1479686275947577,0.1097167540234568,-0.6641859217991789,0.1508575958303755,0.7239207698019241
1713471974.7091286,2.963096396381264,2.4452647432268053,0.1473921103676106,0.1087781427740767,-0.6672059500641733,0.1505854741875213,0.7213373349670082
1713471974.8182046,2.9678407313295443,2.447981650313324,0.1474309645164913,0.1072999962745699,-0.6682511244467183,0.14993318173485,0.7207268459617959
1713471974.9256678,2.972797643544241,2.450764620362184,0.1472582321186833,0.1065216129086534,-0.6683156618455383,0.1484911473037013,0.7210809256163484
1713471975.0333643,2.977959992198311,2.4534363847781453,0.1476235378169924,0.1056898509704862,-0.6677479469877607,0.1477785697077865,0.721875217077431
1713471975.1528516,2.983174763951396,2.456077853735545,0.1471703032328503,0.1057312672817462,-0.6671168294722932,0.1461079457050779,0.7227921576467701
1713471975.2726746,2.9884449854795125,2.458258312975361,0.1465210603285797,0.1057104267159845,-0.6659241270632216,0.144799503970588,0.7241570729672413
1713471975.37882,2.993926812531955,2.4600990802842944,0.1468133370955077,0.1044780187082863,-0.664449406911795,0.145342212170105,0.7255804370453045
1713471975.487547,2.995352128746274,2.4630766649623,0.1484538589319338,0.1028482620835545,-0.6672489180016579,0.1417709152982978,0.723948978856585
1713471975.5979152,2.9964702540104655,2.4657670146818007,0.147703991061051,0.0997863133986138,-0.6660689318416231,0.1397735521238351,0.7258500009095259
1713471975.702422,2.997885511795775,2.468878653933837,0.1482372046552009,0.0975096398953252,-0.6674284919572588,0.1363801093183392,0.7255560240487714
1713471975.81901,2.998429488765128,2.4728943644861263,0.1456791105508444,0.0970776814667393,-0.6646392480558492,0.1352341699874682,0.7283833557767491
1713471975.9395692,2.999885719301072,2.477911559432409,0.1417331225635348,0.0983205955276184,-0.661154200872275,0.1330586544954708,0.7317810995290142
1713471976.060887,3.0018621148512565,2.482571458820863,0.1363453424096717,0.1012535528252342,-0.6558935287765285,0.1311826456383913,0.7364390744879395
1713471976.1746647,3.003560691378624,2.4870255710720155,0.1370644031940485,0.0964241030925544,-0.6530983297458262,0.1378971170020498,0.7383422980898032
1713471976.3127685,3.0057963281693776,2.4924804742469293,0.1368904073361169,0.0912626415084596,-0.6509082431528599,0.1420107007966599,0.7401503564275286
1713471976.4536836,3.008192585961526,2.4981239895396357,0.1372345869513363,0.0859497610659152,-0.6496431849280663,0.1458523674413128,0.7411500912507498
1713471976.5986888,3.011054337501718,2.502993239580729,0.1353059129692725,0.0827330132273367,-0.6465800509461463,0.147756225752337,0.7438128689342695
1713471976.7389853,3.0140137895992827,2.5081884709503948,0.1359858420989074,0.0774732699845562,-0.6473365411790623,0.15129055634386,0.7430104053466504
1713471976.884735,3.017327541153221,2.513709264547563,0.1325012573812959,0.0705046363385114,-0.6484284044165299,0.1560240885611168,0.7417723265189127
1713471977.0313606,3.020421515716731,2.517601316168654,0.1312291239786726,0.0648769148726523,-0.6531012296135721,0.1637229850755517,0.7365083529409546
1713471977.1786468,3.0232155360846367,2.5203893365170917,0.1291860473564217,0.0606914868162413,-0.6573092074334543,0.1726532619542491,0.7310622411175369
1713471977.3188214,3.0261303473662973,2.5230186462557698,0.1266361313621345,0.0556973829819978,-0.6607012912201274,0.1818489290787452,0.7261560247646003
1713471977.4647477,3.0288062311638235,2.5250900122952156,0.1260731883311119,0.0575985163309421,-0.6678135483411624,0.1853444515570883,0.7185783950589264
1713471977.6207826,3.0302776405717124,2.527619888617609,0.1335448235221649,0.0558313388528893,-0.6832350942852514,0.1913492463579935,0.7024657525154842
1713471977.7706835,3.0320066012157687,2.5303120262193013,0.138419264266948,0.0560952687646922,-0.6979902993260971,0.1932488390483444,0.6872537734165958
1713471977.9208417,3.0339371498451273,2.531561850884615,0.1449916889544164,0.054500599017624,-0.7102637861754847,0.1960563870342538,0.6738819865951756
1713471978.0663264,3.034984211607877,2.532724741788648,0.1492571636486767,0.0555690635440909,-0.7221507395171216,0.194874755646632,0.6613880995326215
1713471978.2120187,3.0369800065553743,2.53272325196353,0.1550412233927983,0.053205803685171,-0.7339643877490272,0.1949518408058641,0.6484282533455927
1713471978.3570027,3.036778839926734,2.531754332277415,0.1596192625421251,0.052162457736904,-0.7450715171499224,0.1936534927138768,0.6361177855511313
1713471978.4968984,3.0366804204552387,2.530868304013903,0.1605514625355216,0.0550613692769929,-0.754015975385414,0.1886147512430739,0.6267795705752055
1713471978.6402097,3.0371467273787816,2.528830014713502,0.162487212846254,0.0571764409767718,-0.7701174713389102,0.1841471487608298,0.6080623015276062
1713471978.776666,3.0362436563795305,2.529315211098204,0.1657235124668249,0.0581698005920852,-0.7753916905965355,0.1829738621644477,0.6015850448752441
1713471978.9114797,3.0363053972450533,2.5295329194961544,0.1711316225033142,0.0555669662783074,-0.7840951936297379,0.1838862272491579,0.5901634477104122
1713471979.0407274,3.0380538207678436,2.529757724936707,0.174238481936073,0.0548937895223623,-0.7875541818982059,0.1821296768195197,0.586151740821555
1713471979.1756992,3.0454094543137504,2.5298491930604974,0.1751525176031185,0.0569639641987065,-0.7812629492892222,0.1797485860904644,0.5950409705635011
1713471979.3107023,3.0517510303031807,2.528389831731217,0.1760957177472406,0.0560643125171256,-0.7785693825570696,0.1785745310109366,0.5989972005618304
1713471979.44539,3.054799475019612,2.5291021151484014,0.1782304917463758,0.0556374336004149,-0.7766824843306651,0.1759693381148573,0.6022487746436058
1713471979.5802388,3.0580779597771386,2.529788941300445,0.1802577477274539,0.0539748766224898,-0.7749751863182333,0.1724759673829387,0.6056007050523687
1713471979.7189798,3.059012847376942,2.5287502038696483,0.1798343683143226,0.0556768317957071,-0.7809832321302734,0.1659927417557004,0.599509542223449
1713471979.8703952,3.0570458970622822,2.5240612468553563,0.1766561926933205,0.0591535215780865,-0.7934585783172668,0.1553047561293845,0.5854953271404008
1713471980.0296648,3.0530089864688006,2.518513964164206,0.1710936874529946,0.069632557174074,-0.8099893291383539,0.1393206464240326,0.5653833665252174
1713471980.1741316,3.056437435643509,2.5190921602486087,0.171392933270757,0.0739021275563924,-0.8071188554525607,0.1429696285046871,0.5680293249831552
1713471980.285644,3.060586418019086,2.5184055288643084,0.1721810791204689,0.071884957048175,-0.806670905162791,0.137817209958169,0.5701938445418115
1713471980.3940344,3.0624856314103317,2.518483274565664,0.1724076391958824,0.0690969378069849,-0.8078790730698567,0.1312765600427767,0.5703713538255774
1713471980.5003688,3.065185378184303,2.518310531322385,0.1724635790635179,0.0674763660953543,-0.8081326872367701,0.1261442106576425,0.5713634027093464
1713471980.6112676,3.0684452878743884,2.5174272590551956,0.1725200697987543,0.0664927710429523,-0.8073901865854622,0.1221203054607185,0.5733990137754886
1713471980.7198827,3.0695605017018055,2.517128486294871,0.1721868937774916,0.0671594916039259,-0.8059390470249841,0.1193098753764368,0.5759487900895547
1713471980.8283482,3.068779274289965,2.517703093591318,0.1718160454011018,0.0719713138101963,-0.8035601894033759,0.1198413732723131,0.5785751439931128
1713471980.9421945,3.066523343418794,2.5180849155514964,0.1714090477588058,0.0812435729846894,-0.7998764464695223,0.1243413160561961,0.58149496072914
1713471981.053576,3.065971391106233,2.5170648494352745,0.1712124583710345,0.0923000659859449,-0.7954617094287145,0.1313169145163783,0.5843605347845077
1713471981.1714523,3.065070194723075,2.516052715608785,0.1707978983972571,0.1037255080346749,-0.7909217529541528,0.1386600775836688,0.5869047474432029
1713471981.2978785,3.062337868101238,2.5154156430875987,0.1705844365815916,0.1136608228247272,-0.7872830667234484,0.1452649885186005,0.5883576066611355
1713471981.415729,3.0617347247501505,2.51172612194348,0.1710250916080763,0.1276585383454579,-0.7823856154419723,0.1571721353722642,0.5889592228664988
1713471981.5515387,3.0632171317652,2.505509938060205,0.1705944412739799,0.1436222857342045,-0.7765207541183428,0.1745002550112721,0.5881647885286604
1713471981.6832054,3.0636655564510527,2.50058899526597,0.1716456047261002,0.1573850637912635,-0.7721988124735122,0.1846293026133139,0.5872401181173156
1713471981.8101275,3.063252018987329,2.5003154251336235,0.1682346543418955,0.1635551267009947,-0.7701363414359635,0.1890178498085989,0.5868662442015086
1713471981.9337642,3.0617403396227125,2.5026446869079972,0.1648468296137494,0.1663036254026324,-0.7726904267893763,0.1935596192710142,0.5812291134429286
1713471982.0568204,3.0589430010179544,2.5047277239365067,0.1616968659143248,0.1722794661730461,-0.7739067321730688,0.196016789532116,0.5770316920705953
1713471982.172102,3.0575731034595215,2.50634701325285,0.1603962240178439,0.1803185703940484,-0.7751388927332089,0.193738445238625,0.5736813793212239
1713471982.29188,3.056169919072152,2.5049663025525093,0.1607718058638731,0.1940712293241852,-0.7749686345670406,0.1915675854655953,0.5701419416117166
1713471982.4087737,3.0545991819476552,2.5035681594257246,0.1602010214312561,0.2073326377501881,-0.7741916203831916,0.1909744794758022,0.5667179725762577
1713471982.5237746,3.0512558049328047,2.505602979946212,0.1573574623561477,0.2146764423329658,-0.7737489910594304,0.1908855231745074,0.5646142408619966
1713471982.6457572,3.049237865274082,2.5054909264978984,0.152478170848677,0.2209680672225508,-0.7717644611444412,0.1967168870577906,0.562898921768956
1713471982.7708976,3.0480792958012084,2.5037441530962,0.1477206490500064,0.2267679105230461,-0.7688699528147832,0.202081153511685,0.562653106106233
1713471982.8927877,3.047179505834089,2.504603666593747,0.1448933325899012,0.2317791340117254,-0.7665132889061615,0.1993381816793194,0.5648009386428255
1713471983.0210133,3.04689898198534,2.5039506697875877,0.1448318562939411,0.237952823360575,-0.7654676768893868,0.193128668247413,0.5658082775934592
1713471983.1384015,3.046363184286936,2.5044936196760266,0.1448208630764812,0.2440087433465005,-0.7643618978112232,0.1868357579772712,0.5668359744105392
