,frequency,exponent
0,140.0,0.14142804085202257
1,180.0,0.23378630880380377
2,180.0,0.2493828819556784
3,180.0,0.15891556903131254
4,220.0,0.29759336376457135
5,220.0,0.24196703838479058
6,220.0,0.480433523712903
7,260.0,0.3152114823066234
8,260.0,0.28795787377778975
9,260.0,0.3803122482200896
10,320.0,0.22199684906979572
11,320.0,0.31076465766416805
12,330.0,0.17215681995198995
13,350.0,0.2970952798812891
