,frequency,exponent
0,180.0,0.27224659636964677
1,220.0,0.27148408173910893
2,260.0,0.37408380469432473
3,320.0,0.30507082731791124
4,370.0,0.2631126906864248
