,frequency,exponent
0,140.0,0.14142804085202398
1,180.0,0.23378630880380225
2,220.0,0.24196703838479308
3,260.0,0.3803122482200892
4,320.0,0.22199684906979728
5,330.0,0.17215681995199214
6,350.0,0.2970952798812887
