,frequency,exponent
0,180.0,0.27224659636964677
1,220.0,0.2916389149666896
2,220.0,0.27148408173910893
3,260.0,0.37408380469432473
4,260.0,0.3075409707145085
5,260.0,0.3097884293030181
6,260.0,0.27519968679111445
7,320.0,0.2297040019771859
8,320.0,0.30507082731791124
9,330.0,0.1757002532202335
10,370.0,0.2631126906864248
