,times,Mean Divergence
0,0.0,-3.9440676598184092
1,0.01,-3.9004730061103943
2,0.02,-3.8661674799228876
3,0.03,-3.8710616207298782
4,0.04,-3.856779415423006
5,0.05,-3.844003157632464
6,0.06,-3.8884373139239545
7,0.07,-3.9366693896286065
