,times,Mean Divergence
0,0.0,-3.9903876863911454
1,0.01,-3.9245175046678358
2,0.02,-3.8993431819397553
3,0.03,-3.8958638019317315
4,0.04,-3.895674835662738
5,0.05,-3.890264980148977
6,0.06,-3.918225207849686
7,0.07,-3.9796999635683052
