,times,Mean Divergence
0,0.0,-0.7733125078470366
1,0.1,-0.7143185795658312
2,0.2,-0.6157211490339021
3,0.30000000000000004,-0.5383999041464967
4,0.4,-0.5371853420226619
5,0.5,-0.6007451216432068
