,times,Mean Divergence
0,0.0,-0.10945539408668206
1,0.01,-0.06470572845672484
2,0.02,-0.008768557798147596
3,0.03,0.021636417449868335
4,0.04,0.026578041238068617
5,0.05,-0.007250709495207951
6,0.06,-0.061320047910918246
7,0.07,-0.10101385080371003
8,0.08,-0.06006756161754509
9,0.09,-0.01073284535000683
10,0.1,0.01767763566288586
11,0.11,0.028283911620862412
