,times,Mean Divergence
0,0.0,-0.10945868491803414
1,0.01,-0.06426395604756675
2,0.02,-0.008643155998144268
3,0.03,0.021541181921580707
4,0.04,0.026107244308502524
5,0.05,-0.007863069496172584
6,0.06,-0.06176947218944026
7,0.07,-0.10136956230851427
