,times,Mean Divergence
0,0.0,-0.10945868491803414
1,0.1,-0.06426395604756675
2,0.2,-0.008643155998144268
3,0.30000000000000004,0.021541181921580707
4,0.4,0.026107244308502524
5,0.5,-0.007863069496172584
6,0.6000000000000001,-0.06176947218944026
7,0.7000000000000001,-0.10136956230851427
