timestamp,fx,fy,fz
0.0,0.0,0.0,0.0
0.000292004,0.041006737454578945,0.05536403171343181,0.9976238126046136
0.00064022,0.041587803372901175,0.053260466268902386,0.9977142764055428
0.006825908,0.04141779565755724,0.04217837051380082,0.9982512465625422
0.017666729,0.04039290966082864,0.04134915457477222,0.9983279322272236
0.027092478,0.040509229805988055,0.04125459187830473,0.9983271312297789
0.037377342,0.041762751874156887,0.0452462604438836,0.9981025240283394
0.049973341,0.040864153582193176,0.04150446395810336,0.9983023091346436
0.056790411,0.03872176119178699,0.042924411604055246,0.9983276616916172
0.069342374,0.041352750981831665,0.041944678270883114,0.998263789762499
0.077622072,0.040343426554733094,0.04273694527155924,0.9982714868424715
0.0889038,0.043290132824441274,0.04612654011880266,0.9979971476395666
0.099051873,0.04435538753134159,0.04782887706644599,0.99787023109997
0.106971042,0.04033705167085085,0.051454787297284525,0.9978603745648458
0.117129412,0.04302534155556691,0.0532154887245445,0.9976557180429705
0.129329798,0.0480626827330453,0.04751117289926382,0.9977137199508881
0.137005626,0.04705430768252696,0.048873348581974146,0.9976959897317935
0.147485284,0.04777618115377666,0.05059117188005351,0.9975760471473664
0.157196758,0.049629789082631194,0.05200312977187223,0.9974129328064397
0.166977583,0.05115429585771242,0.05036472476075135,0.9974199880266463
0.177426883,0.052455628730641926,0.04859116652474676,0.9974403769400143
0.186807528,0.05288129532283454,0.04602865035706929,0.997539438794921
0.201526357,0.05064077859464634,0.045723792428229604,0.997669708044355
0.207061701,0.04869238792421809,0.046966285183512424,0.9977089853330472
0.219307919,0.04853470824819609,0.047162287208836064,0.9977074224242767
0.227711239,0.0499472244861576,0.04334482819414774,0.9978108541376713
0.238110552,0.05218159142864432,0.045523489457911646,0.9975994654286606
0.271657385,0.05516406732198013,0.04422827084566086,0.9974972610160385
0.272225758,0.05693374126566381,0.04012088255552055,0.9975714830970565
0.272844851,0.05829814953640748,0.042692410827514675,0.9973859252156937
0.277440041,0.059534264285283946,0.038628350207656065,0.9974785821942469
0.287612391,0.06017595223380067,0.04221290675979141,0.9972948035940249
0.304932478,0.06097957640295906,0.0446408082851274,0.997140255679895
0.306970438,0.06214797932810347,0.045835726762504,0.9970138990092299
0.318544442,0.06157719790684962,0.04525411321955592,0.9970758817335079
0.328960908,0.06208005598568959,0.043059470423544306,0.9971418899312462
0.337030749,0.06120675793289616,0.04152637839694702,0.9972608949921667
0.372133025,0.060767467100237546,0.03679001559819114,0.9974737137862363
0.372379589,0.060896334665127415,0.03605785031607304,0.997492590375957
0.37279836,0.0601312380350714,0.03627943358472515,0.9975309704019926
0.378431572,0.05986491938429091,0.03614290480993161,0.9975519444414975
0.387442234,0.059909276242598,0.03631589290246688,0.9975429988440522
0.397672998,0.05801648981896017,0.03753027404324444,0.9976099264939806
0.407647314,0.05883330830738787,0.041293167160920304,0.9974134128732319
0.419251993,0.06203015528362513,0.04058281235754151,0.9972488632115065
0.427702359,0.06305973731909308,0.040917985250757405,0.9971705912291366
0.437784147,0.06472992475129234,0.04050466545736556,0.9970804425510909
0.447507277,0.06499231856395701,0.04070859525993632,0.9970550680878383
0.457166001,0.06557723193376869,0.04108949547335925,0.9970011434364805
0.467490169,0.06547302996192567,0.041118787556747007,0.9970067841581962
0.477608531,0.06548402725040661,0.04110356293060681,0.9970066896914374
0.488025943,0.06860367626573817,0.04131651579609884,0.9967880823551698
0.497855815,0.06987770186215378,0.040812447323827564,0.9967203474023713
0.506865263,0.06869846545831261,0.04107829735925941,0.9967913996066264
0.518501275,0.06849699377596088,0.04028930481818492,0.9968374660700327
0.527596686,0.06804372470367333,0.03960464274605809,0.9968959443198713
0.536955788,0.06866322792200608,0.03930329226668464,0.9968653932945664
0.55074297,0.06748519691419594,0.039948172636908336,0.9969202032762823
0.5571912,0.06902802356052776,0.039389990220297724,0.9968367773280498
0.567234532,0.06982174730301813,0.03932519909249466,0.9967840550088516
0.578968759,0.07069426620530944,0.04004036051009647,0.9966940805763393
0.586869418,0.07036638819481508,0.038825372260562374,0.9967653494585601
0.597516253,0.06898398735023231,0.0395033965294879,0.9968353380332667
0.609985161,0.06864866838261637,0.03992696966419297,0.996841611000829
0.617035178,0.0669066075265849,0.0410185013872717,0.9969157378701703
0.628241736,0.06648902273962232,0.04110308806790472,0.9969401917900654
0.637026286,0.06771512809566411,0.04069810044618614,0.9968742779543768
0.64737959,0.061420383144254624,0.03977211807670626,0.997319264407394
0.656931192,0.06233769631336502,0.04273099643877662,0.9971399468287749
0.667000809,0.06475084867648417,0.042790783255906004,0.9969835888639399
0.677649193,0.06708969463434596,0.03690748704329279,0.9970640953690085
0.687020173,0.06380736506069241,0.04279649680743698,0.9970441715516033
0.69750903,0.06477818693255821,0.039405013259872404,0.997121372465619
0.707142788,0.06655810416857388,0.041988523130401065,0.9968986822615491
0.717260291,0.06757054497346833,0.042579020339280835,0.996805521894284
0.728240317,0.07146212345515913,0.04131389486590014,0.9965873403782978
0.73735437,0.07109076026221589,0.04139537209853282,0.9966105191970254
0.747670321,0.071324376479191,0.04169265289892392,0.9965814347127406
0.757235101,0.07152332172206616,0.04150970876408831,0.9965748133121579
0.771079094,0.06974211409751459,0.042737198025025847,0.996649170684539
0.778681456,0.06955466875192377,0.04303541128941111,0.996649437580718
0.786799392,0.07040085852400274,0.043257183075256236,0.9965804208549741
0.799506855,0.07077050705531253,0.04516860913957676,0.996469433590178
0.806856446,0.07131339691130927,0.04660595379242932,0.9963645339392948
0.817302992,0.07217637681888242,0.047099411685603124,0.9962791857949101
0.827721721,0.07206883140471272,0.04784696388911258,0.9962513496033785
0.83746391,0.07060100811783063,0.04759071654977167,0.9963687175694675
0.848399936,0.06962908811159775,0.047891262972449,0.996422710007982
0.857126541,0.06901112219634863,0.047178713517874844,0.9964996909201723
0.867139347,0.06771322120044064,0.046857205839987225,0.9966038942004639
0.878912474,0.06803966367276014,0.04642042608070158,0.9966021012469239
0.887181507,0.06834384751782017,0.04549800940906242,0.9966238255461656
0.898806181,0.06916932875954722,0.045487997861903516,0.9965673313978686
0.907491107,0.06368225485967206,0.04822346689478356,0.9968044279880762
0.917180442,0.06435507737314947,0.04844208348772639,0.9967506150304921
0.927181194,0.06256328400678285,0.049708704158271146,0.9968023275580732
0.93833265,0.060976244101145056,0.05037543531581656,0.9968671993661241
0.947545916,0.061626220698039906,0.04489805237467685,0.9970889498010883
0.956999241,0.061895977257814434,0.04422898926172787,0.9971021434678526
0.967116177,0.06116009439568586,0.044353327541844074,0.997142028594461
0.977282407,0.061980575308042817,0.044156114685427454,0.9971001182531128
0.987534649,0.0605410304921526,0.045048329865305964,0.997148650705247
1.001957014,0.059716615528680426,0.04536748140505868,0.9971838935024782
1.006991478,0.06262116834279491,0.04788197746128321,0.9968881108277802
1.018776081,0.0658891314441936,0.04726873688929335,0.9967067215938802
1.027303387,0.06632322924838673,0.04796055941887893,0.9966448785812799
1.036881214,0.06714566247992758,0.048749522531257396,0.9965515260452447
1.053448154,0.06586961877116196,0.04907290581465987,0.9966208121637073
1.057025534,0.06530542082007676,0.04836041107188881,0.9966927674326079
1.082408639,0.06374671585191795,0.04851184869128003,0.9967863144900462
1.082869745,0.06496843206952088,0.04805891363963243,0.9967293733276885
1.086747965,0.06181629295368876,0.050711909922993334,0.9967983989340202
1.09808981,0.06545149978887504,0.05114741074938914,0.9965440499792372
1.107273157,0.0600651085092541,0.04658762089377402,0.997106702574619
1.11727727,0.05894533289152518,0.04633826141954905,0.9971851449249135
1.12931479,0.05865636628966683,0.046023165358581364,0.9972167763049663
1.137240234,0.06402734385756144,0.04633754522521476,0.9968717726674012
1.147463426,0.06658842286296145,0.04606484079243041,0.9967166158860761
1.160396344,0.06719312074186275,0.046467581958972354,0.9966573374795651
1.168563003,0.06307926670136656,0.04737209332882922,0.9968835894356285
1.17747492,0.06126537927785936,0.04682457623488988,0.9970225736473388
1.187767108,0.06041337927378052,0.0468362469437042,0.9970740140917076
1.201493119,0.06398946441214351,0.04507477448362535,0.9969321005712963
1.20703877,0.0621039132485407,0.045695922904636484,0.9970230622152685
1.218980809,0.06056348018586109,0.046301832283461034,0.9970898681638337
1.227575384,0.06140014547840244,0.045495162098109845,0.997075830797687
1.237492398,0.06263127235319634,0.04465130168542575,0.9970374040030879
1.247820084,0.0621383689391094,0.044604367513592064,0.9970703453138597
1.256995158,0.062232678856245255,0.04471131077894671,0.9970596734252188
1.270886346,0.06261890683014927,0.0448156352713332,0.997030807619616
1.277635187,0.06406043968725096,0.04410775224934688,0.9969707950880942
1.287163864,0.06470636192841368,0.04356563448939382,0.9969529187567113
1.298203022,0.0638078237647813,0.043408904856794654,0.9970176671481485
1.306878094,0.06096708609372382,0.04019378291728832,0.9973301731262514
1.317281961,0.06044434463680994,0.0430620951873271,0.9972422660314314
1.330395996,0.060061006074369185,0.04243895915869098,0.9972921388915396
1.337071303,0.057434126253599206,0.04320714787561352,0.9974138877687339
1.348519091,0.05450952827848472,0.04108163305122704,0.9976677857647313
1.356842059,0.052110447725825855,0.042106427315161635,0.9977532510679016
1.367184391,0.05671792892597852,0.041902761315452286,0.9975105188079413
1.378704844,0.05512828328071175,0.039440741691855526,0.997700005150505
1.387259424,0.05582079438436628,0.037863359548267375,0.997722609204591
1.397341846,0.05865521656086929,0.03854329553496357,0.9975339492666412
1.407518904,0.061198441707521894,0.03698230110000839,0.99744025391896
1.417504534,0.06345545979858738,0.03504830648321393,0.9973690494668503
1.427612482,0.06303139483285282,0.03365581175305569,0.9974438979715441
1.43687073,0.06565519031154406,0.031756870528838875,0.9973369025356326
1.448003191,0.07052582522097803,0.028897887482246216,0.9970912797111223
1.456915241,0.060703954715484544,0.030014164160394662,0.9977044551527539
1.467026728,0.06287775899912174,0.027066589842656336,0.997654142043994
1.477658338,0.05915733276308969,0.027284662184243667,0.9978757223170873
1.488891504,0.058744643576697474,0.02632919160404123,0.9979257690432312
1.499861021,0.062271411363572574,0.023294577582897318,0.9977873691233133
1.507042787,0.058933134209254695,0.023182550005672486,0.9979927129330698
1.518447716,0.05589063087633651,0.02239883941374367,0.9981856186968248
1.527557966,0.058014460821546154,0.0197212737356057,0.9981209313995127
1.538011278,0.057855042258965386,0.018624269424760278,0.9981512564103737
1.548202311,0.05761050378734245,0.017131294231618775,0.9981921401269989
1.557033756,0.06408746501786716,0.014606759345339369,0.9978373812445648
1.56912015,0.062393652045438036,0.013902548680004921,0.9979547842084996
1.578615068,0.053889434080260486,0.013677261542761464,0.9984532344637881
1.587253155,0.052744714759550795,0.012499810603210057,0.9985297941472842
1.597573771,0.048984278038865264,0.012154850188579923,0.9987255879979767
1.606857217,0.044101171508081925,0.01213696667191723,0.9989533426099637
1.617088573,0.04199131312491569,0.010256202831520064,0.9990653331617129
1.627942436,0.041007080686365924,0.008348458354252165,0.9991239775807051
1.636794934,0.03975743748484309,0.006587781751013828,0.9991876436867301
1.647733662,0.03560514681434894,0.006348417217632713,0.999345771552149
1.657214403,0.036868944379491515,0.0047791708546183346,0.9993086812723505
1.667926717,0.033081652004500514,0.004765345017423892,0.9994412918163418
1.677496584,0.029615294886137997,0.003302420017945016,0.9995559155599211
1.686945369,0.026544344255808996,0.0021165277484071275,0.999645396177224
1.697235961,0.022404765144642933,0.0016029750105801476,0.9997476966564759
1.706877834,0.024548041043915735,-0.0013331491266581476,0.9996977625234101
1.716943431,0.020762441244104996,-0.0017274924421864343,0.9997829448452535
1.727426061,0.017335551540423377,-0.002057462597365407,0.9998476111390424
1.737566297,0.01607537240540482,-0.003750228417433772,0.9998637498123655
1.747262093,0.01376958541554622,-0.0050288551181311295,0.9998925487939616
1.756786113,0.013392046176732425,-0.007006261622957665,0.9998857761750943
1.76830295,0.010631381028040298,-0.007576782257860726,0.9999147794227534
1.77738495,0.008583205363444008,-0.0086582142099425,0.9999256791944007
1.787687864,0.004815437804309132,-0.009357230061596432,0.9999446253689886
1.798843002,0.004966033785025533,-0.010842023334934676,0.999928891991051
1.807481944,0.0027295558379682467,-0.011560333729346079,0.9999294516159596
1.819608766,0.006048963420681352,-0.01544477159598057,0.9998624250725114
1.829466558,-0.004715049057623405,-0.014942718627416073,0.9998772342004824
1.838242121,-0.00579330223554387,-0.017282967666474813,0.9998338545367662
1.848207667,-0.006236484993721432,-0.019056749456172507,0.9997989530676094
1.857432162,-0.008833172806664949,-0.019634089548485653,0.9997682119300301
1.869805884,-0.012099146683027561,-0.01974540884574275,0.9997318287816275
1.878190056,-0.01576945217880689,-0.019840999977818345,0.9996787779571298
1.887291724,-0.018144218259668377,-0.020571607146504644,0.999623727371032
1.900443822,-0.01968687842251421,-0.021755562777881605,0.9995694684744002
1.90731206,-0.019727277062409034,-0.023087033828243557,0.9995388053541077
1.916996949,-0.019804993659492523,-0.02405044885621725,0.9995145512377306
1.927272821,-0.02245220536191387,-0.024097891028087872,0.999457447879791
1.937628656,-0.025109015186026734,-0.02414746306543138,0.9993930344883797
1.946990044,-0.028220274049184296,-0.024482106535496772,0.9993018776086502
1.956861974,-0.03145501648170754,-0.025214536835743078,0.9991870741108968
1.967075112,-0.03430951454240561,-0.024958082691722436,0.9990995702732623
1.979059378,-0.03869056562993435,-0.024077620020913213,0.9989611145311735
1.987797581,-0.03585733985759986,-0.026490840899549235,0.9990057489958563
1.997179001,-0.034810508407626825,-0.027259233352506983,0.9990221032096519
2.007918587,-0.03406460708983364,-0.028402002515094137,0.9990159802510408
2.019057862,-0.03430984461459426,-0.02920680236932719,0.9989843828898837
2.027941865,-0.0354887377444524,-0.029498749238696033,0.9989346191251247
2.038303069,-0.03729979924946877,-0.02981855718533124,0.9988591385292195
2.050286811,-0.03939863587909068,-0.031093503894263963,0.9987396765456172
2.057033286,-0.0433691865238321,-0.031084211472253626,0.9985754280260501
2.067258784,-0.046555254514621336,-0.03183390464478314,0.998408338703231
2.077474599,-0.051785336207437214,-0.031507679459808584,0.9981610817342763
2.086796132,-0.0547893300459836,-0.031661145509910886,0.9979958422649429
2.098099275,-0.05818178755464629,-0.03217705394551912,0.9977873104005348
2.106800163,-0.05851682026574519,-0.03312545333931509,0.99773668173875
2.11923494,-0.05592561483952954,-0.035264732914262464,0.9978119683674408
2.128055102,-0.05931227195098962,-0.03534835000129717,0.9976134264073423
2.136925444,-0.06429329366778315,-0.032179210952809296,0.9974120867383766
2.147828077,-0.06436682997578781,-0.03644270392731831,0.9972606682955735
2.157762214,-0.06379520240784525,-0.037559647285485616,0.9972559576385253
2.166974295,-0.06961467419289107,-0.03368279884721469,0.9970051485317595
2.178027763,-0.06056789189267939,-0.040869427429886765,0.9973270378232157
2.187416721,-0.07514582925654437,-0.03667405359675999,0.9964979268107528
2.197157696,-0.07670769542932211,-0.03845569362531849,0.9963117429247325
2.20698568,-0.07966595092300002,-0.038441630868807794,0.9960801058547853
2.217215067,-0.07174178379437003,-0.03995157119685927,0.996622791439622
2.227818643,-0.08729280687441265,-0.03733783296544467,0.9954827231536623
2.237469527,-0.08078775045661556,-0.040168111049095616,0.9959216145013157
2.246842433,-0.0880277538421514,-0.04100690822372639,0.9952736046090224
2.257102815,-0.08813670569234523,-0.04559145009344066,0.9950644907683512
2.268941141,-0.09286735014505126,-0.041517383335347956,0.9948125261364688
2.277350314,-0.09167486746538261,-0.04295543866870216,0.9948620753471228
2.28751729,-0.09227736474926433,-0.04412329417332254,0.994755257772597
2.298721804,-0.09683940083178572,-0.04419951759753935,0.994318124691834
2.30703732,-0.10340819854783338,-0.044041847328809676,0.9936634541719636
2.318946741,-0.10683241522294172,-0.0454049451396189,0.9932397626024148
2.327620572,-0.10469821971425995,-0.04991853910618003,0.9932504327923393
2.337217829,-0.10585450494420447,-0.047957293217580056,0.9932245072541557
2.348992179,-0.1124389118321371,-0.04731976520005793,0.9925312745336625
2.35714273,-0.1131657849597746,-0.048027062405555064,0.9924146846914003
2.366956648,-0.11702953723622937,-0.04793514446681612,0.991970921619792
2.377822623,-0.12160877061021985,-0.04903415352671951,0.9913662081686007
2.389208533,-0.1202352139175027,-0.05170603904545534,0.9913979921607882
2.397321363,-0.1225599140844662,-0.05570404268286601,0.9908966278519641
2.407428927,-0.12824124236131515,-0.05279819166876261,0.9903365764800042
2.41709351,-0.13148763007191494,-0.05303198245848787,0.9898982836506961
2.428035446,-0.13288571724393355,-0.054563021445946464,0.9896283458163749
2.437688028,-0.13510196260464555,-0.055779006916429334,0.9892604116650934
2.450001527,-0.13881611349195638,-0.05661169665129236,0.9886987420024618
2.45705589,-0.14198489210937787,-0.05754238020528487,0.9881949022804148
2.466903237,-0.14572626946589862,-0.05781396997058225,0.9876342436670537
2.477564327,-0.14941502918092342,-0.05968994615970211,0.9869712556008488
2.488011493,-0.14313845470599365,-0.06320091044537476,0.9876826553621644
2.497166725,-0.1545173572600008,-0.061296299418707414,0.9860867862328132
2.507182211,-0.15994957978793292,-0.05996766918261274,0.985301989533396
2.517921812,-0.16341796543623402,-0.06094960574624042,0.9846723892402283
2.527570703,-0.16246548949368458,-0.06310479722135413,0.9846942415243574
2.537749403,-0.15531903312089426,-0.06581826590751727,0.9856692923203594
2.550162707,-0.16879696663216812,-0.06430777105875117,0.9835507585464179
2.556993106,-0.16824632810694556,-0.0674721149096594,0.9834331125135801
2.57099887,-0.16597173051727868,-0.07072848258816405,0.9835908023257821
2.578677365,-0.17294997395927025,-0.07155772972452437,0.9823277446067377
2.586728924,-0.18443853857596787,-0.070952252301881,0.9802796557009901
2.597965191,-0.17979066319930664,-0.07571635804916148,0.9807865978642473
2.606873689,-0.18671966724616898,-0.07764351093598132,0.9793402121188602
2.61717445,-0.1857392049244692,-0.07934488014718169,0.9793902887758564
2.628211087,-0.1919148292872207,-0.08176338773824639,0.9779997171396433
2.637988866,-0.19954948186449775,-0.08197817565696038,0.9764525503082917
2.647105874,-0.21002612404017978,-0.08158251919513183,0.9742860564446332
2.657697984,-0.19628440385662335,-0.09139370758300361,0.9762784556758807
2.670498298,-0.2128046478176946,-0.0909319443158394,0.9728543382080012
2.677684244,-0.2236197602081109,-0.09047246026944047,0.9704684110146304
2.689998946,-0.21695711558486164,-0.09207247119721061,0.9718293420373434
2.697214026,-0.2171077745648525,-0.08917430348150325,0.9720659225701136
2.707202114,-0.22343630218291882,-0.09445575768341202,0.970131088413971
2.718992344,-0.22879946512571298,-0.09538235862470312,0.9687894561881732
2.728697946,-0.23832829127410735,-0.09633164731067441,0.9663952810857348
2.73811354,-0.23863302187222374,-0.09814380028950774,0.9661377103378503
2.747384168,-0.23018669598233366,-0.1018376237811861,0.9678032772084099
2.756785864,-0.2375894527098057,-0.10093935681158844,0.9661068772177941
2.772105051,-0.24405437364425947,-0.10398505043519388,0.9641704060958822
2.778081067,-0.24597004060641442,-0.10321100831607966,0.9637666869561621
2.787612666,-0.23900692800712497,-0.10303579923342968,0.9655357644545982
2.804512718,-0.235379174796253,-0.10432838171190927,0.9662878623068849
2.807650838,-0.23535048198163047,-0.10449319116640861,0.9662770428975713
2.818509089,-0.23442872498978756,-0.10556202384905838,0.9663849295288878
2.829067776,-0.23333595858205305,-0.10657453546032838,0.9665382552304952
2.837428306,-0.23299161895731108,-0.10746325106496261,0.9665229201453011
2.84948728,-0.23026013526642902,-0.10892404967597394,0.9670138683127931
2.8573769,-0.2288182368508474,-0.10934987419778255,0.9673080272061215
2.867360766,-0.22803122121876399,-0.11044472490256786,0.9673694872646518
2.878841318,-0.2283713617574229,-0.11107716528783175,0.9672168239235088
2.887000761,-0.22669632486961125,-0.11240840686385382,0.9674570410912011
2.897101444,-0.22451620419093982,-0.11345193272156356,0.9678435477996606
2.907349903,-0.22996899531233758,-0.11220535450778599,0.966707928805188
2.918227752,-0.2294108980561274,-0.11300425773935051,0.9667474735347694
2.927612289,-0.23182239812037994,-0.11312693011576071,0.9661576855836214
2.936967112,-0.2348486438621324,-0.11271993095249469,0.9654741486141316
2.947702285,-0.2330216579244512,-0.11293669872723433,0.9658914064317656
2.957143605,-0.23346277617024688,-0.11318263166639295,0.9657560893061721
2.970712165,-0.2278168245312583,-0.11449127582575738,0.9669494517399988
2.97717126,-0.2217716312580417,-0.11566103913764164,0.9682147838133583
2.987490789,-0.21742647954952687,-0.11628927374212944,0.96912462088383
3.000403924,-0.21731040943319524,-0.11511276048795631,0.9692911009210905
3.006954659,-0.21873329395120744,-0.11477670133602937,0.9690108642051825
3.018540731,-0.21949210720559334,-0.1142253004091637,0.9689044305920397
3.027338867,-0.21769907365905977,-0.11374090187472333,0.9693658342280853
3.037532161,-0.2149920765310946,-0.1141431022871132,0.9699225532119159
3.04832472,-0.21220345075085006,-0.11455997917927578,0.9704873552292556
3.056871006,-0.2094940143828275,-0.11490412693554851,0.9710351690597757
3.069650629,-0.2092180827583969,-0.11363004621152951,0.9712445657221802
3.07925605,-0.205370773299258,-0.1132141128763763,0.9721138874227032
3.087073389,-0.20136768255100707,-0.11241079738922895,0.9730441249266935
3.098206733,-0.1962418950101472,-0.11314399075863252,0.97400593221912
3.10701292,-0.1934422914084984,-0.11297863261003104,0.9745849929422253
3.117010131,-0.18913547851668638,-0.11224779689654255,0.9755143273464191
3.128929602,-0.1881135661487098,-0.11099423221989568,0.9758553000546398
3.136924574,-0.18466543503097457,-0.11070465579827855,0.9765465458898545
3.147520348,-0.18209090712913187,-0.10976318676674084,0.9771360930656997
3.156859298,-0.17870503487871264,-0.10926956494879639,0.9778162775720698
3.167030162,-0.17419688102326153,-0.1089718834109659,0.9786626463024094
3.177953681,-0.17114019035340577,-0.10859791329520993,0.9792433448707865
3.186979129,-0.16766872280270595,-0.10807954270897992,0.9799010214514153
3.197150781,-0.15280514085796176,-0.11124345485264468,0.9819752963694282
3.21007861,-0.1500378626391959,-0.11032811120843326,0.9825051387406794
3.217704985,-0.14669487234259723,-0.1096911393687125,0.9830811097627616
3.227716532,-0.14464093989773183,-0.10891075125837307,0.9834721382763406
3.237490436,-0.14007862739677895,-0.1092262092682366,0.9840973596934024
3.253105641,-0.13760087026642212,-0.10909443547589724,0.9844614795156379
3.257468344,-0.13632478031220532,-0.10947145468710352,0.9845971536021818
3.269121373,-0.13854664349743842,-0.10784724470684673,0.9844662510135811
3.277929577,-0.13504265319676567,-0.10800629477469946,0.9849355928722542
3.288158166,-0.12887884368226019,-0.10835874122495226,0.9857223883281071
3.299071619,-0.13222096450571869,-0.10667723056914794,0.9854631322496415
3.307533128,-0.1305232730097858,-0.10650796558554874,0.9857077297402311
3.319284865,-0.1289026121260292,-0.10573202112584645,0.9860044910119478
3.328450521,-0.12459066612567289,-0.10576780065540457,0.9865547821884397
3.376332371,-0.1207661367476086,-0.10609380371169011,0.9869952608949262
3.376652902,-0.11977547472178894,-0.10588657916531989,0.9871382213286226
3.37718186,-0.11853444033072896,-0.10545223265612991,0.9873344990849445
3.377766281,-0.1136252857099786,-0.10698726503152871,0.987746434854816
3.378858091,-0.10659258669863168,-0.10786621476612261,0.9884345705067804
3.387043067,-0.10587995678506273,-0.10640577754244276,0.9886694317398416
3.397637929,-0.1017598447048542,-0.10732860188043744,0.9890022776637244
3.407823601,-0.10192964368968412,-0.10696427043089574,0.9890242628917051
3.417352229,-0.09929239082045031,-0.10713544016295548,0.9892739856006773
3.427634661,-0.08901076224466065,-0.11028879952419852,0.9899057858726436
3.437210728,-0.09654210077112944,-0.10849927841862107,0.9893975588009786
3.447137215,-0.09398534685635702,-0.10880644453492286,0.9896099798425434
3.457799543,-0.09312539701447027,-0.10821984639714766,0.9897555886564496
3.467615198,-0.09160677185490397,-0.10864244579490367,0.9898510081431574
3.477713196,-0.09431659993567848,-0.10796101262846429,0.989671055820473
3.487809018,-0.09341768975350458,-0.10584721769782249,0.989984596721963
3.497066971,-0.08168602452292599,-0.10765406915836889,0.990826924740787
3.507058388,-0.08272055046123077,-0.10734994422457211,0.9907740913075858
3.518526311,-0.07320199153208189,-0.10961412215986034,0.9912750438999562
3.527955825,-0.08661526994001184,-0.10781454709158325,0.9903907402882237
3.537612056,-0.09009588373788373,-0.10770316050711498,0.9900922992076387
3.580284603,-0.08866891052534798,-0.10803425671904641,0.9901850451715634
3.580931237,-0.09109676304254018,-0.1078873007193382,0.9899806614811556
3.581505839,-0.08727060359425078,-0.10874054318636518,0.9902319607121502
3.582036639,-0.08893297771608502,-0.1080693442758225,0.9901575340835135
3.586992345,-0.08200601118321607,-0.11127520909618863,0.990400344290337
3.598396213,-0.08439695023847461,-0.11168510084274871,0.9901533179463622
3.607059967,-0.08331161148191638,-0.11204167262342653,0.9902049479718991
3.617599697,-0.0824483811815059,-0.11108756297800147,0.9903846817232979
3.628702153,-0.0857360986312472,-0.11018974817729255,0.9902058072886252
3.63774475,-0.08353782335336439,-0.11038048374631823,0.9903724455361786
3.647145599,-0.08248584479875848,-0.11089112377387758,0.990403576364707
3.657846695,-0.08476210698994067,-0.11065013062210365,0.9902383217245925
3.667021929,-0.08258899646157905,-0.11145408520129009,0.9903317850879133
3.677610384,-0.07693225529890006,-0.11259484058929188,0.9906582811279058
3.687152952,-0.0769868217203587,-0.11262067411587312,0.9906511056083691
3.698273705,-0.08244971895527275,-0.11253850252872466,0.9902207477591999
3.707323069,-0.08015215778904793,-0.11427932441709387,0.9902100118724978
3.717097032,-0.08180819745558343,-0.1135760533740365,0.9901554922985815
3.728574614,-0.07776863287788792,-0.11548200842358256,0.9902605442360913
3.738024493,-0.07973303401475315,-0.1161111914666066,0.9900307240197181
3.747461965,-0.0820902538410223,-0.11573489483382061,0.9898821264888669
3.757100471,-0.07676228554158991,-0.11764672822043382,0.9900842382633201
3.76805696,-0.07238209001435915,-0.11878267441852827,0.9902785008789877
3.777551469,-0.0807718871986798,-0.11659780850397541,0.9898893136560442
3.787271683,-0.08693943900850022,-0.1140064600324882,0.9896686622378966
3.799091216,-0.08688596022595545,-0.11369259618964928,0.9897094641799034
3.807222303,-0.08323248040594389,-0.11529869951756527,0.9898376453212074
3.817600182,-0.07982707643675246,-0.11645051655979514,0.9899832902935877
3.830982062,-0.07968273980287204,-0.11654148337680245,0.9899842138286056
3.877031015,-0.08125934792066496,-0.11616659974698246,0.9899001159100512
3.877427947,-0.07935703227963523,-0.11638706643624004,0.9900285411007782
3.877678825,-0.07847487546516721,-0.11692458201666432,0.9900355226157065
3.878022328,-0.08078519900602348,-0.11722861917010556,0.9898137210955542
3.878281391,-0.08220454964806406,-0.11795618416918559,0.9896104034585551
3.887087258,-0.0836174073655323,-0.11723405926874735,0.9895778415732835
3.897584295,-0.07583136427809699,-0.11864961484305805,0.9900362988746001
3.907170482,-0.0772603286426502,-0.11914981635874924,0.9898657297228276
3.917252759,-0.07740929874695761,-0.11972361083442036,0.9897848541356209
3.928641968,-0.07992984488197047,-0.12035084255979353,0.9895084105717807
3.938543267,-0.08554183436984615,-0.11897583490783774,0.9892054110651765
3.969621689,-0.08391861262288668,-0.11942109953150667,0.9892907901330812
3.969996065,-0.08416982051197397,-0.12093496525150552,0.9890855248635475
3.970399194,-0.07953951717926673,-0.12200203328268291,0.989337641597539
3.977241684,-0.07460938690724774,-0.12259382777667374,0.9896485198172066
3.987370302,-0.08063583534921741,-0.1220964488389815,0.9892372411299749
3.997143132,-0.08590065225818373,-0.12153019000266306,0.9888637372558139
4.007111081,-0.08371608386675142,-0.12271286311139,0.9889050361531284
4.021311365,-0.08176081349855495,-0.12460342584829404,0.988832218145689
4.026992492,-0.07926943358427198,-0.12482556816872149,0.9890070446819804
4.037304501,-0.0815816513088084,-0.12317876845998509,0.9890254926797435
4.04768775,-0.08314392416720504,-0.12469145031182069,0.9887057854049469
4.057107891,-0.08050945748931154,-0.12699966679708063,0.9886300176952991
4.067890785,-0.08327996255730502,-0.12696963365829037,0.9884043504381865
4.077676763,-0.08909745974563277,-0.12615087766036218,0.9880018212191695
4.087225452,-0.08735964959434908,-0.1283146771345662,0.987878350433192
4.097662593,-0.08199282226629905,-0.13127420287537708,0.987949523384794
4.107035718,-0.08293444310147932,-0.13149139268577187,0.9878420378770097
4.117139202,-0.08505326775829487,-0.13192035289836698,0.987604658825993
4.129129473,-0.08314379156778687,-0.13286186185546126,0.9876410459210537
4.138055871,-0.08441892713710875,-0.1326453843321218,0.987561971096702
4.147538301,-0.08529137727722694,-0.13249083348808977,0.9875077518702245
4.158418778,-0.08253999009051435,-0.13233697843195497,0.9877621546583764
4.167184797,-0.08105174499092188,-0.1334346281733233,0.9877377256327581
4.178109258,-0.08113250362721562,-0.13381953317534453,0.9876790214416385
4.187920542,-0.0775244741764313,-0.13376875307458833,0.9879756457547614
4.197673747,-0.0794513263626085,-0.133642086238204,0.987839703355318
4.20750664,-0.08593148328245707,-0.13110518721369704,0.9876371854413635
4.217423266,-0.08479277674951421,-0.1320515192934771,0.9876095287427068
4.228159463,-0.07783900127064107,-0.13526397261168527,0.9877473095860573
4.238592835,-0.07858898204389048,-0.13531098324402827,0.9876814819134959
4.247492724,-0.0759424088996279,-0.1352644859044664,0.9878948675762631
4.256969679,-0.07427577322770146,-0.13490843143022754,0.9880702528871431
4.267673593,-0.0716492592032046,-0.13501119881805704,0.988250150442358
4.278532471,-0.07724303304919695,-0.1348779572485087,0.9878468760358714
4.287680799,-0.07740842730018492,-0.13507167729935243,0.9878074596673441
4.298068542,-0.07398300525871027,-0.13520327644621724,0.9880519161314842
4.307188593,-0.0724691128498044,-0.1350159181757438,0.9881897234448066
4.328446318,-0.06951991472534594,-0.1353705050945615,0.9883530785134551
4.328804781,-0.07137211672414077,-0.1347513352375243,0.9883056706333421
4.337513078,-0.07052562745262221,-0.13500291813968177,0.9883321040855572
4.347851023,-0.07427859414490294,-0.13502300355236346,0.9880543906908947
4.357152722,-0.07585585233438075,-0.13520750472780022,0.9879093178687539
4.369914586,-0.07654362653158647,-0.13495827043958963,0.9878903473955738
4.378222436,-0.07632649031229313,-0.13506860493987857,0.9878920684144612
4.387112307,-0.07563895963908773,-0.1354505851733398,0.9878926494113195
4.397285336,-0.07541225538121227,-0.1355301935038699,0.9878990628536514
4.408184476,-0.07290804358663562,-0.13532160561567502,0.9881156208834899
4.417175868,-0.07269576019932235,-0.13480496962153968,0.9882018754355704
4.42777497,-0.07198436350166017,-0.1350511119587811,0.9882203441388755
4.441336309,-0.0716280193203677,-0.13501499176108542,0.9882511719436486
4.447767957,-0.07151417819101435,-0.1346811642340442,0.9883049662519289
4.457286217,-0.071862047592938,-0.1343872771299669,0.9883197386784016
4.467139225,-0.06901962872813151,-0.13494930565250163,0.9884457373847786
4.477778789,-0.0714682470103547,-0.13366669474172332,0.9884460047903932
4.487300655,-0.07142304013299168,-0.13300505621115452,0.988538519411575
4.497715965,-0.0703655645102394,-0.1324268421561987,0.9886919736741533
4.507256217,-0.07026281095122838,-0.13209879461840168,0.988743164758977
4.524179518,-0.07122035838443153,-0.13125668303563837,0.9887868039724615
4.527471808,-0.07106908579728757,-0.13107587766106693,0.9888216721630444
4.539358774,-0.07103599978473556,-0.13061046333508858,0.9888856322153622
4.554109253,-0.07055112711567205,-0.12994243185071508,0.9890083431738231
4.556716216,-0.07009976709524145,-0.12943606489194856,0.9891068333392912
4.569334012,-0.07030251671832861,-0.12831633627270211,0.9892383302261494
4.578938396,-0.07030087525797064,-0.12746365862345102,0.9893486759824808
4.58791347,-0.06917925748085925,-0.1266144166303407,0.9895367703303174
4.598226831,-0.06912514583306488,-0.12587933946669877,0.989634329491952
4.607386513,-0.06845544670304103,-0.12513001189889875,0.9897758998575731
4.617016652,-0.06836455162716372,-0.12393418228644552,0.9899326272741025
4.629129475,-0.06753004539297375,-0.12247293605095459,0.9901717390959418
4.63702825,-0.0659868957674396,-0.1217606566712266,0.990363605992248
4.647986647,-0.06508203540909688,-0.12010847213699231,0.9906251983408895
4.657861378,-0.06411904461312791,-0.11868109260793464,0.990860003418892
4.667155958,-0.06462379570786721,-0.11844932167929295,0.9908549456010316
4.677863976,-0.06749666909860352,-0.11504644970843868,0.991064333971351
4.687232253,-0.06587917575115564,-0.11327923040888795,0.9913766943802536
4.697458347,-0.06421519970475695,-0.1117483659824775,0.9916595740611414
4.707325847,-0.0625837515742347,-0.11033333860771848,0.99192228951192
4.787701848,-0.06135395131858159,-0.10887304574546387,0.9921604469881388
4.788188449,-0.059843885562848025,-0.107517058483427,0.9924005196974719
4.788655085,-0.052510701621890574,-0.1062462311587913,0.9929523475876019
4.789293784,-0.051434861213374906,-0.10500839360838327,0.9931403185470561
4.789531238,-0.05077645741328171,-0.10352925378472737,0.9933294745366891
4.789785024,-0.05002020364752622,-0.10194413191272697,0.993531767582507
4.790367072,-0.04925642290678063,-0.10045285016935228,0.9937218069939304
4.790737128,-0.043241652844539895,-0.0997205822054052,0.9940754322202553
4.79883483,-0.04236378356734801,-0.09809135360489045,0.9942753120689558
4.807112051,-0.038496933094267854,-0.0975195244015215,0.9944887774645004
4.817443148,-0.03760962506299454,-0.09643698529610137,0.9946282843201376
4.829517826,-0.04293003995572088,-0.09481914555762957,0.9945684196198478
4.83723519,-0.04266404603629742,-0.09457086545738652,0.9946035042078092
4.849144006,-0.03655155276437207,-0.09548655045911167,0.9947594194939462
4.857031497,-0.03339904277336924,-0.09455497310564655,0.9949592257991344
4.867846747,-0.03637668899415705,-0.09317398090099796,0.9949850982707644
4.879037868,-0.03723987730976869,-0.09298548457907245,0.9949707991672663
4.887296528,-0.03619777622809875,-0.09277112035594448,0.9950292660138412
4.897235478,-0.041170285354053225,-0.09156680215661818,0.9949475002967124
4.907456939,-0.040360655523960474,-0.0912498216921149,0.9950097926788628
4.917297378,-0.039842999973583766,-0.09047152452555512,0.995101722741513
4.92789888,-0.039742430491920167,-0.08961482128456309,0.9951832610251896
4.937155794,-0.042431177469463496,-0.08895252978694616,0.9951316709978922
4.95097321,-0.03907676949733543,-0.09010942327313581,0.9951649601563729
4.957211233,-0.033387126424348816,-0.09046130583621155,0.9953401689550825
4.967116786,-0.033570744380470786,-0.08931250083873173,0.9954377340224113
4.977376731,-0.03223352579433541,-0.08826571376893283,0.9955752927768582
4.987719378,-0.03355506470424113,-0.08700695895880484,0.995642429150865
4.997377984,-0.037162816575540034,-0.08626422706789402,0.9955789311714827
5.007138519,-0.04235191715116155,-0.08492446994543279,0.9954868906811924
5.018443027,-0.0419024051217713,-0.08432249152147345,0.9955570831793735
5.027455552,-0.03483012507945427,-0.08452419814746653,0.9958124935521132
5.037482695,-0.03599936824231659,-0.08241110431148667,0.9959480184087499
5.04749219,-0.0373268087954983,-0.08152789827384735,0.9959718425478672
5.057366276,-0.041224252380071665,-0.08198600693116438,0.9957805258605871
5.068076766,-0.03959320856302447,-0.0830597477152476,0.9957577296436941
5.079845514,-0.03853837201114919,-0.0820268799620037,0.9958847246777257
5.087753465,-0.03796310181753772,-0.08086702020065846,0.9960016706533467
5.098482666,-0.03431274198448826,-0.08036678893244917,0.9961745906085907
5.141620912,-0.03917530815967348,-0.07830479686988802,0.9961594521048126
5.142092859,-0.03685826302925926,-0.0789046857965801,0.9962005415606884
5.143317787,-0.03593229080569743,-0.07920296556582937,0.9962107009679393
5.143905018,-0.04470445401995056,-0.07673310272701062,0.9960489660336304
5.148298637,-0.04225780115108699,-0.07653248892927951,0.9961711983289645
5.159359386,-0.039843778591933214,-0.07586969048899804,0.9963213655104565
5.167057462,-0.0393965721490254,-0.07623769508571585,0.996311057828289
5.177923398,-0.039742328290486365,-0.07493278542527847,0.9963963192477482
5.188160975,-0.04272014490785013,-0.0733055228010509,0.9963941436730333
5.197730409,-0.03903358168390949,-0.07357967432746221,0.9965251682856737
5.208317416,-0.038121076214650176,-0.07286893755032267,0.9966127138906689
5.21772112,-0.04415953697250894,-0.07121316136838629,0.9964831262707331
5.227890368,-0.03946072416945143,-0.07186545167601396,0.9966334371790989
5.237606478,-0.03443219513990681,-0.0716148090815458,0.9968378720022936
5.24769742,-0.03281133760479725,-0.07067757793446396,0.9969594255043192
5.257226974,-0.041638615618505875,-0.06704178134402938,0.9968809483802937
5.268326352,-0.04565528243625976,-0.06631572583860519,0.9967536404208235
5.277665557,-0.04289958956828591,-0.0650686519105674,0.9969582216689995
5.287633838,-0.04961269606372886,-0.061447427654185566,0.9968765189450355
5.298545755,-0.04756250349357521,-0.06027086190371593,0.997048259346962
5.307385573,-0.04306677945029538,-0.05984512065359236,0.9972782029312265
5.317237469,-0.047865787713590624,-0.057512862601955886,0.9971966390847323
5.32785974,-0.051249217161186494,-0.055702848899561855,0.9971312402912859
5.337007026,-0.04575658727488016,-0.054841320814652296,0.9974461209770985
5.349351859,-0.041064066289914575,-0.05433402231957942,0.9976780825889245
5.358147048,-0.04597521839828896,-0.05170913977783447,0.9976033501129926
5.367302536,-0.04573096354040528,-0.05017572764330684,0.9976928762545771
5.378915019,-0.0436180259111953,-0.050537895448133786,0.9977692062492629
5.387127532,-0.04208589436370916,-0.04967971358346842,0.9978781005482941
5.397103579,-0.04148602594913295,-0.04891008132811758,0.9979412375462919
5.408633288,-0.04753091856863603,-0.046741761650687504,0.997775535628035
5.417137581,-0.04978734406372287,-0.04552569366832537,0.997721720514843
5.42767317,-0.05237803378143779,-0.04424882992222158,0.9976465218842319
5.437834506,-0.05263601155821038,-0.04230967417425662,0.9977170649831105
5.450500072,-0.05167683116376003,-0.04078130562123887,0.9978308424942073
5.457153804,-0.05196490221104437,-0.039431521732761064,0.9978701338511116
5.46923356,-0.0541462901757455,-0.038127866757404996,0.9978048130955942
5.477828958,-0.054663378095465995,-0.03677936073254983,0.9978272364088371
5.489184393,-0.05830969338522876,-0.03603980135673829,0.997647789741193
5.503655215,-0.060421375959508014,-0.034766251332128406,0.9975673235904788
5.507372358,-0.05441562371041179,-0.034881584079077696,0.9979089211888735
5.519161609,-0.05673144605163414,-0.0333789866503687,0.9978313415999144
5.527502594,-0.060584457571508245,-0.03098483154048351,0.9976820454008253
5.537138192,-0.06462948754477241,-0.02869442594018117,0.9974966963652881
5.549682022,-0.07117669157912464,-0.026140482780417425,0.9971211329301256
5.557161899,-0.0731085363611565,-0.02528674967828961,0.9970033712088627
5.573017244,-0.06509261992163874,-0.02609710415267601,0.9975379150621703
5.57749862,-0.06823880582235929,-0.02528341548709023,0.9973485921588527
5.587214773,-0.06858295150741907,-0.02425852460991784,0.9973504412924683
5.598227,-0.06745220838811461,-0.023986337210874255,0.9974341357757778
5.608131026,-0.07023061479709852,-0.022591243114611685,0.9972749352509359
5.617117255,-0.07109328672670062,-0.021794657969227818,0.9972315365382302
5.629627132,-0.07261262633253394,-0.0206123542320272,0.9971471994395337
5.637221568,-0.07344068863451282,-0.019625031328011102,0.9971064754569912
5.647449553,-0.07215010448910172,-0.019201194763368772,0.9972089432721064
5.657647367,-0.073022729852598,-0.01861909191997297,0.9971564623171983
5.667295949,-0.07715927969261069,-0.01722074817165595,0.9968700473932025
5.677988195,-0.07817902901657464,-0.016363994333295308,0.9968050256251146
5.687153536,-0.08183745589247993,-0.015454539539888495,0.9965258591831205
5.697968263,-0.08264877772463361,-0.014331964643186548,0.9964756767378172
5.707329622,-0.08022093035232339,-0.014133846361031271,0.9966768968529625
5.717339725,-0.07379282595319953,-0.015953489719020747,0.9971459797861225
5.72800587,-0.07717628348310314,-0.014804684161712708,0.9969075396417701
5.737584455,-0.07553768096900544,-0.01496011882867967,0.9970307184828643
5.748531628,-0.0727705866937963,-0.015886027926186815,0.9972221797718747
5.756940367,-0.07407006225485521,-0.015302929772121809,0.9971356207748028
5.783058872,-0.07497181685065889,-0.014841165538066949,0.9970752060319137
5.783438024,-0.07417066010945912,-0.015059768307468852,0.9971318451225257
5.787044495,-0.0744982396359593,-0.01463995359346639,0.9971136765935589
5.798308984,-0.07473732587673462,-0.014708854887148418,0.9970947706756382
5.80702487,-0.08083146272346209,-0.013849442330219824,0.9966315605985633
5.833911799,-0.08477377303931208,-0.012833871448431353,0.9963175694266986
5.834274645,-0.07858513342146897,-0.015464794652204867,0.9967874482212822
5.837344574,-0.07519326678302579,-0.016928259206464336,0.9970252788524148
5.847577309,-0.07470445055286508,-0.0167914213983473,0.9970643375605296
5.857760954,-0.07478296867953772,-0.0169151405922367,0.9970563602997677
5.867188452,-0.07764322550728683,-0.015894381844654415,0.996854502000468
5.878909544,-0.0787340857991637,-0.016266026336026154,0.9967629407841192
5.887115967,-0.07874138589678834,-0.01613801298876459,0.9967644449336202
5.897705096,-0.0794770256831807,-0.0160161840483217,0.9967080235641155
5.907546776,-0.07720409952918915,-0.016567810850382864,0.9968776427724282
5.91703364,-0.08415073067489412,-0.014052076593100595,0.9963539499948315
5.927384737,-0.08048780236173947,-0.014738180201028553,0.9966466273034489
5.937837934,-0.07790194988708375,-0.015183970972269006,0.9968453908351604
5.948160353,-0.08439461142902151,-0.014332198338508746,0.9963293319242037
5.957178981,-0.08547475084828669,-0.015379927661289986,0.9962216243349452
5.967060492,-0.08638929422267586,-0.015799724971442317,0.9961361646554826
5.977248019,-0.08774758782354874,-0.015731081802212703,0.9960185208601701
5.987112989,-0.088114252833086,-0.016045977627856558,0.9959811268541354
6.005092574,-0.08337953628879591,-0.017704430705450004,0.9963605803431113
6.007141872,-0.08648595984995014,-0.016991194362229248,0.9961081658449438
6.018602164,-0.08687527987437678,-0.016598327210735828,0.9960809110110252
6.027514139,-0.08672608094612123,-0.017122531617085716,0.9960850394392785
6.03768424,-0.08373718753702777,-0.016959725932353367,0.9963435407125838
6.047697506,-0.08351285557027929,-0.017009303004214573,0.9963615240292093
6.05710867,-0.08305514316707842,-0.01681932297596216,0.9964030076069255
6.07005135,-0.08295868987999393,-0.01663504563373066,0.996414136305863
6.078988141,-0.08308008383408194,-0.016457673945094186,0.9964069673775064
6.087670884,-0.08277008551174725,-0.018892509698557686,0.9963895754280391
6.097934486,-0.08360906846066789,-0.020355883636864337,0.9962907013881551
6.107189975,-0.08389087528523458,-0.02071462206834979,0.9962596175076267
6.117137359,-0.08703219983035954,-0.018797394900217645,0.9960281392298381
6.1297814,-0.08618754255633779,-0.018752339676591234,0.9961024331185792
6.137012292,-0.08496904703062365,-0.018972123713422342,0.9962029509936771
6.147651606,-0.0853673585094018,-0.01853303779982025,0.9961771632651683
6.15770467,-0.08379477533506155,-0.018018135810938387,0.996320120447462
6.167318475,-0.08351496532941516,-0.018011699535966735,0.9963437304694864
6.177845645,-0.08372423458268584,-0.01801670446679693,0.9963260765952577
6.187866332,-0.08778267695105314,-0.01708845795503635,0.9959930653533821
6.19734361,-0.09088369948514155,-0.015673862151568213,0.9957381599663379
6.207862302,-0.0904665983553257,-0.015150353663746261,0.9957842443852382
6.21770045,-0.08805483516115573,-0.014862382779445033,0.9960047467672325
6.227919017,-0.08259852559298816,-0.016815731688215017,0.9964410242145063
6.237496169,-0.08375537667045518,-0.016512268021037283,0.9963495279687704
6.247311408,-0.08287803928101675,-0.016196410583187635,0.9964280741173219
6.257216546,-0.08565939116461682,-0.014757487189858325,0.9962151802081458
6.274521292,-0.08941262761944938,-0.012494627595508056,0.9959162948277507
6.279665053,-0.0843398784683843,-0.01317215705450482,0.9963499782598831
6.288550673,-0.0840366399355965,-0.013291839976481947,0.9963740111716959
6.299241124,-0.08667020530574575,-0.012564957676035531,0.9961578174922182
6.306921769,-0.08886275577277723,-0.011543164013189989,0.9959769906985966
6.318820363,-0.08556517097611899,-0.013320919851698724,0.9962435217406095
6.329914496,-0.08445204760236641,-0.014166036266015352,0.996326841489417
6.337734963,-0.08401538561942692,-0.014202979005866643,0.9963632321430663
6.348496358,-0.08496658270155648,-0.013328069847891179,0.9962946564034906
6.358255137,-0.08573887131886931,-0.01282647807703409,0.9962350763776118
6.369507326,-0.08575437582852426,-0.01297524031438758,0.9962318154752157
6.380032213,-0.0885706541542675,-0.011798975854558209,0.9960000117427051
6.387295792,-0.08912642674709746,-0.011684305663074475,0.9959517845038816
6.397687939,-0.08695426658218447,-0.012549699487308788,0.996133254422285
6.408719917,-0.08702633599589402,-0.012248359130269348,0.9961307115744128
6.421484312,-0.0821039141213559,-0.014790865962446125,0.9965140127313985
6.441480008,-0.08347020154341357,-0.01642835962809281,0.9963748463576506
6.441953263,-0.08458419108646058,-0.016829322934673943,0.9962742034740284
6.450417175,-0.08761039142494093,-0.016356610406883517,0.9960205221833365
6.457078214,-0.0893105798031969,-0.016815978801896947,0.9958618594926462
6.467502638,-0.08890022062755434,-0.017331366017619802,0.9958897401441265
6.478010502,-0.08987689770453208,-0.016614306558999953,0.9958142939708049
6.487458957,-0.08792377790560184,-0.017039578079490792,0.9959814566836469
6.497457789,-0.08650993588057644,-0.01837951999795206,0.9960814345416661
6.507018938,-0.08565432139433506,-0.019360672996991186,0.9961367885825618
6.517493757,-0.08434824341039744,-0.019939203653010672,0.996236820234659
6.528110047,-0.08350684563366027,-0.021879506402494676,0.9962669792439672
6.537045955,-0.08429298646246067,-0.022419160034542727,0.9961887741269648
6.552533244,-0.08353500459521405,-0.023921267871622454,0.9962176850220497
6.557188743,-0.08568802981775939,-0.024657277235705214,0.9960168574001509
6.567298839,-0.08651536718672494,-0.024424184701593205,0.995951078337791
6.579174478,-0.08691038749091781,-0.02248779393140052,0.9959622902852686
6.587125157,-0.08726381327462,-0.022802675882342617,0.9959242264677455
6.598078386,-0.08723020371266854,-0.02226088675880257,0.9959394281184766
6.607102963,-0.08957765520483287,-0.02038757926290649,0.9957711535788747
6.617092878,-0.08904944391053234,-0.020752996830241142,0.995810980890344
6.628519823,-0.08920844320776516,-0.02067792698599229,0.9957983114044776
6.637311524,-0.08748426088505849,-0.02062594817927827,0.9959523454257743
6.647467746,-0.0883935506424556,-0.0201654183913095,0.9958814869782063
6.657752457,-0.08496141948087164,-0.02186640218605477,0.9961442755219915
6.667109095,-0.08516252093851572,-0.02227136759369086,0.9961181311535815
6.678186631,-0.08368655486665214,-0.022191047428618126,0.9962450089955642
6.69180831,-0.08353261919404273,-0.02246182451257266,0.9962518597072476
6.698142724,-0.08416421993750693,-0.023299878234567833,0.9961794515831801
6.708139796,-0.08426565578763281,-0.022922808222459654,0.9961796244241681
6.717207387,-0.08646156145816865,-0.021888096230193218,0.9960147135628235
6.728181794,-0.08520799438315678,-0.022210109807349904,0.9961156101153849
6.737298328,-0.08559636628934096,-0.022421064436839614,0.9960775863092092
6.747834318,-0.0859413871161415,-0.02181085697097113,0.99606142606706
6.757048948,-0.08777430341274921,-0.02134797313472107,0.9959116103869087
6.768286135,-0.0879454981089725,-0.021962218616297557,0.9958831509347945
6.777715321,-0.0864031374136779,-0.02311682942402701,0.9959920230817383
6.787201329,-0.08677753715083956,-0.021809190454198605,0.9959889649277082
6.798239139,-0.08541819967556272,-0.02281768601957476,0.9960838741636661
6.807185953,-0.08579624419827717,-0.021583703484947772,0.9960788865473172
6.817607715,-0.0850814973917684,-0.02290563731516437,0.9961106718536654
6.828999895,-0.08505740100704454,-0.022347652496192978,0.9961254042347462
6.8372632,-0.08602302995589729,-0.021464762648955145,0.9960618968124576
6.849222046,-0.0875795936335728,-0.02159085471278386,0.9959235160250759
6.857052884,-0.08913830959198056,-0.021723141702606214,0.9957823391071228
6.867616237,-0.0867341595657568,-0.02368815651602275,0.9959498264497536
6.878301683,-0.08720584768173327,-0.022695648875969646,0.995931748490934
6.888930846,-0.0870540793346781,-0.022958797796904566,0.9959389945548435
6.897699949,-0.08779984356109452,-0.023327770679120986,0.9958649519818387
6.909517722,-0.08698831436705735,-0.023186901692167538,0.9959394563694601
6.920511085,-0.08683108263289785,-0.023552769426121726,0.9959445919031635
6.928172231,-0.08553847493131721,-0.02371700365484122,0.9960525453228162
6.93784914,-0.08440250662898087,-0.023507008559223167,0.9961544244861544
6.947549769,-0.08442105947953596,-0.02396749921114778,0.9961418793012952
6.958144503,-0.08569315300818994,-0.02355491868437987,0.9960430961224956
6.968198376,-0.08503058632656743,-0.023676955279299805,0.9960969838211852
6.97746437,-0.08566804737837377,-0.02410694643983458,0.9960320480746208
6.987288026,-0.08607174334928086,-0.02387621446587246,0.996002801893446
6.997466464,-0.0849922423353235,-0.02442752657658295,0.9960821325012129
7.007047463,-0.08328096813533832,-0.026366665339594166,0.9961772328784224
7.018049434,-0.08307015032609401,-0.026324243972949583,0.9961959567796153
7.027647116,-0.0843456332129719,-0.026483448198197267,0.9960845552107694
7.037301598,-0.08289625275106248,-0.025233372835236443,0.99623867028699
7.048597197,-0.08308980475192018,-0.025131825847398197,0.9962251129518187
7.057346888,-0.08226205849451979,-0.025678111390621712,0.9962798744969483
7.067737924,-0.08503997123199811,-0.024427519232091553,0.9960780589878621
7.081633905,-0.08111948296255242,-0.024521439398318745,0.996402693941422
7.087337395,-0.08025771960113226,-0.024685174866063073,0.9964684343150353
7.098655775,-0.08081429010259875,-0.02286536288804198,0.9964668713485718
7.107497962,-0.08115054891601929,-0.024302620491375552,0.9964055254001158
7.117184281,-0.08014514986191547,-0.02430024728656226,0.9964869557276819
7.128133233,-0.07881229377873712,-0.022733782176821007,0.9966302210435277
7.13711591,-0.07941130674602909,-0.022736408473878093,0.9965826107707264
7.147629386,-0.08085341005620121,-0.02290444982097207,0.9964628002392675
7.157165742,-0.08170946763245042,-0.023974424763887538,0.9963677984843059
7.167188571,-0.08184568649871836,-0.023541569040074716,0.9963669395000444
7.178038188,-0.0834138125411646,-0.022481126708027436,0.9962613787652743
7.187195296,-0.0824899889980955,-0.022886579105723913,0.9963290652249043
7.203686487,-0.08380593363991294,-0.022625338937287198,0.9962252052245594
7.207188278,-0.08552632719416296,-0.021133432249867218,0.9961117534684637
7.218569004,-0.08586213529945065,-0.020470774661509913,0.9960967026883367
7.227783979,-0.08589953285758177,-0.021206373518280593,0.996078089296744
7.237378711,-0.08593052414489308,-0.02102044560582729,0.9960793572234676
7.24752518,-0.08362756230283346,-0.021733159789322273,0.9962600567065096
7.257047204,-0.08334837154296415,-0.022544530120020972,0.9962654230288249
7.267538286,-0.08430533862870819,-0.02291636808913032,0.9961764150753132
7.277869499,-0.08369170999356595,-0.02274046455770993,0.996232186264855
7.287297589,-0.08367164942227041,-0.022917081217489303,0.9962298241226407
7.299246801,-0.0833703128083267,-0.022636556922351853,0.9962615004269425
7.307373516,-0.08504505209557361,-0.022596971648979097,0.9961208340288623
7.322465079,-0.08250083704047549,-0.02379589542948586,0.9963068639973981
7.327806524,-0.0838129476104501,-0.023417631087104443,0.9962063061269569
7.337505005,-0.08446385869482448,-0.024409170156790727,0.9961275264676897
7.363819351,-0.08508511908161577,-0.02486440682459,0.9960633934565253
7.364143105,-0.0827366054587879,-0.025921698190044667,0.9962342694768641
7.367758283,-0.08372279707726119,-0.02600534208005107,0.9961496952932624
7.378260956,-0.08409005341662792,-0.026820211305073605,0.9960971534855121
7.387164484,-0.08361742851493853,-0.027563094968915687,0.9961166605595371
7.397372802,-0.08340885371706379,-0.026097819057722647,0.9961736128617521
7.408156921,-0.08412994161725702,-0.02682903966660836,0.9960935475918136
7.416908506,-0.08379671064279426,-0.026732503926723095,0.9961242314687739
7.427951336,-0.08620067839720945,-0.0260828096587256,0.9959363082467511
7.438058592,-0.08610693949767963,-0.025739364922357007,0.9959533523532801
7.447276121,-0.08644456810227935,-0.025322739513145183,0.9959347847671353
7.457000429,-0.08367012641745984,-0.02565331923107659,0.9961632482468498
7.467811101,-0.08414052279011511,-0.026238918419615804,0.9961083734136437
7.488897638,-0.08354671735990064,-0.026694618630223592,0.9961462459672134
7.489500895,-0.0838902262033177,-0.02696964398228096,0.9961099679508411
7.49771223,-0.08459161625452664,-0.026928415878395145,0.9960517651596864
7.509366422,-0.08469088448821323,-0.026075410516988085,0.9960660254475978
7.520210987,-0.08354166780457785,-0.025302721202200174,0.9961829962613262
7.527893606,-0.0839058392819595,-0.0249287588053324,0.9961618177378692
7.538151794,-0.08372168548482584,-0.025079628653954383,0.9961735248470317
7.551720998,-0.08355663846848493,-0.02495545755184247,0.9961905005099302
7.556971284,-0.08549668216912365,-0.024179152864544355,0.9960450220270292
7.567511604,-0.08467690352822267,-0.024517620891173163,0.9961067755390025
7.577871487,-0.0841661039493904,-0.023798756605149657,0.9961674990331845
7.587443789,-0.0848912499457222,-0.023637633497671832,0.9961098021630359
7.620665792,-0.08258803160713801,-0.024964041590719938,0.9962710543133907
7.621004989,-0.08189029809622715,-0.02489039142150696,0.9963304910985086
7.621260091,-0.08128767238231205,-0.024513325973263698,0.9963891865974833
7.628052219,-0.08266891307889913,-0.02514137627995714,0.9962598867811064
7.637232416,-0.08108076235902122,-0.025448112120107152,0.9963826090236634
7.64845693,-0.08199248763830169,-0.0249907401722967,0.9963195746729678
7.661107991,-0.081826220734848,-0.02485797005786187,0.996336565084738
7.667221454,-0.0815131122382807,-0.024398933216785074,0.996373576823027
7.678100027,-0.0809182633209958,-0.025338704405055715,0.9963986073455681
7.689238212,-0.08134535106006589,-0.025925744178778302,0.9963487289346493
7.697243466,-0.08258518973226596,-0.02563640058423459,0.9962542152492857
7.7299904,-0.08365365283782178,-0.025910485753468295,0.9961579759731428
7.730424167,-0.08349174364839669,-0.025658326500328815,0.9961780859985594
7.730843795,-0.08507376678747632,-0.024845577436213472,0.9960648329734624
7.73808201,-0.08485336250681347,-0.024852247881971122,0.9960834667067316
7.747867031,-0.08256092130076075,-0.024510698318160457,0.9962845577152775
7.757091233,-0.08213923134830281,-0.024774074322555628,0.9963128985991151
7.767545121,-0.08172066133613945,-0.025246225517490808,0.9963354664007018
7.777865337,-0.08174475335969386,-0.024139594463876236,0.9963609161730916
7.78752502,-0.08089081854495188,-0.023351367542034526,0.9964493911428942
7.802990124,-0.08174261533981668,-0.023780160593976373,0.9963697349877361
7.806988588,-0.08269782218436364,-0.023996586911350454,0.9962857190698707
7.817908842,-0.08233504775793732,-0.024259241886131464,0.9963094042985885
7.827734798,-0.08270523626425315,-0.02456385281905294,0.9962712788338114
7.837317964,-0.08117822260059997,-0.025991051577367422,0.9963606583026601
7.848758202,-0.08064341272451402,-0.02579345928366261,0.9964092218774
7.85736369,-0.0790415089738269,-0.02479886264788346,0.9965628210356394
7.867279729,-0.07754324183955912,-0.024861308329929693,0.9966789658626974
7.878077742,-0.07786804653942353,-0.024508323332899377,0.9966623848703954
7.887329371,-0.07685951115971057,-0.02465252604636175,0.9967371110296956
7.89756379,-0.07742154323961246,-0.023744892112576896,0.9967156488893705
7.907623656,-0.07613145591623177,-0.02329511878481765,0.9968256311215498
7.917833749,-0.0751528527616548,-0.02238673455549283,0.9969207003757756
7.927698544,-0.07706013530607397,-0.021541740193516085,0.9967937043220351
7.93851031,-0.07875262386168766,-0.020818553178872705,0.996676784157451
7.947525341,-0.07540700603180463,-0.019333744022382787,0.9969653904641809
7.957134199,-0.07467588064620345,-0.018272963595559365,0.9970404262872942
7.968668326,-0.07634319424477315,-0.01767748815869626,0.9969248833813429
7.977423654,-0.07838950254844573,-0.016253379090100425,0.9967903057104643
7.988029443,-0.0792716418420902,-0.015686742359373413,0.9967296187601782
7.997511561,-0.07736305594835893,-0.016240506969350598,0.9968707055118582
8.007110385,-0.07764232970934469,-0.016780692238471413,0.9968400458475288
8.017637364,-0.07751488405815593,-0.01590820991487618,0.9968642694001801
8.029279764,-0.07721826769116297,-0.015884834464699595,0.9968876622613027
8.037217635,-0.0770469103783806,-0.01588579493675806,0.9969009053664126
8.049313366,-0.07714157076134058,-0.014820419099994951,0.9969099925460542
8.057275939,-0.077146479930637,-0.014263059757431475,0.9969177427253805
8.067847789,-0.07573821692518788,-0.013027689718053145,0.9970426278738554
8.077793482,-0.07587614067379467,-0.012730640406926326,0.9970359783233903
8.087294266,-0.07605272593743397,-0.01121060185394719,0.9970407741329127
8.09833441,-0.07445904532543932,-0.011981592473241612,0.9971520907118581
8.125616468,-0.07543029126463197,-0.011009856198903411,0.9970902939183653
8.126069262,-0.07500468478243318,-0.011662372103350858,0.9971149815029412
8.128167778,-0.07396854804736727,-0.012537060886854997,0.9971817667828087
8.137257942,-0.07650863768830156,-0.013947425829394355,0.9969713625133944
8.154193943,-0.07660940953117022,-0.015013045488938457,0.9969481465133644
8.157289406,-0.07467787606293586,-0.0149420014367822,0.9970957584002612
8.167706023,-0.07433189421464183,-0.014583941029839642,0.9971269117652484
8.177683868,-0.0762238738487581,-0.016583778084425578,0.9969528069873393
8.187898416,-0.0791891271111589,-0.01702098789553087,0.9967142861013044
8.201959464,-0.07614731199502127,-0.01804793230055009,0.9969332269593626
8.207081563,-0.0758379979962199,-0.0182791538705953,0.9969525919489354
8.217943353,-0.07585973013639258,-0.019374499363288947,0.9969302533868935
8.228033019,-0.07476247000794355,-0.018228868061546086,0.9970347443532277
8.237411408,-0.07484537337628987,-0.0192867793295272,0.9970086209392865
8.248120967,-0.07401424961253901,-0.02138967066755166,0.997027769343977
8.257308898,-0.07399844590886065,-0.023048416546014812,0.9969919761451418
8.26831158,-0.07347338839493205,-0.02259839624912544,0.9970411093253553
8.277859235,-0.07259539250835514,-0.02351440089012081,0.9970842401408904
8.287723331,-0.07245839931344529,-0.024098596079555397,0.997080256567107
8.300617217,-0.07343881420657775,-0.02445325853681779,0.996999889024499
8.306945367,-0.0736127623428144,-0.02500050139765153,0.9969734881881898
8.317653758,-0.07169676272594275,-0.0265575651223121,0.9970728508736931
8.329512445,-0.07075421140211081,-0.026788281658167667,0.9971340078117223
8.338688934,-0.07125744996811623,-0.02766366250879481,0.9970742688489364
8.34812577,-0.07395490098718611,-0.025839470062874112,0.9969267748470023
8.357128908,-0.07412340405663549,-0.02377562927821224,0.9969656164700376
8.368381897,-0.0719924990120003,-0.024211338028602262,0.9971112732272522
8.388161126,-0.07118707693185247,-0.026183865956071646,0.9971192532698852
8.388563667,-0.07037409470356197,-0.029064522125360124,0.9970971569251809
8.397714508,-0.06892155931450607,-0.030880692179909658,0.9971440224521966
8.421847508,-0.06919680029484977,-0.030802290071795357,0.9971273849189419
8.42216503,-0.06914223815519756,-0.030967443068261664,0.9971260544047097
8.430074606,-0.06793855464710051,-0.03130201695463,0.9971983436242937
8.438980895,-0.06915123099700521,-0.030767028177018003,0.9971316348550744
8.447746478,-0.06949012169287566,-0.031260073650353375,0.997092739308879
8.458572129,-0.06974882874169663,-0.031670923776675027,0.9970617099639788
8.467630547,-0.06875778017788065,-0.031647080046977374,0.9971313002757012
8.477852212,-0.06686689228947378,-0.03076535733669649,0.9972874768608565
8.487597385,-0.06691797718207279,-0.030443896670460477,0.997293915295475
8.497204962,-0.06787649186851356,-0.029460610010473974,0.9972586697088346
8.50716103,-0.06723103557426828,-0.029777803582076916,0.9972929711320736
8.520945271,-0.06600942472163646,-0.03043506886494842,0.997354732495467
8.527780211,-0.06477736039238796,-0.029472761149234503,0.9974644103580013
8.537664109,-0.0680573500460509,-0.026388597571082792,0.9973323613635231
8.548528741,-0.06704478165582119,-0.029329056067498565,0.997318807464751
8.557678847,-0.06675626809901769,-0.029494921287976258,0.9973332694178553
8.568211839,-0.06531841968918288,-0.029325247766719534,0.9974334734170137
8.579661486,-0.060942006682285506,-0.030070931438615927,0.9976882333193825
8.587755384,-0.06266456029418753,-0.027702511554804972,0.997650100855351
8.597749593,-0.06432525527550478,-0.024860591804567428,0.9976192723222962
8.60714678,-0.06391182847484542,-0.02730283028123865,0.9975819934419606
8.617173056,-0.06279105624773318,-0.02758691970605438,0.9976453503707747
8.628212441,-0.06171099924131793,-0.025656188478252573,0.9977642570093431
8.637148787,-0.059489890638989414,-0.02749278567223342,0.9978502390878813
8.64737324,-0.06237647425658776,-0.027857425410233706,0.9976638408345923
8.657688765,-0.06434954022803925,-0.02499549632119485,0.9976143352198268
8.66824278,-0.06319207099681678,-0.024254954473680528,0.9977065998311392
8.677773249,-0.06069912801250773,-0.024320501739537228,0.9978597742436853
8.687855703,-0.05880427343926412,-0.025795606960940506,0.9979361923924781
8.698350945,-0.05994583133291939,-0.026839993471282686,0.9978407247934246
8.707812672,-0.06141027892037913,-0.02521763471984591,0.9977939910332482
8.717024747,-0.06101609247122142,-0.026427929439121832,0.9977868514893872
8.734887912,-0.06206103290042702,-0.027467529812337296,0.9976943234284439
8.737502938,-0.061768944021248905,-0.02745751539826597,0.9977127253887533
8.74701345,-0.061812035314402734,-0.023994924599174124,0.9977993364819256
8.757071094,-0.06145113700399104,-0.025564661849526143,0.9977826445801893
8.767996684,-0.06376627386856182,-0.026466534755784747,0.9976138455609668
8.777700761,-0.06326831106762718,-0.0265423087644686,0.9976435368708111
8.796794157,-0.06424163847787441,-0.028534261988538458,0.9975263444032181
8.805486279,-0.06769897564640148,-0.0265239597245027,0.9973531612507983
8.807014955,-0.0692738494686804,-0.02595290998200518,0.9972600364214225
8.81824283,-0.06881199542596649,-0.0279379816093254,0.9972383759508525
8.828721292,-0.06768174926139711,-0.027499934180932533,0.9973278971516649
8.837079174,-0.06974993571936797,-0.02841963166365975,0.9971596015700025
8.85672684,-0.0698405665472631,-0.02990673810013198,0.9971097644093991
8.857584691,-0.06948966570116508,-0.03092335883461783,0.9971032705989517
8.86875249,-0.0695804356751992,-0.03191659308042108,0.9970656417996703
8.879228493,-0.06828995766578365,-0.031296533261884675,0.997174512654527
8.887627944,-0.07098458550968888,-0.030075935503426562,0.9970238847307579
8.900327207,-0.06952157757855348,-0.03101273211523906,0.9970982703313339
8.907856854,-0.07442173814745157,-0.030776078884330035,0.996751843670037
8.917495608,-0.07462030454007561,-0.031735241811096375,0.9967069201011588
8.928323867,-0.0763634398399928,-0.03194757448873515,0.9965680998005558
8.937240631,-0.08035766606583084,-0.03273536357824152,0.9962284082858974
8.951073967,-0.08008398518654773,-0.03841613895375873,0.9960475669286715
8.957551235,-0.08325747694888737,-0.03833323446082162,0.9957905179644349
8.967637941,-0.08716244825155087,-0.04109837465031025,0.9953459856833193
8.977418636,-0.09048814525666603,-0.042095079641826946,0.9950074873275864
8.987970065,-0.09470482114500224,-0.04738334994035594,0.9943770989922903
9.004145955,-0.09944036957250756,-0.05141127453069741,0.9937144930765639
9.006953781,-0.10669108240019744,-0.053333636836305175,0.9928607838554645
9.017527044,-0.1118339948447402,-0.05643768551287242,0.9921229486565749
9.028158057,-0.11641284142568516,-0.06096792275769336,0.9913278785274882
9.03745019,-0.11967122816484395,-0.06035249307406767,0.9909774839668472
9.048990631,-0.12187796818673004,-0.06463779152190201,0.990438143842333
9.073955204,-0.1259887000336909,-0.06556587786708636,0.9898625981030594
9.074349699,-0.12909421244730893,-0.0675712764896039,0.9893274518106605
9.079445641,-0.1311342858650283,-0.06953029913221231,0.9889233218876244
9.087282181,-0.13712629597109044,-0.07457494174278169,0.9877423535605375
9.104508619,-0.14078283525626006,-0.07334047906226382,0.9873202962707323
9.107698136,-0.1423061744966032,-0.07466885441542151,0.9870022871708206
9.117096184,-0.14280018493507532,-0.07641644440776581,0.9867971596060577
9.12870762,-0.14637813356086382,-0.0779736959316912,0.9861508732227489
9.147791455,-0.1503974248831958,-0.0773920428330056,0.9855917442301542
9.148090405,-0.1518925930835044,-0.07895102722058853,0.9852387403402199
9.157730888,-0.15597468901366415,-0.08068333675590825,0.9844603067452865
9.167157502,-0.15880306914209238,-0.07980331817821623,0.9840797811350451
9.177895637,-0.15961057623648336,-0.08372925107599417,0.983622832424965
9.190300066,-0.16593215698208405,-0.08407446658113979,0.9825466927064433
9.212770126,-0.1674469728138051,-0.08472779247958405,0.9822335325557916
9.213443535,-0.16656072031819952,-0.0831842511549959,0.9825161102022018
9.218478256,-0.16930740848690232,-0.08635426019104583,0.9817728572222327
9.228147356,-0.17301692456785087,-0.08618561648852442,0.9811407561219623
9.237384285,-0.1733434889512569,-0.08926596079681626,0.9808076381641951
9.250335597,-0.1745867748807206,-0.09217168799055186,0.9803182330089149
9.258095482,-0.1772809148276615,-0.09131039485742438,0.9799152458395822
9.2709996,-0.17793112115577456,-0.09270490274391052,0.9796664315630557
9.277317086,-0.17946258514680763,-0.09116625956931022,0.9795314663902156
9.287386091,-0.1805713534786402,-0.0938673612641252,0.9790724716752087
9.302949901,-0.18087194073536336,-0.09546231626076482,0.9788627519876077
9.306915443,-0.18188002064506245,-0.09668332934163291,0.9785560749990617
9.318207678,-0.18053346244641483,-0.09434585421323269,0.9790334666036113
9.328765748,-0.18089082466765277,-0.0937906911112181,0.9790208454430052
9.337212573,-0.18205539943600169,-0.09343793354650853,0.9788386915681032
9.348002759,-0.18338467554728133,-0.09583989804718188,0.9783582036844809
9.357040536,-0.1826189008353632,-0.09540060633423293,0.9785443584062731
9.367281017,-0.18118336154518455,-0.09549671945714427,0.9788018012203035
9.378192769,-0.18108795193219301,-0.09466273230417394,0.9789004652045641
9.38727493,-0.18037213664438723,-0.09442987559461737,0.9790551010630218
9.397200326,-0.18175341614978063,-0.09631076111682835,0.9786163359616381
9.407718094,-0.18107127202248105,-0.09717142838723762,0.9786577072466883
9.417169459,-0.18172149031949011,-0.09792907749076175,0.9784616475559336
9.427878036,-0.1828937454945568,-0.09797320676753049,0.9782387891586896
9.439330547,-0.1819906680684116,-0.09670395059765863,0.9785334652809882
9.447648417,-0.18349173668708124,-0.09522070035344367,0.9783985899375358
9.45747656,-0.18418328854476199,-0.09435036836936413,0.9783529650434972
9.469755326,-0.1851097118789851,-0.09425733624205959,0.9781870726668955
9.477742022,-0.18553748698698214,-0.09423953706573876,0.9781077397588624
9.489036854,-0.1871312329941065,-0.09490124314650762,0.9777400757294102
9.499239518,-0.18497007254378442,-0.09381466114261834,0.9782560409309226
9.507064613,-0.18280678052694438,-0.09112256491701132,0.9789169316935523
9.518378088,-0.1824747864055067,-0.0903596844782962,0.9790495798207809
9.528484636,-0.18129496054973862,-0.08933317368828496,0.979362916062298
9.538060237,-0.18373891290000358,-0.08913343852437856,0.978925554893295
9.548135954,-0.18245190570959438,-0.09105819886713377,0.9789891248231569
9.557080764,-0.18266791987809455,-0.09098247691281594,0.9789558825310869
9.568088495,-0.1812144606590766,-0.09066431642843534,0.9792554829944046
9.579727914,-0.17891600238872438,-0.09022789844082875,0.9797183219845332
9.58745045,-0.17973278582041613,-0.08733876312759503,0.979830631362673
9.59827716,-0.17939677712123975,-0.08763848147958794,0.9798654463355998
9.607063378,-0.17948813223421708,-0.08738723092605405,0.9798711559476321
9.618161464,-0.17871971916122203,-0.08768219288504495,0.9799852524573028
9.627945037,-0.1783062171523521,-0.08685804151032189,0.9801339569415037
9.637297574,-0.17879888820874676,-0.08656729366606032,0.9800699267106661
9.647879733,-0.17935447081361316,-0.08607683135251382,0.9800116085554699
9.659440346,-0.17987885085575955,-0.08468049385726141,0.9800371487728932
9.667702795,-0.18046303249907467,-0.08371453782726601,0.9800127397425021
9.677663713,-0.18032276139051717,-0.08395043902905776,0.9800183801905591
9.687236829,-0.1806193588846108,-0.08331420747317374,0.980018055971026
9.697360774,-0.1775949086606345,-0.08394664694630127,0.9805167050511143
9.707282033,-0.1793559074119142,-0.08338738517682921,0.9802438484733378
9.717698473,-0.17748638508367673,-0.08327665524519237,0.9805934844782023
9.728525878,-0.1773837065319913,-0.08445270832636019,0.9805114791338831
9.737702051,-0.17790476216640363,-0.08455817273218354,0.9804079819252338
9.747226167,-0.1785710977589466,-0.08239801487404987,0.9804707696764757
9.757236399,-0.17747737137178543,-0.08298921630299293,0.9806194841162276
9.769999718,-0.17598192985575417,-0.08411510091235769,0.9807930516488931
9.777731942,-0.17582751654960443,-0.0846507894127204,0.9807746572356986
9.787992568,-0.17719842584359877,-0.08403978742583523,0.9805804566724604
9.798866373,-0.17651990956969457,-0.0829706392096606,0.9807938593581463
9.807151894,-0.1744421124959859,-0.08287110222594415,0.9811739549151287
9.818026436,-0.17560278663070716,-0.08163099456176119,0.9810708649503297
9.827518867,-0.17747960203331103,-0.08069187566205147,0.9808107932033769
9.836983013,-0.175447723859169,-0.0815304811325523,0.9811069650343592
9.848280428,-0.17421442802826959,-0.08272948461464721,0.9812263579022823
9.857866864,-0.1703364154992675,-0.08212004710013068,0.9819581474885442
9.868231336,-0.17182350841465027,-0.08251660636177678,0.9816657738918151
9.87787867,-0.17315641097304513,-0.07918179787336611,0.9817062188987474
9.887479556,-0.17190689114719215,-0.07622058423340346,0.9821600904716227
9.89744365,-0.1697740641638266,-0.07668010850066699,0.9824952560178715
9.907477974,-0.16791162132142845,-0.0786351558919375,0.9826607754881946
9.917630921,-0.1660656002661051,-0.07845856547906206,0.9829885400711577
9.928098936,-0.16540728494764062,-0.07729672453908591,0.9831915614272627
9.938092368,-0.16502290578382103,-0.07421736136981502,0.983493377627916
9.949260131,-0.1616297820027396,-0.07187426393509475,0.9842306151271334
9.957353416,-0.16144208124476406,-0.06912191741870576,0.9844585389622665
9.969646246,-0.16247039200041039,-0.06850490430490964,0.9843324894614667
9.977454309,-0.16233092283132794,-0.06876178664365099,0.9843375885286015
9.988555303,-0.16145144425715832,-0.06817620615163923,0.9845229484689766
9.997554897,-0.1598797454122165,-0.0663014653840723,0.9849073980303171
10.00716269,-0.15883985899266514,-0.06643826077930401,0.9850664224811501
10.01868951,-0.15882084476378217,-0.06639115384481016,0.9850726643043515
10.027916463,-0.15542766302508063,-0.06629838617696122,0.9856199904409877
10.037452713,-0.15432497170125362,-0.06495563988550643,0.9858826339663722
10.048338328,-0.1513051717903181,-0.06231456689685409,0.9865209778519461
10.057211138,-0.15032024883126507,-0.062345519917113706,0.9866695794122626
10.068419466,-0.15079640814179515,-0.0612539642322575,0.9866652903377956
10.07929261,-0.15181877686592535,-0.059610696009717634,0.9866091545856299
10.087415921,-0.15283753443549603,-0.059601162438343895,0.9864524263762934
10.097752067,-0.1532422473973955,-0.06152262042413066,0.9862716566893444
10.107179289,-0.15228084735991548,-0.06182840732245118,0.9864014353068001
10.118990701,-0.15318441663519713,-0.06260534763541872,0.986212504964109
10.128412618,-0.15271480868110673,-0.06179580756087013,0.9863363855082063
10.137680486,-0.15025986191559135,-0.06058214074168915,0.9867886187630367
10.14764839,-0.151111216950739,-0.06079014299773804,0.9866458121463757
10.166926058,-0.15143304570140909,-0.060016456497028005,0.9866438352410334
10.167447649,-0.15161038084874795,-0.059943392707598596,0.9866210427968788
10.179640491,-0.1504151973575184,-0.06044672790853299,0.9867732573844159
10.188678109,-0.14917551404106547,-0.05968351971064135,0.9870078740747378
10.197487477,-0.14835964957822595,-0.05970253860178358,0.9871296881674305
10.207421925,-0.14490177123588313,-0.05947835099937984,0.9876567229837999
10.218116046,-0.14301894817694757,-0.05971562688219857,0.9879168104493544
10.23734942,-0.14319970260277592,-0.060310138931625,0.9878545096908375
10.237763254,-0.14622757652464582,-0.059537633770601346,0.987457728730059
10.247118568,-0.14699557032936764,-0.05974421363138501,0.9873312165839341
10.257453302,-0.14715190276018408,-0.05922916784469566,0.9873389606363574
10.268661476,-0.14745363689344368,-0.06011379902441586,0.9872404753319977
10.278211972,-0.147426833164193,-0.060030256345621716,0.9872495617554136
10.28783887,-0.14694146892304957,-0.060588597221206984,0.9872878134553789
10.298255553,-0.14611101233106746,-0.061028818304313615,0.9873839452877333
10.307227531,-0.14493430934627993,-0.061559263148191185,0.987524431644589
10.318581462,-0.14500134949867802,-0.06187909445201706,0.9874946006502316
10.328153438,-0.14405827300031243,-0.0623621512250576,0.9876022357582787
10.33717203,-0.1427236351949057,-0.06279759782831475,0.9877684068969532
10.348253926,-0.14281534122424794,-0.06270933011052836,0.9877607596114003
10.357226083,-0.14124580488448643,-0.06349810717568963,0.9879360368908701
10.367501222,-0.1387798633160669,-0.06310551584537477,0.9883106006756494
10.378553711,-0.1359751322823664,-0.06279450830029344,0.9887201895016191
10.387170001,-0.13510968206054788,-0.06215988705131034,0.9888789219390138
10.398071409,-0.1349807146449729,-0.06224221932392668,0.9888913554114853
10.408148231,-0.13274387555592831,-0.06198306596158637,0.9892103734981725
10.417542655,-0.13185464073484304,-0.06124016353362137,0.9893755586667082
10.428176556,-0.1304854352546553,-0.060704472198303744,0.9895900758604688
10.444918389,-0.1276273264345978,-0.05843303355366479,0.9900994122495341
10.447392281,-0.12844213023643775,-0.05729817465324397,0.9900603710692254
10.457055926,-0.12718009948863163,-0.05746385090881999,0.9902136780174221
10.467189894,-0.12450729974748047,-0.05563762469657441,0.9906575528545242
10.478456981,-0.12192010590681221,-0.05465444437654817,0.9910339951210365
10.487857294,-0.12028069360847642,-0.05312056520807029,0.9913176888853741
10.497419206,-0.12025143382638966,-0.05153533462293471,0.9914049132155841
10.507743161,-0.11821912435421451,-0.04903629446230454,0.9917760233350718
10.518207732,-0.11321525940558841,-0.048843889447630066,0.9923691750056292
10.528611044,-0.11053651336838353,-0.046380701626614076,0.9927892574605067
10.537225794,-0.10530619921211257,-0.045720753104897954,0.9933882509588182
10.551887625,-0.10359846047542436,-0.04515867258436689,0.9935935050499978
10.557062136,-0.10357123558713449,-0.04313813255946532,0.9936861177848045
10.567720426,-0.09970281085686677,-0.040946141195294244,0.9941744127810045
10.580972393,-0.0983975853051821,-0.041079315571575105,0.9942989515423822
10.587276769,-0.09842875011345237,-0.04157408606171835,0.9942753021770362
10.599491973,-0.09805660838155765,-0.0415669507289722,0.9943123705153231
10.607142196,-0.09528519877850083,-0.04133016401131453,0.9945916490884787
10.617423213,-0.09237965027793205,-0.04047639396736622,0.9949008301061596
10.627853628,-0.08926133531455173,-0.03840757386921898,0.9952674375700953
10.637136169,-0.08714380560095121,-0.03732998489918232,0.995496072002703
10.64721408,-0.08520047837630153,-0.03696092767379724,0.9956780445053219
10.657532214,-0.08217845128938742,-0.037167013089381265,0.9959243521883033
10.667525495,-0.08026003163366542,-0.03355175559144354,0.9962091181167212
10.677922867,-0.07815058324823623,-0.03249826998727357,0.9964117365756964
10.687263232,-0.07553571294608429,-0.032303122488564984,0.996619719023869
10.699263697,-0.07432918227778562,-0.03234218105348276,0.9967091631898543
10.70753976,-0.07278736863776922,-0.03067194425521272,0.9968757348849429
10.717108928,-0.07089520007147616,-0.03030161712402997,0.9970234112629924
10.728150563,-0.06534414227109718,-0.029305704245771252,0.9974323630048877
10.737264702,-0.0601830559197156,-0.02948062996952389,0.9977519191847062
10.747583753,-0.056168571020154275,-0.02829188550477365,0.9980203709564944
10.757118262,-0.052837236635809776,-0.025278889664708707,0.9982831282567141
10.768164736,-0.04753014432880008,-0.02505247013540675,0.9985555863947675
10.777647317,-0.045305953217254495,-0.023512729508488473,0.9986964114054564
10.787534605,-0.04346691370947768,-0.02188999778058829,0.9988150256227321
10.799053647,-0.04192199123151992,-0.02008795096144402,0.9989189260782654
10.807346904,-0.03821555293871615,-0.017277962515285714,0.9991201346809645
10.817845397,-0.03489390172027867,-0.016646244251041484,0.9992523796194184
10.829937752,-0.030188999321217123,-0.016643382299905606,0.9994056344375905
10.837096378,-0.026825579681564828,-0.01710775499611796,0.9994937283413743
10.848357539,-0.02310312979008756,-0.016669370287977464,0.9995941063692325
10.858524404,-0.018413391440848716,-0.016016187862859976,0.9997021700196452
10.867199068,-0.016495758179072763,-0.014493586037724554,0.9997588838944442
10.878594742,-0.015744921464818828,-0.013403169737939253,0.9997862033900263
10.887291786,-0.014271848866836296,-0.011746764369995694,0.9998291493334038
10.897336608,-0.012302763586695098,-0.0083675908901266,0.9998893065888972
10.908086727,-0.009857523720722131,-0.01103823108315632,0.9998904873438144
10.917461275,-0.010868528399197686,-0.011126916274601047,0.999879026094984
10.927747953,-0.008086212337542297,-0.008529234550242022,0.9999309302786965
10.938256473,-0.005987259931980426,-0.009328382438497547,0.9999385651126713
10.947514315,-0.004886733620513685,-0.010374510370799887,0.9999342425225213
10.957500998,-0.0020928800384888303,-0.010176635948656426,0.9999460265103878
10.969480568,-0.002498449976849635,-0.008332784102722446,0.999962160512492
10.977512052,-0.0007802451146649869,-0.005379564005825455,0.9999852256451934
10.990347657,0.0008078390130266854,-0.0051475854685640345,0.9999864247878433
11.001756006,0.004816080513764792,-0.004286666186493742,0.9999792147147313
11.007164927,0.006575063059791871,-0.0050813064691098185,0.9999654738391355
11.018162217,0.006062450977730892,-0.005978462692826171,0.9999637516790162
11.027773267,0.006968069874051846,-0.008004255934091343,0.9999436873590292
11.037488008,0.007779515170674817,-0.009212990610933199,0.999927297331017
11.048675714,0.007832992362578626,-0.008143248929464601,0.9999361638262317
11.057960862,0.006536187392973882,-0.005499010279764156,0.9999635189047185
11.068091959,0.005164886753463832,-0.003859422920708424,0.9999792141837465
11.089151558,0.007882088422191605,-0.003045943886432569,0.9999642968166141
11.089587157,0.009374298173812882,-0.002582221806767842,0.9999527262147392
11.098516134,0.013503902419766272,-0.0025433588444039616,0.9999055835153768
11.107079456,0.014379284008996388,-0.0026067768712168126,0.9998932147513215
11.118916448,0.01595168961434495,-0.0029827637462284343,0.9998683146889303
11.128381446,0.0142150130960975,-0.0030426046781996466,0.9998943323969037
11.138276626,0.014143531208436422,-0.0020026278981318635,0.9998979697981477
11.147840628,0.015308099123594978,-0.0010987834349448385,0.9998822204520816
11.157877853,0.015387727999701655,0.0005110187372695671,0.9998814713189046
11.167454854,0.018733632715553342,0.002408828641035508,0.9998216083631404
11.178020631,0.018375360149815903,0.0021875753867195992,0.9998287656660474
11.189156894,0.017998191479759878,0.0032707069564082815,0.999832669790032
11.197459975,0.017148579499637762,0.003691991273106804,0.9998461358737073
11.207096137,0.016458540635142512,0.005732831428665265,0.9998481140073087
11.218277852,0.017919090325464678,0.007723104817565173,0.9998096118031096
11.228283332,0.018433433689216648,0.008143898687438237,0.9997969220979799
11.237620443,0.022974474148397952,0.011125900893353682,0.9996741408413624
11.251283395,0.024963193556390043,0.009028877744897934,0.9996475970731555
11.257187324,0.02338101967425083,0.008242363094736587,0.9996926484523164
11.267977006,0.022250363990379576,0.007846599213222014,0.9997216373486586
11.277628545,0.02220318199443069,0.01017227880066089,0.9997017272433433
11.287621334,0.02106613759451599,0.009567203341644933,0.9997323074038712
11.298123597,0.021515538497064942,0.011230559003875542,0.9997054346894598
11.307035247,0.022730725811349838,0.012609711792355415,0.9996620975472678
11.317532345,0.022831863700692,0.015351498854039466,0.999621447090291
11.327929334,0.018962682748821957,0.014496863729483056,0.9997150882151257
11.33733857,0.015037284334690922,0.015969162927350473,0.9997594040144047
11.373172717,0.015957660237778025,0.015701455962258734,0.9997493772743252
11.373450629,0.019258608510384398,0.01483537506251095,0.999704465152076
11.373722927,0.021363764954666947,0.014496383892490906,0.9996666666449389
11.378409185,0.020077930437246854,0.01739756481232168,0.9996470384330453
11.387191866,0.02210099337620257,0.019997065990186125,0.9995557330352166
11.399612002,0.020951926862716515,0.02142536562483065,0.9995508843818717
11.409013223,0.021073920632495812,0.018663126412621044,0.999603710268065
11.42045992,0.022155829461002596,0.017023066259865452,0.9996095910084133
11.427966493,0.024407236024751405,0.018131539310572955,0.9995376601768747
11.437544673,0.025429249588839315,0.01778064650104673,0.9995184850093337
11.449580508,0.02572946878479171,0.020755324296951774,0.9994534561195838
11.457350228,0.024620282653487008,0.02448680740648483,0.9993969371301376
11.46730037,0.02228978411014335,0.02379511495065572,0.999468337681994
11.478001379,0.022208876040829575,0.023586085307281845,0.9994750934389914
11.492638654,0.025308019431483898,0.02396076690458906,0.9993925083778644
11.497314349,0.02947392189059766,0.024071839795062996,0.9992756548907152
11.507267141,0.030379353062329174,0.024581194250613794,0.9992361381559056
11.517857491,0.029990784242670813,0.026447876378408786,0.9992002115169824
11.528123751,0.029879384150109208,0.027514409706220988,0.9991747493113147
11.537039897,0.02992280341412955,0.02714738305762822,0.9991834893696762
11.549534471,0.029872461771343558,0.025735247928528687,0.9992223641621403
11.557341397,0.029114949171669475,0.02531457292853203,0.9992554689028113
11.567776117,0.026822970330202336,0.0246417308096197,0.9993364365244426
11.579235476,0.0259042251013578,0.025741678215708642,0.9993329460818037
11.587729266,0.025479330416980948,0.02925011525171004,0.9992473339865681
11.599929423,0.025287895852228466,0.030673077673398677,0.9992095298932093
11.607519064,0.0298119547016059,0.0323318830776387,0.9990324802995764
11.618158552,0.029993429955845162,0.03308869306081337,0.9990022685414739
11.627922735,0.0306951483463161,0.0330403187246266,0.9989825550061286
11.637374568,0.03252526895421891,0.030963333538208,0.9989911805695071
11.647147701,0.03110321032800564,0.030312509837131876,0.9990564258612553
11.657359359,0.030711579075167063,0.02931183738708828,0.9990984011095718
11.66714742,0.03078578481472627,0.029701481290495345,0.9990846097616016
11.677785949,0.031390947041638334,0.03006205066791779,0.9990549942588088
11.689255362,0.030818322603637316,0.031817649556671816,0.9990184523664151
11.699235991,0.031048425282144874,0.03343777971858463,0.9989584126353762
11.707730498,0.033519823014052076,0.03343516039932985,0.9988786270184069
11.71807041,0.03492120164030221,0.03352856263671508,0.9988274851862625
11.728101271,0.03667758860244242,0.033205225390076344,0.998775333846959
11.737325297,0.03527770051642375,0.033117525430433725,0.9988286706716213
11.755451237,0.03426185925113046,0.03304508311089756,0.998866431252372
11.756996331,0.038420298096676846,0.034539829649530264,0.9986645487159059
11.769809031,0.039532552798137534,0.03480717778462135,0.9986118553491804
11.777705492,0.03910184160142471,0.03618007570686335,0.998580015875154
11.787149484,0.03955058339411371,0.03686483693689185,0.9985372978265767
11.798597162,0.039285053250272185,0.035753584462094416,0.9985881862856355
11.809368625,0.04356798348177872,0.034537931909388926,0.9984532848735358
11.818072357,0.0430910451120346,0.03396891037598598,0.9984935027124718
11.829877984,0.043129815617853895,0.03316923316003609,0.9985187133831519
11.837268956,0.04467607852714738,0.037056873117608254,0.9983139967776581
11.84791484,0.04472713519351695,0.04094109373812037,0.9981599622409765
11.878137674,0.045492375725333524,0.04273362441786125,0.9980502397650022
11.878891524,0.04723700077646673,0.03890638455131735,0.9981257230423375
11.879427085,0.049767322241389286,0.03603402103118607,0.9981105965599434
11.887583701,0.049896437021096536,0.03528943597262824,0.9981307535996141
11.897945372,0.0500811423883843,0.03885467590925274,0.9979890747583671
11.907390092,0.04745166260378239,0.04139299632386465,0.9980155106868176
11.917130452,0.050620214370341275,0.042364877627364815,0.9978190271991807
11.92776672,0.05189350099986354,0.04338818099001563,0.9977096422829413
11.938067475,0.05143981892972295,0.041785554507747534,0.9978015396174519
11.953154794,0.04861833612963325,0.0399217329879894,0.9980192947169018
11.957326802,0.04848492887879582,0.04441072257204545,0.9978361084828746
11.970367073,0.04934159864768427,0.04516266068899405,0.9977603623728404
11.977299588,0.05067833520106646,0.04406726968182516,0.9977423425334006
11.987800136,0.05053615250633816,0.047627646777942775,0.9975859384294928
12.015285826,0.047386227367477704,0.0476909788585479,0.9977374985392659
12.015661123,0.04551362358540314,0.04959369385956345,0.9977319156955391
12.018571202,0.04665405100999864,0.05017279145785654,0.9976502846797984
12.027689371,0.043828017125292336,0.051281924197747,0.9977220400319128
12.037180104,0.04343680099741624,0.05312237892352006,0.9976428505114527
12.048568961,0.04835549235000122,0.054264187038093804,0.9973550743665386
12.057040191,0.04764601056364508,0.056651614442283164,0.9972564626305772
12.075854087,0.048505410591154874,0.05599654350829113,0.99725203046096
12.078852085,0.04789319343142074,0.05991145466362635,0.9970540906204783
12.087205209,0.04584319920455344,0.060278652864248286,0.9971283192726818
12.098874115,0.04705529598616857,0.06170673432418531,0.996984492386265
12.107065775,0.04559085512331674,0.06479759952410513,0.9968564315010656
12.117461903,0.04806773467436472,0.06270164621084948,0.996874112636959
12.128799353,0.047113640800484725,0.06757670001629905,0.9966010708731102
12.137161405,0.04569115409604121,0.06987224100896719,0.9965090006486428
12.147260234,0.04638233369980487,0.07285603594615334,0.996263357324143
12.158545827,0.04268367496168684,0.07657187321139032,0.9961500148695797
12.16730229,0.040757519410205646,0.07525650971024751,0.9963309100684161
12.178038221,0.03979162003522401,0.07993374091787124,0.9960056345412144
12.187264191,0.041287139417229134,0.07746091565025852,0.9961401400733564
12.19715839,0.040147093352876195,0.07934408256142804,0.99603851705534
12.207817357,0.03562839544715232,0.08152471623252545,0.9960343056747933
12.229802972,0.03750851760175143,0.08263960640520322,0.995873388820342
12.230324814,0.036887920236977935,0.08331247712333786,0.9958405055510464
12.237931472,0.039486319899761445,0.085326373556303,0.995570309177862
12.247553646,0.03956715241920523,0.08437755426921867,0.9956479642850582
12.257740344,0.03593531416044276,0.08465124335114073,0.9957624316046957
12.267492271,0.0366261294771902,0.08594018768949796,0.9956268431392428
12.278151301,0.036905397199039,0.08613067324726796,0.9956000696984476
12.290305158,0.03388585567524476,0.0856555830546584,0.9957483968737901
12.298215545,0.032481245051697714,0.08619527718293177,0.995748634400896
12.307351849,0.02938496180618366,0.08890280657000531,0.99560675721071
12.317425108,0.030280946947830584,0.08988591239907984,0.9954916308056678
12.327991182,0.030974363634454445,0.08991725618341888,0.9954674659866519
12.337223984,0.03015981866356671,0.0875429575007216,0.9957040805029412
12.348476211,0.027855416818945405,0.08751801660772436,0.9957734042054412
12.357272126,0.026403352759172376,0.0867109406169935,0.9958835653530943
12.36727497,0.023530653425355215,0.09200783816348358,0.9954802188219805
12.379169386,0.024525404328067556,0.09424254854814758,0.995247128398618
12.38926831,0.026668126579225515,0.09270056147489675,0.9953368359138495
12.397097599,0.02546061185596663,0.09081693197207857,0.9955420845504719
12.407301147,0.025531508377620964,0.08993103228531052,0.9956206865629411
12.417327653,0.02345171301836251,0.08930817069702833,0.9957279085188157
12.42778757,0.022005067994176033,0.09020980378991793,0.9956796514355188
12.438132166,0.023906142599109025,0.09081929782504687,0.9955804093535572
12.447220029,0.01943883688098093,0.09285035619388186,0.995490302803289
12.457944377,0.017467707411323984,0.09412576801907782,0.9954070619563694
12.467954318,0.01668453912056467,0.09427529621361659,0.9954063465129048
12.477793017,0.01706222028678443,0.09450221483243754,0.9953784265447233
12.489460422,0.01690967987108244,0.09343074991529975,0.9954821734701844
12.497290242,0.01567979611421286,0.09389434137498405,0.9954586865619158
12.507307107,0.01640691151875855,0.09409327443067719,0.9954281837286552
12.518208764,0.018214897886108476,0.09254245344059918,0.9955421195540614
12.52801255,0.018400166030004463,0.09233235225282692,0.9955582206066746
12.53704594,0.01817950273964347,0.09186016156446504,0.9956059543802909
12.549186586,0.018790092405087264,0.09262958499572534,0.9955233258999651
12.557122742,0.017278693306527832,0.09169160109071187,0.9956375329642012
12.567726182,0.018339360284734946,0.09221296466558195,0.9955704078627142
12.579416028,0.01735871591445848,0.09227301174736184,0.9955824256609156
12.59855541,0.017029213945011366,0.09274020498847559,0.9955447053001238
12.599610622,0.01619577577351751,0.09263741003678366,0.9955681830536625
12.607163811,0.016190156866081284,0.09227063549369918,0.9956023345926026
12.617483951,0.015460864657533385,0.09248738059611705,0.9955938158177313
12.628204599,0.016649338611940727,0.09158547510871802,0.995658023757603
12.637258084,0.017841336200184275,0.09137107425704429,0.9956570762625583
12.64739253,0.0193621800187311,0.09045982566000431,0.9957118689292018
12.657800027,0.018771132531698355,0.0902836436510614,0.9957391768292366
12.667455472,0.020113284378348428,0.0894283232311159,0.9957901539961053
12.678345888,0.02140263578887998,0.08808254112393453,0.9958832226372925
12.688855607,0.02181068289949458,0.08776785800068614,0.9959021524293583
12.710522135,0.023002031428181885,0.08828821243092579,0.9958293518951571
12.710830583,0.023490966474177147,0.0876768938618385,0.9958719479816917
12.719526631,0.022546252837466,0.08954135909149531,0.9957278802439133
12.727897114,0.024531330455793903,0.09029551290594486,0.9956128435165554
12.737996465,0.025436794664310196,0.09095653213147918,0.995529948690556
12.747503237,0.026301618693570263,0.09088697616621191,0.9955138283406517
12.762090642,0.026059756776136946,0.0905882858429131,0.9955474130069403
12.768058772,0.025653698180378368,0.09127232071542439,0.995495480271453
12.778408443,0.026879187669462904,0.09084494714772604,0.995502237490181
12.789893298,0.02775730767247961,0.09105767996365498,0.9954587037092055
12.800699373,0.02850240715605153,0.09073833474915143,0.9954668087853364
12.807145146,0.02946524632242074,0.09074712081946809,0.9954379736187162
12.821571888,0.030262899026128293,0.09066757575030633,0.9954212915394651
12.82846691,0.03098319054765,0.0906623648146742,0.9953996069467272
12.837224793,0.03416919000698031,0.09205317748574462,0.9951676637476948
12.849334725,0.03469925943457858,0.09227063226418884,0.9951291834813502
12.857200317,0.035217391586726106,0.0919923937302625,0.9951367417725082
12.867182138,0.034536751815779594,0.09115099822399039,0.9952380159021184
12.877637177,0.03276281181336856,0.09002790184439828,0.9954002084847969
12.888317679,0.033657718407304034,0.09134163796474921,0.995250653436375
12.900607769,0.032880358078418145,0.0907148230228382,0.995333965529445
12.907481901,0.034127357345795216,0.09102040586671635,0.995264090177301
12.917773785,0.034756893473947795,0.09183261736998412,0.9951676887555276
12.927580409,0.03411438755530902,0.09175474988275827,0.9951971033095298
12.937248492,0.034635550231423444,0.09164505790641961,0.9951892091564778
12.947160584,0.034445609728361075,0.0918307287530059,0.9951786860796071
12.957305702,0.03307706142403137,0.09064431317335168,0.9953338718725905
12.967887919,0.03332339546156151,0.09048570108955252,0.9953400872130311
12.978049169,0.03371315131876584,0.09045103844432524,0.995330112612143
12.988121357,0.03302423597155103,0.08990513987126185,0.9954026650874631
12.997480497,0.03405402937876613,0.09079627766254207,0.995287073685626
13.007429342,0.03482330237713365,0.0908102747895847,0.9952591781059802
13.017996126,0.03339214728855415,0.09182265014681187,0.9952153362059267
13.02752811,0.03401195329055864,0.09120322240099282,0.9952513045743954
13.038094025,0.0351906740075578,0.0898272613423518,0.9953354608284719
13.048126049,0.03439046211728618,0.09081146895516118,0.9952741196381856
13.057175282,0.03415716553690271,0.09059872712678313,0.9953015415870163
13.067411157,0.034115098831346585,0.09107311547611427,0.9952596885583188
13.078997419,0.034203270591606806,0.09118209874415464,0.9952466835661642
13.08722395,0.035135552463233743,0.09154463593303586,0.9951809245483915
13.09789031,0.03637931330187914,0.09139719745170774,0.9951497866460393
13.107084173,0.03604672431303681,0.09059373399511261,0.9952353535858354
13.118889632,0.03564261452957384,0.09132407870810565,0.9951831573522595
13.128923576,0.03806186423993555,0.09155104656550032,0.995072711093688
13.137137637,0.03821601048651065,0.09217305422897734,0.9950093791601148
13.149935252,0.03787965201993654,0.0923644077054395,0.9950044965486698
13.158518423,0.03847047186151838,0.09173004993648497,0.9950405121066188
13.16814987,0.03789699892378996,0.09208711965678898,0.9950295371826339
13.177789713,0.037195911830024,0.09319622205827638,0.9949527266846389
13.188004209,0.03807786378699425,0.09326010889703301,0.9949133773238416
13.201050213,0.03840064452611334,0.09366931162013327,0.9948625284734517
13.207375837,0.038877269657067566,0.09383238384611967,0.9948286493893137
13.21885716,0.040347466992159665,0.0932301694162043,0.9948267273339326
13.22781936,0.04009220726175247,0.09273545649336346,0.9948832846248087
13.237785877,0.03985065702443678,0.09326530040296843,0.994843459482679
13.252000306,0.040793383141229905,0.09241711057279353,0.9948844041220412
13.257303782,0.04192627579685049,0.09197933796430431,0.9948778763172165
13.268023588,0.042421144176904985,0.0908045859944557,0.9949648102767746
13.278283151,0.043130123809480045,0.09063600118326312,0.99494970109533
13.288588058,0.044026334576064426,0.0904543614123983,0.9949269774035036
13.298523705,0.04528693739658801,0.09025491093322228,0.9948885085041809
13.307187103,0.04634237242737057,0.0906101212774128,0.9948076147878521
13.317173029,0.04791374302882303,0.08888784690511674,0.9948885484824623
13.3292385,0.048473200831099295,0.08825045568113149,0.9949181905429515
13.33712573,0.048178494696331876,0.08738215121400368,0.9950091418162993
13.34949992,0.04750318938894258,0.08650334270984592,0.9951183943119037
13.357191221,0.04700493936072019,0.08586819084984595,0.995197060624613
13.369872697,0.04732555562924589,0.08503725362927737,0.9952532126446884
13.378771556,0.047917432405246166,0.08378978898666542,0.995330694258576
13.387570931,0.04875060838553865,0.08245094419514842,0.99540203937071
13.397271166,0.047166447093443996,0.08298602927261499,0.9954338979631676
13.419268345,0.049887324279557096,0.0849405750235474,0.99513634924612
13.419547527,0.05020894017783426,0.08540474646391491,0.9950804447921048
13.444802646,0.05100857569393929,0.08417560301340896,0.9951445086332963
13.445076258,0.04994589628063304,0.0827546023035494,0.9953175790883559
13.447528078,0.049619905444699255,0.0819883114581463,0.9953972984531861
13.457273471,0.05075018998838919,0.08068444700921298,0.9954468535421466
13.467297592,0.05085160672273415,0.07962452241336489,0.9955270209914746
13.477853829,0.050890912781681764,0.07806229297036991,0.9956487299306195
13.488283315,0.05200399506497929,0.07770193983423221,0.9956194017009107
13.497624118,0.05179719528877928,0.07712668987848875,0.9956749089279109
13.507245911,0.05138656197761555,0.0755465448737297,0.9958173230094776
13.517704079,0.05365426525775087,0.0739588408401576,0.9958169057016613
13.527917557,0.05217783474341291,0.0703459993311314,0.996157072925547
13.537057131,0.0531616579754875,0.06674361831251499,0.9963529131466674
13.549917674,0.05431828242230446,0.06474714825412958,0.9964222654013953
13.558996657,0.05362753187444199,0.06085433544479854,0.9967049902968419
13.567750899,0.05425515379201171,0.05931598140843856,0.996763759692616
13.579647843,0.05250145224707083,0.05611410791985322,0.9970430303674499
13.587195308,0.05087891498927326,0.05350854346012889,0.9972703604270458
13.597948116,0.0506343388638009,0.05096642610171699,0.9974159549246463
13.607086362,0.04841534123713277,0.04957439678529937,0.9975962780184505
13.66776493,0.04814175255896877,0.046313023910420505,0.997766242903028
13.668299051,0.04753483620020962,0.04435856473191904,0.9978841401096339
13.668902621,0.051457716306868274,0.04317189892195696,0.997741595091612
13.669244546,0.05223766708670541,0.039911721614681046,0.9978368005917053
13.669505786,0.0491967756827508,0.03597731992714794,0.9981409267800218
13.669761465,0.046570120466008745,0.031242151189576968,0.9984263377279413
13.678081473,0.045984765358418216,0.030223148336401495,0.9984848334649692
13.687739103,0.04226899437511683,0.02955349754585032,0.9986690757690077
13.69723321,0.043575786265073385,0.028891685258176248,0.998632275351805
13.707554544,0.04695740641810012,0.029235816995086296,0.9984689624555766
13.757408538,0.046652062049386274,0.027735579098418117,0.9985260751520793
13.757722459,0.04858082294556164,0.025511446831833682,0.9984933999393679
13.758002525,0.050036076801031004,0.022489409720649115,0.9984941749798935
13.758253537,0.04926004403930946,0.017616162500065626,0.9986306218417381
13.758560525,0.05267784577542325,0.013822437558781273,0.9985158911025875
13.770242346,0.052343076700083056,0.010974274425484619,0.9985688597299656
13.777703481,0.05178822687577927,0.008359425233287015,0.998623101859171
13.787555537,0.04976968953054348,0.008123396461604022,0.998727684824027
13.798847105,0.050442077124180196,0.006238744643930437,0.9987075021850321
13.807074308,0.04811931359714923,0.005780276584858296,0.9988248695650013
13.818001982,0.0466809267342155,0.0035312998510634024,0.9989036094641949
13.831153368,0.04629133514487254,2.6310768534071042e-05,0.9989279811869566
13.837240455,0.044684051640812725,-0.00393047289924434,0.9989934368712088
13.847814089,0.04373168838859072,-0.007274473843400081,0.9990168274163278
13.857885907,0.04451062899469363,-0.007714342443856218,0.9989791253210228
13.868297396,0.04502978972198762,-0.01072902194828476,0.9989280285013665
13.878081884,0.04777808505948516,-0.013120428915984684,0.9987718002292163
13.887412939,0.047159282193535504,-0.016410245455724726,0.9987525749388952
13.897303509,0.04704035457256388,-0.019086548066429343,0.9987106231159231
13.907469908,0.04965280484105511,-0.02139682660709638,0.9985373176714839
13.917334061,0.04695855099672679,-0.022401755001326594,0.9986456107454479
13.927663306,0.04894777007780137,-0.02280553534859095,0.9985409472634935
13.948150268,0.051000035008883754,-0.02442037234876919,0.998400040987299
13.948408346,0.0508455335166801,-0.029309277881642736,0.9982763635143631
13.962398733,0.053827543181308515,-0.03190134233325193,0.9980405302152819
13.968843543,0.05447747667166153,-0.033182167097650636,0.9979635004959811
13.97755509,0.05580089555821145,-0.03116166310756233,0.9979555154450885
13.988461547,0.05442535708530675,-0.032255450223369925,0.9979967266664879
13.999167511,0.05301697442712456,-0.03412005051367382,0.9980105322968982
14.0074035,0.05669717509516893,-0.03409836600480838,0.9978089655700784
14.018221147,0.05667535817098307,-0.035032173439526436,0.9977778563389216
14.027405182,0.057574855738069045,-0.03728517977998592,0.9976447019633367
14.038276095,0.057021482270037185,-0.040235530153663365,0.9975618540586751
14.049241987,0.05776872913089649,-0.040854920768858195,0.9974936838815429
14.057457924,0.055835445622397686,-0.041130526493609466,0.9975924432364686
14.068061801,0.055395894417007645,-0.04267174833750904,0.9975522125560949
14.079142771,0.056154149464019525,-0.04524584053749189,0.9973963732699395
14.087201835,0.059973432215453294,-0.04646907615725054,0.9971177525194255
14.09817797,0.05919133089299398,-0.047387639792177465,0.9971212553857445
14.107282529,0.05947496594926159,-0.0487893472870295,0.9970367736531285
14.117315219,0.06484495015066823,-0.048412858659398636,0.9967202855146385
14.148611498,0.07170952621823265,-0.04824187546774808,0.9962582322374611
14.148979007,0.07391005552550771,-0.04829569140568453,0.996094789607828
14.149232866,0.07358818844934509,-0.048781015493144286,0.9960949708979568
14.158394466,0.07390127851042438,-0.049667090882101105,0.9960280021755582
14.185475249,0.06939896418093096,-0.052171059121696006,0.9962238525355305
14.187343392,0.06803090442961582,-0.0541645120394564,0.9962118257067701
14.187602899,0.0718228911329447,-0.05606515533897074,0.9958404343398205
14.199741018,0.07261105137961575,-0.05602086379178329,0.9957857691479475
14.20733907,0.07656674444578636,-0.057862289028383675,0.995384091269983
14.236103946,0.07305115094748439,-0.05890931291812906,0.9955868732545452
14.236387081,0.07539315792814533,-0.06009809738332478,0.9953411929728048
14.23802758,0.07377129046315195,-0.06255298533213852,0.9953114692042078
14.247160352,0.07387293380566708,-0.07261238555561865,0.994620646837208
14.257261293,0.0741527610519164,-0.07243355440800509,0.9946128634922233
14.271170686,0.06774872548243302,-0.07251440181755356,0.995063702345005
14.27813931,0.06889791399757483,-0.07349240015064466,0.9949130336702201
14.287901433,0.06809121949987497,-0.07801006767200815,0.994624559906314
14.298373245,0.06894009190296724,-0.07854033392315753,0.9945243484579195
14.307281201,0.06796343617943655,-0.0823215102403838,0.9942857437851687
14.318544477,0.06569702022103607,-0.08539959214175927,0.9941784604366048
14.331045585,0.06805588754525853,-0.08851674251193171,0.9937470414876733
14.336875354,0.0680151139800099,-0.09143835294020401,0.9934852650552342
14.348418948,0.06796475952927758,-0.0925852466710497,0.9933824860349554
14.358088014,0.06675794998451555,-0.09369097460445262,0.9933606481996018
14.367141733,0.06712018077244696,-0.09228114075383598,0.9934682040177455
14.378536954,0.06631966753341724,-0.0986040875388495,0.9929143646956106
14.387487148,0.07061799960907972,-0.09725065784330218,0.9927514329781937
14.397523865,0.0673673494272651,-0.09592581922844297,0.9931061763157536
14.408406623,0.06634212206237895,-0.09734560431974286,0.99303703665064
14.417878107,0.06636032011018621,-0.09943325273826847,0.9928289561474127
14.427903401,0.06520506739861687,-0.10382805491307873,0.9924555577951634
14.437567118,0.06545379446867884,-0.10222443856491717,0.9926056442262151
14.447361649,0.06488259011243162,-0.10210633244512768,0.992655300884908
14.457538673,0.0675927262183213,-0.10310952347481313,0.9923707218228337
14.46718559,0.0659955003727769,-0.10660252235114744,0.9921091150467876
14.47766972,0.06255206681025956,-0.10740803993745199,0.9922453083257989
14.487991358,0.06477894309906089,-0.10774864380969437,0.9920654808469752
14.497229496,0.0625323837347598,-0.10601319306930206,0.9923965456810597
14.507399173,0.06485394043995066,-0.10841087975005124,0.9919884311630007
14.518604912,0.06576068603589165,-0.11039352070303794,0.9917100396582041
14.527700595,0.06430601367689324,-0.11013001072445057,0.9918347227954968
14.537236852,0.06648123761295889,-0.10967218710940405,0.9917420311855746
14.580442141,0.06305167730367718,-0.10775480490475724,0.992176087198805
14.580703655,0.05866840387387756,-0.10897852175240963,0.9923112919762385
14.581000928,0.060210538975628655,-0.11155929498868833,0.9919320615333951
14.581275869,0.06028536699700845,-0.1146272475855711,0.9915776664674293
14.587699263,0.0658363033990813,-0.11474567792397457,0.9912108809695904
14.59828778,0.0649018875848725,-0.11725039551685229,0.9909793588864817
14.607580018,0.06064100901289713,-0.12289505088948349,0.9905652298020403
14.619597018,0.06044060530387845,-0.12548627480276917,0.9902525577177899
14.640299724,0.059621561099729305,-0.12382890583171098,0.9905108134354478
14.645591961,0.05762077405073015,-0.12128381375121575,0.9909440362198841
14.64766351,0.05833775328857052,-0.1232800026608561,0.9906557159201078
14.657815141,0.06368570593533683,-0.12500984489671013,0.9901094230126377
14.669222866,0.06754074024694215,-0.12360533596910742,0.9900302870755314
14.677847236,0.06786391355924801,-0.12554914721759197,0.9897635580629136
14.687791662,0.06438617673340839,-0.12548813762057653,0.9900036098733044
14.697663115,0.06028781949584645,-0.12384902075251063,0.9904679696381306
14.70736373,0.05986660711552871,-0.12264307909629446,0.990643560773629
14.718928387,0.06090890366145381,-0.12132190932636228,0.9907427010945706
14.727876922,0.06350090142253127,-0.12058940918309363,0.9906693847653709
14.73810859,0.06390794188517235,-0.12112527221333982,0.9905778330829161
14.749993404,0.06570537253921369,-0.12242607493478759,0.9903002878902667
14.757255524,0.0645112864476949,-0.12207798933258669,0.9904217578594365
14.768502764,0.06435184162290565,-0.12419845116840139,0.9901684630440977
14.779066775,0.06888800624536195,-0.12189767582503828,0.9901491802874923
14.788250161,0.06910191590369456,-0.12175689012982072,0.9901515969407684
14.798698706,0.06486799112544814,-0.1223574849189446,0.9903639682519043
14.807465355,0.06137408313774098,-0.12283093532229025,0.9905280325396415
14.818008844,0.060464845598929284,-0.12173228623929344,0.9907195632133508
14.828317928,0.06178608587394966,-0.11901015064937763,0.9909687500798345
14.837109351,0.06669226380768273,-0.11913372440571064,0.9906358047523979
14.848087917,0.06547166068876542,-0.11858948977692846,0.990782516277464
14.85728772,0.06764747535570363,-0.11952835345605894,0.9905234938142977
14.867999334,0.07075781397131896,-0.11819769509045254,0.9904658684867967
14.881289678,0.06877849466053051,-0.11987959139969731,0.990403151367196
14.887270729,0.06466481310076569,-0.12106821052283989,0.9905356885783775
14.897093544,0.06553545972853868,-0.12033996311206366,0.9905672096311064
14.907665011,0.06891213758448003,-0.11860772147517519,0.9905469830856106
14.917683422,0.06928081325176119,-0.11962017308614789,0.9903995068183418
14.928428472,0.06992653371467704,-0.11729680828978431,0.9906319895136033
14.938481503,0.06764042264109252,-0.11204996032350847,0.9913977908067148
14.947410308,0.06836391293541566,-0.11147114927111983,0.9914134144181904
14.957354128,0.07121975818034827,-0.11037149095849799,0.991335402388279
14.969762751,0.06716950416988651,-0.11181042247343805,0.9914568508694077
14.977611918,0.06953541805068131,-0.11334346436353765,0.9911196117132324
14.993073209,0.06812357974879309,-0.10853341644127816,0.9917558547333079
15.003362565,0.06903684173224442,-0.10621991835982028,0.991943165421926
15.007942952,0.06976583839272393,-0.10364451105740771,0.9921645746150339
15.018494024,0.06975536791062185,-0.10567084127717064,0.9919515421387421
15.029950994,0.07519360689030345,-0.10729947380655878,0.9913792132194734
15.037947377,0.0759839218355677,-0.10440117726157047,0.991628376867506
15.049684917,0.07351162033782312,-0.10324042234553661,0.9919362161294561
15.057858555,0.0730719720800137,-0.1045647839989658,0.9918299717409167
15.069730513,0.07299459181082295,-0.09896043532437894,0.9924105107296985
15.077762541,0.07993707905260604,-0.09930610045562495,0.9918408954085504
15.087241867,0.07714584776975557,-0.09448256178577738,0.9925329030769119
15.09747536,0.07674563783082365,-0.09628415905950123,0.9923907838085483
15.107239412,0.07841055105596346,-0.0969590487495251,0.9921949044158046
15.122344524,0.08037392598294604,-0.09661590227111677,0.9920712673242916
15.128453526,0.07949337479621564,-0.09871675989929636,0.9919353833181338
15.148544411,0.07923218720654578,-0.09419181165351632,0.9923961724673749
15.149163638,0.07919780290591537,-0.09249149553173824,0.9925588301300726
15.157548631,0.0786077564409883,-0.09211187609343924,0.9926410342665979
15.167357749,0.075968476999744,-0.09383673756160131,0.9926849737888324
15.177985262,0.07623575190721772,-0.09156583775659437,0.9928765318442543
15.188760149,0.07931354340361761,-0.0886314409204739,0.9929017219811452
15.197319266,0.07815621240397365,-0.08919284131307459,0.9929432227077064
15.207204934,0.07965230139629909,-0.09243925238784398,0.9925273273317213
15.217983386,0.08094182619658224,-0.0909606350692713,0.9925596121340811
15.227844337,0.0831211102425221,-0.08863737332554002,0.9925896922102302
15.237077037,0.08196179891937015,-0.08797383327713669,0.9927451174276443
15.247535098,0.08000920630653552,-0.08823886938732008,0.9928808734362072
15.257287228,0.0779208500556947,-0.08693926676160407,0.9931615704514308
15.268915254,0.08275011195220704,-0.08589581786546237,0.9928616859588856
15.277845234,0.08245097736820324,-0.08390103721238963,0.9930571243819326
15.28733621,0.07893968330327364,-0.08280600160168,0.9934342919885146
15.299719348,0.08049934058039998,-0.08370384785280059,0.9932338707579178
15.30715661,0.08051784621270655,-0.0813617787195825,0.9934269663165243
15.318221344,0.07644183650181596,-0.08209032139514898,0.9936889980096745
15.329580624,0.08037179233402449,-0.08055665889017684,0.993504403465565
15.336978659,0.08436720764984275,-0.0790392243853334,0.9932950091900861
15.348384867,0.08151234947171447,-0.07836183043686556,0.9935870170318174
15.357219308,0.07808971321631168,-0.07921201379842845,0.9937944724940826
15.369322571,0.07756952919273129,-0.07712745723323595,0.9939991566805042
15.378386107,0.07784270771019114,-0.07256861835494048,0.9943210288867478
15.387229097,0.07886847986244826,-0.0723971779864899,0.9942526899655736
15.397249869,0.08058968734250507,-0.07389686240497438,0.9940043038240517
15.407783951,0.07889649639463144,-0.07510871699409168,0.9940493063667181
15.422134899,0.07700367180184764,-0.07168735610097106,0.9944502790508363
15.427838208,0.08131858947410216,-0.07098436717323275,0.994157184062439
15.4381862,0.07862674763218742,-0.0743122441740745,0.9941305371643088
15.447247886,0.0812993330033317,-0.07252914155501915,0.9940472534434697
15.457722314,0.08140789579534723,-0.07379366439866562,0.993945295072516
15.468534872,0.08404890812228877,-0.07179411112221633,0.9938719166228724
15.478374021,0.07821147676768136,-0.07149852297239322,0.994369612425171
15.487990278,0.07594542676061958,-0.07323417293752103,0.9944189499744585
15.498213138,0.07322192472115524,-0.07177486306353886,0.9947295706735273
15.51233676,0.07777326534288344,-0.06772257786217666,0.9946682721619338
15.518879281,0.08201861983456213,-0.07244805474275741,0.9939940771274365
15.528386177,0.0830249373673794,-0.06950768633359247,0.9941204863172742
15.537492056,0.08485911738571546,-0.06697325768371737,0.9941395842394305
15.573351155,0.08034010438363441,-0.06777231036573704,0.9944608496946057
15.573917086,0.07533363111865886,-0.067090529601647,0.9948988415212113
15.574266378,0.07476372298858946,-0.06902010194315134,0.9948098367289311
15.57876371,0.07923285716172059,-0.0688110479102434,0.9944783527214078
15.587598856,0.08889487988708712,-0.06768429318548431,0.9937386662427108
15.598074709,0.08377059962882392,-0.07002976200236785,0.9940212870314796
15.607233426,0.07911107949633411,-0.07134371058571964,0.9943095655080392
15.617786792,0.0754935712416264,-0.06823516568757122,0.9948088675040926
15.62830679,0.07845991224883811,-0.06644541081116541,0.9947004823322648
15.63727822,0.0785339494432895,-0.06991843772733151,0.9944565505091755
15.647603345,0.0776171273134957,-0.06683528065684788,0.9947404821394982
15.673581951,0.07317134994328615,-0.06626982459804695,0.9951152013185314
15.673830266,0.0746017064996501,-0.06520378280257805,0.9950794199939895
15.677671776,0.08136971628054487,-0.0681659543472654,0.9943502259970328
15.687618434,0.08373259180247003,-0.06976289067148879,0.994043254670137
15.709265394,0.08325574123400696,-0.06664330902835518,0.9942973151494111
15.70981011,0.07915619220013759,-0.06429588897048191,0.9947865780647981
15.719629361,0.07613349681916073,-0.06827250758612156,0.9947575359704444
15.728258455,0.07812961490246781,-0.06719925030599855,0.994675838669817
15.737782688,0.07870518571579509,-0.06750587194312725,0.9946096978185163
15.747403075,0.08365997493138404,-0.06329252920962762,0.9944823097173368
15.757179558,0.09034569412117116,-0.06545431522818856,0.9937572078590288
15.767929654,0.09003993904244145,-0.07118318659050979,0.9933910425024247
15.777869305,0.09283473982086032,-0.06542907745531532,0.993529439375472
15.788912087,0.08630254617188161,-0.06331489403274668,0.9942550451055666
15.798571529,0.08122873692112699,-0.06036985944330972,0.9948655046633156
15.807099762,0.07885810002213109,-0.06014425819704951,0.9950698810972155
15.818076075,0.08048414634517566,-0.06368630150653382,0.9947192353561417
15.829456706,0.08143295987845452,-0.06249254405620066,0.9947177262836016
15.837215435,0.08463982550464087,-0.06694402526663118,0.9941602473543409
15.876183874,0.0819572180498553,-0.06845139476206281,0.9942823648062239
15.876643287,0.07778394839341168,-0.06599576849758096,0.9947835020308412
15.876961761,0.08091660700286521,-0.06661905369388368,0.9944920333497274
15.879219604,0.07935710483884319,-0.06461376677917534,0.9947499741413434
15.887087824,0.07993816059854789,-0.06204375959332381,0.9948670576391836
15.901510531,0.08457959938350415,-0.060040253309015246,0.994606183044684
15.907750704,0.08458054815606725,-0.060781341083500695,0.9945610888475934
15.917450742,0.0806829059441391,-0.0627105160737902,0.9947651279885962
15.927428346,0.07910412272703089,-0.0645062072360502,0.9947771041774166
15.938200263,0.0784024112250181,-0.065458818291514,0.9947704283009129
15.94805751,0.0761056886927882,-0.06377363125230025,0.995058213425472
15.957289137,0.0766232713106525,-0.06046340456495353,0.99522512578917
15.968358975,0.07737179474948574,-0.05930152326006555,0.99523712486838
15.977666977,0.08376907429350111,-0.05846780419855161,0.9947684444453442
15.987979906,0.0883804813514752,-0.057158215800803595,0.9944454881402754
15.997503772,0.09080145985094,-0.05572521156334067,0.9943087024084417
16.007940812,0.08975267622302763,-0.05325362960303258,0.9945393446439952
16.01751905,0.08703525071960062,-0.05084292323543022,0.9949069616245795
16.027411429,0.08572402289850779,-0.049386584505982246,0.9950941448772219
16.037507491,0.08956748380232152,-0.04360023978488209,0.9950259719906922
16.049747733,0.09162338211605438,-0.04178515176389403,0.9949166582893685
16.070600626,0.09798999346588433,-0.04137779542030359,0.994326827168367
16.082566499,0.09635767394859794,-0.03949512079931936,0.9945628859475216
16.082833983,0.09464978584317707,-0.039296432301009786,0.9947347427572101
16.087355101,0.09221735822802299,-0.03950273985635301,0.9949550202824679
16.097945295,0.0901758293623362,-0.038923587537968145,0.9951649482030549
16.107277336,0.08947580673143937,-0.037839350107334566,0.9952699450868658
16.118960117,0.08960910410335819,-0.037154138355705246,0.9952837678093814
16.130876671,0.09444867145495306,-0.03461495252933564,0.9949277629666318
16.137850017,0.09804385589201342,-0.03156273084230668,0.9946814547097991
16.147807752,0.09293875552584076,-0.032242583156214207,0.9951496387743517
16.157642154,0.09154538402248572,-0.03352529962572343,0.9952364025442304
16.167416355,0.08866438165436258,-0.03247253993053891,0.9955320997217061
16.177828766,0.08940467262713057,-0.03130512426801375,0.9955032866379698
16.187237827,0.0917634039530871,-0.030889990794835613,0.9953016056269767
16.199746195,0.09590995071226209,-0.03173237882916711,0.9948840824378556
16.20735353,0.09670714709532138,-0.029984179392155325,0.9948611343734677
16.217249219,0.09870052020944348,-0.028518064865383948,0.9947084634639032
16.227954975,0.10100501406225763,-0.027657946781056847,0.9945013952298607
16.23758405,0.1016954095883513,-0.02758692760840884,0.9944330068404739
16.247284071,0.10122870672795913,-0.027109539074551058,0.9944937515265494
16.257745214,0.10038716538205386,-0.025682393805406947,0.9946169271005698
16.26915891,0.10066480171825656,-0.024862504211214803,0.9946096991178859
16.277776448,0.09802634901409105,-0.022939488809280567,0.994919401133648
16.287271462,0.09821207054188862,-0.02130386374203436,0.9949374526016881
16.29854658,0.09869385129913294,-0.01990011253728689,0.9949188455531175
16.307395244,0.10062395946591979,-0.018599072012509283,0.9947506689124037
16.317659867,0.10333942751610041,-0.017030761129088252,0.9945003347892895
16.328581779,0.10373604967829786,-0.016376392453459915,0.9944700326140311
16.337857004,0.10315492852481697,-0.016777118319275947,0.9945238001284541
16.348577165,0.10178515648072764,-0.014458297400711308,0.9947013318360777
16.357101103,0.10306678725794464,-0.01285031565907586,0.9945914270451901
16.368048512,0.10242546616095614,-0.01120392306418677,0.9946775839384754
16.378616191,0.10202763611243236,-0.010887563069709543,0.9947219824854141
16.387825537,0.09950823835691834,-0.00779921674411674,0.9950061722005955
16.39747591,0.09929644452040673,-0.004102138436513702,0.9950494402620674
16.415974254,0.10080136015663167,-0.0016149658184294888,0.9949052606534846
16.417630953,0.10732542334827817,-0.002380286755451681,0.9942210960033362
16.427863249,0.1094369712613059,-0.0010482385072164363,0.9939931843414139
16.437484099,0.11104213196415652,0.00144895597837976,0.9938146434096389
16.448272511,0.10886071951114755,0.004564115655558006,0.994046534421703
16.457356796,0.10502408384532338,0.0066249854466009115,0.9944476111793334
16.46739242,0.10496394911668912,0.008004902560393488,0.9944438098358437
16.477993473,0.1050691975987705,0.011304940181647119,0.9944006546877571
16.487649657,0.10370271604293735,0.013734947053012527,0.9945134981058673
16.509167903,0.10104173035925407,0.014250129669916416,0.9947801277319519
16.509478361,0.10007068192298466,0.01779780549512204,0.9948211380640374
16.51779113,0.09872606609732495,0.020161304299239954,0.9949103907799437
16.528615156,0.09846379393375089,0.022808083718963812,0.994879225133001
16.537856565,0.09850301380959217,0.024712530123404804,0.9948298583804805
16.552263976,0.09852952851316504,0.02783042940554528,0.9947448915224829
16.55700376,0.09813130233178777,0.03248295365267889,0.9946432049859212
16.569073008,0.09414199461253824,0.034599397538388386,0.9949573692075222
16.581520968,0.09100356584382989,0.03709118355268869,0.9951595827335274
16.587166809,0.08838197709384002,0.04013898878579902,0.9952775932895492
16.599814218,0.08915738677856676,0.042713129076491836,0.9951012757439879
16.60776648,0.08739478207815239,0.046346592429460015,0.9950950434183108
16.617293354,0.0889280424325358,0.04901955971902277,0.9948310841716147
16.628404407,0.09082896935655324,0.05058164467585069,0.9945811156197931
16.637239391,0.08810043745366627,0.056226252731758776,0.9945234644915207
16.647864828,0.08537877075823302,0.05748232747976245,0.9946890205141115
16.658100537,0.07722707141711165,0.05681751200393405,0.9953932638761522
16.669111151,0.07472434070251223,0.05883331170190987,0.995467183959753
16.677935988,0.07393659117197335,0.0601253923046676,0.9954488021420681
16.687146931,0.07320486898167164,0.0617200953112311,0.995405282782922
16.697468624,0.07303666518127648,0.06294815090853739,0.9953407335362068
16.707270317,0.07310464145384432,0.0639958024496742,0.9952689328351042
16.717466034,0.07216834524187564,0.06433246243759906,0.9953155601223987
16.727813133,0.0715556777067708,0.06386281181572262,0.9953900372491752
16.737497255,0.07057386699441237,0.06311900714978742,0.9955075691494667
16.752210125,0.07213666192028007,0.06297385713170679,0.9954047394527287
16.75996087,0.07166144522842807,0.06225190365780965,0.9954844738913571
16.767979931,0.07133098013854978,0.06327365673961287,0.99544378828504
16.7942531,0.06910988251246145,0.06407335569518499,0.9955493102951115
16.794681602,0.06859627552072244,0.0655006321421657,0.9954919478196003
16.798257518,0.06892906746122833,0.06709333053354087,0.995362882900926
16.807164901,0.06672743870132576,0.07016857103134028,0.9953008693675398
16.817337852,0.0671370875837134,0.07266296238059805,0.995094319835488
16.828500099,0.06501154841089553,0.07577027933191463,0.995003700165573
16.837334467,0.06527809588268639,0.0748732555158124,0.9950541521979569
16.850193682,0.06633178417568898,0.07296731951270113,0.9951260546740806
16.857529814,0.06749060138044145,0.07212816356481827,0.9951093139681053
16.869700065,0.06535746756636243,0.07421752793169571,0.9950980655096362
16.87920592,0.06517757631318295,0.07481429685945132,0.995065176021835
16.887172711,0.06708201470578928,0.0727171759665073,0.9950940737550737
16.897195975,0.06921924500244425,0.07383140993777894,0.9948656286292593
16.907345562,0.06780785234868654,0.07491152468014518,0.9948820827766248
16.920727885,0.06693064370974608,0.0760802511883064,0.9948527952977381
16.929572239,0.06139980599046874,0.07515616095174626,0.9952796668752597
16.938639781,0.05750878576503524,0.07697123801411138,0.9953733812386216
16.947659663,0.05538882282111666,0.07891152027153332,0.9953416751422229
16.95784057,0.058483155636579826,0.07939493102512821,0.9951262057821122
16.969151348,0.057776417389213665,0.08035436435420493,0.9950904791640302
16.985535295,0.05478953344201015,0.08150237078560275,0.9951660517629874
16.988690281,0.05516463115315841,0.08342366638878546,0.9949861081221129
16.997906381,0.05311894498566009,0.08347736060513318,0.9950929142296266
17.00711382,0.050797429729425324,0.08345241312652353,0.9952162156417289
17.018230754,0.05204346703622613,0.0819990000697761,0.9952726468292025
17.028521001,0.05212306785133788,0.08241339922283253,0.995234252538719
17.037220623,0.05275891075601285,0.08000857681845094,0.9953969685363349
17.049306959,0.053890255715969296,0.0794966521553517,0.9953773769957596
17.057557173,0.05322927899987117,0.08072199079561948,0.9953143242509603
17.068818266,0.05272059418290303,0.08081277484844777,0.9953340315543802
17.077868559,0.05098001979194641,0.08002853764358604,0.9954880565554978
17.088192448,0.04643842432231837,0.08091258085520339,0.9956388034853857
17.098488898,0.04175557651276819,0.08238085045084205,0.9957257992585521
17.107548044,0.04047468706836191,0.08477451549756185,0.9955777625222813
17.117453607,0.04024393979575829,0.08505982537420352,0.9955627812534104
17.129521899,0.039866720880757295,0.08472629067523231,0.9956063982491433
17.137731481,0.038273737140584685,0.08557292470748006,0.9955965024056189
17.14782761,0.03383192338716424,0.08703920436071784,0.9956302415375793
17.157500105,0.02895954089371157,0.08537363188964046,0.9959280536109011
17.16722719,0.03364109019113408,0.08316303088294534,0.9959679650195152
17.179418605,0.032941836152637106,0.08183838508723555,0.9961010561972145
17.187923803,0.033449199653215585,0.08401762058486584,0.9959027013086252
17.201793051,0.032020228429538854,0.08497976887386784,0.9958680353608425
17.207928847,0.028208907702515492,0.0879034746842477,0.9957294997461242
17.219037054,0.02813200577337578,0.09070817530729364,0.9954800938158372
17.228480193,0.02696768668805449,0.09028220715545454,0.9955510368363013
17.237748207,0.027590355922721608,0.09118968697400197,0.9954512611120855
17.247974834,0.027081367443825683,0.09181695414454408,0.9954075780648806
17.257434083,0.02589599286444998,0.09257236095669516,0.995369155409423
17.269164182,0.024614123412819676,0.09251776039588956,0.995406755522559
17.277645299,0.027049482743535986,0.09118091518367259,0.9954669086361309
17.287006232,0.026881524021599112,0.09067256470071303,0.9955178901842353
17.298606383,0.026427549475252287,0.0907364331223915,0.9955242258895355
17.307250966,0.024070232721975802,0.09238888437509912,0.995432025776062
17.317963806,0.023225416452126606,0.09267704831980517,0.995425308471386
17.331144684,0.02391287387262579,0.09228250909709752,0.995445685599117
17.338710604,0.02651164360349929,0.09341057983679449,0.9952746336202863
17.348286646,0.027504612915797304,0.09270293208633369,0.9953138513307996
17.357184532,0.02860990673208611,0.08927946441830703,0.9955956259797257
17.367391087,0.026740141482641474,0.08995452720146113,0.9955868359261536
17.381033025,0.025554257412638448,0.09066188095133981,0.995553817365216
17.388399847,0.02433312361408091,0.0925237014280687,0.995413112114378
17.397954772,0.0226961958257409,0.09299633856598824,0.9954077374163613
17.408054479,0.02542295832580125,0.09016729106698806,0.9956020956243542
17.417342853,0.024884430042348353,0.09034846441085902,0.9955992768780356
17.427976361,0.024575016656234717,0.09039926187734539,0.9956023513473524
17.437955539,0.027591491266155618,0.093248210135839,0.9952605090709528
17.447379142,0.027760458829086832,0.0937789836607489,0.9952059380596339
17.457546132,0.027827201247716184,0.09375333711833182,0.9952064904580836
17.467370219,0.028112510868796747,0.09263789280542775,0.9953029225061192
17.477848123,0.027628700934639296,0.09188010763339621,0.9953867091266287
17.487409343,0.02758069563350827,0.09227822534379475,0.9953512115609101
17.497575084,0.025484328830367692,0.09323063933177873,0.9953183394642408
17.507105245,0.025486307901328303,0.09339775225660006,0.9953026213081997
17.518497675,0.026392300706213602,0.09406335032449573,0.9952163245190283
17.527832953,0.025876989087940727,0.0940412626977175,0.9952319439939422
17.537266219,0.025463683939356548,0.09480459206302846,0.995170181488573
17.554225708,0.02612680401291524,0.09576105060071283,0.9950614108184069
17.559526879,0.026930001877954923,0.09404957182572167,0.9952032219794367
17.568106947,0.027161416020825148,0.0935636924269607,0.99524273066382
17.579549704,0.027312390413765025,0.09372509507685349,0.9952234120451151
17.58700582,0.02849850375688693,0.09382455321994419,0.9951807818163978
17.597877125,0.031189292247353218,0.09556478910587612,0.994934469767863
17.607496382,0.031760350622340214,0.0958424641470883,0.9948896934809207
17.617424284,0.032014629791680314,0.09561247405257661,0.9949036728673019
17.628023069,0.03067950934578776,0.09548717545823548,0.9949577714804331
17.637457453,0.03342168477861195,0.09480578250874497,0.9949345981467644
17.648037151,0.03248549962928758,0.09453947360947772,0.9949909448047647
17.657636138,0.032192042365949,0.09446497646746263,0.9950075580764755
17.667520402,0.03188771772003908,0.09405788039066011,0.9950559223455853
17.677812075,0.03225851983014191,0.09467832818711967,0.9949851265572066
17.688200169,0.03226367143760433,0.09377089805529532,0.9950708890241288
17.698782287,0.03228633152852925,0.09318933360256744,0.9951247865967059
17.709367721,0.031365753959467044,0.0931095802934643,0.995161693161533
17.720349151,0.03085955695302781,0.09331277375707454,0.9951584868745399
17.728236242,0.027363742724489788,0.0945079028165302,0.9951479698463588
17.737479407,0.027788462992307535,0.09440513338429075,0.9951459551820625
17.748633862,0.029280372998455984,0.09345092386574301,0.9951932398211467
17.757359519,0.02860668014075353,0.09303385041429527,0.995251908075747
17.774569073,0.028123796565838566,0.09258565842012967,0.9953074640138265
17.778194097,0.02841585361460232,0.09116594949005659,0.995430212981769
17.788993517,0.027907012803136125,0.09153703095063688,0.9954105537923273
17.804055929,0.02589317475141226,0.09353971315106599,0.9952787878604211
17.807222378,0.024885346653698792,0.09395177694911107,0.995265684694308
17.821197369,0.02270056896568005,0.09472128783554001,0.9952449757720011
17.828084936,0.022765765981756846,0.0950685112351104,0.9952103787997809
17.837062601,0.022625478681209676,0.09465554231203291,0.9952529407261558
17.848514106,0.023173351870244316,0.09402014385916711,0.9953005617961839
17.857241785,0.023198377038205577,0.09439873169492956,0.9952641432088177
17.867093884,0.02332163042633118,0.09478349671954324,0.9952246933752569
17.878671371,0.022731749802876938,0.09510791115950265,0.9952073918464309
17.887106008,0.02241451349396167,0.09598223151489747,0.9951306451005565
17.897849977,0.02656172827912953,0.09311337267162138,0.9953011476033481
17.90744154,0.025895307445227875,0.09392377328274149,0.9952425623257124
17.91761766,0.03140120829654057,0.09724445565118851,0.9947650375654652
17.927530153,0.03294241147610529,0.09764523047020415,0.9946759303876613
17.938276902,0.03338505174352344,0.09761460434718959,0.994664178171821
17.947363529,0.03261006774361886,0.09716331238952722,0.99473407210533
17.957185898,0.032930721258756776,0.09671814885002358,0.9947668909249054
17.967298225,0.03352808901627696,0.0939420414467422,0.9950129446875229
17.97731334,0.03364199539737372,0.09459785283101146,0.9949469646093935
17.990440698,0.03378084133844139,0.09398287743526487,0.9950005394508362
17.997284998,0.033223600078765674,0.09367785229055439,0.9950480653657066
18.007206806,0.03436389569946808,0.0944355277851141,0.9949377135098977
18.018362346,0.033377371141825984,0.09463703111946851,0.9949521513301801
18.027413716,0.035690301847490086,0.09486393616636363,0.9948502580635235
18.041072087,0.03584727779054123,0.09658930698815071,0.9946785804723838
18.049290268,0.03599120865738676,0.0965244964982345,0.9946796743048201
18.057420698,0.03534276410783693,0.09626914196702904,0.9947276719435074
18.067400912,0.03512055067548349,0.0964789304985522,0.9947152169792651
18.07927192,0.032189047954029666,0.09770551554951533,0.9946946754773631
18.08712992,0.03338387880065046,0.09832855388708996,0.9945938930672645
18.098507784,0.033450992211317865,0.0980400364977484,0.9946201196253767
18.107420945,0.032659036302521725,0.09874068097319462,0.9945771288687171
18.117556532,0.03329948699259638,0.0981745802874136,0.9946119323391511
18.129625668,0.032928893236916244,0.09801489405917657,0.994640019571282
18.138019202,0.03284127240899152,0.09826995840980866,0.9946177487360122
18.1479812,0.0325358044659778,0.09879311102828685,0.9945759612222207
18.15815578,0.03269410214002112,0.09853379600460592,0.9945964944288617
18.16752825,0.03313205501667682,0.09911363144254476,0.994524386323756
18.178144094,0.03306449687216417,0.09838906809196901,0.9945985774806761
18.18742612,0.03284668642720834,0.09857364382330079,0.9945875184890216
18.197354783,0.03321543876808286,0.09806308373892499,0.9946257417918846
18.207300141,0.033487863554227615,0.09864957099649722,0.9945586081960079
18.217247005,0.03383554199688503,0.0989096035067529,0.9945210135698058
18.227936505,0.03452394363699969,0.09895682024597963,0.9944926571084145
18.237673774,0.03447283057512771,0.09809580644683213,0.994579728684274
18.247541252,0.03455026207239332,0.09847518639043393,0.9945395502724356
18.257477737,0.03473641323250371,0.09688044016642046,0.9946896812116336
18.269298312,0.03441700753881951,0.09728692805343064,0.9946611097363762
18.278334549,0.0355833026079379,0.09659591485358063,0.9946874171362137
18.287402431,0.03440801898535006,0.09543830879838386,0.9948404984937073
18.299816272,0.0346013034128336,0.09537349819343605,0.9948400100742228
18.307534486,0.03509880592281447,0.09470206070298995,0.9948867239647939
18.317722544,0.0342654560683229,0.09544374282490402,0.9948448976981303
18.327755775,0.03429021719725088,0.09498427013520513,0.9948880185384925
18.343273587,0.034157555557885175,0.09449604355453524,0.9949390730848042
18.347896368,0.03640741291251262,0.09298234091787747,0.9950019017883582
18.358386651,0.03632771945047672,0.09185707170254818,0.9951093282538158
18.368794159,0.03753333251278476,0.09160398455600952,0.9950879151933999
18.379477223,0.03818939932255515,0.09137868755227417,0.9950836674574689
18.387425839,0.03806696346705863,0.0914494341662836,0.9950818595889808
18.397498607,0.03846026462803294,0.08784864257442868,0.9953910910002018
18.408388158,0.03548841658667755,0.08888807307422174,0.9954092036711948
18.417300248,0.03483443684022526,0.09051538317050377,0.9952856511673025
18.427965214,0.03173563895762684,0.09150736979057464,0.9952985735416093
18.437319585,0.03210575404869621,0.09089030149129525,0.9953432441383155
18.450891101,0.032535103947675295,0.09142238580625205,0.9952805706857775
18.457098539,0.0326965814565853,0.09059041158841173,0.9953513504734371
18.467911073,0.03427963333874076,0.08875130635469013,0.995463767476495
18.477894225,0.03434313383465733,0.08793315505519449,0.9955341829392168
18.487513298,0.03474933816103884,0.08790513977915308,0.9955225612198739
18.502595134,0.0355200802173365,0.08773080169159199,0.995510738433245
18.509289965,0.03502899680628353,0.08902202178903286,0.9954135065485792
18.518612272,0.03811119971031084,0.09019863774432704,0.9951943238411826
18.527778817,0.03894486581898262,0.08757074021742202,0.9953967364242834
18.538009853,0.03778858646643985,0.08679359907259492,0.995509364040788
18.552583069,0.03825684825347729,0.08665678689685001,0.995503397707122
18.55731894,0.03728914630964719,0.08710023918660068,0.9955014153184991
18.56800777,0.039051327134483914,0.08669978461314591,0.9954688047332623
18.57970114,0.04030540115030291,0.08581473292168502,0.9954955079013129
18.587139216,0.04113348587961695,0.08615017392388234,0.9954326616463197
18.598511911,0.04065394932895683,0.08625133374050994,0.9954436015324735
18.60741766,0.037618426117253495,0.08828869667380068,0.9953843278131832
18.620087672,0.035165539795978376,0.08854588822160278,0.9954511592689543
18.628173087,0.035830317681408215,0.08861689088366466,0.9954211344877917
18.637216295,0.03524739625626286,0.08870331711002129,0.9954342482508993
18.650470327,0.036239605437321736,0.08879193127981884,0.9953907192340842
18.658967537,0.03686362872990433,0.08701330360269606,0.9955248655222073
18.66779749,0.041182831328755144,0.08372848742571698,0.9956372405636246
18.679786115,0.04092514969894904,0.0839031047769872,0.9956331659456211
18.689336702,0.04181405414054761,0.08398365297212208,0.9955894389304205
18.699634156,0.041550074605792166,0.08304138470715497,0.9956795266179633
18.70770555,0.04759316608661643,0.08429227537656916,0.9953038243941859
18.719655585,0.04869386527157529,0.08584966501701086,0.9951174516113064
18.728190118,0.05037327684576199,0.08558552263703291,0.9950566070806053
18.738775515,0.050299811279992904,0.08463101722868359,0.9951419596761235
18.748605522,0.05027887924457961,0.08419984916427097,0.9951795916831409
18.757169903,0.05031946875973893,0.08375130247971432,0.9952153889468798
18.768736975,0.050283284427114175,0.08282160754298548,0.9952950178872683
18.778055681,0.0500386976822753,0.08154372553140578,0.9954128538253465
18.787209837,0.05102887495141845,0.08163972725223524,0.9953547150917473
18.804445851,0.052064864859328056,0.07986336710316418,0.995445172996547
18.807561062,0.05233581763949626,0.07959886187235153,0.995452150221512
18.819267761,0.05212393614624719,0.07964210737972084,0.9954598083361976
18.829246613,0.051735746616207244,0.078464451407952,0.9955735745726244
18.837266346,0.05212667353760963,0.07724650266014498,0.995648425767188
18.850972884,0.053248618696738886,0.07571011828567012,0.9957070666596974
18.8572758,0.05333307648823864,0.07584013861083352,0.9956926515385103
18.867359366,0.05262178383616713,0.076502443035572,0.9956798301037783
18.879294684,0.05011637801004128,0.0762780503920981,0.9958262939305907
18.887209105,0.04917252022153455,0.07604459326364868,0.9958912004282541
18.89743604,0.046265142303488785,0.07630514346585603,0.9960105730805738
18.908079994,0.046596103894446746,0.0749804885978295,0.9960957431047925
18.917259127,0.04647976996684336,0.07483877976679333,0.9961118351002798
18.930888618,0.04547919421376407,0.07525411793095575,0.996126729200708
18.937856091,0.04687775952627369,0.07518708134729112,0.9960669548078948
18.947825837,0.04862391718211116,0.07446098497409498,0.9960377886378382
18.958321378,0.0499092697737682,0.07370871473172909,0.9960301652878019
18.967483657,0.05103257866032525,0.07311666384098897,0.9960168820778298
18.977520682,0.051632849967152686,0.07318964261840406,0.9959805846589881
18.987586254,0.05129366654013242,0.07277186228135743,0.9960287223935728
18.997890492,0.050678522204954675,0.07064945448082059,0.996213000300982
19.007610464,0.0515950399889615,0.06881882596789562,0.9962940936495297
19.018316422,0.05326946047556976,0.06748487179970304,0.9962972230508421
19.027446204,0.056499196178945006,0.06785763852765808,0.9960939622970229
19.037577818,0.05828736956158862,0.06833310898836915,0.99595841718697
19.049289208,0.06193533620350782,0.06562908944419665,0.9959200955639383
19.057256164,0.06404169939360597,0.06171411955172284,0.9960371620510625
19.068304927,0.06269915287901039,0.06105114013516628,0.9961634276143905
19.080110876,0.06129759298411556,0.06223905661584017,0.9961771453541404
19.088612007,0.0614936494112237,0.06121344898105395,0.9962286106842814
19.098167893,0.06157009368256796,0.06078080452631832,0.9962503788531543
19.107905826,0.05906857487600593,0.06155350354841698,0.9963543895938998
19.117708274,0.057001153402873636,0.06266190083162666,0.9964057179156036
19.129219002,0.05461673911639456,0.06439170477066707,0.9964289840048909
19.137365556,0.054553006800043664,0.06360060192572882,0.9964832827919189
19.14779348,0.057271474419625164,0.06499671826689905,0.9962406360073532
19.157121175,0.05781488098254545,0.0648194812149727,0.9962207960045786
19.167363933,0.05698424305714399,0.06333504846364933,0.9963641240426673
19.177919718,0.057101279516230986,0.06348447122244817,0.9963479140296403
19.187229544,0.05873534425322049,0.0627071119059577,0.9963021516848538
19.197350073,0.058535846238839555,0.06384708993827005,0.9962414887021708
19.207103931,0.058485480167241304,0.06066872630579724,0.9964430511865892
19.218848444,0.061016511932878756,0.057273130875047526,0.9964922346668411
19.228016867,0.06212336888771956,0.05612721886956211,0.9964890477772491
19.238012178,0.060743188602363676,0.05507883996457628,0.9966326236013822
19.247801143,0.06131221581597253,0.054600576140503454,0.9966240962754517
19.257249102,0.0598994976248466,0.05504598383868717,0.9966855019751828
19.269457701,0.05789877109877489,0.0546024825700865,0.9968281201904544
19.277811222,0.05689590398138813,0.054800311780146896,0.9968750081825402
19.288047417,0.05515518386579707,0.05752517966735053,0.996819321340116
19.298824795,0.054774575810655514,0.0595518374270624,0.9967212872733399
19.307427762,0.055026577077278406,0.059302641295855066,0.9967222645002435
19.317885689,0.05472767060276002,0.0587764249594521,0.9967698901649175
19.331768221,0.05406983412812647,0.05750233187307616,0.9968801005469592
19.337372774,0.05783551923653118,0.056308594665546864,0.9967368734432533
19.348674396,0.05850724996410674,0.0564752236199286,0.9966882415373006
19.357974796,0.059219060004836795,0.05607912877063374,0.9966685679043311
19.368918537,0.0603124897868376,0.05468865656779683,0.996680266895318
19.379756521,0.06285683798368519,0.054814119525993715,0.9965161464920088
19.388322245,0.06048661420381656,0.05598105279932174,0.9965979586722211
19.397765245,0.06080202816501245,0.05439179422722311,0.9966667678275245
19.407093785,0.060160889214995315,0.0530045351441609,0.9967804104530809
19.417293671,0.05980882036432906,0.050823804412374406,0.9969151648518946
19.428020563,0.05456324668039077,0.049191254021502706,0.9972978856086514
19.437320787,0.0534657903415529,0.048134879840128174,0.9974088643108852
19.450247663,0.053012483767089516,0.046741229180527526,0.9974993403805024
19.457312933,0.05492799012448984,0.04610795343539599,0.9974251713942672
19.467673293,0.05474782653552899,0.045027372068232645,0.9974844416101258
19.478356704,0.05725837563594543,0.04444336083484505,0.9973696737405028
19.48956216,0.061365896961462545,0.044380720456485216,0.9971281654541099
19.499781634,0.061533840300408336,0.04745450669730421,0.9969762566340281
19.514104174,0.06306279993829801,0.04528769373135403,0.9969814983541256
19.52095953,0.060709741200964576,0.042399662443844834,0.997254529168938
19.53026765,0.06161195384529824,0.04056707008801971,0.9972754283385501
19.539600201,0.0631485935444304,0.03962703000984991,0.997217104559463
19.552483945,0.06439680509765697,0.03932875599524401,0.9971490863682728
19.558289242,0.05901391433600508,0.041347970901481075,0.997400472837803
19.568847032,0.05716167372712271,0.04191038242476254,0.9974848685076502
19.581616334,0.06059056824484774,0.04232629063681294,0.9972648936770483
19.588399638,0.06554099736039111,0.04087129700608562,0.997012494779301
19.601087245,0.06730961516093172,0.03848611676860937,0.9969895859651495
19.607785701,0.0708910810799082,0.03512073510899614,0.9968655820062831
19.618953613,0.06941416290144671,0.0362515554304542,0.996929033942519
19.62858861,0.06740145045624546,0.03761986762260228,0.997016444215667
19.637316124,0.0675877676257286,0.0396384768640149,0.9969256164926606
19.647665656,0.07196647684758807,0.037490471735156204,0.9967022076524267
19.657579546,0.0708174525815154,0.03958486061446345,0.9967035302536047
19.667779103,0.06823809415829402,0.03900643035080526,0.9969062447878093
19.67812031,0.06653202370292428,0.03914389110524477,0.9970161711883787
19.68794584,0.0661404382362123,0.03768299385373939,0.9970985078737912
19.697568839,0.06790724585904326,0.03533733297299128,0.9970656341777082
19.707991451,0.06664880446184661,0.03353381442761203,0.9972128259071587
19.719246555,0.06550745655768209,0.034422360158756764,0.9972581783352014
19.727861128,0.07008666160674051,0.036120754447803376,0.9968867292541033
19.737670917,0.06797671320560426,0.039690652157485955,0.9968970952877116
19.747497913,0.06808757672391239,0.03938451447145285,0.9969016711369849
19.757453007,0.07010959813579914,0.03699921703898872,0.9968528989714273
19.768365639,0.07707159886328326,0.03437589202617804,0.9964327707858979
19.778105629,0.07567572293076273,0.03450361781990589,0.9965353407261804
19.787614788,0.07823365533830137,0.032598763598447655,0.9964019348557391
19.798499358,0.07680518328546765,0.03322784762842738,0.9964922849487936
19.807322764,0.07382730178446775,0.036957757487401544,0.9965859991354121
19.818672476,0.07066661557814553,0.039738777068298245,0.996708111254166
19.828844725,0.06940713714274321,0.038585703068173854,0.9968419096488587
19.837816443,0.06926783355809246,0.03612241992665571,0.996943899130142
19.850529694,0.06676992958480947,0.037494063004450594,0.9970636748686907
19.857558167,0.06411033443671924,0.03817568901586873,0.9972123554121137
19.869116241,0.0678557093371688,0.03561062282991486,0.9970594196195206
19.879429978,0.0674718819123565,0.03507237250433673,0.9971045450894918
19.887520945,0.07204741034137312,0.03753195674815245,0.9966947992669354
19.908166165,0.072744858427796,0.040530627951196094,0.9965266949611543
19.909196207,0.0724171901026934,0.040862009802559746,0.9965370272762201
19.917696154,0.06787892772400421,0.04085055809608728,0.9968569020046346
19.92805649,0.06846974440326775,0.0387674786099368,0.9968996823670772
19.93822367,0.06891140476222908,0.036548182473385926,0.9969530824725847
19.950046269,0.0716269628003207,0.03161675449714856,0.9969302678899206
19.957253848,0.07192648790257954,0.029987686143244808,0.996959035777185
19.969772996,0.07839023907526431,0.02776608054173734,0.9965360079741589
19.988790109,0.07895845237005383,0.031078191026789638,0.9963933504604637
19.989465217,0.076510747608238,0.03143182909004514,0.9965732013356986
20.002755435,0.0799128604790603,0.031391562958050165,0.9963074347334288
20.007278356,0.07781887667173676,0.03125595508315259,0.9964774396369389
20.018584085,0.07630568175453015,0.03241003845956576,0.9965575910799265
20.027376022,0.07606584285763336,0.03311823520914027,0.9965526428879661
20.037496954,0.07485635557639304,0.03178428224530176,0.996687656907605
20.058885121,0.0761934307589626,0.033585750417707054,0.9965272492401093
20.059665985,0.07891458520933653,0.035223442844270654,0.9962589007459031
20.069520432,0.07990024793270993,0.03614648279673363,0.9961472693139889
20.079301905,0.07887520315770585,0.03679121055254819,0.9962053549107778
20.087629214,0.07776701845765288,0.03608596064636889,0.9963182695727485
20.098726498,0.08086498989483591,0.030197646842296456,0.9962675120340401
20.108405264,0.08120690394129423,0.027729861729469407,0.9963114440378239
20.120692959,0.08424923938804348,0.027493673587240305,0.9960653410169507
20.128607959,0.08112213802711331,0.029951007318055327,0.9962540518776042
20.137260178,0.08049922899493274,0.030474085071282863,0.9962887153181499
20.14754759,0.08155379114550793,0.030776255013938006,0.9961936565131864
20.168821116,0.08120007564556267,0.03317447277462126,0.9961455727308538
20.169289399,0.08463248299081827,0.03463704388793753,0.995810031087011
20.178297801,0.08976994728245793,0.03302268308359197,0.9954149179949362
20.188821139,0.09470577395818,0.03031132391479902,0.9950437377429768
20.202275955,0.09611417134477904,0.029224621454783533,0.9949411980451563
20.207156634,0.09569743269819857,0.0328003614856736,0.9948699099185697
20.217456634,0.09684542138139089,0.03571951095057286,0.9946582734260611
20.228345762,0.09769970388242376,0.034012050020792946,0.9946345802930189
20.238798242,0.09279168731437479,0.032930467959136234,0.9951408377939998
20.248016002,0.09183662102028133,0.03333555132703981,0.9952159444348245
20.257600437,0.08909279884574547,0.035750235377486915,0.9953815318079222
20.268442926,0.09259672656208143,0.03345470306162056,0.9951415120841086
20.278447448,0.09550228386305643,0.03193512436449033,0.994916811401217
20.288223077,0.09742640902604394,0.03273459021121114,0.9947042482205423
20.298542162,0.09585814036400458,0.0329845675899208,0.9948483478535112
20.308297996,0.09703998887130295,0.032986704952860164,0.9947336919277494
20.323314437,0.10139301357709969,0.035409299022578375,0.9942160923765436
20.329711397,0.10263943088875677,0.03613862271545061,0.9940619433290174
20.337378389,0.10481890889138444,0.03557012366980629,0.9938550008129629
20.348133208,0.10701440677454474,0.03295072757257437,0.9937113093324089
20.358082064,0.10749591761081746,0.031274787029649094,0.9937134976406723
20.367730668,0.10614999746905449,0.031310531937799015,0.9938570463739199
20.378511694,0.10826133022373688,0.031286218973034075,0.9936300402466495
20.387501,0.11243565618568716,0.032232750874405296,0.9931360797942861
20.401263481,0.1123098704993705,0.031652984066345806,0.9931689592350892
20.408045369,0.10986732545582477,0.030885643939915997,0.9934662791436861
20.417480518,0.10886654434239619,0.03299290592937977,0.9935087033747013
20.427941508,0.10667509898435691,0.03275579755184858,0.9937542357059013
20.437478494,0.10897919181035051,0.03468374630809935,0.993438761823998
20.447720601,0.11833375064415676,0.036756671777880716,0.9922933389569336
20.486070219,0.11890126798352689,0.033534273859849424,0.9923396298387978
20.486440282,0.11713126075573263,0.030998829301498353,0.9926325303634317
20.486777835,0.11660406753120504,0.02893934399709926,0.992756770716874
20.487498382,0.11814071184947805,0.028464126895947982,0.9925888200477325
20.49991028,0.12229974359236777,0.03217222874358081,0.9919716328680533
20.507066395,0.12019543380038063,0.03273792095354269,0.9922103034262333
20.522086554,0.12087453594683038,0.029876170755412226,0.9922181015183265
20.52772169,0.1159200675450956,0.027775857668153745,0.9928701021136346
20.537574945,0.11874309404699315,0.02836164515130329,0.9925198711866975
20.548429502,0.1191524139677397,0.028233201848490538,0.9924744775353384
20.557221513,0.11815235816591911,0.030094693813487172,0.9925393340639478
20.568322923,0.11495507967698101,0.0320566600990138,0.9928533125289732
20.579658706,0.11690870825832227,0.03185956591272177,0.9926315137014459
20.587300414,0.12070906411648437,0.03325335257056238,0.9921308060850346
20.597743575,0.12629474596054963,0.03121974785786744,0.9915013688777496
20.607164276,0.12323234362954005,0.030295105927881774,0.9919153169703498
20.617410567,0.11727751540477531,0.03271218903956405,0.9925602737711814
20.628555541,0.11954705899126793,0.03408352567184893,0.9922433239706452
20.637427162,0.11869166079038217,0.031891764046016256,0.9924188657239714
20.6479293,0.11962886718205022,0.028821383299810363,0.9924002529228945
20.657767436,0.1242114274042905,0.02724320330078283,0.9918817112821976
20.66728401,0.12497462849125171,0.02726772761623915,0.9917851648739864
20.677946014,0.1267557357449078,0.02704896491480017,0.9915650946623752
20.687771887,0.1247014799349497,0.029870444157819025,0.991744572693921
20.697375956,0.12287435064204093,0.03207238284601111,0.9919038543189937
20.708070198,0.11959814028059852,0.031812158391850094,0.9923125875548865
20.720649318,0.11993796978911087,0.02973127011227714,0.9923360998071052
20.727836244,0.1267275680076155,0.030738855248336916,0.9914611673105997
20.737529936,0.13208694637150611,0.03317589451118081,0.9906827941483762
20.754998233,0.13112500955949202,0.029213167900846448,0.9909353271981074
20.757139691,0.1277632527623847,0.02614113059513894,0.9914601315911714
20.768234897,0.12637107815728063,0.02859711233084714,0.9915707517730156
20.778036736,0.12146600242031942,0.031314113738850465,0.9921015253172314
20.788068098,0.1285630717246052,0.030978339297820314,0.9912173722665897
20.798791591,0.13278948897110754,0.028095441129619286,0.9907459804644803
20.80781047,0.13460879595644507,0.021454209844411737,0.9906665377063608
20.817475507,0.1350825589778253,0.023553896047201227,0.9905543479491674
20.829267521,0.1298286885600134,0.023207817719907816,0.991264802574704
20.837503222,0.12841062618351667,0.02601625002609978,0.9913797788021181
20.85594499,0.12355029309382419,0.030646140850301762,0.991864980290873
20.857158848,0.12100253156790419,0.031216647875964166,0.9921612309748584
20.885481593,0.12130293508072637,0.029808955489329922,0.9921678406970447
20.885896893,0.12233322653284702,0.030021537535927855,0.9920349232612944
20.887375575,0.12658220907322168,0.026907379265071685,0.9915911139614094
20.897811356,0.13138258970929922,0.02695456687315203,0.9909652195944916
20.907556987,0.12947649244704953,0.0317776093752927,0.9910731665452358
20.917282623,0.12801033712384602,0.033323407099860126,0.9912128450180093
20.927428315,0.12998185652792543,0.028662402776389446,0.9911020046597817
20.938035815,0.13695518675931062,0.02921221897445481,0.9901464149722055
20.949625092,0.1368756854800859,0.030354446650360217,0.9901230500765585
20.95729853,0.13236512633445985,0.03050076005144533,0.9907316372089602
20.97126064,0.13156490504043689,0.03213623953737374,0.9907865248730916
20.977419979,0.13543429405007706,0.023669986106922874,0.9905035506008323
20.988070729,0.1375785303173418,0.021774561157527916,0.9902514915323872
20.997943376,0.13969833708387244,0.026084651889836698,0.9898504763608424
21.015279259,0.14011996008128375,0.02538154554987426,0.9898091603598742
21.018109824,0.1332196515250506,0.027262746266804458,0.9907114953978964
21.031606008,0.12996395049496134,0.02983351579850912,0.9910697921472752
21.037494521,0.128491188269776,0.03458223714101766,0.9911075034582996
21.04810544,0.1351961754361544,0.030974061663417967,0.9903345907578445
21.057264042,0.13951833244890283,0.027570416478046134,0.9898355959682924
21.068180185,0.13964715129325314,0.02696194323769206,0.9898341915454967
21.078411966,0.1387247992444248,0.027347577910963965,0.9899533019577226
21.091566263,0.13578322832738754,0.02825823474988613,0.9903354921812169
21.098042394,0.13428735830625924,0.027347089752486196,0.990565011536949
21.107395863,0.13441940738100597,0.030207188242931934,0.9904640067654126
21.11769126,0.1370665998843868,0.0324541144289718,0.9900300387628472
21.128298792,0.13744713493625935,0.031035532058273578,0.9900227678430802
21.137280447,0.14088406893607325,0.03102362305944036,0.9895399001214058
21.148237104,0.14072522425225942,0.027484136924646345,0.9896671326646443
21.157680606,0.13672989028082355,0.02752797717537597,0.9902258063575329
21.16731978,0.1426222668778409,0.02766456161474606,0.9893904997630055
21.1779472,0.14784415454592575,0.02752297795685079,0.9886276304306831
21.18850698,0.14898413358773285,0.02610990476113254,0.9884948157742038
21.197617902,0.1501715952596969,0.021495920993329407,0.9884262326333748
21.207520497,0.1462168413020545,0.02110048515809319,0.989027504595167
21.219121766,0.14621723885076404,0.01842904245454298,0.9890808305983224
21.227985946,0.14280593111316706,0.01764215358114408,0.9895934622136107
21.239164232,0.13691957921282813,0.016759181392785028,0.9904403862258576
21.247819597,0.13423264059562753,0.014311384872796512,0.9908464979308086
21.257155004,0.1379070596509141,0.01254343670025612,0.9903657430940278
21.273784252,0.1422793622657702,0.012289777653009263,0.9897502434647265
21.287729575,0.14246686484691728,0.013610976338807323,0.9897059834838803
21.28804162,0.14924899535307112,0.010063563386877921,0.9887484321494814
21.298697261,0.15089511243012046,0.005501341136219128,0.9885344709672013
21.307547082,0.1526360035657888,0.002643891591891639,0.9882789384848363
21.317645506,0.15088396301654264,0.0002923674710029666,0.9885514373191132
21.328751548,0.1508422110166282,-0.0006824962191562634,0.9885576167196963
21.337495439,0.1494439258694093,0.002008761540970894,0.9887681618548455
21.3484829,0.1515233625824469,0.005866337569142218,0.9884362683932805
21.357433357,0.15075374793207375,0.004827568284997707,0.988559559191497
21.367277992,0.14263257319107336,0.004736741160999171,0.9897643721351396
21.378395866,0.1393827454562956,0.004549815102648157,0.9902281300041911
21.388213312,0.1391128570485646,0.0008319291165450273,0.9902761841515381
21.397488541,0.13955953281742342,-0.002123983760246524,0.9902114044449138
21.407791719,0.14077092404629443,-0.004407294676967118,0.9900323846707152
21.41737545,0.14571834457623548,-0.005258683935326878,0.9893121399726326
21.42803872,0.1423384461801312,-0.006096005833815148,0.9897992753340953
21.438705135,0.1363517072613059,-0.007625184969867805,0.9906311465329073
21.452793146,0.13085406143913214,-0.008112726318819746,0.9913684472871627
21.457840547,0.12670183577819819,-0.00949478204143976,0.9918954047299645
21.46871539,0.1250398386535013,-0.006720881622478151,0.9921289575955956
21.477855053,0.12565134639206038,-0.015606878830354866,0.9919516946318692
21.487658049,0.12626532320723527,-0.0193451669848044,0.9918078607622056
21.501924706,0.1296285507714595,-0.021979628141751053,0.9913189873959046
21.507361223,0.128797903197199,-0.022171506699795195,0.9914229795716186
21.519112941,0.1209693830031591,-0.022831758452184506,0.9923936311675
21.528033979,0.11539849588845423,-0.023217409114831656,0.9930479037089184
21.537571833,0.11324412948524148,-0.021446176939769898,0.993335707921445
21.548611167,0.11176808965116763,-0.030633335860680448,0.9932620464257029
21.55724669,0.11209318900398231,-0.032704871003205085,0.9931593569974464
21.567434244,0.11075311228513991,-0.03296507654059259,0.9933010882143581
21.578532369,0.10925505421400135,-0.033246988994674875,0.9934575838210122
21.587732266,0.11009727502443763,-0.030895710867333333,0.9934405090805365
21.597470544,0.10108261630956109,-0.027975165553630745,0.9944846377859544
21.607274037,0.09756186555720131,-0.029609323101330638,0.9947889074444284
21.617327017,0.09731873848516799,-0.030740809848033183,0.9947784003231789
21.628139454,0.09790237803513485,-0.03220754833655487,0.9946747197979922
21.637372421,0.09761092948789078,-0.038270087990686305,0.9944885654494451
21.648437151,0.0944599005502287,-0.03750938178047273,0.9948217797507692
21.657707279,0.09506865239023655,-0.03484749678588233,0.9948605949078808
21.667284064,0.09257731897696723,-0.032970815758713024,0.9951594672811198
21.679538524,0.08587579539669735,-0.03603527600958729,0.995653959289018
21.687782184,0.08562324684609256,-0.04058334022316164,0.9955007042166591
21.697533287,0.08708034526805998,-0.04320603127750169,0.9952639108946145
21.707302123,0.08388805121027533,-0.05227629195770968,0.995103001785893
21.717588784,0.0833283212439821,-0.05217200608557836,0.9951555017481771
21.727911132,0.07894052421061175,-0.04822972820676758,0.9957119497899256
21.737935483,0.07494589460724171,-0.052447950397521016,0.9958073736323805
21.747248887,0.07009083538281939,-0.05389334650956803,0.9960837223834842
21.757314279,0.07064859664104918,-0.05353385526326612,0.9960637038529725
21.767906801,0.06362035716818501,-0.06167134947346227,0.9960668124216944
21.77812822,0.059410225655062286,-0.06101955698644618,0.9963669197403096
21.788158691,0.05989405449364195,-0.06275619272461212,0.9962300750885933
21.798352272,0.05462856170516039,-0.05885622691639776,0.9967706179453681
21.807223732,0.05171626089056651,-0.05537790580957558,0.9971252257904445
21.817381825,0.059910600662020655,-0.052641513335278695,0.9968147225046828
21.829644679,0.06607826526868177,-0.05779207671999473,0.9961394173143999
21.837811321,0.06765907469927396,-0.058061744847408066,0.996017611990929
21.849824197,0.06488110222882171,-0.06208016707255654,0.9959600872674651
21.857738584,0.06707743108319189,-0.06646348115433544,0.9955316287854078
21.867708725,0.07002002632181636,-0.06822470600822401,0.9952098197887638
21.879165975,0.07960200992870622,-0.06902272253356016,0.9944342028457013
21.889889069,0.08384923804112868,-0.06987753267581319,0.9940253697502206
21.901084609,0.0821112234196413,-0.06710886491175884,0.9943611754482297
21.907467982,0.08068897087395688,-0.06608997323358488,0.9945458287164478
21.920626244,0.08005377236266044,-0.06500179585568387,0.9946688695571223
21.933055776,0.08054202773352233,-0.06612185764841694,0.9945556202192489
21.938563644,0.08119275697628246,-0.06779654402473503,0.9943899460638631
21.950613506,0.08115878810980165,-0.07033606619820999,0.9942163189690206
21.957508688,0.0821923444274069,-0.07068234138602701,0.9941068479462938
21.96752029,0.08319043173751355,-0.07170613445204688,0.993950492906599
21.977537103,0.0821193624262802,-0.07509205311300245,0.9937895118554912
21.988280179,0.08272624846657874,-0.07653864720513698,0.9936288055902232
22.00213187,0.08430989670705336,-0.07678278414600931,0.9934768469249967
22.007257467,0.08767958512624564,-0.07351569995686141,0.9934322987561569
22.018836933,0.08799330650529946,-0.07363935626420452,0.993395401247287
22.027448201,0.08564594810878237,-0.07696416705507961,0.9933485232092842
22.037504775,0.084005913099589,-0.07898882578953255,0.9933296391252479
22.051004873,0.082688420417951,-0.08322368173543522,0.9930943781570728
22.065376691,0.08178696758591258,-0.08480142117920574,0.9930355536933649
22.068807485,0.08017902554744008,-0.0846667302327919,0.9931781656147857
22.077826173,0.08059084043431243,-0.08612716882955421,0.993019248165662
22.088150489,0.08045511239940949,-0.08768456435894881,0.9928939480437877
22.098400438,0.07991156861002349,-0.08878579356783185,0.9928399790816321
22.108252059,0.07925996111852207,-0.08930633868219547,0.9928455249607924
22.118167609,0.0776526416197983,-0.08960316982846235,0.992945788654224
22.129219023,0.07580024261771649,-0.08796742563930103,0.9932351459979099
22.137660957,0.07759602883733954,-0.085562306451282,0.9933065730294004
22.152191458,0.08047571778067976,-0.08515016929356857,0.9931128372531295
22.158273302,0.08093805118976106,-0.08550172974856145,0.9930450574267048
22.167445325,0.08072950705722946,-0.08542571078288003,0.9930685749874156
22.178349813,0.07790607660531436,-0.08398751286831259,0.9934167005391856
22.188652748,0.07516936829301443,-0.08196747507583743,0.9937962060201886
22.197811395,0.07539281799546091,-0.08238210976394654,0.9937449929360874
22.207816944,0.07512535595461148,-0.08138007145810705,0.9938478076960106
22.217847273,0.07626961166807733,-0.08084280070591511,0.9938045018563886
22.228130132,0.08082110009888248,-0.08177594984222182,0.9933683323954962
22.237545403,0.08334240771815833,-0.08028432080058456,0.9932816674585963
22.24965353,0.08106459295067926,-0.07806519413119282,0.9936469983022139
22.257188429,0.08066572263435533,-0.07604727853082952,0.9938359284207489
22.269019088,0.08451942325934685,-0.07668699359230295,0.993466442365157
22.277832995,0.08793633445860603,-0.07714005604828758,0.9931347405235864
22.287461797,0.09019878333494796,-0.0777134058641018,0.992887106389189
22.301465791,0.092901762249844,-0.07811559583945539,0.9926062745406763
22.307340031,0.0937537452370686,-0.07820400184574049,0.9925192035166546
22.31773615,0.09110882877086053,-0.07557680955738083,0.992968945726466
22.329473454,0.0899011593653087,-0.07515361952393754,0.9931111292384275
22.337967981,0.08902648042580681,-0.07781513829695647,0.9929849394803625
22.353515527,0.08871014222514517,-0.08059967453516115,0.992791117572685
22.357760461,0.09014226653174438,-0.0835622585038083,0.9924171102607324
22.367927486,0.0916508406398007,-0.08474202904961405,0.9921788709313318
22.378919355,0.09436501848932488,-0.08289413382016693,0.9920805440405097
22.387539482,0.0926335594970354,-0.0826083121325472,0.9922675498178508
22.403458837,0.09914682995604106,-0.08237402624883372,0.9916574135805291
22.4251366,0.10030870591218978,-0.08040076553981462,0.9917025160897968
22.425461944,0.09863962121183187,-0.07877325675867802,0.9920005036020989
22.427996672,0.09364092111511725,-0.07352404384185712,0.9928875026254753
22.43799545,0.08961272116107628,-0.07285253509471058,0.993308647066148
22.450252935,0.09352679771111277,-0.0736303094049327,0.9928903845071914
22.460740059,0.09526149748076458,-0.07666891531683556,0.9924954027711475
22.468031086,0.09583901453465006,-0.07387640342748869,0.992651580520399
22.477943914,0.09615987508464482,-0.07762854666077348,0.9923341610400408
22.487417084,0.09859646389434873,-0.07614166198562888,0.9922102522235884
22.497716547,0.0965333208209277,-0.06959687874164054,0.9928935453716603
22.50956466,0.09350111309887393,-0.06645086791685015,0.9933991262339469
22.518434418,0.09269270875259271,-0.06263104117114028,0.9937230068917223
22.528216871,0.09657280838106469,-0.0635169017799846,0.9932971840640976
22.537834942,0.10070623169117084,-0.06189623383493007,0.9929889783555587
22.548340687,0.1022978806475982,-0.05810673559505731,0.9930552607450885
22.55726429,0.09834010583639988,-0.06001050755281439,0.9933418155737427
22.568155069,0.09530319280381629,-0.05951786307518078,0.9936674118719817
22.57946751,0.0904222265692222,-0.06116852814482863,0.9940232553149144
22.587457604,0.08795512253940739,-0.057821118099201874,0.9944448776683583
22.598341917,0.08812729768547285,-0.054707058259780623,0.9946058099464415
22.60755536,0.09814025101827599,-0.05352361623632796,0.9937322142484143
22.618099514,0.10017797184697423,-0.05292366457965779,0.9935609994781834
22.628345425,0.1019968760680769,-0.05394857308265499,0.9933207884337764
22.637546813,0.0970627241105191,-0.055342433988793543,0.9937384175870637
22.647690164,0.0949590134914195,-0.054317360635943696,0.9939981942087629
22.657545821,0.08878309464851165,-0.04564835283092292,0.9950044170698225
22.667882647,0.09252958982611705,-0.045680990224971976,0.9946615113387453
22.678009676,0.0929001579969874,-0.0450221998882489,0.9946570072951567
22.688052066,0.09249915179994884,-0.04231777537868136,0.994813104458968
22.69792364,0.09493352714982686,-0.042500006735391824,0.9945759774146894
22.707286601,0.0920443652426861,-0.04241115207012482,0.9948513099992158
22.717338987,0.08858130884629462,-0.03843163055968933,0.9953272635146698
22.728024894,0.08759222475249397,-0.03213987876042229,0.9956378007871005
22.7378933,0.09098978826025446,-0.030976739941163314,0.9953699312391207
22.748057831,0.09856324708185611,-0.02909288791006509,0.9947054288570729
22.758076156,0.09789047662470098,-0.03237196258808451,0.9946705538138669
22.768399853,0.09711044098710626,-0.03392894864248641,0.9946951234902608
22.777990038,0.09656264672849858,-0.03295673707747038,0.9947811360987872
22.787272907,0.09658035921655898,-0.027643419159708204,0.9949412422805485
22.800220974,0.09674225509808294,-0.024485448050966207,0.995008240625313
22.807526843,0.0973407579009885,-0.023270328534934204,0.9949790292569676
22.820015239,0.09744241146810417,-0.025700747679978955,0.9949092662227902
22.83109102,0.09348737149843772,-0.02389743374678403,0.9953336244850927
22.841964486,0.09152868435815761,-0.02464893230158647,0.9954973280105058
22.847546428,0.09604886525808295,-0.02732880857201701,0.9950013827652043
22.85726179,0.09729520567029344,-0.02853713523409933,0.9948463574171673
22.868478799,0.09473280086500763,-0.022662748957194757,0.9952447418851175
22.878248084,0.09294060980554386,-0.01901812916323593,0.995490006887113
22.887294723,0.09117369440007309,-0.016200231403597484,0.9957032238332424
22.897559632,0.09139888304501644,-0.011590605534269901,0.9957469066190828
22.907387928,0.09434209124116422,-0.010673951595842737,0.9954826149047373
22.917904784,0.09168491516359996,-0.010736889686780954,0.99573018209317
22.927908113,0.09197119065760503,-0.01120296492490928,0.9956986460098828
22.937724719,0.09509452265846374,-0.01012108497327411,0.9954167948147765
22.947797164,0.09722198638415926,-0.012619782437035076,0.9951827100863239
22.95735332,0.09591683290897199,-0.01191030929969332,0.995318092720663
22.981205057,0.09502899341875207,-0.013515450092852377,0.995382752019848
22.988773525,0.09614342074208196,-0.011284737251975298,0.9953035202153989
22.997946411,0.09914251943092671,-0.012023548795950452,0.9950006005602406
23.007667821,0.09201023373150784,-0.008169942486967225,0.9957245447052276
23.017978416,0.08624397661019392,-0.00402273320928286,0.9962659254014399
23.02770123,0.08773813525106006,0.0011478359546071481,0.9961429124855972
23.03752457,0.09382219185326886,0.00033745788149016617,0.9955889123719823
23.049209646,0.09348937510082675,0.00046882120562019715,0.9956201670064415
23.057481215,0.09150540079820492,0.0011607037687137718,0.995803903583191
23.070569441,0.08983990204162923,0.003826930247850097,0.9959488674656087
23.078564236,0.08408787835880337,0.0049224605418596926,0.9964461842444523
23.090316997,0.08265454738438253,0.003510323838470331,0.9965720763814486
23.101092646,0.08366846907182582,0.0030587549284069324,0.9964889519214276
23.107260258,0.08869303792262168,0.004212444729896213,0.9960500993089926
23.121567089,0.0926700462201282,0.005772640450715335,0.9956801389782697
23.130842529,0.09489761697343986,0.00635414044017591,0.9954667584565688
23.137675077,0.09816657836715069,0.0019410604477444358,0.9951681039784306
23.150325883,0.09707844251612001,0.0016790271887496535,0.995275317119009
23.158667048,0.09560933369985485,0.0025106302814714722,0.9954157684329998
23.167481191,0.09272188836857906,0.0009988244528696159,0.995691545493421
23.180510389,0.08926091324421412,0.00041588562586066294,0.9960081909331646
23.190467157,0.08883131545743336,0.0005649004836444588,0.9960465241551449
23.202499478,0.08971011335084182,0.0013647964857697863,0.9959669838368798
23.207249187,0.0906421723206502,0.0003889539543040093,0.9958834496625673
23.218038741,0.09086344552151147,-0.000618373227360487,0.9958631692569572
23.227959686,0.09094977484831764,0.002773604796547728,0.9958516182501652
23.237805777,0.09064556232527826,0.006364388678614916,0.9958628804145085
23.247631162,0.08924024337011795,0.004643986123243759,0.9959993033913875
23.257976629,0.08804583334167909,0.004396752948457282,0.9961067210869926
23.269323447,0.08392441696202135,0.008013005858861581,0.9964399048486019
23.278168456,0.08258862930438303,0.01005068431404177,0.996533041125302
23.288685041,0.08383679717076206,0.01069367351619562,0.9964221177728231
23.298587597,0.08405261627366999,0.008477919333854285,0.9964252518785942
23.307707079,0.08469065222532238,0.006284281025553755,0.9963874754520158
23.335091118,0.08350841345971649,0.0064464043591644215,0.9964862210549021
23.335489497,0.08129909280478545,0.00782847562584616,0.9966590051158393
23.338364357,0.07980580718137621,0.008536087569409413,0.9967738802502484
23.349210791,0.08078011133982485,0.008593072438459809,0.9966949045309669
23.375665508,0.08180087652064046,0.00864432838251186,0.9966112041248936
23.376096506,0.07993304054633772,0.009401034126670748,0.9967559027095685
23.380674462,0.07892258152508541,0.009661616880215485,0.9968339276352286
23.389359472,0.07798023065592347,0.009936738089936541,0.9969053841077302
23.397472633,0.07826586364747387,0.009688069136240918,0.9968854477340545
23.407506807,0.07886496233323213,0.010092651975587789,0.9968342169549947
23.425647974,0.08251080366233546,0.011779838185629301,0.9965205480527314
23.428218104,0.07768719972632812,0.01400052451612671,0.9968794733125742
23.449238775,0.0772916593486748,0.013579991327929522,0.996916036198968
23.451709811,0.07607531818061805,0.014309718916807145,0.9969993871152779
23.457449837,0.07595424896518728,0.014160482748924067,0.9970107485842125
23.4680611,0.07934521205313735,0.012779690125408198,0.9967652767048726
23.478082679,0.07887544663318702,0.01339881850482071,0.9967944299508753
23.487729915,0.07965550014269657,0.013951647354000687,0.9967248129915932
23.503281234,0.08022501954784429,0.01361170156100504,0.9966838354358729
23.507283687,0.08435283500833146,0.015393220392737399,0.9963170419058374
23.519055873,0.08046510772109837,0.015558416451617848,0.9966359927862077
23.528257517,0.0813729073494962,0.014472061221964167,0.9965786518852779
23.537954355,0.08279554886258772,0.01653914434460573,0.9964293019541783
23.549106593,0.07983252661452529,0.017556333693742016,0.9966536724668079
23.557246885,0.07873137594695703,0.018374203732182105,0.9967265217092938
23.567590081,0.07920496490112887,0.01948933102211253,0.9966678180373447
23.58058135,0.08741003123888758,0.017548950361001597,0.9960178315572689
23.588591482,0.08531268217123963,0.02024521908987528,0.9961485217399824
23.598269816,0.08422772235085597,0.019818524505041256,0.9962494250307151
23.607184302,0.08317922369134163,0.017384222813861,0.9963829612871068
23.617825966,0.08268491054570007,0.016841428844609707,0.9964334256951247
23.646530931,0.08241724772429132,0.016602074207807346,0.996459617049056
23.647076974,0.08399960593401246,0.02177861413909705,0.9962277642031018
23.647809009,0.08489448749771279,0.022312067653937357,0.9961400993984265
23.657686443,0.08560013277858813,0.020996068686037032,0.9961083185919187
23.667204622,0.08785800636966473,0.016685522861214257,0.9959932550191272
23.678108191,0.08606153507158151,0.016282878555423243,0.9961567547565355
23.687659512,0.08402414797080072,0.017397088939936193,0.9963118406674674
23.699764052,0.08449687587903085,0.019362520555736753,0.996235600028634
23.707207419,0.08462076018611131,0.02418147723573144,0.9961197634342079
23.719928118,0.07764012940943169,0.02240216250276763,0.9967297293752636
23.727893543,0.07819537126260569,0.022597614919277417,0.9966819109992231
23.737350899,0.0746731336410508,0.0191775446461428,0.9970236430965774
23.751859744,0.07477375696397381,0.017742980676865985,0.9970426630321259
23.757081068,0.07439307768953714,0.017990184646883695,0.9970667095276271
23.768968135,0.07533353843775459,0.017212815970298483,0.9970098178818602
23.778224898,0.07435682729954228,0.02025307568988588,0.9970260152869863
23.788276464,0.07200554164616509,0.023514108200410964,0.9971270173291775
23.804934547,0.07250995838066301,0.02338156865994199,0.9970935804540288
23.8076351,0.0713628957389481,0.023238322916728126,0.9971796816320367
23.819421378,0.07159100359620896,0.02536153102025224,0.9971115890151897
23.829043925,0.07233945099659458,0.02328504096644563,0.9971082241646101
23.861151813,0.07432982041158433,0.019547017795744116,0.9970421214236008
23.862041685,0.07415192173617145,0.01927051066474212,0.9970607503665726
23.862360241,0.07338283652367775,0.019139875718667685,0.9971201655072537
23.867556323,0.07872668825187533,0.02260525442517833,0.9966399104136182
23.878280221,0.07960733740948298,0.02334390870744186,0.9965529257178624
23.890522561,0.07839655950263576,0.020248074997691184,0.9967166071241302
23.902459361,0.08114825588461272,0.023501712054003063,0.9964249244661718
23.907353255,0.07879001204670713,0.024715138422919263,0.9965848162271066
23.917720622,0.07505225815330735,0.022930837566307406,0.9969159118173393
23.927422655,0.06917703995578836,0.025279542608978654,0.9972840527494843
23.961457301,0.07017205436797365,0.021679697789822885,0.997299289827041
23.961862518,0.07471862520554004,0.016822825998418955,0.997062746056045
23.962205959,0.08141163994302367,0.01916753486200207,0.9964962370672062
23.970003303,0.08429676539745355,0.018239768272028514,0.9962737405938739
23.979195737,0.07721409492542276,0.020797977512755757,0.9967975861107544
23.987764475,0.07180939173341232,0.024620045962888915,0.9971144691536988
24.001592343,0.07356998205776806,0.026593977410056834,0.9969354132066597
24.007118094,0.0771389919642461,0.026987703723923277,0.9966550254558745
24.018114389,0.08491096077967641,0.020578931280646754,0.9961760067010341
24.027336997,0.08123572571551034,0.020544835686679353,0.996483149177186
24.037922541,0.07967246132929251,0.020909784048326167,0.9966017659209645
24.061568496,0.07849005589632604,0.025118181747983474,0.9965984086235874
24.061915296,0.07939530064850177,0.026058201646652797,0.996502562145164
24.068223833,0.08369616712040796,0.026104440234435294,0.9961493411177861
24.078289603,0.08293558190983927,0.029339964122740755,0.9961229119734937
24.099461102,0.08103202294105337,0.03132078224205216,0.9962192629425647
24.099894931,0.074562192485167,0.0292624937618563,0.9967869310492802
24.107324214,0.07763312862183303,0.026702421865423508,0.9966243414681919
24.119645968,0.07779721351198111,0.02883973721086748,0.9965519871674431
24.129013736,0.08454741276038243,0.029208879261513557,0.9959912531582855
24.137895962,0.08251563730841655,0.03347925717261264,0.9960272631503396
24.14768085,0.08604615378228987,0.03913769953065694,0.995522124261798
24.159566527,0.08728879444310444,0.041578308729250744,0.9953149806005557
24.167443057,0.09183925901735135,0.03843537099610937,0.9950317948485542
24.186179544,0.09115171861160848,0.04380930100341372,0.9948729111498325
24.188160288,0.0922619212896451,0.04844329038399879,0.9945556723968323
24.197882025,0.10138530471309433,0.05494409692065532,0.9933288308520029
24.208678864,0.10519097152965207,0.05751756361526867,0.9927872830493002
24.217906923,0.10162041672450446,0.06357657549753787,0.9927896604783634
24.228360696,0.10532014854878405,0.06576898699586706,0.9922611081057241
24.237755695,0.10458504493796908,0.06917797288985224,0.9921070388028572
24.254030224,0.10488710532295635,0.07274927427331795,0.9918196601346823
24.257255008,0.11052788261644363,0.07685523058602867,0.990896998025473
24.268104432,0.11499377339561205,0.08070797112203716,0.990082145823064
24.278149641,0.11568799694424509,0.07797027680519912,0.9902206437445894
24.315938489,0.11541168628075053,0.08209476265174717,0.9899194879458567
24.316311874,0.11648105618909031,0.08459967891709039,0.9895832748567446
24.316632417,0.11989283632700176,0.08618577411683671,0.9890387859620818
24.322011224,0.12263062824024931,0.0909783810871372,0.9882735770990568
24.328600225,0.12682311670206173,0.09804477309274783,0.9870679406905924
24.376297014,0.13088422536485717,0.10477242521601662,0.9858458593842121
24.376634539,0.137001580695209,0.10867104759803758,0.9845918800706003
24.376876287,0.13755582562790672,0.11168315341200277,0.9841774576161436
24.377271847,0.13628109958076742,0.10719059867880837,0.9848541198837195
24.378920953,0.13567814024776875,0.10661127990933339,0.9850002422613918
24.387322336,0.1358932250178752,0.10790313008496845,0.9848299070967066
24.397903255,0.13764197020149332,0.109580161588605,0.9844017859722047
24.408122153,0.1373203598759187,0.10940199001489333,0.9844665171270832
24.417118963,0.13827063205757856,0.11087731258955699,0.9841684072674327
24.427945606,0.13975744241337215,0.11212477971036973,0.9838170008009488
24.438401588,0.1417722061630791,0.11317210924104633,0.9834087223782317
24.447857447,0.1435006157747375,0.11583525056060047,0.9828477847560293
24.457749794,0.14568188006543842,0.1187688650606827,0.9821765353096136
24.467818244,0.14703780414081746,0.12495821578859521,0.9812060581041974
24.478319971,0.1493828687199295,0.13056079600628323,0.9801217460495456
24.487493962,0.1528652735894832,0.13488288125150416,0.9789988848184176
24.497695822,0.15672606528170283,0.1383256775693393,0.9779074329333522
24.507312898,0.15992901109449098,0.14511929615241212,0.9764031448610593
24.519347805,0.1625843641007963,0.15018062133910917,0.9751984954480492
24.528059569,0.1657445564961272,0.15156532155400798,0.9744519974293924
24.537475706,0.16678844923939876,0.153865450660844,0.9739132591218029
24.549318749,0.16955944039678342,0.15497632668694036,0.9732584108750115
24.578123447,0.16371074154745127,0.1545846114520578,0.9743215028953225
24.578416727,0.164547849615577,0.15461289547511056,0.9741759891003741
24.579705617,0.16537754799170154,0.15698160960450155,0.9736565312605017
24.587944041,0.16421805493683486,0.1599069989441561,0.9733766907633634
24.598496618,0.16539717662709272,0.16097708089210874,0.9730005926982994
24.611078895,0.16881082114374224,0.16379538813770106,0.9719434024106524
24.619531992,0.17135217657894095,0.1647622628300076,0.971335075207724
24.628652697,0.17696181915265446,0.16450427570737222,0.9703725355945396
24.637916405,0.17834670370215494,0.16381351683986817,0.9702358398756099
24.647243485,0.17903851189336883,0.16303756752165352,0.9702391266258181
24.658073279,0.18001975369273998,0.1621586588622031,0.97020485343891
24.667194994,0.17320116316838735,0.1666566404115684,0.9706837390642985
24.678206697,0.17236361298601988,0.1679961735046407,0.9706019114993563
24.688219062,0.17480382659586163,0.16490800431618738,0.9706950975048222
24.701352176,0.17958007879501112,0.1629820527075715,0.9701483627750985
24.707430595,0.17985566600910022,0.16310058287136178,0.9700773882899472
24.717970241,0.17826861621419338,0.16295944933814113,0.9703940016016621
24.737864695,0.17693108808478017,0.1624861689366869,0.9707181027329275
24.738323299,0.17531930815376714,0.16251109142652012,0.9710063261131957
24.750509059,0.17536914866910963,0.16295922569032348,0.9709222175115173
24.757540213,0.17612068620505925,0.16318787399647527,0.9707477641855116
24.770733759,0.17776072644113602,0.16300743604187973,0.9704791084460151
24.778016414,0.17647750307631463,0.1643351668414286,0.9704893836859573
24.787384755,0.17422050055574517,0.16528683279642026,0.9707355356070129
24.798478284,0.1761888803264726,0.16339368180390096,0.970700769133243
24.807268691,0.17766139640559941,0.16165849421806042,0.9707229056091969
24.818041464,0.18008846168402926,0.1619728098820868,0.970223146924037
24.829054658,0.1840077361005907,0.16171235589994387,0.9695309520610599
24.837362117,0.1862260684614782,0.1663333645736087,0.9683248748508962
24.848267404,0.18687917377423344,0.1691738647434122,0.9677067623496478
24.857252328,0.1837110171796602,0.16970106120335046,0.968220952052408
24.867420525,0.1815274950122049,0.1675301172454895,0.969010540897418
24.878550147,0.1787426889165267,0.16700921843677652,0.9696179516263232
24.888667462,0.180519415750025,0.16536161058166948,0.9695711826798
24.897995167,0.1859702401584295,0.16045231718071443,0.969365835836376
24.907772879,0.18309672617155062,0.15881513601786942,0.9701821176649702
24.917439655,0.180258457358627,0.16269060876314925,0.9700714686923662
24.927564003,0.18017454231462518,0.1682246513346317,0.9691427144569869
24.937143793,0.1825403902421012,0.16552410447428795,0.9691649894461967
24.949675293,0.18300704353723354,0.16206763736831037,0.9696610247574226
24.957636764,0.1844346178170977,0.1606377448182795,0.969628478691895
24.967356712,0.1814725957396161,0.1624590895472892,0.969883880275877
24.977748638,0.18767702313856788,0.16024898727189607,0.969070480958004
24.987452461,0.18459455036701458,0.1617434126799199,0.9694142150956179
24.998114162,0.18478668535621015,0.1613262294109175,0.9694471252312428
25.052545378,0.18681404351237357,0.16168512514201416,0.9689986756721437
25.05285382,0.19256150171495748,0.1666584559917201,0.9670289691129922
25.053131837,0.18770087634547505,0.1643424094369597,0.9683800666471793
25.053463108,0.18371306156223113,0.16330077457828188,0.9693205703138488
25.053925748,0.18010688234578068,0.16364349209966148,0.9699393374975113
25.057863837,0.18215137499839112,0.16371965811821276,0.969544609665719
25.068414516,0.1829463101450335,0.16426484534161187,0.969302691727003
25.110890043,0.1838210774219052,0.16192737557648876,0.9695304722051602
25.11119637,0.18771238283854455,0.1598804219854031,0.96912450799412
25.111631884,0.18919045231949438,0.1576171109103157,0.9692078307047619
25.112302628,0.1936199094943312,0.158196509600397,0.9682381912513359
25.117754841,0.19328094524146663,0.16037557210059034,0.967947391173701
25.128136516,0.18905385774346323,0.16319798461011759,0.9683104133961951
25.137644912,0.18786286167762653,0.16316244772861885,0.9685481716742327
25.147602379,0.18646137409792263,0.1623654775597124,0.9689528407855157
25.15910546,0.18564574921115817,0.1615968283715072,0.9692379072550235
25.183088515,0.18695861752603327,0.1615217816434634,0.9689980337376727
25.183470157,0.18415716994479792,0.15996096944596577,0.9697930836069258
25.187950363,0.18458470228926752,0.16101470159620426,0.9695373915175566
25.204580238,0.18596743772018762,0.16143871065861493,0.9692025870831505
25.207206652,0.18743793589939214,0.1617304769411128,0.968870617272593
25.218499733,0.18950762802500512,0.15991811094969746,0.9687688355384976
25.227969724,0.1913320762115029,0.16107895577430603,0.9682177475233837
25.23768725,0.1912942687166962,0.16107682867430811,0.9682255718686489
25.25118592,0.19087903269913425,0.16168933418443363,0.9682054296929127
25.258103898,0.19060033324849035,0.16055490276961107,0.9684490880589465
25.280952444,0.19195591963767258,0.1576757488886788,0.9686543672169396
25.281541469,0.1902054544431033,0.15787303872372038,0.9689674859066384
25.288093444,0.18939270612191925,0.15722179369280656,0.9692325368330518
25.298960678,0.19041743794763274,0.15801687251188845,0.9689024034065666
25.307951268,0.19230671147462505,0.15792905998649934,0.9685435151471493
25.31817491,0.19195722996657535,0.15798271666933694,0.9686040899652114
25.327999463,0.19422426227498024,0.15501729781775048,0.9686312886341338
25.340109619,0.19268152143373435,0.15745250789193538,0.968546611710826
25.347857717,0.19099634417305703,0.15883468354076194,0.9686547061863856
25.35741238,0.19125446252405226,0.15855504069167414,0.9686495907374851
25.368089091,0.19143887596617903,0.1583059524300602,0.9686539021725032
25.378661414,0.19131616378632313,0.15785489148517004,0.9687517528801123
25.388083228,0.19105595696326771,0.15782898769444462,0.9688073244728267
25.402184919,0.1919914957231021,0.15757896296648635,0.9686630662931321
25.408434143,0.19249325161749184,0.15797355760670626,0.9684992014342634
25.418874327,0.19217276710467684,0.15804748646947658,0.9685507831827984
25.42831779,0.19155580022357924,0.1580439465275732,0.9686735705936722
25.43806361,0.19300202861786214,0.1596436439609282,0.9681240229909939
25.448227032,0.19420339073922094,0.16110599978554888,0.9676414107811262
25.457765462,0.18969944826066593,0.16083047788348032,0.9685802376227642
25.470495411,0.1859675482579302,0.16380714576250863,0.9688050835911601
25.47817981,0.1862217230593859,0.16265764410233438,0.9689499268155563
25.487574788,0.1862335804135938,0.16226898853573385,0.9690128115179507
25.49737207,0.1856966853985494,0.16218429599309234,0.9691300197420454
25.507198284,0.18672076995732767,0.16329770053415682,0.9687462077689902
25.517845777,0.1889012279649876,0.16475799779898176,0.9680759930060195
25.528592064,0.19003649608824402,0.16517068172795604,0.967783434479029
25.537747706,0.1928167387336591,0.16419125277898128,0.9674000918828698
25.548996767,0.1905381817290929,0.16397296976181144,0.9678884576700267
25.557462481,0.19037974955589315,0.1646872035740278,0.967798365331334
25.571006492,0.19053854499126513,0.16446450191303075,0.9678049857709509
25.578179744,0.1911718192419703,0.16377896427322353,0.9677963558462624
25.587291803,0.19208757370326224,0.16382979682498883,0.9676064084642457
25.598609606,0.19185623545354874,0.16306083822433004,0.9677821800153026
25.608209793,0.1939213645298246,0.1591852029828187,0.9680157930169371
25.617262167,0.19535037333061162,0.15817010862796224,0.9678948539878748
25.628445562,0.19556008200876773,0.15835301768896992,0.9678225953724787
25.63750968,0.19584630639191186,0.16149330888817992,0.967245643803575
25.647383325,0.194543360948671,0.1636105071561701,0.9671527711064556
25.657997185,0.19379363767529775,0.16364601774675225,0.9672972691330237
25.669795384,0.1943525275739319,0.16329749018269518,0.9672440357663917
25.67893273,0.1951300735574859,0.16476198674998532,0.9668390466440875
25.688648568,0.1959084976866571,0.1649830407112869,0.9666439141751295
25.697467877,0.19705812234510775,0.16575380176161827,0.9662783106431556
25.707248808,0.19822835407753234,0.16717071095879446,0.9657947364928242
25.717318556,0.19872736152655054,0.16692692868067635,0.9657343507724742
25.728237742,0.1938186454550385,0.16478645743507267,0.967098627917532
25.737641129,0.19772528135901296,0.1659033620068729,0.9661163426763445
25.747685158,0.19217245236557398,0.16437118831465855,0.9674977317822655
25.757492235,0.19028900085062134,0.16374765984530681,0.9679756195537458
25.768943604,0.19140301284052322,0.16352918822143792,0.9677928968923094
25.779734017,0.1914999944614176,0.16338263561412575,0.9677984637831675
25.787364387,0.19161167821248293,0.16182479749536002,0.9680380672722442
25.799807294,0.19306918433380962,0.16001646355500718,0.968049080084283
25.807241701,0.19272668643069543,0.15958460060257795,0.9681886074458634
25.817964549,0.1946637283713799,0.15817390177668741,0.9680325664218598
25.830847634,0.1949626265410179,0.1594937208276494,0.9677558200645344
25.838052727,0.19619829914635387,0.1596000960457162,0.9674885202183414
25.848512091,0.1978599469953864,0.160897071126737,0.9669351446078587
25.857589653,0.19944365359782965,0.1615958936898964,0.9664931433704602
25.867699473,0.19910940099065155,0.16157191473751153,0.9665660674807482
25.879296106,0.2002586437377953,0.15964811739541504,0.9666483094799259
25.887671458,0.19635911102639675,0.16266635166610552,0.9669450643922655
25.897980038,0.19943495256623575,0.1617563773052635,0.9664680926424734
25.908062333,0.19694726783579478,0.16342400511186814,0.9666976612391343
25.917980185,0.1975044885690029,0.1635371728787019,0.9665648297356667
25.928170259,0.19405041231748676,0.15814563250798994,0.9681603154426757
25.938686924,0.1932013057775971,0.15618029392035893,0.968649044410194
25.949337692,0.19835481838671454,0.15802178998504443,0.9673078516753062
25.957199963,0.20224401003816705,0.15894222857420814,0.9663512448274416
25.967586895,0.20209471222974523,0.1594306520090352,0.9663020203273667
25.977793841,0.20052658462370662,0.15945394618612732,0.9666248123780101
26.003347055,0.1980556926822601,0.15947327395304556,0.9671309205535965
26.003935027,0.1980110681081856,0.15575097856551917,0.9677464800155766
26.007337768,0.19708733707642473,0.15432150608530287,0.9681639604548847
26.018483612,0.19587388733682232,0.15498620795272036,0.9683040305627142
26.068768968,0.19589617635863912,0.15501189113877964,0.9682954103442007
26.06937349,0.1961947873752986,0.15481644621908874,0.9682662203066125
26.069651661,0.19670823550438374,0.1538625980682365,0.9683140869575555
26.069909778,0.19614578534474802,0.1536776605651261,0.9684575403881793
26.070165268,0.19611896883872149,0.15382044132745368,0.9684403037314504
26.07938415,0.195953911594051,0.15361786845122255,0.9685058673149554
26.098595475,0.19561004695635395,0.15424680817331504,0.9684754161557626
26.099028874,0.19604363973703298,0.15469440218184657,0.9683163394533099
26.107796264,0.19539460718714854,0.15475637238635245,0.9684376142467808
26.11896985,0.19595967536187447,0.15432740538856668,0.968391892561117
26.128316985,0.19544827846792673,0.15408054451615635,0.9685345405536804
26.137481113,0.19497252818203856,0.1534411506437988,0.9687319167568557
26.147388608,0.19578931096808705,0.15330051641736528,0.9685894369529388
26.158214261,0.19567327196617085,0.15294988765601356,0.9686683139775277
26.167392939,0.19640142139287198,0.15366190221107245,0.9684082308013157
26.178469879,0.1973155914868589,0.15338011383518643,0.9682670592538489
26.18712352,0.1998256140941343,0.15167394021641323,0.9680210430621488
26.197499107,0.2033083358585946,0.1514632322689451,0.967328594553605
26.207441268,0.20454128247125222,0.15046488484315748,0.9672244735293617
26.217564555,0.20485686774852663,0.1504978766526075,0.9671525489080404
26.228377696,0.20163992521724605,0.15263135242361076,0.9674941916185972
26.23760649,0.20230759603756973,0.15304182277043157,0.9672899446746066
26.247913007,0.20573666130566534,0.15066005598749332,0.9669405223304294
26.257508619,0.2073311585973846,0.15152478571963346,0.9664647070572653
26.267931312,0.20714147220956566,0.15243413786348115,0.9663623772191626
26.278520537,0.20997723982203617,0.1509650461838881,0.9659809074652644
26.288130576,0.21130560920537467,0.15046560369500478,0.9657691450978558
26.298297392,0.21109610847235155,0.1506348138584066,0.965788582372805
26.307585397,0.21016133138574106,0.15032177940722302,0.9660411882658104
26.318108917,0.20855149132374823,0.14942321969204017,0.9665293461056963
26.329154049,0.20896185755106614,0.1509603176999719,0.966201803231981
26.337289731,0.21172891411674502,0.1486055860131962,0.9659644127671675
26.350561068,0.2140632486298962,0.14799189773522242,0.9655440558517994
26.359245085,0.21624819964527695,0.14805673558215485,0.9650471072434403
26.367483174,0.21308636852608775,0.14903845672010257,0.9655991600901765
26.379605617,0.21055659526435724,0.15015705825562597,0.9659807337864965
26.387618948,0.21135892626897165,0.14958164990560263,0.9658947842792948
26.397542072,0.213553213940927,0.14893993733676544,0.9655112220381601
26.40831851,0.21501334918779091,0.14802301159115624,0.9653281554531256
26.417377345,0.21658099421333732,0.14665714441369093,0.9651861763089981
26.430499071,0.21414391804252844,0.14631615477697277,0.9657815307908284
26.437963365,0.21334960189969207,0.146224835937923,0.9659711407304933
26.448524009,0.21339616383488777,0.14677884715341766,0.965876828218209
26.457530153,0.2149727060638249,0.14595263447492435,0.9656524033716405
26.467771502,0.21711049222810883,0.14571939527981684,0.9652092477819267
26.478186595,0.21768926627560886,0.14576820800939477,0.9650715066160211
26.487784407,0.2189949402436402,0.14490839862896226,0.9649055768076348
26.519265942,0.22410261469135148,0.14507758709280102,0.963706652364624
26.51956346,0.22742448018266342,0.14500486180340108,0.9629390925011935
26.519818717,0.2294817139285134,0.14506719219493866,0.9624415061296498
26.58458816,0.2292612193516187,0.14363841669906224,0.9627083143660885
26.585131894,0.22718439892587644,0.1438720150878556,0.9631656618460025
26.585382298,0.22634333766696624,0.14160942637407872,0.9636988450007514
26.585650455,0.22502016317350135,0.14182799424518966,0.9639765278334101
26.585914312,0.22600644621804683,0.1437125117690798,0.9634665537676497
26.586249531,0.22801827506007766,0.1425737520083292,0.963161664247957
26.588123214,0.23246695184464916,0.14225921100874375,0.9621441852358862
26.597765892,0.2329029358572607,0.14289659190865855,0.9619442741084117
26.610846537,0.23364995393543517,0.14230661755929153,0.9618505734389321
26.617586854,0.2348963251765393,0.1441950067619948,0.9612655805985492
26.628440159,0.2359308379003375,0.14143360522375006,0.9614224747950597
26.637589277,0.23875932898405836,0.1381091944805981,0.9612074870822649
26.649744259,0.23978611357804733,0.13831766898409475,0.960921871008222
26.657662114,0.24097838258705462,0.13622599537119057,0.9609224200271609
26.667473826,0.24046886241795934,0.13583978884602893,0.9611047174859141
26.67832664,0.24008810572698255,0.13475647830253024,0.9613523771458252
26.688432147,0.2388984593421141,0.13607531398736733,0.9614629660299994
26.697584374,0.2407085719650407,0.13532200593729127,0.9611177545398163
26.707375964,0.24637866740007697,0.13133464712747125,0.9602337021340508
26.718283875,0.24620141339474205,0.13186378811193056,0.9602066472521441
26.728118216,0.24930355649080937,0.13015677965400266,0.9596389682745972
26.73732811,0.25080870721785586,0.12891899279833124,0.9594138239985767
26.747950706,0.25385731623721985,0.1292454848244598,0.9585677167760901
26.757311095,0.2543907437186458,0.12905111992879514,0.9584524808019426
26.768559806,0.25407212842643356,0.12833755811414527,0.958632789306813
26.778795993,0.2545782891748314,0.12747585916857063,0.9586134778992265
26.787458946,0.2554931388275561,0.1261209913057121,0.9585492953229415
26.798185761,0.2567401851880876,0.12352721325247833,0.9585538612387222
26.833201054,0.26194000412602236,0.11972828869026617,0.9576286185812116
26.833575785,0.2636343830866367,0.1191551859404566,0.957235056670003
26.833884624,0.26284602996484563,0.11790472605579044,0.9576066207506236
26.837558841,0.2630334071915748,0.11767462478046123,0.95758347384652
26.851020265,0.2622242738402781,0.11690958763781606,0.9578990440162756
26.857805522,0.2650486290501577,0.11701287085871251,0.9571087776695155
26.868211753,0.26748230527923256,0.11791658829298543,0.9563204978289706
26.901615853,0.2667855491791815,0.11760573496146834,0.956553376374437
26.901989916,0.26633577337863873,0.11898994915849145,0.9565075262736107
26.902437594,0.2658745137153653,0.11853783756965924,0.9566919692465947
26.908148984,0.2662107788356205,0.11826440853671649,0.95663229660366
26.917486067,0.2661798678537838,0.11743711883549299,0.9567428082138693
26.927800136,0.26283188064192725,0.11736071032524958,0.9576773288483864
26.93768546,0.26283621686927855,0.11373921877600729,0.9581129960573904
26.947771989,0.26415297475716426,0.11123301317542933,0.9580451047350828
26.957322764,0.26587881930034124,0.10974439478240823,0.9577393284507532
26.968140996,0.2655637525036285,0.10843259529011097,0.9579761299922054
26.978627551,0.2655130837721824,0.10818923503516172,0.9580176886510461
26.987409022,0.26345786694117224,0.10849211625591791,0.9585506836141322
26.999506361,0.26417861159776923,0.10800218940463363,0.9584076315733722
27.007260619,0.2624828573988877,0.10951596486749962,0.9587017278647494
27.018159873,0.26205913917352536,0.10895335305770619,0.9588817312020882
27.027546559,0.2647993100845251,0.10796569698688843,0.9582404362438974
27.037779944,0.26588561861254983,0.10825862389996095,0.9579065237100687
27.052003409,0.26591680829500164,0.10774288517903217,0.9579560124345466
27.057102207,0.2678094151109422,0.10624047587417311,0.9575965113052389
27.067512822,0.2680223031990779,0.10578339785060717,0.9575875509461482
27.079561155,0.27209171604628846,0.10379076603787331,0.9566575013787628
27.087547331,0.27385103396959304,0.1031331817938953,0.9562265202381978
27.102089611,0.27356820626845,0.10187501319288399,0.9564423235125119
27.10777817,0.27361424448183,0.10210199227766967,0.9564049500026482
27.117421632,0.2737167267421822,0.10180742818706547,0.9564070268810665
27.128575457,0.2737733381373041,0.10074667641361913,0.956503145063709
27.13775126,0.27375393007099585,0.10045208615927241,0.956539682478952
27.14783636,0.2738182694407266,0.10077089530462434,0.9564877322684229
27.158312362,0.2686766534096658,0.09950703173065688,0.9580768270596761
27.167434273,0.2714668552735186,0.10089970406538493,0.9571441877833373
27.178274664,0.26811558889223047,0.10085488400554127,0.9580930661293824
27.18813055,0.2672689489644259,0.10071752729575648,0.9583440345798996
27.197950396,0.26820552096005823,0.10078821307454215,0.9580749107620888
27.20798143,0.26753921991926066,0.10135367319862497,0.9582015439009373
27.219091789,0.26769920421503246,0.10239558599594616,0.958046074064909
27.367917917,0.2717617900808219,0.10133067072676219,0.9570149552761086
27.368342888,0.2720723876216922,0.10044093984810894,0.9570204979498926
27.368925991,0.2726132312507474,0.10039708140093484,0.9568711784734665
27.369218109,0.27248499419692224,0.10030498232217017,0.956917362398056
27.369564013,0.27203150523051917,0.09738468082630877,0.957347943071053
27.369826529,0.2715563542863283,0.09696161478096045,0.95752576555714
27.370196387,0.2717172515600241,0.09741623688045305,0.9574339726564532
27.370556574,0.2712273485382737,0.09763051188192852,0.9575510474928063
27.370916849,0.270728694983202,0.09729595774537131,0.9577261979914214
27.379372175,0.2705472089854855,0.09745704690793382,0.9577611036778164
27.379859787,0.26947607187318445,0.09722621235782894,0.9580864837363842
27.380231011,0.26693057650616947,0.09602683480933596,0.9589196599937789
27.380638739,0.2665654495413582,0.09576935107479088,0.9590469709589448
27.380934044,0.26432996904990497,0.09600738746928737,0.9596417295081526
27.381255803,0.2670916581951446,0.0940244443299996,0.9590732245199023
27.381496132,0.26578565115778807,0.09346181807553705,0.9594909463880553
27.388105345,0.26553606702867427,0.09386324498678525,0.9595208639459041
27.39732178,0.26740290557289365,0.0944151054427194,0.9589481080618566
27.408473461,0.2702512181725083,0.09379061905301425,0.9582106234299052
27.417350225,0.27360240672066993,0.09684105641797479,0.9569553452635645
27.437805879,0.2740374112643972,0.09779092415987127,0.9567342537922775
27.438565709,0.2733912666162424,0.09803884759195218,0.9568937243502064
27.447735865,0.27317095108968004,0.09696847466497523,0.9570656959696695
27.457535023,0.27313932953274983,0.09633939256610596,0.9571382492108409
27.467339515,0.2716880018918609,0.09268580958335498,0.9579117758592837
27.478318978,0.26783131723749876,0.09302697295589388,0.9589642161256537
27.487984675,0.2638698513560244,0.09482596247267341,0.9598857944497776
27.497478855,0.26345028179551727,0.09667993257437456,0.9598160967910869
27.507317598,0.2621581697857132,0.09371157101432526,0.9604640729733893
27.518023974,0.2628906644067743,0.09273662413615383,0.9603584836463905
27.531420909,0.26124724658028287,0.09484044572991225,0.9606014605485319
27.5375836,0.2653072041832485,0.09605175989406224,0.9593675764949124
27.549901745,0.26777001951902607,0.0951845519706023,0.9587695853086581
27.557866324,0.26715299575782064,0.09609873991056264,0.958850514441758
27.567574915,0.2663440619898166,0.09534404709725117,0.9591508501408326
27.579925103,0.26576667747505567,0.09388058133832589,0.9594553192261992
27.587939361,0.26380862560665247,0.09491332346816365,0.9598939889819901
27.598074829,0.26299826204748994,0.09669277544653324,0.9599387591593779
27.607404433,0.26406158361105175,0.09988749167536772,0.9593195343928043
27.617424574,0.2644420758904258,0.10026609561701312,0.959175217866101
27.62831726,0.2634554722366465,0.10087929765825707,0.9593823958425246
27.63728289,0.2661252698251164,0.09974870156243794,0.9587635460827225
27.647550389,0.26850340432871306,0.09592931392153467,0.9584902130926719
27.657605376,0.2662362123033701,0.09514543601750919,0.9592005135858681
27.667348344,0.2639368313360147,0.09630330689886298,0.9597202832829198
27.678152681,0.2632223120659957,0.0984552259646924,0.9596981728183465
27.688522868,0.2615710896911771,0.09955676872057223,0.9600359445560821
27.697302124,0.26207430605740356,0.10005426481865198,0.9598469681132141
27.707524722,0.25985714094405676,0.10122749845188819,0.9603266422720728
27.718317277,0.25798396517438127,0.10044352784811167,0.9609138210195174
27.728492887,0.2577301332376071,0.09899668807217316,0.9611320586537868
27.737902801,0.2604235892682893,0.09794797986993103,0.9605132728869606
27.748229216,0.2667294532602298,0.09678268707608305,0.9588996351265505
27.757620953,0.26576969632126546,0.0957411162348179,0.9592706120690936
27.768195263,0.2646824669931888,0.09667637882722875,0.9594773939198639
27.778382363,0.2627465733792424,0.09681209729489898,0.959995654154137
27.817711188,0.25932206855680084,0.09924555748120813,0.9606780855623106
27.81872985,0.26057845713893973,0.09682848037533016,0.9605847766143779
27.819032374,0.2572032657920124,0.09623854151024844,0.9615532347165724
27.819287362,0.2565208384986875,0.095131876890772,0.9618456141269084
27.83533905,0.2567899588011903,0.0939462995866904,0.9618903315102252
27.837267451,0.25630810013451866,0.09411578730274832,0.9620022746261141
27.848568451,0.25553986570961723,0.09123621102438623,0.9624839379600184
27.857842444,0.2559433253161506,0.09077321787604724,0.9624205095188583
27.86768466,0.25906106096161513,0.0895473466503907,0.9617009095354528
27.878050891,0.25906874034418476,0.08979495973742795,0.961675752518608
27.887587508,0.2593871295862518,0.08848937344437921,0.9617109481504442
27.900867251,0.261264721337124,0.08950764726596509,0.961108280302249
27.907656259,0.25874975818397544,0.09122460688495229,0.9616270762298763
27.917979836,0.2575962156755832,0.09119015235119751,0.9619399907394347
27.92768142,0.2570715522946421,0.09138986572316271,0.9620613854863552
27.967007423,0.2565187017771511,0.09163297455476156,0.9621858207294532
27.96733501,0.25639152244242774,0.09183925544939311,0.9622000511214677
27.967585533,0.25423269578455865,0.0925543143922706,0.9627042304267147
27.971561732,0.25256315262771545,0.09287743340134078,0.9631124733381501
27.977961875,0.25168817347097167,0.09353047754167942,0.9632783154964466
27.988801445,0.2517730589631025,0.09321214910029578,0.9632869884102382
27.997366702,0.2519193312859033,0.09249263250087375,0.9633181008667498
28.007156164,0.2515671186171518,0.0929080503880578,0.9633701671755016
28.018880764,0.25596766840455076,0.0902133822289274,0.9624666739157026
28.027472418,0.2575585139736617,0.08833950887346713,0.9622160584045945
28.037504127,0.2556420554783401,0.0883057848825605,0.9627300908494988
28.049214336,0.2552196335871482,0.08749687974676232,0.9629160060286788
28.057268943,0.25491153008929546,0.08695271013547394,0.9630469033373351
28.067834911,0.2541576388254863,0.08689194637595297,0.9632516204407092
28.079347128,0.2543400755462874,0.08705226565527928,0.9631889892515338
28.087608668,0.255025972039538,0.0867738994671293,0.9630327325468004
28.09982827,0.2542277766844395,0.08860453514202661,0.9630770861744932
28.108586312,0.2540798778478299,0.08627720141134548,0.9633273899300582
28.117420734,0.2534862207531731,0.08640691809583698,0.9634721482188537
28.128674359,0.25553755207273265,0.08853162885059529,0.9627370929665772
28.138581342,0.2555995282866633,0.08850124867095502,0.9627234338704532
28.147786166,0.2545947947863544,0.08674062688659503,0.9631498087603063
28.157986628,0.2541904350778815,0.0866774569427969,0.9632622909534283
28.167717454,0.25339263918425103,0.08811173313782618,0.9633423549759912
28.178817677,0.2546832904196335,0.08817873899048033,0.9629958107754558
28.188087781,0.25302382059256523,0.08936755657635538,0.9633236143915052
28.197546022,0.2509704860845316,0.09008633418201883,0.9637936851360562
28.207349521,0.2512261771810562,0.09094822192661126,0.9636461118208182
28.21813149,0.25060680875594715,0.08993719737680017,0.9639022398216359
28.228136873,0.25221236810623443,0.08496862596708062,0.9639342581190439
28.253688156,0.2502034395199932,0.08342675866060302,0.9645922531265481
28.253999649,0.250144164175283,0.08407771710872616,0.9645511052374748
28.257363059,0.25083911757102356,0.07930438442512099,0.96477487099693
28.26822709,0.2487176535604949,0.07821084701534128,0.9654131717645584
28.289676097,0.24846989503632497,0.07823865410587595,0.9654747144614089
28.289974585,0.2480432179983674,0.07870115738919602,0.9655468346127056
28.298352963,0.24764375809257771,0.07700783110627107,0.9657858784565516
28.307462058,0.24914314042515082,0.07586583158120062,0.9654905857529562
28.317804679,0.24850205066241826,0.0753762992802216,0.9656941256543874
28.329363036,0.24735909871916534,0.07558934946068532,0.9659708725054564
28.337380038,0.24562625076222455,0.06971027498372274,0.9668548094197942
28.349595988,0.24413491108131374,0.06702217730959609,0.9674224376868672
28.357580582,0.2415097041441965,0.0645899144833258,0.9682464591989064
28.367548784,0.2403820484930818,0.062375393892452315,0.9686721741637009
28.378861076,0.2400797117576066,0.0598638328986626,0.9689055957693018
28.387771513,0.2419204722094299,0.06042975285338413,0.9684124793165593
28.398627068,0.24172237855459353,0.06031864274699665,0.9684688704563871
28.408001926,0.2408799822577737,0.0612586317176521,0.9686197469531456
28.425781853,0.24042860736543073,0.05990787898150377,0.9688163555577791
28.428132735,0.23594994160896943,0.05909916369177026,0.9699664498866224
28.4384461,0.23575825614517948,0.053970649536741154,0.9703119156477293
28.449807889,0.23619995649824174,0.05029306141690126,0.9704020757003483
28.457622302,0.23594727543014427,0.05013660853278679,0.9704716398236075
28.468053147,0.2326400133291456,0.04917554030645223,0.9713188922458903
28.478270691,0.22989988451714014,0.05017184091990348,0.9719201764948155
28.488423997,0.23021974613594756,0.046575237832738876,0.9720234645881362
28.49736752,0.23259430536816936,0.043840976243496324,0.9715852293609223
28.509295521,0.23151874735464933,0.03840966229873528,0.9720718941855233
28.51861318,0.22814702517148638,0.03295856227775864,0.9730686862077027
28.528110663,0.2279873522537628,0.03102576026923363,0.9731696508893167
28.537490673,0.22538216951212972,0.02877991083795133,0.9738452620402099
28.549739267,0.22412834237870843,0.03202853822425588,0.9740331918788959
28.557925997,0.22351855064332082,0.028779695519342275,0.9742746977337159
28.57061627,0.2246216035503605,0.025693304300131052,0.97410727814374
28.581986682,0.22091169320625284,0.02560989196519038,0.9749575156068483
28.587569769,0.21919313877265828,0.027212223064469902,0.9753019341880133
28.597640586,0.2173648491756073,0.020055955371371878,0.9758843584139502
28.60763919,0.21899583853487237,0.018511300029928672,0.9755501803985329
28.619069604,0.2187656795621636,0.014168578403802402,0.9756745506733893
28.628333367,0.22218412556245912,0.01613840767106201,0.9748711536125624
28.637640219,0.22265691754744682,0.01969959474077115,0.9746978111370308
28.648556292,0.22573867896472896,0.01262210384560372,0.9741061191234608
28.658304695,0.22161628475843234,0.00810361805243331,0.975100278794099
28.667441942,0.21650927714759982,0.006201773684742811,0.9762608621225104
28.677886237,0.21550212872841631,0.007400779483875489,0.97647532532909
28.690698246,0.2134100603978518,0.012384663347040237,0.9768842133204761
28.701423491,0.2125144520947276,0.012892693553295217,0.9770728663225781
28.707821104,0.21296952003567923,0.010807623167065437,0.9769990679715366
28.720763874,0.21409811767880518,0.010423786226989553,0.97675654115398
28.728041703,0.2146625972710064,0.007793436795514947,0.9766571720290494
28.738236909,0.21293990382258784,0.0011356632817361436,0.9770646384088095
28.751562292,0.21256502181459427,-0.0012167987222674857,0.9771461666003867
28.75767183,0.20897183369279226,-0.0004385959916664045,0.9779215614539993
28.768511799,0.209462531504824,-0.001666704408912517,0.9778152535075345
28.778306436,0.2085522569129107,-0.0010365564032969138,0.9780106756510146
28.78724661,0.20848744134915095,-0.0027784379083304694,0.9780210974628687
28.801718029,0.20891594894332463,-0.00355710982699227,0.9779271308470733
28.80775989,0.20958352380878703,-0.004019159095201172,0.9777824875237126
28.817753454,0.20906962284075767,-0.003513718602273017,0.9778944455240595
28.829122135,0.2095817845879893,-0.0035909641660482813,0.9777845266444298
28.837493607,0.2091230300730891,-0.0031332069943487265,0.977884318980001
28.847808152,0.20846655715682338,-0.0022281664272898166,0.9780269576149491
28.85844649,0.2088083029995307,-0.003111988709986855,0.9779516389498639
28.86730891,0.20876786038187733,-0.0028943175776861823,0.9779609416522382
28.878202831,0.208201202180724,-0.0014995560261804734,0.9780848688852238
28.887924352,0.20643755015548612,-0.0010408387186095118,0.9784592247715604
28.901567316,0.207152866825806,-5.951056186581078e-05,0.9783085843558479
28.907749461,0.20723458989934182,0.0011516607852581106,0.9782906001933616
28.919179269,0.20835266861577725,0.0008877194137448318,0.9780533612410557
28.927485162,0.2078831948365568,0.0011254191091895239,0.9781530098795254
28.938462335,0.2092483325454921,0.0002532989528184965,0.9778625011557461
28.947443383,0.2109594899781356,-0.00022952178529463157,0.977494777944064
28.957384325,0.21315474028928924,-0.000662235691325912,0.9770182281493498
28.978296869,0.21654777828270455,-0.002339033117136224,0.9762692193472565
28.978572475,0.21649238097607887,-0.002330677520315709,0.9762815254431503
28.98765605,0.21598835136406735,-0.001983792709885497,0.9763939249306688
29.00089927,0.21516970372043875,-0.0002826924423611406,0.9765766322648939
29.007294082,0.21833394992471705,0.001511667959525112,0.9758729431489794
29.022212968,0.2182935540450379,0.002399062796722715,0.9758802020535531
29.027370307,0.21935926754423327,0.005604329988413658,0.9756280557814226
29.037992992,0.2129493843694022,0.007510421883495921,0.9770343664681528
29.049596707,0.21232750325729763,0.009511418374779966,0.9771522728219089
29.058308242,0.20821123794227597,0.009455382203584594,0.9780381772415272
29.067828966,0.21010565937495307,0.009470886432611814,0.977632811544701
29.101522349,0.21066236199564867,0.009628697240710903,0.9775114615327337
29.101811623,0.21076303493163098,0.009638959450015517,0.9774896590589228
29.102680486,0.21003036918872162,0.009931030616885576,0.9776444234226143
29.107221369,0.21106978894487385,0.00994363465093214,0.9774204153406535
29.117614425,0.21159895807261583,0.007267025785845102,0.977329561242681
29.128945524,0.21791393902953396,0.0065830008392498834,0.9759457870581659
29.1386343,0.21294945070502852,0.0034538139917746954,0.977057113281172
29.147781224,0.21212008879682306,0.0034578588448322804,0.9772374896313778
29.157870109,0.21176137538327705,0.006435189670441119,0.9773002139719854
29.167789095,0.21471408515396936,0.004843305531551714,0.9766649394894966
29.179042587,0.21799214006780337,0.0015400344326388818,0.9759493097300729
29.187260864,0.21729601968424772,0.0010739288695525038,0.9761051616020511
29.197485843,0.21601450678583747,0.0017109730593870538,0.9763886549060582
29.20761805,0.21475022506992583,0.005461034285385924,0.9766537349219273
29.219646879,0.21493245726434249,0.005940239659650226,0.9766108500150393
29.245845663,0.21160119947042524,0.006375370050433505,0.9773352991882557
29.246147044,0.2113656290478071,0.0052002123278086804,0.9773932313296274
29.247344378,0.21219883269838502,0.0031042843754946407,0.9772215812291289
29.257320642,0.21280647120874663,0.0009583057700905675,0.9770938989993397
29.292385499,0.20934780814102297,0.0034850584016857095,0.9778350318916204
29.292723605,0.20887809893017825,0.0014456055503428917,0.9779406168126507
29.293095459,0.21114022032397442,-0.004121905902115787,0.9774470917923269
29.29843518,0.21176005924195856,-0.005481359939345545,0.9773063143165798
29.337033207,0.20543663280433533,-0.006534914524446797,0.9786486012835123
29.337583799,0.20180555049037677,-0.011315007994668402,0.9793602454589203
29.337980314,0.20083869436700869,-0.020319873380130495,0.9794135600402779
29.338846459,0.20011536137056957,-0.023221693455447282,0.979497113368175
29.389875931,0.20433675585916733,-0.02255383462428285,0.9786407996546495
29.390127674,0.2011977916623494,-0.025675032804479175,0.9792140937101972
29.394801047,0.19709778495903807,-0.02474211658653678,0.9800715743409046
29.395109773,0.193761046185621,-0.034119820638625786,0.9804552487598003
29.395458188,0.1932741489595219,-0.040908275810556824,0.9802915975943994
29.399163225,0.1930442588469394,-0.041424273973585106,0.9803152266755819
29.408177052,0.19483134334551735,-0.037997775318849965,0.9801004625654451
29.417710539,0.19415929593070225,-0.04542590982195017,0.9799176774201709
29.427898362,0.1910585757009213,-0.04813564351618378,0.9803976644578557
29.437814994,0.1924197585622047,-0.0474214632250565,0.9801662314834446
29.448013315,0.1984140585690451,-0.0496199499964232,0.9788614416374323
29.457641611,0.1861710803934306,-0.0511003119498686,0.9811875900885462
29.482273837,0.1823630826357545,-0.050524810740514445,0.9819322530557902
29.482557398,0.1828233290938647,-0.05395023144215717,0.9816644044001872
29.487883198,0.18966348610691303,-0.06010928943870449,0.9800074669924445
29.497359747,0.1916525142659594,-0.05777377451961343,0.9797609426555507
29.507466783,0.18669770889721857,-0.060349422264923826,0.9805620392024258
29.518359988,0.18584027207097947,-0.06410268752553533,0.9804867356209302
29.590927255,0.18711999028044862,-0.06677937815886607,0.9800646018963036
29.591473186,0.18451401673418846,-0.06470107705250569,0.9806978883717765
29.591713915,0.18205593110934679,-0.06906862761965055,0.9808594000297123
29.591974044,0.17690608096981875,-0.06824633729866984,0.9818587861608288
29.592232403,0.17838788683048942,-0.06743831549551502,0.9816464920913639
29.592484448,0.1806659190191695,-0.07342894544472571,0.9807996817270254
29.592741429,0.17948559824346522,-0.07287751330676955,0.9810574845937455
29.598402684,0.17864618840788743,-0.0689718126925815,0.9814929589259584
29.607481081,0.17435392592516197,-0.07315166389883554,0.9819620881598816
29.618017437,0.17689073091068105,-0.07484147163941544,0.9813808758278978
29.628286381,0.18203875710247108,-0.07481363719915898,0.9804411306150004
29.637241637,0.1827821194003277,-0.07496103613552604,0.9802915586135651
29.647680308,0.1801802252166754,-0.0725954983389256,0.9809510589533972
29.657751161,0.18226389088117012,-0.07592651751713907,0.9803137446851272
29.667493034,0.18070783624211573,-0.07668103916143923,0.9805430618559362
29.678556688,0.1791931644361892,-0.07717358938933115,0.980782364706927
29.68830953,0.1819341107057853,-0.07619608485204357,0.9803540870598313
29.697422811,0.18727022057666498,-0.07587824738362446,0.9793734507628624
29.707375112,0.18828323533357927,-0.07652889398558321,0.9791285674913502
29.718255026,0.1840708009942443,-0.07574202968279892,0.9799903495243549
29.729644461,0.1794774462054368,-0.07660759064256882,0.9807747566895851
29.738427336,0.17544340993029853,-0.0761021962545668,0.9815437156017356
29.747695802,0.17467993711054947,-0.07456899484617335,0.9817975272828334
29.757651562,0.17345611808037867,-0.07556468360656798,0.9819383655260269
29.768686064,0.1782976353477442,-0.07653390010806933,0.98099567550711
29.778575576,0.18203117885040182,-0.07681204875054219,0.9802879980358209
29.787397011,0.18054602867766625,-0.08053004000454538,0.9802642726252904
29.807418426,0.1782326413461162,-0.0814518202105548,0.9806114044529434
29.807675042,0.18013716701930463,-0.0831811522844317,0.980118103578795
29.818508431,0.17932975886731017,-0.08106570263437918,0.9804433637089839
29.828473701,0.1815142966246105,-0.07927356117178667,0.9801878710839141
29.848588878,0.18434773118004644,-0.07876848633945117,0.9796996680455502
29.848991977,0.18518573058368606,-0.07795704757794937,0.9796065250502959
29.857450579,0.18564666234267066,-0.07705615305012793,0.979590560406817
29.867903892,0.18609998495899896,-0.07604465784754233,0.9795835878632873
29.902255138,0.18625723378098163,-0.07717999389578445,0.9794649005485105
29.902539275,0.1858181614253052,-0.07476417227705885,0.9797356426241955
29.90278544,0.1852903287754527,-0.07643217667285249,0.9797069033294266
29.907608509,0.18502298478844476,-0.07345817922441285,0.9799848932534669
29.917901152,0.18434632631169104,-0.0774003806013779,0.9798089676350923
29.927768341,0.18464548849194826,-0.07782488855615141,0.9797190057872678
29.938174431,0.18462194815298902,-0.07976787337557749,0.9795671608610269
29.954816592,0.18809825146694462,-0.08184558644367855,0.9787340536503104
29.95868528,0.18815102688125948,-0.08158633283918677,0.9787455549719657
29.968268165,0.18755250334839382,-0.08105096518129191,0.9789048981034529
29.978509466,0.18710498390873478,-0.08107044482689078,0.9789889212713708
29.992422634,0.1873516448662026,-0.08169752653934713,0.9788896134515276
29.997583739,0.1875621676255161,-0.0781559962010662,0.979138434305097
30.007601787,0.18598399382343175,-0.08139791116244786,0.9791753336864016
30.01794045,0.18791180948373906,-0.07983087664482576,0.9789362507286498
30.027516795,0.18619792405605348,-0.08020283280785594,0.9792332912471937
30.037808804,0.18661712565025668,-0.079556869649439,0.9792061850834167
30.048954883,0.1871512133454951,-0.07861923493307814,0.9791799830684073
30.057224513,0.1843183880359414,-0.07360176936441214,0.9801068877312618
30.067990269,0.1850327878775361,-0.07425729724357572,0.9799228139074762
30.078890833,0.18382745734378478,-0.07342583242964451,0.9802122795897492
30.087512081,0.18339208906469798,-0.07253866453994523,0.9803598746456564
30.098279697,0.18352647728214136,-0.07150160829744645,0.9804109098471345
30.10909366,0.18494548176822384,-0.07000096073330618,0.9802525359671015
30.117920094,0.1846775688264086,-0.0669349772211165,0.9805171617043609
30.129006378,0.19182158752867326,-0.06659003020257633,0.9791681400227438
30.139274769,0.19467063347482122,-0.0659168026999478,0.9786512757792369
30.151644835,0.19658335796267504,-0.06719262247850864,0.978182056090061
30.158465552,0.19640254733260357,-0.06703702530259793,0.9782290512144093
30.168065866,0.19641485304494588,-0.0670232103932547,0.9782275270978188
30.178682992,0.19687835699917353,-0.06637972654007068,0.9781782273439598
30.201112954,0.19633467988365072,-0.0651214720890017,0.9783720597747801
30.201466521,0.1948750475600335,-0.06578852936108244,0.9786192238266019
30.207593892,0.19309529080507856,-0.0660166929255421,0.9789565899078859
30.218747284,0.19327727929904354,-0.06594984987874619,0.97892518131251
30.228434725,0.1944051522427866,-0.06259890889638495,0.9789218627584334
30.241033733,0.19468627539327105,-0.06082704122556222,0.978977693938549
30.247413711,0.1965364864506285,-0.0669128566679915,0.9782106517034922
30.257514741,0.19784664538297897,-0.0641647906358356,0.9781306582217743
30.26894214,0.19521343307983854,-0.06312431059317532,0.9787272536091554
30.278471538,0.1952156577796844,-0.06150645198675967,0.978829813257466
30.309375632,0.1932126759451976,-0.059497874296095536,0.9793512469019184
30.309772533,0.19328728647795998,-0.05692184077004125,0.979489626759435
30.310236267,0.1924877728765289,-0.05487085368459782,0.9797640770659829
30.317641575,0.19449842587059787,-0.05545646487045411,0.9793339281562401
30.328890684,0.19570267630105817,-0.05438924735028745,0.9791538552552774
30.337513518,0.19754812237843228,-0.05469849401139738,0.9787659649260599
30.35002369,0.19294485916758292,-0.05691137683841232,0.9795577453663249
30.357727152,0.1916071569115249,-0.057525022598682495,0.9797844503743176
30.367830155,0.19345934214110247,-0.05863226980344665,0.9793547569068258
30.378279042,0.19463404645933693,-0.05661190328101668,0.9792408694319114
30.387330948,0.19252258283010987,-0.057202984254567435,0.9796238429585078
30.41398217,0.18804075349361912,-0.05934151640721724,0.9803669004286324
30.414244925,0.18586278971374362,-0.059257255998270066,0.9807872353428038
30.417750734,0.18599972266408768,-0.05656242085435737,0.9809203819454344
30.428109415,0.1884644520364998,-0.05616038935057099,0.9804729272073626
30.439265698,0.1899633672241695,-0.055101278073116426,0.9802437290121089
30.44740539,0.19317954748287075,-0.054706827427970256,0.9796370886543035
30.457545042,0.18637369926237327,-0.05446376923905698,0.9809681656728383
30.467373633,0.17977990380064227,-0.05272292843218308,0.982292970048634
30.482795794,0.18103543935454833,-0.05365670480076653,0.9820117757581267
30.487807882,0.18294839704593013,-0.05540885286130769,0.9815598519921843
30.499744784,0.18099369160236595,-0.05975252659938526,0.9816674177974624
30.507525421,0.1832855978982567,-0.06039937260152815,0.9812024793040529
30.518553957,0.18038655922667998,-0.06175106305875989,0.9816554871549756
30.528675994,0.17726878568076795,-0.060345136246703575,0.9823106647871808
30.537729357,0.17737751099468826,-0.061218739703035846,0.9822369798080813
30.549504053,0.17638081241142473,-0.05898929007683677,0.9825528345434238
30.557417643,0.1735239654149004,-0.0554845388091066,0.983265426718457
30.567618793,0.1713460828902157,-0.054326148336683235,0.983711944364345
30.579370004,0.16969683920402706,-0.05934411978779155,0.9837079130569069
30.58729477,0.17154687642773012,-0.060697814184033694,0.9833043499045298
30.597816609,0.17078392763639516,-0.0630835972282865,0.9832869926027833
30.60736703,0.1669933721841335,-0.06195859803220443,0.9840093219967255
30.637538009,0.16391256166998397,-0.05966517468059494,0.9846688474086696
30.638015684,0.16369611846283524,-0.05949644702002494,0.984715062133303
30.638320364,0.1685614117328129,-0.059916499197955636,0.9838684178275582
30.647325454,0.1714664492649878,-0.05910661842484771,0.9834153061829153
30.657961466,0.17142108304062287,-0.05591542150910233,0.9836098199624886
30.681535246,0.17184774336375444,-0.05489798354428698,0.9835926822133013
30.681911667,0.17203843244455974,-0.05565689752489707,0.9835166940728164
30.688067691,0.1760750608353288,-0.056041606034363124,0.9827801948273706
30.701191206,0.17673373635527065,-0.0555381117081046,0.9826905436513591
30.707510771,0.17380621180537703,-0.054361163582494675,0.9832783251103534
30.717503934,0.17066369831414152,-0.05989985784477797,0.983506944107623
30.728124473,0.17284730695931996,-0.06041462108812107,0.9830940351948482
30.737869462,0.17305686353305433,-0.05838804291149971,0.9831796165650846
30.753236921,0.17069135853661838,-0.05590280555471165,0.9837374326780677
30.757275828,0.17177510584668737,-0.05471751386990328,0.983615426214563
30.76952047,0.17330603145167986,-0.05562167191224474,0.9832961146451032
30.77803992,0.16962067944792872,-0.061007905137373586,0.9836192660853957
30.787435834,0.16472309518724926,-0.05626726205188481,0.9847336173469032
30.801492894,0.17036726510104697,-0.056335555707828715,0.9837689261940935
30.807516196,0.16867980229579985,-0.05552955484578048,0.9841054785113634
30.817875004,0.17070859366949578,-0.05789275830064656,0.9836193392688689
30.829961737,0.16864811256504572,-0.05659573641760212,0.9840501698326143
30.838165854,0.16468230096148317,-0.062187971892345775,0.9843842724779528
30.848722612,0.16220138732591696,-0.06111997416767966,0.9848629644307325
30.857425935,0.1642974530532314,-0.05844684949543773,0.9846777710013965
30.867968351,0.16196892321549697,-0.058486349094903696,0.9850611224091436
30.879269224,0.15876883604496575,-0.06239427379379154,0.9853422812904521
30.88758679,0.1544218631813794,-0.062056615453306464,0.9860541895099234
30.897688949,0.15301428554909757,-0.06248992015212713,0.9862462361384606
30.908516708,0.15892474988997382,-0.061784368685900114,0.985355578285572
30.917523075,0.16400129950270503,-0.059474781031013044,0.9846655900267549
30.927904779,0.16292556438520484,-0.06014258782086237,0.9848035995059992
30.93827989,0.16033116192192795,-0.06217582489921303,0.9851030835982939
30.94755467,0.15350142106785156,-0.06877297159007517,0.985752297541741
30.958045339,0.15608920172943805,-0.06943706025187693,0.9852992721843673
30.967412461,0.15620402464183222,-0.061167573823983724,0.9858290067745936
30.977742163,0.14796926539997127,-0.05727983722620218,0.9873318169411603
30.987862569,0.14675980654245904,-0.06297701677409236,0.9871653633215947
30.997480139,0.1513367340139904,-0.06313880892719156,0.9864637265227922
31.037714799,0.15141588668434622,-0.060449597457524,0.986620025859407
31.038152103,0.1466565419917092,-0.06114305679666605,0.9872959967996396
31.038656387,0.14133249038045767,-0.05926653284421541,0.9881865235103561
31.039371111,0.14177693651498868,-0.06343504082415882,0.9878640067681697
31.048188644,0.14697181278113094,-0.06320757500011398,0.9871190853744208
31.057366618,0.14826077185598527,-0.05954237690734662,0.9871542173748188
31.069361447,0.14327026792349615,-0.06428017325623689,0.987593889032976
31.078721594,0.13995838251478232,-0.06354925571196558,0.9881159563848269
31.087617689,0.13755571748728096,-0.06006762756459153,0.9886709789941853
31.099078166,0.1442423550863754,-0.05996980642976506,0.9877235267603544
31.113845668,0.14066949872118317,-0.057229613758640496,0.9884011652353349
31.11749579,0.1414409871999167,-0.06537505456699451,0.9877856798821673
31.128341792,0.14218063540115536,-0.06833889219084809,0.987478841662469
31.137336731,0.14075435847396373,-0.06515595346411858,0.9878982297275184
31.14853708,0.13941031846331228,-0.060183996489636016,0.9884040922985362
31.158686638,0.1379692465643658,-0.05610252508534769,0.9888462942649426
31.167582553,0.13704697287427609,-0.05708965393810116,0.9889180444502088
31.178181814,0.12990019728439373,-0.057931068346508956,0.9898332839754924
31.189554303,0.1282231277340222,-0.05773019158328332,0.9900636618389054
31.197339494,0.13233531942560267,-0.05804914162238437,0.9895037445050059
31.207307972,0.13628873291030338,-0.05883693665473138,0.988920419531719
31.218186101,0.13180779344273297,-0.058718418080996,0.9895346648631483
31.228018643,0.12899727951275236,-0.059266788363263136,0.9898722895785159
31.23770295,0.12734243479647403,-0.05762569984033723,0.9901834087773926
31.251253458,0.12824875112284354,-0.060986481989705306,0.9898650952781143
31.2573077,0.12554517128731427,-0.060855107736080764,0.9902197058374819
31.268173269,0.1236811833627738,-0.061427428080236074,0.9904189194282546
31.278011745,0.12367655022638187,-0.06163469585644122,0.9904066211363822
31.287607452,0.12829479264263244,-0.061134018579677464,0.9898500280108516
31.298625998,0.1286045959799434,-0.06247183674883979,0.989726289186087
31.307300368,0.13007564319127907,-0.061018593054912446,0.9896247058102249
31.317871639,0.12851696475086397,-0.05795417084618727,0.990012476614692
31.331710353,0.1270780243917038,-0.05723843406257936,0.9902398383133074
31.337368384,0.12410885195575808,-0.057667116045339306,0.9905914882499431
31.348072228,0.12428837261429813,-0.05789155193008062,0.9905558887049313
31.358250069,0.12477148235038364,-0.058129328600623385,0.9904812256416214
31.368181277,0.12169046636810228,-0.05794082482123129,0.9908755175167813
31.379106137,0.11922405241491407,-0.0575485737339979,0.9911981572758035
31.39085199,0.12033374214610794,-0.05909231709027139,0.9909732027466822
31.397712819,0.11895973059960188,-0.06416598084077571,0.9908235510919245
31.408503308,0.11896080849643142,-0.06503532738307462,0.9907667395679226
31.417507005,0.11833380510906355,-0.06452097651945474,0.9908754483573535
31.427937292,0.11675699408937644,-0.062197483018388074,0.991211015595262
31.437252512,0.11480368296191328,-0.06221152255694139,0.9914382687991865
31.475075041,0.12022120849248334,-0.06470060087434416,0.9906365091571709
31.475474069,0.1197400458862608,-0.06079253139420939,0.990942273564833
31.476415949,0.11893753828109355,-0.059323656959062804,0.9911279260078574
31.479091828,0.11818324663416124,-0.058543012247467635,0.9912645640453419
31.487886897,0.11748815939451318,-0.05768138861650177,0.99139769507971
31.49746405,0.11592409456452178,-0.05815218173621023,0.99155429909749
31.507524161,0.11648544823953079,-0.057572135993510305,0.9915223595590674
31.543988615,0.11571414274670141,-0.058189794176094135,0.9915766158104679
31.544312797,0.11583943979078734,-0.05791130771134969,0.9915782897119713
31.544647114,0.11594068210218128,-0.056334846805314025,0.9916572710715646
31.54830753,0.1151083093285384,-0.060755877385515154,0.9914932175696625
31.557352425,0.11217173101454755,-0.06166349374031497,0.9917737223283032
31.570062604,0.11189539573018441,-0.06054882670499964,0.9918736108996113
31.579265772,0.11367048114045977,-0.059794903382169765,0.9917174956845389
31.587471323,0.1139833315065794,-0.05785157439864991,0.9917968519199176
31.598551451,0.11979616950721968,-0.05859893048925766,0.9910676279229953
31.607509086,0.11925577302433653,-0.06009214441848058,0.9910433869309438
31.61744846,0.11848055080223009,-0.05696161029716223,0.9913212062868193
31.628033342,0.11592010063525282,-0.05575736057793261,0.9916923146874211
31.637364508,0.11659194683446826,-0.054299968087793735,0.9916944244065372
31.660160126,0.11369222542041763,-0.05384503616073177,0.9920558401419763
31.660586532,0.1144205494005299,-0.053637416043123574,0.9919833493940802
31.667376487,0.1124462060369373,-0.05336124196487276,0.9922239810667071
31.678061163,0.1094902396541179,-0.055160319917883525,0.9924561584911652
31.688030223,0.10925671145021862,-0.054999862851061836,0.9924907989948563
31.697439761,0.10915425664078866,-0.055194364015923876,0.9924912747415336
31.707513011,0.10711328495460426,-0.05427949051947001,0.9927640611420121
31.718512179,0.1056629098121846,-0.050969826783121536,0.9930948727325707
31.728995894,0.10551496354804131,-0.04867409259621876,0.9932257674755476
31.737734552,0.10209793141052266,-0.04854192101664529,0.9935892986066758
31.748274472,0.09812834850727571,-0.047271422630060456,0.9940504211667358
31.757694309,0.09612879611274454,-0.05212581138845876,0.9940030957421658
31.78805145,0.09858987841247703,-0.04864718556070563,0.9939383719384394
31.788308647,0.09559592383869321,-0.046482425828154435,0.9943343519332705
31.788546822,0.09087251243446216,-0.04635665415197587,0.9947830150840348
31.798931598,0.09185068656205742,-0.04802254223635226,0.994614139661827
31.807318225,0.09458230021150747,-0.047142353176850435,0.9944002147142011
31.818004124,0.1006591258313956,-0.04807278784385945,0.993758898051121
31.831361329,0.10738838921242658,-0.0491632092468884,0.9930008623958526
31.859673819,0.10311053055688231,-0.04958899631952402,0.9934330123024403
31.859944272,0.09898730864752128,-0.04990261010848901,0.993836627535472
31.860313663,0.09699745364537946,-0.053441494117761,0.9938488319119633
31.869608136,0.09419852061521572,-0.053091740122281024,0.9941367641550599
31.879745107,0.09339538547878411,-0.05339649361309088,0.994196216267743
31.888615646,0.09355388238010702,-0.05153486363549643,0.9942795527021966
31.899049455,0.09691963985300217,-0.04710377847760392,0.9941769548042729
31.907822161,0.09815686863424168,-0.04627259414914499,0.9940946012179267
31.917606504,0.09701293144762893,-0.0469644422117507,0.99417444761957
31.928075458,0.09570625806765094,-0.04782465317615706,0.9942600840400205
31.938404751,0.09249830804581305,-0.04633880486771976,0.9946339920654699
31.947860148,0.09254933899601549,-0.0525258033047819,0.9943217084216697
31.957524031,0.09396304176250733,-0.05391238900782119,0.9941148832475082
31.967523115,0.09612041344381134,-0.05678830909647481,0.9937484360085073
31.977526518,0.09384280879736119,-0.05466801362679965,0.9940849739952424
31.987922584,0.08741552768600319,-0.05056884915371985,0.9948875901400348
31.997430278,0.08265314520514734,-0.04514724304850553,0.9955552139549148
32.00771181,0.08401566227806699,-0.044475337804567125,0.9954714023110596
32.017869699,0.08282797256914602,-0.04642430321521529,0.9954819491236728
32.02830728,0.08543220415481653,-0.04859621886304165,0.9951581512530886
32.0376358,0.08495751937000975,-0.04885792825321973,0.9951859739512499
32.049319506,0.08193002110235553,-0.04693015395102497,0.9955325370334718
32.057450927,0.08289947472980676,-0.04097784168608511,0.9957150664624254
32.067841527,0.08040332552308169,-0.04609086840035612,0.9956962072313676
32.078571469,0.07530585404346203,-0.04693182899590409,0.9960554360947407
32.087374263,0.07561832613633987,-0.051343416061407354,0.9958141003116411
32.098387553,0.07687392947411512,-0.04864289349504657,0.9958535373636218
32.107756506,0.07759824484006703,-0.04228251783657845,0.99608769748609
32.117976746,0.08043132319007465,-0.04138209285524441,0.9959007604379132
32.129853454,0.07949470086642789,-0.04170439446076879,0.9959625173754371
32.137578832,0.07538388016421108,-0.04594654973837977,0.996095469911658
32.149853534,0.07288150138224028,-0.04746933873779848,0.9962102933799001
32.157358647,0.06908996881365627,-0.046238768556471806,0.9965382845087835
32.167735915,0.07083428072722477,-0.045500684840979,0.9964497941958032
32.177976524,0.069181688520726,-0.043878453866987153,0.9966386382534363
32.189543177,0.07029786756940105,-0.04745217714647454,0.9963967586756065
32.201358296,0.06766831442836892,-0.050317161131846685,0.9964382482211606
32.21809672,0.06943382872535236,-0.0464388310760536,0.9965050819724043
32.218738961,0.07003658303523162,-0.04395895651409898,0.9965753795769494
32.228566383,0.06779645254403961,-0.04383032319528849,0.9967359448675664
32.237728717,0.06258774995420664,-0.04902247919223516,0.9968347757223945
32.247389835,0.06392250234943941,-0.04480903537048673,0.9969483758161967
32.257594118,0.07137543020083661,-0.04090042417245133,0.9966106076428042
32.268093929,0.06874023696049616,-0.041263219198213553,0.9967808819214057
32.278602546,0.06093504320045396,-0.039586373905409665,0.9973564255125547
32.287683091,0.05711899332983698,-0.040647423704175706,0.9975395769327647
32.300802458,0.05818636457257135,-0.04636094743906021,0.9972286646152831
32.308062179,0.05641936329202816,-0.04530872197895733,0.9973785515832772
32.318458014,0.05239806815463459,-0.04326271137172342,0.9976887191195604
32.331480492,0.05332682707393507,-0.03885545597416752,0.9978208772396308
32.342059385,0.05474778594564457,-0.03482891434860552,0.9978925927470087
32.351441416,0.05446776139610494,-0.0433153696122665,0.9975755819605098
32.357781542,0.05381140169052485,-0.04160934356151689,0.9976838154327657
32.368577248,0.052245574875524656,-0.03919542549841455,0.9978647796800548
32.378093575,0.05139712599194562,-0.033907505499140275,0.9981025080173849
32.387515666,0.046387046441550894,-0.03422417464371063,0.99833709126346
32.397574111,0.04417042030085943,-0.02934645662602797,0.9985928897473395
32.408135355,0.04627707881615694,-0.03806306302322699,0.998203203365694
32.419800365,0.04553606912987703,-0.04013738499943027,0.9981560282508976
32.427990969,0.04587676912636049,-0.04082228288740507,0.9981126505933022
32.448697375,0.04436372179945419,-0.03297437784831195,0.9984711065392015
32.448978347,0.049045384274895014,-0.029805931641595503,0.9983517199465849
32.457585558,0.04482050629893177,-0.03379479584752068,0.9984232739618665
32.468174251,0.04106717081186529,-0.03598142897148193,0.9985082995402088
32.478904176,0.04142305897120733,-0.033349681913725435,0.9985849632864102
32.487829091,0.04177372994917146,-0.030874976548893082,0.998649934315944
32.49716372,0.040073820068322476,-0.03439573944170752,0.9986045373687175
32.507955637,0.03866435589003035,-0.040443030271621674,0.9984334874622635
32.518473653,0.03443291295863341,-0.03521539582547887,0.9987863887749162
32.528055346,0.036323606495770766,-0.03230453736495445,0.9988178074487744
32.537720532,0.03629929278692104,-0.033515762620016536,0.9987787818126534
32.54947306,0.03790539513672354,-0.03570361333604235,0.9986432961845181
32.557754772,0.03701797794195421,-0.037482458885438816,0.9986114031919476
32.570603229,0.034909849637779336,-0.03305348677906656,0.9988437162089041
32.582347574,0.03255192648844469,-0.02903045198496497,0.999048349650526
32.587551022,0.033223882179418705,-0.028748276746131056,0.9990343889161455
32.598107742,0.03223005252402359,-0.032687716150384565,0.9989458128082677
32.60766487,0.029076496970579468,-0.03398636678047762,0.9989992413395432
32.617564927,0.029609067977198478,-0.03626543440896478,0.9989034594797692
32.628761634,0.03076931278497189,-0.03341258652280055,0.9989678916024264
32.637460715,0.03084600266928597,-0.031274616341747066,0.9990347453877683
32.647375285,0.03322347798395012,-0.031750260887905585,0.9989435026287523
32.657651258,0.03218887491827973,-0.033120688998760604,0.9989328787720139
32.667448376,0.02682962819209517,-0.03324102067140136,0.9990871861833668
32.678466975,0.025510079305181493,-0.02986002300985632,0.9992285098413146
32.688970137,0.025075281137805973,-0.026507762782274954,0.9993340626577975
32.699276562,0.029677913361652503,-0.031769331329723136,0.9990545185550991
32.707962269,0.029623050204869397,-0.026920792735359873,0.9991985517478794
32.717533416,0.0284753772896692,-0.02615216988012682,0.9992523289433817
32.728279893,0.026817810575462477,-0.026940819067306793,0.9992772374591155
32.737481387,0.025995593040564556,-0.02696297983162443,0.999298367286302
32.755133462,0.026494963237500578,-0.02697156629470931,0.9992850201692476
32.757268906,0.030952532202632308,-0.030205814320187162,0.9990643370331559
32.768526032,0.03130984386383711,-0.028630545722558423,0.9990995873929939
32.778652286,0.030361594276073142,-0.02884956571122728,0.9991225531191299
32.788865865,0.03029010515061822,-0.026023231958832993,0.9992023323273326
32.798547931,0.0294252816832737,-0.022399132647959067,0.99931598188685
32.808010422,0.02839867001482688,-0.020762770227253275,0.9993810198887506
32.822061522,0.026966437443439104,-0.020254807336750034,0.9994311152007226
32.830754376,0.025590602343173337,-0.02109219384588955,0.9994499689481614
32.83790744,0.023677376769891383,-0.024959744739645302,0.9994080212665037
32.848851805,0.02487901928010593,-0.025298193656160217,0.9993703196500263
32.858804833,0.02734046646499253,-0.02764174230789148,0.9992439306674127
32.868796814,0.02797831659893701,-0.03182174966639787,0.9991018917249925
32.878793708,0.025724524079971563,-0.02918345126283277,0.9992430009928761
32.887608698,0.02341283871479102,-0.02774040788006614,0.999340937195091
32.897613811,0.02821546034572949,-0.023775398827168257,0.999319077276166
32.908387232,0.030438923199302782,-0.022570989315353594,0.9992817532587059
32.917796512,0.03161158495249375,-0.02505460449796233,0.9991861560741532
32.9385424,0.031044371630406575,-0.02347125981555308,0.9992423864872548
32.938863011,0.03034401366695955,-0.026527304242077814,0.9991874413563392
32.947518359,0.028477291110998712,-0.028277354706193834,0.9991943930496205
32.957670816,0.028088959519448602,-0.0280063803448564,0.9992130168352962
32.968381715,0.0260050303499809,-0.024985018149314912,0.9993495320780288
32.977801963,0.025531932477200658,-0.02899351244308717,0.999253469676334
32.987423889,0.02776576851672782,-0.028794511696517845,0.9991996488164088
32.998490759,0.030469151432087244,-0.028975398375776097,0.9991156375014725
33.015488708,0.030508692892692174,-0.03130392652001629,0.9990441851301718
33.018254798,0.030396435360865653,-0.03331131601141388,0.9989826890106458
33.027460051,0.02966235572982963,-0.032840697748792815,0.999020336741915
33.140100125,0.02798145289528775,-0.03309043042717663,0.9990605896080642
33.140520805,0.02548477463318628,-0.03144714939687214,0.9991804657101272
33.140784427,0.026379396219968168,-0.025256245143284423,0.9993329022584677
33.141085053,0.031070098628225053,-0.030562081977158154,0.999049852668251
33.141333816,0.03214954704192969,-0.029850013026776485,0.9990372282088893
33.14158108,0.03267054002796034,-0.0323483844707689,0.9989425498177624
33.141839979,0.029091395327415538,-0.030546355687257772,0.9991099093053434
33.142106081,0.026993818190639778,-0.02828283865295297,0.9992354151135866
33.142416198,0.02972467342866601,-0.03170189031577135,0.9990552707132705
33.142732879,0.026870783869341934,-0.031665666049048705,0.9991372511161404
33.143004354,0.022975727872549652,-0.032417013664115375,0.9992103147755368
33.147861578,0.020754499265899395,-0.02686883939888372,0.9994234919340143
33.158517873,0.022746743978241408,-0.02563782910801254,0.9994124710833945
33.167818654,0.02338271262884436,-0.02753306200112765,0.9993473766648707
33.178314147,0.02327103166505914,-0.031271998326366304,0.9992399717815132
33.188318687,0.022632988216884926,-0.0348153387256212,0.9991374480189373
33.198955348,0.019996465953895582,-0.03292481221368773,0.999257773595006
33.207620939,0.019506643255310145,-0.03217920496677464,0.999291744005031
33.219896705,0.018970879489879158,-0.030059258686376933,0.9993680736838685
33.229183866,0.021170236615503712,-0.032283329555549335,0.999254525991477
33.2384751,0.021178251348929037,-0.030627857734079385,0.9993064675065515
33.248278797,0.02407805314591445,-0.03174096600636642,0.9992060640496961
33.258412571,0.023216412248124943,-0.031029404155840712,0.9992488049930602
33.268384959,0.0225569677313223,-0.032678182310966475,0.9992113488184666
33.279102081,0.020045040016279513,-0.02914817584109948,0.999374094228924
33.288007299,0.01689425851549445,-0.029247316846096293,0.9994294264661792
33.299043208,0.014175020796787122,-0.02658737074736339,0.9995459871872594
33.30796926,0.013349998090898417,-0.03031948688907738,0.9994511024886392
33.318495861,0.017404217878350836,-0.030116689000516197,0.9993948560222278
33.328647061,0.015415822919184122,-0.036515374530308765,0.9992141811576915
33.337612333,0.011130319341608675,-0.036101991083355,0.9992861263077613
33.348893604,0.004717418474640837,-0.03181556112552879,0.9994826241777307
33.387234276,0.004293814142947414,-0.03114378684023411,0.9995056916803207
33.38770959,0.008053579153649194,-0.031575831451894104,0.9994689123384167
33.388167016,0.008727447450362058,-0.030765118341621045,0.9994885387809244
33.388437579,0.0046002892843006,-0.027487069704592637,0.9996115737312947
33.397671827,0.0020953006438074588,-0.021516242762393674,0.9997663031992036
33.407990675,0.0024535569745743847,-0.0352225392599983,0.9993764820057807
33.417951446,0.005401694161218626,-0.03500976474938996,0.9993723720777862
33.428335088,0.006568553310136768,-0.033697813609028376,0.9994104819669359
33.438662924,0.00209993763834677,-0.0322733275046834,0.9994768744666835
33.447472229,-0.001020916087934803,-0.027259464886045456,0.999627870412019
33.457784581,-0.004753246844602506,-0.030053054236220594,0.9995370031046921
33.469705484,-0.006502001381765396,-0.024326939100807462,0.9996829117335243
33.477990334,-0.007962212269638799,-0.02098135339314698,0.9997481612814125
33.487584761,-0.00908528292956734,-0.021346771811375377,0.999730850262871
33.513332278,-0.014314184084486847,-0.03188419139231646,0.999389064615605
33.513621283,-0.015130533641743764,-0.029774707706488303,0.999442111246424
33.518202201,-0.014124677812236534,-0.022097368752040943,0.9996560407314792
33.528034519,-0.01977898965147686,-0.022565033332416724,0.9995497040363093
33.606310631,-0.02445779263146549,-0.022070441898599313,0.9994572086757876
33.607271015,-0.026347543891520556,-0.023381872178417463,0.9993793548919832
33.60753203,-0.031502290442202256,-0.022524028319908927,0.9992498555642323
33.608210043,-0.03388847701079453,-0.02181610479074705,0.9991874842579086
33.60854587,-0.03177336369163756,-0.021234261417597853,0.9992695129452154
33.608797366,-0.0344125918109998,-0.019784026597946407,0.999211872335603
33.609049973,-0.036734562065707,-0.02191645615543509,0.9990847015641005
33.609301994,-0.03749295776526674,-0.02388551241073949,0.9990113915340948
33.617686748,-0.0387853834531728,-0.018913723361266482,0.9990685487487854
33.629540304,-0.04428738088702396,-0.01942765142724083,0.9988299125748034
33.637539382,-0.04527407705487994,-0.016058862853681098,0.9988455190221736
33.647510236,-0.05208279256118145,-0.018310630372524058,0.9984748887850861
33.658014733,-0.05527030747242829,-0.019461742347477818,0.998281740640739
33.667683962,-0.05324211562096701,-0.01803624977095492,0.9984187352100338
33.678383864,-0.053979736306185876,-0.014901002968621978,0.9984308429625177
33.688921599,-0.05885363287044765,-0.015284332095858765,0.9981496075690929
33.6975545,-0.06356122911390916,-0.01869418272102104,0.9978028350761099
33.709612877,-0.06907548610531421,-0.006522522691780952,0.9975901131812855
33.718286633,-0.07603841833628247,-0.012829109493214726,0.9970223532531893
33.728509692,-0.08016256549341458,-0.012729210186294549,0.9967005218728177
33.738365816,-0.08497592196637015,-0.004970453781693283,0.9963706073922342
33.748105993,-0.09476587294353374,-0.0034908353956471035,0.9954934672781588
33.77310342,-0.10403942776894311,-0.004999528357181393,0.9945606075980069
33.773467443,-0.10923883476656142,-0.0015865870770372485,0.9940142653504984
33.778124224,-0.11498537047464037,-0.0034893982100421806,0.9933610565534273
33.787719626,-0.12577171701328613,0.003425425436866023,0.9920532957760417
33.801586719,-0.13616931547351843,0.0021489483898776878,0.9906832488461139
33.80758883,-0.14085544965062075,3.895859102501754e-05,0.990030171654354
33.81805146,-0.14329209161453535,0.004510728685048389,0.9896701621285051
33.82926766,-0.14390419038183555,0.005396662125564714,0.989576909607561
33.837596924,-0.14543183085246444,0.006331489009356326,0.9893480150188934
33.848444264,-0.14561291509989457,0.005287701191232032,0.9893275085492282
33.858014514,-0.14732544484832877,0.006826905071440271,0.9890645108724646
33.867896593,-0.14477427206194576,0.007409357459959467,0.9894369669518944
33.878190561,-0.14558503135171502,0.006465729491327119,0.9893246145671628
33.918910244,-0.14554381498076702,0.00856302432369142,0.989314748972882
33.919285661,-0.14724644195192507,0.0070846311717669775,0.9890744629873216
33.91960391,-0.14872246249905513,0.005250266358042039,0.9888650382389838
33.919943254,-0.1498197540085188,0.00940437891550775,0.9886685991605279
33.927973186,-0.14982358502757873,0.014622485960279569,0.9886046106881281
33.940067872,-0.14777327296496837,0.013291769184996947,0.9889319433960831
33.947597562,-0.14699773146319972,0.010611423479878977,0.9890799081148114
33.957779842,-0.14793211764165848,0.0068569589146984305,0.9889737462058823
33.967884618,-0.14823689421066888,0.007606512233332909,0.988922627997974
33.977794313,-0.14804736040330824,0.007132083238033811,0.9889545553089377
33.987835203,-0.14835743903157805,0.008153436516982382,0.9889001930209921
33.997492429,-0.148333157096449,0.007960089111367889,0.9889054107886858
34.007572762,-0.14996950091263786,0.009020539262576361,0.9886494720918161
34.019619381,-0.1494753678147873,0.007546915927775437,0.9887366476856277
34.028023655,-0.15062909624165496,0.008409725407323857,0.9885545770891943
34.050224552,-0.150119406875311,0.009372432808583697,0.9886234476192913
34.05174892,-0.14936232844632302,0.010151526722667566,0.9887304189445634
34.057498988,-0.14904093288327022,0.011232698714977195,0.988767225794253
34.06848897,-0.14713329104093073,0.00865791613934624,0.9890787810662955
34.079956368,-0.14458013301086248,0.0069408797628444175,0.9894687510612344
34.087757756,-0.14534513485654013,0.008800472388405783,0.9893418739036952
34.098504263,-0.14623958422158073,0.009484701121672953,0.9892037325300242
34.108182569,-0.1462351915185736,0.01156717726979093,0.9891822224299905
34.117563675,-0.1480123558005244,0.012165343828746199,0.98891068703898
34.128879353,-0.1484189864361301,0.012960403672968763,0.9888396393763277
34.137324393,-0.14750962049450184,0.013073390398917117,0.9889742151972647
34.147508385,-0.14665261442912345,0.012615189261691162,0.989107611779929
34.158162098,-0.1478194430742427,0.01445871784851307,0.9889086700638223
34.167683841,-0.1487722289141548,0.010160115475014992,0.9888192938840994
34.178121177,-0.1488807783641122,0.008762578341522512,0.9888163282705766
34.188449345,-0.14821042869970316,0.009825171436803603,0.9889070405406605
34.199626592,-0.14754428362420083,0.009863547351188273,0.9890062663115297
34.207645499,-0.14736285467571875,0.010561372573701714,0.9890261101058871
34.217495923,-0.1467699491160074,0.010455501936606729,0.9891153949442594
34.228336466,-0.14644204340774372,0.010372535295617715,0.9891648691871876
34.23821933,-0.1458801452856317,0.012167240178497709,0.9892274467875837
34.247448069,-0.1450923271341234,0.013804556601262126,0.989321813579306
34.257497212,-0.14532120937106768,0.013990974402791291,0.9892856001894451
34.268318435,-0.14534367302348725,0.012995917410198414,0.989295872245866
34.277960972,-0.14437481243976627,0.011588623879211545,0.9894552123919346
34.28792834,-0.14176361497603648,0.010653856734767073,0.9898432061723722
34.299843315,-0.14157893041973607,0.009761031267702596,0.9898788454804933
34.307411621,-0.1424428876736011,0.010092413737630073,0.9897515682918387
34.320273425,-0.14094701311325494,0.007746238774299936,0.9899868359121263
34.329950551,-0.1398040235266336,0.006615208432007116,0.9901570956283481
34.337540756,-0.1388878271342419,0.0067873261340166266,0.9902848598650186
34.347978304,-0.13918027992351614,0.006624024867745066,0.9902449050487274
34.358472616,-0.13789860020869807,0.0076320324868533445,0.9904169466142031
34.367511587,-0.1361794494837391,0.009191950447708031,0.9906415424285784
34.379731669,-0.1365891048232217,0.00889537342894028,0.99058785010475
34.387850821,-0.13701573451015472,0.011803445066790715,0.9904985447648058
34.401597815,-0.13670510685304815,0.01412543839081802,0.990511073007548
34.408584015,-0.13470314983999346,0.014737161753738614,0.990776401357354
34.417819143,-0.13108904682868616,0.011285626586552211,0.991306358515921
34.450095988,-0.12807222254863027,0.009888092080442536,0.9917155496645512
34.45050045,-0.12558502748507744,0.010868426469741805,0.9920233254201457
34.450853647,-0.12459570521976672,0.010615951428054878,0.9921508009451316
34.457689276,-0.12356982821741042,0.011250102346862339,0.9922721062044951
34.467566875,-0.12356154641797636,0.014638698497999513,0.9922289316246946
34.478237287,-0.12285742138073148,0.016421619486935532,0.9922884582746611
34.487938289,-0.12100448569225794,0.016806370918256926,0.9925096777054168
34.538709927,-0.11969505026769249,0.01763094791640103,0.9926541414898664
34.538963876,-0.11827839406079235,0.016862883515046462,0.9928372800504411
34.539396099,-0.11692455032453362,0.016976110096369932,0.9929957005029789
34.539686008,-0.1155274415364291,0.01593984500715985,0.9931763849353219
34.539964802,-0.11457291158203606,0.015131214827115507,0.9932995994509767
34.548710567,-0.1133715377321657,0.01831222472339857,0.9933838919863377
34.557370816,-0.11224071720660396,0.018476715725133635,0.9935092512790005
34.567664699,-0.11028950866757808,0.019874778734548935,0.9937007685657273
34.57950463,-0.10895089928820234,0.01799566835839668,0.9938842273950355
34.601116805,-0.10695230964916638,0.018781353824604156,0.9940867488349414
34.601560253,-0.10379649417359522,0.020400153493577357,0.9943893209074147
34.608927939,-0.09964326838223543,0.020333418811629863,0.9948154457714942
34.618579199,-0.09654626069460316,0.021671356607872005,0.9950925443639221
34.628348596,-0.09415693397735676,0.023004972930063313,0.9952915366888593
34.637555752,-0.09070390479599935,0.0239178771947845,0.9955906472065985
34.653586918,-0.08770822576310394,0.02604627763987152,0.9958056329196955
34.658324272,-0.08821681213641402,0.029150733991689746,0.9956746600994898
34.667737152,-0.08483362291960697,0.02931183863776149,0.9959638911818078
34.678486584,-0.08430281159523544,0.02943719407114017,0.9960052648266254
34.688269273,-0.0830529096753826,0.03267717842193123,0.9960092450398411
34.697685717,-0.08349001027554724,0.0350483078300628,0.9958920796464034
34.707688848,-0.0815353454242231,0.03599923849164153,0.9960201013406178
34.718476582,-0.08047477813108402,0.03632827864159712,0.9960944062967583
34.728324059,-0.07862757826223252,0.037181476823789104,0.9962104404782247
34.737632896,-0.07673366215525963,0.03811518047772863,0.9963228282586888
34.747551607,-0.07443721800992421,0.03891019218278309,0.9964663052603645
34.757520012,-0.07052295014255619,0.039554143887268405,0.9967256308556212
34.768908364,-0.06785351834260597,0.041716965390773644,0.9968227499646639
34.778016657,-0.06580641908395228,0.04281985208690179,0.996913223643163
34.787638136,-0.06382841184759906,0.04439119183794783,0.9969730968929
34.798561001,-0.06117329731054419,0.04467797159049881,0.9971267254219568
34.807279959,-0.058733194479681256,0.04532794592166981,0.9972440970919478
34.817737923,-0.055470197382852506,0.04686603587933489,0.9973598306946518
34.846004164,-0.053138046712815364,0.04714942937240457,0.9974734479179901
34.846474162,-0.05088214847354469,0.04737923863871829,0.9975801795909598
34.849254,-0.04827640299582626,0.04728683980850676,0.9977140590844198
34.858386083,-0.04741931273173381,0.048027473730891876,0.9977197855846494
34.867499931,-0.046230324120663135,0.04826062128590098,0.997764335684934
34.879368528,-0.04476090852099192,0.04932198690081977,0.9977794358857727
34.887538928,-0.04229927316897326,0.05092357640789696,0.9978063744310345
34.899442229,-0.040331412321170504,0.052695503107174656,0.9977958514307731
34.90765241,-0.03827806569415877,0.05454368365820542,0.9977774181949136
34.917534395,-0.03634649608543537,0.055769899603304994,0.9977818651992773
34.927835175,-0.034467177541032484,0.056469039229071316,0.9978092309058384
34.937793143,-0.033710321926690226,0.0578724586506036,0.9977546756218851
34.949208022,-0.03221188488229991,0.05861433896030431,0.9977608700187516
34.957684004,-0.02990483760670929,0.05872882733752945,0.9978259495158838
34.967911297,-0.026687601100505786,0.059607298417067266,0.9978650920454724
34.982516662,-0.023520072001631375,0.06018990286423406,0.9979098064485751
34.987884088,-0.020795004687297575,0.06062491848586471,0.9979439799100137
34.997630319,-0.018727110963237623,0.0612626955524743,0.997945979223633
35.007365368,-0.015198466579725026,0.06181762469642128,0.9979717370199005
35.017869973,-0.011862245768741628,0.0615777717584579,0.9980317956611329
35.028037691,-0.00554001349251921,0.06283607366681901,0.9980084849822876
35.037510186,-0.004443040242806176,0.0630295335031588,0.9980017721927026
35.048987959,-0.001315550259005132,0.06253008721432148,0.9980422122938916
35.05765767,0.0022928836857216066,0.06487708075579811,0.9978906288151068
35.068978935,0.007531307412415012,0.06380403416990839,0.9979340281964059
35.078952973,0.010511078120390026,0.06375216926775318,0.9979104058733944
35.087573848,0.014654496377417453,0.06437481220101354,0.9978181844855347
35.098308972,0.013259361627730486,0.06362747435394459,0.997885631641504
35.108465783,0.013667407168126849,0.0662723767914121,0.9977079603048769
35.117723271,0.013075933629667899,0.0658689009394513,0.9977426060105589
35.129490953,0.014731878820930019,0.06430153450023407,0.9978217698603897
35.137328338,0.01674870338529743,0.062343995727474524,0.997914178239614
35.147725801,0.02053328237587505,0.05903133011327153,0.9980449320446102
35.158402431,0.024757662844111364,0.05791436086152928,0.9980145214056246
35.212924495,0.02789687390878081,0.057975752013866656,0.9979281420044954
35.213555339,0.03159267579722097,0.05921006181681358,0.997745494309857
35.213906204,0.033472450739395865,0.05999688476324132,0.9976371930016468
35.214891199,0.036372212411174075,0.058360155965718294,0.9976327753036052
35.228487635,0.03791278228352406,0.056267654081003336,0.9976956309635433
35.228832298,0.0401453737955213,0.055610650740764975,0.9976451295360522
35.22926709,0.04130365941289911,0.056861089136592276,0.997527355144361
35.238348201,0.04214367273496809,0.053800428863786935,0.9976619791805642
35.24796199,0.04379563111561409,0.050979534698574115,0.9977389587147041
35.291713312,0.0499218664787351,0.046370160795626614,0.9976761074793097
35.292086293,0.04803841031015547,0.04657572406004652,0.9977589954809506
35.292408616,0.049012216584556,0.04523053705408553,0.9977735219694236
35.292787239,0.05269060914274484,0.041794368995026955,0.9977359021446878
35.298853379,0.052552375895062314,0.04244562017805573,0.9977156995434543
35.307528715,0.053992157653593956,0.038435147175239756,0.9978013762134863
35.317821819,0.05435321154409772,0.036486247816016434,0.9978549404172687
35.329601321,0.05435572911611651,0.03747380874788215,0.9978182040683475
35.337417467,0.05904589228085052,0.036871028860402985,0.9975741124525704
35.348703465,0.06083035298955166,0.03522987311381954,0.9975262022601467
35.357870525,0.06363239304135736,0.03157339019058739,0.9974738290239514
35.367765957,0.06402131251048937,0.03140276044653054,0.997454328869634
35.379381838,0.06782516125186942,0.02941813244471416,0.9972634160464443
35.387614176,0.06773093085598068,0.028491308583199253,0.9972967293341534
35.397997137,0.06525143919581983,0.025093151557575112,0.997553298539874
35.408494219,0.06554417154861475,0.028630244256860945,0.9974388556146178
35.417416814,0.06645852667893595,0.02707969698581672,0.9974216531852622
35.428149076,0.06823741052122574,0.02166230478187197,0.9974339077637651
35.438755948,0.06845136696255368,0.016211835621761442,0.9975227249274731
35.45064295,0.06936994527050969,0.011956737979641103,0.9975193467347151
35.457526862,0.06795999563589888,0.009787493628432422,0.9976400372687746
35.468121222,0.06825130900908744,0.00787520878883927,0.9976370782529479
35.478653013,0.06963588188502506,0.007730733639304302,0.9975425202523915
35.488131422,0.06894409398650235,0.010286957790355206,0.9975674866412797
35.498003873,0.07112788629693612,0.008301493937617272,0.9974326588744395
35.507641833,0.07353111129498993,0.005662498981895697,0.9972768481103951
35.524451802,0.0743067976257309,0.004052244687922179,0.9972271953469771
35.528420596,0.07470634752677123,0.0044093872738891066,0.9971958277806211
35.53759629,0.07560756201752258,0.004595590522184547,0.997127061669434
35.549499299,0.07657897646946159,0.005054538873993445,0.9970507068347433
35.557627377,0.07864113941183144,0.004663062692341139,0.9968920839480753
35.568917349,0.07759571515942619,0.0033732246304287758,0.9969792005576094
35.580435191,0.07883850352057903,0.0061188185715266704,0.9968686224482765
35.58742279,0.08118609694272223,0.0048292315738524575,0.9966872609728756
35.601466853,0.08273085600043552,0.0003834645051731055,0.9965718531146707
35.608466756,0.08414328100286363,-0.000733522531143354,0.9964533959030747
35.622289656,0.08344052370018226,-0.0003971122707185399,0.9965126799526857
35.715111401,0.08279451313824807,-0.00045814882007845357,0.9965665350059971
35.715486112,0.08212587971666276,-0.0006436419739768266,0.996621756538444
35.715819477,0.08166229222337487,-0.00045838989120041513,0.9966599519934228
35.716567209,0.08147765006561115,-0.0010484723794163095,0.9966746175384701
35.71760711,0.08087690497887459,-0.0009492915245851853,0.9967236452932374
35.718098194,0.08144528301690993,-0.001318845650011692,0.9966769419026643
35.718337154,0.08121337735127637,-0.0010842427148689952,0.9966961481599768
35.718582959,0.08136851595161652,-0.0016497573347502505,0.9966827192805984
35.718872126,0.08351414771480643,-0.0010329714520952629,0.9965060562291875
35.737975362,0.08444832467358637,-0.0004347947064306869,0.9964277652762332
35.738237282,0.08248373434150721,-0.00019589908380956574,0.9965923916991483
35.738494105,0.08165540377993133,-0.00033202674856290374,0.9966605664877961
35.747964511,0.08161957010812686,0.0023222874845771737,0.9966608514214872
35.757824294,0.0845007727489564,0.0014077149857829095,0.9964224193299487
35.769339735,0.086490041003432,0.000338170726638418,0.996252657937626
35.779967214,0.08624072225276821,0.0019358117166598412,0.9962724479068558
35.787396428,0.08467775747271848,0.0012224575513013279,0.996407638964559
35.798677672,0.08467397073867812,-0.002608211367243005,0.9964052970116174
35.807693748,0.08521036083235697,-0.0035697466998934535,0.9963565884337386
35.844567591,0.08475048002747161,-0.002566006644645526,0.9963989019188113
35.844991688,0.08534843694302571,-0.0003298857260630038,0.9963511105462723
35.845278609,0.0837415385008702,0.0010286283824381323,0.996486977663611
35.848205541,0.08422770328271444,-0.0020627053112568963,0.9964443984721466
35.857922051,0.08477256485450832,-0.0011197636536451649,0.9963996981017951
35.867641678,0.0870135673265293,-0.0032276187423843816,0.9962018979997807
35.87890383,0.08335730293327402,-0.004964006075142761,0.9965073600788789
35.887610411,0.08117731714293418,-0.002403880112284276,0.99669677662862
35.897637381,0.08210475319055197,-0.00035873523396571307,0.9966236405045541
35.907992847,0.08463107079434146,-0.00324168903449505,0.9964070821247745
35.918312282,0.0869173957122385,-0.004588258731274524,0.9962049559224333
35.927768981,0.08875986322326396,-0.0031930498958033784,0.9960479361521464
35.938409898,0.08809469202162953,-0.006074538495483444,0.9960935825612376
35.947633606,0.08801933857992246,-0.005262981323133216,0.996104862483637
35.957668578,0.0874652692087877,-0.002478030099533399,0.9961644874462551
35.967581563,0.08550192274842766,-0.004676714335786144,0.9963270294182244
35.977896161,0.0866573828565219,-0.009225622792498044,0.9961954556614624
35.989166703,0.08853624234918443,-0.011713623037493326,0.9960040787195713
35.998750489,0.08828003060216669,-0.012592607254543307,0.9960160954720629
36.007484887,0.08454286603827235,-0.010086988390096883,0.9963687853737957
36.020495454,0.08414073608481684,-0.009448779411229387,0.9964090812004591
36.028206519,0.08456270360274391,-0.010217165885191958,0.9963657755466458
36.037696023,0.0848106945447132,-0.013119712176176938,0.9963107041697673
36.048912058,0.08447455622275654,-0.012016397137541096,0.9963531781204903
36.117562438,0.08687464356853437,-0.016328003727430204,0.9960854343875918
36.130050002,0.08744645999164453,-0.01700715977744772,0.9960240324165046
36.130464778,0.08611033202764264,-0.01859429655863312,0.9961120734403227
36.130853908,0.08713433436162783,-0.017992875830451536,0.9960340677881987
36.13125018,0.08449383948396423,-0.017345429786713933,0.9962730183813934
36.131648894,0.08277457959804287,-0.017266279899021568,0.996418709454422
36.132097309,0.08282704305343075,-0.01857022303195448,0.9963909010802782
36.132495134,0.08223992807754107,-0.01939404179412928,0.9964238382198052
36.137478964,0.08166701678995412,-0.019472237499878073,0.996469432715012
36.148626013,0.08275888278606149,-0.020608552134545873,0.9963564898664136
36.157968687,0.08261080508344645,-0.01980833972207048,0.9963850081975942
36.167633355,0.08326879794237334,-0.02226040356405723,0.9962784659533687
36.178372185,0.08181055216907003,-0.021298860686853736,0.9964202888777576
36.189560994,0.08278477325813337,-0.022218937865164427,0.996319727856848
36.197780067,0.0798105969256553,-0.023166643965999923,0.9965408045964417
36.20764353,0.08012704075228923,-0.021437585976056137,0.9965541065330071
36.225392268,0.08255531714542425,-0.027431778815358687,0.996208872236161
36.228196258,0.08356268197463154,-0.0289889819446268,0.9960807784045532
36.238166777,0.08317656568491034,-0.02817559230581862,0.9961364338879891
36.247744188,0.0830579701858735,-0.03026635176277922,0.9960849971461143
36.257848208,0.08358136113569793,-0.030362147095545956,0.9960383005158248
36.268429657,0.08428971852633792,-0.03136708471830857,0.9959474631460362
36.278442245,0.08417615475569983,-0.028668681260695102,0.9960383936803427
36.287920811,0.08621203466199481,-0.0276131369371734,0.995894070545622
36.299033351,0.08778368542961161,-0.028903429613124164,0.9957201496047946
36.307635974,0.08708007530349803,-0.03301465047309112,0.9956541032604029
36.318095512,0.0856079722284111,-0.03249802791874166,0.9957987513912298
36.329471613,0.08399261843204024,-0.03270630751060914,0.9959294841995349
36.337554221,0.0830217041546282,-0.03312354484962616,0.995997102112178
36.348778357,0.08295024935286908,-0.030606404078255118,0.9960835829194735
36.35819214,0.08291297043940761,-0.03022130778308457,0.9960984448782128
36.368094674,0.08558288350793584,-0.029522086982717265,0.995893576859823
36.467787922,0.08694134945771294,-0.02842344251289239,0.9958078678491089
36.468161278,0.08779435814809523,-0.02735836785870135,0.9957628585087276
36.468541266,0.08681244132559855,-0.03108445402289245,0.995739602882796
36.468834829,0.08773422525580012,-0.029489453911744005,0.9957073253857038
36.469192979,0.08848138646678315,-0.030252522639295808,0.9956183149796286
36.469457814,0.08740254097112699,-0.03213892556215207,0.9956545009668268
36.469739026,0.08565397021105835,-0.03183271278875513,0.9958162861610528
36.470036588,0.0840629613035065,-0.0281398530139638,0.996063033753004
36.470295517,0.08583961260224332,-0.02844727254966186,0.9959027631213712
36.470591307,0.08624741144405823,-0.02878378636290795,0.9958578601697201
36.478552207,0.08648835177067515,-0.02803331400782807,0.9958583726181803
36.487920078,0.08769227992339929,-0.02861624849160095,0.9957364984593581
36.498323123,0.08939292690349598,-0.028509244135324154,0.9955883324037396
36.507701657,0.08967590796002232,-0.027354556427966838,0.9955952791040016
36.517857851,0.09012559246243186,-0.026819988273715473,0.9955692169870929
36.528431178,0.09123716448977517,-0.026696761253143794,0.9954712767099101
36.539977685,0.0929657191874373,-0.027017549431180447,0.9953026811370983
36.549883635,0.09215180780872792,-0.0284801690770988,0.9953375931245253
36.557548826,0.0920710471199768,-0.0279646731514484,0.9953596833998067
36.569660724,0.0916727848769228,-0.03129606568837189,0.9952972705605792
36.579841602,0.09152129528780151,-0.034244432070435246,0.9952141334311005
36.588255753,0.09025401168022562,-0.035429131163440944,0.9952883954114152
36.601023312,0.08892574220936815,-0.03445173813885855,0.9954422585523103
36.609072233,0.0875098249091476,-0.03144928188032347,0.9956670995938263
36.621171889,0.08771659327206703,-0.03014671389081527,0.9956891959373307
36.628743192,0.09048669329133968,-0.029931991175568214,0.9954477556564507
36.637679112,0.09158245810849291,-0.027380061474504017,0.9954210092219565
36.647847324,0.09349282634500616,-0.025829214953514645,0.995284855243416
36.657851081,0.0952087692590581,-0.021199219910026854,0.995231572716311
36.667591406,0.09781945956184303,-0.02027196888930605,0.9949976887452453
36.678495212,0.0987371116090029,-0.018749719990235142,0.9949368978942328
36.688817441,0.09770810369956297,-0.01763387189877309,0.9950588791791635
36.697915711,0.09614254651336308,-0.017836012632322283,0.995207760923972
36.707642241,0.09400704852693054,-0.018686309891993307,0.9953961506103365
36.71748545,0.09160535333783815,-0.018110629484336692,0.9956306867204983
36.728212917,0.09292121201998488,-0.01743195749177476,0.9955208562429729
36.737906534,0.0953499535029898,-0.018418614615919638,0.9952734001281296
36.747909736,0.09712877070076614,-0.01790204438505467,0.9951108072516315
36.757482121,0.09986153092394413,-0.021189921017345053,0.9947756842066481
36.769107437,0.09895050037302426,-0.020845244592502737,0.9948739991847243
36.778550085,0.09697194233205482,-0.019966852190302895,0.9950868139081933
36.788811806,0.09743292345261996,-0.0196984445614505,0.9950471329084545
36.799020444,0.09683247051873663,-0.019056278458020465,0.9951182497093342
36.809153659,0.09702241664175802,-0.019111336890110207,0.9950986923271811
36.822140372,0.10001542276247097,-0.015504365480218687,0.9948650812349884
36.829924142,0.10239350091757082,-0.012507494654386171,0.9946653374614569
36.838139101,0.09998941422756545,-0.010983639821756047,0.9949278751239681
36.848956641,0.0980717975444248,-0.01393789072138329,0.9950817341950581
36.858294502,0.10096404548682776,-0.014819715255878893,0.9947796929766253
36.868958196,0.10113448643925994,-0.014075915328428312,0.99477318231863
36.879244428,0.10114909786763643,-0.015839537733212235,0.9947451779450662
36.887665683,0.1020171819634251,-0.014416343140834592,0.9946781708847778
36.898364648,0.10225151630866958,-0.012096263736567017,0.9946850294521344
36.908204841,0.10283324780005064,-0.008766216608525,0.9946599803919256
36.918728308,0.10443906829139134,-0.007347189697301774,0.9945041477128076
36.927936906,0.10143191931745331,-0.0061675281043028305,0.9948233648948241
36.938452697,0.09859760566144954,-0.00696215375164234,0.9951030301295277
36.949712724,0.0999444615424021,-0.006086228358157343,0.9949744029025931
36.957665235,0.10069071382500701,-0.0037886100659793687,0.9949105621025333
36.968453375,0.10210162877413605,-0.005498770980698531,0.994758775241199
36.978203961,0.1060438418989928,-0.004882712093673442,0.9943494670979172
36.988075139,0.10602898710538511,-0.0007878788543770495,0.9943627271475521
37.000164309,0.10137990446729629,-0.001423032495960507,0.9948467670695409
37.008763412,0.10426031384168179,-0.00351228643165123,0.9945438405629267
37.018259738,0.10570425532673096,-0.0018848467999589675,0.9943958254932299
37.027933348,0.10634471935954887,0.001100867194078642,0.9943287126276501
37.038225076,0.1046302355470483,0.004147136284358547,0.9945025465377193
37.048983838,0.10253221761545403,0.0022400378681669553,0.9947271618796818
37.057474625,0.10137434391007422,0.00569992547400888,0.9948320226281384
37.068376818,0.10332691115976907,0.0021625415654191,0.994645098939395
37.079034088,0.10560004560953472,-0.0012735458396619694,0.994407868255405
37.08756359,0.10524637928167502,-0.00013915512297390777,0.9944461676148939
37.098432759,0.10417720846674797,0.0010183740640620097,0.9945582296428608
37.107667538,0.10511572293420755,0.0022145081920710236,0.9944575308908302
37.117641379,0.10723573840138284,0.004953204671782368,0.9942212843089759
37.135007701,0.10961178668236773,0.004474002030269024,0.993964405562962
37.137482039,0.1097082042996493,0.005389749265127354,0.9939492243128949
37.147757104,0.10626883423401685,0.007101560954016722,0.9943120751064826
37.159098145,0.10581676913168665,0.00378520677765913,0.9943784408263193
37.168089248,0.10620425310972478,0.00460392775557879,0.9943336766250187
37.178211416,0.1101928196100186,0.004953683507039881,0.9938978838523133
37.187750757,0.11064541459798287,0.006454276699786304,0.9938389882373921
37.198005393,0.11223025145989052,0.00401100300655706,0.9936741329591563
37.207664159,0.11162028058262977,0.009737421631668033,0.993703223091594
37.218823142,0.11122804377355829,0.013671304484465534,0.9937008693324167
37.228724092,0.10592348563586772,0.014512592937127686,0.9942683741510585
37.23856757,0.10811916237694655,0.009512371128520979,0.9940924310759138
37.25406228,0.11069164261651558,0.010856969807270793,0.9937954952913912
37.257586549,0.1104381372177029,0.012331497756886484,0.9938064962611967
37.269023752,0.1090780243636976,0.013162318969586393,0.9939460437872147
37.354038506,0.11061847963113375,0.014975309883068942,0.9937501155008752
37.354619509,0.1102199557542117,0.012647142579246144,0.993826751067871
37.354907307,0.11005541711662946,0.013996703188341404,0.9938268951196392
37.355146053,0.11103416920763866,0.01677656592958805,0.9936749770946129
37.355506736,0.11001856945285904,0.018451445158618702,0.9937582495492077
37.355775665,0.10736049104583165,0.011748851345045844,0.9941507377930522
37.356206635,0.1062365763031524,0.012030875377777918,0.9942680965881531
37.356502512,0.10789573461848972,0.01294752163241988,0.9940779004357327
37.358520719,0.10870396354104983,0.016328404981056036,0.993940054279553
37.3676465,0.10928174112466116,0.018066468238587433,0.9938466198474224
37.380425608,0.10782007212694597,0.018795185207071886,0.9939927429612211
37.387712422,0.10747899813063623,0.01761211644170745,0.9940513459149274
37.398199255,0.11078538587624599,0.013580725313953037,0.9937515595842848
37.410244674,0.109374041168805,0.013303453654106439,0.9939116345225452
37.418862,0.11033635739975749,0.015080920390125489,0.9937798821046538
37.428550935,0.10869469286876779,0.015938168340183526,0.9939474022965823
37.437727953,0.10865180907873732,0.015531727690482437,0.993958525200557
37.44777269,0.10877563042900346,0.015996806760728295,0.9939376058879315
37.457594262,0.10472445839209973,0.017960381326232337,0.9943390832694338
37.467643697,0.10368429118992806,0.016418284070130143,0.9944747396030906
37.478230415,0.10409189939533649,0.01209215670672621,0.9944941710369403
37.4879339,0.10515115940717787,0.011366202226213267,0.9943912927627028
37.498573344,0.10502566044371202,0.01273510792884069,0.994387966376506
37.507638853,0.10406932597977726,0.010503661853664461,0.994514579318865
37.520950734,0.10172081265081653,0.007826099337598699,0.9947822015108713
37.528197448,0.09903077972396924,0.011220547221535189,0.9950211073074341
37.537599487,0.10024527186773921,0.011047221853436064,0.9949014244423837
37.548713213,0.10081588524220395,0.005870397571984377,0.9948877804632931
37.565220285,0.10465829614720379,0.004408909646776252,0.9944984678536668
37.567945509,0.1022491131882383,0.003520329534150263,0.9947525954387805
37.579562037,0.10035800965724938,0.007748145244916982,0.9949212210737588
37.718795831,0.09769107637029882,0.0072195772772583105,0.9951906004889466
37.719495757,0.09829916270818294,0.006185584447746929,0.9951376855269375
37.720172974,0.10217968917516934,0.0025621299492039197,0.9947626584317433
37.720431718,0.10270310904806394,0.00548965390879681,0.9946969061436872
37.720833491,0.09903752520255871,0.006113570705533583,0.995064918914832
37.721103927,0.09990827202403964,0.0055192117605012215,0.9949813442887828
37.72149168,0.09845730575386877,0.007074143287711556,0.9951161316351143
37.721736939,0.09849804093238534,0.00811433713602248,0.995104162118381
37.722128705,0.09798235429672006,0.006262825254423739,0.9951684456745524
37.722450731,0.0970379827019736,0.00080069748826874,0.9952803568827548
37.723015104,0.09717997011142969,-0.0019032108885466126,0.9952650055123287
37.723342212,0.10081087739915352,0.0013030419688907274,0.9949047537727621
37.723721035,0.09840316188552288,0.006773500111749688,0.9951235789725654
37.724026006,0.09686469126822247,0.006411353465670806,0.995276909273118
37.728040068,0.09503810025697743,0.006775900961838889,0.9954505746975587
37.738380693,0.09884556360808712,0.0061784192568816775,0.9950836053771993
37.747948796,0.09917698502433149,0.005796011502919249,0.9950529291912776
37.758146968,0.09572728576258877,0.0059867411516067925,0.9953895949279918
37.770734335,0.09755655351197144,0.0057402303314036274,0.9952134286787978
37.777876476,0.0984836633733748,0.007699502566946324,0.9951088813334859
37.787802653,0.0952252899358336,0.0079033475814758,0.9954243724430515
37.798820035,0.09348363730777334,0.007210038643511221,0.9955947091555216
37.807591408,0.09554191139980507,0.006460708082184706,0.9954044416302091
37.819331686,0.09807495094274693,0.006567043234970259,0.9951573634057721
37.829219671,0.09884167609193886,0.005507539071569503,0.9950879308285834
37.837605207,0.098274326837803,0.007163069903009768,0.9951335825476606
37.848153233,0.09545979030618326,0.0026007472296388267,0.9954298893184527
37.858675869,0.09738636282509697,-0.00019969855371185523,0.9952466309695231
37.867694133,0.09408778104068918,0.003946381928882389,0.9955560835676264
37.878484789,0.0974174273567267,0.00625615079640102,0.9952239473728564
37.887478496,0.09900302665771453,0.005878502395145149,0.9950697683691341
37.898002521,0.10040813845839033,0.0049670349954715485,0.9949339346382123
37.908105458,0.09831322405909707,0.005188282175879861,0.995141995748933
37.917547039,0.095176832356976,0.0048480826875119,0.9954485756063682
37.927569016,0.09493165078018484,0.005765970914121947,0.9954670940114326
37.938574739,0.0978054699629966,0.005258148762182823,0.9951916608959865
37.947718047,0.0959422294487865,0.004179314621030132,0.9953781301282919
37.957520505,0.09455855919523058,0.006933483235156476,0.9954951560370096
37.967659194,0.09443800482562466,0.008561359546071994,0.9954939308540652
37.977739083,0.0944758486595756,0.008696526801211212,0.9954891684200531
37.987979331,0.09470858984198499,0.009363606591231413,0.9954610016880356
37.997912713,0.09675627725863743,0.0074336736712891874,0.9952803440773854
38.022026182,0.09447514883722469,0.005955270939096847,0.9955094077909189
38.022341931,0.09364882074050239,0.0046988210169255,0.9955942042092071
38.028174762,0.09711349976189781,0.007289191162231971,0.9952466206203346
38.038162043,0.09869139092180514,0.009245826910721296,0.995075134873069
38.049443735,0.0971429155426859,0.009858293340352953,0.995221617536658
38.058594429,0.09474287597633851,0.009506880863185015,0.9954563810976278
38.067591251,0.09599388509307638,0.008592107203252562,0.9953448396000981
38.120352795,0.09804484105181345,0.011372642869900662,0.9951170142939363
38.120627959,0.0975936363977278,0.00516539827873929,0.9952129424375923
38.121125209,0.09806364386132391,0.0067813786594698895,0.9951570401982375
38.122082122,0.09703149132885919,0.009228183815728255,0.9952385293556317
38.122320738,0.09606368973943664,0.012521019104125859,0.9952964340307059
38.128693323,0.09505773914302681,0.01847766592956894,0.9953002572544687
38.137498026,0.09808273815580794,0.01918850893834776,0.994993255052808
38.2018524,0.09917420999517174,0.018124387260517048,0.9949050118771462
38.202235312,0.09977230757523411,0.014056780765774232,0.9949109978061433
38.202503359,0.09568188575646255,0.01103554113951185,0.9953507892044119
38.203274939,0.09795805926436614,0.01294013454145745,0.9951064121706823
38.203513945,0.09852855663168716,0.019268842709122744,0.9949476545169237
38.203885727,0.10030801957370317,0.021774563870513613,0.9947181357437145
38.20744689,0.09602837471789873,0.017719615542922302,0.9952208631625695
38.217476192,0.09478343853667819,0.02124778954672378,0.9952711345249303
38.228889563,0.09786833870735905,0.019532480802092776,0.99500767357462
38.238074406,0.09742036283560822,0.018824755421386424,0.9950652749886832
38.254814638,0.09584327803843963,0.018151567511670644,0.9952309212698909
38.257621544,0.09428678992263219,0.02192734469642417,0.9953035681643313
38.269023732,0.09864535710370853,0.022974226368788594,0.9948574161379297
38.278083643,0.09802802067086804,0.02094720520611067,0.9949631760811076
38.287755545,0.09889514945835573,0.019097220589496984,0.9949145921029432
38.30112431,0.09875084377285678,0.02033363764510277,0.9949044245726655
38.307589492,0.09889130427551693,0.02381419020451331,0.9948132459329192
38.317755855,0.10031769444388555,0.025402052907294224,0.9946311355922648
38.331798861,0.10136871630451394,0.024341172101713847,0.9945511000926446
38.337505292,0.10187549427163423,0.022933229762137602,0.9945327800729281
38.347611655,0.0992612519409916,0.022697253860277992,0.9948025123260944
38.357348111,0.10048497523296217,0.023736012356286296,0.9946554033784029
38.368572434,0.09924290941482396,0.0207543672902948,0.9948467727088732
38.379343634,0.09935445242150463,0.021181991934499125,0.9948266261021113
38.387457954,0.09712476206893877,0.025140341467390758,0.9949546441039185
38.398009576,0.09874720514750247,0.02579125930364957,0.9947782669615823
38.407944148,0.0955217164192958,0.025060979752389623,0.9951118273772863
38.417784957,0.09642921509915885,0.02278067955233205,0.9950791160076138
38.428750049,0.09713769208604071,0.025756933025158323,0.9949376106959346
38.438441933,0.1014326859102053,0.026821097925102257,0.9944807886204406
38.451475815,0.09991218703776307,0.026041986514250534,0.9946554025489043
38.45778758,0.09859913056698393,0.027003194964504745,0.9947607948211188
38.467948687,0.09734629986246959,0.02745983967211011,0.9948716777093759
38.478429161,0.09853713363517626,0.02442316156020024,0.9948336255245738
38.488157401,0.09809970156727585,0.02404275604380246,0.9948861213396384
38.498413899,0.09863802976673786,0.026372319404680905,0.9947738636760385
38.507660435,0.09758687864116196,0.025605345017844266,0.9948975662969493
38.520846535,0.09827669292163527,0.025864902997259423,0.9948229482784005
38.528222848,0.10019845182526575,0.023247851902637263,0.9946958367429377
38.537722667,0.10103350998360476,0.024010338977116172,0.994593250269977
38.554871672,0.10058164034330731,0.028128582067706513,0.9945311038357272
38.557504005,0.1002234745986089,0.03163771152113221,0.9944618194526563
38.568396701,0.09748891406156482,0.03148234278471145,0.9947385454117493
38.580006001,0.09709616885899122,0.028734167655806827,0.9948601316778326
38.637497522,0.09853737710277558,0.025110556478954556,0.9948164882364097
38.637780091,0.09907437537226726,0.023411608532736026,0.9948045862029914
38.638062653,0.09896558643159308,0.023794172491892286,0.9948063379661777
38.638566722,0.09950781795587128,0.02605652366436295,0.9946955573139904
38.638820515,0.09922519086534569,0.02938904403981548,0.9946309092262122
38.639128226,0.097239705534001,0.03153881804646875,0.9947611485295818
38.647852234,0.09726225561425501,0.032673116848404044,0.9947223336530843
38.657843017,0.09800097732490301,0.032533722832664265,0.9946543949141388
38.667560183,0.0961515829891502,0.03183767213534524,0.9948573946660308
38.678864515,0.0943856097942834,0.030348015309849073,0.995073039847083
38.688143009,0.09339504397401921,0.025543621041680502,0.9953014062007399
38.698028479,0.09564617662632988,0.02440219380273836,0.9951162453876323
38.707888599,0.0949492244446385,0.026033405356898607,0.9951416515164488
38.721478633,0.09105631371862268,0.025809613299243712,0.9955112312743233
38.728195708,0.0921711046285858,0.02539632906450575,0.9954192654060868
38.73844704,0.09060783712988363,0.02307243293399358,0.9956193462810728
38.749669373,0.08813439009429268,0.021244934977248022,0.9958820120980796
38.757780126,0.08526111177445861,0.02094197252249989,0.9961385328386059
38.768042442,0.08249229325489683,0.019780381218427432,0.9963953824021878
38.778191741,0.08150501222275937,0.018380410249905065,0.9965034337630819
38.78809916,0.08032311092124916,0.01763930103056455,0.9966127898592743
38.801790841,0.07891114209166933,0.016744394385990055,0.9967410179732922
38.807475158,0.07856622409635917,0.015312401597622389,0.996791291489123
38.817602418,0.07921952497453771,0.01491213905053613,0.9967456520957322
38.830075623,0.07777054902200607,0.013831968135539363,0.996875327391702
38.837845528,0.07573856097558981,0.012599936900768365,0.9970480991263377
38.848713484,0.07544802066253144,0.013622191880556276,0.9970566844801131
38.857557587,0.07414418734093163,0.013049329921465767,0.9971621505413016
38.867570684,0.07548854069786967,0.011768873181252025,0.9970772155893192
38.879636102,0.07607487701803713,0.0077402654368764505,0.9970720642850532
38.887486859,0.07520096726319485,0.007373829914604066,0.99714113402019
38.898490356,0.07290489381291394,0.004846642223648617,0.9973271211178827
38.907527348,0.07243579755614524,0.004650662494053299,0.9973622343816572
38.917569157,0.07213100192178196,0.003698428641323484,0.9973883096303792
38.927875482,0.07203949727373948,0.002344932327926494,0.9973990235231456
38.969013876,0.07100511230875892,0.001876437754283951,0.9974741866371153
38.969439824,0.07166594244285773,0.0033884865950412676,0.9974229347936472
38.969702022,0.07324448578791529,0.004671881661894127,0.9973030727032787
38.969961336,0.07158293734457016,0.006187964616078073,0.997415456154071
38.977819014,0.07098458889095717,0.007228396982868158,0.9974512210715067
38.988212086,0.06711715596766797,0.008773540949355884,0.9977065261658971
38.999194602,0.06490098749872557,0.010290528573846755,0.9978386476997979
39.007521461,0.06196976122031124,0.007697836295085897,0.9980483415199244
39.018624629,0.058749210929838584,0.007752670505416328,0.9982426690515468
39.028065546,0.058047982032688246,0.007367639273813963,0.9982866069789096
39.037937739,0.05711663640488684,0.007846837612887708,0.9983366751678859
39.079073462,0.058737746555276374,0.006686249067145166,0.9982510561993012
39.07947462,0.05680096005254493,0.003637867311797085,0.9983788944376434
39.079782692,0.057566789480913386,0.0011487828536032479,0.998340996376897
39.080090073,0.05682935186146765,0.0017248097498524055,0.9983824166111563
39.087530844,0.05580388473558771,0.0014973534190532599,0.998440626367515
39.099601254,0.054632946672853774,-0.000536357260148904,0.9985063612510091
39.107650682,0.05183169422434032,0.000465718476136149,0.9986557257534429
39.118234113,0.05579918154573618,0.0009499486388170162,0.9984415601007451
39.128600848,0.0576042096494707,0.0005935148231136954,0.9983393224604621
39.137791176,0.05643499276034879,0.0003982454511099855,0.9984061963913786
39.208319102,0.05315542977186719,0.0014589686909310298,0.9985851849973177
39.208849116,0.05436348456115632,0.0028358322925332883,0.9985171854312661
39.210139227,0.05704166510085052,0.001644219549473028,0.9983704447671694
39.210376738,0.053328807762217066,0.0030210907909579425,0.9985724366680133
39.210740278,0.05462899591583613,0.004781790267250694,0.9984952715396642
39.244368389,0.056410956072314083,0.0002704477590231664,0.9984075975737651
39.244794357,0.058841712561568026,0.0046663968242558725,0.9982564187639869
39.245515268,0.05779187674477455,0.006739174816047891,0.9983059062757846
39.246138146,0.05668956060752537,0.006840021752766869,0.998368422888338
39.24668854,0.05790630435574183,0.005575716600459518,0.9983064515970292
39.247847329,0.05614719830336108,0.005083149693634075,0.9984095621095961
39.257973231,0.05504453688354427,0.0031686688470877198,0.9984788723338184
39.269030535,0.05453657621549736,0.0028353621150955213,0.998507747879989
39.278270392,0.052361327496746005,0.0022574291045623332,0.9986256532838601
39.287656152,0.05104532468144403,0.002510154212135067,0.998693183091783
39.29989915,0.05002392057464595,0.005545676516378197,0.9987326232993079
39.307920685,0.04895887713019633,0.0028239129363554654,0.9987968030915388
39.317734201,0.047825440175785695,0.004873343824456516,0.9988438205204863
39.329180156,0.04601212807761881,0.005918795525351732,0.998923346373133
39.338020285,0.04781224944539293,0.0076122467289437366,0.9988273336782035
39.348300949,0.04913559912737101,0.005990318252093631,0.9987741531425576
39.357653949,0.04837107726396809,0.005570706747895334,0.998813899638292
39.368417953,0.04613943474244318,0.006272122929913252,0.9989153182505511
39.379221564,0.04266030253532215,0.005591455123631788,0.9990739883598188
39.387521976,0.0387750432062696,0.003940660460268319,0.9992401949578934
39.406145059,0.035796240706106805,-0.00019255371247475921,0.9993590906547949
39.407981183,0.03287565775740819,-2.5358713695964344e-06,0.9994594494628521
39.417417892,0.030009438447691116,0.00529200054029308,0.9995356063364307
39.428323983,0.02955797540811305,0.005919030982089878,0.9995455423151096
39.437721942,0.0326349847050593,0.005402624520260378,0.9994527349612857
39.447917811,0.029333688126034693,0.0022114172258892828,0.9995672285418213
39.457807061,0.03114378811574347,0.0033286423165773313,0.9995093719431198
39.4675999,0.031580935872991725,0.004421544058939616,0.9994914178908797
39.47819005,0.026903708027941793,0.002731406287234766,0.9996342980880765
39.488004048,0.02397595695124954,0.00507480481931639,0.9996996548185448
39.497838066,0.020310406313799753,0.0034273484116883767,0.9997878478348462
39.507602489,0.019045243246656546,6.231435755100969e-05,0.9998186209641209
39.520729461,0.02041538881648634,-0.001259954086618436,0.9997907903232413
39.528194487,0.019972267815849976,-0.0009662221342320138,0.9998000674800335
39.537773689,0.01601779213403472,0.00016268915915610367,0.9998716937024412
39.548797873,0.01257466726824666,0.00026377783458917905,0.9999209009538439
39.557578189,0.012058746707264003,-0.0019730646508562427,0.9999253440351104
39.568659318,0.014691360149350288,-0.001963049332384962,0.9998901491535361
39.578465327,0.012240638701714364,-0.002208621347822671,0.9999226413857804
39.58810395,0.009216482156193731,0.002195682320488817,0.9999551167106513
39.598472556,0.007120378018753193,0.0023892779235532417,0.999971795386187
39.612549557,0.005275788195412973,0.0006910245223210887,0.9999858441718196
39.618720471,0.0046468484418819185,-0.0004071316415995639,0.9999891204625102
39.629149464,0.00271924238441524,0.001975145564948604,0.9999943522444775
39.639116085,0.0016554191604797354,0.003051125293230677,0.9999939750927744
39.648875164,0.0003896550582196803,0.006568471008883691,0.9999783514444406
39.658411345,-0.002474386217178789,0.00754548780934377,0.9999684710162454
39.668327402,-0.0026469475122404772,0.009677586376883502,0.999949667728724
39.678327071,-0.004596340790517357,0.01073682315107847,0.9999317948140063
39.688560166,-0.0070667380413234416,0.009481850593315907,0.9999300754166671
39.69759448,-0.008762487068325114,0.011961500958389343,0.9998900646147054
39.725686181,-0.011489336686530544,0.01554006343858999,0.9998132333445223
39.726114346,-0.010768101368589545,0.013421933711635007,0.999851938883131
39.728284706,-0.01070218912773093,0.010638361906282623,0.9998861377196032
39.737984373,-0.0105835852460651,0.011694729531580045,0.9998756027749264
39.747960148,-0.011004455621304799,0.012611858818232893,0.9998599116744445
39.757693996,-0.011198541692106071,0.012314572926219345,0.9998614623824719
39.768852154,-0.012271750455677487,0.008557779642627217,0.9998880780109051
39.780096328,-0.013283477157309162,0.01047076293280978,0.999856945946877
39.787906026,-0.013998946224258754,0.01148922438167754,0.9998360001658861
39.80460392,-0.013736380439879667,0.012168195777421564,0.999831609254245
39.807593866,-0.008509044490639769,0.014381003284175499,0.9998603817065645
39.817716186,-0.007329119996882526,0.01574817910851076,0.9998491280462455
39.829606408,-0.009226287633262064,0.016445221513694035,0.9998221993464007
39.837794145,-0.011816869998303321,0.015483089678553622,0.9998102997656351
39.85399444,-0.01346898525595482,0.017763488286679317,0.999751491581815
39.858251287,-0.014438098695669876,0.019695048799500445,0.9997017787114513
39.868295468,-0.014834746806607587,0.020364634485921452,0.9996825555892426
39.925964219,-0.014407547144542248,0.018115808538700456,0.9997320841436804
39.926211255,-0.015367610147664332,0.019020213876454164,0.9997009893075247
39.926550217,-0.01577884959087092,0.02099249369547399,0.9996551120831796
39.926796265,-0.01537363437491283,0.023219017604867366,0.9996121890951367
39.927044046,-0.016307793156542006,0.024632912759150256,0.9995635424981063
39.927981925,-0.019671825067947672,0.024452959553170298,0.9995074147136616
39.938335805,-0.02165580346686252,0.02321997009402323,0.9994958024749466
39.947777252,-0.022140365354428905,0.01834298567074335,0.9995865840929716
39.957585905,-0.024107458037089455,0.018791138164767678,0.9995327526366822
39.970049739,-0.025322942519850688,0.019005440664081715,0.9994986452253452
39.978359119,-0.02636444784500323,0.01962758812212494,0.9994596908701903
39.988420775,-0.029929603408848485,0.021485905137404046,0.9993210568782265
39.998231901,-0.03252155428259509,0.023060268803616113,0.999204970218698
40.012009501,-0.03682017729593006,0.023508618870967595,0.9990453540168616
40.019475698,-0.040117708227080315,0.024016545399773367,0.9989062894154124
40.028038989,-0.04290482858533396,0.02482024899480549,0.9987708100079313
40.037827372,-0.049594549462120614,0.02799178188676716,0.9983771035087158
40.054089406,-0.051052293966714186,0.034084001100368466,0.9981141939426201
40.057479783,-0.05538116031668323,0.03371681104639962,0.9978958381188086
40.068190709,-0.05982792481532552,0.029192917401855964,0.9977817361456665
40.080776632,-0.06458913278972599,0.034588441587663304,0.9973123300320759
40.087689127,-0.06631707694130252,0.041933010715283686,0.9969170817667402
40.098608444,-0.07039370698451018,0.034928456572358955,0.996907582947613
40.107676022,-0.07505668654714776,0.040929884511452734,0.9963389174163791
40.119106638,-0.07850107628151179,0.04481229902213014,0.9959063404150993
40.128491865,-0.07970657230065215,0.04248230718853335,0.995912704963653
40.137698962,-0.0785216534993099,0.033772092369622614,0.9963402007892244
40.150690645,-0.07892711464683673,0.03636497233943229,0.9962168937336274
40.157693927,-0.08146104273953454,0.043460112118053305,0.9957285358823831
40.170603964,-0.08128224294823995,0.048241091881860654,0.9955229751418845
40.178293841,-0.08017264006307001,0.043792163503642165,0.9958185548587594
40.188718138,-0.07832524076678542,0.039003573705309984,0.9961645837395744
40.197860623,-0.0812519527006826,0.04269955052146923,0.9957785238533671
40.207734929,-0.0825135450632339,0.044666060267362334,0.9955884982970075
40.217701331,-0.08470823891062547,0.040326477594266726,0.9955894181164741
40.22862289,-0.08560391480608831,0.04001154413439006,0.9955255125338847
40.238462575,-0.08473741826599585,0.041421564604897126,0.9955419749720732
40.247568542,-0.08710835034514683,0.039409769878329275,0.9954190099341504
40.257809304,-0.0880717922529055,0.038668615614712555,0.9953632992911698
40.268704399,-0.08641806079702988,0.037005643435967614,0.9955714445091175
40.281305674,-0.08452514012436525,0.03769014709217551,0.9957082672646274
40.287818511,-0.08599976505224406,0.040639501361021554,0.9954659568966114
40.299782479,-0.08619801616399445,0.04336698308801155,0.9953337162917952
40.307900546,-0.08873502293284719,0.04286962220949388,0.9951322983386292
40.318105405,-0.09112180306291569,0.04299802527147155,0.9949110446815419
40.329738022,-0.09090313670044785,0.040611635003723744,0.9950313134973915
40.337621559,-0.08879978472690098,0.04218169534179806,0.9951559188441518
40.348191685,-0.08794261547051622,0.043475118823155766,0.995176371517892
40.35737728,-0.08835950766999955,0.0377940263193555,0.9953713924856828
40.368231545,-0.08978969080625401,0.03759340403139956,0.9952509971852573
40.379361602,-0.09076973837418414,0.03873675502655246,0.995118243429139
40.388463884,-0.08949178435016793,0.03853043390122475,0.9952419937870419
40.397763969,-0.08768517918649374,0.03818117025738804,0.9954162484050625
40.408089293,-0.08915971066334727,0.03599638800519289,0.9953666691450983
40.417939394,-0.08848154356836231,0.04071454722264101,0.9952453677823451
40.429077377,-0.08802021308483997,0.04594410889178103,0.9950585816657428
40.438918945,-0.08937922430632787,0.0382116657746968,0.9952643984696338
40.448065781,-0.08862709956578943,0.04159689465061141,0.995195928236235
40.458250638,-0.08706801451435808,0.042717177635697545,0.9952860913241819
40.468094423,-0.08667425932425919,0.042093319763321396,0.9953470375712653
40.478798111,-0.09167749383220808,0.04173147832395133,0.9949139263481757
40.488305702,-0.09095494230992529,0.04147945499078112,0.9949907805015411
40.498093464,-0.08995261618920657,0.03959820709532917,0.9951585345237979
40.508039137,-0.09209223710668438,0.043978184226522346,0.9947788393290361
40.519456185,-0.09258418147426006,0.03994603652284446,0.9949032533401713
40.529969287,-0.09442618611841617,0.039933390089714256,0.9947306267181447
40.537915572,-0.09544970217574839,0.04134414808859256,0.994575294170024
40.548795019,-0.09463110984057745,0.03897880073919239,0.9947490166586118
40.557481672,-0.09592996034238999,0.040724072765890434,0.9945546704963313
40.571458846,-0.09620962341299803,0.04044915091771511,0.9945388753350796
40.57943744,-0.09395713664155919,0.04140395108630865,0.9947149186116401
40.587529682,-0.09212596547566793,0.04586288032473235,0.9946906065171699
40.598095265,-0.09168835295065463,0.042117383029927555,0.9948966639706391
40.607533763,-0.09201550661333502,0.043835026428638534,0.9947922582130864
40.619345013,-0.09367782438167653,0.04323573794710072,0.9946633280579341
40.649667341,-0.09503476157004172,0.04435475329047574,0.9944853191243531
40.649988041,-0.09447196339661816,0.04550181716911295,0.9944871204627522
40.650309564,-0.09384721841131766,0.046587616416866845,0.9944959997873563
40.657868975,-0.09248573465545923,0.04591003587658811,0.9946550444707202
40.66899148,-0.09205331857196261,0.04380928981688575,0.9947898937291376
40.678421598,-0.09032402681664765,0.04318285588026858,0.9949757841966053
40.688162305,-0.09093239858732349,0.03955342526424338,0.9950712665116113
40.69966441,-0.08973320147160721,0.03931471121447005,0.9951895829618489
40.707640645,-0.08855840816276418,0.040915114530036684,0.9952303058823476
40.719290183,-0.08784632650777847,0.04334269506317563,0.9951906519374815
40.728602966,-0.0878106653460468,0.04440263300694331,0.9951470711575928
40.749812109,-0.0860500014653,0.04527316905278497,0.9952616426908755
40.750358069,-0.08528718534802365,0.04574213384276171,0.9953058591241803
40.757675513,-0.08685972340027459,0.04821727683389264,0.9950530049527772
40.768551221,-0.08656187117577178,0.05013804407117847,0.9949840295176933
40.778189594,-0.08633896704065563,0.050116125861224665,0.9950045008435965
40.789038131,-0.08616673287029755,0.04404843436766061,0.9953065003184782
40.799813208,-0.08604601762247532,0.04477346792623954,0.9952845921751079
40.807946508,-0.08547456580831207,0.04730850717787794,0.9952165612310123
40.817662375,-0.0864210810979783,0.04827015748847451,0.9950886335587873
40.829218304,-0.08694596821304253,0.04669621915693315,0.9951180139701744
40.837723162,-0.08571942783818912,0.044169927944073144,0.9953397395645917
40.848782205,-0.08530174121950694,0.04461294514810809,0.9953558650403043
40.857569297,-0.08611886072841621,0.04434189038345545,0.9952976130706138
40.871073643,-0.08557408276385416,0.04475680231561946,0.995326029502698
40.878993814,-0.0857277754786094,0.045998149169937316,0.9952562076090907
40.88761458,-0.08566086767130042,0.0450247484353356,0.9953064793208848
40.900021611,-0.08566075366069735,0.04437309419831166,0.9953357543028126
40.908709493,-0.0846698638067438,0.04588432466797717,0.995352019595435
40.91770987,-0.08381009995195124,0.046490920915905856,0.9953966352255943
40.966469192,-0.08402335285216513,0.04770740865116846,0.9953210935850153
40.966718425,-0.08467304526612514,0.04977704634256286,0.995164670324852
40.966959464,-0.08478582990130862,0.04879620132598903,0.9952036443784257
40.967224157,-0.0837510699559658,0.04580191984285625,0.9954335449541267
40.967637497,-0.08288152487955033,0.043931969834036334,0.9955905960082898
40.977691737,-0.08115266584264734,0.044389770909961594,0.9957127060880528
40.987862641,-0.08044706627576595,0.03725962717175051,0.9960622418858396
40.997823938,-0.08079110379175815,0.03492202384802865,0.9961190941842583
41.007602696,-0.07947036195539418,0.035415489024783885,0.9962079123896849
41.019735435,-0.07821904008026942,0.03257255276304545,0.9964039394620137
41.027700548,-0.07859644010794242,0.027370223532576888,0.9965307172717434
41.037982118,-0.07817955352449386,0.023762945552037326,0.9966560489102555
41.048960059,-0.07774585300490006,0.021052082269304388,0.9967509178188234
41.057745696,-0.07947491071832234,0.02238286464677406,0.9965855437123895
41.068201819,-0.0803116553513655,0.02346118915887297,0.9964936580922004
41.079282844,-0.0783397761849784,0.02254256436725353,0.9966718177309097
41.087737139,-0.07744296227326215,0.020835408507761038,0.9967790494119833
41.098358698,-0.07534429412921403,0.019459535489115578,0.9969676844415362
41.108034736,-0.07414047223593072,0.01833964996198327,0.9970791581493945
41.118466965,-0.07252998485579325,0.01838541774087141,0.9971967597777844
41.128603167,-0.0712726390349937,0.013891333987412153,0.9973601364427185
41.137688291,-0.06874969170956277,0.010501755127745096,0.9975786650831487
41.161652379,-0.0669776062579044,0.009876169374171255,0.9977055986304045
41.161922272,-0.06734770121302133,0.009925288202000478,0.9976801971550949
41.168212744,-0.06762183147363399,0.012592073718880183,0.9976315590375086
41.228395666,-0.06673248817946024,0.012857168198888502,0.9976880615940454
41.228747762,-0.06372264457656127,0.011692341258571205,0.9978991500768314
41.228999464,-0.06254774856610577,0.010319849887303594,0.9979886170932085
41.229236522,-0.06052650796396885,0.00921006894112141,0.9981240987291047
41.229490369,-0.05945954637992798,0.0004855083058782648,0.9982305979211308
41.229792829,-0.05605079076579076,-0.0033599389100758543,0.9984222652089896
41.237962208,-0.05587875298238544,-0.002948666036013592,0.9984332077478902
41.257544064,-0.05472854660001588,-0.003907824091410796,0.9984936229630715
41.258095784,-0.05351395910961783,-0.00561893175306498,0.9985512925164979
41.268848965,-0.04940054494062063,-0.00900915851780726,0.998738414812593
41.278994547,-0.04753448697291739,-0.012428356281310953,0.9987922749542902
41.288260084,-0.04428943841946028,-0.014103810835848206,0.9989191799962575
41.334167961,-0.04586406127673582,-0.009863846156873047,0.9988989900996985
41.33547613,-0.04509191430083273,-0.00935388848260622,0.9989390492091804
41.336201142,-0.0439137572434011,-0.010796248436300847,0.9989769881956587
41.336659248,-0.044788112724441234,-0.023026020019092222,0.9987311086376869
41.337842485,-0.042984308818035444,-0.02935932897043822,0.9986442704976791
41.354035795,-0.0406250974482705,-0.026242738765085382,0.9988297753468437
41.359184224,-0.03949009077358481,-0.02646843475603891,0.9988693381480179
41.367684886,-0.037585726827351236,-0.026522299840770577,0.9989413800368948
41.379017222,-0.03666017029306536,-0.030850674431599286,0.9988514743450093
41.480522408,-0.03458889743054313,-0.03263482098250924,0.9988686483386987
41.481165906,-0.03216219389079221,-0.03181197829909191,0.9989762716505479
41.481949091,-0.029330565277564617,-0.03190039064506996,0.9990606002726714
41.482296454,-0.028233068031520266,-0.03357604964751209,0.9990373079918463
41.482562031,-0.02885996260732108,-0.040896374339800576,0.9987465089421655
41.482865301,-0.02738201914509652,-0.04447199773148076,0.9986353020223693
41.483128373,-0.026706708873880047,-0.043922268398950845,0.9986779190709166
41.48338532,-0.02504108619781394,-0.04629045171482864,0.998614108693679
41.483642832,-0.025547091261309846,-0.047219507065604335,0.9985577921585549
41.48389987,-0.02659441456204233,-0.04544924086122231,0.9986125893554721
41.489564507,-0.026670457297818015,-0.04397609317332678,0.9986765191676114
41.497922128,-0.0273879849089493,-0.04674438877960281,0.9985313517362632
41.507546979,-0.02573187745949813,-0.0471880692530605,0.9985545336147534
41.518777606,-0.02615295659365591,-0.047246412057393626,0.9985408351234883
41.528330728,-0.027531493041281867,-0.04621780630645054,0.9985519171636181
41.538025122,-0.028993870330819377,-0.046276638813528476,0.9985078007623988
41.550280513,-0.02844981016934208,-0.04669580296884409,0.9985039360395248
41.557570515,-0.02760189742651427,-0.04719116781811769,0.9985044461285181
41.570718415,-0.024850560515657743,-0.047558640627318294,0.9985592748273582
41.579012223,-0.025585420645816658,-0.04799967859897685,0.9985196127792241
41.587742001,-0.02596136795098102,-0.047003739754743416,0.9985572872014816
41.601499697,-0.02450028958742019,-0.047809876366846624,0.9985559331013558
41.607936524,-0.02286060113740549,-0.04805945300977191,0.9985828367702091
41.618151063,-0.023405950564014587,-0.04664650388186558,0.998637203970388
41.628626364,-0.023616055437979743,-0.04676392900959343,0.9986267655481382
41.637772223,-0.019875222148035363,-0.04628259671205667,0.9987306427591752
41.650210717,-0.016215681215759056,-0.04538280840510792,0.9988380511293982
41.657902212,-0.013334642681763072,-0.043674543813942396,0.9989568166478437
41.667415788,-0.010616905316785491,-0.04196332878699225,0.9990627409520431
41.678651452,-0.00737350926602163,-0.04067196012352092,0.9991453462939287
41.688904795,-0.0014130155889411477,-0.03678508631877092,0.9993222006997874
41.69774049,0.0005462410375401367,-0.033206941740650614,0.999448348160605
41.707823471,0.004878457309402109,-0.030562328848293966,0.9995209576140208
41.719175981,0.009264253097129126,-0.028455152158445445,0.9995521386752129
41.728353131,0.012820276629103192,-0.024953067304865413,0.9996064150150459
41.738115395,0.014886863278756273,-0.02265394149409253,0.9996325225984306
41.764030768,0.019426779069764154,-0.01881813814172629,0.9996341720508826
41.764374358,0.020445961171921406,-0.019200250901219292,0.9996065791285522
41.770409676,0.021816523522603968,-0.016192836765695794,0.9996308475326617
41.778128202,0.02329077540228761,-0.016270545696849187,0.9995963230844174
41.787990549,0.025564838164761593,-0.014306446162928478,0.9995707902133779
41.798615645,0.026425170679549286,-0.013607709173345561,0.9995581726971225
41.807703824,0.030214463323643,-0.01081794682413427,0.9994848964504539
41.818391326,0.029905006870201093,-0.008900199541999986,0.9995131199800261
41.829901862,0.031062917043043845,-0.006885865272057022,0.9994937118582748
41.839286152,0.03456004884821019,-0.004039907306926175,0.9993944577455695
41.848405428,0.03749488471752708,-0.005686404299220728,0.9992806404740188
41.857789024,0.03740347340262582,-0.008161366685544484,0.9992669174305948
41.868289694,0.034477999894427055,-0.012033083682744732,0.9993330137748699
41.878423423,0.03442387365064704,-0.010285825476960336,0.9993543909530502
41.967685483,0.034865984377337414,-0.007554610905137172,0.9993634428912592
41.968115663,0.03884437080918408,-0.003965997308875713,0.9992374020831009
41.968374103,0.03992601317125778,0.0006819653308341645,0.9992024061197692
41.968777608,0.04016493049985471,0.0011123098826195212,0.9991924444893822
41.969083961,0.03930776919014907,0.0013473920337221288,0.9992262425577111
41.969348632,0.04048248798821853,0.0035818427465059443,0.9991738280043283
41.969603738,0.040836933905749065,0.006128122076672951,0.9991470316970327
41.969864446,0.04175826764759523,0.0025235078577770537,0.9991245562947413
41.970113893,0.04239395202116224,0.00015578028576290884,0.9991009601459355
41.987977921,0.042460115324071665,0.0014551554848273554,0.9990971029530521
41.988270774,0.04442113988691449,0.003691987696024357,0.9990060718323986
42.000831772,0.04515984114588804,0.004393413352129179,0.9989701129997812
42.007639718,0.046573690764093956,0.003840759630594954,0.998907473139565
42.019600473,0.051161024303831855,0.010478635433335208,0.9986354428877627
42.028132693,0.050473608770492215,0.011378844216272,0.9986605713264067
42.037774656,0.0488256544534517,0.0056236322988354424,0.998791484859057
42.048486501,0.04862249795319489,0.005771935073555423,0.9988005493882642
42.057639524,0.05228582198405475,0.008896083314286414,0.9985925357827972
42.067851418,0.052758120359983,0.009962245294397208,0.998557626982427
42.080599949,0.052878111034614136,0.007954365864071188,0.9985692932576644
42.168222096,0.052401572955105655,0.011489942095322022,0.998559991378824
42.168460809,0.05335827035123318,0.011679954855272326,0.9985071224782042
42.169080909,0.05520667348938738,0.014692581739604115,0.998366842019536
42.16948018,0.05319119177730674,0.015837813954966105,0.9984587426461035
42.169738578,0.0523678168923185,0.01392185264659628,0.9985308176380032
42.169992421,0.05663125179794241,0.011808926555163291,0.9983253230152047
42.170245146,0.054042549284378086,0.013928523593873117,0.9984414850642679
42.170501732,0.05623949058821952,0.015757713971967565,0.9982929500646368
42.170763851,0.058238468020331224,0.013803618888619792,0.9982072635220718
42.178830437,0.05780875537809142,0.014242251298375594,0.9982260796430787
42.188351243,0.05895601634325894,0.016432348141625867,0.9981253258341288
42.199891292,0.056661175353843275,0.02004116978271813,0.9981922974664057
42.20759037,0.06018706891143873,0.02193188381182063,0.9979461454448906
42.219438644,0.06039055338005976,0.021888740918873266,0.997934799515197
42.228541311,0.05790814448951622,0.020880699931282574,0.9981035232740947
42.238325653,0.059249335616434924,0.02177170172002062,0.9980057661322532
42.252411958,0.059238155915942475,0.02176979748810433,0.9980064713222081
42.257625607,0.059439127848637766,0.021837489793794383,0.9979930431220949
42.268860283,0.061718746978197285,0.023325801708577194,0.9978209775536359
42.278723544,0.062442718469290726,0.022100878772974113,0.997803817424862
42.295009899,0.06370997867382619,0.023391111372452863,0.9976942891117209
42.299204841,0.06182666195829485,0.023213767598098067,0.9978169094904116
42.307774191,0.06296504861102444,0.0248855564727561,0.997705423325168
42.317899979,0.062068557411338196,0.0260546316229154,0.9977317527030347
42.45984627,0.061846739243827865,0.025671370678853857,0.9977554618103451
42.460113285,0.06302866822060413,0.026016738258722083,0.9976725496437768
42.460375636,0.06443287211199528,0.02534556995704027,0.9976001238346716
42.46063164,0.06510516822316001,0.026513180632721203,0.9975261241307772
42.460896199,0.06555939926070962,0.02666166337592248,0.997492416449671
42.461146184,0.06658861359112597,0.026273649624637917,0.9974345351327142
42.461426017,0.06722519918286526,0.025594384228700338,0.9974094946864993
42.461723104,0.06761459274495617,0.026605892677538153,0.99735670315227
42.46197833,0.06786360872507691,0.02550023949005382,0.9973686722555305
42.462234011,0.06825632058389712,0.02529097407242143,0.9973472019967854
42.462489582,0.068760619223794,0.02599337452981813,0.9972945009998366
42.462744813,0.07007159792803855,0.02589112829244459,0.9972059068414887
42.462998238,0.0705182908366142,0.025512160243045524,0.9971841857637014
42.463253196,0.0710880197386845,0.025464026825206928,0.9971449627749607
42.467853813,0.07190698095983197,0.02585346026595093,0.9970762180904323
42.479001195,0.07147586775975313,0.025658499917077467,0.997112251308746
42.488200531,0.07156737740596256,0.02630988704442332,0.9970887123696378
42.497983876,0.0723869271118818,0.027336856641570127,0.9970019202851403
42.507563747,0.07316676132216152,0.027598538775931703,0.9969377842649256
42.518791241,0.07396257693798758,0.02698102438248833,0.9968959632458966
42.52992467,0.07393935318010039,0.0274186011610972,0.9968857468946365
42.538913048,0.07416528895065648,0.027227220546342225,0.9968742089031024
42.550331996,0.07453950520224051,0.02774629978982036,0.9968319843444926
42.55849615,0.07607531535158042,0.02582676905597466,0.9967675377911778
42.569151081,0.07596744040040614,0.026651175177673653,0.996754063378053
42.580475498,0.07717457677129665,0.025616072891165773,0.9966884676315894
42.588659286,0.0772828721676848,0.02749415088951964,0.9966300363406562
42.598704023,0.0775480708723466,0.027270613131968817,0.9966155780256418
42.608161415,0.07808038635680786,0.02821127629632396,0.9965478298386405
42.617812886,0.07961616178042957,0.026892603361784142,0.9964627713405946
42.629343306,0.0813862796867661,0.02652819822775034,0.9963295279060722
42.637705626,0.08257012175223254,0.026752227182292802,0.9962261256033234
42.647839879,0.08467380764393556,0.02791384374287161,0.9960176522665531
42.659693315,0.08582139642659596,0.02937498362001501,0.9958774012159897
42.667751379,0.08625112565788794,0.029756286227097473,0.9958289545663546
42.679133734,0.08693843802254068,0.03021385202477107,0.9957554072863607
42.688629287,0.0884793231595428,0.030222670459982243,0.9956194049753633
42.700855441,0.08881538688486626,0.03144873769976666,0.9955515074317264
42.707722949,0.08908389541814142,0.03143135448773723,0.995528065667762
42.718549878,0.09012423607681846,0.03182216148800482,0.9954220070451535
42.728151652,0.09119381547891954,0.032066663476442984,0.995316742103681
42.738170687,0.09217460081583098,0.03164487076867001,0.9952398932511078
42.748264077,0.09417548533932986,0.03218319385838514,0.9950352858035616
42.757699504,0.09600360223691569,0.03645050410301405,0.9947133602742914
42.76901148,0.09642061393365438,0.0358059951899939,0.9946964340526768
42.778437171,0.1001843567290687,0.03796103015241503,0.9942444643328674
42.787598608,0.10062031570433887,0.03880559482385474,0.9941678318462763
42.802568984,0.10063470787962957,0.03839534717028742,0.9941823036474019
42.807556897,0.10152650306456734,0.03914841599306024,0.994062256954118
42.818745604,0.10503556105427517,0.03840988614761663,0.9937264269204784
42.829910577,0.10885288444551958,0.03683506569127019,0.9933751695524758
42.837763049,0.1094214745845709,0.039171769993544096,0.9932232948009784
42.848329643,0.11259259058700445,0.04013731762723844,0.992830249478025
42.857804746,0.11306355013675017,0.04036507333708884,0.9927674926612808
42.868131473,0.11495504414638395,0.041712920662157205,0.9924945189144048
42.878830755,0.11710337173163134,0.04261355850982479,0.992205061950509
42.887667874,0.1180468186604352,0.043567771876404725,0.9920518120833588
42.900655221,0.11734839594974117,0.04429115906164278,0.9921026394466447
42.907661236,0.12039743710450979,0.04535295951093992,0.9916892488084484
42.917831763,0.12525036725668096,0.04696366875654722,0.9910129965439364
42.928093925,0.12700330149959158,0.047719565646314986,0.9907537557146736
42.940390552,0.12639317331911756,0.04599696854014769,0.9909132376870541
42.949886399,0.12815638790527945,0.045511586230086575,0.9907091580064722
42.958113537,0.12944063636197675,0.04556659722930073,0.9905396543678346
42.968244775,0.1304170706830591,0.044983809708223195,0.9904382083394121
42.978659792,0.1310174758983685,0.047022019440249335,0.9902642832582529
42.992843001,0.13207089839188177,0.0501397155563817,0.9899713565158773
42.998357958,0.13750368891124776,0.048113694212118675,0.9893320008799177
43.008232751,0.13828401449110816,0.04781433626854518,0.9892377472495788
43.018617421,0.13924759919625002,0.05046616937043199,0.988970814466815
43.0290201,0.13822630454904625,0.05133882172242511,0.9890691654858459
43.038161256,0.13791936056090187,0.04974372263839051,0.989193515971747
43.050979318,0.13997700505924143,0.04788794710444885,0.9889960478064445
43.057883206,0.1410800218506401,0.04914505673178071,0.9887776245614851
43.068154423,0.14088090782821577,0.05168552607737142,0.9886764770154103
43.084353895,0.1431592878169843,0.04785079725449328,0.9885422193886527
43.087534933,0.1438039507575417,0.04763407863605234,0.9884591131144559
43.102401732,0.14316007019911592,0.04770194453231463,0.9885493001304589
43.109498778,0.14283404908109484,0.04749974110038541,0.9886061951143619
43.126228273,0.14349935735026242,0.048320852852672236,0.9884700448772598
43.129205198,0.14458651619144328,0.04733139397911021,0.98835948848565
43.13782181,0.14563509418479129,0.049226266285437,0.988112945998271
43.153734045,0.1524756978685481,0.04790102284151098,0.9871457104046173
43.158195468,0.15441840201184262,0.048539001851766704,0.9868125062134869
43.167916579,0.1563969561423553,0.049253900277650225,0.9864654304215864
43.178573407,0.1580429359790916,0.05224740998122333,0.9860490041257396
43.189502553,0.1598024780745821,0.05467963704461098,0.9856334538224097
43.199390564,0.16134357632827775,0.05470819192474783,0.9853807711305952
43.207859105,0.16345322913958474,0.05568229678499776,0.9849784381947606
43.218792719,0.16420385550316557,0.055048846419485056,0.9848891908970164
43.228999054,0.16381973717337428,0.05715648853157045,0.9848330972967893
43.238346193,0.16273699323987809,0.05856839921756283,0.9849296490837993
43.252984762,0.1646370871847013,0.058404653981811536,0.9846235452783983
43.258136978,0.1674407522953998,0.059097972580295845,0.984109254152022
43.269067158,0.1686959918957772,0.06047689774277817,0.9838110627339527
43.278564045,0.1692698049597158,0.06184452408957667,0.9836274640172638
43.287622247,0.17027841123640056,0.06132384342409105,0.9834859678177951
43.298584556,0.1746009093738036,0.05920982024307494,0.9828574258928013
43.308256333,0.1789541374976507,0.05754039885468831,0.9821733651306755
43.317763385,0.17984116812763923,0.05942619269461797,0.9818990181624118
43.329785371,0.17959007429254364,0.05950115079173952,0.9819404351945477
43.337535867,0.18001192765168034,0.060171081742711574,0.9818223601166548
43.348848784,0.1808256159547548,0.06247557401383035,0.9815288580914093
43.358605238,0.18170840395224797,0.06394846397596494,0.9812709360254392
43.371390713,0.18041689430773686,0.0670942882731199,0.9812991902215524
43.379589049,0.17882451820199927,0.06678265337665217,0.9816118728386474
43.387711353,0.18088462171067682,0.06571045471727058,0.9813067256314076
43.397958677,0.1828899948987372,0.061442844759283965,0.9812115096113715
43.408667706,0.1855705422854941,0.05921005300584577,0.9808454228159056
43.418817087,0.1874819498248727,0.058214232206983255,0.9805414941033426
43.428514593,0.18845194196379153,0.05734618519336275,0.9804066914366937
43.438123554,0.1886384405731204,0.060413843479585005,0.9801865670647428
43.447968093,0.18818404382486972,0.060742242867574486,0.9802536128885913
43.457806859,0.18669426590587998,0.061569436396939646,0.9804868462042864
43.467727239,0.18495723565801822,0.06261145510244652,0.9807500327135853
43.478593232,0.1865268309536515,0.061898782643745355,0.9804979765617114
43.487966608,0.18979977895785144,0.06252172518969851,0.9798301270051124
43.510977001,0.18955176946135088,0.06366483281758019,0.9798045293610255
43.511236906,0.1901099387556002,0.06297837223059398,0.9797407492890794
43.518390837,0.19120795102572297,0.06127150351110317,0.9796353006716498
43.528590632,0.193312787122305,0.05968558942553619,0.9793200685934772
43.537886366,0.19316512160162982,0.059491860524281,0.9793609928560494
43.548391703,0.1922445676278209,0.05916819357919144,0.9795617137710966
43.559028829,0.19258890979486296,0.058993484558647356,0.979504609791937
43.569162397,0.19290830431501663,0.05916557207562915,0.979431376466605
43.580022268,0.19400289445741592,0.059506850582974516,0.9791944708155987
43.587788468,0.1935195505963454,0.0601142099903647,0.9792530139316513
43.648278691,0.19299077058993827,0.06038954894022872,0.9793404233696767
43.648825224,0.19544846385893797,0.05966820812847843,0.978897136022942
43.649187727,0.19512285298657978,0.061596805989222105,0.9788426358380102
43.64945463,0.19481820752081688,0.06334266304921621,0.9787918946620929
43.649698212,0.1956874065537045,0.06313566251574808,0.9786318649190731
43.64993478,0.19516510077950858,0.0588263988727067,0.9790046160429448
43.657850341,0.19504895652723753,0.057526603504321476,0.9791049966407548
43.667733925,0.19592125807225877,0.056376430115603685,0.9789977317454845
43.678648903,0.19748826321291127,0.056573535257767656,0.9786714571303212
43.688127302,0.19697762632877705,0.05765418443427585,0.9787113005085305
43.698001253,0.19633945530638572,0.059866461153910956,0.9787067104699443
43.707483049,0.19592936011580928,0.06291152236786171,0.9785978878977656
43.719073895,0.1953660101905066,0.065472543775484,0.9785425223636479
43.728650055,0.19980293434893967,0.06274423581023579,0.977825111304748
43.738286018,0.20281041277472167,0.06083005839338913,0.9773267828449214
43.748195471,0.20317411943107067,0.06163130671775601,0.9772010331685446
43.758558086,0.19972405623874775,0.06456255025058552,0.9777228536066253
43.768438157,0.19859004237907973,0.06372360110889505,0.9780088433800533
43.778941138,0.1994010793691098,0.06400555236309341,0.9778253928044256
43.787712547,0.19991274062115108,0.062245983713900103,0.9778345124042357
43.81076044,0.20126233791530318,0.06373071897760837,0.9774619515845431
43.82127756,0.20578154580763736,0.06368838099107249,0.9765232949252953
43.829964369,0.20443220737841572,0.06296765825126471,0.9768533905355197
43.838445088,0.20482199430218898,0.06763760634423333,0.9764594742528214
43.849812997,0.20171803732331003,0.07004894966946203,0.9769355035357435
43.858230776,0.20190534560356596,0.07061592514208671,0.9768559886354957
43.869690967,0.2053663369770344,0.06631710141327533,0.9764357171349154
43.87941549,0.2086637061203904,0.06540809424327036,0.9757977449018658
43.887667427,0.2085148714250048,0.06772132152023366,0.9756717537195422
43.897798544,0.21102165677048781,0.067295765928243,0.975162109734566
43.907805547,0.2087199146524495,0.06898295596818652,0.9755395168896878
43.917802096,0.209671490533195,0.07128395721960018,0.9751699664677449
43.927964591,0.21031113807286178,0.07127682001141367,0.975032737979376
43.938434286,0.21280352180470127,0.06872392114026277,0.9746751683359042
43.948009685,0.2120388329075808,0.06704074206980401,0.9749590105445055
43.966939196,0.21300986890858017,0.06653881313927988,0.974781709970784
43.968556672,0.2142015157965208,0.06591743165957543,0.9745627752145462
43.977867006,0.2134214667619874,0.068306241878165,0.9745694099681375
43.988023316,0.212758248384738,0.07044041860522854,0.9745625044967503
43.997730248,0.21369787937616325,0.07214790437246185,0.9742319519728312
44.007777357,0.2148552224378837,0.07291359501900342,0.973920346359276
44.018992742,0.2125421238886165,0.07392127560174327,0.974351831006812
44.028118776,0.21128966807790286,0.07103641467862837,0.9748387066346594
44.03773176,0.21162741849054506,0.07171748619463517,0.9747155677001113
44.048347306,0.21157021290217698,0.06996212556740843,0.9748555513503617
44.057818679,0.21187447379422458,0.068334300523923,0.974904934199395
44.068732611,0.2141183055283634,0.06846108002967166,0.9744056813046778
44.07883481,0.20968008537078664,0.07148562023169559,0.9751533560927684
44.088003329,0.20564471034696566,0.0745986407918489,0.975779327460016
44.098502804,0.20613621581020086,0.07437802617893147,0.9756924565421097
44.107885259,0.20585191106400852,0.07169869030364905,0.9759530155289429
44.120853036,0.20905290635298093,0.06862994688782158,0.9754931126028245
44.128668404,0.21075237170065872,0.07028129754947807,0.9750097317654368
44.146350483,0.21138432380318123,0.07003921476403731,0.9748903405232349
44.148784208,0.20750752230332958,0.07701378906726629,0.9751971618503797
44.161156512,0.20768728449464097,0.07876701315829426,0.9750188457139498
44.168198208,0.205739735550649,0.07946481650739365,0.9753750581970996
44.17916255,0.2046620216759672,0.0765683176136496,0.9758333616050034
44.188363415,0.20329300991149413,0.0734471688202912,0.9763592912004314
44.198118959,0.20524559804967604,0.07208369529372483,0.9760523476504896
44.20903403,0.20749590756546557,0.0695614029100604,0.9757595295813247
44.223579789,0.2076679621849048,0.06851508887891898,0.9757969563786736
44.229107386,0.20388388529962603,0.07040400801392072,0.9764602587769277
44.238988116,0.2005940210274228,0.07176050307339062,0.9770427160194706
44.248093228,0.19950138869983855,0.07394504124713347,0.9771035394377589
44.257792702,0.2021843063524148,0.07177670484122183,0.9767136790825288
44.268450112,0.19844062710093663,0.07323271864259381,0.9773731561875442
44.279999075,0.19821466158928128,0.06982204172799142,0.9776685688002769
44.288605805,0.19800351862218377,0.06866850046678587,0.9777930474578338
44.298492969,0.19829109701831193,0.06869634387687018,0.9777328127772053
44.307814492,0.19855713635359382,0.06712547133312922,0.9777879293084804
44.318258309,0.19840532301780572,0.06681048226912469,0.9778403178725897
44.329963481,0.19704961569197033,0.06758812366094784,0.978060987104403
44.337796951,0.19453253138069015,0.06690374146605778,0.9786117634754162
44.350174702,0.19295785756367706,0.06761712718939844,0.9788744502310235
44.357753691,0.19367939468907108,0.06940367801343503,0.9786068779398
44.367989912,0.19450339875121403,0.06912945710860924,0.9784628485712143
44.381999353,0.19278930213209308,0.07021188427845376,0.9787249747960302
44.387911134,0.1914501451536121,0.07255930749774214,0.9788166267570801
44.406935554,0.19318296678907276,0.06831504792175684,0.9787815872655248
44.40796597,0.19426080897409878,0.06815304519582459,0.9785795320398157
44.417901953,0.19499211530040153,0.06701243741777192,0.9785128554096795
44.429004012,0.1970139604284345,0.06563979757800559,0.9782008568643874
44.437993412,0.19467221714657584,0.06819752366537443,0.9784946732799046
44.448249012,0.19541384429028494,0.06957254952350118,0.9782500139598734
44.457714139,0.19619322066103304,0.06914943091706269,0.9781240086872919
44.468904637,0.19395346144886583,0.07014811193769721,0.9784995131238338
44.479233736,0.19395949422670758,0.07138717957015732,0.9784087004888795
44.488555784,0.19444000898582733,0.07203327435466138,0.9782659609182656
44.502890756,0.19385209207633686,0.07431549407344173,0.9782119268022894
44.507889881,0.1954336482491644,0.07641830163406367,0.9777351033421
44.519240046,0.1966554195355623,0.07648295195889393,0.9774850403085182
44.534427021,0.19620565458914066,0.07876130202009438,0.9773944947723752
44.537882037,0.19434905348658746,0.0770746243694097,0.9778997636195552
44.549126051,0.19362279905588378,0.07479979435761668,0.9782204263098492
44.557898528,0.19192912717825655,0.07648771620069128,0.9784236502716986
44.577872625,0.19171484836919508,0.07648152599562597,0.978466143050518
44.58099011,0.19183036042214377,0.07847801625924468,0.9782853948538351
44.587934841,0.19214578244456013,0.0760952312435719,0.9784117303419635
44.597908086,0.19370015302619664,0.07767864202982079,0.9779807151933165
44.608048148,0.1936406939196576,0.07915869748775092,0.9778738069251861
44.617682686,0.19365912685149625,0.08010245013744884,0.9777933013009925
44.628915829,0.19436619561875035,0.0806637849153915,0.977606841119587
44.638664825,0.1964160561148736,0.08170103645165053,0.9771108808845621
44.648237627,0.19495636037595326,0.08359496207825137,0.9772430096266217
44.658120432,0.19228471916676024,0.08446451439464199,0.9776974647522808
44.669163295,0.18943340572242787,0.08125407058429036,0.9785258099865763
44.680360891,0.19007185743588542,0.07988169151490489,0.9785149995639261
44.689100389,0.19145525982069214,0.0795819744488647,0.9782696933002736
44.699762502,0.19166276374171454,0.08100098115595743,0.9781125835233182
44.707698363,0.19081049091999977,0.08414048056687795,0.97801417989968
44.719098055,0.188251781559275,0.08727148064015161,0.9782356338871707
44.72862779,0.1865320380235936,0.0862492201259487,0.9786556446567047
44.737749703,0.1900425465713507,0.08595916534392063,0.9780055482388903
44.74956819,0.19088659664312005,0.08696722766213086,0.9777520179139341
44.757823943,0.19013635708448767,0.08428061326423579,0.9781333978259023
44.770606435,0.1877092321950554,0.08658080584398052,0.9784012511276495
44.778546218,0.18554633768124262,0.08863423704084883,0.9786299242294122
44.787726565,0.18475489484368796,0.08901133555811955,0.9787454270511089
44.798755845,0.18713911922153673,0.09130533994604145,0.97808091943066
44.808171697,0.18647259324628648,0.09165954453955938,0.9781750865069123
44.822665655,0.18630527443196537,0.0927280942875791,0.9781062545800553
44.83032108,0.18761319091543618,0.0930943875574221,0.9778214180512904
44.838364547,0.1886702543050902,0.09110326692703646,0.9778055685542366
44.848404439,0.18495827610517368,0.09345828734007176,0.9782923819736423
44.858191753,0.18568066903898822,0.09562649430024453,0.9779459405984972
44.868445562,0.1857659526114392,0.09509463495997901,0.9779816057841747
44.878705658,0.18552482063355688,0.09614953791121814,0.9779242339201673
44.88902452,0.185177238408577,0.09395679480234231,0.9782032054158502
44.897550309,0.1849493990636733,0.09727317045636866,0.9779221083989013
44.908429871,0.1861981798938576,0.09970483321093211,0.9774401178786325
44.917622275,0.18701058182207927,0.09727006869178405,0.9775303453209333
44.930245856,0.18448011485990443,0.09635008197333632,0.9781021157962024
44.938187533,0.18251469342275098,0.09786825614725483,0.9783200862312367
44.948052542,0.18309532102705064,0.10018238758130768,0.9779772965854115
44.958039234,0.18327882197266435,0.10191608329242424,0.9777637676773691
44.967906445,0.185119450682068,0.09767653897878771,0.9778497239925442
44.978315654,0.18388554241447652,0.09707171215610474,0.9781427247544279
44.987992071,0.17988166453923207,0.09924577689907005,0.9786689238605134
44.999486055,0.17951170405674188,0.10206285208910153,0.9784470973589134
45.007885365,0.18003067216977642,0.09927711435853229,0.9786383456838086
45.25475,0.18169405850648096,0.09955536648920625,0.9783026107021505
45.255456388,0.1814830360416961,0.09797906526864769,0.9785008995387642
45.255800511,0.17935479246075153,0.10023740298503186,0.9786645602371514
45.256135578,0.17889078800286673,0.10015483867712492,0.9787579344543127
45.256420292,0.18221740363423058,0.09867376782728762,0.9782945902720542
45.256654762,0.17818230068760985,0.10274896904727251,0.9786182693376375
45.256932265,0.17965830723387013,0.10450779969818874,0.9781620583748399
45.257170042,0.17937916891627612,0.10023264597351102,0.9786605797926341
45.257770573,0.18233887376808813,0.0968524464238264,0.9784539533032227
45.25805087,0.1819149848222425,0.09779331497823698,0.9784392703907028
45.258388942,0.18075056130970535,0.10023146904897051,0.9784083437903173
45.25885497,0.1756062457407484,0.10447628677961776,0.978900991907549
45.25925883,0.17715945720528123,0.10549225482607888,0.9785120903159245
45.259635655,0.181293632245142,0.10442366477845257,0.9778692740553825
45.259901838,0.18162385826628039,0.10308003440703141,0.9779505512116221
45.260366162,0.17967506920603807,0.10101047962261092,0.9785263167192877
45.260769212,0.17995530419237749,0.10249450328974989,0.9783204818914998
45.26114776,0.1809505684349313,0.10475297895316887,0.97789759442567
45.261430095,0.17815606471704137,0.10147179337139803,0.9787562984494812
45.261906439,0.17548525833657377,0.10306274785169843,0.9790725172896048
45.26232416,0.17314085540878738,0.10418368565449994,0.9793712288155896
45.262699906,0.17426349955264328,0.10064445353442404,0.9795422026112112
45.263031771,0.17477593975492337,0.09884910696807982,0.9796337197822442
45.263366888,0.17558120982784614,0.09475190340037275,0.9798945430797115
45.263816911,0.17070009912712142,0.09271931692948555,0.9809508674883369
45.272247442,0.1645985024202931,0.09197247497290818,0.9820633364749722
45.278377458,0.16338919533053878,0.08954562669313622,0.9824894664012295
45.288939129,0.16281519425892826,0.08875033858976877,0.9826569034605256
45.299487542,0.16164508075173611,0.0860520360231369,0.9830899831475436
45.307719096,0.16159146292729565,0.08184314375623858,0.9834581327789771
45.318282511,0.15829890854022152,0.07438326557274258,0.984585489105801
45.329843378,0.15416017998992826,0.07395196475675334,0.9852744520254693
45.340277389,0.15419462759805455,0.07363000471339122,0.9852931742510975
45.347990704,0.15224413966503228,0.07014241508336484,0.9858507815810298
45.392150838,0.14740788739459454,0.06725747251575173,0.9867863736010218
45.392406451,0.1467226853575193,0.061350747739564095,0.9872732850397984
45.392752234,0.1444285172091051,0.060330298007203374,0.9876743686859255
45.393122268,0.14212938728257457,0.05824425517884959,0.9881330092701797
45.403496552,0.1418615549240273,0.056355487442673775,0.9882810117925144
45.408368642,0.13976078635633796,0.05336403457585958,0.9887462780768608
45.417956234,0.13705549265743916,0.04879120324925396,0.9893610111672668
45.428560952,0.13467284186690417,0.0475688125887641,0.9897476616453241
45.438626001,0.1330735794489787,0.04657142793641018,0.9900113759713067
45.472168623,0.13068785148268816,0.04486850739941048,0.9904077455869316
45.47243024,0.12929844241427274,0.042168849092991866,0.9907086862218458
45.472713908,0.12801362330875077,0.03941167594281147,0.9909890171171143
45.585813225,0.1237887741340328,0.036045922790946094,0.9916536849367035
45.586162795,0.12240122438443322,0.03627871096711728,0.9918174203953851
45.586602291,0.12108213688343046,0.03376446612356206,0.9920680808065208
45.586837813,0.12249344379447522,0.02813572418598413,0.9920704295824465
45.587072351,0.12055978444269809,0.02807852310970368,0.9923088908777891
45.587355076,0.12116178544138739,0.02690117926134006,0.992268183659541
45.600714112,0.11482170076677341,0.025172285812146665,0.9930671342160192
45.600988722,0.11195971683561896,0.02342447840994238,0.9934366188224141
45.601376775,0.11356211166445075,0.01965714270270003,0.9933364201191238
45.601785727,0.11270875322455955,0.017763492159312704,0.9934692724452385
45.602119103,0.10820296776934121,0.01713081652750959,0.9939812135503406
45.6024884,0.10316396674001356,0.013752114626410891,0.9945692913566995
45.604500772,0.10239086654673749,0.01137240431027432,0.9946792341594409
45.610569009,0.10573676541295297,0.008657669774452492,0.9943564658582368
45.619415869,0.10017921040902437,0.0045173889456195096,0.9949591544374767
45.628527765,0.09886103029443255,0.0028651607736014774,0.995097124678222
45.637796784,0.09938931932505814,0.0004471267899180035,0.9950485230790183
45.648041559,0.0913469562223125,-0.009019649186646272,0.9957782782916431
45.658591565,0.08806138942160525,-0.004072093286588265,0.9961067260838077
45.792555104,0.09096810628912452,-0.0057019079595650255,0.9958374826666203
45.79286903,0.08894931610660618,-0.010113459618133373,0.9959848076646146
45.793483947,0.08930262026909633,-0.01410452623068545,0.9959046662973728
45.793972556,0.08236996434879514,-0.015907249602138934,0.99647486088876
45.794631823,0.08037713830284719,-0.019783070703853635,0.9965681841960294
45.795016479,0.07689016546342231,-0.02358567403816725,0.996760562239083
45.795409849,0.07479275470994166,-0.027564519860753797,0.9968180581669578
45.795683124,0.07812650776009401,-0.025837792660368473,0.9966085777554053
45.796064718,0.07433042167986056,-0.027718248958419695,0.9968483771805888
45.79642404,0.06825198092538168,-0.032858559387933736,0.9971268636310583
45.79668758,0.06658947284257737,-0.03624733630369396,0.9971218444690872
45.79705591,0.06554287815573998,-0.03546200742447717,0.9972194227713819
45.797494919,0.062078177300734644,-0.03785388142313501,0.9973531889778174
45.799312372,0.06181740510077624,-0.04647073694297781,0.9970050546685222
45.807808704,0.06000475257579997,-0.04597989092986262,0.99713854568881
45.818337393,0.05748871745282074,-0.048642178967853195,0.9971604614057304
45.830006441,0.054523807012239266,-0.055960639598151,0.9969431083490462
45.893380053,0.05198624727463297,-0.05532959055232031,0.9971138683739252
45.894094245,0.04914382883609882,-0.057849442920599785,0.9971150014121263
45.89433041,0.04835462704044187,-0.05948764215367787,0.9970571951873051
45.894588521,0.046260845462490326,-0.061722994589102756,0.997020664839024
45.894876381,0.04509603484044282,-0.06503509598746522,0.9968634730651791
45.895148958,0.044240667670026504,-0.06592963382939113,0.9968430401558878
45.898025565,0.04276988549125588,-0.06686502508221127,0.9968449254100762
45.938809904,0.04470377409191031,-0.06739265418356613,0.9967245370432264
45.939499369,0.04320370888929864,-0.06634143376032989,0.9968612008222772
45.939960515,0.04124803706259321,-0.06721423427017663,0.9968855732479815
45.940220174,0.03897142211089361,-0.06804059704137483,0.9969211129336703
45.948084504,0.042296114917669804,-0.0693628518960651,0.9966944534006978
45.957692827,0.04065952083838023,-0.06868092878228182,0.9968097779349863
45.968144021,0.040982786935699525,-0.06949436309522262,0.9967401590549929
45.978322833,0.04273382376565837,-0.07023380365109617,0.9966147867310945
45.988076183,0.04123402475281337,-0.07167069829676044,0.9965756700864914
45.997988295,0.04185563219280181,-0.07213038469544118,0.9965165897552477
46.007616531,0.04216132519056975,-0.07223191350041039,0.9964963488795353
46.020276491,0.042332532361248676,-0.0721853083406214,0.9964924675900233
46.028029991,0.04024567867854942,-0.07147117846511204,0.9966304008992056
46.037718311,0.039440359493949737,-0.07256315315413624,0.9965836878292346
46.049011837,0.03925328349063994,-0.07275814018194272,0.9965768574337196
46.073604915,0.038637899707798365,-0.07457826380981217,0.9964663543107134
46.074348391,0.03904231863038581,-0.07455425912941228,0.9964523871222488
46.079790798,0.03961716986475413,-0.07529865941381064,0.9963737209212165
46.087609582,0.03943834602151267,-0.07638318507917934,0.9962982615162226
46.098949157,0.03899583548990727,-0.07533525124896462,0.9963954660342947
46.195201587,0.03805129458020667,-0.07566287108583133,0.996407160211035
46.195553002,0.03867753187569375,-0.07500265534329838,0.9964329632340848
46.195890715,0.03825995203230737,-0.0738982836432255,0.9965315949557602
46.196155835,0.037805086947310926,-0.07351904245436493,0.9965770044494804
46.197847092,0.03783072093912948,-0.07162883363592529,0.9967136734013349
46.198100942,0.03658127646997377,-0.07187710418739739,0.9967424402048211
46.198336784,0.035593403222349176,-0.07297192380752711,0.9966986545505515
46.198589804,0.03573915426075783,-0.07383526561223042,0.9966298542611983
46.199099487,0.03488295344011468,-0.07321397064752039,0.9967060218847477
46.199496389,0.03529039611751381,-0.07177700675263138,0.996796192430279
46.20780301,0.03491842325236643,-0.07017150845735617,0.9969235994389881
46.217932845,0.03585201251162614,-0.06942111116924515,0.9969429986327673
46.229256816,0.033959154106496324,-0.06844259982127053,0.9970769209956054
46.238539402,0.033232133223306815,-0.0683648294369691,0.9971067522675207
46.252526768,0.03203148402475593,-0.0680784174056927,0.9971656397583644
46.257681363,0.030772939902835642,-0.06666614883948602,0.9973006822261018
46.268387162,0.029839485757803506,-0.06687430806056108,0.9973151116929548
46.278472434,0.02813813684960765,-0.06687406860739029,0.9973645793803423
46.288405725,0.026807502086085656,-0.06671017374899235,0.9974122069386778
46.301608681,0.02527384281918813,-0.0660252633535751,0.9974978182774347
46.307821432,0.024554951008373235,-0.06744046210457776,0.9974210938475773
46.32073733,0.02438451267489888,-0.0673990701994756,0.9974280730347698
46.328444296,0.02416765093282215,-0.06724397173187113,0.9974438194274967
46.337906957,0.022912531017198416,-0.06533343752620363,0.9976003998913572
46.348389866,0.022520039146506913,-0.06323755518590973,0.9977443858278275
46.357961087,0.021911121098218113,-0.06285184729601691,0.997782314968399
46.378392967,0.020400640128151154,-0.0612408705002487,0.9979145101975087
46.378726989,0.021852645130401964,-0.06035296358174685,0.9979378646427368
46.38787495,0.021320755737356062,-0.059332464044327786,0.9980105631130448
46.397837542,0.01965462194678389,-0.058324984573370445,0.9981041488795871
46.408349389,0.01648113217135249,-0.05769591427661246,0.9981981535537602
46.438441343,0.014227243109333636,-0.057818737930717005,0.9982257155060709
46.439230465,0.014916964352881814,-0.058074608023850505,0.9982007934666106
46.439590684,0.01385957578317629,-0.05686304889753687,0.9982857836457388
46.447937795,0.012099483599688592,-0.05651101404075083,0.9983286572009775
46.457743084,0.010132708867663801,-0.05648909507340445,0.9983517968876459
46.468179437,0.009706686851075124,-0.05640387816706978,0.998360847969355
46.478558466,0.009333399289002073,-0.05515198779206449,0.9984343473159847
46.487579166,0.008240402112125756,-0.05385620740674757,0.9985146992892954
46.498231923,0.008769524642125985,-0.05304030990256602,0.9985538648280277
46.510516724,0.006352927276669518,-0.051991767325906574,0.9986273060783718
46.518106629,0.00591361504920976,-0.05130603546300219,0.998665469455172
46.528535925,0.006349888834428901,-0.05035908294905123,0.9987109900648541
46.537546238,0.007297134778793141,-0.04891341296794789,0.9987763662881932
46.549747092,0.006844333364902967,-0.05398500607741709,0.99851828937662
46.557900139,0.006344749606805951,-0.05221841824745176,0.9986155320983954
46.594133641,0.007742137232274103,-0.04843380852730688,0.9987963884108798
46.594670329,0.006539476440504811,-0.04564883600944095,0.9989361436142289
46.595018773,0.006352618757292176,-0.04445913642293369,0.9989910056769539
46.597710544,0.0061080987740028325,-0.04324176297297807,0.9990459654412082
46.608477222,0.004764795991266654,-0.04275130541283271,0.9990743829188398
46.617662177,0.0034205928493995265,-0.04307406379500506,0.9990660261327791
46.628928153,0.004537759500827805,-0.0429089901538511,0.9990686799728482
46.638009615,0.0028658231972615387,-0.03914324794359754,0.9992294997636069
46.647792993,0.0014035675137782947,-0.038523825489688315,0.9992566961836555
46.658321128,0.0014191290775764358,-0.037122213262925016,0.9993097254380762
46.667601079,0.0031281768302636125,-0.0345329906793617,0.9993986627289722
46.678570648,0.0016490290605832216,-0.03330249695228937,0.9994439576083796
46.68828348,0.0042111882298099534,-0.03245228079786626,0.9994644142563104
46.703730532,0.003452715983376169,-0.032378648314606885,0.9994697103392665
46.707796746,0.002895621050018764,-0.03198617563095044,0.999484116905937
46.718587545,0.0027435946073966046,-0.03195900888240756,0.999485414820989
46.729171614,-0.000826132388195277,-0.03014552517565488,0.9995451789774994
46.737827559,-0.003426555418055295,-0.03028994127838224,0.9995352811058344
46.751338673,-0.00430490531587219,-0.030656213974349592,0.9995207173115425
46.758212869,-0.008639767938396783,-0.03005377076926518,0.9995109430479086
46.76911632,-0.009354736689767862,-0.02712528050112439,0.9995882692685026
46.803479614,-0.012199584675859855,-0.026950351325013146,0.9995623285704575
46.803911637,-0.01256198694650114,-0.024995023926874936,0.9996086460524695
46.8041913,-0.013309346561503493,-0.025064862804825356,0.9995972258598367
46.807700491,-0.016128416063058905,-0.023831171386275028,0.9995858889888628
46.817936171,-0.016936419363108145,-0.021053819880541797,0.9996348805276829
46.831316305,-0.018716012470025575,-0.023892906726864335,0.9995393138268066
46.839457434,-0.01731732150962726,-0.02280338637123211,0.9995899739121721
46.851388236,-0.018671844184269714,-0.02298144111167821,0.9995615116635839
46.858548787,-0.02021277254405806,-0.023963220701119555,0.9995084831454467
46.867682465,-0.023068883742035827,-0.023677907871846766,0.9994534422781829
46.878451791,-0.023439853006424677,-0.02375608811163781,0.9994429556351225
46.887647663,-0.0240201358285501,-0.025659996476076277,0.9993821079325095
46.914397652,-0.026562832855365266,-0.025388526596843743,0.9993246912930449
46.914944676,-0.027583438663022132,-0.024111712939442236,0.9993286642594864
46.917777299,-0.028209231148135058,-0.024253044196150965,0.9993077749748825
46.927818729,-0.028521473947763526,-0.023720578416711977,0.9993116929584203
46.938053018,-0.029653836229320996,-0.022385068325273358,0.9993095409896563
46.950675089,-0.03080354767469447,-0.022858453438461355,0.9992640454639878
46.957740831,-0.031349670683207945,-0.021368217588648642,0.9992800395410381
46.967921778,-0.03335049421688031,-0.02124856728675173,0.9992178155556227
47.005291226,-0.03419347004086296,-0.01823410991388992,0.9992488798303518
47.005555936,-0.034748397412616455,-0.017750917932856016,0.9992384369057246
47.006008585,-0.03528358970471085,-0.01867749673123237,0.9992027919363539
47.007809649,-0.03601035698363516,-0.018049609490850015,0.9991884035491699
47.018171684,-0.035855013680494104,-0.01769012504225987,0.9992004190701488
47.02787208,-0.03602334248168283,-0.017849840545951477,0.9991915241778884
47.038321411,-0.03714054130250934,-0.018637683191389934,0.9991362354338942
47.05108329,-0.03801622836814655,-0.0198924866732193,0.9990791036522667
47.057776844,-0.03812267327735347,-0.019934914314311675,0.9990742019357068
47.067900885,-0.03839178501623166,-0.01937116626288118,0.9990749865555054
47.080598091,-0.039748968254598525,-0.019711082694631853,0.9990152615159091
47.088061717,-0.040574336141817435,-0.019921562810309094,0.9989779049517791
47.098643466,-0.03979931146501796,-0.017688696588596658,0.9990511122159402
47.107950398,-0.04217683882034967,-0.015280998597187503,0.9989932959479735
47.117800458,-0.044142402087592965,-0.011758445191986003,0.9989560487351806
47.129666397,-0.04281248778297622,-0.010621024426790644,0.9990266686780479
47.137894195,-0.04140713735819952,-0.010642003632215976,0.9990856803770591
47.147982704,-0.039204971120258204,-0.009820695783735869,0.999182928283797
47.158633707,-0.03943673941969398,-0.009866942921631231,0.9991733518370697
47.167577996,-0.040058373019968604,-0.010724250979631424,0.9991397886141453
47.178946059,-0.03996252352710163,-0.009767526996918817,0.9991534377310175
47.18764618,-0.041757226646585016,-0.009058026552710133,0.9990867260542281
47.199556821,-0.043833612919848476,-0.0036312584043334374,0.9990322458963944
47.207716241,-0.041802294489011425,-0.00019279107413597055,0.9991258834636683
47.219047268,-0.04459448773449674,-0.004345555926949354,0.998995719614145
47.228298741,-0.047080172662465086,-0.006408558775823937,0.9988705560364113
47.238222154,-0.04779879215007254,-0.0023941101353399346,0.9988541153269851
47.249048989,-0.047870091827351406,-0.0012475541071040926,0.9988527909142523
47.25807892,-0.04800961486552056,-0.0016840989925148327,0.998845453857126
47.267936746,-0.048018225400915326,-0.0011388387529199092,0.9988458104610751
47.27946828,-0.048640667050190774,0.003646929818946785,0.9988096842801477
47.287916099,-0.049538807505719526,0.006025843781401365,0.9987540216477897
47.302915338,-0.04944634272507233,0.008253570768254864,0.9987426784516061
47.308455045,-0.04709605952052976,0.011626070512167385,0.9988227048190709
47.318673208,-0.04830749703010454,0.009651598082018964,0.9987858791478531
47.330270523,-0.04831970870922105,0.009511418371373852,0.9987866332059219
47.338231946,-0.048753503536695546,0.008602363410257318,0.9987737958299945
47.354312002,-0.04967080341204628,0.014330459520902429,0.9986628305981562
47.358563608,-0.05210769116699386,0.009634435428240202,0.9985949960695899
47.368728932,-0.05222478810282318,0.010597832493747475,0.9985791192760091
47.37891273,-0.05064059293284727,0.011753374837448588,0.9986477800142252
47.388271972,-0.051435917414858374,0.011184549831905706,0.9986136651602308
47.399275495,-0.05307916217567573,0.011553592325523453,0.9985234684508442
47.40817776,-0.05347931759887756,0.014931929365640669,0.9984573100912117
47.448711164,-0.053346221967582125,0.017932968019419376,0.9984150385785463
47.449018785,-0.05227906367607023,0.018940123175775984,0.9984528888411511
47.449298578,-0.05242321048284769,0.018556810514319032,0.9984525285591732
47.449681915,-0.05504856187550387,0.01726669155397264,0.9983343714398593
47.463160966,-0.05548124503349601,0.016546298150966168,0.9983226189298892
47.46868074,-0.05379408115044648,0.017834757956151893,0.9983927675227946
47.479395737,-0.053187417112356444,0.015013693368696283,0.9984716759489711
47.488118032,-0.0524048511409128,0.014776973411080554,0.9985165860583926
47.501732791,-0.052832158859343864,0.014796521821990755,0.9984937786146854
47.507855072,-0.05357134397081829,0.015918624150276606,0.9984371329784978
47.518868264,-0.05336705768723237,0.015407998111757859,0.9984560835349724
47.528373926,-0.05218202945191105,0.015660928669419302,0.9985147826224163
47.537871243,-0.04841662520333848,0.01408872836281313,0.9987278598983
47.58623215,-0.04740095147560884,0.013510145634230338,0.9987845742522004
47.586541731,-0.04812232039078099,0.012968505038912486,0.9987572578746363
47.586793341,-0.04991023534433061,0.01573458809253512,0.9986297567894881
47.58704146,-0.04939034640117133,0.016779204079429143,0.9986385992904707
47.587774406,-0.04906227593072455,0.017029264427213864,0.9986505380930636
47.598295648,-0.049154883216257585,0.01868076720186867,0.9986164560995107
47.607922643,-0.048315884243698,0.021349089718924973,0.9986039213311366
47.621212168,-0.047868757140485746,0.022243662148325533,0.9986059290751564
47.629233815,-0.04772338422875269,0.02002590750248857,0.9986598227757321
47.638137323,-0.04808922941791478,0.020863778877572053,0.9986251192238953
47.64992459,-0.04906992620547481,0.018362057210454058,0.998626545409839
47.659030078,-0.049306154250086665,0.01934511673773046,0.9985963496886368
47.668059991,-0.04972079402741446,0.020176797866078563,0.9985593319723947
47.679245678,-0.04907244360658027,0.021848694666342604,0.9985562226634291
47.688692748,-0.048726667534555464,0.022584275982743283,0.9985567897467386
47.703002676,-0.047779239579669286,0.021570532929868387,0.9986249828510751
47.707761602,-0.04776141637258613,0.02129998118722643,0.9986316427529764
47.757302109,-0.04656582420278445,0.021152435801381833,0.9986912428153076
47.757913633,-0.045549498442453325,0.022877933195058875,0.9987000767819953
47.765484691,-0.0454507110378655,0.02418243084467133,0.9986738421049163
47.769476968,-0.043924389836648564,0.02330697468242095,0.9987629513095845
47.770124308,-0.043722687511590655,0.024892465231177278,0.9987335439302509
47.770470702,-0.04407004383086853,0.02661923998431972,0.9986737441724413
47.778996417,-0.04208562047252045,0.027245098496772004,0.9987424618776075
47.787893886,-0.04346590139783363,0.025631807029252007,0.9987260514696155
47.798671603,-0.043625027209124284,0.02682420671665377,0.9986877985311654
47.808434747,-0.04286139629988368,0.027849258138505178,0.9986928053852993
47.818149601,-0.04273414154207944,0.029110224583999998,0.9986622992640358
47.829872834,-0.04372954831809926,0.03008040064428267,0.9985904546414284
47.837964061,-0.043791076844895215,0.02812929443713669,0.9986446236691177
47.847911033,-0.0432419289783815,0.026807761637994292,0.9987049011065227
47.858459873,-0.04409152976380644,0.02553360734647967,0.9987011424339932
47.867763439,-0.04417601217729764,0.024058968474149477,0.9987340216414334
47.878524065,-0.045301869918049034,0.02463553221416067,0.9986695304926717
47.889336032,-0.04414388539547534,0.02619548466575866,0.9986816880094065
47.900509095,-0.04195862945556027,0.021762411786289525,0.9988823108091638
47.908353386,-0.04129104461294494,0.0173844560533458,0.9989959110639548
47.919052769,-0.04035910064183546,0.016957754130134783,0.9990413292603284
47.927866537,-0.03964964144893168,0.02032124967274881,0.9990069833313023
47.93900157,-0.04001951393724557,0.02576861516615771,0.9988665661521788
47.947899007,-0.04012583002894484,0.02472086134492402,0.9988887809855778
47.966292543,-0.04117698534915954,0.02281214453892239,0.9988914164908469
47.967942722,-0.041135550535944365,0.021499498281522054,0.998922238242671
47.97838082,-0.04224995871958803,0.023667834051426338,0.9988266989921261
47.988105085,-0.043041557539621654,0.025436368718383427,0.9987494257675374
47.998239313,-0.042662413366711116,0.02613208423185283,0.9987477322424453
48.028896547,-0.04226535791634695,0.02687235062467068,0.9987449705966523
48.029434573,-0.04282295021289192,0.02672386690306626,0.9987252023819222
48.029665304,-0.04222496830090003,0.02635635650568348,0.9987604289937269
48.037935025,-0.04222331399068205,0.02525403626170784,0.9987889794186441
48.050324917,-0.042047650798844705,0.026917391539278475,0.9987529469768887
48.091945482,-0.04145437555568102,0.026802044606020904,0.9987808494120348
48.092180493,-0.04051102928654371,0.024852430631507664,0.9988699681128925
48.092421705,-0.04054041292524552,0.024056825921637024,0.9988882540336665
48.092675174,-0.039700103965936685,0.02122084748447599,0.9989862748692468
48.098741353,-0.03877981345767118,0.02539775699410267,0.9989249621507398
48.220611956,-0.039004737920900034,0.026017682561838434,0.9989002505825261
48.221589109,-0.040053301665976836,0.026261981835997577,0.9988523621315114
48.222285859,-0.040917816033537016,0.024596448532416257,0.998859723409968
48.22267589,-0.04121104476529151,0.022295384736272524,0.9989016796506126
48.223020704,-0.04076842919150384,0.019650473119332715,0.998975372112568
48.223279055,-0.039812782766499945,0.018815208515496763,0.9990299946732861
48.22353447,-0.039705158198446756,0.017777072038163193,0.999053289931116
48.223792455,-0.038315809908767325,0.01836277014972491,0.9990969459384127
48.224094293,-0.03645918523721685,0.02006929636597845,0.9991336002533459
48.224383661,-0.03738703202555945,0.02126518408031779,0.9990745726833158
48.224679133,-0.0371126463317788,0.02269892533273961,0.9990532569743171
48.224971532,-0.03824229883826017,0.02487101833009802,0.9989589376079424
48.228370769,-0.037362662033295725,0.026666187367787374,0.9989459174234869
48.239118963,-0.035413333384856575,0.027509646192395917,0.9989940516264061
48.248070806,-0.034706667889130675,0.03011304881108624,0.9989437679345794
48.257921777,-0.03541809157294593,0.028477719406009624,0.9989667553461241
48.268618933,-0.036217025827910185,0.020892620897341344,0.9991255303675411
48.278938014,-0.03715888798117474,0.02028645159625652,0.9991034365498077
48.287651768,-0.03703499363372392,0.02094673082629813,0.9990944118121372
48.300990256,-0.0371793872693006,0.020571539020291223,0.9990968446274946
48.307719498,-0.0367368746195476,0.0195236639318522,0.9991342395243312
48.322544274,-0.03662372662177432,0.019159424363527397,0.9991454444205767
48.330865612,-0.03636917225141747,0.01936514094840151,0.9991507767228105
48.337835296,-0.03559326688550067,0.01796658307760652,0.999204844486321
48.350896038,-0.034652943180505665,0.01721210379798275,0.9992511781387982
48.35765452,-0.03427120853571029,0.01811604578151364,0.9992483640971067
48.367896011,-0.03367237017674441,0.020518858352986974,0.9992222715385053
48.37899048,-0.03359510331576371,0.022914871100290533,0.9991727967252012
48.387659431,-0.03368581732139283,0.023885212643567872,0.999147017374501
48.420093371,-0.03592292084638904,0.023192079396767196,0.99908541737487
48.420374651,-0.036034830064972816,0.025158222557039308,0.9990338106690679
48.428403879,-0.036655942843199334,0.026977692692089144,0.9989637360541609
48.428706921,-0.034610733164043096,0.029135246427781286,0.9989760930900399
48.440448145,-0.030928229881655746,0.029772498158256763,0.9990780965218906
48.448075515,-0.029921779240027358,0.029004886883195427,0.999131324533469
48.458030307,-0.02971881142535248,0.02550096451776358,0.999232952347013
48.469123458,-0.028806952273046384,0.024673902411755252,0.9992804201226569
48.478974404,-0.02768028986140699,0.0259940849579807,0.999278794481493
48.488127831,-0.02772203290439773,0.02874797493349779,0.9992022031745479
48.498060341,-0.028555355901968095,0.026314166590262103,0.9992457937294367
48.507735097,-0.02773977785164938,0.028904551379585513,0.9991971935680595
48.537174857,-0.022583548685443485,0.029880937863247373,0.9992983102563443
48.537453743,-0.01959227140552106,0.033593858409768945,0.999243511651848
48.538035498,-0.021075597127408866,0.03281060835620182,0.9992393523000478
48.550023722,-0.020215498905098796,0.03066448837114423,0.999325283757473
48.557776209,-0.01707429262573231,0.035189605327110934,0.9992347873289106
48.568078976,-0.0162782693263662,0.03136677628406925,0.9993753765694269
48.580212063,-0.015142653268782384,0.03189532821897065,0.9993764996685611
48.587931576,-0.009738000529918354,0.0327145831063,0.9994172939257456
48.598355101,-0.006207368315464108,0.03906480818341611,0.9992173984374917
48.608192982,-0.004456985176179555,0.0395315089524563,0.9992083842137641
48.618429352,0.0006510473418241037,0.044156821036702515,0.9990243997487205
48.628697771,0.005313236758646562,0.03779926216900761,0.9992712270923371
48.637732809,0.01103061901116441,0.037558629771933194,0.9992335436592816
48.648089165,0.01800237755164972,0.03667709173110789,0.9991650040632107
48.658349768,0.022812732419452794,0.04175507387100148,0.9988674051372314
48.667680514,0.024872079509474274,0.04254330072550172,0.9987849854819876
48.678169853,0.02447558688517815,0.0454172689547953,0.9986682218471328
48.690218494,0.02800196855229475,0.048987649425467156,0.9984067808067831
48.698791403,0.02956626321716804,0.04457436845272389,0.9985684562194093
48.708356794,0.033013459816834914,0.04722349162818731,0.9983386466071343
48.719746394,0.0344598870287203,0.04851566592659532,0.9982278028314313
48.749872714,0.039077822553861476,0.05035806489928179,0.9979664268321097
48.750283983,0.043494200850099515,0.04991515238386264,0.9978059591197616
48.750544658,0.04731567927965429,0.04264404079517821,0.9979692942565739
48.758277404,0.05055313125483442,0.04638398793193066,0.9976436771632756
48.76838295,0.05627219405315048,0.048190378086431326,0.997251787482144
48.780160866,0.060680803741512995,0.05145145404273416,0.9968302703741357
48.787901885,0.06473795089902999,0.051581694100469797,0.9965682749049963
48.798680878,0.06996259305350817,0.04894930165505241,0.9963479319197245
48.818160128,0.06953668324328019,0.05172171564020269,0.996237679379152
48.818485493,0.06914572334954155,0.058314690007468035,0.9959007309324568
48.829483197,0.07068598676241893,0.05926694562260014,0.995736370949656
48.838438517,0.07140528065148088,0.04891717999400676,0.9962471557783829
48.848213622,0.07514325316121076,0.04533961938770816,0.9961414610476407
48.858613283,0.07636864579722533,0.048139643833833186,0.9959168663250211
48.869489679,0.07771973089591361,0.05270693226814981,0.9955810477908604
48.87988555,0.08016612375151888,0.05471795432304572,0.995278522865513
48.887776737,0.08085114905382093,0.060748194175004086,0.9948732324277062
48.8977613,0.08510031114857988,0.061237237800049076,0.9944887821132199
48.908645246,0.08962436610912655,0.061359085053088194,0.9940837669336449
48.918255942,0.09495471852142584,0.061081120619165506,0.9936059068536297
48.927884336,0.101407160565914,0.06149520583246227,0.9929425599930655
48.937780104,0.10448996193726155,0.05977103668732054,0.9927281959467418
48.948255633,0.10585371628477186,0.06195350212665921,0.9924498749674692
48.958315215,0.10969023243937288,0.0656107670993968,0.9917980037023796
48.968166029,0.11329473708413944,0.0665371306799563,0.9913309804449341
48.979052831,0.11468671814777266,0.06681999551854449,0.9911518778065223
48.989682639,0.1155404221991308,0.06983491130632313,0.9908448395187234
48.997766125,0.11602377414712362,0.07306365184702349,0.9905554939585336
49.00788569,0.11806701472550345,0.07265939379397403,0.9903437749222741
49.018197811,0.12052230829976575,0.07291976510159039,0.9900288283982568
49.02825641,0.12357790214803932,0.0734745017334594,0.9896110345462552
49.037817764,0.12689309317034916,0.07405562222224488,0.9891480716874178
49.052232133,0.13062341252292278,0.07652053523306611,0.9884746490368438
49.05757526,0.13368850451567169,0.07777751918861832,0.9879666195116247
49.068093011,0.1363429071637721,0.07957155029557744,0.9874608751994629
49.081241745,0.14016568621458877,0.0806925258491746,0.9868344829200457
49.087924206,0.14391453866173895,0.08193200753074409,0.9861925530563294
49.098518233,0.14721585862665348,0.083635836080204,0.9855620416249719
49.10897836,0.14998298158367765,0.0843264721919498,0.9850858598736105
49.119153021,0.15361761088910972,0.08427446451081,0.9845300626472199
49.129780115,0.1547870250993706,0.08417680452785571,0.9843552419936442
49.139273854,0.1563834069504526,0.08405493863608438,0.9841133051236799
49.148519251,0.15793873437345726,0.0843212450057706,0.9838421030964204
49.1597628,0.1566809222110992,0.08559406193032361,0.9839333032158976
49.169512471,0.1539607939144564,0.08668246783923836,0.9842673537746387
49.179671935,0.15533695065784267,0.08576034558334004,0.9841318991302684
49.190669155,0.15419190616663694,0.08559477075774898,0.9843263642164766
49.198138268,0.15405609906454254,0.0858356452828124,0.9843266532711075
49.208474886,0.1547491552303753,0.0860928971628398,0.9841954643329719
49.219094917,0.15587277124814428,0.08640668200849343,0.9839906323170494
49.228812,0.15742634790204466,0.08540783036784699,0.9838304973409198
49.237967021,0.15769010051613364,0.08487903650160894,0.9838340212463534
49.253640424,0.15786484448565988,0.08526150940534412,0.9837729239460908
49.258643309,0.15841647889091473,0.08550238317566006,0.9836633375739318
49.268318531,0.15770385394636305,0.08609623284860271,0.983726045776843
49.279195388,0.1574631624594765,0.08499235389039217,0.983860585778509
49.288241609,0.15751416668679524,0.08605656315071779,0.9837599073105445
49.319859758,0.1563384076038458,0.08350067305947904,0.984167638111774
49.320543346,0.15718323503550963,0.08522301490113049,0.9838853939127937
49.321122968,0.15801964134941118,0.08583187569544871,0.983698471109112
49.330391271,0.15845682859040972,0.08574086101882573,0.9836360801764138
49.337812475,0.15828887241914802,0.08550403870031305,0.983683735879683
49.349154614,0.15912922331298474,0.08541211215488932,0.9835561302666194
49.358021818,0.1589364155835146,0.08577412357346452,0.9835558019383894
49.370371653,0.15783264112044776,0.08571425935311866,0.9837387474022209
49.378377185,0.1604995509075775,0.08572779346450472,0.983305974550228
49.387821669,0.1583203764070023,0.08596251589590312,0.9836387061696951
49.458713529,0.1609262231652249,0.08586177650920054,0.9832245450722131
49.459086808,0.1615603195656733,0.0852527111324853,0.9831735545601288
49.459344818,0.1610820616849385,0.08447541571533343,0.9833191107382443
49.459598714,0.16115689235691574,0.08397533971314117,0.9833496826490178
49.459942223,0.16139753702837112,0.0838817463012472,0.9833182026580352
49.460201145,0.16158110991741936,0.08425637266058167,0.9832560239245606
49.460532327,0.1598064933906297,0.08460254286549582,0.9835162908721353
49.531426136,0.16111548851319332,0.08583777423339892,0.9831956447603963
49.531864621,0.16159758803027155,0.08528810402585461,0.9831643600408193
49.532218862,0.16160903994425904,0.08444145526082683,0.9832355561317586
49.532718458,0.16256012697530745,0.08534417328416881,0.9830008022398627
49.532962794,0.15994005038895373,0.08600596159049712,0.9833728463062588
49.533230888,0.1613150431185226,0.08591664311469493,0.9831560340554144
49.533455418,0.1614062857905251,0.08550950951405606,0.983176553163252
49.566266441,0.16248663417062337,0.0855553421150206,0.9829945967051315
49.56652572,0.16336305524722783,0.08512348684233408,0.9828868216473828
49.566783541,0.16353421760887527,0.08511588193203,0.9828590164993074
49.568056038,0.1623026970168635,0.0844580967770417,0.983119862697246
49.581533785,0.15993372986494242,0.08395279211291072,0.9835512852657629
49.587673321,0.15910425087443383,0.08356646536498226,0.9837187012658083
49.64729533,0.1622258200049863,0.08467593526911739,0.9831138129992938
49.647868898,0.16050784834804582,0.08387364150955501,0.9834645102283089
49.648181737,0.16029195997221682,0.0815503717846396,0.9836950871230639
49.648539736,0.1599171437642071,0.08107110686061476,0.9837957017403017
49.648800492,0.15956768022887838,0.08153566705766384,0.9838140527680199
49.649056648,0.160066213231858,0.08156109052654469,0.983730957067904
49.659438825,0.16105274532298544,0.08323337173511443,0.9834298241631346
49.667706691,0.16058232628983754,0.08304733240017044,0.9835224741024274
49.678619276,0.16032245303884468,0.08360756006787579,0.9835174055150748
49.688006222,0.15994988077764452,0.08454050950101186,0.9834983161615106
49.699485255,0.16220518056583424,0.08214967126257029,0.9833315366187829
49.707976468,0.16073916716505873,0.08262818916396047,0.9835321563093745
49.718821179,0.16055765072265732,0.08268500775347039,0.9835570295042528
49.728377179,0.1604389352437946,0.08281019147527001,0.9835658698052036
49.738662006,0.15946006396373938,0.08359876314725785,0.983658342515799
49.75150347,0.1596979865252594,0.08276648716108215,0.983690124837488
49.757714752,0.15942828194450612,0.08280117505557097,0.9837309532212758
49.768176461,0.16052471258677015,0.08207649297011632,0.9836133721898364
49.778662846,0.16097290317052654,0.0833469221591008,0.983433279389841
49.787716337,0.16121594420491978,0.08432031007248347,0.9833104823215283
49.800808116,0.16072059472544525,0.08517315641100094,0.9833180685099234
49.809071156,0.16176153427412363,0.08560215208195229,0.983110104509266
49.818122055,0.16126950117342154,0.08642472721377713,0.9831189727175954
49.829661045,0.1627934994043115,0.08634609678254634,0.9828746756947793
49.837705678,0.16358927378834714,0.08621404742676309,0.9827541338135888
49.851240911,0.16491182364149867,0.08609623232217513,0.9825433981271063
49.857751959,0.1648062689074185,0.08666153877001732,0.9825114103290754
49.86767722,0.1653197598769539,0.08707909292129917,0.9823882168319356
49.878338094,0.1656454710090687,0.08705177944965653,0.9823357703091302
49.887904181,0.16515078954482504,0.08676128726720982,0.9824447545508388
49.897821152,0.16527644257337848,0.0871263544397932,0.9823913150533856
49.908085405,0.1643745732391767,0.08725960045175196,0.9825307943273022
49.917755741,0.1641161146268661,0.08741160514436283,0.982560487810225
49.927900659,0.16274037800960708,0.08820961864732166,0.9827179822021088
49.938769307,0.16131533572696902,0.08881826961814702,0.9828981012502432
49.949826981,0.16097787772115488,0.08749023981250577,0.9830725206320962
49.958024722,0.16143995245501344,0.08838224766313277,0.982916944634355
49.968441909,0.1619682293644301,0.08905813683411469,0.9827690170839675
49.978975928,0.16155108718539068,0.09013836130618266,0.9827391933011802
49.988510807,0.16232975607493905,0.09085468311422468,0.9825448981338536
49.998339218,0.16351444630776776,0.09174523156700023,0.9822656658630504
50.008462644,0.16269495913185172,0.09230434877085368,0.9823493561208629
50.019424227,0.16157940766373122,0.09436027080734063,0.9823381466237598
50.028719569,0.16361964733031004,0.09606340765831228,0.981835237051807
50.038562441,0.16360486990910186,0.09799355589494436,0.9816469373176339
50.049426386,0.1660557157835135,0.09857508069313052,0.981177075110282
50.058373887,0.16696416237214587,0.09922466090394508,0.9809574074096514
50.068244819,0.16564797587348717,0.10028863442066546,0.9810723408062499
50.079596679,0.16637513460188155,0.10155694729190848,0.9808187911347103
50.088122805,0.16402462469862986,0.10184131927177262,0.9811851345090071
50.098158488,0.16416997210793602,0.10288535338040239,0.9810518968524903
50.108069276,0.1637759010964662,0.10366104390033629,0.9810361064698553
50.118067038,0.16270203168200761,0.10309427143762558,0.9812744876349798
50.129822557,0.16246848435114278,0.10460837931463103,0.981152933323755
50.138183927,0.1656482786996472,0.10539315472326621,0.9805370623802661
50.148413219,0.16521175634315,0.1063324411551587,0.9805093000701198
50.158507664,0.16593270515645703,0.10713795605322707,0.9802998499093005
50.168536082,0.16713008187337672,0.10679519038092916,0.9801338291501317
50.178315781,0.16752894660654646,0.10678311240785486,0.9800670481928226
50.18963132,0.168673471262153,0.1073909304773516,0.9798042907354428
50.198749147,0.1679525047666299,0.10773531441048684,0.9798903296652584
50.208013913,0.16660917572955888,0.10835559275132914,0.9800512476815818
50.218749434,0.1635216839649528,0.10998709278590722,0.9803894625574933
50.25922572,0.16355856595930307,0.10997666828299393,0.9803844796480149
50.259512097,0.16426364424326445,0.11066667506075677,0.980188931895744
50.259780236,0.1659458979504096,0.11077376228001351,0.9798934291767465
50.260099842,0.16580387841210778,0.11014204390455475,0.9799886754794824
50.268078349,0.1674939956397313,0.11140312989238808,0.9795586271759428
50.279157321,0.1690502550979109,0.11200728779165221,0.9792223336571166
50.288146938,0.16910602886907558,0.11266375200273356,0.9791373907602539
50.299497045,0.17004693437585958,0.11319321387967574,0.9789133447047099
50.307715519,0.16980109693383177,0.11359165049124144,0.9789098653189389
50.318137198,0.17037346826208327,0.11390404036456851,0.9787741061659609
50.329914974,0.168143606809663,0.10942897362922505,0.9796698562370345
50.337681229,0.17060677254064857,0.11110854985117279,0.9790547580770101
50.349099128,0.17144283584523853,0.11619380789599795,0.978318124662919
50.385890493,0.1711951557854336,0.11782308751637836,0.9781666211253117
50.386380818,0.17044948147284533,0.11859016261527139,0.9782041441317461
50.386638515,0.17033707762303393,0.1203493513650139,0.9780088515002637
50.387832097,0.1691100190698969,0.12168200563308258,0.9780568955614442
50.398040493,0.16770462766954067,0.12350686040535314,0.9780701474286154
50.408208081,0.16835772333600058,0.12305446571647738,0.9780149668897461
50.437512513,0.16827962214953043,0.12333129988284879,0.9779935374216019
50.437771447,0.17106631774580783,0.12434764851870116,0.9773811831832859
50.438968786,0.17299923256713245,0.12210370902941992,0.9773238714839836
50.447838117,0.17251726245716906,0.12259708811460009,0.9773473016999152
50.458058177,0.1713112929769301,0.1238049589287118,0.9774071685041156
50.476541281,0.17031872135514142,0.12591807875796937,0.9773106827400648
50.478717407,0.17114277010491355,0.1256538902894528,0.9772007225211937
50.487951881,0.17114880194856708,0.12543105757188502,0.9772282933828557
50.498114621,0.17123264896398874,0.12391708032547111,0.9774067408875315
50.50798894,0.17189038272831395,0.12234935075624576,0.9774887890380323
50.518394637,0.17284107646710775,0.12237348580854748,0.9773181121092338
50.587866614,0.17617571991702963,0.12141815220711527,0.9768417210717026
50.588208465,0.1786100476888138,0.12040119227421757,0.9765254752250688
50.588638333,0.17716464415163666,0.12293806801228277,0.9764726930621416
50.588893731,0.17745651242872726,0.12547813754412035,0.9760965235032302
50.58915668,0.17720206613538023,0.12622057142665802,0.9760470250485271
50.589434651,0.1757469892230006,0.12421235967241762,0.9765676041542953
50.589691664,0.17535889632951693,0.1241337840798464,0.9766473576107764
50.597897146,0.17490241422356856,0.12435901707439456,0.9767005581912288
50.607905202,0.1738846355611527,0.12350045649170545,0.9769911825406131
50.619371457,0.1746743192866898,0.12347442406632585,0.9768535963916092
50.629164575,0.17583878629784605,0.12165271962528483,0.9768732451250123
50.688302787,0.17727816197838933,0.12233042429470548,0.976528402340373
50.689332272,0.17757872361144247,0.12365330728674336,0.9763071527534668
50.689759598,0.17990620424899756,0.1221586324785734,0.9760691707987109
50.690101289,0.17816883641108494,0.12481064134334696,0.9760523395491569
50.690356833,0.17651355624592566,0.12543129722252075,0.9762735037572678
50.690612591,0.17587460087237422,0.1237254560330611,0.9766064387957895
50.697793976,0.17656073636396877,0.12210892651680849,0.9766860889966262
50.707851711,0.17776063412292,0.11983411359399654,0.9767501943564478
50.718976718,0.17928220487237612,0.11799328150335697,0.9766962048335035
50.728695947,0.1806737402623295,0.11664491292706207,0.9766017427118685
50.750887608,0.17888915655322457,0.11531613101688448,0.9770879487512742
50.751240924,0.17899186789862387,0.11602946160666795,0.9769846852768106
50.757848546,0.179862535549017,0.1169792290076505,0.9767114867178815
50.76904691,0.18078914642682467,0.11848359622402234,0.9763590128431667
50.77855969,0.17927262330434623,0.11883845156327576,0.9765954889121806
50.787817969,0.18079915894682297,0.11987930152144952,0.976186773722555
50.818428176,0.18170329910194044,0.12068568633949951,0.9759195029346606
50.818922995,0.18032586526824435,0.1229626680264774,0.9758907544326206
50.819219253,0.1804644762351453,0.12209449250080354,0.9759741327095437
50.830582528,0.18063196591629344,0.12232472557158994,0.975914317142161
50.838053377,0.18305715879246248,0.1211575877814993,0.9756079722602718
50.848584416,0.18131588062470555,0.12279588229162065,0.975728303743163
50.857910551,0.18125971134547844,0.12212738916127386,0.9758226364763244
50.869675592,0.17940726419714137,0.12421140722729924,0.9759019212338457
50.881577847,0.18173966753166926,0.12637694539936914,0.9751920636043975
50.888323707,0.18420812132632686,0.12652897283198547,0.9747090781723069
50.898372693,0.18335435669925843,0.12288078621169653,0.9753366045932024
50.908192884,0.18444780002618116,0.12130980770716968,0.9753270936560471
50.917984697,0.18332076922622823,0.12285571800149206,0.9753460760799944
50.928036578,0.1808393207228306,0.12573334846359172,0.9754425996257484
50.938598334,0.17986543602157104,0.12594811833913155,0.975594944847298
50.947851959,0.17940340153333678,0.12187064274294158,0.9761977084359965
50.957871889,0.18054469972383458,0.1217215520416308,0.9760058786555577
50.970583933,0.18151125563215306,0.11989136368746946,0.9760531363568267
50.981709964,0.18389267538226653,0.11892130526963814,0.9757259897603004
50.98832659,0.1828992780211822,0.11899422376373807,0.9759038010020228
50.999314468,0.18219572671367004,0.11899989619990838,0.9760347032107458
51.009003807,0.1814435101763415,0.11882234968136345,0.9761964463319296
51.018901179,0.18196611977282684,0.11883728124354521,0.9760973475230141
51.029570629,0.17991137493101897,0.11880081877029959,0.9764825971976852
51.039214521,0.1803879982714019,0.11808968360608893,0.976480924906089
51.04992381,0.18287594400092036,0.11438274644890072,0.976459408485872
51.058999059,0.18273509016042455,0.11354399602646388,0.9765836614394098
51.160072411,0.1826198229238393,0.11292194043573259,0.9766773446965453
51.160731963,0.18358730871107415,0.11240786134669466,0.9765552584404464
51.161548503,0.18447487557962447,0.11294611522159331,0.976325865342219
51.162092586,0.18350442537268907,0.11298590642686641,0.9765041273940109
51.162488407,0.1810240242867008,0.11319246753620985,0.9769430730212032
51.162936851,0.18212996681406973,0.11224464205601488,0.9768468741404781
51.163260322,0.18158114102493547,0.11154738210422178,0.977028899659461
51.163517435,0.18436620032414303,0.10888507636063488,0.9768076291286719
51.163772995,0.1841411294791399,0.10724605976235486,0.977031384910227
51.164029065,0.1838905661265783,0.1071602504908845,0.9770879901034386
51.168003351,0.18381473573290974,0.10698155335445766,0.9771218399817434
51.20196874,0.18380018882367763,0.10635168210693449,0.9771933331236998
51.202213412,0.18268848030350457,0.10646074646033105,0.9773899061416099
51.202480249,0.18200204838252,0.10650150267321172,0.9775135212941634
51.207886086,0.18085591760105538,0.10558023388233476,0.9778261355077557
51.21844817,0.18104762272328798,0.10440892545880738,0.9779164251564566
51.22888835,0.1806281851717344,0.10363424123103487,0.9780763787997508
51.238360411,0.17993282617889494,0.10308526172257147,0.9782625449637048
51.248816603,0.1791887280229618,0.10318939144501879,0.9783881383391358
51.257964637,0.17928420089834868,0.10298568257696032,0.9783921118306291
51.268434749,0.17985142535997176,0.10144168675267468,0.9784493083367982
51.278596119,0.17976253370133438,0.10084394475516997,0.9785274294998035
51.287704299,0.18046677382537415,0.09759346263729389,0.9787273673477841
51.299274194,0.18014086453743777,0.09542356411741484,0.9790013341843994
51.307818241,0.18073140246407204,0.09650172039851648,0.9787867888991434
51.318020258,0.17959576274795183,0.09576461043591511,0.9790681801544971
51.330504801,0.17900941085548483,0.09539532591166335,0.97921160257596
51.338044615,0.17920566966665816,0.09496646655188928,0.9792173906696988
51.350587036,0.17919282749066912,0.09503504840077254,0.9792130872038844
51.357969453,0.1775464361451478,0.09522898622113261,0.979494105748193
51.369760419,0.17733087135780565,0.09475996768621454,0.9795786393075285
51.378487168,0.177381384033878,0.09431423285344555,0.9796125101689402
51.387820716,0.17765274570912862,0.09300821225569735,0.9796882026415379
51.397808363,0.17953588781755103,0.09134877013654814,0.9795010296983377
51.408350929,0.1801515912724902,0.0913948327930759,0.9793836779836161
51.418204849,0.18019456540060258,0.09049021732531537,0.979459769040314
51.435714372,0.18064050838433704,0.09012647007232269,0.9794111629560648
51.43887213,0.18049364733078582,0.09039381013097268,0.9794136012753936
51.447846509,0.18100134949127925,0.09077109556939052,0.9792850043227805
51.458062975,0.1811605350996108,0.09091260191634314,0.9792424415512347
51.469052235,0.1803154316829482,0.0912730197009653,0.9793648865319091
51.478756726,0.1814442773652328,0.09102135466670816,0.9791798033078736
51.488150519,0.18015227682784113,0.09162276980639013,0.9793622543302096
51.497971156,0.18003142716908246,0.09213414940449295,0.9793365017934204
51.508440719,0.18016468598211924,0.09416349867524064,0.9791189516305987
51.518804549,0.18028322753239878,0.09442411515169308,0.9790720322572397
51.533856559,0.18067948753198326,0.09586925837468692,0.9788585230174315
51.537924968,0.18116681196359644,0.09542475975884802,0.978811882573926
51.549975616,0.17893501858048771,0.09574541114556631,0.9791910310915675
51.557986618,0.1776573196144676,0.09441770680470069,0.9795525373501641
51.57082534,0.17866427590061484,0.093770422842354,0.9794315618341465
51.584582925,0.17983658913075734,0.0938131561016098,0.979212894600592
51.588166636,0.1787281971809124,0.09301176413520684,0.9794922374704751
51.598151742,0.1792105087006702,0.09267206627291928,0.9794363081405317
51.608634881,0.17980542029325122,0.09238174029895403,0.9793546982031096
51.618016872,0.17892622552843512,0.09155295005326282,0.9795935193511095
51.628419868,0.17960757452372578,0.08933644940880212,0.9796734751848357
51.637941902,0.1812515508375467,0.08781107004392988,0.979508596846768
51.652236279,0.17943054551011864,0.09031285751813581,0.9796163877277934
51.658114178,0.1813843477532173,0.09153513789073331,0.9791430114755783
51.668340485,0.18242496670951805,0.09100737259970305,0.9789988711196403
51.762022374,0.18286750362810278,0.09058901695990736,0.9789551093503029
51.762629412,0.1815552105597316,0.08913672356955638,0.9793326043943887
51.762916814,0.18169932199587102,0.08903487059185633,0.9793151424362498
51.763183453,0.18185881645716376,0.08887624191831703,0.9792999461346235
51.763458505,0.18208641799183775,0.08964441888614622,0.9791876298981043
51.763876474,0.1818881084780291,0.08939556190282857,0.9792472361494631
51.764183038,0.18155841725474106,0.08951360095719654,0.9792976342091454
51.764462682,0.17777883046706214,0.09232383365200246,0.979730063424391
51.76475064,0.17729109388437256,0.09080861226568736,0.9799600318215343
51.768318937,0.17886980495182409,0.09132196675159764,0.9796253831261807
51.779824765,0.18032815614172884,0.09144943844242137,0.9793460860753413
51.787811959,0.18144734587246314,0.0914245000914887,0.9791416758870293
51.798833721,0.18155712646257985,0.09213177922661735,0.9790550265879793
51.80808509,0.1808642237972552,0.0924232779999658,0.9791557946690392
51.818175825,0.17997083947377876,0.09570031086157155,0.9790055911178966
51.829962932,0.17795742074565427,0.09741363881420374,0.9792046463199253
51.838025917,0.17779685164184625,0.09783597918452859,0.9791917078505371
51.848963167,0.17845236303391068,0.09626059294005691,0.9792286006722037
51.8587975,0.17774280794699307,0.0948845866263805,0.9794919139246936
51.867826341,0.1776410174216245,0.0946761921339852,0.9795305444815996
51.87854098,0.17606051351913304,0.09390454748987176,0.9798901119717974
51.888321911,0.1762517340923135,0.09440133541449744,0.9798079985902401
51.899470187,0.17617122918525335,0.0944644756049441,0.9798163913999601
51.907966273,0.1764790335783253,0.09478821670570393,0.9797297304262094
51.918019414,0.17641126114857758,0.09523228676752615,0.9796988713359815
51.9287807,0.17466015878995286,0.09535189721647118,0.9800009411366338
51.938599357,0.17635192330771735,0.09572687613989544,0.9796613518610224
51.951655731,0.17403874687312684,0.09692268678363644,0.9799574007952964
51.959820648,0.17427131054360778,0.09654802332436618,0.9799530547498544
51.97009994,0.17486765744483354,0.09634413166394229,0.9798668841601279
51.978564348,0.1776200443418042,0.09383239884412259,0.9796155372263003
51.98820717,0.17849516076565305,0.09289736109613336,0.9795455874458413
51.997933299,0.17838746788772084,0.09226849197135141,0.9796246407119107
52.007905311,0.17786666294893796,0.08761514751003553,0.9801464360687151
52.018821826,0.17851571649415324,0.08626060798105836,0.9801485838766065
52.028045313,0.1750130056510407,0.08726860986379041,0.9806908980843202
52.038025133,0.17423071617252314,0.08907711126439039,0.9806675918938084
52.049436453,0.1737452293333802,0.08975293256715909,0.9806921058005342
52.05801244,0.1742442858842255,0.08976053116372795,0.9806028634885285
52.069089871,0.1743067973811201,0.09132739744988468,0.9804470647932849
52.080179473,0.17303903944637375,0.09462111104128079,0.9803592893285553
52.087889194,0.1729017725313833,0.09368639229884174,0.9804732719220516
52.108469897,0.17416305591634834,0.09364392800875684,0.9802540715044085
52.108781249,0.17495418452156797,0.09284252676157666,0.9801894197260644
52.118218119,0.1752259998341526,0.0940168499592561,0.9800289184028503
52.130031615,0.17747103237322975,0.09099407741723235,0.9799102563721674
52.137818333,0.17668831008131836,0.09395654345674183,0.9797721209660281
52.147928249,0.17652684181978975,0.09680427311653843,0.9795239694992204
52.158692838,0.17650335638634804,0.09295551525320807,0.9799009324255001
52.169350201,0.17734622033761194,0.09412814755375387,0.9796367745088289
52.178337573,0.17605403414394472,0.09220534633309298,0.9800526267345225
52.188045603,0.17838592583714719,0.0938259687550289,0.9794769772947215
52.198303652,0.17885893574423653,0.09632039893078037,0.9791485392187718
52.208566943,0.17951030509875418,0.09748480800132753,0.9789140731301683
52.218383277,0.17589727984086612,0.0942233264457784,0.9798888261930923
52.228633156,0.1739660062368239,0.09408351809662628,0.9802469690320756
52.238067902,0.17473615796285236,0.09261153344455286,0.9802501614248424
52.247767409,0.17568780641664422,0.09235134879299818,0.9801045980162638
52.258051687,0.1752151146134813,0.0895848208948819,0.9804459309295014
52.268118137,0.1771202093915895,0.08919988073460777,0.9801386701390836
52.278511395,0.17858803852657779,0.0906725864818828,0.9797371048173662
52.288119811,0.1775469566963066,0.09202161340675408,0.9798005413521151
52.299127569,0.17632291387475793,0.0931867293108488,0.9799114569812221
52.308031983,0.1741625394052746,0.09534523656246609,0.980090146737918
52.3182136,0.17258426124873819,0.09589844800846431,0.9803153372455188
52.330259001,0.17336795183524803,0.09775744908918566,0.9799933848878911
52.337876953,0.17665903032251953,0.09430876205992743,0.9797435605321584
52.349540888,0.1770574791989827,0.093085153925366,0.9797886523012975
52.3609454,0.17529133671804215,0.09085990694399139,0.980314961928936
52.370063159,0.17585067906336962,0.09018582000601287,0.9802770305086185
52.37913706,0.17593861589347376,0.09109781213102547,0.9801769187562157
52.388368655,0.17496091666548358,0.09147982351137768,0.980316336459768
52.400838185,0.17377538802769765,0.09315447159231978,0.9803695012280721
52.425805447,0.17074749163093883,0.09437951049251267,0.9807842790853329
52.426073626,0.17038216540554343,0.09406452246960649,0.9808780675110862
52.428678127,0.17283517044479665,0.09331349150483688,0.9805205740628264
52.438538699,0.1743213337047875,0.09480958184040617,0.9801138789990842
52.448049586,0.17262481594711498,0.09608712634337242,0.9802897209857387
52.457997755,0.17040737215769058,0.09706956261049501,0.9805808623101501
52.577091634,0.16900946181963367,0.09682347555519345,0.980847091241469
52.577710548,0.1707733982732999,0.0955531512739054,0.98066612143166
52.577961984,0.16935901651942897,0.09644476040922104,0.9808241084481865
52.578216632,0.1702230301843799,0.09666948132044467,0.9806524008924282
52.578472083,0.17269075814033388,0.09608521703708518,0.9802782937104406
52.578721617,0.17468814653283765,0.09522894274613719,0.9800079080927738
52.578970376,0.1727909676143096,0.09403011649332162,0.9804599016294154
52.579225064,0.17125783252594276,0.09359240508272829,0.9807707257607899
52.579479956,0.17112275973642127,0.09512240261219207,0.9806470973910416
52.579735191,0.1702438674452675,0.09668134753951631,0.9806476138936053
52.580079161,0.16922456283899764,0.09834041512292949,0.9806590692413955
52.58039089,0.1677420470414107,0.09774795346577916,0.9809729574496989
52.58787395,0.1733879479469062,0.09310078430926935,0.9804431974713068
52.598068864,0.17447284495239987,0.09555599800080142,0.9800144272510926
52.608768373,0.172399044104025,0.09810791207358556,0.9801292808505315
52.619079895,0.17570180798642232,0.09540342617758109,0.9798097064960528
52.628877672,0.17733771217321917,0.09365011236543216,0.9796841288369994
52.63836848,0.17843123467732577,0.09561936960311292,0.9792952724527104
52.648135068,0.17695626385511148,0.09759966341423655,0.9793675440731473
52.658051714,0.17680285484782046,0.09508630930219596,0.9796424573797052
52.668400954,0.1769327375556652,0.0918803434573605,0.979924899605687
52.679042148,0.17718341939614285,0.09189339130008652,0.9798783804771182
52.688260059,0.17696191513084927,0.09254815639498887,0.9798567851176573
52.697960358,0.17648458754953072,0.09410985915495962,0.9797941236644083
52.707884514,0.17621089797494607,0.09635531903698406,0.979625118056976
52.718091384,0.17685544618103916,0.09736830426836866,0.9794087831339925
52.728412455,0.1769850464480349,0.09899096939013927,0.9792226924009612
52.738184346,0.17697158492560858,0.09641912958843123,0.9794817045653929
52.747989845,0.17485593663541107,0.0981722059271274,0.979687511100736
52.758035692,0.17260751156467175,0.09924602414364347,0.9799779965096823
52.770092839,0.1737108613951702,0.09510814355702488,0.9801933368792528
52.778846476,0.17588016786318802,0.09474169035309904,0.9798419151380768
52.78848333,0.17600245254345392,0.09610234474651298,0.9796874379274809
52.798934326,0.1731372130880067,0.09707955273734781,0.9801015589643938
52.80786324,0.17146951280417513,0.098414204209674,0.9802616235416317
52.818405237,0.17200168294465526,0.09884909809621034,0.9801246231320649
52.831844225,0.1724875877193607,0.09537587613377198,0.9803833303022197
52.837894733,0.17317726135262493,0.09325058270150485,0.9804661977734034
52.848050072,0.17370382037195561,0.09363939620205287,0.9803359864184843
52.857866347,0.17004502938751753,0.09962773359819768,0.9803871697848178
52.868940203,0.1681618847006959,0.10261263584135279,0.9804041143832475
52.879286898,0.168040474538532,0.1041464356104417,0.9802631885705517
52.887992316,0.16880145820787898,0.10295221341013638,0.9802585931583806
52.89795018,0.17138969203365043,0.10081998287822362,0.9800310732405607
52.908657983,0.17158908847185153,0.10059064329349572,0.9800197483720416
52.918195985,0.1712344031351587,0.09987397178941346,0.980155073925526
52.927968736,0.1717203595361999,0.0985330800213119,0.9802057693475753
52.937763875,0.1725822090735593,0.09728478653194414,0.98017909150355
52.948060714,0.17331832030894218,0.09677365350840587,0.9800998009549446
52.957919159,0.17325036890513199,0.09655058443527771,0.9801338144964911
52.967906868,0.1735747919878661,0.09669701206305455,0.9800619773485993
52.980001943,0.1729986042523472,0.09619319636486491,0.9802134216076875
52.988639435,0.1717553497662346,0.0945416030298987,0.9805926703393288
52.99919674,0.1715414402385906,0.09411247195007616,0.9806713908870374
53.007837294,0.17018200890641294,0.09415095244402304,0.980904522366199
53.020378373,0.17062577774204055,0.09322637866010425,0.9809157386299022
53.028099771,0.17027052655003183,0.09312476478636166,0.9809871181477663
53.037915505,0.17039035876607203,0.09234089471217419,0.9810404093631028
53.048973065,0.16964001221224162,0.09238220610299916,0.9811665476626146
53.058098556,0.16946236643476492,0.09183902353571753,0.9812482357275021
53.067944182,0.17203503272123857,0.09206931761033452,0.9807788681814927
53.080082314,0.17072558869679905,0.09571691806155841,0.980658475189466
53.088286706,0.16999492968264457,0.09835443893873594,0.9805244149042079
53.098584787,0.1697003067998156,0.0994872922258242,0.9804611591274903
53.108018149,0.17131431104148315,0.09914020271287675,0.9802156023235049
53.118546277,0.17209803830602902,0.0972952267875296,0.980263181015986
53.130350085,0.17070516631636534,0.09714098087814739,0.9805219916080076
53.138270947,0.17036162309803377,0.09596538519068033,0.9806974876181788
53.149242435,0.16831417392478157,0.09559325101592765,0.9810872892950069
53.15859122,0.16743592817223077,0.09394727247074088,0.9813965151519604
53.168714326,0.16690459912606803,0.09207620174379501,0.9816643152641348
53.179531584,0.1658568860378272,0.0923041058444087,0.9818204751369262
53.18974341,0.16698801227302726,0.09120417566700868,0.9817315325984007
53.199419591,0.1669939607801694,0.08828416455851942,0.9819974151448442
53.207853497,0.16547151104285282,0.08897808355139668,0.9821924860640687
53.218870779,0.16427411818206233,0.08971850377647843,0.9823261190539606
53.228376647,0.16295348548225894,0.08873327456270051,0.9826355212155541
53.238159621,0.16020597401644915,0.08798944720537699,0.9831540586652395
53.266808924,0.15927255623219144,0.08583518742672445,0.9834960973133969
53.267439805,0.15744012866417895,0.08598173355951151,0.9837783019462809
53.268586341,0.15507178880307684,0.08588291592986186,0.9841630276883999
53.284342872,0.1534337160520743,0.0840466119068057,0.9845782151791895
53.287900337,0.1524583360925541,0.08183270314486729,0.9849161712815431
53.300840641,0.15135353701286236,0.08056730376903033,0.9851908527778185
53.30784665,0.14747711947614867,0.08338922262419171,0.9855438786686015
53.318311123,0.1449406970991385,0.08397723465206977,0.9858701833327789
53.329463496,0.14201473225606148,0.0801431136485197,0.9866148676950697
53.337972724,0.140744266172444,0.07910831311147921,0.9868804012322043
53.350062166,0.13956388406251752,0.077812465176719,0.9871510231613531
53.358015586,0.1362241360230182,0.07525009385325958,0.9878159788846594
53.369421712,0.13381342583818376,0.07365450508180257,0.9882656429050863
53.38548703,0.1304303848846867,0.07288647590112173,0.9887747348762244
53.388400681,0.12808713519796003,0.07231793540023637,0.9891227436553194
53.422934733,0.12603409961504286,0.070504381398421,0.9895173257390956
53.423284387,0.12313870742291434,0.06984035694169725,0.9899288778879373
53.423647607,0.12098610785876683,0.06959705407733738,0.9902113975151685
53.430651176,0.11763421376586605,0.06973856132068522,0.9906052315713901
53.442933506,0.1158564161276857,0.06949215364811613,0.9908320399661061
53.451612423,0.11399804007770792,0.07098716419119797,0.9909416074514851
53.459573503,0.11302046279372609,0.06882904069342445,0.9912058000975957
53.469810755,0.10940924517433774,0.06860427941122628,0.9916264770148325
53.479346786,0.10671117836725662,0.06722108578036591,0.9920151460728714
53.508400074,0.10646139114810475,0.06626358842908985,0.9921064000616621
53.509213258,0.10896897723434709,0.06381379723826673,0.9919947385357112
53.509454193,0.1062568444102026,0.06088338039946998,0.9924730207955879
53.67437361,0.103993778426092,0.058715506885269685,0.992843282346147
53.674907872,0.1020763976505501,0.0606163491776177,0.9929280272280886
53.675267225,0.09885485537856144,0.06054400885811403,0.9932583453258634
53.675627626,0.09500345720721651,0.05978222285503996,0.9936802448218376
53.675986918,0.09226962670149343,0.059258367719100084,0.9939691956210893
53.676369601,0.0900635406284508,0.05751493865577577,0.9942739011363467
53.67673053,0.08817436709008283,0.05502934265505152,0.9945838589255389
53.677085912,0.08610628016382078,0.05672730905566124,0.9946696541684847
53.677469485,0.08409862816655876,0.05781199891827929,0.994778967168876
53.677862102,0.08128582751875747,0.05561420601832513,0.995138017730979
53.67825623,0.07856000201987866,0.0594683035753912,0.9951340849114263
53.678526448,0.07789937727648422,0.06059517634222708,0.9951180390405907
53.678802737,0.07630895474839604,0.06161251020493529,0.9951787990162643
53.679162648,0.07442234626721664,0.05869718084226665,0.9954978429596183
53.679573599,0.07364980944923402,0.05992690257062847,0.9954820299314208
53.679979367,0.069822265918047,0.06118440814856608,0.9956813342538764
53.684820234,0.0691441476011435,0.058820221935913825,0.9958711103069118
53.688568437,0.06763812015103478,0.05897302088238427,0.9959654951404894
53.700237477,0.06776440096304706,0.06096451521591413,0.9958369916038509
53.70985853,0.0670890945930837,0.06324796412173411,0.9957403016957465
53.718842124,0.06359927679375671,0.06675100768200272,0.9957406464359825
53.728294094,0.06174907779687103,0.0683390513256941,0.9957493788374364
53.763521872,0.06254892639079537,0.06670533479566225,0.9958102380057947
53.763865513,0.05918375059408395,0.06649409004189007,0.9960300294946525
53.764116493,0.05768572455871149,0.06524917742482747,0.9962002318949339
53.768676574,0.055655718477153594,0.06488540969748101,0.9963394625373332
53.779026813,0.05200221605240789,0.06638132744509781,0.9964383015983808
53.788162338,0.05097789429702392,0.06835191900242314,0.9963580026585463
53.802834885,0.05081229629795848,0.07043899828886983,0.9962210889481256
53.808042556,0.048558275730930946,0.07363501087686755,0.9961023938487461
53.818679329,0.04584941947129261,0.07261445286225351,0.9963056619178982
53.831329327,0.04567030672860921,0.06850866651550806,0.9966046285742315
53.839226735,0.04582278239271943,0.06769850801785895,0.9966529910786128
53.849258778,0.04534329226427993,0.06883117734798685,0.9965973383827221
53.857875565,0.04404323695134716,0.07092699478358297,0.9965086826966523
53.868397483,0.04345281888039696,0.07237261405164364,0.9964306585340896
53.928248274,0.03969310910985241,0.07587342788574016,0.9963270948990903
53.929150881,0.03679688691958749,0.08163381160505857,0.9959828863569178
53.929422101,0.035778670195098713,0.08064713461627905,0.9961003596210847
53.929677308,0.03391003961961255,0.07703090670782826,0.9964518797336709
53.930121712,0.031516619493685574,0.07566258481379194,0.9966352772980626
53.930471548,0.03208878768786555,0.07663035151452117,0.9965430742980876
53.938726074,0.03194218985908172,0.07417948782396153,0.9967332141015375
53.948379589,0.03109858032327784,0.07396479229755044,0.9967758463176447
53.958258078,0.027945800226768357,0.08040878001772309,0.9963701422391916
53.968332886,0.026315883818421048,0.08359307863708551,0.9961524338487707
53.978482203,0.0244375103958208,0.08838248961111535,0.9957867962650415
54.07727867,0.02384977356244509,0.09021528750866611,0.9956366758013431
54.077948101,0.018125780976353468,0.08606178449241743,0.9961249044743223
54.078415637,0.016482112986444412,0.08701638611982727,0.9960705238576972
54.078660334,0.015204339376822217,0.08638268382276057,0.996146003354775
54.078892494,0.014973051176481124,0.0879766234124765,0.9960100006884499
54.079153929,0.01475870964633028,0.08826945078753655,0.9959872913582994
54.07951262,0.015273615606535479,0.08837750430652168,0.9959699460319344
54.079925571,0.015396619761533935,0.0890688075001629,0.995906467310268
54.080181759,0.015689604191420393,0.09107881357424667,0.9957200841793964
54.080615786,0.018300294590725595,0.09145607998726586,0.9956409416306944
54.137837587,0.01871750592344899,0.09206076990626891,0.9955774553575784
54.138326453,0.017332656910598963,0.09355420115385274,0.9954633044220585
54.139184059,0.017971178865799364,0.09364201297539675,0.9954437252482379
54.139690994,0.017621355917059753,0.09378063132356253,0.9954369296968033
54.14076341,0.018416585905828453,0.09285795620384704,0.9955090302620151
54.141055938,0.01868818394933834,0.0925434139445204,0.9955332582672308
54.148195349,0.017846117207726456,0.09433581772392803,0.9953804647444945
54.158194457,0.016677443559534152,0.0967658444730548,0.9951674402932077
54.167910643,0.015454401761508077,0.09827541899514272,0.9950392472096379
54.188690145,0.016813764607895205,0.09925385098137106,0.9949200824111845
54.188939347,0.017469452986426395,0.10163428289888736,0.9946684325703636
54.197764538,0.01740057807006734,0.10340279458300179,0.9944873463022308
54.208110598,0.018055003979274627,0.10401246380001496,0.9944120997883921
54.218058723,0.018313846624285292,0.10465790080569992,0.9943396435930566
54.22858313,0.018779045012203975,0.10509512355509198,0.9942848497655838
54.237727414,0.02051989594445189,0.10369971542432656,0.9943969543855928
54.273076563,0.021569099586616854,0.10312083178025035,0.9944349491022386
54.273323102,0.022857872765314098,0.10173365577613762,0.9945490339521059
54.273579876,0.023124224689507977,0.10019754015324844,0.9946988102836694
54.289053452,0.022823965452713518,0.09979450128527095,0.9947462611712785
54.28946628,0.02344136459428083,0.10027015801224332,0.9946840693597931
54.299017606,0.023626533549120466,0.1023498581284752,0.9944678443537194
54.308399011,0.02495288728344469,0.10451301694561231,0.9942104318026169
54.318859501,0.028617299341833418,0.10404707112264734,0.9941605791667555
54.329934506,0.03002518712222536,0.10606147960275666,0.9939061578855166
54.337944785,0.030563775195755857,0.10563781899837535,0.9939348604627216
54.349574077,0.03301478762562462,0.10680964958427662,0.9937312124280483
54.358312647,0.03418708134069367,0.10763599149852465,0.9936024037830897
54.370420649,0.03537179888198278,0.1072569668325137,0.9936019217522386
54.380718105,0.03418619977124055,0.11100098934965291,0.9932321400904217
54.387909168,0.0326103395974975,0.11364990686204221,0.9929855308218669
54.398140644,0.032746380715898166,0.1145468924962693,0.99287798040316
54.408874299,0.03344479926529267,0.11452083053984577,0.9928577062069711
54.418406934,0.03331899652323943,0.1162496678269431,0.992660999133546
54.428447336,0.03439881747315918,0.11673580065157987,0.9925671131982376
54.43813105,0.03398937166822776,0.11727329936582602,0.9925178567005496
54.448049152,0.03435765959349595,0.11684520349912578,0.9925556657671676
54.458046768,0.03451757711056427,0.11789456569058959,0.992426021550747
54.468486936,0.034947872512517145,0.11871179748585513,0.9923135368141092
54.478966339,0.03494951814081208,0.11921839720732298,0.9922527424749413
54.488666218,0.03609382289464501,0.11931877309668908,0.992199710912854
54.858288886,0.03675970636235646,0.11884436973966073,0.992232200530368
54.85916561,0.03742806620404581,0.11903945545990607,0.9921838276771269
54.859808696,0.03858572319936363,0.11838061970358797,0.9922183080571416
54.860520002,0.039104259501786406,0.11822981642541747,0.9922159882791796
54.861092109,0.039308287351383024,0.11980165706258693,0.9920193654917022
54.862854832,0.039862985924418004,0.11973939692132432,0.99200474755825
54.863648598,0.040273693166208914,0.11932445912715811,0.9920381560669758
54.864410306,0.04061014353090944,0.119829350086457,0.9919635795230873
54.865152465,0.04018203710450321,0.11959288316303819,0.9920095494454094
54.865465138,0.04021236477081883,0.11962956940621901,0.992003897090743
54.866020212,0.04018346649312654,0.12036333806663585,0.9919163048715615
54.866668101,0.039284806428720016,0.12104780301494522,0.9918690101868861
54.867145995,0.040194515163064305,0.12018533626405509,0.9919374405162366
54.867506557,0.0403729543400358,0.12182854302739421,0.9917297165365572
54.867865682,0.04103819586033342,0.12250243841531244,0.991619392238187
54.868220155,0.041782833145546844,0.12382694915124555,0.9914237648544776
54.868583385,0.04326429588616531,0.12195937460134772,0.991591706121185
54.868960597,0.044810001574604796,0.12185856909420092,0.9915354521635612
54.869340657,0.04498535680143582,0.12343093041795339,0.9913330031274082
54.869748167,0.04561247828828412,0.12353783673958992,0.9912910292734941
54.870284018,0.0439385065319546,0.12644384672042464,0.9910001822756055
54.870646743,0.04599803252028033,0.1267564868551499,0.9908667791607525
54.871444057,0.048046165116080744,0.12709589891285572,0.9907260966065099
54.871742873,0.048556880104793025,0.1269019394245424,0.9907260606064517
54.872162593,0.0488925804861736,0.12767687399540778,0.9906099794672795
54.872412778,0.04975454846186162,0.12808927156620736,0.9905138178829181
54.872651526,0.05029219736964353,0.12755888336745302,0.990555110106339
54.87295516,0.05114177539462716,0.12842928181622645,0.9903991308465765
54.873265919,0.05027223113926972,0.1272531524781686,0.9905954461638958
54.873517946,0.048888305052830996,0.12779321553529283,0.990595188607441
54.873905069,0.04942545175132466,0.12663496949510522,0.9907172700726234
54.874278147,0.049831002000342614,0.12755249998676207,0.9905792401351691
54.874537018,0.05019077321198044,0.12666544039525654,0.9906748974784106
54.874776145,0.05026897888620095,0.1268794744755921,0.9906435427127844
54.875101966,0.05040537237775522,0.12740659772137952,0.9905689563541361
54.875349497,0.05116426615648305,0.1273200394768683,0.990541178051815
54.875698339,0.050538019903301284,0.1296002963356349,0.9902775730743221
54.875964607,0.049969835709111926,0.13093635439056872,0.9901306411873696
54.878963895,0.04971063313094081,0.13097302773617558,0.9901388382238826
54.888625933,0.050393658877825445,0.13102928019849733,0.9900968674203393
54.899087604,0.05200199191259725,0.12994922988529037,0.9901560435049328
54.908263346,0.05295299319662678,0.13056997753449648,0.9900239701533288
54.918380474,0.05340934449276057,0.1302567638440333,0.9900407150181921
54.948500199,0.05494996107967011,0.12999414341489507,0.9899909214003787
54.949160514,0.05658135682476358,0.12939202489328616,0.9899779057907728
54.94945641,0.057368927793148436,0.13091910030497791,0.9897317794732063
54.958145136,0.058000798642504015,0.13122995416787386,0.9896537811204126
54.969094415,0.058345986489681395,0.130287738151947,0.9897579760465665
54.978309505,0.05754980640846031,0.12985089097663916,0.9898619933581255
54.98836053,0.05654007003179382,0.12983223388651777,0.9899226290598858
55.002564941,0.05640172921789599,0.12910477331936393,0.9900256574692328
55.007586717,0.05640918921115549,0.12864022753308696,0.9900857009535972
55.018894807,0.05658542261550159,0.12842904743707478,0.9901030601517354
55.028182632,0.05563809653478441,0.129880446698993,0.989967409453087
55.038148938,0.055914605857206985,0.12890431554342208,0.9900794080709461
55.049559209,0.05487505688791428,0.12948328330032385,0.9900620220356482
55.05803117,0.054075054948130474,0.1305744783222894,0.9899627235624677
55.068381817,0.05146769420292872,0.13089002978703604,0.9900600368441212
55.110172722,0.05171530928337447,0.13023813737104817,0.9901330993153623
55.110557901,0.051972347069228465,0.12855152575529452,0.9903400326989219
55.118245541,0.05203841917606615,0.12814010197051265,0.9903898814086515
55.119335703,0.052735483771095375,0.12741252994098187,0.9904468769022733
55.119659924,0.053597634770361904,0.12730801232374053,0.9904140364237581
55.128574591,0.05466579541414271,0.12808216805248224,0.9902558300957964
55.138218985,0.05696651896013032,0.1268820781927467,0.9902806440353435
55.149697199,0.05876452463664372,0.12682555874363488,0.9901828155919462
55.158479223,0.05979393500357293,0.12775326083475072,0.9900019139794008
55.168330761,0.059473894532134676,0.128997235225695,0.989859873503976
55.179148768,0.05824976758325156,0.12898939389464828,0.9899336850714741
55.189437886,0.05884689674903603,0.12972041823705058,0.9898028368495482
55.197943911,0.057086621746286405,0.13102315088366404,0.9897343338240384
55.208028571,0.05402111122614544,0.13219394618061273,0.9897507161579069
55.219540598,0.05459522567971755,0.1313235055763062,0.9898350863735487
55.228955073,0.057052168566256715,0.1298383535687088,0.9898924446648002
55.238619847,0.061728291234369174,0.1301823576982874,0.9895666585962768
55.248713244,0.06160510591368751,0.12913976315108466,0.9897109338077685
55.258574482,0.06183391074565623,0.12762863849021258,0.9898926699996484
55.269038045,0.06273427151747692,0.12698829107941478,0.9899183729509728
55.298492763,0.06289516071375352,0.12609289505231216,0.9900226161942552
55.298938692,0.0627288601068142,0.12692844474323037,0.9899263912154098
55.302162847,0.06153472989404881,0.1301934328460284,0.9895772567418036
55.308162252,0.06158111963990166,0.12988540497429824,0.9896148479477047
55.318046229,0.06520008544232198,0.12817560530139432,0.9896059635349492
55.330274634,0.06403598866808975,0.12995962728506175,0.9894492849212778
55.338665874,0.06484474407235827,0.12696841290186936,0.9897849166820895
55.351116391,0.06357136413897232,0.12475596377182308,0.9901487924372144
55.357784829,0.061714134431910504,0.12368926251476497,0.9904000868082926
55.368085512,0.05997166884970919,0.12242458060545677,0.9906642322194533
55.38022829,0.05704868979931755,0.12458091850947076,0.9905680399324006
55.388289545,0.05719833799281446,0.1258255757206942,0.9904020772521712
55.398311747,0.05788120054578557,0.12470580713458805,0.9905040273973091
55.408365256,0.05610147693395979,0.1222494900657512,0.9909125523801241
55.418107306,0.05430940310942331,0.1181109774194544,0.9915141379460605
55.432261177,0.05237698602334936,0.11713194396610431,0.9917342179424038
55.438200881,0.04965579463103995,0.11812375096535266,0.9917565636371839
55.448206486,0.04817059042613309,0.11994935352004187,0.99161068308491
55.457798635,0.04873859440582256,0.116487418494258,0.9919955800042096
55.467981281,0.051527561910302,0.11261064850042564,0.9923022484142086
55.482327931,0.05275732906967709,0.11125666187578313,0.9923903563707638
55.488177448,0.05224664958060662,0.11022118033281304,0.9925329107962331
55.49929654,0.05289691163564504,0.11014420109642059,0.9925070134282389
55.507837359,0.05254392212625225,0.1100901420610343,0.9925317611384391
55.519491618,0.05205673337009031,0.10905524574448738,0.9926716727531036
55.531765551,0.05026393173946373,0.10766987957641579,0.9929152704023091
55.537849566,0.04747044172647607,0.107327148219451,0.9930898450882344
55.551480066,0.049425856491779524,0.10683691144888817,0.9930473095790133
55.558090852,0.052197126681514334,0.1103951263919071,0.9925161842686038
55.567818733,0.0515371282213746,0.11206793454448383,0.9923631908034612
55.580562999,0.052463441855193235,0.11130195174149789,0.9924008579234705
55.587843623,0.05252250918599055,0.109134869639847,0.9926383864517335
55.610525402,0.053430456688188965,0.10671980231799144,0.9928524916075401
55.610862274,0.053774526907443394,0.10819536692979355,0.9926741977259246
55.618325346,0.052773928909835344,0.11133250163859985,0.9923809684321394
55.629131497,0.05359384047599842,0.11317708444258232,0.9921283424134753
55.637840891,0.05415322028288972,0.10914600460206222,0.9925495344880273
55.648455276,0.05489228764881916,0.10604963069720084,0.9928445561041602
55.658175681,0.05489274894945403,0.10451208143025681,0.9930075583538563
55.739369842,0.05342790697406716,0.10311845589545406,0.9932331261139591
55.740288976,0.050315292000965586,0.10593110116504482,0.9930996793861222
55.740714354,0.05026608749116332,0.10618499634153929,0.9930750560759635
55.740968188,0.0503220256041778,0.10471716447554798,0.9932280751183454
55.741346227,0.052103952817754526,0.10393018482863278,0.9932188554302881
55.741636776,0.05256197570556752,0.1052843107768755,0.9930520895774629
55.742041666,0.05187574767427067,0.10473780497058134,0.9931459605783934
55.742312246,0.05023131148573774,0.10178418619774852,0.9935375155405481
55.749277023,0.04813882469754601,0.10245774586168821,0.9935718715169432
55.75811037,0.048501873770869786,0.10290220273755339,0.9935082812500731
55.768062504,0.04817994323490359,0.103515907842669,0.9934601903918393
55.778916641,0.04881247235492884,0.10256137663719357,0.9935283119090684
55.78779496,0.04979061057194334,0.10166369165074528,0.99357203508292
55.798857954,0.04872864276920896,0.09892526093937248,0.9939010575112333
55.807887277,0.04916908041715228,0.09748219998765492,0.994021942522648
55.81873546,0.049189839003427625,0.0977978142104716,0.993989913064751
55.831463635,0.04814073705617297,0.09622668097794354,0.994194596295744
55.838121464,0.044666561324486494,0.0951582432761763,0.9944595552540274
55.848459183,0.04297882327174885,0.09630331794104312,0.994423698281433
55.857882645,0.04105328215549291,0.09530181806847066,0.9946015239768667
55.869639706,0.04103805418101546,0.09410965157390433,0.9947156636897171
55.878659985,0.039492254527579845,0.0938404553397256,0.9948036644353306
55.88851893,0.04041796456828627,0.0945152634966085,0.9947025953049099
55.898490113,0.03578656691664259,0.09120036993902313,0.9951893358307785
55.908100524,0.03516673986944023,0.09026274820484713,0.9952969088133768
55.918516335,0.036260112602300054,0.09043013662513798,0.9952424803152382
55.928031539,0.034722446048550876,0.08854112236912015,0.995467137272759
55.938874991,0.033437854161701426,0.08425305893966378,0.9958831919298421
55.969834536,0.033840017087602696,0.08149430700055403,0.9960991572981127
55.970148595,0.031141938656297136,0.07993373037673616,0.996313594409304
55.970424004,0.03107301348819157,0.07937617431450335,0.9963603217631443
55.979074956,0.028914865102822287,0.07862250282906012,0.9964850388364995
56.018053274,0.029565005404801552,0.07816142425710433,0.9965022339229929
56.018377326,0.02780402922332346,0.07503255623142918,0.9967933845408116
56.018781537,0.02982698223080107,0.07381642121804834,0.9968257054719061
56.019105088,0.02917970821046858,0.07527932354172283,0.9967354554122436
56.028060984,0.02617526826472624,0.0733725170604466,0.9969610469178243
56.037984921,0.023305925832720443,0.07475697393921832,0.9969294000422152
56.049926677,0.0244342689817637,0.07601085494391575,0.9968075623860514
56.058331514,0.028564616076312083,0.0807184306188145,0.9963275554087866
56.070304426,0.03007098433543519,0.08056326065339442,0.9962957878732558
56.080670925,0.028601853362621825,0.07610901494119801,0.9966891952002408
56.088469904,0.026466509591876127,0.07537608601024229,0.9968038771633063
56.098584389,0.025123184813303546,0.07677202399338351,0.9967321013776952
56.108842455,0.025084391733145,0.07481262696625446,0.9968820612980186
56.117895667,0.024204501352001223,0.07402922449646322,0.9969622941890798
56.129462813,0.025707825340633934,0.0716632592358194,0.9970975303308875
56.137944331,0.025786037018972825,0.07115173114950513,0.997132143423972
56.149675039,0.02595959005668646,0.07178620487210821,0.9970821633517212
56.159022271,0.025025052520896665,0.07413740594647839,0.9969339957017483
56.167987675,0.029008025105564543,0.07500401993289266,0.9967612208916343
56.179809746,0.027355267810808017,0.0740201804706424,0.9968814885462025
56.1888392,0.03053321519451329,0.06920223411374254,0.9971352834814103
56.201621942,0.031187660204374083,0.06855838315798507,0.9971595047682892
56.257004882,0.029478977578287713,0.06796395117751597,0.9972521703266828
56.257299271,0.027758409082628988,0.06698723530718569,0.9973676258186354
56.2578474,0.025698594850691803,0.0669924651389335,0.9974224740987686
56.258089417,0.026477918251134012,0.062687816262293,0.9976818919562244
56.258325538,0.02740016967084556,0.06196255354430268,0.9977022966097043
56.25866641,0.02768948982323763,0.062334241117458174,0.9976711555104916
56.268875556,0.026328176063831272,0.06189925180185246,0.9977350899770554
56.278561407,0.02538147181141639,0.05971009801036518,0.9978930228658175
56.288091239,0.024116190947768,0.054918630974692975,0.9981995558534557
56.298769441,0.025786992455369896,0.0522374147384879,0.9983016996487315
56.308106699,0.025323362969657016,0.055515184734339904,0.9981366597574799
56.318487466,0.02522667579487331,0.056739923952862384,0.9980702359344075
56.328910112,0.02387195729652141,0.05726240184577082,0.998073718214084
56.337923625,0.02131889999609003,0.053579263879787585,0.9983359990429359
56.348609799,0.019414460687183683,0.04673623023827778,0.998718580732
56.358013185,0.021962014303765445,0.045992455719728466,0.9987003374108724
56.367812056,0.019795973589019286,0.046675735817049306,0.9987139205576339
56.378666617,0.019187864810292974,0.048460649934811625,0.9986407718754114
56.387990151,0.016085818443333358,0.04854423558420413,0.99869149572656
56.39906918,0.015264550690212306,0.0435158515504109,0.998936116153615
56.408480938,0.014939612183640111,0.04022976508729971,0.999078762655289
56.418302791,0.012425634818849908,0.04112689712949617,0.9990766646918787
56.428765163,0.009599043230811587,0.04478848295600669,0.9989503742246421
56.438235714,0.007437702581904916,0.04315379667373783,0.9990407551311133
56.448474283,0.005435788363039919,0.0396170361659142,0.999200151446296
56.457883368,0.006556271463353332,0.04102994196628007,0.9991364066866658
56.469466777,0.006118307723130421,0.044252572224958604,0.9990016397194151
56.47852531,0.007252051507140179,0.04569139752267387,0.9989292787486824
56.48864524,0.006993907857593941,0.039198693066075097,0.9992069594006996
56.499165975,0.006975583258417836,0.03912579392673912,0.9992099446501757
56.508048134,0.006496184307896375,0.042111434233351154,0.9990918009353535
56.519674188,0.006665757256364193,0.04221385440626267,0.9990863617207304
56.528581593,0.011424203125537026,0.03751312594474961,0.9992308306716722
56.538023924,0.012785071315948218,0.036839101358205215,0.9992394220418679
56.549493401,0.011408183178782004,0.04184535677353441,0.999058966964941
56.559424652,0.011255146371214686,0.034345157240142817,0.9993466524956757
56.568103473,0.011750004383392555,0.03193106694105694,0.9994210045626398
56.579756417,0.012053642540738993,0.033567167382192634,0.9993637750966543
56.612029755,0.010894115348013707,0.03979569928157153,0.9991484477140896
56.612311676,0.010717442160325318,0.03353667264890272,0.999380021824121
56.612556522,0.01084157161497085,0.030115915843767622,0.9994876146995564
56.618039791,0.00971948088733187,0.03376876295209804,0.999382410461564
56.629463985,0.010739352538734526,0.037320618973081116,0.9992456343194676
56.638398501,0.006049985218887621,0.038394164063420576,0.9992443574245103
56.652535569,0.010123833186847354,0.03769919729874809,0.9992378488251108
56.658437745,0.010941296614343359,0.03512407822532822,0.9993230644577449
56.667955488,0.008774846540428897,0.03573690397173429,0.9993227085194788
56.683242032,0.009380124490489717,0.03541524482884527,0.9993286615014381
56.688992371,0.006280483911276379,0.03889088973146865,0.9992237258080571
56.699417262,0.0031574205313574287,0.037204114994153874,0.9993026991473054
56.708350203,0.004162973164190499,0.0363590118224983,0.9993301215883196
56.719351353,0.00531086642736543,0.033990129386575474,0.999408057703196
56.736129837,0.0013284697905959905,0.03473379487568517,0.9993957167516526
56.737913028,0.0002793616392895137,0.03295524977623279,0.9994567891956414
56.749930082,-0.0001995994018426709,0.03283729799751777,0.9994606905828268
56.757983728,-0.001278421095658276,0.030797943848516567,0.9995248132458774
56.768633155,-0.003423047659293162,0.029613068523917912,0.9995555757021818
56.779178562,-0.004744998269278978,0.031044113632575934,0.9995067523534757
56.788176698,-0.005304329202277693,0.029313987540522547,0.9995561786243873
56.803806995,-0.008994900307506796,0.02890622105735187,0.9995416560367265
56.807790812,-0.009177686800471927,0.023992468007588485,0.999670011325686
56.817886438,-0.008993833605946364,0.022140689402298023,0.9997144096340013
56.830398113,-0.008477871556964323,0.02177814201449979,0.9997268818153586
56.838009989,-0.011625448001740438,0.02012698045293889,0.9997298403151754
56.848785642,-0.012267821076840678,0.020089318219319575,0.9997229215435193
56.857828356,-0.013072940616287398,0.01829817054994807,0.9997471056112982
56.871103144,-0.017725965593914872,0.016925567799713923,0.9996996125328952
56.879281267,-0.0211287819550471,0.013850570895469481,0.9996808171906499
56.887868794,-0.027612069321467397,0.010589248778743492,0.9995626250706298
56.899788223,-0.033746033564422184,0.006110239960903671,0.99941176208122
56.908067516,-0.03412886192121516,0.00836228418170266,0.9993824558132022
56.91798901,-0.038910412054362645,0.010099567489218541,0.9991916625804533
56.928132898,-0.0389905078129994,0.005092688336399244,0.9992266033418009
56.938183757,-0.03964351626033575,0.007811079012762373,0.9991833558777753
56.94799317,-0.04382814345703111,0.011515449573773132,0.9989727164753919
56.958163959,-0.045709833944158104,0.011581963557191544,0.9988876159012872
56.969777122,-0.0465139753292421,0.013753549637698068,0.9988229522650319
56.978505549,-0.04905138740457097,0.01448780165711736,0.9986911759882685
56.988331552,-0.051268636220462675,0.011436538276417467,0.9986194132562946
57.002843606,-0.05224014973059691,0.008963074054108183,0.9985943270716219
57.008528767,-0.05083409675074798,0.013711351146351611,0.9986129848230881
57.018277752,-0.050119854483457384,0.013995990325845314,0.9986451383956945
57.028765054,-0.05288528352610148,0.014741208403886806,0.9984917844234659
57.038446496,-0.05407074545443216,0.012528658577452915,0.9984585054974752
57.049866971,-0.05480370343674243,0.012160568760490478,0.9984230940122725
57.058102647,-0.05697467271585417,0.013270555711376449,0.9982874230501116
57.068493354,-0.05538432125829986,0.01279065961193099,0.9983831809407896
57.139720997,-0.05853226309503187,0.009527627880616398,0.9982400505309043
57.140040537,-0.06136624055038377,0.008874146239999568,0.998075865878553
57.140504624,-0.06215479878531073,0.005775267324952553,0.9980498120210649
57.14094754,-0.06210411662894488,0.0075111563802231695,0.9980414125814471
57.1412223,-0.062286723264295456,0.008746363510732939,0.998019972360441
57.141448585,-0.06209725013894213,0.008841254527470421,0.9980309432795972
57.141838457,-0.06126777092228314,0.008788559469418864,0.9980826726622736
57.14850062,-0.060489483170729594,0.00858782011806142,0.9981318909700051
57.158347197,-0.06105055967761413,0.0086993931113911,0.9980967637070786
57.180928996,-0.06112015625438379,0.008929698081329332,0.9980904703440546
57.18118804,-0.06112564134382892,0.008449543809984139,0.9980943147717598
57.188481749,-0.06178390243115492,0.00833724742465666,0.9980547278109341
57.203011923,-0.062285407628635256,0.00851605649793209,0.9980220462385883
57.207862898,-0.061286372519764216,0.008700590957115537,0.9980823013461193
57.219026763,-0.06031791205540457,0.008125068201822698,0.998146147992363
57.228503525,-0.06049271482452992,0.007840878453899587,0.998137842223322
57.23814528,-0.060455874211585985,0.008264772884913922,0.9981366543727737
57.253469661,-0.06012182246544589,0.00812768596358558,0.9981579570310056
57.257933141,-0.059949242673690624,0.008651002590085298,0.998163938667911
57.269579225,-0.0588329423343023,0.008453351016628054,0.9982320500529315
57.285578429,-0.05707015708327247,0.008618574646407773,0.9983329691748917
57.287994685,-0.055705292918532524,0.008645039627583239,0.998409827491045
57.298957853,-0.05470650848919734,0.008502228791241599,0.9984662788669945
57.307731885,-0.054127797601297115,0.008491976602779573,0.9984979057865926
57.318983496,-0.05322290810533367,0.008492453893209335,0.9985465438724842
57.329916718,-0.05296623319738693,0.009061539019237716,0.998555189587177
57.33790343,-0.05516579095808317,0.0072133790381398435,0.9984511518701459
57.348671016,-0.05496678855700132,0.009283021883757509,0.9984450298641562
57.357935438,-0.05594447020924232,0.010075966157334443,0.9983830382969273
57.368112796,-0.05473126857102265,0.009469454809630398,0.9984562172004414
57.378909336,-0.055579457011223105,0.009401270498282871,0.9984100059952103
57.389747748,-0.05535225463031253,0.009153090173348389,0.9984249340073692
57.398332038,-0.053875738932877656,0.009377428873665303,0.9985036147066048
57.408214723,-0.05197105914052919,0.008573037396505404,0.998611792460719
57.418024187,-0.05090459038902877,0.008111001745579183,0.9986705834898756
57.429414946,-0.05100762710211431,0.008271685923884116,0.9986640081575926
57.440648093,-0.050434430444038954,0.008428800865275237,0.9986918060852201
57.448973581,-0.05047781629689917,0.006382508169823569,0.9987047880386669
57.457872288,-0.05162570732335155,0.004721472267725846,0.9986553429702305
57.467945329,-0.05230394519525788,0.004089670323080895,0.9986228376687868
57.480646549,-0.05259447972743848,0.00486881535121788,0.9986040833780302
57.489278809,-0.05126748411155545,0.004198626241855512,0.9986761319920251
57.498240692,-0.0506335156126792,0.0036683860255202244,0.9987105636973449
57.615327559,-0.048598203278001004,0.005147994523506233,0.9988051425531089
57.615827617,-0.04706985289903759,0.00585442129756858,0.9988744439114126
57.616314401,-0.04528454382972798,0.00608139475583787,0.9989556179970945
57.616724372,-0.04442895326673972,0.005417646092675934,0.9989978564653862
57.617014134,-0.04484921518720098,0.003670774503644697,0.9989870235952195
57.617373528,-0.04483911522399995,0.0053871271172104725,0.998979695793339
57.617677827,-0.043395538134251,0.006087115711496816,0.999039425794775
57.618346011,-0.042246557211622564,0.005790527314347388,0.9990904354447534
57.619787305,-0.039718625519582364,0.005804594307396244,0.9991940439533065
57.620153262,-0.036951608288272805,0.006295729000277746,0.9992972242737719
57.620514222,-0.03753031983153504,0.007219101186286381,0.9992694129569888
57.620870614,-0.03774977187122106,0.00708940270923602,0.9992620752800024
57.62893293,-0.037829494870095265,0.006507440586750616,0.9992630196974585
57.638562426,-0.039183751101223664,0.0034302096266770497,0.9992261342216557
57.648269195,-0.0396711503235349,0.005054777788665696,0.9992000045303818
57.658496697,-0.03965117449892846,0.005937629885239466,0.9991959412008244
57.668162443,-0.037503806117647066,0.007449883785856715,0.9992687144898849
57.679736507,-0.03623380828849556,0.007037190861666385,0.9993185623622175
57.688650672,-0.036279121413673045,0.007754336061574992,0.9993116108710517
57.698303398,-0.0354172928484276,0.00793433661707516,0.9993411137693354
57.708429438,-0.03483249161516744,0.007424372434033166,0.9993655868709109
57.719366121,-0.0337977551046408,0.0060070066933388695,0.9994106401377129
57.728481279,-0.03548815385482548,0.004182175749874615,0.999361346231669
57.738313664,-0.03410279363943392,0.002395477315336396,0.9994154597335474
57.748271058,-0.0340371257173824,-1.9700862843198655e-05,0.9994205689722298
57.758231267,-0.031517442457916954,0.0004828851628765581,0.9995030853593356
57.76996225,-0.02936099150711964,-0.0003859128118917547,0.9995687986572113
57.77905236,-0.029781857630771565,-0.00016871441637354777,0.9995564078587592
57.788766801,-0.03039263590525179,0.0008674546186155181,0.9995376607238046
57.79955562,-0.03147311961027907,-0.00018063368746098552,0.9995045823374039
57.808790185,-0.03444078720685822,-0.003606223837030459,0.9994002338033593
57.818581375,-0.034321109499633816,-0.004092833429332876,0.9994024765614872
57.830693203,-0.030111759379317482,-0.006500350183568467,0.9995254010752168
57.838467399,-0.02549566381935323,-0.008078401040373842,0.9996422913037651
57.84951403,-0.023700317171096642,-0.012683204689106366,0.9996386503556192
57.858991801,-0.025046835373642887,-0.01279048292875314,0.9996044515628244
57.868775415,-0.024623070374012217,-0.012864147547823892,0.9996140345719564
57.879184528,-0.026235160674930078,-0.01398556807934094,0.9995579624163167
57.890166663,-0.028813073518530595,-0.016329190229045592,0.9994514317068537
57.89876214,-0.028275735637873656,-0.017795968037377707,0.9994417373192644
57.908008536,-0.025153892558609107,-0.018175230480010466,0.9995183553522909
57.918016628,-0.02498225375761427,-0.022084022507367466,0.9994439368704401
57.927966374,-0.023634088747535774,-0.024937102169754716,0.9994096111127054
57.938486303,-0.024456138355089512,-0.029916750679141433,0.9992531637806102
57.947995216,-0.026088373499826664,-0.028871249772194695,0.999242637053046
57.957929854,-0.026028569467048124,-0.0310177223203707,0.9991798709309329
57.968220471,-0.02429380231007217,-0.030365485266707022,0.9992435881574806
57.978046481,-0.021930726830126007,-0.03096649624793153,0.9992798003216262
57.987988864,-0.021640382582673933,-0.02783573637095809,0.9993782395181326
57.998768483,-0.02276195665939076,-0.027764241365390064,0.9993553123041077
58.007793835,-0.022217965454573132,-0.02780642562794439,0.9993663816163005
58.019998003,-0.022909244469135785,-0.029866933716953793,0.9992913152770819
58.028004884,-0.02141971182733413,-0.03127389652007059,0.9992813114142013
58.058973807,-0.020178907411083306,-0.0305082253193047,0.999330806031497
58.059238652,-0.02061658507687691,-0.030890230650895634,0.9993101370796269
58.059485452,-0.020587795256755217,-0.032288812495561196,0.9992665186395933
58.068226981,-0.019768511994562452,-0.03222900757851446,0.999284992884425
58.081324846,-0.01922857179384052,-0.030361676428909655,0.9993540066619013
58.08808008,-0.01949516010998563,-0.02958524773658241,0.9993721288132119
58.099222067,-0.019981556894072574,-0.02943320286199347,0.9993670116395547
58.107844128,-0.019909631214209057,-0.02938315675649186,0.9993699198414656
58.118534161,-0.02027398362242222,-0.02931023164292807,0.9993647361744938
58.128642701,-0.021955061448776937,-0.02872921220474666,0.9993460900223081
58.137778988,-0.021821666949625458,-0.028292847962981902,0.9993614609367739
58.149249273,-0.02151218746706844,-0.02824279863520242,0.9993695863471298
58.158285236,-0.02117743127284158,-0.02822206207768649,0.9993773219444032
58.168058662,-0.020391850436968218,-0.028221108383536992,0.9993936869309117
58.178680503,-0.01953684797577667,-0.028351239651336794,0.9994070836157826
58.188492471,-0.0193968056833202,-0.028661537095033964,0.999400960686267
58.197854315,-0.018200306663751758,-0.029304273810088984,0.9994048270714969
58.207937536,-0.018233143889865997,-0.02983572329848013,0.9993885040759415
58.218944642,-0.016931330401121245,-0.030517998248128855,0.9993908053578318
58.22846383,-0.01667385374837285,-0.030797775417303816,0.9993865516558261
58.238584482,-0.016831108636622873,-0.032149407938704064,0.9993413477642427
58.249439402,-0.013971118569301427,-0.03334849217115272,0.9993461291843948
58.258169421,-0.014712914156317019,-0.034598274062646685,0.9992929948663279
58.268686821,-0.015565607339539263,-0.03590328848873883,0.9992340395241976
58.279242236,-0.014247924020995492,-0.03678889465447919,0.9992214839019394
58.28818339,-0.012115723932587238,-0.03832703779843997,0.9991917971076355
58.299679211,-0.011903199795706141,-0.04187232404526516,0.9990520618634807
58.308387803,-0.010273907996089942,-0.040837768008418776,0.9991129683467123
58.317818863,-0.010030095655462045,-0.04854621617173381,0.9987705752957231
58.385992916,-0.011734231923429797,-0.047047793688217654,0.9988237146314851
58.386410566,-0.013373077995665155,-0.04705208220026337,0.9988029146661225
58.387029665,-0.013587741545130491,-0.04907677387856724,0.9987025801235195
58.387531576,-0.01157122305739951,-0.051032218218247556,0.9986299712609678
58.38825622,-0.017537162861710323,-0.055282203526219875,0.9983167462744716
58.388630249,-0.01482947279322795,-0.058041994789242816,0.9982039939699502
58.388886808,-0.017095667730465062,-0.05937054283117263,0.9980896136063042
58.399344383,-0.018669372591146084,-0.060150441898835054,0.9980147187624179
58.410714032,-0.019436447207141376,-0.06354783328529741,0.9977895055595183
58.418143701,-0.01736398669183926,-0.06681269441680988,0.9976144324491962
58.434296732,-0.019435138705604423,-0.06950151207333681,0.9973925080944882
58.439642296,-0.020001768690818985,-0.07602278008916405,0.996905444942876
58.449444524,-0.02038476523155682,-0.08309706469367868,0.9963329459501723
58.459538852,-0.021397802630334545,-0.08664853874172855,0.9960091188219696
58.468415258,-0.020535015025109737,-0.09069209995060089,0.9956672416849259
58.479199105,-0.018254687880499026,-0.09537404525585562,0.9952741119218963
58.488721294,-0.017927394140688096,-0.10166232765610102,0.9946574182475432
58.499344,-0.02073163440147804,-0.11006179565691838,0.9937085088051818
58.508037141,-0.019068108060267663,-0.11426133723988219,0.9932677152042928
58.518759617,-0.020465782229125925,-0.11914013477208076,0.9926664999103377
58.528470823,-0.01991384476551794,-0.1252792877294968,0.9919216394719115
58.537861823,-0.018977625230725326,-0.13440029330979572,0.9907453814673289
58.562662271,-0.020923748769329356,-0.13071589015491136,0.9911990480213585
58.563010703,-0.02055874238052011,-0.13282002589356132,0.9909269291089858
58.568349519,-0.01884490551840311,-0.13493775589459464,0.9906748566356842
58.579968092,-0.019480203576179717,-0.1333609186986709,0.9908760704712154
58.588449141,-0.015656112275766344,-0.1328623184283606,0.9910108427712836
58.601424963,-0.017186090553665913,-0.13199951620256334,0.991100784993015
58.608801975,-0.018865119893315137,-0.13258347199492995,0.9909922957345231
58.618145777,-0.015814459772912435,-0.13361255667571298,0.9909074566076644
58.628553175,-0.01234758601125294,-0.13151241913981043,0.9912376207205261
58.640258306,-0.013666665287915783,-0.13310477445113408,0.991007740271599
58.650192219,-0.010532613504015078,-0.12841539132004595,0.9916645356797301
58.658250486,-0.007415348179234014,-0.1282865082025402,0.9917094253986801
58.667990241,-0.005701772894751745,-0.12613052172299213,0.9919972687844167
58.679444286,-6.780431970418953e-05,-0.12465146067475175,0.9922005889709122
58.688473073,-0.00506469613917569,-0.12267359918487969,0.9924341473952041
58.698343961,-0.004932757900814196,-0.12097306684534177,0.9926435337005548
58.709854796,-0.0009245113155388356,-0.1214925547164727,0.9925919123321993
58.717901087,0.0014136043751589954,-0.1215313309724222,0.9925865893284789
58.728603358,0.0036601730297425826,-0.12090515925152252,0.9926573152905066
58.738405788,0.0052572205695247945,-0.11751461208331036,0.9930572378160246
58.748289961,0.009835578905506116,-0.11659001383841912,0.9931314263785791
58.75784548,0.013686691319234745,-0.11544290554750099,0.9932198195965901
58.770111431,0.015211129073701979,-0.11641501441185892,0.9930841686240849
58.778604166,0.017710607546425117,-0.11529772094803882,0.9931730815545318
58.788199789,0.021147578740941562,-0.11382571823273788,0.9932756343443632
58.800088187,0.0259222036136377,-0.11191636356282779,0.9933794677396378
58.807901159,0.021110769271065782,-0.10745637671267312,0.993985645029428
58.81837533,0.024428888821521742,-0.10493586219137925,0.994178904532327
58.830991957,0.029468473049999534,-0.10148586591658025,0.9944004365019472
58.838983131,0.03424897126461075,-0.09781991662913977,0.9946146348601473
58.850452401,0.03687896232021258,-0.09556556715463607,0.9947397471261501
58.85772391,0.03993768697627938,-0.09212801242583746,0.9949459334483706
58.868312683,0.04126275813129342,-0.09056343480042853,0.9950355014111543
58.879678093,0.042298084011413564,-0.089806439233822,0.9950606391376885
58.889323118,0.04607740955714534,-0.08693403294354823,0.9951479016933479
58.899219281,0.051871120386750943,-0.08430943109379005,0.9950885923868612
58.90798319,0.05437951902914078,-0.08134918518722413,0.9952010741450867
58.917983462,0.0568205796524075,-0.07851132657868348,0.9952926169357531
58.928280178,0.061869344627543475,-0.07517169470001767,0.9952494162325771
58.938294902,0.06509010514875546,-0.07238529670225594,0.9952505448544353
58.948021079,0.06750078275773093,-0.07011512067896718,0.9952524876528908
58.958055151,0.07076573446456277,-0.0684735001854322,0.9951399854282043
58.968078774,0.07372646071549806,-0.06559941916376472,0.9951186488031178
58.978048978,0.07748440197314041,-0.06406984536640276,0.9949327727869809
58.988161295,0.08143098947503703,-0.06213489176573804,0.9947402923267844
58.99854161,0.08317337353122298,-0.059170147474675076,0.9947769014122015
59.007879575,0.08279004220783587,-0.056669769911657814,0.994954444228169
59.020889924,0.08459849063394248,-0.05408857123605682,0.9949459894105313
59.02803471,0.08950561103782333,-0.05086863943765632,0.9946864466325595
59.038627998,0.09288650194673115,-0.04838356529684053,0.9945004416113984
59.052373764,0.0974485691285098,-0.046813458866896314,0.9941389623406396
59.057937064,0.10035169462828641,-0.04522513530964397,0.9939236512536843
59.067963921,0.1035487377776751,-0.042855874767120265,0.9937006757080299
59.080906812,0.10731729235874887,-0.04032487193100163,0.9934067160355498
59.089142489,0.1101754817902495,-0.03707027725765532,0.993220598737424
59.102725165,0.11240448115482687,-0.0336796966345195,0.9930915922768256
59.108012594,0.11427213339393862,-0.030668609960682578,0.992975989585185
59.118717923,0.11585091438850821,-0.02899971173643023,0.9928431811492441
59.129653027,0.11913363746108988,-0.02599176414201332,0.9925379613002595
59.137774196,0.123492680425119,-0.02272806940096179,0.9920851741371426
59.14857002,0.12795900689331238,-0.02006720917697967,0.9915764214979724
59.158560854,0.12969972845952896,-0.017444830426222597,0.9913998478560125
59.16802291,0.13321045650651928,-0.015571835631871148,0.9909654344185667
59.182019601,0.13625147282127248,-0.012901347925241011,0.9905902742182289
59.188457909,0.1385652294184402,-0.01054735582353922,0.9902971425190253
59.199465983,0.14102787086103305,-0.008789586074833187,0.9899666069201715
59.207983363,0.1420001215572448,-0.007484755535499532,0.9898383423126738
59.222380379,0.14569985084774348,-0.007363881919197549,0.9893014336924947
59.230009455,0.14580786919724437,-0.009144334700231682,0.9892706638847881
59.238148768,0.14814030024553876,-0.0093536536618055,0.9889221205971362
59.248031634,0.14787453088374214,-0.009077097650945113,0.9889644732821035
59.258126864,0.14799883992388932,-0.008454143670162648,0.9889513996329584
59.274463764,0.14779672734119098,-0.0085134916062056,0.9889811160218909
59.295236252,0.1479657776962426,-0.00887230584735418,0.9889526838123739
59.295550551,0.14812491455398738,-0.00887517112357155,0.9889288351675773
59.299026243,0.1480571627408501,-0.009127160874533418,0.9889366873038435
59.308131952,0.1485463366646832,-0.00953102195968416,0.9888595175675394
59.317957441,0.14856302440059588,-0.009223481196510088,0.9888599269742736
59.330151221,0.1485850279933273,-0.008809368222816498,0.9888603968648643
59.338033218,0.1482373043764566,-0.008578821463021408,0.988914609768461
59.348263023,0.14926145778871097,-0.008558080823149364,0.9887607276138214
59.358191213,0.14956666271596633,-0.008444358982370196,0.9887155840813805
59.369328784,0.1496723664582833,-0.008165893974847986,0.9887019272229467
59.379784847,0.15029504882951447,-0.008229553104845034,0.988606935416209
59.388091783,0.1491899056868794,-0.008084122895836736,0.9887755149669439
59.398130396,0.1491048666326842,-0.00841646285196667,0.9887855692209059
59.408638651,0.14950255802621915,-0.009470948459652254,0.9887159785696253
59.418168525,0.14890319255024362,-0.008533998115076397,0.9888149524175476
59.429374874,0.14929399530298124,-0.008205476113585757,0.9887588043239984
59.43862948,0.1492522837752852,-0.008350427245506251,0.9887638879695594
59.450537656,0.14935981035592477,-0.00813275600605099,0.9887494654007093
59.458043438,0.14806632051913007,-0.007856434360221605,0.9889462276418621
59.472189116,0.1483146839172725,-0.007765845689895322,0.9889097259989106
59.483104926,0.1480670088813629,-0.007470212185041624,0.9889491174023246
59.488081444,0.14771608672163233,-0.007072539150529249,0.9890045181462072
59.502360712,0.14732912582506708,-0.006368503612657114,0.989067020401225
59.507922102,0.1478430576153694,-0.006477935997007757,0.9889896190861445
59.518762732,0.14850130873034653,-0.0062719504482946714,0.9888923217130107
59.533916225,0.14866608399122225,-0.006593090634704351,0.9888654744840663
59.537873679,0.1490315702692697,-0.006720645892067492,0.9888095994587983
59.54933552,0.15043921459636578,-0.0068403289833237685,0.9885955960912574
59.55783978,0.1506549525684694,-0.006531345299604219,0.9885648318624175
59.569435842,0.15243576139226678,-0.0070460792335892775,0.9882882633200668
59.579415519,0.15133936930583633,-0.007006265198807208,0.9884570337379748
59.588027662,0.15265126208177185,-0.006913760722839379,0.9882559345116576
59.598218472,0.1528043793991419,-0.0071559930933328166,0.9882305466839665
59.609177098,0.1529872415210815,-0.007141684123033017,0.9882023579609882
59.61820475,0.15168717458378528,-0.006785962611064429,0.9884052568548133
59.628664579,0.1519051836736774,-0.0065113171293403015,0.9883736226358469
59.639775709,0.15248487558996748,-0.006267417551314139,0.988285931395135
59.648581064,0.15175832597766212,-0.005266549877859109,0.9884035987130164
59.658585124,0.15341362355891391,-0.005756020531566244,0.988145297177578
59.668504224,0.15207491202745327,-0.004785202201994891,0.9883573862584973
59.704644487,0.15283917534479843,-0.004339111400936442,0.9882415487076893
59.705012202,0.15436939722027365,-0.005439404633031613,0.9879982297955233
59.705445171,0.15489637472084247,-0.0056363298309818535,0.9879146445338164
59.707855372,0.15581183997825188,-0.005680436087378101,0.9877704202740882
59.718103321,0.15623428843860696,-0.005426297303113162,0.9877051191593879
59.728600819,0.15607622054713502,-0.005988950831623928,0.9877268579155163
59.738329741,0.15580144557997316,-0.0064202399738010054,0.9877675283556702
59.748179789,0.15707132214848307,-0.006491530069264409,0.9875659268098952
59.75803214,0.15628532535422465,-0.005493053320911316,0.9876966758292435
59.76901369,0.15545998330011693,-0.005088933749409542,0.9878290825571099
59.786796369,0.15729645273341183,-0.005164752105942482,0.9875379239771856
59.788708616,0.15640015543526148,-0.004727731089814042,0.9876824590619034
59.798936347,0.15736243791890267,-0.004453314226055526,0.9875308760360981
59.808055261,0.15608701144645212,-0.0039044862904666633,0.9877355920713412
59.818375593,0.1559733795028978,-0.0041059482343330815,0.987752725167358
59.862792244,0.1552087248186693,-0.003645561859697477,0.9878749726655139
59.863196791,0.15597618434344,-0.0037955276750133125,0.9877535238546757
59.863554887,0.15704387886611137,-0.004140748506351217,0.987582945535459
59.863963045,0.15579435286122176,-0.0042363663396558955,0.9877804274315166
59.86862653,0.15602150774112428,-0.0039876880183605775,0.9877456086799145
59.878871354,0.1568187895481532,-0.004048254501766122,0.9876190960487454
59.888347189,0.15678365190743979,-0.004150289368697771,0.9876242512173964
59.90072658,0.15687019473410035,-0.003981733798536867,0.987611202751388
59.908033119,0.15592642481454652,-0.0034638834113633527,0.9877625987838707
59.918009626,0.15664559781946374,-0.003486538139873638,0.9876487233503529
59.928228969,0.1560959029125053,-0.003611231321836895,0.9877353026505987
59.938545691,0.15644144321353465,-0.0034910722512805034,0.987681065556996
59.947980238,0.1564298868285835,-0.0034889254109361934,0.9876829035202915
59.957928991,0.15607062715461725,-0.003293662237173188,0.9877404067510006
59.968338796,0.15562448577152754,-0.0030561968696608778,0.9878115605159932
59.977891275,0.15620161075336672,-0.003208786968128322,0.9877199808064263
59.988892245,0.15402395936485275,-0.002624895630876561,0.9880636264251921
59.997934802,0.1534087236287466,-0.002196704741926668,0.9881603807089595
60.008044405,0.15072667702976536,-0.002043877142584129,0.9885733616671001
60.019462887,0.1491378613437143,-0.001272349487858015,0.9888155942543603
60.027945759,0.1465923427832375,-0.001732735091022433,0.9891954724251553
60.038045972,0.14488528318698893,-0.0017806611089045215,0.9894468575733824
60.049137706,0.14469940947688478,-0.0030855235994169967,0.9894708487071048
60.057968567,0.14210281975640557,-0.002964401217324256,0.9898474634723783
60.067945825,0.1356078077716585,-0.0005747437959513135,0.9907624297181106
60.080152134,0.1330141876289182,0.0004678584964055328,0.9911140232071416
60.088138095,0.1332913373328068,0.004288748729793179,0.9910676193007036
60.099101922,0.1320621880669039,0.005860864427090781,0.9912241062197534
60.107978169,0.12951574585536482,0.006552979018287596,0.9915557120210213
60.118093856,0.12805779584210747,0.0060942678216917385,0.9917479825156079
60.129522115,0.12755430936218046,0.004481392871891745,0.9918214634101568
60.137978877,0.12633683895595643,0.004122574258377154,0.9919788342016684
60.148570862,0.12545773747032887,0.004445865384662325,0.9920890032601952
60.158532559,0.12388463724186645,0.00397951977951638,0.992288647560666
60.168096878,0.12092760071869292,0.0038653184637687066,0.992653804051339
60.178635279,0.11878052012688574,0.004828761865762434,0.99290879293983
60.188345284,0.11730716396734882,0.005681814663643753,0.9930794259595078
60.199412239,0.11664835276735823,0.005816513079340342,0.9931562465051811
60.20802356,0.11268610357321784,0.005620775053853658,0.993614738693665
60.218043216,0.1121882697529183,0.005056930330836267,0.9936741012955281
60.228824587,0.11267215628525555,0.008074048652359939,0.9935994137158044
60.238302036,0.11003499691985988,0.008973327125613367,0.9938872063031816
60.402233672,0.10929785980034033,0.009591756413281173,0.9939627639162211
60.403229404,0.10808095740257266,0.009755783378751375,0.9940942265890141
60.40378387,0.10769555663926075,0.008821937979806058,0.994144778435435
60.404386177,0.11024867877924609,0.008538705567434494,0.9938673549999836
60.404825903,0.11211276475709667,0.008628347623007567,0.9936580295030158
60.405305287,0.11340396122964436,0.00941724360957695,0.9935043316967589
60.405691556,0.11170283610281405,0.009409375067060641,0.9936971068023874
60.405927146,0.1080246563979234,0.009189800733441228,0.9941057394324763
60.406227173,0.10691034495348388,0.009502598545600387,0.9942232539841384
60.406490375,0.10405882224956185,0.009915758968398965,0.9945217138082582
60.406766488,0.10427520372991969,0.009758881288007382,0.9945006013688933
60.407019988,0.10340371330347453,0.010301972616986734,0.9945861156457252
60.407274304,0.10129884195349195,0.007882843891548568,0.9948248114070452
60.407527537,0.09954050165268533,0.0074644255358054315,0.9950055129908338
60.407780941,0.09797020908766596,0.007405299346742444,0.9951617957261545
60.431998327,0.0945465341255929,0.006435200187504042,0.9954996439393562
60.432278266,0.08872281225178316,0.006108332057477007,0.9960376252258799
60.432593561,0.08343918342650848,0.005673939571823486,0.9964967180472062
60.432849113,0.08216186492543799,0.004558632406884512,0.9966085725211042
60.438990785,0.0826987994475826,0.0033701313259427122,0.9965688891314912
60.451106614,0.08095183997106789,0.0022960591448195496,0.9967153694599589
60.459032068,0.07884324922921478,0.0010722525343188076,0.9968864490630227
60.468787633,0.07834934063686344,-0.001273306129173657,0.9969251524127928
60.481311172,0.07671723112556292,-0.0017353580519772214,0.9970513803113952
60.488410541,0.0767398537514535,-0.0014998020921478256,0.9970500215334684
60.498354243,0.07749767994850874,-0.001363189282174127,0.9969916004247877
60.507960793,0.07690022891733443,-0.0020815427672407952,0.9970366201760946
60.519388668,0.07375286503754483,-0.0014983682954399454,0.9972754232363319
60.529638121,0.06653096341789697,0.00018915349732542675,0.9977843429958404
60.538505721,0.06306093633595719,0.00013741623141978298,0.9980096690038688
60.550508731,0.06105328020533718,5.420622739505216e-05,0.9981345069868357
60.558319772,0.05887519639939728,7.900414401287941e-05,0.9982653479948493
60.57037711,0.056310494357439754,0.0003603351759985553,0.9984132402887002
60.580614106,0.055429748903584174,0.0001908247935606187,0.9984625714178694
60.588622255,0.054458903930508736,-0.0009776668726651564,0.9985155341556654
60.59885056,0.05504656237435956,-0.0022477201738201912,0.9984812585746345
60.609548859,0.055507519362114996,-0.004423995664317339,0.9984484681527768
60.618211419,0.052904010613255496,-0.0014154046955751794,0.9985985991831654
60.628795058,0.05312213056433552,-0.0007928941921545033,0.9985877079972022
60.638152168,0.052606928080361555,-0.0004622048836052414,0.9986151898927802
60.652812222,0.053095466791472715,-0.0006343449243340049,0.9985892393835979
60.658555811,0.053186177817919726,-0.0007862164020653236,0.9985843040789745
60.667951786,0.053254496421803695,-0.0009757612362432147,0.9985804957542832
60.679018204,0.05307167399923432,-0.0003031801397749392,0.998590659630222
60.688393291,0.05343236903218245,-0.00015750848358634257,0.9985714581995053
60.698149745,0.052486454892268726,0.00028666524139626265,0.9986215949376829
60.707950288,0.05294431233199609,-0.00011625998723409098,0.9985974595778359
60.717998134,0.052806678366300604,0.00038489269430258424,0.9986046798295771
60.728467968,0.05313381286279336,0.00033196507037424597,0.998587346069363
60.73858148,0.052813118465912294,0.0005267550183764252,0.9986042744986907
60.748340416,0.053211421749157946,0.0005021964726738691,0.9985831424544158
60.757934653,0.05302094816679696,0.0007446676601551989,0.9985931226107907
60.76897601,0.053231895673325764,0.0004917069084885144,0.9985820564717455
60.778491997,0.0535547400932689,-9.647290581416095e-05,0.9985649105123418
60.788079974,0.053100943250985036,0.0007367998139791464,0.9985888778430742
60.798076259,0.052953809952881965,0.0008290676354574424,0.9985966185894734
60.807881963,0.05279879645002817,0.0011993341151365039,0.9986044505664436
60.818861714,0.053495660143856545,0.001108972916481198,0.9985674661858575
60.829463711,0.053231155719688256,0.0011664304060220085,0.9985815357299844
60.837917741,0.05357137428209728,0.0009709256386267774,0.9985635508874394
60.848217816,0.05366401293049829,0.0007785273547505409,0.9985587451979746
60.860078357,0.0538494096799678,0.0015533843533190124,0.9985478596813324
60.86866668,0.05407584453408276,0.001215781649917708,0.9985360909415871
60.879696311,0.05424224848610372,0.0012708580383361326,0.9985269968303402
60.888153883,0.05453197563874544,0.0012439170014488115,0.9985112499633786
60.901891591,0.05500379748015825,0.0014038949103215373,0.9984851582982307
60.908150936,0.054874313451910114,0.001349778639545803,0.9984923574173244
60.91799517,0.05418353896734353,0.0026071899729899683,0.9985275893361282
60.928286185,0.055295371389691705,0.0020309374967168044,0.9984679750476531
60.937947599,0.056774992031669705,0.0024119285469484967,0.9983840858509756
60.948223974,0.057314618618884816,0.002398579308762688,0.9983532848194928
60.958284372,0.058031540537065836,0.0022712589848160707,0.998312166451716
60.968089744,0.057829422878767765,0.0025678520940233037,0.9983231761234095
60.978356135,0.05815309195239989,0.002837981408755855,0.998303643065525
60.988277428,0.058300357135980065,0.0031243192904106694,0.9982941986142105
60.999124332,0.05917815712923484,0.002953612093038874,0.9982430675413636
61.008248541,0.05933212624341377,0.0031004793814828615,0.9982334826196928
61.019206165,0.060653825209280796,0.0034814666421891425,0.9981527903469996
61.028227042,0.061340439918226415,0.004234388597835376,0.9981079202089526
61.037922988,0.06112332451960955,0.005335153360854472,0.9981159628711921
61.05152115,0.06125081721139551,0.007353806918208198,0.9980953155459383
61.057936395,0.06153424803868811,0.008308169459174522,0.9980703936289017
61.06809796,0.06197683052570691,0.008765194897120236,0.9980390993525272
61.079661718,0.06116611935987716,0.008742306666534324,0.9980893135970357
61.088024766,0.0601482180837155,0.011642042398819472,0.9981215630924613
61.098540883,0.05950262525237915,0.011933612449159133,0.9981568145747381
61.108887072,0.06059817121273257,0.012022532831278156,0.998089835811383
61.117954139,0.06181183238906257,0.012208722199515144,0.9980131484499399
61.129125806,0.06351198640292709,0.012961353500910771,0.9978969039427764
61.137868757,0.062293415328284626,0.01223471211014583,0.9979828867402085
61.148329809,0.06281787157907216,0.012763955306144515,0.9979433833916723
61.159021052,0.06180645239879371,0.014694969497565302,0.9979799698958599
61.168018729,0.0615338251590951,0.016613289590452197,0.9979667263843389
61.182526077,0.06078711092594525,0.018658834895440176,0.9979763399127364
61.187791091,0.060897069511736526,0.02004569426566799,0.997942742378685
61.200957687,0.06157257045056035,0.020782023457190796,0.9978862290206914
61.208003642,0.0627680110598338,0.020990594596243018,0.997807382076365
61.219010164,0.06338442892865687,0.02166468710691601,0.9977540055053389
61.228913108,0.06277252749418001,0.021520711919794447,0.9977958051377335
61.238020874,0.06305116788460766,0.021302614450517093,0.9977829166937865
61.251283932,0.06440620417326845,0.02140653484223774,0.9976941420746337
61.257910155,0.0651240144662946,0.022124240317782262,0.9976318863840284
61.26952304,0.06437752457131321,0.02268796723457517,0.9976676753673205
61.278976371,0.06514098044244258,0.02304239686627638,0.9976099942430681
61.288410813,0.0651605272627887,0.023019043086930684,0.9976092568446815
61.299044179,0.0647261222446424,0.023225451534455367,0.9976327518181188
61.308305842,0.06473833504340436,0.024407435760023355,0.9976037415003155
61.318064382,0.06612546709589484,0.02537844833102141,0.9974885247268058
61.330642516,0.06706152290978529,0.026719574093833715,0.99739100482472
61.338032908,0.06930045924779811,0.026335628225604455,0.9972481541893208
61.348155802,0.0664972069769824,0.02726655555575284,0.997413984468027
61.35801138,0.06877619299065064,0.02965310423353271,0.997191320001848
61.368004726,0.07125841506199067,0.030719068209539735,0.9969847426772342
61.380930935,0.07258285269445014,0.03194393041411766,0.9968506983517812
61.388485409,0.06997237567458761,0.03244340419163702,0.997021209486996
61.399083369,0.06864401254642229,0.03338082851596455,0.9970826043157681
61.408600685,0.06930620848987085,0.03462298995212607,0.9969944322971587
61.4426477,0.07303683727228441,0.03408804569284161,0.9967465202056662
61.442940307,0.07362638976081415,0.03476119008853774,0.9966798956507638
61.443178312,0.07389747216845864,0.03449884819998686,0.9966689485882392
61.448813987,0.07419583342679698,0.03444547289982526,0.9966486280022717
61.458552509,0.07387627703242386,0.036685903034114016,0.9965924142849976
61.469372236,0.07452208045757802,0.03944551253289688,0.9964389148689906
61.478581032,0.07654046644111773,0.0408598534089851,0.9962289041060656
61.488206421,0.07798808463039308,0.04232082399775103,0.9960556242057137
61.499279668,0.07740332508826196,0.04362208956017981,0.9960450986615438
61.508043017,0.07932957013469563,0.044032251671327814,0.9958754842423813
61.519424761,0.07833643332286724,0.04123480284728839,0.996073839757072
61.529543146,0.07619944982269661,0.042988729465259765,0.9961654546237192
61.538175637,0.07882519940562915,0.04733804317435758,0.9957638764321015
61.548824792,0.07842887357115516,0.049542265107502946,0.9956879409525745
61.558185471,0.08027880290898991,0.05022899463078873,0.9955060833073196
61.571225121,0.07971719597822935,0.05169433184153115,0.9954761999770896
61.580230294,0.07912843275293997,0.05437942068386631,0.9953801131910115
61.587930032,0.0796718624660301,0.05482032674864041,0.9953125770863978
61.60013316,0.08185685951355835,0.05557613776909368,0.99509333605509
61.608012212,0.08218317254457044,0.05581610188654916,0.9950530080959004
61.618116401,0.08428070312278586,0.054940284266484445,0.9949262928709075
61.630317909,0.08490417137319342,0.05676491500564267,0.9947708410020035
61.637934807,0.08458322815102753,0.060212263821830835,0.9945954759604537
61.64973158,0.08311132423875153,0.06306355790908363,0.9945428575215494
61.658633603,0.0827662642545164,0.0643700537863407,0.9944879293771721
61.668029904,0.08678967312785664,0.0649615034797912,0.9941064106543147
61.678792148,0.08738788959551406,0.06615914103864712,0.9939750121653314
61.689956435,0.08562216200727717,0.06587770259080836,0.9941473601406164
61.700996321,0.08620340691351289,0.06532028897528287,0.9941339107407458
61.707891016,0.08963164327685583,0.06643819968368059,0.9937565769071831
61.718182274,0.09075242211212371,0.06656688584772394,0.9936462386530324
61.72952309,0.09020680202626999,0.06804672436513967,0.9935956804311138
61.738315401,0.0895253293203745,0.06907165759948217,0.9935865948806568
61.748384762,0.09181963449385008,0.07169203563620458,0.993191525712817
61.757999005,0.09216301361789399,0.07193483949474949,0.9931421639361269
61.768831004,0.0917637932014196,0.06886973166148945,0.9933963792556129
61.778629906,0.0924872941521804,0.06764257965266687,0.9934136005905801
61.788080411,0.09351032180181543,0.07185137709719665,0.9930222552016432
61.799811265,0.09409336206362842,0.07293596449865089,0.9928881026068419
61.808145751,0.09578705618550185,0.07309288771802631,0.9927145962623676
61.818759749,0.09491717306136103,0.07356747606162033,0.9927630919428677
61.84415281,0.09301466097793198,0.0747341682183479,0.9928560202485918
61.844483914,0.09386681834129967,0.07499855062517745,0.9927558802739999
61.848612139,0.09651612805469142,0.07462385562006718,0.9925300585865023
61.858639909,0.09681081873917753,0.07670166878685217,0.9923429444402586
61.868223,0.0963517678946038,0.07680485131611064,0.9923796408824068
61.879703616,0.0958166929338711,0.0754623817490512,0.9925344277635798
61.888717805,0.09470675545823856,0.07651528370971718,0.992560346694041
61.899363459,0.09489295491329039,0.07648676620937411,0.9925447605537279
61.914393204,0.09544752787217627,0.07844138730795214,0.9923390137348699
61.918569859,0.09749296029107596,0.07800237522430957,0.9921747588772095
61.929999766,0.09778355873633673,0.07930275656927613,0.9920430678359543
61.939140239,0.09762205319352177,0.07871709866595203,0.9921056159038191
61.948773488,0.09926641535888604,0.07879529119522127,0.9919362282260173
61.958484064,0.10009424103211077,0.07880932224844846,0.9918519212256163
61.969195933,0.10005567487392157,0.07958221622381452,0.9917940979792278
61.978697917,0.1016157882199058,0.08055899358614892,0.9915565945203704
61.988398447,0.09906888101194365,0.080618628743073,0.9918094542373692
61.998991398,0.10008181181338753,0.08263390330264422,0.9915418644561201
62.00843851,0.10119449718966447,0.08252509888533072,0.9914379868617591
62.021263648,0.09997655093903948,0.08281186683895551,0.9915376361858287
62.028278963,0.09898854161744267,0.08244621935258208,0.9916672272203604
62.038107909,0.10020039662005611,0.08196265461800115,0.9915856008258458
62.142787742,0.10229310823411225,0.08151617365163771,0.9914087116023341
62.143647364,0.10289833759510503,0.08141781414739592,0.9913541605600009
62.143980507,0.10132631028560747,0.08230672177329475,0.9914426773116226
62.144398805,0.09949505300456993,0.08331436951330645,0.9915439729332322
62.144655303,0.09965512446533947,0.08203060952405647,0.9916349304400838
62.14491203,0.10136635318197809,0.08093565961312658,0.9915514517389274
62.145166416,0.10202166361204841,0.08001475708702772,0.9915589840257282
62.145444282,0.10269860709360412,0.08062409025897954,0.9914397370344531
62.145705387,0.10461120952983698,0.08260302622567695,0.9910768057517363
62.145960551,0.10589908441863462,0.08586842317096549,0.9906624035570477
62.148359269,0.10553114861812848,0.08629955169875606,0.9906642034755936
62.158288354,0.10572221981485767,0.08498165958652219,0.9907577553425154
62.168169352,0.10546267228157488,0.08684065406255903,0.9906242100601096
62.182740678,0.10406512332105047,0.08703872239708683,0.9907546169015098
62.188806288,0.10625670356331607,0.08965675649739106,0.9902884322066098
62.199737241,0.10716527830588994,0.09018678700911938,0.9901423870204694
62.207902694,0.1068768468335525,0.08858577488091698,0.9903180802649545
62.220324258,0.10744120185886713,0.08600572951039152,0.9904844282645273
62.232891217,0.10900371406135742,0.08466309470398854,0.9904293769451578
62.252698509,0.11036383876805106,0.08548339086537447,0.9902082674763614
62.253037945,0.1101031344001875,0.08914026843446882,0.9899148005453222
62.258032754,0.11098352728679182,0.09011908495129271,0.9897278450152465
62.269574219,0.11201824230767687,0.08978949565409948,0.9896412278500129
62.286454452,0.11250123831485333,0.08743963142906012,0.989796838868045
62.28809667,0.11280430987967403,0.08686249993973727,0.9898131610444417
62.298899582,0.11300404417311771,0.09127234223362293,0.9893934735704034
62.308046536,0.11479386330144793,0.09144229793252727,0.9891717116341062
62.318197574,0.11376234014523719,0.09277560492278311,0.9891667286640262
62.329775804,0.11501135192515824,0.09330732408510409,0.9889722605818755
62.338043025,0.11727544791450857,0.09327668792378584,0.9887092235872083
62.348667871,0.11810381454166347,0.09373505934253536,0.9885672600489862
62.359463293,0.11747297381351282,0.09323707305179392,0.9886895107323351
62.368063477,0.11782938249966662,0.09306352622385598,0.988663449666533
62.379370254,0.11893943954433461,0.0932626912611966,0.9885117501272296
62.388113465,0.12059533889421592,0.09378418517594671,0.988261752193149
62.398616563,0.12144070255362135,0.09403083950215536,0.9881347868513702
62.408239396,0.1232624546063759,0.09447990394645449,0.987866344722139
62.418048928,0.11962692357441909,0.09533103794972371,0.9882314467570584
62.42872752,0.11854858961000996,0.09345852136414681,0.988540204890982
62.43883273,0.12097356885003135,0.09433418715189626,0.9881631731521257
62.448309076,0.12350246369569129,0.09473742283252344,0.987811703806017
62.457989289,0.12381341188211634,0.09670034062516611,0.9875825449860313
62.470286751,0.12398809826246852,0.09736095670147772,0.9874957192815721
62.479860669,0.1252800060533706,0.09909013572772488,0.9871606075430323
62.488456709,0.1259461831580064,0.10054268573487161,0.9869289373066071
62.498223532,0.12616135941922216,0.09964836743530153,0.9869921551142
62.508353362,0.12572491074116324,0.09865100231864803,0.987148026671103
62.518671406,0.12510078555129042,0.09930749035920675,0.9871614942920971
62.529574166,0.12423182331685413,0.09671834793112694,0.9875282351653768
62.538243488,0.12356228810885687,0.09670982672700044,0.9876130671329423
62.548437986,0.12374061585068363,0.09870889373960856,0.9873929381384071
62.558045844,0.12454544101949819,0.09978476874586131,0.9871835862936508
62.568514189,0.1254760352515826,0.09965334976663516,0.9870790112538268
62.579916917,0.12659559151051406,0.09973400522057572,0.9869279023377369
62.648625651,0.1281233731402731,0.10006968396606121,0.986696741459143
62.648987157,0.12751469331429366,0.1006423495972351,0.9867173457766464
62.649442721,0.1235272987843595,0.10030404560987553,0.9872588844317034
62.649808636,0.1227191035435714,0.10048172757714574,0.9873416045364313
62.650151852,0.12485002204051313,0.10117483256338913,0.9870036095436802
62.650424077,0.12591937047527296,0.1013482259133903,0.986849962883578
62.650736848,0.1291632996893078,0.10077230896401725,0.9864896267875455
62.658459208,0.12642531324909723,0.1006658073047087,0.9868551238198842
62.668143942,0.12322621086335075,0.10159916617582006,0.9871640747052333
62.679532635,0.1262609227267944,0.10108283645511079,0.9868335419747181
62.688560446,0.1311165422475784,0.10021202323403326,0.9862890056917296
62.69957238,0.13161259772660538,0.09956512687243455,0.9862884515346061
62.708086483,0.13166294977080928,0.10048152291241644,0.9861887908564216
62.718201781,0.1290188436752429,0.1008301926797405,0.9865026154151189
62.729497653,0.12827346805753964,0.09799901449953882,0.9868850543754377
62.738178975,0.12799499802612427,0.0970005304551342,0.9870198465946441
62.748713698,0.12961126879699394,0.09877910835556744,0.9866324577842108
62.758314711,0.13031548929499365,0.09930532317591469,0.9864868605504756
62.768264483,0.1311254675680197,0.09935798296782371,0.9863742205550762
62.77906972,0.13190463766612873,0.09904815746445969,0.9863014899436495
62.788088005,0.12939219179219993,0.09980020065560709,0.986558452729645
62.799792625,0.12923596465044437,0.09973092298765907,0.9865859356593824
62.808051978,0.12969571265670574,0.09954019105801605,0.9865448659248108
62.818123216,0.13155076032733892,0.09984859750584284,0.9862680442118235
62.829435497,0.13393519478690924,0.09949961845260709,0.9859823474713826
62.838055236,0.13499616306722098,0.09926262382657684,0.9858615356469649
62.848298752,0.13541561450759226,0.09916606542035775,0.9858137262264999
62.879773366,0.1347144765909876,0.09940875834884073,0.9858853425020366
62.880077446,0.13348867285856306,0.09880236164163608,0.9861130095240073
62.880342331,0.1282931841315242,0.09744568685537836,0.9869372811980903
62.889817107,0.12957687468124685,0.09586549573919274,0.9869243336115082
62.898335449,0.13107928501597058,0.09586927107161,0.9867255463926634
62.908762653,0.1318925080983665,0.09592768029773804,0.9866114972268555
62.918014807,0.1325777780768841,0.09571859674977479,0.9865399550937867
62.928548593,0.13160223592648038,0.09531368513630276,0.986709761239286
62.938896138,0.1316489912710696,0.09511385484962369,0.986722806928549
62.969629944,0.13137428447661134,0.0947153490194312,0.9867977503208982
62.969895926,0.1310151702749084,0.0942119279641569,0.9868936810959493
62.970234517,0.1291984636023452,0.09432918309587361,0.9871219591414522
62.978213709,0.13024130891928232,0.09473934627331466,0.9869456204465863
62.988089561,0.13255820069991053,0.0942240636831558,0.9866864493091181
62.998507791,0.13402560880882328,0.0937682952468364,0.9865316229041655
63.008028951,0.13542536331956698,0.09358933083301428,0.9863574444003512
63.019525678,0.13724500301147122,0.09397599579752225,0.9860691260567108
63.028543311,0.13868352947273774,0.09332107918927482,0.9859300456076656
63.038088916,0.13880716343722896,0.09189101685208627,0.9860469625734873
63.04862534,0.13713296879738007,0.08967386045480004,0.9864852495703876
63.058154846,0.13506024199714473,0.08942880405752149,0.986793402914974
63.069866345,0.13537563469834904,0.09003360997400608,0.9866951842413482
63.08038886,0.13437201943236424,0.09169348994941426,0.9866795144800388
63.08807052,0.1359999504157217,0.09122697707162022,0.9864996969798294
63.098405152,0.13880120301042234,0.0898061199738169,0.9862398728798729
63.108132881,0.13900295860852493,0.08864182429667676,0.9863167870838626
63.118100257,0.14045155797627581,0.08811817332070718,0.9861584798563863
63.129261361,0.1391418291131853,0.0875633735218212,0.9863935355670754
63.138188434,0.13883525558043122,0.08693943638598554,0.9864919189779527
63.148466165,0.14207201091487698,0.08539501017712885,0.986165927190476
63.1595906,0.14407968556258138,0.08381923181087718,0.9860098278348052
63.167938495,0.1467380381525888,0.0837182790599594,0.9856262972903921
63.18290494,0.14923364400951636,0.08392377910205497,0.9852340426502073
63.188888805,0.15202486271315413,0.08459278672598508,0.9847499690535556
63.198387711,0.15722414341208388,0.0854771865596908,0.9838568083345139
63.208146483,0.16246118223534717,0.08604989955151157,0.9829556343263252
63.219187883,0.16730793635114055,0.08493130460240195,0.9822396489311847
63.228905219,0.1719065327350616,0.08467000902993489,0.9814678464289495
63.238315911,0.17723593700004397,0.08526553887996381,0.980467852871896
63.251063856,0.18157835059002014,0.08560097725874025,0.9796436981318037
63.257925617,0.18494385814605865,0.08712327588041638,0.9788796167731327
63.286726407,0.19007323981732835,0.08879119147057332,0.9777465355717607
63.287120257,0.1940857883307791,0.08887646576279044,0.976950193511182
63.28784459,0.19750693870375005,0.089946197731015,0.9761663232654598
63.298504957,0.20231459753449468,0.09060964179891023,0.975119836962375
63.308069669,0.20489960742714042,0.0906590343460104,0.974575338477048
63.318027628,0.20745870885986675,0.09151783704244693,0.9739534740536989
63.32976158,0.21069699574940054,0.09106552421760027,0.9733004912570172
63.338359943,0.21188902382887034,0.09170109622015096,0.9729819888018849
63.348108343,0.21670010619492291,0.09120439775380199,0.9719685292258569
63.359169324,0.21975133708450778,0.09251847257069182,0.971158937601234
63.367882943,0.2232266390611671,0.09304620548599495,0.9703155524148387
63.378969541,0.22546726542034143,0.09402323923076565,0.9697031209130079
63.38797509,0.22602080693505255,0.09362990697372332,0.9696123118816714
63.398951125,0.2257764767314892,0.09369329004002554,0.9696631115785478
63.408313081,0.22589774795531029,0.09435671327988113,0.9695705328276728
63.420002273,0.22614841472304328,0.09464248232312905,0.9694842417790867
63.428962947,0.22585865114813217,0.09381837201373233,0.9696318800319218
63.439406645,0.22775640482979037,0.09309865717748514,0.9692572723950839
63.448336171,0.22992054546931728,0.09380769041523641,0.9686777895616534
63.458010615,0.23328080908157417,0.09342313698242875,0.9679112467528252
63.468089615,0.2342063458702611,0.09408802509353832,0.9676232898644479
63.479030994,0.235342370534624,0.09447942640185854,0.9673094678632684
63.488623808,0.23933995581844242,0.09405881685770906,0.9663691450580125
63.501271541,0.2359673360080588,0.0940270211641395,0.9672012901295463
63.508857175,0.23270733503824853,0.09380179162137497,0.9680126652621941
63.51901365,0.2336304101170609,0.09340203131474321,0.9678289580369115
63.53213416,0.23528216283349482,0.09358195590877058,0.9674113506573517
63.538983731,0.2341767474563921,0.09424609904568082,0.9676150700383995
63.552902215,0.2357123589155888,0.0932154426046085,0.9673420104153834
63.55836379,0.23385217593281973,0.0950006379308943,0.96761977997776
63.568386683,0.23340246242089494,0.09605794005341492,0.967623977942133
63.581147537,0.23390968762804054,0.09615454921163603,0.9674918918004737
63.5894195,0.2366799926086469,0.09584199463167703,0.9668489505418065
63.599978505,0.23886333976697297,0.09559021014586346,0.9663368029003332
63.609614601,0.23955525377753778,0.09577220445253234,0.966147486278302
63.619003822,0.23938901422159992,0.0957885804000782,0.9661870666361397
63.62934993,0.23934841314399746,0.09570316100330992,0.9662055899752522
63.638743858,0.23943204016341388,0.09585050389956463,0.9661702640039099
63.648029863,0.2394697554109799,0.09571407249139581,0.9661744421016928
63.659109449,0.23949985042506985,0.0958963208094184,0.9661489105213473
63.66798136,0.23914036446214573,0.09584172674171221,0.9662433697056241
63.679699405,0.23885948425667342,0.09581445284900887,0.9663155475339725
63.68854347,0.239467209156293,0.09585431948004598,0.96616116935836
63.698857591,0.2393300254877114,0.09579879186796225,0.9662006677583546
63.708109579,0.2394707281606533,0.09595897736584719,0.9661499081494068
63.718555804,0.23988746606352856,0.0958578719475092,0.9660565573564077
63.729434114,0.23990547306853988,0.09588587409793617,0.966049306785236
63.738278539,0.24037157669418574,0.0957299673394012,0.9659489005484443
63.748360226,0.24006935000425442,0.09576151678075405,0.9660209309804753
63.757863059,0.23989832673995937,0.09574823098101222,0.9660647333855918
63.768428091,0.24055384343983613,0.09551803186727413,0.9659245073992715
63.790095261,0.240604813512454,0.09575347580763409,0.9658885005969343
63.79035589,0.2405820266472643,0.095770768177319,0.9658924621390423
63.799003869,0.2415293524373444,0.09554271178910086,0.9656786018832466
63.808107315,0.24156077229282483,0.0953300652596733,0.9656917582473616
63.819324973,0.2406041858741118,0.09518315636028231,0.9659450256019491
63.830024097,0.2404871126385231,0.09510648951139403,0.9659817308353227
63.838569271,0.24086200832115526,0.09530800130635518,0.9658684578318559
63.849291039,0.24158529908939969,0.09524558567662007,0.9656939585981695
63.859911327,0.2416705146189074,0.09491638085103184,0.9657050496968391
63.868976736,0.24173437748783935,0.09517127993019908,0.9656639779017412
63.878759606,0.24233227260818538,0.09483332177192534,0.9655473632785989
63.888991558,0.24286100557085125,0.09389766791469548,0.9655059605892118
63.898775376,0.24165271698219554,0.09312096381880113,0.965884284204159
63.908295064,0.24087446067058602,0.09228464255748196,0.9661589097786617
63.917974914,0.24053290669300395,0.0929683392363908,0.9661784559269794
63.928900423,0.24078899561523656,0.09225329889555951,0.9661832064538755
63.940465171,0.24182850772391992,0.09168708119594496,0.9659774593611334
63.95074971,0.24311669376658615,0.09132503570908568,0.9656883612557097
63.957919255,0.24469293327152783,0.09123717140179172,0.9652984755823328
63.969203716,0.24265292752182352,0.09174833996444363,0.9657648776378532
63.978700278,0.2448436882373322,0.09128870765521373,0.965255375631227
63.988153594,0.24913539741675556,0.09014449024132441,0.9642642400468489
63.999401552,0.25015727202942994,0.0891669147277012,0.9640905562076297
64.008455223,0.24708731602020717,0.08876581090721872,0.9649189028493091
64.019647616,0.24730549211809244,0.08780774258486038,0.9649506691589882
64.0287598,0.24701049709082326,0.08846182203708018,0.9649664866557928
64.038139414,0.2481793777930456,0.08818609787818192,0.964691768690537
64.049205616,0.24909026265767373,0.08745673736239294,0.9645233849622604
64.058169574,0.2485718252126749,0.0865767691952528,0.9647364980895827
64.070532587,0.249658849575207,0.08586795913322438,0.9645191301488422
64.088280749,0.25033287153302597,0.08544964154683313,0.9643815698101802
64.088560025,0.2507109500331075,0.08473985423934491,0.9643459838859657
64.098791341,0.25041161958661395,0.08357738891031004,0.9645251893231944
64.109472136,0.2461742611142283,0.08445336091894114,0.9655391566344469
64.118150423,0.24494588410615403,0.08430084304509214,0.965864836155319
64.129367762,0.2446967354699727,0.0840333316525634,0.9659512962989948
64.138956021,0.2439982888519679,0.0843920443215823,0.9660966917925636
64.148794427,0.24339405381391085,0.08330582080041521,0.9663433524316293
64.158279232,0.24577702311633,0.08235995186766648,0.9658211497148066
64.167982372,0.2440277013087341,0.08117897325957299,0.9663645561042151
64.178920404,0.24409278634201456,0.07911665184210244,0.9665191498656855
64.188814243,0.2431472779452319,0.07848774397714192,0.9668087066598039
64.200365442,0.2393326621129507,0.07926400695649309,0.9676967986136614
64.208160804,0.23556465410194524,0.0798379528264644,0.9685737943111564
64.21936827,0.23467581841174648,0.07941372390795137,0.9688244013792431
64.228879369,0.23485953926328104,0.07825887249110171,0.9688738543760281
64.239361978,0.23553739849624797,0.07668835962877159,0.9688348824268601
64.249957016,0.2360818796015349,0.07538987855294312,0.968804269362795
64.257886397,0.23416490620480937,0.0757179571670557,0.9692438226083987
64.269927786,0.23129152762284602,0.07654194346093773,0.9698688365656012
64.2789407,0.22848930835590092,0.07676534416171109,0.9705151816961836
64.313103038,0.22875585794892916,0.07567135911360798,0.9705383057169609
64.313438349,0.2292172373795899,0.07555202372651414,0.9704387408790403
64.313715247,0.2288287321726356,0.07422275458767574,0.9706329862691057
64.318622174,0.22628101825413835,0.07213386828916826,0.971387464312522
64.33069,0.22654462125316976,0.07156432010321766,0.971368149915068
64.338227943,0.2250493989366271,0.07201190187226332,0.9716825891344367
64.350093025,0.2236528141058905,0.07091843429543368,0.9720853843256775
64.358056096,0.22327138154854517,0.06867824006549464,0.9723338878815807
64.367899487,0.223233268716624,0.06874579621158558,0.9723378647575783
64.379044561,0.2218414378058449,0.06893820568146306,0.9726427403058411
64.396844182,0.22191719655863423,0.06757312525158256,0.9727212502126652
64.398217699,0.21855178958147695,0.06822370815622629,0.9734375382715359
64.408476269,0.21718320928770038,0.06814139495038216,0.9737495591258108
64.418306663,0.2165419663352101,0.06776270937018046,0.9739187810256528
64.429412916,0.2150816263713996,0.06754291813803236,0.974257588221325
64.438466381,0.2154305211546534,0.06637133986275506,0.9742610203635662
64.449327382,0.2131163366246473,0.06501980981368467,0.974860939516751
64.457980691,0.20910869087093686,0.06476692286840983,0.9757452542054205
64.468287389,0.2074054255835512,0.06481876476442923,0.9761052797587563
64.479002041,0.20677173862216655,0.06450712624577311,0.9762603539889749
64.510763098,0.20531421887143908,0.06429560289363936,0.9765818690605281
64.511056002,0.20353977421480415,0.06353586929628208,0.9770029445325907
64.511412662,0.20038577423624535,0.06461870960789197,0.9775837375142611
64.518564744,0.20396965210037837,0.06372552245531157,0.9769009360267028
64.529423707,0.20011823955450697,0.0629376785384238,0.9777481980642047
64.538355405,0.19517990650146566,0.0636227065645892,0.9787016681846801
64.555040293,0.1955919824823025,0.062416100165351714,0.9786970965670593
64.557874777,0.1926669878331727,0.06254652029139912,0.9792687907815351
64.569147868,0.19183435699732904,0.0625802875591092,0.9794300827953165
64.582901942,0.1933993669994791,0.06170863817862429,0.9791775777755231
64.588332017,0.1896175318788281,0.06143472993039228,0.9799341638919226
64.598416894,0.18661338011561782,0.06120224593716385,0.9805252324413027
64.608814696,0.1835482789840967,0.06046095461192328,0.9811495819952181
64.618033352,0.17881619824608166,0.05992263214970216,0.9820560296648403
64.629146482,0.17447963902079278,0.05901728245567452,0.982890541178783
64.648467909,0.1692465887647526,0.059333581172987995,0.9837861141206878
64.648769157,0.16319981303347564,0.05891113928962138,0.9848326247101269
64.659085411,0.16162044175127327,0.058107134671630686,0.985140798925908
64.668127054,0.15823930788852547,0.05788553716531705,0.9857025849748206
64.858859753,0.15575327207395523,0.057217174678969564,0.9861374717350583
64.859316875,0.15261242974649414,0.05576754349325705,0.9867114205174676
64.859715959,0.14759214724028358,0.05451606368560901,0.9875447113286715
64.860121661,0.14168955596563737,0.054587238144995345,0.9884049287422448
64.860577417,0.13821380118265775,0.05404896636213504,0.9889265161769227
64.860999781,0.13601112673210553,0.053368088646039716,0.9892688312684937
64.86127629,0.13070558793806883,0.05347593961489744,0.989977965999278
64.861920741,0.124101863281059,0.05153503324690688,0.9909303042486941
64.862475436,0.11847743902932599,0.050918098215386065,0.9916503636439513
64.862908754,0.11174977906629763,0.050758092889728795,0.9924392187357528
64.863314589,0.10930029433676997,0.04992728889861476,0.992754104237867
64.863917787,0.10414320777342158,0.04879215178803018,0.9933647458001296
64.864508151,0.1009566622919355,0.04871238003306188,0.9936975678597522
64.865033018,0.09608102926404942,0.0496360694974337,0.9941351499773091
64.865290312,0.0882635472222539,0.04629588045765476,0.9950207222386858
64.865539647,0.08451833214556491,0.04657118384595695,0.9953329977281563
64.865795438,0.07979947873252093,0.04626419525430899,0.9957367460486176
64.866064381,0.07415568991998334,0.04618179234061161,0.9961767793462664
64.86633337,0.06796565869944073,0.045928615748095286,0.9966299370844802
64.868131208,0.0615321969623064,0.045540172192649185,0.9970656354792576
64.880140316,0.056984223393161997,0.04480657900334564,0.9973691236258997
64.888349084,0.05242241691973578,0.04248683346582834,0.9977207821762261
64.898977702,0.04611086730867201,0.04271290384380599,0.998022743108228
64.908788184,0.04425942644641529,0.04188488692282324,0.9981416529822291
64.918161219,0.04381034895509332,0.040308125501287116,0.9982263813098738
64.930287691,0.03916116263140245,0.03952054856861953,0.9984510651915758
64.93879316,0.03346651369470106,0.04069144112208726,0.9986111350673645
64.948314686,0.03471689055727905,0.040549700244731104,0.998574213226086
64.958180808,0.03348060160597305,0.03869553458214092,0.9986899944024196
64.968285907,0.03532697304466301,0.036612050733137565,0.9987049427716957
64.979282119,0.030601786146939876,0.03867743769263145,0.998783052768793
64.988075096,0.030586818130406233,0.04098658369146535,0.9986914170623277
64.998317671,0.030798964399089926,0.04173671867086715,0.9986538289650387
65.008566232,0.030181465062590545,0.04106400524067644,0.9987005690597504
65.018663505,0.03157934945665375,0.04070929739673953,0.9986718669279507
65.028360777,0.03320425127407496,0.03953698244856811,0.9986662629308101
65.038072291,0.03455912726959241,0.037485483368301244,0.9986994068582443
65.050393153,0.035536583338765824,0.03834055447350525,0.9986326417293153
65.058010313,0.033350499908895805,0.039495054828984154,0.9986630486805258
65.067938659,0.032791950876999376,0.037388995439529824,0.9987626099217489
65.079575903,0.03261259345328523,0.03644168468013387,0.9988034953712991
65.088459439,0.03344658727965902,0.0361955659177423,0.9987848651272397
65.100430587,0.03219272688832048,0.03606761629966168,0.9988306940567828
65.108794021,0.03276802339527954,0.03729417651670661,0.9987669403022446
65.120740074,0.03075460617296485,0.036882226228178674,0.9988462622383885
65.129910262,0.029240384688794578,0.03824192457233383,0.9988406054562736
65.1388876,0.028236408806853665,0.038637402881144145,0.9988542718116054
65.151143857,0.027958114261387067,0.03743116634105565,0.9989080296169891
65.161347989,0.027225373698791897,0.03711404968870658,0.9989401014788951
65.170078064,0.026971416966125032,0.03671093029745366,0.9989618862917319
65.180434652,0.027036096006333,0.03584794442082147,0.9989914786391013
65.188523479,0.02748224956592045,0.03579551854050186,0.9989811844130064
65.198209321,0.02699017360737389,0.03747619076158587,0.9989329635439234
65.208321753,0.02716064855236885,0.03867838296377936,0.9988825165461261
65.219142875,0.02761746383095281,0.03863740260165329,0.9988715767363409
65.22871288,0.025714900830908886,0.03905576001830962,0.9989060974309091
65.238041226,0.025850292077684283,0.04055802351143675,0.9988427349329545
65.254472283,0.02321357129535471,0.04146730299043438,0.9988701581739314
65.258005235,0.022231315652627287,0.04134058533845869,0.9988977548319082
65.268663731,0.021840971604928004,0.04081197110213154,0.9989281030054724
65.279533094,0.02230024333882171,0.040970627760349196,0.9989114609453396
65.288333087,0.022162897659517043,0.040364113707058204,0.9989392095077546
65.300907321,0.02261275342866783,0.04066046185180024,0.9989171087854952
65.308748858,0.02254471410032191,0.03844204430632041,0.9990064790058599
65.319642527,0.02270614273962397,0.036557005543862396,0.9990735790859219
65.328677765,0.02192616451211813,0.03786144097305683,0.9990424188177554
65.338283512,0.021841805479398235,0.04014208389669599,0.998955228543217
65.348850743,0.022054538983394788,0.04088797165944828,0.9989203026687395
65.359107679,0.02377852046817761,0.041164772688052464,0.9988693825790664
65.695958732,0.022389569873792443,0.0424765994407768,0.9988465576157403
65.696777778,0.022455592576263828,0.04291393590918716,0.9988263815432747
65.697589342,0.02235358194278927,0.04349703880952036,0.9988034466245751
65.698184906,0.023945201684168693,0.04353037917313678,0.9987651042188788
65.698433441,0.023765055954715616,0.0436528236479351,0.9987640627811114
65.698909376,0.024955994855454886,0.042449200082548155,0.9987868960559736
65.699447442,0.023189627955382548,0.04209284428510799,0.9988445492744509
65.699734674,0.02252753540562061,0.04138678410460631,0.9988892051924615
65.700029081,0.02116260232088972,0.040625206808691944,0.998950317500705
65.700605488,0.020939618432794654,0.041793654494143954,0.9989068138840146
65.701262735,0.018434968737509858,0.04194634975254502,0.998949776350185
65.701544891,0.01680763505930585,0.043473217189148906,0.9989132008292505
65.701884361,0.01603833682285073,0.04318857456666771,0.9989381956752161
65.702200633,0.01460148435481554,0.044277105615575484,0.9989125760410383
65.702522278,0.013671756342534928,0.04458389270664321,0.9989120880185769
65.702777754,0.013609139200284366,0.04494378131980728,0.9988968154173405
65.703032943,0.014144420367279304,0.04545824181837232,0.9988660989458277
65.703288994,0.012933711989326871,0.04496544392679,0.9989048142574166
65.703592813,0.012257681928070002,0.045643767069666726,0.9988825735597956
65.703896767,0.012048139951796702,0.046440193674977044,0.99884841229044
65.7041616,0.010716268452950522,0.04723112357282904,0.9988265027303254
65.704431012,0.009838064796102268,0.04711036861494616,0.9988412414643437
65.704699441,0.009745394350320074,0.046655490277628026,0.9988635004423332
65.704955666,0.009634874871724645,0.0467095552617468,0.9988620458469007
65.705210753,0.011246785952330253,0.045974343364778764,0.9988793068023385
65.705453187,0.010055096748954644,0.04434498713384873,0.9989656736572424
65.705761898,0.009118884353136496,0.04363137248429743,0.9990060807038617
65.706027168,0.009576793516243859,0.043898861398709306,0.9989900775252195
65.706355006,0.009460285495751269,0.043995328603105906,0.9989869438883792
65.70663778,0.009606735875735177,0.04571474055776864,0.9989083407007622
65.706879873,0.009356768704752964,0.044928051483105455,0.9989464055039876
65.70715173,0.010095909788941402,0.04361636689360673,0.9989973399086385
65.707393784,0.009069073165728227,0.04311401803620495,0.999028995255237
65.707635525,0.009337432301536776,0.042709325776101065,0.9990439058668868
65.70817992,0.007622122685315626,0.044408819060253256,0.9989843642597434
65.718791666,0.007590414530357342,0.04378287342769173,0.9990122349609498
65.729056265,0.00826822279571912,0.04394078102972175,0.9989999220491954
65.73848477,0.006369086856067457,0.045994831785691796,0.9989213733731128
65.748173251,0.005617461351257485,0.046849585676868276,0.9988861599050579
65.75850229,0.005758351673189814,0.04632326404905081,0.9989099041424355
65.768728801,0.005934296076150029,0.044773243381258036,0.9989795497442395
65.77952385,0.006305176463584639,0.042892495251260064,0.9990597973098927
65.78830858,0.006638182112193802,0.042862243866365356,0.9990589384961157
65.800160035,0.006369200286411626,0.043081622020627576,0.9990512535059367
65.808109604,0.006255790597706598,0.04229890219275597,0.9990854157464643
65.818627103,0.006891887442793738,0.04275791262205379,0.9990616911861252
65.82969297,0.007021773905189675,0.04172862438631096,0.9991043071661991
65.838113865,0.007839470764946913,0.04043439984609038,0.9991514409773986
65.853021769,0.007195893537198191,0.04095656551126026,0.9991350153296216
65.859038286,0.007030647867196929,0.03986026418121856,0.9991805288985425
65.868657611,0.007387757589955708,0.03900071760502111,0.9992118719591383
65.87909612,0.008717031024768177,0.0384265690589278,0.9992234045299744
65.88874494,0.00871476930043613,0.03878202190309681,0.9992096914928057
65.918790975,0.00894137952481505,0.03863121647049494,0.9992135311564806
65.919084371,0.00919843938280266,0.03860214244252376,0.9992123214371249
65.919431293,0.010656283995075198,0.03830291939941403,0.9992093524266566
65.929132611,0.010936183206682912,0.03719934387249523,0.9992480216204211
65.939434513,0.010784729898177563,0.036435251432579134,0.9992778202552423
65.949962239,0.011131397019218968,0.03754767017542792,0.9992328379636038
65.958944722,0.011497244106232079,0.03717790198306153,0.9992425216042898
65.969179782,0.012127981732179225,0.0369110609872392,0.9992449577735684
65.979711086,0.012184203766783554,0.03743807169886757,0.9992246674127095
65.989248081,0.01044709846280857,0.037758992655610425,0.9992322635940765
65.998567865,0.009972016896291376,0.03909553487599801,0.9991857174878851
66.008150637,0.010859337792038997,0.04034053382501986,0.9991269769721117
66.018559162,0.01260837861871621,0.03964086358256035,0.9991344407651236
66.028405067,0.013273815995385801,0.03987217310182498,0.9991166176283222
66.038641858,0.013540148743161215,0.04071596601461136,0.9990790131333508
66.050707377,0.014258363828105467,0.04062877765970664,0.9990725706808408
66.058069014,0.011790982372598832,0.03931709890594101,0.9991572140901097
66.074420781,0.010627701496991118,0.039449325603904455,0.9991650527667029
66.082281268,0.010209118722877795,0.03951149522723864,0.9991669608427863
66.088191979,0.013045115131046057,0.03852019204531241,0.9991726676485952
66.098936038,0.013855181734234234,0.03738541971123316,0.9992048660470616
66.109117901,0.01300565529849079,0.0353711606501133,0.9992896146385795
66.118233464,0.013530117003049603,0.036679001305160476,0.9992355011693389
66.129357124,0.013326890999391806,0.03812947349216157,0.999183935633225
66.138315149,0.013156676896339552,0.035941105228738966,0.9992673009800642
66.150157287,0.013117846890781137,0.036431920366521146,0.9992500374137384
66.158492586,0.013786909753223036,0.039008338887609476,0.9991437687423598
66.168238157,0.012890595445981192,0.03976139997257423,0.9991260499162601
66.179918985,0.012520345813870981,0.03942358286484662,0.9991441447833239
66.188494379,0.012202472839230837,0.03912007237390725,0.9991600070029165
66.198650831,0.010118152497687065,0.04118526572153811,0.9991002937030297
66.208085137,0.009203555378345897,0.043343398898062775,0.9990178398509013
66.219306894,0.009265219167173827,0.044573401696827414,0.9989631462546342
66.228854744,0.00925753240558416,0.04414895993841924,0.9989820656198566
66.2381835,0.007490974192110943,0.04692364335696967,0.9988703904910592
66.248191517,0.008145946973837595,0.04550062968431484,0.9989310968461391
66.258432213,0.008915135841285834,0.04626728767455032,0.9988893124086231
66.269317585,0.0070365711549902465,0.047686931956386194,0.9988375459437674
66.278730691,0.007297884229361334,0.04814988144074671,0.9988134609640666
66.288414467,0.007423527788999205,0.04637946382877485,0.9988963092183901
66.302678012,0.007911617401144046,0.04984562238849918,0.9987255980692601
66.30763155,0.007063680853645444,0.0543720397102712,0.9984957614885216
66.318870261,0.007163402470422523,0.055644227911917206,0.9984249624108632
66.329844581,0.007496260954116909,0.05546805919912834,0.9984323214321489
66.338140595,0.008751593875555328,0.0551954899780363,0.9984372125931213
66.353087112,0.009431555057305441,0.05811690335493924,0.9982652309449798
66.360062688,0.006711477725610709,0.05596438766140669,0.9984102079708633
66.368674198,0.006165009121584475,0.05711839435308331,0.998348376915121
66.379491585,0.007306709275269054,0.0627542410238589,0.9980022631402629
66.389454167,0.007518843821923729,0.0634951811188125,0.9979538210570021
66.401146703,0.007609449465043563,0.06209366597570139,0.9980413182451602
66.408579105,0.008647607536295962,0.060796977170963565,0.9981126922601333
66.418192114,0.0075516364887425,0.06308187642920661,0.9979797841902972
66.429305062,0.006921710762428823,0.06332291495164148,0.9979690868770177
66.439243018,0.006051310972037137,0.06641892934183107,0.9977734750235671
66.449011121,0.008991077217858738,0.06485113824343056,0.9978544434931349
66.458253116,0.012386547937277037,0.06290056544624503,0.9979429303806607
66.468160434,0.008762446888606569,0.06485114115056159,0.9978564771629206
66.479378937,0.009312935740939953,0.06720941485941562,0.9976954263612418
66.508419405,0.010578137384608615,0.06887757159304023,0.9975690367793689
66.50880902,0.011836760689853731,0.06830789579505528,0.9975940669773568
66.50922519,0.012403482628328742,0.06668083730398514,0.9976972584682832
66.519097493,0.012899082747687578,0.06844730234821111,0.99757134104059
66.529356087,0.012873024615001406,0.06614200949026601,0.9977271770468374
66.54266222,0.013418629423928647,0.0670264828913629,0.9976609599335825
66.553136071,0.014987689359087657,0.07189181183752533,0.9972998228007429
66.558146865,0.014349778170733024,0.07253266822025925,0.9972628018267305
66.56947801,0.015400082679757033,0.070290584330418,0.9974076755308959
66.584491629,0.014000403398189748,0.071456844416384,0.9973454306762232
66.69985666,0.015267407410592014,0.06780768029355713,0.9975815880238397
66.700301211,0.016125579681036395,0.06754743291304595,0.9975857406693462
66.700570289,0.017966772306632295,0.07054149034228821,0.9973470274850026
66.700908736,0.016188146967360435,0.07314852642859287,0.9971896695108152
66.701146221,0.014941280067743125,0.07237189486433984,0.9972657955548672
66.701384774,0.015178617720436023,0.07296612916460654,0.9972189095473626
66.701643734,0.016000706938719862,0.06970597732674916,0.9974392483266257
66.701876619,0.016213809590097585,0.07093056963540038,0.9973494706820543
66.702235516,0.01645081312457831,0.07318488939610883,0.99718270277398
66.702531115,0.015330745471754609,0.07508439624226862,0.9970593270634475
66.702907256,0.015470816200750866,0.07644946101902603,0.9969534260716412
66.703360831,0.020459365703735074,0.0750230437629234,0.9969718939165474
66.708183155,0.01787344586861538,0.07481666603296602,0.9970371138611106
66.719592988,0.019292025771528866,0.07219165397677423,0.997204183122859
66.866015687,0.022215384905410633,0.07362215823313731,0.9970387427229692
66.866407089,0.02165077958447341,0.07540247810235128,0.9969181059843427
66.866748587,0.02039649332367257,0.07556438395375799,0.9969322980713317
66.867247413,0.021500091402889884,0.07437635413294057,0.9969984473486199
66.86759612,0.022604108691624644,0.07471348838666943,0.9969488196107923
66.867875145,0.021339770600096012,0.07232743663697602,0.9971526242758727
66.868397352,0.02142032880738796,0.07142926180550449,0.997215638701933
66.868706137,0.023013379462831607,0.07622790029652331,0.9968248048589498
66.868968905,0.02345964747132052,0.07757095906346562,0.9967107861614098
66.869284882,0.02131623164872415,0.07707961806231622,0.996797045916402
66.869606147,0.021540723628694775,0.07319251725275971,0.9970851782288999
66.869853583,0.02342950532373072,0.0735420323632225,0.9970168643288699
66.870110267,0.023605930388476477,0.07513359294285964,0.9968940281002747
66.870365114,0.025161859490865045,0.07777824060074529,0.996653112229132
66.870620532,0.026929892242200663,0.07825623124239034,0.9965694873793604
66.879027437,0.027502053915616012,0.07735917212762265,0.9966238987291802
66.889605894,0.027521127927592027,0.07875986995360812,0.99651365791066
66.898978154,0.02766104450341614,0.0775654949696041,0.9966034620685905
66.910560953,0.027304600980755152,0.07439276139170245,0.9968551428456389
66.91846555,0.028185020249468347,0.07590576044692024,0.9967165696247413
66.929239045,0.02960055389028439,0.0773803380080772,0.9965621357944242
66.939554721,0.027565952140040307,0.07591502877588051,0.9967331772789397
66.949036779,0.0309925928657862,0.07579496357000805,0.9966416520921033
66.958606469,0.032771395028881524,0.07857877348062339,0.9963691143477612
66.969586335,0.03105980185619851,0.07943631711572333,0.9963559405311657
66.97912898,0.03026014776542224,0.08023909241606465,0.9963162206375349
66.989605046,0.0306102104677059,0.07622193479923443,0.9966209066995253
67.001082515,0.0313243666736135,0.07646418292454621,0.9965801587339468
67.026192554,0.03416650858307992,0.07796555212271962,0.9963704242767555
67.026488151,0.03279609820784554,0.0756863318156369,0.9965921909781528
67.028595358,0.03265326652311588,0.07730497900208883,0.9964726310375299
67.038216533,0.03338454843446406,0.0790144224628302,0.9963143043079792
67.054690787,0.032237154802877754,0.08113644460213035,0.9961815312519805
67.057808938,0.033920162958233836,0.08102737671113408,0.9961345224256606
67.068433779,0.033818110072982174,0.08108604923668233,0.9961332180237129
67.081420621,0.03446570273837657,0.07939754742286453,0.9962470300071082
67.088702804,0.033812613089733434,0.0787416028843023,0.9963214677860027
67.101202634,0.03426458453378674,0.07788519660111537,0.9963733408703449
67.107998772,0.034998415444429,0.07558388116269801,0.9965250562955065
67.118374795,0.03649979093014222,0.07866124871490138,0.9962329914295492
67.128966843,0.03576126144162334,0.08115780343034121,0.9960595078219302
67.138233864,0.036297549616083946,0.08256688709064708,0.9959242928295444
67.148278253,0.038526900585109186,0.08247684845334997,0.9958480041655494
67.15850048,0.038733135480487464,0.08010744436101272,0.9960334038443679
67.168347392,0.03888055557749426,0.0814004331848035,0.9959228242566348
67.179876045,0.03859773676342963,0.0827450951177243,0.9958230083457099
67.188605397,0.036984694453281036,0.08485647083692562,0.9957065389628108
67.200460913,0.03854845884455794,0.08576107295858983,0.9955697136241646
67.208705911,0.039586261449470965,0.08663660605317264,0.995453176395576
67.218676607,0.04036000832467961,0.08339731199785952,0.9956987285718325
67.228573412,0.040777349521000913,0.08544655617638258,0.9955079576797157
67.238369251,0.04147885947573763,0.0901259796171365,0.9950662349887286
67.271726602,0.04262932855357877,0.09034133793180338,0.9949980819115999
67.272101332,0.04388448372705335,0.09069182133947742,0.9949116270454067
67.273293296,0.04509141575448777,0.09193066675529354,0.9947439453121507
67.280324763,0.046106930213162756,0.09259562777636055,0.9946357125616495
67.288894783,0.04741225254900381,0.09240406950995932,0.994592160760494
67.298791595,0.04842072591838189,0.0944312500045263,0.9943531426631685
67.311316388,0.047711246531760815,0.10076354347342172,0.9937657396293482
67.322780695,0.05060741662567567,0.10233917647992827,0.9934614146205606
67.329660589,0.05119305725689734,0.10266928859823056,0.9933973465172058
67.338200718,0.049923194426654834,0.10079699243743118,0.9936536826147262
67.348571297,0.05239503390316628,0.10121776877765545,0.9934836303160507
67.358104343,0.052751628273773284,0.10379740369703382,0.9931985525061042
67.368458751,0.0525076854203071,0.10550813789283882,0.9930312058592055
67.379449339,0.05287828713938159,0.10515723187159493,0.9930487618109741
67.38805861,0.05586648065851388,0.10166485856815419,0.993248807133011
67.400124199,0.057432537513855984,0.10075736875375838,0.993251960117139
67.408289333,0.05809588232864296,0.10237855211177894,0.9930475822053808
67.418275269,0.05750054031910666,0.10656689729298124,0.9926415185072394
67.428667149,0.05712272324349535,0.1079571644241154,0.9925130957013875
67.438733331,0.05926410052208101,0.10806998393892876,0.9923752541053956
67.448373218,0.05937317347613741,0.10781568081376378,0.9923963952181796
67.458711665,0.0596385180394287,0.10706780313947643,0.9924614514916673
67.470073582,0.05929054766891729,0.10605152287929927,0.992591409116612
67.479231445,0.060097568749488996,0.10644626634458232,0.9925006169326541
67.488288305,0.06104670666867499,0.1072289907692458,0.9923584247354974
67.499503092,0.06160149272588419,0.11081715977130589,0.9919298428791039
67.508016911,0.06306969962481514,0.1125244328292587,0.991645332266375
67.523281985,0.06329212840148109,0.11272818902967033,0.991608018261501
67.528628859,0.06334817939067568,0.11180708670196012,0.9917087190960394
67.53854946,0.06409342401666897,0.11342225256471769,0.9914773954160352
67.549799818,0.06411531372179632,0.11562782349659236,0.9912211826730685
67.558175621,0.06250550783706404,0.11746531378702305,0.9911079464654428
67.56815151,0.0647194608560886,0.11780270603808929,0.990925786240625
67.580934396,0.06528358716187531,0.11741420663815705,0.9909348905588148
67.588332551,0.06637462573714821,0.11668844707866113,0.9909481395999612
67.668516686,0.0652632319259403,0.11859842271149461,0.9907951981559694
67.668766389,0.0657205727404821,0.12040453804618738,0.9905470980910233
67.669140619,0.06492920299475842,0.12111145423562998,0.9905131065520519
67.669469551,0.06591036561887245,0.12198753979890296,0.990340781669521
67.669774997,0.06651020164406282,0.12274666718611513,0.9902068717050834
67.670034262,0.06697889392563525,0.12310297598962387,0.9901310443931131
67.670335783,0.06773069149484359,0.12399917997294452,0.9899680584724276
67.670602692,0.06844739603384417,0.12469233439620558,0.9898316906014936
67.679630665,0.06767834524593003,0.1249849427427233,0.9898476679127809
67.688947504,0.06808258912804763,0.12517844317936866,0.9897954932312084
67.699266449,0.06788087147047746,0.12481749687046483,0.989854928645304
67.708129428,0.06807611066741237,0.1248368909770718,0.9898390747023362
67.72132246,0.06756067647843245,0.1247261499677899,0.9898883485060268
67.730430679,0.06769467022227979,0.1241536712437055,0.9899511591690807
67.73868377,0.0684569407486151,0.12394169195700488,0.9899253023628477
67.749649584,0.06783387359009377,0.12388396878683763,0.9899754178116673
67.758102098,0.06715514600194437,0.12412101739872065,0.989991999667353
67.769122983,0.0666924983734833,0.12446170222861525,0.9899805025044981
67.780082585,0.06751923655397038,0.12457665641991822,0.9899100006416759
67.788253638,0.06695564907280287,0.12462821479217533,0.9899417907811324
67.798940553,0.0673384320880868,0.124524403707718,0.9899288906003074
67.808283208,0.06704755927633167,0.12467411410808386,0.9899297904732696
67.818293092,0.06701067702227617,0.12445788733468768,0.9899594958609178
67.829578369,0.06666711882050202,0.12481205397349653,0.9899381023332166
67.838424085,0.06729674954081065,0.12498399158972781,0.989873804758738
67.848987049,0.06723999103857542,0.12499679449936053,0.9898760452551708
67.858211715,0.06774980061269766,0.12521130857179882,0.9898141708031248
67.86846255,0.0679350026113525,0.12559806576501156,0.9897524747613837
67.87892743,0.0666677269172087,0.12629294126296153,0.9897502246399557
67.889770054,0.06734900447687495,0.12661719827146573,0.9896626681338739
67.898566384,0.06734945888873749,0.12702634111955396,0.9896102056108623
67.908547945,0.06659809027139471,0.12753290307735338,0.989595903894547
67.918497506,0.06724722172760894,0.1276326965743859,0.9895391381522354
67.928472123,0.06639626471722775,0.12809046562459675,0.9895374518671206
67.94013444,0.06688470291774254,0.12832527030421756,0.9894741338291542
67.948463509,0.06714449560297084,0.12742550978358583,0.9895728149896883
67.95809883,0.0674286842165002,0.12711505101615964,0.9895934197184169
67.968232262,0.06815631049127452,0.1273789247773902,0.9895096396007333
67.979209312,0.06966414238627103,0.12783154032877284,0.9893462510985518
67.988697856,0.07097376818650217,0.1285870000682576,0.9891552495148851
67.998210973,0.07173743769232989,0.12885510967144156,0.9890652661704888
68.008098034,0.07542471394030252,0.12737563858007936,0.9889825879272803
68.018909345,0.07639106916138537,0.12805308185783584,0.9888209204800892
68.028115842,0.0773096230466149,0.12925537648580085,0.9885930759589125
68.038376118,0.07717080444230028,0.1292546726792489,0.9886040140179022
68.050390242,0.07427838567091509,0.12884660313077745,0.9888787965589023
68.058168718,0.0740525317117969,0.13075202646200537,0.9886456039062494
68.069039714,0.07383570182316698,0.13009840722666227,0.9887480435244187
68.088103396,0.07032077475589273,0.129832937239864,0.9890391281670308
68.088444512,0.07301836683900695,0.12968447227193472,0.9888631127490367
68.098677928,0.07057814388445023,0.13004898498377096,0.9889924100368602
68.109524142,0.07054079790688733,0.13036031757485197,0.9889540856037976
68.118917106,0.07110736547409603,0.12898092443433784,0.9890943654209122
68.130339851,0.07159992794263746,0.128581553778781,0.9891108301633562
68.140976633,0.07419477865212827,0.1294905877505719,0.9888009519133633
68.148294746,0.07521744992643546,0.12691354077259812,0.9890577780873706
68.158749531,0.0758877010222508,0.12552377708573795,0.9891839253746938
68.168300397,0.07539566582225492,0.1233021913823645,0.9895009162075221
68.179729334,0.07149385732499516,0.12499251479618502,0.9895784454047687
68.189010869,0.07226905721399786,0.1231604644097544,0.9897518291853639
68.198414907,0.06879747718725514,0.12353550848736838,0.9899524661696827
68.208024257,0.06753591464137891,0.12615058160831233,0.9897095184918839
68.218968432,0.0665839669021325,0.12853449344395082,0.9894672603712983
68.228695676,0.06592284282371523,0.12605786844827552,0.9898300826891032
68.238590945,0.06434759590087248,0.12635940340852425,0.9898952914687593
68.251842205,0.061754898938061076,0.12685320835799604,0.9899972706964564
68.258059342,0.05973198396265663,0.126882533082789,0.9901176257851286
68.268891222,0.05821061463672414,0.13027779277631693,0.9897672560016045
68.28261683,0.05774722790189995,0.1297726628702286,0.9898607546727044
68.28807649,0.05733220511616479,0.1290707353922559,0.9899766479679307
68.300913473,0.057801772043056705,0.12855577180281308,0.990016347685666
68.308157374,0.05601525916447492,0.12933837967664066,0.9900171080760969
68.320111513,0.054733267008914156,0.12986532080549504,0.9900198320915682
68.329704379,0.055737582514916575,0.13002581925536758,0.9899427297689313
68.338292458,0.05394606710770657,0.12876597775094553,0.9902066172357434
68.350153229,0.05253899626180028,0.12838246029954678,0.9903320643901408
68.392820033,0.05239973305726082,0.1277187344248562,0.9904252585896833
68.393329934,0.052039380586517484,0.12785872092488473,0.9904261963173349
68.393876468,0.05118576824794973,0.12841887006872016,0.9903982082673314
68.394173787,0.05090573786723844,0.1254667870870739,0.9907909422225454
68.400096462,0.048768673000034464,0.12811052941339493,0.9905600985236764
68.408626819,0.04756327474938503,0.12676358101543977,0.9907919708108542
68.418015005,0.04715569751070639,0.1254485705035308,0.9909788072158252
68.428750229,0.04577833897498877,0.12510109359771102,0.9910873120272238
68.439410251,0.043309016118765795,0.12504362083099738,0.9912055397405215
68.448402749,0.04020976615960091,0.12521155962990294,0.9913149045789827
68.458252254,0.04029229026638376,0.12437059374707923,0.9914174129780496
68.468074957,0.039847923154797335,0.12352103401765559,0.9915415761204665
68.480284883,0.0371362500823774,0.12331828560210906,0.9916720724947212
68.488590095,0.03521721193523782,0.12100520174055122,0.9920269598832671
68.501255316,0.03637421651169174,0.12279537922178584,0.9917651996389764
68.508139475,0.03217960882411317,0.12386363068631308,0.9917773307396835
68.520256874,0.029882984991448945,0.12236166047668143,0.9920355997913533
68.528907208,0.029217136213194793,0.11832688283907106,0.9925447635996517
68.644853504,0.029431104766118783,0.11723659203928434,0.9926678153134916
68.645902409,0.028664774290073636,0.1197041345294491,0.9923957128542298
68.6463173,0.026288167076293428,0.11860549737037608,0.9925934053101979
68.64886901,0.02707360616653608,0.11648030520747718,0.9928239311921889
68.649470775,0.02728934845760709,0.11384766778046027,0.9931233558837035
68.649932971,0.026979513743808685,0.1153990252800923,0.9929527535600837
68.650722869,0.027267335253484223,0.11331612791476015,0.9931847499748373
68.651283691,0.024530725590391576,0.11352812823448695,0.993231900213431
68.651691737,0.022555079688447364,0.11322657689315238,0.9933131483400927
68.65203829,0.023410868211994312,0.112374950141878,0.9933900552301554
68.652545924,0.021681367785603704,0.10986739760213253,0.9937097530139675
68.652915771,0.020230152475778307,0.10722994819602658,0.9940284096245361
68.66100708,0.01705168443443116,0.10750349020068249,0.9940584689305858
68.668325653,0.0165893192047226,0.10616626371682242,0.9942099974033323
68.683024779,0.012726391057010998,0.1033809735896044,0.9945604120767775
68.690100351,0.010866497240884537,0.09900950994138472,0.9950271534882256
68.698261529,0.010334772451232604,0.09677104531080606,0.9952530116848858
68.708374505,0.007567010090862369,0.09082240813429976,0.9958383556275444
68.719311039,0.004391665982258904,0.08835186874706953,0.9960796456904443
68.729459776,0.0011845025756682867,0.08766622006327517,0.9961492010805739
68.738506041,-0.002349461442074659,0.0867320838647915,0.9962289022405458
68.748562719,-0.007546171263755326,0.08479353111697092,0.9963699676224557
68.758714469,-0.008852392461797969,0.08330606129300233,0.9964846889438637
68.768305822,-0.01138220234575155,0.07887158771416491,0.9968198022316809
68.779537743,-0.014105449762724554,0.07499973782455593,0.9970837856535625
68.788218486,-0.014759700752919429,0.07213220340922663,0.9972858649680212
68.798747037,-0.01838507423641614,0.0675726514503032,0.9975449492736143
68.808262872,-0.021486625228934228,0.06367174199932442,0.9977395623142559
68.818790501,-0.024961738604179173,0.06272663201528321,0.9977185380867071
68.829838671,-0.026827080827359812,0.06427036211817633,0.9975718662269305
68.838287698,-0.029920746467366553,0.06440169282288895,0.9974753986401781
68.848577361,-0.029310900962580298,0.06519706984656153,0.997441834478675
68.8601054,-0.026087872816870403,0.06412498940343593,0.9976008262957183
68.868266369,-0.02540812989052309,0.06497364966924656,0.9975634575224397
68.879381922,-0.025373263020352223,0.06619815234305038,0.9974838355332213
68.88833484,-0.02686411009484766,0.06699888863929296,0.9973913316797532
68.903186974,-0.02634420674448827,0.06849937578839822,0.9973032729754794
68.908521549,-0.027145949459536522,0.06977901964956705,0.9971930534478696
68.918524507,-0.026432182524136316,0.07017832233060001,0.9971842070559849
68.928492527,-0.02678836160777372,0.07003419914600562,0.9971848347384494
68.940022984,-0.02851709449811957,0.07091867320985494,0.9970743789264365
68.949536566,-0.028730367379413643,0.07008152288776823,0.997127447290453
68.958552192,-0.028632210004327346,0.06995118639545128,0.9971394225844935
68.969051677,-0.029219249663716373,0.06874722015753042,0.9972061247152976
68.978935812,-0.026768588962236013,0.06535336730325317,0.9975030726905543
68.988171728,-0.02691296007715209,0.06385210200673601,0.9975964122074653
68.999927317,-0.026808493452019955,0.06191115259513763,0.99772156129011
69.008849169,-0.026310788573662265,0.060632541145935116,0.9978133279119991
69.022272149,-0.026243223457550553,0.059426884787081954,0.9978876382574643
69.028898285,-0.026819087078162395,0.05691987514093796,0.9980184689584829
69.03861085,-0.02669238874374698,0.054277286676784435,0.9981690701149575
69.050055132,-0.026096632959783775,0.05450273608330403,0.9981725389468475
69.058570221,-0.026680861777457657,0.05564469291079846,0.9980940836242219
69.068893135,-0.026454584837541345,0.05513692563713606,0.998128285528648
69.082009696,-0.025474736745921597,0.05571563383331289,0.9981216388468283
69.088795491,-0.026087956920133014,0.055731104411717206,0.9981049356178856
69.099474599,-0.028392645575036804,0.05525406090816953,0.9980685579810672
69.128943201,-0.028875535754661123,0.056085075550328,0.9980083505338999
69.129236933,-0.028620131769517377,0.05434061051545117,0.998112211179837
69.129497194,-0.02869661954069077,0.054579862202494916,0.998096960554882
69.138219127,-0.027346888651445717,0.05440204046051284,0.9981445615114166
69.148529614,-0.027647196142213133,0.05409444911944439,0.9981530058663041
69.15876219,-0.027454579080635602,0.05253741258905105,0.9982414869989892
69.168150563,-0.025911463410650686,0.05228646630887443,0.9982959087889971
69.178788108,-0.026263613032764498,0.05253598094228747,0.9982736064511056
69.189273858,-0.024630196606492103,0.05156336876203808,0.9983659511506968
69.227794198,-0.023815864313442552,0.05022019673986913,0.9984541734333191
69.228103047,-0.02409185223336155,0.04995064360790947,0.9984610737826094
69.228446339,-0.023274198424978552,0.04801986823683478,0.9985751869249466
69.229024934,-0.023304616519435082,0.04742401266631009,0.9986029530656856
69.238875426,-0.02262623742178944,0.047710267742843517,0.9986049187401588
69.248980796,-0.02251899759808527,0.04691222277206804,0.998645151243304
69.258292143,-0.02295409187243347,0.04615606529792036,0.9986704798393343
69.268561994,-0.021863808964522658,0.047089168768874264,0.9986513826367134
69.280319764,-0.022043456528113035,0.046516652472100406,0.9986742647465604
69.288162184,-0.021533780460430637,0.046877687352630086,0.9986685029215406
69.29885733,-0.02128399224031481,0.046896976525929925,0.9986729521054631
69.308313088,-0.0206495599483737,0.0470241580336946,0.9986802913020566
69.318192036,-0.020396836307542958,0.04712418169543702,0.9986807701003253
69.330147019,-0.020127863730868775,0.04678934286926304,0.9987019708078552
69.348495699,-0.019936826994533995,0.04762169250109787,0.9986664595012296
69.348757188,-0.019516601971583534,0.04682387808869765,0.9987124844960223
69.359750304,-0.019555544809515636,0.04667263324761035,0.9987188022526347
69.368443726,-0.019091592635529567,0.04785102723881216,0.9986720133671663
69.378757767,-0.01944244945316952,0.04666334875666848,0.9987214441685304
69.39025214,-0.018707948298469744,0.047379477895286994,0.9987017561538739
69.398220485,-0.018404308028241948,0.04716371519084952,0.9987176104462153
69.408202914,-0.01830841107565721,0.04709751946216485,0.9987224968650681
69.418221667,-0.01838840268509888,0.04655546300154024,0.998746442051937
69.428766123,-0.018089131169520354,0.04679244126998543,0.9987408326355377
69.439018123,-0.01730458892044501,0.046114145282842245,0.9987862818476871
69.448711882,-0.016479007159817597,0.046708119622963847,0.998772643740463
69.459535057,-0.015116311869744239,0.04689509089974339,0.9987854361998686
69.470202108,-0.013736266969082374,0.04736781561680448,0.9987830620377213
69.479934035,-0.012340744450534217,0.047495695284708275,0.998795206714484
69.488501578,-0.010894245291269701,0.04764263328307754,0.9988050334842071
69.498205775,-0.009146607935895296,0.04809082463176368,0.9988010873790156
69.50922225,-0.006679895671089102,0.04842326689814886,0.9988045685802274
69.518984057,-0.005281125331929667,0.048309913074798636,0.998818432956628
69.529068345,-0.003136925391785009,0.046749330423980925,0.9989017267999871
69.538286477,-0.0010126196865496363,0.045453462871009966,0.9989659440213186
69.55152966,0.002785833253560262,0.04476800610882934,0.9989935258859906
69.558249286,0.004135689718858339,0.04420089747073564,0.9990141023695968
69.569920381,0.007085810858089905,0.04419540975109819,0.9989977762945302
69.580200978,0.01138170385659267,0.04528102070170196,0.9989094483393042
69.588125571,0.015067480725567248,0.04475847327775738,0.9988842025452344
69.601175992,0.01886423441024518,0.04417730829621515,0.9988455867108872
69.608600634,0.0221374866435594,0.043603264216297635,0.9988036278642515
69.618305672,0.025457180952846003,0.04465962489645319,0.9986778508818759
69.628753377,0.02841281611117144,0.04582048178101437,0.9985455399379582
69.6387284,0.03167170397251149,0.04559947209072402,0.9984576061668944
69.659220566,0.034027898373918224,0.04571378607979501,0.9983748553997668
69.659553632,0.035632971988375714,0.04463795861599278,0.9983675395153192
69.685612742,0.03726398571561441,0.044156105063439435,0.9983294214607785
69.685866097,0.0374183625536739,0.04378143576988811,0.998340148459296
69.688431637,0.0388405812206374,0.04373974996576796,0.998287655700187
69.700552645,0.039095006596224724,0.04332196484322898,0.9982959420038545
69.708348888,0.039418930598341104,0.0431907168356741,0.9982888909978432
69.719199488,0.03977400502152116,0.042793641507672814,0.9982919075956996
69.728996892,0.040006870291904806,0.04274004615653314,0.9982848986055955
69.738839589,0.041278972816863026,0.04221171032890419,0.9982555874696086
69.749835456,0.042998016874832484,0.04168432603294861,0.9982051830700993
69.758438976,0.04340808742264225,0.04154568830961978,0.9981932146279038
69.769072002,0.045295976333145735,0.04115405445701103,0.9981255523879633
69.781538793,0.048011330246773974,0.04078101696829653,0.9980139381907283
69.788145669,0.04995086363084841,0.040357201342104486,0.9979359736588141
69.798669064,0.05254600310252654,0.040016544245787655,0.9978164128458573
69.80827663,0.056526303663219084,0.03970875292598638,0.997611142647894
69.818398818,0.06071385428091722,0.039202976732532584,0.9973850582967764
69.830041233,0.06508189041410109,0.03889018391992626,0.9971218085744595
69.838238595,0.0695688420514604,0.038464918564187434,0.9968353054820388
69.848791917,0.07348335780636177,0.03760675462133237,0.9965871402603755
69.859303936,0.07598577884397063,0.03778520490944717,0.9963927135941061
69.868353314,0.08162233725749724,0.036435736003528035,0.9959971040131115
69.879803712,0.08449431856822803,0.035666855519777885,0.9957854113949564
69.88973896,0.08759943546352351,0.03569282480512289,0.9955161280280209
69.899794025,0.09016751370940021,0.035244404904167345,0.9953027938242797
69.908431466,0.09254875740883371,0.035101438107743015,0.9950892505423065
69.918594559,0.09484636010289549,0.03528562603518571,0.9948663692026869
69.929128823,0.09665529927570371,0.035353293484499025,0.9946898500345336
69.939004837,0.09963273944227409,0.03536902166867051,0.9943954693870187
69.948197016,0.10264800940077842,0.034897485676176156,0.9941054026910521
69.95825327,0.10679658076897276,0.03429583281020944,0.9936892301861335
69.970996308,0.11052241621609404,0.03405993894541797,0.9932898449459711
69.979119603,0.1141773540952913,0.034261518674582485,0.9928694174713559
69.988227808,0.11845375165722816,0.03350688644965033,0.9923940735810438
69.998456887,0.12272533125823182,0.033026020314424,0.9918910096627293
70.008320963,0.12734290195025658,0.03190509041821428,0.9913454748614596
70.018927599,0.13013768184128582,0.03232401495623952,0.9909688904411101
70.028776305,0.1359958147478077,0.031429692533845664,0.9902107416092335
70.038227785,0.14427397469459338,0.02988211086317563,0.9890864874601133
70.050467205,0.15119807054211185,0.028960793376741165,0.9880791546790837
70.058184593,0.15619090056392462,0.028264199812858617,0.9873224081271371
70.068778331,0.16119871640753147,0.026683829790868932,0.9865611724856479
70.13821822,0.16466482862476556,0.02513033736191136,0.986029391224244
70.138945942,0.1692302036305197,0.024262764242466917,0.9852778574851295
70.139188059,0.1752960260013562,0.023427341270822702,0.9842369953162258
70.139934565,0.1817145090465887,0.022513011239258432,0.9830935873694318
70.140212218,0.18694078387769705,0.021339084265496345,0.9821393927574142
70.140576384,0.19049082551651425,0.0206320761163817,0.9814721406281306
70.141005374,0.1984986723718117,0.017955367644608075,0.9799366723617273
70.148255023,0.20500938140202563,0.01630029120604182,0.978624266020293
70.158324863,0.20929280415420326,0.01567832691844708,0.9777273199590512
70.168520879,0.2141521675198977,0.014528824608815612,0.9766922557295189
70.179409235,0.21755441736885195,0.013346839715549948,0.975956934169181
70.231533267,0.22007879343584824,0.012607319530518838,0.9754006254734906
70.232009655,0.2228882498956736,0.011420574781395541,0.9747771019726029
70.23239372,0.22597092310727163,0.00988190375602643,0.9740839234317565
70.232797138,0.22949505288318467,0.008790947812811652,0.9732701269116899
70.233187439,0.23256506971376512,0.008887260006396024,0.9725402330796451
70.238734737,0.23644085139106072,0.008372764386373382,0.9716098088275975
70.249467492,0.23987347546917145,0.00773428330896796,0.9707733497722512
70.389828288,0.2461033703417205,0.006231112415333536,0.9692235574646922
70.390094105,0.2539079268234215,0.004288993343811893,0.9672188838274038
70.3904186,0.2581491247646135,0.003974752064532058,0.9660969054547734
70.390742275,0.2609531577159843,0.0036426262526810375,0.9653445917142955
70.390997044,0.2603234155149289,0.003163199715566,0.9655162937528301
70.391250912,0.2623537063542013,0.0023249022100431307,0.9649689775282558
70.391503715,0.263338767608049,0.0018712094940051517,0.9647016077781272
70.391759566,0.2642393696214527,0.0011967146748289828,0.9644563875137353
70.39201392,0.26462201914071515,0.0010305322677811738,0.964351660437797
70.392270817,0.26583281258060554,0.0009580318719301848,0.9640186709449237
70.392530002,0.26639339067850654,0.000758251023884716,0.9638640912795712
70.392784781,0.2659713149542087,0.00011906135966141335,0.9639809362461075
70.393039203,0.26461710336470545,-0.00034084779669989987,0.9643534997238576
70.393294324,0.2648463652358436,-0.0004977196783305829,0.9642904931069702
70.398306742,0.2645572221604726,-0.000960011507624345,0.9643695114325419
70.408637101,0.26468924496521284,-0.001650245407205655,0.9643323494987823
70.418315157,0.2629753287269947,-0.0018159657487260825,0.964800849268557
70.428928166,0.26346998424614126,-0.002038617974485784,0.9646654401594846
70.438968294,0.2645182161809221,-0.0026396809321788555,0.9643770763519006
70.448219385,0.2656575230405015,-0.0032855528040447697,0.9640618681364579
70.458356858,0.26534479565874175,-0.003395232294086065,0.9641476089346951
70.468495227,0.26539127695475223,-0.0035997994656368384,0.9641340734359164
70.479581053,0.2658027695639779,-0.0037909952091157665,0.9640199769960389
70.488284703,0.26504479902176725,-0.0038970977960878232,0.9642282235758705
70.499407575,0.26575761398438996,-0.004109979966818351,0.9640311191419063
70.508306487,0.2659038445217661,-0.004342448957732221,0.9639897761934998
70.518808377,0.26680900264773877,-0.004742987492300805,0.9637377548772109
70.530829702,0.267229875588926,-0.005257251366481715,0.9636184695722664
70.538473969,0.2676101323420798,-0.005406728381618309,0.9635121090863685
70.552458159,0.2671983218347863,-0.005805606290710386,0.9636240717957764
70.562346983,0.2679092117455065,-0.0059722647601537365,0.9634256516802612
70.569321915,0.2687136595238106,-0.006173237622674434,0.9632003220112499
70.580712066,0.2693380381425858,-0.006285532084496374,0.9630251882977505
70.589754188,0.26968335897712864,-0.006545648437527924,0.9629268094602754
70.599481908,0.2684144087794178,-0.006581907220531989,0.963281051229046
70.60955638,0.2683052146768182,-0.006768552710314023,0.9633101777057244
70.62053533,0.268924022718901,-0.00672612287797326,0.9631379077140065
70.629813299,0.2690991906525536,-0.007081839339299251,0.9630864307743687
70.638847638,0.26611808163931144,-0.007738417364481184,0.9639093751599814
70.649088727,0.2662458775464249,-0.008336361550045822,0.9638690978372744
70.659387819,0.26718866016692444,-0.008452218945420626,0.9636071709327938
70.668310506,0.26810995238342106,-0.009598979091488416,0.9633404969341636
70.680009351,0.2678367882685157,-0.010340175246629509,0.9634088102284905
70.691377031,0.2678113063778786,-0.01048919368458301,0.9634142831575736
70.699129494,0.2693283727501161,-0.011474986810704784,0.9629800373369476
70.708588556,0.2705887237580385,-0.011383195810057733,0.9626277397977611
70.71864643,0.2710243391134576,-0.012363983156314226,0.9624930854445781
70.729502294,0.27230071719683235,-0.012607392367464892,0.9621296030534472
70.739028115,0.2739504450269885,-0.013954832006964239,0.9616425616273295
70.752175168,0.2748635059828321,-0.014436607387555632,0.9613748683245071
70.758285385,0.2753011297614324,-0.014747004140061422,0.9612449291522801
70.768558704,0.2755512300783356,-0.015130568361943248,0.9611673035967052
70.784430114,0.2761139355242347,-0.015950872684332526,0.9609925412145128
70.787910431,0.2757464270717362,-0.01577470527966985,0.9611009658878256
70.801449561,0.2778618202144519,-0.015798769615604037,0.9604911284055385
70.808318391,0.27847734951397013,-0.016715371279278888,0.9602973300861927
70.818265207,0.2800226204899605,-0.017141142328446324,0.959840358212558
70.835268059,0.28087053690548613,-0.017071506964856088,0.9595938230044904
70.838098147,0.28147803783497877,-0.017918484390900737,0.9594003555000922
70.853348798,0.2829630890164209,-0.018281544401346408,0.9589565555271974
70.858267711,0.2842358043183854,-0.018810744636176185,0.9585698531821837
70.868303965,0.28524728605941085,-0.019173544950901317,0.9582621567033504
70.879307192,0.28610161929048533,-0.01958664470094983,0.9579990745239376
70.88810298,0.2861446222692438,-0.019697030589580278,0.9579839675758385
70.971273697,0.28555663260149505,-0.019542549617451405,0.9581625636246411
70.971571354,0.2841118096589399,-0.019397390598297398,0.9585949201045767
70.97188328,0.28524243358778667,-0.020037895054977016,0.9582459166845863
70.972575887,0.2841067723698189,-0.01956591689633784,0.9585929880765922
70.972836125,0.2853872318997901,-0.019800231697381928,0.9582077429729451
70.973098954,0.291467074743064,-0.021450226767134154,0.9563403327855412
70.973347241,0.28957712544128167,-0.021253333873791788,0.956918692585955
70.973669188,0.29006803490536026,-0.021879990968123774,0.9567558733142836
70.981696273,0.29212888265384357,-0.022424150969128323,0.9561160355169924
70.988547262,0.2886095890926918,-0.021048341934944363,0.9572154785551356
70.998307324,0.28903611514878985,-0.021328656139616264,0.9570805674377543
71.008277749,0.2948388270460926,-0.02329750997528757,0.9552629439557653
71.018845798,0.29344450848770104,-0.023163061439263038,0.9556954499332789
71.028382336,0.29703908827044306,-0.024478993306095723,0.9545514962149417
71.038299217,0.2990951121176646,-0.024903967642571096,0.9538982683195202
71.049193947,0.2987158327384457,-0.024052833334353874,0.954038947045647
71.058354126,0.29754347960093036,-0.02366934015895064,0.9544148155196516
71.068915195,0.2948533106269688,-0.02328389536900914,0.9552588054704135
71.081042383,0.2941605013771313,-0.023129934026471344,0.9554761146054285
71.088305875,0.29574912739775094,-0.02387407954154019,0.954967267485914
71.099988857,0.29777993487070653,-0.024517133813651403,0.9543196637070628
71.109239592,0.2991575431402581,-0.025368259454205285,0.9538664559541598
71.118611695,0.30234208882312025,-0.026349749971267367,0.9528352176544087
71.129511504,0.3018589062833901,-0.026317573434669127,0.952989289565159
71.139791474,0.30128051496533004,-0.026350214073066137,0.953171399864961
71.148109838,0.3040669785719461,-0.02710311707921692,0.9522650332689517
71.158466442,0.30437125334925685,-0.027366000243091528,0.952160302766975
71.168193193,0.3034669715578277,-0.026838098540219395,0.9524639172379531
71.196285028,0.305655675016671,-0.028345743786410523,0.9517200886496505
71.196543987,0.3065492784667848,-0.028063355473379358,0.951441006027735
71.19827225,0.3068109656865377,-0.02743773286525168,0.9513749009458412
71.208468933,0.30701873999800683,-0.027110748452479547,0.9513172449863309
71.218987135,0.3065572920551431,-0.026206278380654584,0.9514913860152666
71.229063592,0.3080328511929551,-0.025833269927005267,0.9510249233068591
71.238360154,0.308481730032541,-0.026063026965827282,0.9508731465666223
71.248559714,0.30830563162267965,-0.025140175380670073,0.9509551036150811
71.258282571,0.3099179868945493,-0.02527030321132601,0.9504274055259758
71.269219652,0.30691194412852263,-0.02477050623434693,0.9514155141535926
71.279092218,0.30731848822124486,-0.02623510122694392,0.9512450085340899
71.288630464,0.3086711857315097,-0.026140707552138383,0.9508095300888488
71.302153055,0.3119167499135379,-0.02651229415623547,0.9497394586843009
71.308524958,0.3139472683137088,-0.025752240470047084,0.9490911098672947
71.3188492,0.31281702379543064,-0.024457077062133927,0.9494984786745821
71.330918038,0.31105389073744516,-0.023085367935134004,0.9501118580695628
71.338315719,0.3132747574133991,-0.0238233190132294,0.9493636689060573
71.348793714,0.312964098569626,-0.024228740573402078,0.949455865818274
71.359416633,0.31220725388156706,-0.022969518663418592,0.949736295945407
71.368723532,0.31376096713119633,-0.023075827413981658,0.9492215556412826
71.3790466,0.3142424961593157,-0.02263916316742564,0.9490727695485953
71.388382463,0.3170674333073639,-0.021722438229360354,0.9481541954836524
71.398327576,0.31752869243270365,-0.02096490972351851,0.9480168785640171
71.408679957,0.3161371321404305,-0.020025742387120796,0.9485021261567465
71.418864229,0.3133275836590908,-0.018792140069153133,0.9494591517226936
71.429041928,0.31292639970202574,-0.018296566740868124,0.9496011289036176
71.439028727,0.3146844989788892,-0.018622906592203687,0.9490136213208236
71.449292107,0.3129148163909491,-0.0185704657504147,0.9495996290462793
71.458352823,0.31264945124506893,-0.018338283476364743,0.9496915436052371
71.468998736,0.3139885725116271,-0.018364727578570463,0.9492491312153388
71.478882939,0.3167419689037247,-0.0173640194426172,0.9483527908767856
71.488322073,0.31784872023791777,-0.01631084033054006,0.948001132663263
71.498297994,0.32016641215176733,-0.016628616807462446,0.9472153702474085
71.510513095,0.3198671860509571,-0.015711777594739955,0.9473321082559462
71.518707625,0.3221824444978909,-0.014598003825116054,0.9465650377769536
71.529015898,0.3265910721035733,-0.015464567865018073,0.945039215463034
71.538754307,0.3268603758459157,-0.014756051161889562,0.9449574348381913
71.550890576,0.32773728932650004,-0.014659277756257555,0.9446551618239234
71.559178585,0.3258328619528712,-0.013673269248541236,0.9453285078636199
71.569287484,0.32373193469199857,-0.012896339066366964,0.9460609488290174
71.584025703,0.323625376436033,-0.01213464188055674,0.9461074813112234
71.58898347,0.32192010632310747,-0.011867150501698563,0.946692461089603
71.598857688,0.32110763239501583,-0.01055856161182012,0.946983846321761
71.609170999,0.31950700629914963,-0.009602553050638198,0.9475352573390949
71.622414721,0.32546745376754815,-0.01098340528514987,0.9454894506795998
71.630032593,0.3258105517725642,-0.01147260320547855,0.9453654656953294
71.638307489,0.32520858822881044,-0.011316941220882061,0.9455745877420919
71.648314079,0.32352646015588904,-0.00952293033966278,0.9461712019379717
71.659426831,0.32511589477435543,-0.009098568599505343,0.9456304093114342
71.66854013,0.3279851144023087,-0.009308845429861386,0.9446370255962168
71.679101985,0.3267837784927954,-0.008199762551213437,0.945063556597161
71.68923859,0.3251697284413766,-0.007702187396157987,0.9456243038409471
71.698558235,0.32555427894592043,-0.007270189971371784,0.9454954023144597
71.70832749,0.32515200072303413,-0.006164907090083012,0.9456416712192725
71.720790205,0.326810148314166,-0.006533008670634827,0.9450674297406415
71.728927621,0.32722754026536954,-0.006559001403161556,0.9449228097535106
71.738641965,0.32535114537667614,-0.005662319484278826,0.9455763165076327
71.750243132,0.3249757065594069,-0.004671449457694172,0.9457108266833887
71.75963142,0.3234820702105281,-0.004412778732257059,0.9462240102830679
71.768854197,0.3234367458272191,-0.004428744641749179,0.9462394293568605
71.779602651,0.32637549409832656,-0.00461904022953315,0.9452289147711422
71.788176603,0.32473348465583635,-0.003295806956488862,0.9457998211036959
71.799425602,0.3233616138035006,-0.0028530754910596925,0.946271169738695
71.808275219,0.32377352421300193,-0.0032919905300598544,0.946128885415218
71.818535722,0.32236670264646383,-0.002599145982837934,0.9466113000936585
71.830739338,0.3211652531381529,-0.002117772259139658,0.9470207997807465
71.838448298,0.32006326404468505,-0.001012953096357958,0.9473956306290878
71.849569941,0.32008574819475866,-0.0006259949805544218,0.9473883691142116
71.858961565,0.3210557410759766,-0.000325352730892837,0.947060243737301
71.88180845,0.3228995218321029,-5.522056461728838e-05,0.9464332494958577
71.882145484,0.32320064499295914,0.000980968489786513,0.9463299534395798
71.971520876,0.3220291641473775,0.002420727366983469,0.9467266540652356
71.971915918,0.3209453813995439,0.004149766238220976,0.9470886133823325
71.972158316,0.319690807985732,0.006800206950468573,0.9474975168700237
71.972407632,0.31588569636332214,0.009249872989356592,0.9487521629396899
71.972666192,0.31454863689189844,0.010746814905125015,0.9491805207645401
71.972918658,0.3119758213185781,0.013549248696317687,0.9499934235416391
71.973176631,0.30856717030947434,0.014892123343100704,0.9510859719654885
71.973444395,0.3083476843624038,0.015693816823042592,0.951144263328055
71.973743583,0.3073563271517335,0.01591455370474711,0.9514614102212319
71.979181898,0.30695728392641203,0.017036401835494087,0.9515707997080509
71.988825125,0.3042255983744378,0.018386842072452395,0.9524225476816045
71.999013765,0.3042966270375563,0.018995666785471814,0.9523879080589703
72.008276904,0.30290436656857733,0.01991817145388962,0.9528127891457074
72.018796844,0.3039628134295421,0.020066662778404538,0.9524725387626328
72.030660986,0.3047930309828828,0.020195631155073324,0.9522044658299581
72.038187644,0.30386930988678357,0.021634639261445477,0.9524680492766973
72.049579587,0.3013317623175972,0.02264075656488817,0.9532505259168444
72.058373577,0.30271174956136115,0.02380345932675316,0.95278486134152
72.072103681,0.30178859487203974,0.024334266926163695,0.9530642619772951
72.081368825,0.3012765340734079,0.02507837631966237,0.9532069686368665
72.088333363,0.2994043713251027,0.026755545927914237,0.9537511012803704
72.099763596,0.2968842710093545,0.0269929528835764,0.9545318800971863
72.108201734,0.29399708547033154,0.028449110997421992,0.9553828352123598
72.787520321,0.29269046361866935,0.030717868937460438,0.9557137149976606
72.788966375,0.29108260595159413,0.03273006165774969,0.9561378873239513
72.789420054,0.28993679357690005,0.03565636985083882,0.9563813460222895
72.789765431,0.287565436440814,0.038421571330025855,0.9569900222160814
72.790198989,0.28247593076111527,0.039324011111891946,0.958468033212748
72.791167144,0.2786236938270938,0.03995961077877668,0.9595686878720849
72.791416923,0.27708004043217827,0.040953716253694705,0.9599736685550883
72.791655828,0.2771609104410758,0.04240823092186919,0.9598871661156594
72.791892048,0.2739888872951965,0.04423207441756628,0.960715157177953
72.792161773,0.27512762544552943,0.04557779549580524,0.9603267434964243
72.792433534,0.2739105322143722,0.04756811295718526,0.9605781045660639
72.792711219,0.27230116039843494,0.04881191207525933,0.9609731917619881
72.792954761,0.2706251773250513,0.049862778660801854,0.9613925923898147
72.793688776,0.27008914955774704,0.050703796568489626,0.9614993376517292
72.793941071,0.26759360902785556,0.05191074005479567,0.9621324937213225
72.794191274,0.26497433225227085,0.05305120272459034,0.9627949798045987
72.794564058,0.2617779494845851,0.054823404834062374,0.9635697688522852
72.794947748,0.2588551114025305,0.057540174140299716,0.9642007880419344
72.795371082,0.2585096210721228,0.059760794067158986,0.9641584015635657
72.7957355,0.2571278671702355,0.06199609396965812,0.9643867192454442
72.795978213,0.25618888876313817,0.06345256568672145,0.9645418732134343
72.796240757,0.25163329192622,0.06460153430540849,0.9656641901612386
72.796511759,0.24590921388103248,0.06617507936898775,0.9670312908065182
72.796782552,0.2440102636616683,0.06764115386044502,0.9674108049490614
72.797053535,0.243572866872729,0.06775699636131496,0.967512918759999
72.79738417,0.24084013996412942,0.07002256543549161,0.9680355713050482
72.797758651,0.24051581560717752,0.07178739511475438,0.9679869381068384
72.798151228,0.23907401453835048,0.07348451202751467,0.9682167330017566
72.798483873,0.23776607880474973,0.07487467916491308,0.9684322765117677
72.798799425,0.23595212501593982,0.07678344346390253,0.9687264306863357
72.799230468,0.23663444797419358,0.07710316484067258,0.9685345837932173
72.800687042,0.23515601348044213,0.07866052342573812,0.9687694108395326
72.801051931,0.23377334544678302,0.07980443878138156,0.9690104615066899
72.80138751,0.23226782385502037,0.08099932414410527,0.9692733192912366
72.801787854,0.2312135074298458,0.08288884753196242,0.9693656446031145
72.802098307,0.23175176506856776,0.0835754816810326,0.9691781354577633
72.802375843,0.23037784033786723,0.08453576786428504,0.9694223819537364
72.802690689,0.230113858613091,0.08490159072606976,0.969453109730624
72.803375325,0.22912779972242842,0.08564917259094157,0.9696208901569963
72.803655617,0.2294112015601435,0.08697126959122324,0.969436175756002
72.80395634,0.22918849649961162,0.08672328905933917,0.969511064509827
72.804230668,0.22738497942601724,0.08708904379934933,0.9699028660549184
72.804497609,0.228873912089168,0.08745769330489818,0.9695194089066944
72.804767202,0.2286045491718536,0.08780516219208993,0.9695515528275711
72.805076113,0.2283837869880748,0.08820631041539355,0.9695671676804496
72.814556738,0.2280538597250545,0.0896425232026015,0.9695131020766952
72.814918237,0.22925543789201386,0.08970000771469669,0.9692243562833758
72.8151933,0.22778172733018467,0.0902955121541029,0.9695164800968088
72.815449387,0.22869876620888344,0.09068443020106541,0.9692642614135953
72.815854486,0.22967105823875852,0.09080695541644325,0.9690228593049213
72.816109139,0.22754460332268228,0.09202850133053167,0.9694092058782915
72.816368916,0.22699581079430203,0.09299016551189847,0.9694460949428324
72.816622642,0.22964855127905687,0.09247932534120874,0.9688700208386394
72.816887153,0.22917907432592344,0.09310506793109642,0.9689212549101495
72.81714111,0.22840582958096078,0.09345876604619238,0.9690697787376078
72.817436959,0.2297197988497771,0.094138824939232,0.9686932928721448
72.817690501,0.22852980696858582,0.09508892272241075,0.9688819453898356
72.817980664,0.225670726126634,0.09685149106562739,0.9693773837096895
72.818421287,0.22542140079074888,0.09815037580654391,0.9693047486701851
72.81873312,0.22484877001343806,0.09941517099670212,0.9693088539774825
72.81900032,0.2255507798210797,0.09981228716530266,0.9691049236552944
72.81925701,0.2277742643171163,0.10060578979636996,0.9685026378767614
72.819518506,0.22947987691241648,0.10140349548269248,0.9680166926226809
72.819840337,0.22613074231919494,0.10314810504069019,0.9686203362539343
72.821061679,0.2283247995926491,0.10335089047909515,0.96808386998656
72.821449496,0.22918914266180418,0.1045251055900044,0.9677535012529512
72.821698571,0.22900125968906657,0.1054955621466092,0.9676926730259932
72.822027971,0.2302829447745013,0.10739159454181696,0.967179823387435
72.822284638,0.23152304718591787,0.10855400354401123,0.9667539019503952
72.822546011,0.23132747945964535,0.1093784837887236,0.9667077865264804
72.822813277,0.22916069767140027,0.11100955437954527,0.967037875927935
72.830582886,0.2278511601258493,0.11201174532659647,0.9672317290795387
72.838441743,0.22847350153780724,0.11202170598830098,0.9670837587730052
72.850160072,0.2296154716854254,0.11221100467205027,0.9667913040533458
72.858686757,0.2291636343110518,0.11332228658976543,0.966768890723847
72.870070721,0.23196923102214012,0.11357908554309212,0.9660693904612607
72.879635703,0.23335141387124583,0.11421198071153688,0.965661815081366
72.889382164,0.23071403935966067,0.11530668262952777,0.9661653072757903
72.898855984,0.22643721551285043,0.11795684426312994,0.9668569544261811
72.908848298,0.22916972538182898,0.11756286589796841,0.9662609427738832
72.918535012,0.2321202458639178,0.11806246945240069,0.9654954400549366
72.928294042,0.23432297034392752,0.11894596856236904,0.9648547051924237
72.938854653,0.23503140057850885,0.11951973486859196,0.964611462568762
72.948309112,0.23437181932546308,0.12081442884855398,0.964610659327415
72.958439709,0.23278782737438164,0.12201832504909116,0.9648426585607259
72.968556105,0.23165480478923994,0.12362589576231303,0.9649107157219391
72.978718005,0.2317495384250181,0.12516519504463497,0.9646894968792963
72.989087947,0.23188736309300342,0.12550699645104224,0.9646119658596465
73.034511507,0.23298798015169034,0.12521820847836257,0.9643842602253029
73.034782938,0.2323043010210551,0.12539794863869239,0.9645258245398757
73.035072315,0.2316086644574873,0.1250618595113138,0.9647367298096365
73.03531085,0.23116638679153706,0.12624303408218607,0.9646889643628508
73.038329969,0.23043210472521822,0.12623761003674702,0.9648653330512587
73.05010083,0.23248388546875512,0.12621821809672384,0.9643755515450599
73.058425188,0.2328264029183725,0.12674914095620302,0.9642232736098815
73.068437327,0.2319903918363331,0.12751867132988393,0.9643233101807119
73.08068893,0.23218117041445022,0.1277055241828328,0.9642526656422393
73.088349584,0.23173181412660934,0.12837822586609338,0.9642714334901066
73.101218469,0.23135745280653716,0.12892697990093152,0.9642881119688741
73.109890622,0.23185284900361192,0.1295759493007864,0.9640821177533108
73.118780733,0.2317277683985512,0.12950267679779218,0.9641220348354425
73.129435572,0.23154643351083948,0.13023837155405615,0.9640664996271565
73.138751115,0.23056003097800284,0.13145043386137373,0.9641384006215493
73.149213252,0.23096610726428954,0.13228377502679312,0.9639272068781136
73.159033877,0.23057781239936784,0.13334192867498923,0.9638743706969057
73.168526,0.2323352851213745,0.13446304612299134,0.96329642608851
73.179496197,0.23246811167900785,0.13529437662590219,0.9631479682301183
73.190037739,0.23241492817757708,0.13587072418313065,0.963079668288228
73.200334456,0.23196353589930227,0.1364340929560158,0.9631088496594569
73.208326749,0.2325875049173067,0.13711664496548653,0.9628614013604194
73.218992884,0.2332534933155013,0.13790656581063024,0.9625874438005276
73.232121006,0.23225461718841947,0.1386071499245002,0.9627283369593251
73.238416683,0.22632180101158159,0.1401755610524414,0.9639135098495651
73.250468801,0.22769876293663793,0.14123258727183916,0.9634348081990951
73.259295137,0.22757801754108736,0.1420316893508606,0.963345859570803
73.269067113,0.22662888924814648,0.14303532940939048,0.9634211130647379
73.284102431,0.22706249765400877,0.14403671030099352,0.9631697920121826
73.290367033,0.22726679443978937,0.14550193979762258,0.9629013395255982
73.301545595,0.22605420951328034,0.14636046199354724,0.9630566491782099
73.308691357,0.2270716986425352,0.14652954714807126,0.9627915327256337
73.318360132,0.22873070514691932,0.1468788399065742,0.9623455049568694
73.330261698,0.22787697209403787,0.14745213703108534,0.962460364313367
73.338380891,0.22897914054394466,0.1479034407376201,0.9621294743503755
73.349120258,0.22918958861745792,0.14919316328789778,0.9618802069371795
73.361908957,0.2272343134855015,0.15056246116675018,0.9621307146444208
73.368468321,0.22411372610744087,0.1515195754406475,0.9627122394716527
73.37940455,0.22494041934991799,0.1514887471592788,0.962524268383294
73.388720912,0.22877419737530078,0.15084913326163615,0.9617208043967335
73.398468347,0.22748229130737166,0.1514938839929987,0.9619258860506166
73.408341438,0.22690352413463147,0.15203117902271432,0.9619778122910363
73.418714719,0.22646745973248977,0.15210352435883714,0.9620691282646658
73.471691662,0.2266548554906322,0.15231797691546098,0.961991065650249
73.472251924,0.22535100516002723,0.15280570768529778,0.9622200061171877
73.472629938,0.22429061706386583,0.15317754682910248,0.9624086233219902
73.472910789,0.2230911067437863,0.15318741046548437,0.96268581342342
73.473230662,0.22524096012208114,0.1526737681543683,0.9622667147942037
73.479049675,0.22560814383458122,0.15315016763345987,0.9621049795055414
73.488778821,0.2262639924020694,0.15466564130191393,0.9617084512173864
73.508340698,0.22737633154738782,0.15486401626841162,0.9614141356966153
73.508606344,0.2271227371127949,0.15563885145526604,0.9613489534004174
73.520816359,0.22736072720942305,0.15677604491402294,0.9611078875255985
73.529546202,0.22706741255317522,0.15725239727467788,0.9610994088582998
73.539691539,0.22403772632228203,0.15859957040903036,0.9615889316388855
73.549555296,0.2220978066771974,0.15968246504093123,0.9618596959160053
73.558417884,0.2205115957069656,0.160844093319267,0.9620310877529222
73.568426,0.22098489027751447,0.16068267215958273,0.9619494566434823
73.581007561,0.2210169151832088,0.1608419975598844,0.9619154718704989
73.58837615,0.22059131731563428,0.1609852947537951,0.9619891920380327
73.599169393,0.21996305846852915,0.16142082403715471,0.9620600659399269
73.608290733,0.21903937608234889,0.16149307889735648,0.9622586643900419
73.618472582,0.21900133497808805,0.16198998723084224,0.9621837970547867
73.631186731,0.21986099160856684,0.16183400130225883,0.9620139813908103
73.639178341,0.2198783136711189,0.16230903771448973,0.9619299888522768
73.649314999,0.21877092225259073,0.16319773273140842,0.9620321115264702
73.66047523,0.21888341827115526,0.1638746795949812,0.9618914380498336
73.670481316,0.21851660970161704,0.16437000596644505,0.9618903224500712
73.682628613,0.2187092181404142,0.16502728870782488,0.961733992267172
73.688872026,0.21802998111393956,0.1654965904122598,0.9618075721771855
73.700559262,0.21629407693292751,0.1657610863162628,0.9621539037737078
73.708646385,0.21565513562315297,0.16634769897621055,0.9621960847585485
73.718645931,0.21441308742059081,0.1668124589727261,0.9623931792538031
73.731921693,0.21561683248775104,0.1664962760850067,0.9621789706690613
73.738933833,0.2154689834916493,0.16577663443849874,0.9623363365410867
73.749025843,0.21615150549961484,0.16512741272239792,0.9622948946335822
73.758986875,0.2166914180316856,0.16595861603661438,0.9620304398066772
73.790455063,0.2131260744920343,0.16711453498028106,0.9626266194999701
73.790882189,0.20964057027127211,0.16819339747057088,0.9632039308182054
73.7912955,0.20956407062740284,0.16744602414126147,0.9633507820629811
73.800922759,0.20967799722068828,0.16819413913912082,0.9631956546002329
73.80846518,0.20889119972081766,0.16851629018654968,0.9633102961252725
73.81848637,0.20929757753133546,0.16880959107047164,0.9631707252622118
73.830960556,0.20894317108363772,0.1696190723702572,0.9631054571259408
73.838898821,0.20855995029261165,0.17036131605522928,0.963057510809128
73.850032186,0.2059590927793977,0.17170190146742584,0.9633791097662217
73.858839959,0.20287984202561138,0.17364845667162407,0.9636835493019617
73.868354457,0.20275074478935887,0.17449320377653169,0.9635581234794101
73.878786009,0.20356677268835363,0.1753154877317811,0.9632367563681402
73.8889121,0.20424641952250067,0.17621608604569494,0.9629284974134761
73.898268229,0.20390353036362546,0.17745907185332652,0.9627728850160905
73.908243805,0.2039269514607709,0.17888457531963278,0.9625040816436213
73.938831305,0.19699114582154667,0.18085061971660987,0.963580583976261
73.939113171,0.19422429681580197,0.18218163954266,0.9638914735279878
73.939419229,0.19779207932751466,0.18195540717225325,0.9632084525979191
73.949751555,0.19807280226390195,0.18152047723197257,0.963232828213824
73.958516629,0.1986737926595908,0.18088510990034984,0.9632285819713783
73.969073183,0.2012694458370891,0.17987691542456663,0.9628784479204913
73.97904875,0.20142490296183288,0.18002183602855532,0.9628188547279931
73.988727867,0.20073625401995968,0.18032180918361293,0.9629065382760587
74.041130782,0.20132923337368938,0.18027231199902938,0.9627919989881963
74.041428954,0.20063085994026494,0.18069042699245635,0.9628594017990963
74.041660836,0.19892744093491324,0.18168765851893465,0.9630251647724444
74.041962297,0.19831535518047474,0.1824047915736363,0.9630158419832048
74.042271452,0.19965189894581103,0.1827331953604244,0.9626773595346994
74.049666325,0.2000743766120833,0.18270483886667094,0.9625950268300736
74.059068321,0.20079467001646992,0.18259113722431936,0.9624666109014415
74.071844479,0.20233436478800493,0.18179736536612387,0.9622944054559243
74.080849151,0.20304211836717098,0.18158003645696555,0.9621863585237834
74.088166177,0.20247632274252012,0.18144895729541055,0.9623303043264695
74.099057,0.20249906796714023,0.18152000280000205,0.9623121198737584
74.108232893,0.19979494719412297,0.1825193926765127,0.9626882415261415
74.118904198,0.19795456549101828,0.1823086821901622,0.9631082672261456
74.129588213,0.1975830018440899,0.1819323993831015,0.9632557082296404
74.138321727,0.19649615424381348,0.18225572737188428,0.9634168937731667
74.148470353,0.19776910179911464,0.1818006443283198,0.9632423932195776
74.158295954,0.1982334149443453,0.18140090617057622,0.9632223130928792
74.168357737,0.20019819443168002,0.18049697934255735,0.9629857337440195
74.1806447,0.19911054040840323,0.18037321122453875,0.9632343937852414
74.188687818,0.20080712073324178,0.1800288944893732,0.9629465703826767
74.198455358,0.19996083983760876,0.18069863958790436,0.9629972295819541
74.208208508,0.2004871839979474,0.18098330575994598,0.962834322242812
74.218318659,0.19917811108876232,0.18167807049086504,0.9629751599941864
74.22953105,0.19652230604058385,0.18258436982526233,0.9633493297470046
74.238971714,0.1954946284904068,0.18322893241757,0.9634360427950138
74.249707675,0.19469445429312063,0.18348535565281138,0.9635492689678433
74.259867572,0.19473813422991113,0.1834848770536597,0.9635405331221185
74.268970376,0.19241116785361134,0.18311975848589165,0.9640773291273259
74.278971257,0.19274908410136957,0.1837644712864569,0.9638871353384131
74.288425303,0.19491798574656935,0.18287594759107148,0.9636199285118423
74.299353964,0.1947030128337436,0.18311080443080452,0.9636187887822482
74.308315103,0.1954640431446682,0.18249057741749344,0.9635823768580293
74.319715394,0.1944090537744402,0.1833564293842787,0.9636314334920666
74.330865501,0.19421671877438607,0.1834949538280558,0.9636438491829598
74.338443921,0.19270385138905308,0.1835437089182033,0.963938241059237
74.348998956,0.19485756033354945,0.1830086590585312,0.9636069540484106
74.359293753,0.19460261321980948,0.18298634442230896,0.9636627110576509
74.368851851,0.1944274387404175,0.1829075943600369,0.9637130190000888
74.381678924,0.1939829780325122,0.1829472022043357,0.9637950640251505
74.388410506,0.19388458422697605,0.18299804925780058,0.9638052095558378
74.398818611,0.19348888694454966,0.182192867698209,0.9640372449178829
74.408742312,0.19247574116678678,0.1817715711274697,0.9643195450638482
74.418348356,0.19011779213767205,0.18310002122853325,0.9645359544044004
74.42912095,0.18920121678905621,0.18275568240614212,0.9647814571776376
74.438824481,0.18852346414762666,0.18381980572858742,0.9647119686661314
74.448780272,0.19076515225772725,0.18325776074525418,0.9643781674274472
74.458357535,0.1899149212168517,0.18331869737945555,0.9645343839855044
74.469076254,0.1887003750689911,0.1833576509911729,0.9647653291198961
74.481122094,0.18839643936302206,0.18298422928172442,0.964895617913932
74.488691599,0.18811308494613366,0.1830212614284631,0.9649438766773863
74.499491366,0.18459931814985922,0.1849070711309189,0.9652629003460107
74.508640063,0.1845150509674321,0.18505801046492426,0.9652500861068337
74.519325186,0.1844259277425874,0.18496829512733357,0.9652843140619107
74.531967122,0.18628258739515,0.184128180145694,0.9650883953864553
74.538443185,0.18666117326314655,0.18453169708541584,0.9649381633901739
74.549737477,0.1902242969669575,0.18380640081980848,0.9643805907737333
74.558672058,0.18975886433077802,0.1834689514623978,0.9645365297681482
74.568500926,0.18844942719462088,0.18349120292548798,0.9647889882450861
74.582067431,0.18853589112675834,0.1831384645200673,0.9648391164180022
74.58897565,0.18858141414178003,0.18287501621548882,0.9648801887718863
74.599973914,0.18797816641660156,0.18309509262565868,0.9649561627385225
74.609192068,0.18782327431922374,0.1830388443233487,0.9649969943439091
74.6185179,0.18627176781474866,0.1832894134657009,0.9652501330880859
74.651851074,0.18388697305188237,0.18360088424194712,0.9656481224790899
74.652173537,0.18327010551579626,0.18387953754876385,0.965712371306841
74.652444555,0.18189262838649134,0.18467556431804388,0.9658208983463061
74.658473956,0.18325987800531132,0.18430418029049603,0.9656333601532865
74.668229673,0.184859092595916,0.18381203523507375,0.9654223177383847
74.679058839,0.18699635417992191,0.18382235993285462,0.9650086546306895
74.68869251,0.18624446479418802,0.18391165174935473,0.9651370388107331
74.698382409,0.18663940658455613,0.18329901854862066,0.9651772902989779
74.708341639,0.18426090911643178,0.18367142919299329,0.9655634228106352
74.718480566,0.18502372636117015,0.1842212020586063,0.965312783192841
74.729507431,0.18400037537658462,0.18479765852554883,0.9653982013991691
74.738531546,0.1843629552808222,0.18499143598582005,0.9652919088711073
74.748474178,0.18397456452916103,0.18524913694343964,0.965316588932365
74.758275806,0.18365483522631235,0.18730962075661142,0.9649797964050908
74.769052085,0.18475079906691896,0.1883055146444538,0.964576681969154
74.77923285,0.18554188275771824,0.1883800046345534,0.964410277629084
74.78825555,0.18508515680868318,0.1874004956915054,0.9646888301124272
74.799483558,0.18708062508411852,0.18665961513819374,0.964447524645378
74.808472201,0.18779356153576784,0.18624268387955376,0.9643895690783121
74.818658011,0.1922719066417698,0.18495045530263426,0.9637555929797176
74.830653309,0.19153669154320233,0.18562800052525577,0.9637717267142047
74.83834646,0.19011520212679767,0.18655403882414953,0.9638743696761961
74.849753561,0.19095364745694574,0.18667157953354574,0.9636858543723362
74.858652071,0.19149351598096456,0.1858770167949782,0.9637323113627807
74.868852985,0.1912556598506446,0.18661209320421396,0.9636374833125974
74.881152215,0.19161359225354035,0.18645140860826626,0.9635974800152227
74.888890058,0.19155918973482347,0.18681584692971812,0.9635377087400732
74.89867355,0.19171779774114742,0.18699222970449125,0.9634719466904199
74.908982652,0.19181652820584055,0.1866905434319739,0.9635107993687109
74.918299455,0.19160586478265704,0.18733416326304578,0.963427788604535
74.929013037,0.1918483185692497,0.1865027095957172,0.9635408460338396
74.971447639,0.19293984762773378,0.18615254691248592,0.9633905980833433
74.971706668,0.19234872393293334,0.18576901863735742,0.963582814352708
74.971977473,0.1919444844382986,0.18570391404182288,0.963675967949426
74.972225639,0.1925368867079034,0.18556402936396402,0.9635847333073715
74.979348335,0.19394910542454563,0.18516879353672122,0.9633775284929443
74.988655603,0.19547247417212787,0.18469384479577522,0.9631607838443076
75.001676984,0.19478410884167108,0.18432715629727486,0.9633704637335089
75.109974803,0.19479137385684114,0.1844032880794186,0.9633544249218267
75.110664552,0.19332676758356643,0.18515895784117536,0.9635044998685058
75.11103348,0.19335862635429324,0.18503664588500107,0.9635216039581103
75.111275823,0.19322845134812527,0.18620965929534364,0.9633217159260542
75.111574571,0.18943727816225048,0.1880816596309878,0.9637109561237391
75.111841639,0.18956316695876554,0.18817602944282702,0.9636677786850069
75.112158431,0.18930071292882134,0.18768591881911306,0.9638149386483202
75.112413909,0.18974973258202021,0.1872229189261597,0.9638166929524621
75.112669858,0.19019727721388086,0.18628372134197052,0.9639104579282316
75.112924809,0.1900029188797885,0.18560199217623197,0.9640802826099986
75.113179449,0.19081240310581304,0.18568352041209604,0.9639046929382363
75.119198299,0.19035791634955082,0.18434423856917795,0.9642515571101803
75.13045008,0.19095607604249135,0.18495608932404228,0.9640160901377172
75.139500425,0.1911354503721111,0.18435551312025833,0.964095578453307
75.14907092,0.190885269994697,0.18426176596533395,0.9641630646848012
75.158552066,0.1908876416025822,0.18331681835885077,0.9643427048462556
75.168311452,0.191521564743539,0.18333347299686584,0.9642138393100846
75.179575904,0.19084151387462425,0.18292023784887698,0.9644271373034627
75.188634327,0.19122766324110713,0.18233796091635548,0.9644609109861382
75.19902555,0.19310546232658768,0.18177017849669713,0.9641939030241344
75.208199729,0.19371510581992935,0.18058443569465196,0.9642944152913143
75.219492244,0.19424843845363118,0.18060413882248763,0.9641834313026301
75.229167191,0.19495009801424124,0.180145434206898,0.964127627349536
75.238513648,0.19878501291806194,0.17766344045365787,0.9638050739466645
75.249666589,0.20112084185592136,0.17721718438296583,0.9634025516524957
75.260476681,0.20186697023065955,0.17697548239465605,0.9632909243634931
75.268734608,0.20241256702116392,0.17717561790322067,0.9631396332477005
75.279930165,0.2022649556964362,0.17724953809234958,0.9631570427210546
75.288409443,0.20285365593815205,0.17651249442815137,0.9631685904260363
75.301761282,0.2026543820800832,0.17702637868239274,0.9631162249045221
75.307956199,0.2030428111682423,0.17632801626216507,0.9631625239355751
75.318871832,0.2053048659205526,0.17606962779972996,0.962730179331576
75.330552594,0.2054523833508503,0.17635407788949306,0.9626466420173094
75.338496298,0.2052141768031516,0.17619965063204673,0.9627257266512357
75.348952135,0.20647003712347572,0.17605278214369827,0.9624840474884215
75.358730872,0.20703267053437557,0.17556899937302728,0.9624515571136859
75.368971176,0.2073228370054266,0.17490988176027195,0.9625091036029889
75.379853289,0.20693544588522614,0.17464648866384092,0.962640288598848
75.389707239,0.2074195537205989,0.17379358357952904,0.9626904585799803
75.398849627,0.2072049699494856,0.1735334152978412,0.9627835967668434
75.409697119,0.20817778602589176,0.1731109947427635,0.9626497768682695
75.418836664,0.20817949794247484,0.1731767768695802,0.9626375748896793
75.429095819,0.20930208710836076,0.17259249433267565,0.9624990738863645
75.438956748,0.20911128521412975,0.17252744378195306,0.9625522071753614
75.503889217,0.2094865902379976,0.17167841639745549,0.9626224025305662
75.504143616,0.20953591069607072,0.17165422839411731,0.9626159815851744
75.504398138,0.20861980891566423,0.17174933062220968,0.9627979760878264
75.504651378,0.20850611931786264,0.17114567749550805,0.9629300884703983
75.50495219,0.2108596582364666,0.1700928049751418,0.9626040942277823
75.505197026,0.21100605738788364,0.17026613418935976,0.9625413691337283
75.508321917,0.21162256002582228,0.17003333678333732,0.9624471707426031
75.519304015,0.21206779295304037,0.16976477241084217,0.962396577945039
75.532336642,0.21202268421238038,0.16994778733766355,0.9623742156554328
75.538515989,0.2139881333259414,0.16884834783766972,0.9621326905516558
75.549377955,0.21425650119365947,0.16819408569193156,0.9621875603199755
75.558571494,0.2131604827948183,0.16879078801273695,0.9623264926503475
75.568431551,0.21328304174137275,0.1686039698945197,0.9623320868813197
75.579485178,0.2134582596630529,0.16900107445806734,0.9622235749625134
75.588384549,0.2139880921208235,0.1687014775723381,0.9621584629859053
75.602930148,0.2145483029274272,0.16867685544941524,0.9620380159570919
75.609139025,0.214160063466182,0.16862322271145588,0.9621339179025775
75.619657838,0.2168243073119363,0.16762696325822043,0.9617111941469363
75.629607341,0.21679377492962226,0.1671667159535566,0.9617981847711439
75.6391589,0.2151786929599218,0.16735194394493785,0.9621286072838237
75.649076577,0.21632905528857735,0.16699724164440025,0.9619322539145434
75.667171289,0.21603412490781296,0.16674428317073642,0.9620424111780066
75.668439474,0.2160115730020865,0.1662423628929118,0.9621343342324635
75.679447821,0.2170710329942543,0.16585893326919784,0.9619620475307803
75.689254834,0.21795859856615946,0.16554124481135743,0.961816066395952
75.698442391,0.21920637727762743,0.1652339779825895,0.9615853039022944
75.708333913,0.22030853399052602,0.16476133897015827,0.9614145053158424
75.720561245,0.22023413783729276,0.1648494842296272,0.9614164405086333
75.729240399,0.22080599444990318,0.16444009607485485,0.9613553805008228
75.73824447,0.22106187317386825,0.16463289280020765,0.9612635740716986
75.748487731,0.22124494356263757,0.1647680916256372,0.9611982890798397
75.758544036,0.2199636674117266,0.16551897842450147,0.9613633302763803
75.768517398,0.2207901874159409,0.16555889324953393,0.9611669709300374
75.779173897,0.22177021581093168,0.16568492101558246,0.96091960034502
75.788921848,0.22027754675425695,0.165844566946986,0.9612353416360081
75.799226592,0.22188826030394931,0.1645588245029314,0.9610858407122126
75.811194488,0.22289038226639435,0.16418252568620234,0.960918298167144
75.819275886,0.2219790970959957,0.16462959567831456,0.9610527439632235
75.830113279,0.2226059240126829,0.16408162476799637,0.9610014687855343
75.838379613,0.22402647800374534,0.16318886190924478,0.9608233617590711
75.849641129,0.22256709214273676,0.16349741234561205,0.9611100278591497
75.858782452,0.2209651452088862,0.16379777359638525,0.961428465340861
75.869926778,0.22205022500499152,0.16304483076970008,0.9613064447586485
75.879259952,0.22192263361853592,0.1630497883185595,0.9613350670900788
75.8895677,0.21973537366821874,0.1633383863005484,0.9617884055859798
75.899426161,0.21921193739484307,0.16362986660065457,0.9618583020694116
75.90839242,0.21908042143704898,0.16370038130388792,0.9618762675645588
75.91829932,0.2193387126268493,0.16359341078026973,0.9618356019052707
75.928322939,0.22255162275551163,0.16235066673858856,0.9613079819799814
75.938709976,0.22340763777413072,0.16144766749132972,0.9612615034660402
75.948886018,0.22323938935702758,0.161026471124147,0.9613712345586412
75.958270171,0.22273089447660036,0.1605808205305655,0.9615636997741669
75.970506099,0.22427767274945784,0.160080934084453,0.9612874804389872
75.978704838,0.22709663350173223,0.15826570995202413,0.9609261595489852
75.98839278,0.2293989669368106,0.15730938581623913,0.9605362414310257
75.998450822,0.22864786786624589,0.15840645819651536,0.9605350313871199
76.008584883,0.22915097158126593,0.15823415204601254,0.9604435357425449
76.018630841,0.22882452033848136,0.15749608774326537,0.9606426605337853
76.028342627,0.22934784908421135,0.15669014727223207,0.9606496561537157
76.038651656,0.2307240360777406,0.15637644613710922,0.9603711919198353
76.067031531,0.23101347340230627,0.15686342510124757,0.9602221831285233
76.067605215,0.22995689306542155,0.15711372546783844,0.9604348518256275
76.069031927,0.22988109996848746,0.15747400363851177,0.9603939910554086
76.082853425,0.2303219477249382,0.15635807278811,0.9604706937070902
76.088315302,0.23193240795674525,0.15599847395930463,0.9601415699061019
76.099364567,0.23268192797693976,0.15569937876002365,0.9600087623801551
76.10920576,0.23238839726038216,0.15510893369813844,0.9601754274640532
76.11835852,0.23247050686622356,0.1543087694172232,0.9602844719760408
76.129217559,0.23296616898898714,0.15363551221255412,0.9602723017424698
76.138459124,0.23257429688162362,0.15329677781528112,0.9604214149744219
76.148366121,0.23425833514684605,0.15196826731466603,0.9602232439092516
76.159523874,0.22963287179564756,0.153236187955103,0.9611386033719965
76.168434902,0.2289214603764626,0.15300197298971144,0.9613455992723758
76.179682954,0.2284743597789351,0.15303777843961722,0.9614462571011821
76.188426755,0.22951117872137103,0.1514700633759492,0.9614475746200688
76.198511253,0.22981382586615676,0.1516932860657022,0.9613400815545707
76.208310795,0.23164692358321418,0.150922621233469,0.9610213656284918
76.220122059,0.23329100607722772,0.14986285268140012,0.9607894836381526
76.229011896,0.23442650872738488,0.1492200188294456,0.960613136484417
76.238578293,0.2336695675011165,0.14898218258937923,0.9608344511385642
76.249755328,0.23445815694695685,0.14815340556703635,0.9607704934373898
76.258780104,0.23388113484460762,0.14806050612974936,0.9609254400256042
76.26914516,0.23342055676730916,0.14802370400071208,0.9610430930672926
76.279509442,0.23317460566973705,0.14790839991434954,0.9611205483733762
76.289323659,0.23335084178464846,0.14818903530571595,0.9610345438398962
76.299189752,0.23347249489814048,0.1472781104212052,0.9611450214805242
76.308923337,0.2330738178210912,0.14692882321186862,0.9612952285098871
76.319635606,0.2329662294577603,0.1461703546215288,0.9614369263566127
76.33126675,0.23320277202646475,0.14613879889748488,0.9613843760827265
76.339144784,0.23428646520747082,0.1450815622104369,0.9612810164188034
76.352144678,0.23215215216077068,0.1448612238895889,0.9618319001053838
76.359203576,0.23151688651179494,0.1446956618600649,0.9620099254679042
76.368424301,0.23125366877372897,0.14412634340728736,0.9621586863998761
76.379680174,0.23119471258725766,0.14335036652090727,0.9622887702192191
76.38840834,0.22966034239041122,0.14332507679239273,0.9626598825626702
76.401328996,0.23018218588234213,0.1427941587505654,0.9626141436365586
76.408660807,0.2295584570987219,0.1426799370792831,0.962780011388638
76.586648391,0.22917137772750965,0.14240813323670232,0.9629124587513203
76.586883323,0.22789692398352232,0.14238850150763596,0.9632177877703768
76.587123848,0.2274885224429931,0.1421274917284744,0.963352867983314
76.587544273,0.2264909665275037,0.14173435348006033,0.96364579339352
76.588027975,0.2263940166976667,0.141332642755722,0.9637275721360161
76.588727427,0.2263579168344121,0.14080459937541948,0.9638133420331516
76.589059675,0.2257748170109011,0.14065777538157362,0.9639715360052915
76.589546419,0.22716871884935008,0.13877597053988425,0.9639168030369936
76.589814825,0.22693593594477812,0.13735944891263638,0.9641744980921683
76.5901347,0.22403898020233598,0.13757597782975897,0.9648209086012197
76.590403888,0.22186710671980728,0.13656730156127458,0.9654658767144769
76.590740565,0.22184950516900204,0.1370474365151316,0.9654018837773727
76.591088986,0.2202001091232719,0.13678907101575835,0.9658160601236371
76.591346715,0.21981873226260204,0.13745741518343318,0.9658080471592436
76.591723722,0.2192496654587844,0.1369633679367284,0.9660075672786624
76.592000639,0.21896676877839488,0.13576330763433955,0.9662411078353749
76.592271885,0.21809398071898353,0.1362963626609998,0.966363449794915
76.592560041,0.21801986430113485,0.13503309492207516,0.9665575006412607
76.631144962,0.21754320455183174,0.13544271718862289,0.9666075855867688
76.632225688,0.21713825239897158,0.13502743979664056,0.966756727334796
76.632484184,0.21690509694263863,0.13448974832040175,0.9668840088226817
76.633018372,0.21680424006308122,0.1358754626182454,0.9667128736853295
76.638591107,0.21740173143593555,0.13513397612599024,0.9666826240628502
76.648635463,0.215924810169064,0.13604062134899056,0.9668864595682548
76.658640006,0.21554210742179208,0.13475174210210836,0.9671522982077949
76.668466002,0.21455699169789305,0.13475790272182722,0.967370459011213
76.67923126,0.21391493194162756,0.13422724937421102,0.9675864030761502
76.689190396,0.2138287104592113,0.13490930941861703,0.9675105998466078
76.698430399,0.21322145484861338,0.13458920967206756,0.9676891834840818
76.708362754,0.2126987686610986,0.13563311313755935,0.9676584585641086
76.718839087,0.21129465928639746,0.1362880967665919,0.9678740215734615
76.729100397,0.21110090397862177,0.1361277447364921,0.9679388645221171
76.738664445,0.2113929285639152,0.1364794609453812,0.9678255971471461
76.748558444,0.21194824288011552,0.1357278721774323,0.9678098403375625
76.758913572,0.21148202944659228,0.13605455141608716,0.9678659567626697
76.769495845,0.21151956731056018,0.1361499519320078,0.9678443383280524
76.779332752,0.21184795066639442,0.13578641858538787,0.9678235863659259
76.788431284,0.2117432074572369,0.13570728587710387,0.9678576066010908
76.802917736,0.21155952800313968,0.13558067513323796,0.9679155162727294
76.80831954,0.21150318778445018,0.13579468044430432,0.9678978284509399
76.818602215,0.2123268394860468,0.13448054124874184,0.9679009749242491
76.831207463,0.21274768752772458,0.13428300875085836,0.967835985594885
76.83832039,0.2116825513348303,0.1347326087291145,0.9680070359276447
76.848929562,0.21100204636040565,0.1354186164950791,0.9680598817936212
76.858824785,0.2109584368824009,0.13640621407887768,0.9679307220399616
76.868901135,0.21088858173478525,0.13545717037240712,0.968079212197324
76.88360156,0.2106737460572009,0.1365443695274611,0.9679732474983873
76.888787933,0.2109319450781365,0.13701673659486616,0.9678502613723091
76.898458068,0.21151264035320577,0.13609466527769207,0.9678536279075306
76.908420783,0.21282441826106654,0.1348805073924238,0.9677360258445488
76.918394967,0.21244007346636468,0.13497310332069257,0.9678075617423059
76.928443786,0.2124119584944529,0.13517087472882885,0.9677861305648031
76.938780852,0.2118959151340647,0.1351408292291861,0.9679034442674255
76.948214489,0.2115736431512716,0.13586366467698707,0.9678727489418419
76.958459762,0.211547895124646,0.1366067277280252,0.9677737803886676
76.968415765,0.211978430922604,0.1357672744830325,0.9677977020033887
76.978638273,0.21122060827849334,0.13597841191990884,0.9679337405681253
77.032500485,0.21115255549134992,0.13698532296289867,0.967806602375817
77.032799021,0.210972628528798,0.1364730405249908,0.9679182089523444
77.033262323,0.21126704628934304,0.13594682154183646,0.9679280432267932
77.033479123,0.2113055501163965,0.1363507309063462,0.9678628222384165
77.033810668,0.21039676605492258,0.1358825538752769,0.9681266096879906
77.039369254,0.21041613494357742,0.13693172232534098,0.9679745624635092
77.050401161,0.2099228443551744,0.1364687901964217,0.9681470284621848
77.058478911,0.2108386096939266,0.13658901989150324,0.9679310514222647
77.070823455,0.21008052656737336,0.13661049650265378,0.9680928388344134
77.080761939,0.21056561078172142,0.13623403045270674,0.9680405014784926
77.088549165,0.2092477913063099,0.1364640641863756,0.968293819570882
77.099153902,0.21017530525916292,0.1357522088931075,0.9681929966901536
77.108270206,0.2102040049732435,0.13561351064370764,0.968206203256361
77.118422785,0.20923293326454903,0.13533452714932132,0.9684555464236768
77.131698149,0.20994604379658577,0.13507445253426742,0.9683375191361379
77.139013949,0.20868025281185687,0.13500290594132563,0.9686210649545969
77.154135227,0.2088034408510614,0.13436877735281408,0.9686826904417499
77.16316012,0.2092797532329694,0.1336467722916619,0.9686797846258424
77.168462562,0.20899671120938015,0.133323501565887,0.9687854347758712
77.233423785,0.20903145007394014,0.13319047978145268,0.9687962370775253
77.233779379,0.2095289187628444,0.13220459983838248,0.968823810599041
77.234046106,0.20835401448473126,0.13237592578467627,0.9690537750407591
77.234461687,0.20781821122802951,0.13191201338177289,0.9692320732453861
77.234717481,0.20771691775962164,0.13157475496246274,0.969299626499985
77.234972283,0.20727750354276886,0.131435297551676,0.9694126051803639
77.23858833,0.20645885606209835,0.13174233676085173,0.9695456139131982
77.25010365,0.20628830683107333,0.13133863336774992,0.9696366834283142
77.258326228,0.2055058004680584,0.131847969028948,0.969733715530673
77.269031163,0.20566733054060435,0.13182479888625248,0.9697026201608928
77.279921993,0.20622574908679417,0.13180448601755296,0.9695867768690121
77.290166135,0.20594551939620134,0.13169694120508915,0.9696609503934106
77.299580169,0.20458948861801549,0.13234968922028012,0.9698591139491932
77.30851295,0.20499109027395446,0.13279468813797216,0.9697134750588104
77.318601296,0.2049145110379145,0.13308887624823484,0.9696893286950592
77.330152232,0.20478267301298436,0.13325052675268886,0.9696949798538653
77.338386475,0.20476554723250642,0.13300783153688028,0.9697319152304048
77.382122608,0.20402720052566195,0.13336084543310217,0.969839051776649
77.382560861,0.20403681708121615,0.13351564396596746,0.9698157299671517
77.382955811,0.2038760734273847,0.13343267136195208,0.9698609533830327
77.383332573,0.2041731052621125,0.13206113813508236,0.9699861848923895
77.4346992,0.2042589372064825,0.1333521391187749,0.9697914691126776
77.435084088,0.20376209687079047,0.1323579757435082,0.9700321510836122
77.435526115,0.20386540075276488,0.1315834978546026,0.9701158082766522
77.43582773,0.20365552686395366,0.13269329623441845,0.9700087192970022
77.436125448,0.20143611090083088,0.1323808829006336,0.9705147062603414
77.438942927,0.20180549972191542,0.1319086953081877,0.9705022598552153
77.449029163,0.20196607632864147,0.13076219462286393,0.9706240015937302
77.458424503,0.20129891879723438,0.1308444106223273,0.9707515055357682
77.469427939,0.20107319791412737,0.13122637842959411,0.9707467263322804
77.479285294,0.20088810919545,0.1301939293946678,0.9709240486941568
77.488706179,0.20281259204138674,0.12846308727333225,0.9707544940496842
77.499472148,0.20294746271752823,0.12733445460185513,0.9708749991877254
77.508484817,0.20259142981250688,0.12663470720712827,0.9710408660283506
77.518559693,0.2005658706195475,0.1271039027097603,0.9713999842796843
77.529104014,0.20044421561044004,0.12657867671888273,0.9714936721504737
77.538319655,0.19778834283722993,0.1266162839021542,0.9720329665646692
77.55203345,0.1969553670747115,0.12645920835242896,0.9722225321413522
77.56000924,0.1973704324034666,0.1258764409509354,0.9722139857183677
77.57034045,0.19620172818334514,0.12506323836635258,0.9725554319765993
77.580698798,0.1978523961810299,0.12287700472292827,0.9724997023319577
77.588801851,0.19736413129811892,0.12201524723230667,0.9727073964557779
77.602018111,0.197744603046626,0.12036879417161282,0.9728352508804378
77.610008348,0.19770967917663618,0.11892465633487606,0.9730199426915684
77.618692718,0.19599709302205717,0.11800752679642101,0.9734779726045656
77.631317534,0.1970983904133014,0.11668465378088387,0.9734150790225725
77.639507127,0.1970955341609976,0.11600835835116158,0.9734964875162414
77.648660906,0.19582040173610263,0.11588098020805235,0.9737689503624217
77.658795122,0.1958654506756756,0.11523257693416376,0.9738368335839052
77.668657287,0.19442377654198348,0.11525649095944426,0.9741228548837506
77.679853017,0.1941250672305309,0.11467315903524317,0.9742512637249283
77.689240917,0.19423346731451216,0.1134106444366553,0.9743774350340042
77.699492946,0.19562352632395416,0.11162461572441462,0.9743055891828589
77.70840673,0.19402974059103897,0.11161324452830351,0.9746255400983699
77.735571439,0.19270438041577856,0.11138815949940424,0.9749142011951135
77.735841348,0.19133238895518803,0.11047828709642932,0.9752878882755286
77.738773779,0.19312842587243537,0.10965316424565513,0.9750269712633343
77.748870536,0.1950793967596855,0.10858265759222238,0.9747583471969284
77.75851727,0.1976993721171297,0.10719625032139543,0.9743838679809541
77.768774844,0.19357087440793025,0.10683004102645205,0.9752526128728064
77.779382175,0.19243827300229355,0.10548394272102594,0.975623210523367
77.788850119,0.19235585125775742,0.10460003715559024,0.9757346251486378
77.79934399,0.1920585955609954,0.1034331496610599,0.9759175576975397
77.808336442,0.1948034127447853,0.10170661758517692,0.9755549160976882
77.818988346,0.19293435073452017,0.10156953101818564,0.9759405548881526
77.830824649,0.1921110220125842,0.10055052067246134,0.976208455205023
77.838561263,0.1922971325184896,0.09960970295729042,0.9762682622629536
77.849459513,0.191682384889263,0.09847899599274496,0.9765038405820151
77.860299722,0.18991905856143504,0.09973542885120185,0.9767208380223108
77.868373219,0.19239602367377126,0.09654347250364702,0.9765567715148255
77.880210039,0.1894451330842343,0.09604086236422492,0.9771830403292072
77.889703391,0.18893377824743732,0.09686385409312383,0.9772008090496929
77.8985847,0.18953028815210662,0.0959969444302965,0.9771708430632926
77.90843531,0.1884302301664721,0.09593619940560323,0.9773895303322104
77.918821218,0.186254140058697,0.09313404833379191,0.9780774224732693
77.928724364,0.18752666892553416,0.09259206239367322,0.9778857082621564
77.969639937,0.18663556980633283,0.09230672105885539,0.9780831423403781
77.969930839,0.18899036208953268,0.09050849994120133,0.9777989846976018
77.97017915,0.1830951938036732,0.09099834939687451,0.978874583597429
77.982906119,0.18602971374781857,0.08968454918363448,0.9784424496313686
77.983194053,0.18399218162471073,0.08754698943039477,0.9790211446861881
77.988597061,0.18330599702834877,0.08833024928083424,0.9790795057171959
78.00011415,0.1863529678743456,0.08654182387895754,0.9786639280591304
78.008438625,0.18325298615117655,0.08690310079092416,0.9792171332955726
78.020107767,0.1794878558606771,0.08757858565871958,0.9798541222715529
78.029157375,0.18435983237001163,0.0845949194927162,0.979211494930754
78.051024368,0.18594306135530653,0.08332675599825419,0.9790208525198143
78.051328411,0.18240540487547224,0.0829418583388985,0.9797187945566346
78.058321273,0.17812705285292738,0.08260539103962504,0.9805340903880503
78.068644127,0.18102192691012298,0.0824295599447538,0.9800185863671467
78.081078535,0.17914250920272778,0.08143561537848024,0.9804469398924548
78.08857495,0.178885960439979,0.08259849410560685,0.9803965024055076
78.098812243,0.1742110248771489,0.08331390423829461,0.9811775130789666
78.108592502,0.17808704824897006,0.08085318259348821,0.9806873946933717
78.118836579,0.18065577902187777,0.07991138027646628,0.9802946805977826
78.129456847,0.180071340509104,0.07917488109573843,0.9804619577172436
78.138257529,0.1797854055530488,0.07917581011066055,0.9805143543280977
78.149019482,0.1736900999429427,0.07991709173442305,0.9815523458433191
78.239153331,0.17625328367069668,0.07715497868136395,0.9813164062930851
78.239844973,0.17775024508946097,0.07562784644327028,0.9811652660041476
78.240810916,0.17505892773296947,0.07618914001760264,0.9816056167139433
78.241179537,0.17472981751506067,0.07506846979088028,0.9817505873257266
78.241764177,0.17044627047417335,0.0749462592147317,0.9825126600258967
78.242303894,0.16783944824794247,0.07363524261969882,0.9830604104815555
78.242838036,0.16764283844786634,0.0671076102595947,0.9835611050475659
78.243373761,0.16689113266696756,0.06779838834357568,0.9836415649895801
78.243896969,0.1658642629574468,0.06897579412983545,0.9837333917773359
78.248275501,0.1652236419126605,0.0690014830412532,0.9838393890728427
78.258385118,0.16142979157478995,0.0689565239900408,0.9844721530806908
78.268814468,0.15916660490659126,0.06801864581590511,0.9849058105747369
78.279674769,0.15859833199357062,0.06325749264455502,0.9853147003435915
78.288566084,0.1570859256584658,0.06255100950876093,0.9856020409726522
78.299380695,0.157599589485268,0.0639819950373678,0.9854281677043301
78.308475619,0.15778672408543867,0.06403910272395695,0.9853945113631882
78.329565402,0.1558439240774082,0.06376167091371755,0.9857216243191816
78.32999034,0.1551234854117697,0.06046404948041118,0.9860430026089809
78.338512029,0.15345881693591848,0.06061826914136036,0.9862939809970119
78.349484594,0.15146441055883617,0.05893493437551884,0.9867042139588833
78.358470016,0.14868591199228343,0.05843822950770294,0.9871562555679967
78.371238451,0.14723107541851446,0.05929217412806671,0.9873233758593355
78.379414049,0.14495356476914106,0.05987812440834751,0.9876249664108623
78.388824346,0.14721555137739148,0.05815044748036747,0.9873935926926425
78.400196795,0.1465481954468341,0.0581711562032184,0.9874916419885574
78.408538689,0.1473427645382976,0.056754683576269026,0.9874558297110658
78.438693908,0.14711546607481818,0.05557709077352121,0.9875566953966445
78.439128959,0.14585522810132817,0.056090305566624976,0.9877145994957007
78.439484429,0.1456313007489774,0.057313829349491176,0.9876774013854211
78.469099921,0.1436517560340365,0.058247569523447985,0.9879126447378578
78.469877739,0.14344925526793748,0.055358308815407736,0.9881081766730666
78.470175506,0.14342213966859685,0.053741146366322254,0.9882013858723915
78.481738484,0.14205647525672296,0.052394076820433434,0.9884709497763556
78.48852005,0.1393412874894438,0.05252146577815809,0.9888505960120052
78.498813727,0.13461841873565478,0.05382996352483288,0.9894342910795173
78.508408854,0.13535539611873001,0.05208027508044936,0.9894273908120225
78.519993089,0.13574217632152877,0.047757904527946954,0.9895924636549102
78.529131593,0.1335710323665858,0.046664060786573806,0.9899400207807701
78.538467941,0.12815610575029088,0.04769123458790586,0.9906066619513528
78.550159391,0.12591204068040787,0.0486704697953979,0.990846780981596
78.558497621,0.12632929806136708,0.0479620006116168,0.9908282166695969
78.568716221,0.1259027883084435,0.043248112324356325,0.99109943430341
78.580884012,0.12381577930744732,0.04298562201824122,0.9913737383520882
78.58836835,0.12228780272066951,0.04194659719037528,0.9916078742577124
78.59872323,0.12074775608964608,0.042927737228022685,0.9917546010862754
78.608901994,0.12069135885323688,0.04216930886213371,0.991794003454472
78.618697896,0.11770859179792954,0.03790361929086191,0.9923245452278212
78.629767682,0.11629610752120574,0.03920465303509344,0.9924405325034917
78.63866926,0.11833719520201255,0.03710190191638099,0.9922800799703216
78.649590947,0.11740506483110719,0.034332287519318716,0.9924904759168697
78.658635345,0.1142185807413284,0.03101551532105518,0.9929713760339751
78.668458798,0.10988097672843274,0.033898620529543164,0.9933665257493832
78.684186646,0.10698743850548717,0.03589559029380233,0.9936121952751455
78.688667776,0.10967668293708457,0.0341950543103525,0.9933789425393665
78.699111435,0.109517920042259,0.03212551091538817,0.9934655387772859
78.70847003,0.10972190644395863,0.03130268078936297,0.9934692976744186
78.719624905,0.10951055006186634,0.031737582499942865,0.9934788197451453
78.729989912,0.1099340176747496,0.031947280519574184,0.9934253283590526
78.739095971,0.10763479871679413,0.03090780270742946,0.9937099465321829
78.825208634,0.10460413259608085,0.031407758654447546,0.9940178711371971
78.826228229,0.1040378279331199,0.03258160777490578,0.9940395209415773
78.826875926,0.10629943634805844,0.03258613628554845,0.9938000671936306
78.827664661,0.10426795767256315,0.031078185728820797,0.9940635489618346
78.828323618,0.10336381483973983,0.029311833008108256,0.9942116164215147
78.82911636,0.09962953364096157,0.030887561121388803,0.9945450792168534
78.829761028,0.10129333134409915,0.029775595181639556,0.9944109185627407
78.830380358,0.10098731121467301,0.026934543592787998,0.9945230481668482
78.830959971,0.09776261733761259,0.02503595081152874,0.9948948043980641
78.839364129,0.09451074225885837,0.02661542374611785,0.9951679952734082
78.84960062,0.09405822657660877,0.021833203553956827,0.995327263384177
78.859580715,0.0909949635325314,0.02262813315749263,0.9955942367257457
78.86979601,0.08708540701882012,0.024545439402951796,0.9958984151452811
78.879551984,0.0877189355743755,0.020024481328901615,0.9959439785897635
78.888693552,0.08618972354521921,0.019131059356581156,0.9960950427158514
78.898586166,0.083857362081887,0.021626780898431723,0.9962430552694652
78.908732489,0.08514434416760243,0.016399448775717314,0.9962336566971233
78.918926866,0.08248638688647733,0.012439733949471314,0.9965145503191013
78.928635371,0.07838334625463138,0.015417529427043063,0.9968040684188106
78.938604836,0.07913052471275063,0.014827989414989074,0.9967539770618394
78.951420023,0.07624720790616722,0.015124545105136278,0.9969742280630309
78.958365363,0.07579220943244758,0.013176859650180651,0.9970365647051804
78.969518196,0.07510036462173753,0.012778262705845493,0.997094103500719
78.978422259,0.07426049696894597,0.010531318363815117,0.9971832679720641
78.98888026,0.07386102187797118,0.009293508098501482,0.997225240431852
79.002537474,0.06998919440706729,0.008364908141768424,0.997512677101414
79.008682508,0.0699185155370983,0.0070853504810739045,0.997527542974954
79.019436637,0.07048668461633441,0.006625220304494795,0.9974907186273536
79.028532316,0.06963020729136675,0.004271348257129276,0.9975637271957254
79.038676298,0.06993846426826343,0.001862612509793768,0.9975495686382884
79.049276261,0.06745009669520877,0.0011452124938771979,0.9977219918114218
79.058525906,0.06560983038312317,-0.0001517853498115798,0.9978453422842166
79.069191696,0.06623326989768456,-0.001766115308793371,0.9978026031211666
79.081902199,0.06512134064330986,-0.005553847137278104,0.9978618971454886
79.088862146,0.06485450272093181,-0.006544695341645473,0.9978732687268989
79.118076585,0.06337457283362972,-0.006638631828739589,0.9979677309841222
79.118609559,0.06526611122149269,-0.007991381804276956,0.9978358945953398
79.119019995,0.06439119733917668,-0.005526664839604203,0.9979094295981865
79.129119347,0.06300632721010892,-0.006495340460996109,0.9979919905910011
79.13862532,0.060447567820202476,-0.00807268009820761,0.9981387295264392
79.148714923,0.058144382845022206,-0.0073111922535414675,0.9982814118330579
79.173948297,0.05690276367235534,-0.00998209596863484,0.9983298218757773
79.174443405,0.05604771432610086,-0.010077219063363218,0.9983772350042687
79.179254265,0.05542305641438374,-0.011389641826660375,0.9983979972319399
79.189653538,0.05597371208712657,-0.011986361471272737,0.998360291024171
79.198860058,0.05557767605591117,-0.0135712361364764,0.9983621304286097
79.208424957,0.05482027775521539,-0.014150773328290322,0.9983959599082182
79.219887502,0.055071164821483665,-0.014765829545358971,0.9983732453762183
79.229252558,0.05452295408239049,-0.014793959757960037,0.9984029177805971
79.238842697,0.05443753668749543,-0.015610214450148329,0.9983951501305574
79.249599738,0.05400233285422855,-0.014233738329525918,0.9984393565657697
79.258627237,0.05338313006758346,-0.015456451053786548,0.9984544754494366
79.26918874,0.05287093772407942,-0.014746047026255768,0.99849247270136
79.280385861,0.05146258761864647,-0.014975853740502237,0.9985626299238002
79.289484803,0.050418421248950435,-0.01640595187102366,0.9985934245437275
79.301468204,0.053657553260253385,-0.02633139970528166,0.9982121640050696
79.308411867,0.04867159748456499,-0.020571370931750523,0.9986029713035552
79.31859946,0.049757792636104185,-0.019784980179949598,0.9985653291754435
79.33076134,0.04949412296323882,-0.01939786346475416,0.9985860276836958
79.339505475,0.05147072852404368,-0.01826176114236947,0.9985075223478206
79.353101676,0.05170408737009696,-0.018941372544970775,0.9984828049372398
79.360156284,0.05079348480719897,-0.02236051734738018,0.9984588269754033
79.36900055,0.04708992831105994,-0.020068642294126464,0.9986890348091991
79.379478245,0.04581966578777752,-0.019195479029419146,0.9987652836437235
79.408643417,0.04897864922885105,-0.020866222747410196,0.9985818407461517
79.409087556,0.049357848349874084,-0.025304392438632646,0.9984605603275387
79.409644992,0.048668689835420546,-0.027874829413789874,0.9984259374209266
79.418709207,0.047668982898897726,-0.032122482936939464,0.9983465401148796
79.429231148,0.048155573336949226,-0.03238723145986591,0.9983146337678092
79.438973167,0.044205039818041976,-0.02737624990649323,0.9986473128165632
79.448830839,0.04315782666564474,-0.027807377759125916,0.9986812062613671
79.458500247,0.043487348501942656,-0.028778306699432498,0.9986394041814012
79.469115346,0.04026547470236482,-0.027085483021617243,0.998821840047803
79.479527938,0.039230369530623956,-0.028311434990821678,0.9988290347978733
79.488705841,0.03989280654351369,-0.0311719100197783,0.9987176157512196
79.500302236,0.039627951279031744,-0.029646255991842087,0.9987746117033076
79.508369706,0.0348332594980911,-0.026282768170051114,0.9990474764144385
79.519103807,0.03257201413104657,-0.027113604400035553,0.9991015545738507
79.529488922,0.0324424182806676,-0.027924874720552627,0.9990834253794544
79.53843759,0.030467242137268067,-0.028157953510374478,0.9991390678032047
79.55575388,0.029472008929644782,-0.03725945299390983,0.9988709295260552
79.558440975,0.02589283657100731,-0.03175097755085016,0.9991603657265797
79.568570685,0.027246131193905353,-0.03119192008173476,0.9991419881361103
79.581347096,0.02819315899941361,-0.03237078169976775,0.9990782142944464
79.588573787,0.023927427735652814,-0.02852640125128438,0.9993066209295353
79.599422108,0.023255050982146405,-0.030308772064110142,0.9992700240374388
79.609078835,0.022954699001626177,-0.03153603111786275,0.9992389906999616
79.619088438,0.025453758009327344,-0.038692739708803506,0.9989269132909722
79.62963042,0.025309025302488436,-0.03713031727116966,0.9989898862238699
79.639826961,0.02501634149650873,-0.03658400414191946,0.9990174139118266
79.648880482,0.021908625411633326,-0.028964906273513863,0.9993403055701993
79.661756574,0.021626384188998076,-0.028422014311527317,0.9993620408087278
79.668564583,0.02030827252075916,-0.027587163182876653,0.9994130890151198
79.680451628,0.020523583780879123,-0.028983026373470944,0.9993691843813397
79.689233964,0.02118876038139688,-0.030225836610651848,0.9993184853862588
79.698929966,0.021449363112538446,-0.030659551362914143,0.9992997131653202
79.708578599,0.021621127077276037,-0.030678138438178848,0.9992954411413455
79.719700746,0.019340463388817675,-0.02874041589639162,0.999399787357396
79.729366946,0.019546720089538026,-0.029313803436835918,0.9993791205852801
79.738548022,0.021433635390486056,-0.030662175664723634,0.9992999701078017
79.74906408,0.021096467330673156,-0.029216096242090147,0.9993504684476506
79.758456367,0.02130173124253546,-0.029416761877890964,0.9993402275334915
79.783342073,0.02052476338268217,-0.0286017172881658,0.9993801458185234
79.783592924,0.01794841676278646,-0.02785385815637622,0.9994508576821143
79.788973379,0.020058146818212615,-0.02914841531304352,0.9993738242674548
79.799007451,0.019187037291462317,-0.029126969518371994,0.9993915535197663
79.808371371,0.01777833124549301,-0.028216582839696833,0.999443722973423
79.81887186,0.01631134402041562,-0.0268021040843794,0.9995076724432373
79.830596177,0.014684103698991457,-0.027651514837875212,0.999509765247808
79.83923182,0.013694001042692585,-0.02752424695771438,0.9995273333755579
79.849907672,0.012823503290406756,-0.026729173032811464,0.9995604579375591
79.859682201,0.012584670172258778,-0.02685287066253582,0.9995601779852159
79.868427925,0.012336787581374907,-0.026967275144927083,0.9995601881544853
79.879729259,0.011351499815767935,-0.026484642031534143,0.999584767385135
79.889794421,0.010672330348948047,-0.026322338380046596,0.9995965365421838
79.89868769,0.010502239293545884,-0.026066838868884456,0.9996050334413112
79.909044776,0.00963676548507361,-0.025562989675129637,0.9996267635021858
79.918584165,0.008782543915746994,-0.02469041560966266,0.9996565661762995
79.928592096,0.008715003829862242,-0.025107279561367768,0.9996467742264129
79.939009025,0.008835835641015581,-0.02512563302869717,0.9996452523637736
79.949138386,0.00804680974040687,-0.02462200782900559,0.9996644464936573
79.982654924,0.0077288494037785135,-0.025921212084115988,0.999634110888071
79.983026153,0.007165501475969133,-0.025557031863797347,0.9996476847924527
79.983327009,0.006919775183826197,-0.02420752840527277,0.9996830058973261
79.988590232,0.007781737321933104,-0.026034903402270573,0.999630746010289
79.999542429,0.007185604307219628,-0.025102989144537957,0.9996590453883512
80.008901253,0.007157784504892308,-0.02604109817419967,0.9996352471411076
80.023901356,0.007159587103188231,-0.026589984405302945,0.9996207846187661
80.028691111,0.007663847558500368,-0.02678947240599303,0.9996117194235012
80.038673937,0.007684992257535654,-0.02711598490451611,0.9996027532258301
80.049303274,0.007601281143902554,-0.02740555971077043,0.9995954960992526
80.059464045,0.008385947283042865,-0.02794107876166842,0.9995743954332765
80.069063171,0.007814826907593055,-0.027351219611245356,0.9995953377573256
80.082051666,0.0077071101826430115,-0.027353132624818696,0.9995961217352946
80.088426812,0.007542565336648039,-0.027826206913951008,0.9995843195633495
80.09900527,0.006842867290509941,-0.02649846888125125,0.9996254330068808
80.108658268,0.006450515443336607,-0.02544429829351472,0.9996554299031571
80.120057285,0.006832360131041315,-0.026604050504943112,0.9996227004984283
80.129188037,0.007135488976254322,-0.026735372942408627,0.9996170790011044
80.138556449,0.006904555343980566,-0.02670391000532747,0.9996195417787356
80.148869473,0.006323511292474261,-0.026701527458341184,0.9996234499231825
80.158950679,0.006392885516935924,-0.027954908756523577,0.9995887424792168
80.168550381,0.0061314474937225315,-0.02794489169295882,0.9995906604105006
80.179491745,0.006379473362939282,-0.02832096791119747,0.9995785237269679
80.188769117,0.005381644865671197,-0.028235171097806405,0.9995868211474266
80.19885588,0.005269709247639106,-0.02772444170876704,0.9996017134320963
80.208575066,0.005540261211767622,-0.027364801748199507,0.9996101605781063
80.220099323,0.005743925981700274,-0.02802974134304339,0.9995905866476329
80.229268167,0.005543222428772322,-0.028270927643610597,0.9995849275250579
80.238574235,0.0056196684263383305,-0.028611727086534974,0.9995748038040494
80.249255089,0.005568627522312368,-0.028854332733880456,0.9995681156729642
80.258605756,0.005622797306557887,-0.02840509595147597,0.999580679422345
80.269164641,0.005848040298226781,-0.028226598150598265,0.9995844434471333
80.280118836,0.0053240345200173895,-0.027826448989269583,0.9995985911319991
80.289072713,0.004419402359202645,-0.0274584653454864,0.9996131759654121
80.300203508,0.0047022585414073685,-0.027727300105662385,0.9996044645725929
80.309163323,0.004434875716446839,-0.02759907962887827,0.9996092349918635
80.318997316,0.003971637298868532,-0.02697560973250796,0.9996282021715504
80.330384332,0.004609957906720303,-0.026384543980701055,0.9996412377083235
80.338976703,0.004727787686900776,-0.027543796712588366,0.9996094173657245
80.350063955,0.004442547608297065,-0.027227286739656235,0.9996193968844066
80.359947354,0.00411626274458411,-0.02735527305768256,0.9996172994786341
80.369069703,0.004044799279533096,-0.02702137086186396,0.9996266728711944
80.380256335,0.003953032358792119,-0.02712408891240264,0.9996242580769249
80.389828649,0.004242167262015202,-0.026760394293016666,0.9996328752668168
80.398911148,0.004431330937634706,-0.027363139553617678,0.9996157371209651
80.408484961,0.0038035918179526495,-0.027189868664405602,0.9996230508203054
80.418463822,0.0036515513793783055,-0.02706760547397956,0.9996269358647898
80.429426819,0.004101256699096197,-0.027264468216031526,0.99961984197313
80.439052853,0.003774134404874698,-0.026258938980946566,0.9996480500821722
80.449473013,0.004287059255943242,-0.028059048572480604,0.9995970742835051
80.458389384,0.004075740326648887,-0.02739602384321433,0.9996163495153387
80.46908631,0.0036198580300363325,-0.02702947287042361,0.9996280829509491
80.479667183,0.004709077558100247,-0.028421298857765356,0.9995849410429258
80.579212475,0.0046178384636601,-0.028153667160157155,0.9995929404479399
80.579475551,0.0041403386963711555,-0.02731666289497945,0.9996182558976008
80.57978902,0.004453324465211484,-0.02871705829007824,0.9995776600466679
80.580164879,0.005172325495932649,-0.02874422647532799,0.9995734172602327
80.580446904,0.005276939941844905,-0.027180818840538464,0.999616605000141
80.588679326,0.005678329874888879,-0.028376019854261327,0.9995811913331816
80.588934316,0.0059605893864216955,-0.027836931968235574,0.9995947061648348
80.589171289,0.006076052437230628,-0.028556907141540414,0.9995737014554202
80.589453053,0.006521082609409031,-0.02805452143052933,0.9995851235932361
80.589771613,0.005816143889578134,-0.02797921284671339,0.9995915846578212
80.590042901,0.0065991672003806985,-0.028504716484634405,0.9995718744194397
80.599154658,0.0066451113021942735,-0.02876925034335071,0.9995639913134443
80.609444003,0.0067478346305917,-0.02872397158978215,0.9995646053076849
80.618497722,0.006819323757239466,-0.02875137807765682,0.9995633322016818
80.62941923,0.008133371386532657,-0.02980736173456559,0.9995225707588167
80.639212086,0.008060960535843688,-0.02966079400004009,0.9995275174874011
80.650345176,0.007448402256842669,-0.02908836702841393,0.9995490924449087
80.658834944,0.0077767440370211105,-0.029300223083589927,0.9995404039754645
80.671151369,0.008040925167042587,-0.02974563877498943,0.9995251575104682
80.679821256,0.007661651377739974,-0.029250175792635953,0.9995427586222944
80.688893454,0.0071121380549160305,-0.02910194329979685,0.9995511464594813
80.698947874,0.007139752246915684,-0.030371437111273113,0.9995131813766384
80.70832096,0.0073795897322358976,-0.030963158236645638,0.9994932838630765
80.718316269,0.007772180154195562,-0.03146310934249033,0.9994746950104108
80.729336196,0.008650114978508278,-0.032099370546120866,0.9994472501945272
80.738639706,0.008537347593585098,-0.03315666474125245,0.9994137027674288
80.754479246,0.00864479506530005,-0.033209087941438856,0.9994110385603997
80.759393989,0.007900546166847858,-0.0327108387010544,0.9994336308138422
80.770702359,0.006205140659347212,-0.031534838245448026,0.9994833916610277
80.780159457,0.006486119276450857,-0.031400201285755686,0.9994858466311295
80.788809799,0.006759052059715701,-0.03100008846889544,0.9994965281231221
80.799451153,0.005933601977264008,-0.029571900093486876,0.9995450440537617
80.808665384,0.005571958143169437,-0.028906529655449677,0.9995665889903131
80.818731104,0.005877490593598038,-0.02881763095719423,0.9995674060564085
80.830344514,0.005498645249837544,-0.028331693212785204,0.9995834532744694
80.838774974,0.005403416412636577,-0.02769894857942846,0.9996017063504173
80.849212575,0.005599131253958749,-0.028869111694263615,0.9995675185394857
80.859673104,0.004958756455360518,-0.02899899070040204,0.99956714095291
80.868560601,0.005126617457680971,-0.02839961315743428,0.9995835031481617
80.881369129,0.005374531080302408,-0.02800208998047289,0.9995934160309343
80.889581582,0.00528590617305183,-0.02936480511810471,0.9995547845997764
80.970174223,0.005861326543732154,-0.02995677927983807,0.9995340095396088
80.970438783,0.006708065522187165,-0.030953141431725055,0.9994983266081329
80.970685096,0.005942038482860593,-0.030378585206922146,0.9995208020544115
80.970939567,0.0059322873347090925,-0.030270634768943008,0.999524135095128
80.971192819,0.004653113819936031,-0.028133649388278795,0.9995933404659498
80.971446482,0.004643483699160995,-0.027016362581060247,0.9996242064956333
80.972949751,0.00575511620448132,-0.028083123362012217,0.9995890239592006
80.973254541,0.005233780406302483,-0.028952048350454625,0.9995670995180722
80.978837879,0.0053919393311206735,-0.029479681868596206,0.9995508367997978
80.989080797,0.0058264931540820755,-0.027340491015586554,0.9996091984013312
80.999016527,0.00503766021923424,-0.02536635906127696,0.9996655289683094
81.008494267,0.003940517524184048,-0.0235916312310304,0.9997139127057805
81.019374018,0.0037636668472810493,-0.02064239601589418,0.9997798389138409
81.028720806,0.004423916982016234,-0.020911995063956912,0.999771532611817
81.038534019,0.004233057089983427,-0.025083447996253977,0.9996763985732043
81.051915081,0.005657170308857397,-0.026525641445528422,0.9996321257192567
81.058531049,0.004586635913517464,-0.02403066974856795,0.9997007000509863
81.068703622,0.004561811251152438,-0.024354822103240886,0.9996929691252352
81.080794822,0.004954631042021538,-0.026035141521980294,0.9996487498302431
81.088650541,0.00450904896091772,-0.025142555512639008,0.9996737069563059
81.109747354,0.0047800728279658875,-0.02488680896853576,0.9996788472520177
81.110098814,0.004471333827587387,-0.025644741337262057,0.9996611197878745
81.118572964,0.004204697907577015,-0.025046504190780826,0.9996774445506545
81.130479994,0.004219801972528609,-0.028471585787697692,0.999585695212795
81.138406599,0.0036056134195862045,-0.02884289246928593,0.9995774542804945
81.148746997,0.002945104303183256,-0.030340459830034153,0.9995352834482361
81.159399495,0.0036256642165008314,-0.03280709270262413,0.99945512616995
81.168739551,0.004635494225203142,-0.03602646579974572,0.9993400852338846
81.179572207,0.005799452408335882,-0.037991838913935115,0.9992612203661768
81.190650036,0.007946005414214934,-0.04313432616511641,0.9990376824245614
81.199417718,0.003786916923806619,-0.035192759237327835,0.9993733681449969
81.208517655,0.0014763506417900523,-0.036389338108671565,0.9993365981794098
81.236817093,0.004127253339909181,-0.04209528492587084,0.9991050759389014
81.237055603,0.0045998916037465,-0.04189734416558187,0.9991113319090644
81.238552267,0.006934515311097786,-0.04280085939094231,0.9990595572501157
81.251065702,0.006970855692130681,-0.04619042309768998,0.9989083301209255
81.258454853,0.008438490537984143,-0.05432925564667224,0.9984874179769713
81.269481319,0.007787486532563963,-0.05123127393050469,0.9986564532535515
81.279404823,0.005000030707894243,-0.055728080885177465,0.9984334633283158
81.335138967,0.008707759134011913,-0.061340812185298674,0.9980788945225282
81.335490018,0.008805982964721756,-0.062322422608521735,0.9980172194427458
81.335878625,0.010700098502432535,-0.07115632589096141,0.9974077827938469
81.336496958,0.0073220947282718486,-0.06882506411930306,0.9976018732328865
81.336958191,0.009270043516423795,-0.07279333814858494,0.9973039638016031
81.340459486,0.008417583800011806,-0.07805164055969185,0.9969137804689585
81.349232909,0.009641656331775939,-0.0849480015921748,0.9963387353147903
81.359857545,0.009500532798379795,-0.08290197714100163,0.9965124194221866
81.368491953,0.00935014475717764,-0.09183648587079385,0.9957302017393684
81.380555645,0.008063517600011836,-0.0945347931596139,0.9954889012772485
81.388936152,0.00702915270693432,-0.10139265191060007,0.9948216529362229
81.399647612,0.0057835308621871,-0.10823671937693125,0.9941083257619793
81.409222134,0.004896519435791937,-0.10973474823907381,0.9939488463328089
81.418552748,0.004610548576992323,-0.1150493185732252,0.993349081208442
81.4294753,0.004355525322976104,-0.11634824526460853,0.9931989303372248
81.438871776,0.0029548675228696377,-0.12357953944743068,0.9923302707203299
81.448719416,0.006401994297709055,-0.13232657284432778,0.9911854985764709
81.458770169,0.0077736014934215465,-0.14332963394961667,0.9896444751281596
81.469505513,0.006301010214534117,-0.14387089063067976,0.989576406397915
81.479345369,0.00630062112669556,-0.1473033897088746,0.9890712884083196
81.488583791,0.006230636751655934,-0.14949071378940035,0.988743498414227
81.500329886,0.006087705349899309,-0.148055388981995,0.9889603337025015
81.508428642,0.0065913484245940035,-0.15269741717356913,0.9882510070394397
81.519648034,0.00683853694492278,-0.15133768703568085,0.9884584659433816
81.530413862,0.006467334820988457,-0.1492323016427752,0.9887810140403753
81.538518654,0.009171521175591486,-0.15533439114681338,0.9878193712042574
81.549671614,0.0056528303518337715,-0.1503370058408604,0.9886186474995394
81.559146363,0.005387281722047362,-0.15136459782774736,0.9884633203716219
81.568642133,0.0044806722529335714,-0.15202230890369137,0.9883669061496103
81.649031598,0.005259574143072834,-0.15504069526913114,0.9878940832347858
81.650559373,0.00876141511722169,-0.15572325043602298,0.9877618674957964
81.650845145,0.0077748162898053615,-0.15616432341451048,0.9877004891788542
81.651142873,0.008362414393559368,-0.15787379366255413,0.9874238883580364
81.651406225,0.010163481147719852,-0.15794346650039473,0.9873958502246193
81.651714415,0.006657808171660663,-0.15469655205070582,0.987939598545363
81.651998189,0.009360682840343646,-0.15355548225518248,0.9880956894380932
81.652254719,0.012676696089816124,-0.1554135630987097,0.9877681538606161
81.658806275,0.013934031817077962,-0.1542417371915791,0.9879348810855121
81.668579969,0.014876150968583265,-0.15294975231857905,0.9881219931759666
81.679479207,0.017278179876501387,-0.15171363162250537,0.9882734634098328
81.688821446,0.021702293529350165,-0.15023348696788064,0.9884123177343742
81.700435823,0.023093265880675614,-0.14764367409227885,0.988770977816146
81.708694396,0.027586397941890366,-0.1466390530131487,0.9888053290612863
81.718859595,0.031068581766089336,-0.14509060863243273,0.9889304619202071
81.729744971,0.03365950314535306,-0.14451335135840304,0.9889301942640697
81.738537424,0.03374050463543442,-0.14410755197546393,0.9889866489546688
81.751199808,0.032666620756314955,-0.14179528809130623,0.9893568558227445
81.758779517,0.03401706904680635,-0.13843581461514623,0.9897870297419066
81.768748254,0.036896177071858285,-0.13797606780898902,0.989748087560391
81.7796327,0.04075873017506926,-0.13913253764496247,0.9894346177908822
81.788882144,0.04409305670306951,-0.13937766537094834,0.9892571297424769
81.799113294,0.046681261704730935,-0.1368928354455255,0.9894853265255321
81.808522905,0.04844366483763427,-0.13482104593586855,0.9896850493514882
81.818905656,0.051233952838634675,-0.13247760146017137,0.989860983768877
81.829799515,0.058870690432886695,-0.1379828778031646,0.9886834514854147
81.839365634,0.05993885078333003,-0.1353129027354386,0.9889882469069506
81.849675747,0.058852841495329836,-0.12741184262152563,0.9901023004759221
81.858903569,0.06133712860564321,-0.12532208944771506,0.9902182237016615
81.87062801,0.06420842251524239,-0.12663617806849897,0.9898689594498393
81.879951628,0.06768563325976695,-0.1250983254863406,0.989832846500225
81.889977342,0.07013199027278837,-0.12138581684601978,0.9901247332578872
81.899877424,0.07270070107495609,-0.1186287766154885,0.990273609373653
81.909021314,0.07219162740051732,-0.11535126856852164,0.9906979629397134
81.918651181,0.07634367073637155,-0.11518783353131018,0.990405677964772
81.929944032,0.07972029022602402,-0.11330199008226692,0.9903571751492874
81.939189229,0.08423234280812002,-0.11155857295033066,0.9901815981052875
81.948903872,0.08616321772066025,-0.10869269438398295,0.9903341850605644
81.958599029,0.08935376778134844,-0.10518433476911264,0.9904302902791574
81.968975166,0.09141103343181978,-0.10197708069210783,0.9905779615862863
81.979486838,0.09352381879508405,-0.09723813365630027,0.9908572251747594
81.988721361,0.0955764079435286,-0.09228707478371437,0.9911348273935678
81.998796858,0.09714466380177471,-0.08884753752086803,0.9912966404519478
82.008643958,0.09960367135620034,-0.08434578442735592,0.9914458620124955
82.01892992,0.10353828164284305,-0.0826971812259359,0.9911816182979445
82.033228476,0.10734308420410231,-0.08195938833149026,0.9908380901731014
82.03841888,0.11145350246101007,-0.07972367683506038,0.9905666318532402
82.050190349,0.11544980390982272,-0.07707708318294965,0.9903183659940838
82.082637184,0.1193404819225321,-0.07225973472198546,0.9902203694695471
82.083195726,0.12324068618959447,-0.06826515471520704,0.9900260612323429
82.083511382,0.12371970582587621,-0.06453070861287481,0.990216755077533
82.08877046,0.1270901381438468,-0.06119898087220941,0.9900014048105088
82.099282884,0.13050524051032902,-0.05670951722862612,0.9898244353697464
82.109592966,0.13459480633858525,-0.05457493599795416,0.9893966921652295
82.119614609,0.13867315687906967,-0.05231794968903457,0.9889553011645819
82.129732937,0.13923355665646558,-0.0492001259485387,0.9890365839075108
82.139566686,0.14024191689076884,-0.047933006472957077,0.9889563345452953
82.14881788,0.14447460493881983,-0.05045074077824029,0.9882215395763739
82.159577749,0.14573883931779857,-0.04982878310641912,0.9880674486533975
82.168971981,0.14585929576157156,-0.04630213445245213,0.9882212192546188
82.180735458,0.14603620369824788,-0.04165269570573258,0.9884019830766477
82.190022634,0.14543657728495882,-0.037966569483389334,0.9886388327338246
82.199697509,0.14597116469068222,-0.03636312362185139,0.9886203226311442
82.208924544,0.14740086302224706,-0.03709243729595161,0.9883810685538967
82.218457609,0.15115138512283438,-0.03892192725261381,0.9877440672332033
82.229547586,0.15291319485890495,-0.038472844362748664,0.9874904531612861
82.23864409,0.15132171762006008,-0.036689068205640024,0.9878034470737166
82.251047448,0.15186406560402832,-0.036051007360568266,0.9877437068625159
82.28209352,0.1522508011974043,-0.033788370689166944,0.9877641619034981
82.282346228,0.15185921291414214,-0.03198260542119749,0.9878845541881751
82.282596948,0.1528338884940479,-0.03257452694549428,0.9877148893896791
82.288609139,0.1545547298495067,-0.03260454568041611,0.9874460892029092
82.299315773,0.1558356088302876,-0.032723938377048345,0.9872408049091106
82.308972773,0.15609899218055742,-0.0305847195171793,0.9872677851384951
82.318866932,0.15705607265650612,-0.03046723804441226,0.987119616585376
82.330535389,0.15855324371315163,-0.03248159600686962,0.9868159984662209
82.338576034,0.15874712802416616,-0.03247969541397674,0.9867848897960966
82.351452347,0.15862777904218486,-0.03161157224041404,0.986832273599031
82.359954358,0.15854949197778131,-0.03064240071097546,0.9868754236843957
82.368490668,0.1582159925283103,-0.029883382270628804,0.9869522192955186
82.380075406,0.1558054927613009,-0.02740102491356635,0.9874076322669855
82.398860578,0.1556955024709449,-0.026968219300081444,0.9874368970512004
82.401506675,0.15728010198725315,-0.02720655722921165,0.9871791999240123
82.4094304,0.15787734355535463,-0.026839998431786645,0.9870938956736013
82.669458337,0.15884720534748456,-0.026979422413822274,0.9869344842083038
82.670692648,0.15961540826252352,-0.025528428917555836,0.986849137792697
82.670970648,0.1605416753078867,-0.025868308596755474,0.9866900228033525
82.671228928,0.1599869163686524,-0.024413938630561974,0.9868171797204348
82.671646421,0.16083486569490837,-0.022907786673556654,0.9867154500090792
82.672015129,0.16077142916035497,-0.021360359564456005,0.9867604991106069
82.672312024,0.1615144944092863,-0.02217937184796799,0.9866210739489312
82.672748559,0.1618302900997175,-0.02247182723214158,0.9865627066674932
82.672993025,0.16107962513401097,-0.020161848692192414,0.9867354530085558
82.67337157,0.16066176870675533,-0.019721099000042586,0.986812481847614
82.673721776,0.15820090626558803,-0.017696087009657722,0.98724835870276
82.674009367,0.15971591671993152,-0.017340177314862735,0.9870107112878771
82.674402804,0.15932667101900275,-0.01655065444368027,0.9870871733233537
82.674656821,0.1589318289651397,-0.01588388220778082,0.987161778042386
82.675034649,0.16096825454254812,-0.01788107285266964,0.9867975923476723
82.675471534,0.16375119257514095,-0.018874625509842688,0.9863210914515022
82.675833898,0.16391907678106124,-0.017620046004533842,0.9863164148720442
82.676270875,0.16445764655455014,-0.018461757793675405,0.986211359693705
82.676586925,0.16477144094760413,-0.017947816535339382,0.9861684684320748
82.676863542,0.16548562853512405,-0.017402397439488702,0.9860586510505818
82.677224447,0.16610514641368215,-0.016802151945023,0.9859648918825181
82.677599285,0.16629151809024398,-0.015866716548645472,0.9859489734855487
82.677899614,0.16682004260613031,-0.014714582646347424,0.9858775555019156
82.678259074,0.16704770047378334,-0.014958690412775392,0.9858353327749801
82.678623555,0.16631294953815118,-0.014055653178760208,0.9859728401074945
82.679445352,0.1664888578337887,-0.013612958991196631,0.9859493635905977
82.680410394,0.16695300862292903,-0.013232472526944178,0.9858760543712258
82.69024568,0.16644421381885147,-0.012291517470010418,0.985974260457396
82.698884654,0.1661028441252592,-0.011352213120068082,0.9860430885264481
82.708502104,0.1665609044989642,-0.010359735720139518,0.9859767446386837
82.729540425,0.16647100132981799,-0.01057715563335508,0.985989619364705
82.729842395,0.16562020261910057,-0.008966001338896521,0.9861488525087878
82.738629734,0.16535986014886578,-0.007825690321765081,0.9862022486399712
82.752046652,0.16581346814332854,-0.007951328112444934,0.9861250783564577
82.758658771,0.16611771866482933,-0.008098184039801793,0.9860726763078115
82.768688276,0.16605317437719466,-0.0074880937110269295,0.986088369129173
82.782841158,0.16619444049944085,-0.007530291764631842,0.986064248744988
82.789016544,0.16605509672241509,-0.007066342137043806,0.9860911578861823
82.799213305,0.16656761806756018,-0.00744971076634983,0.9860018916923017
82.808440575,0.16657457628166955,-0.007709817734668084,0.9859987166558993
82.818741507,0.16688929109020095,-0.00716170782511046,0.9859496307927896
82.830699811,0.166786488847437,-0.005975833393925646,0.9859749269394187
82.838969931,0.1671565553262973,-0.006561855477509817,0.9859085292582364
82.852860127,0.16781177661646873,-0.0064083270087491795,0.9857982252843498
82.858458164,0.1681481076617236,-0.006631479566559353,0.9857394368536443
82.868511062,0.1681457699147209,-0.006206144523826622,0.9857426052626189
82.880013656,0.16985266923398826,-0.004677904672261507,0.9854583643979925
82.888482111,0.1702251204793882,-0.0032319076261949345,0.9853999001069941
82.898974053,0.17056852611727252,-0.0036946797808473683,0.9853388895397859
82.908956007,0.17123762135882792,-0.0035711799458518056,0.9852232862174772
82.919042317,0.171258402339762,-0.002477316750256222,0.985223031871338
82.929574403,0.1724486394252664,-0.0031088843593072893,0.9850136047783375
82.939081969,0.17266029543533398,-0.002484712245257023,0.9849782985351715
82.949819437,0.1728287105931143,-0.002877382059453377,0.984947692756933
82.958631293,0.17310378894375256,-0.002181204321133526,0.984901173012311
82.969146554,0.17320439493732714,-0.0007201778940437803,0.984885637481934
83.070366805,0.1739515077272769,-0.0010749425437877754,0.9847536328736923
83.071082513,0.1749843985268985,-0.0020171748370500188,0.9845691399174852
83.07150948,0.17397790546933226,-0.00235953595061665,0.984746729366796
83.071932794,0.17504998589294077,-0.000728282078457947,0.9845592780752694
83.072188869,0.1747157493503484,-0.0015911162408948573,0.9846176289697715
83.072437324,0.17534460987803824,-0.0015188754125107292,0.9845059475717757
83.072692175,0.1754278675645041,-0.0010289262199486158,0.9844917493776192
83.07294636,0.1757895190470439,-0.0010871003334823523,0.9844271751663878
83.073201744,0.17601750692634205,-0.00035587460481715144,0.9843869719824114
83.073469187,0.17642067509464252,0.0006886378503347502,0.9843146200159081
83.08115054,0.17708293758691385,-4.6643982026676266e-05,0.9841959312250425
83.089767171,0.17775091032255416,-0.00027123721984409916,0.9840754749051894
83.101271662,0.17718523944854428,0.000323382031412137,0.9841774668958967
83.108591024,0.17703436796046057,0.00024661477113176286,0.984204639158948
83.118809661,0.17683979451123572,0.0007708900047558629,0.9842393473164058
83.130799837,0.17698573709381332,0.001047934903938018,0.9842128584294135
83.139126492,0.17607919869850774,0.002410973256116187,0.9843730507250033
83.151581146,0.1757967950178173,0.004524064787278653,0.9844160805773462
83.159666033,0.17591375451647032,0.005917121445470065,0.9843877989114446
83.168779257,0.1754991059736212,0.008141993087781508,0.9844459211917221
83.180189827,0.1758547824124815,0.008235927952257553,0.9843816663232936
83.189445845,0.17634708741081395,0.009475892067853738,0.9842824351939037
83.199112399,0.1764918249461577,0.010691763958519312,0.9842440357506008
83.208549363,0.1767733836161649,0.012116467655575358,0.9841769973213375
83.219181012,0.1773141200481948,0.013197844527093749,0.9840658106708987
83.229316496,0.17782666896570629,0.013423602871234931,0.9839702651455056
83.239012326,0.1777799087719799,0.014495665263501163,0.9839635052813671
83.249383992,0.17806222121147236,0.015500724204590196,0.9838971353380241
83.25906727,0.17738049416964813,0.015926961773199466,0.9840134613798769
83.270630556,0.17747770915563274,0.01572672113968186,0.9839991529442815
83.280555955,0.17740566593021317,0.016079775894857158,0.9840064382426716
83.288531844,0.17660146880650723,0.01693010150547038,0.9841368262992697
83.300294889,0.17578469031280428,0.018126057880457173,0.9842617480514754
83.308607273,0.17616648605812796,0.018629035419986947,0.984184092652006
83.347824481,0.17474738160611145,0.01912843543528311,0.984427476038538
83.34811259,0.1735796549727279,0.01875441807783655,0.9846412418653356
83.349053635,0.1722967432947072,0.020372732852920992,0.9848343942034831
83.350836292,0.1704767044235378,0.021238964897568893,0.9851327827348806
83.35991472,0.16865259495988408,0.022027233984881205,0.9854294004018109
83.368884082,0.16861310397246282,0.022771620132030268,0.9854192379314167
83.380246413,0.16857647074483584,0.024012008947832092,0.9853960609508772
83.389977539,0.16886453118667116,0.02336155556835833,0.9853623738648296
83.401329726,0.16742064100296178,0.025994319865034324,0.9855428069347935
83.408994185,0.1654664190724208,0.028167663403562766,0.9858130892302727
83.418867057,0.1656627722245943,0.029853762312591868,0.9857304899284821
83.43001707,0.16682611512151616,0.029314466335590986,0.9855504600866067
83.439481719,0.16809631223739244,0.028575916314244144,0.9853563045005549
83.449047679,0.16706011667231896,0.02887881162996629,0.985523683965166
83.459237171,0.16696778138424956,0.029982222792360447,0.9855063806470513
83.469695914,0.1668359796560462,0.030211237975390534,0.9855217080268712
83.479899955,0.1656946110057176,0.031853616048510836,0.9856625401364799
83.488755708,0.1640555966576056,0.03341681158875663,0.9858849212299368
83.501852962,0.16247156881091016,0.034982782838524,0.986092893308229
83.508927002,0.1655817882430629,0.029842809012482176,0.9857444284156386
83.519567037,0.16461841139331831,0.03011137965213663,0.9858976029212085
83.52920676,0.16396886601780125,0.030730019785484466,0.9859867528830295
83.538464286,0.16391867665673426,0.03149116732016136,0.9859710816367379
83.552025785,0.16467019258848437,0.03144159956014513,0.9858474291136388
83.558360413,0.16308476004179068,0.03227063272236581,0.9860841583281875
83.568485021,0.16278395819171362,0.033000048579097864,0.9861097199344583
83.580801252,0.1638793166201922,0.032718386066359455,0.9859376637482269
83.58873125,0.16381050891518303,0.031771644486271476,0.9859800605365134
83.599061822,0.16409237698118795,0.03158791753614436,0.9859390930896256
83.609799523,0.16376338999292997,0.03268360271949307,0.9859580793377061
83.618738603,0.16296351610346188,0.032832529727164037,0.9860856541958775
83.629800098,0.1632486479949469,0.03318972629496967,0.9860265315884188
83.639468968,0.16270801739284066,0.03347400231566539,0.9861062783721956
83.648833613,0.16220095324510334,0.03388980555303501,0.9861756090301349
83.659027734,0.16130710809811644,0.033905765026031286,0.986321659487929
83.668535403,0.1619926751801117,0.035143143714220365,0.9861659762118508
83.682098194,0.16202712155880286,0.034200045198322926,0.9861934743181997
83.690094111,0.16286308982837658,0.03413118112680928,0.9860581506414533
83.699831228,0.1628792442162025,0.03406590202770562,0.9860577397508716
83.708449916,0.1625959154283415,0.034109257479076414,0.9861030001172523
83.720170833,0.16352581132458444,0.0338745571231414,0.9859573131785917
83.735161943,0.1637730083963272,0.03380401908916747,0.9859187035522938
83.738386629,0.15996288939825623,0.041729576044300415,0.9862405976730648
83.756083252,0.1601114074853412,0.04271765739500301,0.9861741930002763
83.758632209,0.15961381066671726,0.043169753807060285,0.9862351665808147
83.768948402,0.1599206228030412,0.04290178480295342,0.9861971563855824
83.779525126,0.16204340661730363,0.04177888021449601,0.9858988079614877
83.82438734,0.1626135356063981,0.04254757780439744,0.9857720536009152
83.824695451,0.16299071274154447,0.042784349578910884,0.9856995115100307
83.824989502,0.16374823976058075,0.04215906411420928,0.9856008965541404
83.825361371,0.1631451922889055,0.04253757331576668,0.9856846357174397
83.831239023,0.16338198060455497,0.0414927946495932,0.9856899494292816
83.839191318,0.1635831889483427,0.041834160266776756,0.9856421477028386
83.848998467,0.16376499086860757,0.042180504467193514,0.9855971960231512
83.858938555,0.1641476539747019,0.042269364382012994,0.98552972990638
83.86864944,0.16483519551391532,0.042465645522312946,0.9854065289362876
83.883048277,0.16217332983096755,0.043051612145938785,0.9858226867866108
83.889486611,0.16199588139873194,0.0440472527801527,0.98580787881431
83.901153567,0.16165894048837876,0.045169566456888875,0.9858124046826919
83.909035427,0.16248992165034246,0.04511549912913025,0.9856782523219203
83.918869991,0.16247139861276014,0.04577858224550566,0.9856507322781256
83.929380844,0.1641657502114806,0.043631858298908116,0.9854673345164141
83.939260687,0.1636999799434276,0.04451814346168635,0.9855051757698922
83.9498897,0.16252813229119145,0.04487304174185067,0.9856830202142935
83.958654482,0.16815189240432316,0.041726488787413904,0.9848775767649087
83.969285314,0.1712472700893418,0.04053182648978184,0.9843939981167856
83.979480294,0.1670150817554877,0.042482782642365546,0.9850386670812316
83.988933942,0.16975761673617845,0.04022950897271283,0.9846643784396119
84.002991118,0.16621323836280516,0.04559661781259251,0.9850350794956503
84.008434547,0.1680424485603342,0.04546847479861137,0.9847305993424473
84.019037552,0.17026485371522448,0.0418203458737146,0.9845105069324229
84.031542866,0.17086186186123875,0.041107134356783995,0.9844371120931416
84.038662716,0.17375358627170673,0.04227889079311339,0.9838811852307293
84.050370164,0.17174349880340903,0.040978236861059225,0.9842890605520933
84.058515005,0.1727161074873588,0.04108854401996334,0.9841142605230018
84.068907384,0.1721454157808079,0.042529243518359294,0.9841530466707955
84.081204409,0.17306045129778094,0.041978263316088005,0.9840162120644018
84.088620645,0.17138971295458635,0.046376354829095544,0.9841111725847392
84.105223363,0.1727327506916408,0.04396126816845933,0.9839871969388222
84.108585547,0.17493294089500128,0.04327264249554187,0.9836289669388957
84.119143025,0.17396863761205994,0.04288510338849939,0.9838169448808867
84.129326261,0.1741421586689932,0.04476156081042931,0.9837026538786594
84.138663254,0.17860863682416478,0.03850971244433569,0.9831662915800502
84.148703657,0.17249693004305292,0.04402510063769605,0.9840257108630663
84.158650996,0.17347907661752396,0.04568973091029784,0.9837771386169105
84.169113428,0.17818287746768405,0.04535082803818968,0.9829517610613387
84.179293876,0.17582593027931168,0.0453729687478748,0.9833750738901302
84.188777119,0.1748672952383843,0.04614534836016204,0.9835100588609813
84.198549668,0.1766415966839875,0.04617654228967869,0.9831914733474356
84.208611713,0.17890372404401628,0.04816584466976693,0.9826868824454871
84.218877039,0.18028005992428725,0.047375680644307416,0.9824737374999823
84.230713001,0.18148382625600812,0.045214820899713064,0.9823539284690045
84.238779721,0.18324774315907455,0.04200994998760303,0.9821687374016468
84.250169467,0.1856454391149316,0.04030335616467165,0.981789901362653
84.258530136,0.18558592929964282,0.041365589093721615,0.981756971396138
84.268865159,0.18641446386263488,0.043112823089391974,0.981524799558355
84.279365219,0.18407678758996865,0.04408155205080564,0.9819228854850822
84.288729893,0.18780412037825253,0.040549206277644134,0.9813691325078469
84.30028642,0.18984011304813767,0.03915128516498746,0.981034101521349
84.312280121,0.1899406140522269,0.039506970575463804,0.9810003885877989
84.318695804,0.19253766724149865,0.03284945700368024,0.9807395983989662
84.330470978,0.1901985856695537,0.03903789289527723,0.980969184494395
84.338798035,0.19066773478536433,0.0396265560661939,0.980854500405718
84.348696256,0.19264101964652716,0.038679586835728794,0.9805066685707771
84.360001993,0.1937015088271774,0.037570060901937284,0.980340867250723
84.368786865,0.19585107496075568,0.02992073946466473,0.9801770787906664
84.380091395,0.19458995902671045,0.02934042835084831,0.9804457593922123
84.389869253,0.19190469192213047,0.03706284234527117,0.9807134825908951
84.399623987,0.19115654197094203,0.03706830514953844,0.980859376880831
84.408767749,0.19137185846582347,0.03621750067583076,0.9808491751702365
84.420936814,0.19425345704011854,0.03544717346335345,0.9803107121323433
84.430449006,0.19828677407805967,0.028828775002950145,0.9797199890568457
84.439012676,0.2004357564434491,0.03372299601954784,0.9791262773914343
84.449041135,0.1986709556181042,0.034272258010629233,0.9794668262502013
84.45869336,0.1991809499523679,0.03204139834971464,0.9794387668291812
84.468831976,0.19798794900411137,0.032812275915905895,0.9796551059420677
84.479817604,0.20051990904596284,0.0314699565638014,0.9791840521117934
84.488565517,0.20290088681825535,0.031523094329735844,0.9786917413834879
84.499588896,0.2076526177471482,0.025793881982463004,0.9778624985114378
84.508663249,0.2060495065943145,0.03022575973390091,0.9780746414669732
84.518867864,0.20314156746848813,0.03230090256450464,0.9786164495142947
84.530034332,0.20195393615921614,0.03472496854097686,0.9787792316092673
84.538703987,0.20156323990012412,0.03565566270189965,0.9788263043248548
84.550353534,0.20870155871994583,0.02711354317126804,0.9776034549675879
84.558883046,0.20857871629077848,0.026742213279808115,0.9776398995230239
84.568871819,0.20566886173537777,0.031202590133058632,0.9781240809229996
84.580394412,0.2060815118004002,0.030737648984672124,0.9780519451588227
84.588783002,0.2065146053199251,0.03153359962370331,0.9779352483085614
84.598825975,0.20723348174127207,0.033982499621578004,0.977701116786137
84.609641894,0.2085717897100964,0.03507427896209093,0.9773779225521809
84.618658194,0.21281775848934628,0.02698747014931476,0.9767191398383213
84.629811703,0.21439898515688027,0.02607035413146378,0.9763981830171337
84.638869064,0.2117700254926494,0.034266300185644076,0.9767186273305277
84.649088787,0.20718421952945418,0.0386552686691727,0.9775379631411176
84.659035468,0.20601325169197343,0.03882156378215422,0.977778822798289
84.669179009,0.20962321999881822,0.03858261704112592,0.9770207199950188
84.679770564,0.21486871242340086,0.029538479529915368,0.9761961455817015
84.689735651,0.21547421548309217,0.026744602037596404,0.9761432214197856
84.698942898,0.21101997329567498,0.03253705720929279,0.9769400753262463
84.708757789,0.20785207656162805,0.03630563881834464,0.9774862734887949
84.719887961,0.20893523943418832,0.03453529899162163,0.9773194865785384
84.729878093,0.21452896364751237,0.025720946019773917,0.9763789001674361
84.73866528,0.21593541304785968,0.02399747396786429,0.9761127079569306
84.748850111,0.20922610451366166,0.03135724948627959,0.9773643947344786
84.760538806,0.20868040186438527,0.03397129310135468,0.977393698119003
84.769504727,0.21131035939752002,0.03304843510898443,0.9768601399116141
84.779297596,0.21338512900357773,0.03384572745554924,0.9763817150342028
84.788694828,0.21768744810282628,0.03439115592934682,0.9754124375526092
84.800441313,0.21700998325425852,0.03397462685142285,0.9755779783791213
84.808994406,0.21551422105082588,0.03542596805218924,0.9758578899165703
84.818796767,0.21465345761956775,0.03229899597244208,0.9761560674354981
84.830759356,0.2176114824728896,0.02823463245804506,0.9756270026121204
84.83878629,0.21825519628851656,0.02802657152635154,0.975489200648341
84.849187949,0.2191139392262529,0.030851805360433384,0.9752113861839166
84.8601957,0.21869789417905344,0.03394104533922415,0.9752021516193083
84.86895636,0.21859290247123744,0.032839917086197164,0.9752633915178873
84.880699568,0.21798653786310315,0.033478299456052886,0.9753774001769719
84.890220076,0.22163715992253058,0.03322284442668055,0.9745630877217109
84.898640832,0.22602512403732544,0.029156694353756132,0.9736850263192269
84.909653387,0.22149719837022558,0.031351531116348044,0.9746568999452071
84.918807387,0.2175026704425005,0.03403421572948801,0.9754661759948726
84.929190392,0.21761724450645983,0.03269479901004364,0.9754864350728351
84.952049062,0.21965990839631946,0.0315821952104856,0.9750651719700624
84.952504824,0.22441331835172157,0.03211646248978781,0.9739646787145368
84.958726798,0.22599043336997104,0.03442997064278161,0.9735208786393799
84.969421535,0.22518422339001667,0.0376877551610419,0.973587026745507
84.978943139,0.22506278428156148,0.02933113859526617,0.9739026786286897
84.988726102,0.22365073558790258,0.026672145621978803,0.9743043390639858
84.998522293,0.22382985594884386,0.032071659404208364,0.9741004076834072
85.008625502,0.2246599962867017,0.03511573398740668,0.9738042777144619
85.019036539,0.22532711310098122,0.03642310512564853,0.9736021002003763
85.029853099,0.22372791193354116,0.03715621612650634,0.9739431384968109
85.038601226,0.23090433774442762,0.02555315435987653,0.9726408500125151
85.050478445,0.2288877640125328,0.02478044739325621,0.9731373597351677
85.058630768,0.2265943564223539,0.025233059045859877,0.9736623081791383
85.068887934,0.2224585361506017,0.03315566154740393,0.9743782129137974
85.095852008,0.2264808057705296,0.032317577539210184,0.9734793366063447
85.096171867,0.22927613185346848,0.029856629631822666,0.9729034058062184
85.098680067,0.22696666337989313,0.030085407143305223,0.9734377237354324
85.109597015,0.22729805336620196,0.027124751940642622,0.9734474011306896
85.11966374,0.22610234587262795,0.027352104393760922,0.9737194624614048
85.130300191,0.2256947245740422,0.0284936975257071,0.9737812898699384
85.138902598,0.222562566355599,0.033559062480648834,0.9743406454534418
85.14885281,0.22618875371504885,0.03360625041914192,0.9735036043208053
85.158897703,0.22761510056623813,0.033072240247992234,0.9731893921119366
85.168676196,0.22867199429453536,0.031674420439710596,0.9729881037891308
85.179852981,0.22817075523473124,0.03198779379161568,0.9730955181810044
85.190005426,0.2321122847861997,0.024402434205410176,0.9723828507620755
85.19881213,0.22980814770545968,0.02435285051774715,0.9729312174659861
85.208579707,0.22882556828155465,0.023906660314213127,0.9731738441271655
85.219140973,0.22706005646788305,0.027369273654943432,0.9734960984084131
85.232227906,0.22801345439734375,0.025872298944508834,0.9733141778280621
85.240239784,0.2264151246094807,0.02861999318160087,0.9736103364993403
85.249157205,0.23026760449045622,0.027284896139519465,0.9727447582818848
85.259004162,0.23025593579183826,0.027551105677024217,0.9727400169668144
85.268941794,0.22982766040103325,0.028688166832821584,0.9728084269774597
85.279642787,0.23254909933997958,0.023349645196990954,0.972304330168975
85.288679481,0.2316337393905209,0.028738212743649287,0.9723784890176588
85.300771771,0.23061145745990388,0.02751607005375251,0.9726567850876362
85.308787433,0.23050095067778714,0.02764548813808142,0.9726793092907055
85.318676836,0.22971701146926457,0.027567304792032385,0.9728669684741758
85.330958918,0.22996305475418605,0.026203352732004893,0.9728465335055295
85.339250162,0.23273990630341737,0.022291331234310815,0.9722835144985638
85.348636816,0.2321816858939434,0.02237761857915269,0.9724149869896969
85.359840843,0.230959282098899,0.023844214323396135,0.9726712000751648
85.369314006,0.2299799262103017,0.026851130849956995,0.9728248816268953
85.37959911,0.23156435513849857,0.027134757043195647,0.9724410801634709
85.391471425,0.23436910017196017,0.021034930292692065,0.9719200875546135
85.39917759,0.2346307429306632,0.019622350974613997,0.9718865045950756
85.409528249,0.23395331334681874,0.01917849016801289,0.9720586570207174
85.418592889,0.22899987291144716,0.025090760482899287,0.9731030325432816
85.429452342,0.2268276888608365,0.027031079227356213,0.9735597158479062
85.482983582,0.2291819279839121,0.02339682344263712,0.9731023751581181
85.483397283,0.22863660317841847,0.023282655985239962,0.9732333849685323
85.483709484,0.2290798321995536,0.02416574698788042,0.9731076236223526
85.48409399,0.2307757936091474,0.02414573000935042,0.972707313021951
85.484351992,0.23259473703025646,0.022211958041338024,0.9723200693320053
85.489185669,0.2325814807407052,0.01913797234197372,0.9723886017591418
85.500013036,0.23188206661953736,0.019582063478880987,0.9725467854916604
85.517532336,0.23322477775613795,0.017789462449738568,0.9722601185209385
85.519188583,0.2329922266851549,0.0181339198350158,0.9723095100099096
85.529764259,0.2314386914612775,0.02077772446314647,0.972627584567097
85.538915624,0.23591474127086975,0.015032289186358929,0.9716574834440974
85.551226569,0.240123389190411,0.014169543996364905,0.9706389555270515
85.558691328,0.23868438783135743,0.022135199469658442,0.970844887688043
85.56906719,0.23772343966096052,0.02337632719350019,0.9710515504146545
85.580303358,0.23650194936339214,0.021282349777786296,0.9713979048439684
85.588472005,0.23360113059765417,0.019559175693520125,0.9721357674881055
85.59937848,0.2336503684906909,0.018445004165648114,0.9721457129080464
85.609237182,0.2339220868588728,0.01826289288831114,0.9720838050409749
85.618988893,0.23562791713472775,0.017392803149770545,0.9716876942028972
85.630143841,0.23995899580707394,0.01405725536606397,0.9706812421711022
85.638644894,0.23750980644365904,0.013171381789668996,0.9712958388384284
85.650018132,0.23648089510961448,0.013721361587604163,0.971539248041137
85.659148251,0.23596921907522272,0.014354542930467585,0.971654503795607
85.668626931,0.2364124528331863,0.014848247439772564,0.9715393361533871
85.680299817,0.2366437160400635,0.015282837017286999,0.9714762923259902
85.690493375,0.23609235216655672,0.016170603503521508,0.97159606464353
85.70324498,0.2352210981987552,0.018761347318708044,0.97176079711468
85.708854757,0.23621225512689864,0.016789209439458806,0.9715564280957967
85.71906591,0.23315614204232332,0.01919375063252181,0.9722498718768733
85.733630656,0.23658088141366168,0.022958957902067735,0.9713405030171376
85.738758242,0.23941979012824954,0.021317866292739598,0.9706820863040947
85.753310052,0.23827240177391437,0.02090286328178934,0.9709733945168185
85.758540957,0.23744462718351897,0.017138928708178198,0.9712498680280043
85.769144895,0.24061593425936123,0.01505875024653467,0.9705035838272352
85.779650587,0.24181392757740006,0.011921691587822995,0.970249399741776
85.789417697,0.24111825964243475,0.011346183060614447,0.9704294147422359
85.802334684,0.2405742241998149,0.010324869071235305,0.9705758289434778
85.808591672,0.2397388006388631,0.009407227049987072,0.9707918476931446
85.819090161,0.24026850463670893,0.009729555043378425,0.9706577055987851
85.830613578,0.24227457969709326,0.006489561568413524,0.9701860201132804
85.838853816,0.24305557442551506,0.008879879329664605,0.9699717189092544
85.850051197,0.24131123734513257,0.007461323196837653,0.9704190926538458
85.860375535,0.24254518603294803,0.008847440888112661,0.9700997657570968
85.86897441,0.24424367615704803,0.008508428072663008,0.9696765611836885
85.88068834,0.2430525779013174,0.009182413935899521,0.9699696529530365
85.905312225,0.24546505669587645,0.006216099445062908,0.9693855095105245
85.905565464,0.24284125410063712,0.007694497579756826,0.9700355251297887
85.908571661,0.24228537639458744,0.005738072333667565,0.9701880595591902
85.918736162,0.24183089788074297,0.0057268742994610764,0.9703015097076537
85.92965773,0.2403307549652048,0.005744031396920822,0.9706740618359831
85.939240929,0.2404060143664763,0.0065031470185833535,0.970650636086579
85.948916207,0.24118233337935807,0.006661210688443454,0.970456959549393
85.958770865,0.24212048939547226,0.0073244752534949616,0.9702185427403242
85.969556553,0.24338826842146688,0.0069842651958194465,0.969903794628351
85.97907856,0.24713301766310486,0.005148479119902417,0.9689678863324003
85.989211641,0.24833903096399185,0.006406108033097182,0.9686519950321343
86.00164114,0.24566594279676995,0.00841449591372173,0.9693180287234383
86.008995381,0.2479424355815183,0.002443393802045848,0.9687716854164521
86.019541942,0.2458099431996077,0.007530937018272547,0.9692887891706128
86.029166414,0.244116834446045,0.007874970098802083,0.9697138526317882
86.038761122,0.24458463369154945,0.006640474321270475,0.9696052088673818
86.05124449,0.24525707784803646,0.0043938881026895716,0.9694481211043648
86.059621902,0.24227232927627076,0.005665594014149602,0.9701917436834417
86.071170445,0.24185609982220438,0.004997077625153618,0.9702992611529704
86.107215049,0.24142179387095303,0.006510294253654993,0.9703984405968827
86.107463903,0.2429864667465056,0.005543287919151461,0.9700138395595678
86.107797534,0.24746022677568122,0.001853795041315626,0.9688962790763898
86.109759842,0.2436820331659632,0.0031715246824766904,0.9698499925984899
86.119299517,0.2422804473020465,0.003853879512839868,0.9701986046515532
86.130256601,0.2399137274934358,0.004651622140474334,0.9707830683379619
86.13960098,0.2410016486088092,0.0031154961598688032,0.9705197056482234
86.148668787,0.23901160055009027,0.0035034076935771164,0.9710103917760183
86.159274754,0.23900995746012169,0.0042601326006111336,0.9710077710838034
86.168696833,0.24208637781853037,0.0018378219390769853,0.9702529608742373
86.179940003,0.2429483085445308,0.0014830500036621945,0.970038102312501
86.189252651,0.2448420065479158,0.0001965464818391475,0.9695629702082639
86.200355686,0.24534480638564657,-0.0013507921168585204,0.9694349391992464
86.208515858,0.24779840136947626,-0.0012687688940659632,0.9688107877724242
86.219514035,0.2480038630911884,-0.0015443917188458453,0.9687578122245343
86.2298759,0.24739204615848648,-0.005611059490119603,0.9688992163836834
86.238626144,0.24899739366274132,-0.005125174016909328,0.9684905939349429
86.248930443,0.24932463249840334,-0.004050876193080304,0.9684114921001322
86.258765252,0.2493220502909328,-0.002829930239071326,0.9684164944555456
86.285882657,0.24805871485416353,-0.0018390676608699109,0.9687432538165309
86.286260005,0.24652179224377282,0.001220076950931141,0.9691364802550526
86.288710838,0.24600872777529692,0.0020793393503729307,0.9692653827545096
86.300715553,0.24543788136863398,0.0013957850793711634,0.9694113152698851
86.30870803,0.24600242860186264,0.0006497749201324786,0.9692689940953123
86.319056444,0.2455451155279781,0.0007456221773759651,0.9693848772742024
86.33048276,0.24602118272909526,0.0004943299631073012,0.9692643258092525
86.338633777,0.2460408252443731,-0.0005473282874727019,0.969259311404752
86.348858239,0.24717837327910558,-0.002699522908814395,0.9689662348911648
86.360846722,0.24507679516024994,-0.0020915626588210506,0.9695014130157961
86.369210067,0.24298422455300742,-0.0024062652445178564,0.9700272555479803
86.379741808,0.24252271036613218,-0.002076770636856625,0.9701435058693054
86.389611673,0.24220984224835546,-0.0023268729641061836,0.970221097472239
86.398898457,0.24160663240386498,-0.0016273574511431867,0.9703729112491701
86.40885531,0.24023663689129113,0.0012067182232806276,0.9707136045849424
86.418647175,0.2389608430040029,0.0025792928022076098,0.9710257786276618
86.429745579,0.24383139998994557,-0.004001761991623669,0.96980938038354
86.438933287,0.24194537652030115,-0.003464600259901219,0.9702836860039896
86.450222268,0.2398567446488591,-0.0015513077201250109,0.9708070536882237
86.460272563,0.23994526329583651,-0.0012134618820283795,0.9707856602423384
86.469650235,0.23843017724707155,0.0009933385643711174,0.9711591341569241
86.479852809,0.23757093253215675,-5.856740266733549e-05,0.9713701913203127
86.488829312,0.23427607921913815,0.002946463119206261,0.9721656428103161
86.500107466,0.23226723002827335,0.004498795393589135,0.9726416065000509
86.508665869,0.22998974448996493,0.004971806251856508,0.9731803525411078
86.519405776,0.22529135605087322,0.005761678590055062,0.974274400745798
86.530182847,0.22371829546072963,0.005768360168865615,0.9746367786499276
86.538935349,0.22379740998741524,0.004394125715391255,0.9746257799494749
86.55039885,0.22441290347802056,0.0033508172178499072,0.9744883892466534
86.558657787,0.22749755127164198,0.0014544389571301043,0.9737775663737211
86.568973018,0.22352762647827543,0.007134229080832472,0.9746714846431134
86.580948678,0.22104344169432794,0.008471477414360981,0.9752271688967368
86.58881585,0.21928690570572754,0.008349409298294844,0.9756246923640142
86.59905636,0.21750521542764,0.007295398752109885,0.9760318941606487
86.61457717,0.21376247592610365,0.00977317812119276,0.9768367769875137
86.61897812,0.2070203367242539,0.013592617266335826,0.978242209750953
86.632802258,0.20365666862999313,0.014175743642796704,0.9789397374786187
86.638712631,0.20314923990778536,0.012532708653095992,0.9790675755731602
86.649960094,0.1998989231300121,0.013484875302483114,0.9797237256847147
86.658764844,0.1936015708084249,0.01565115652016634,0.9809553879153178
86.668752126,0.1899665301915605,0.021191529370476633,0.9815618352859484
86.679851339,0.18637485939987306,0.016314351316281037,0.9823432463883521
86.688786308,0.17955148716188568,0.015722433280716864,0.9836229300650167
86.699149579,0.17826841333634713,0.022555906782177833,0.9837233370596508
86.708699681,0.17539127842209798,0.023879251874926188,0.9842091651591931
86.718765961,0.1655994433754503,0.0259671480166068,0.9858511711093235
86.731381877,0.15582377429664354,0.02844435423478494,0.9873752427907614
86.738712208,0.1520616226989991,0.031669890954343714,0.9878634930541199
86.748972326,0.1435151804517638,0.028040871708517236,0.989250778363972
86.758587267,0.1378802468852241,0.028337354713903935,0.9900434494741572
86.7689551,0.12586143320033774,0.03611645906843225,0.9913901860605215
86.779280563,0.12027226624508419,0.03859166744509188,0.9919905569994499
86.789560527,0.11327077452155776,0.041407990077902516,0.9927009166899137
86.801698646,0.10343855955134387,0.043235981432391074,0.9936956849596968
86.8085055,0.09498434600453115,0.045544456559256624,0.9944363612070979
86.819238867,0.09025243906106738,0.04948747418473907,0.994688638289562
86.83028426,0.08264713729809564,0.04548253179812955,0.9955404512111308
86.838677516,0.07405436409367018,0.04988085479701434,0.9960059495220907
86.848850201,0.0711294428972988,0.05139074717208609,0.9961423560205712
86.859160443,0.06897718062852018,0.0537085298335951,0.9961714422606455
86.87035406,0.06281910776598695,0.055015537782314265,0.9965074261148325
86.87947087,0.06290692537876195,0.054552257710816995,0.9965273553285147
86.888420611,0.0639428538305537,0.052382418477781134,0.99657784125397
86.898798501,0.06069681264482333,0.057447582460738694,0.9965017171105004
86.908981545,0.06002352150527598,0.05723192981543834,0.9965549072056724
86.922847268,0.0569394851205648,0.06054567450443813,0.9965400726177587
86.931590761,0.054402281569050706,0.06335147404460327,0.9965073920932337
86.939762557,0.05297484501353331,0.0635529972045878,0.996571463740612
86.948799129,0.05449983021471294,0.05763801105309836,0.9968488492185817
86.959706746,0.052854222536758824,0.059826484024756425,0.9968085187082173
86.969937122,0.05344056763885261,0.05815664433358116,0.996876075773862
86.979192348,0.05224058774906182,0.059365957535958094,0.9968683985749932
86.988699213,0.050669840122956555,0.06180955900664586,0.9968009559171369
86.99941845,0.04871392969162938,0.06632542248093584,0.9966081935177556
87.008890913,0.048706362612466525,0.06594859895329598,0.9966335698425778
87.019493912,0.04980965002169386,0.06513139001046392,0.9966327813191883
87.029335363,0.0507305026979955,0.0626888082532297,0.9967429605549258
87.038720192,0.049892317282322005,0.06484517916218772,0.9966473094408191
87.052054475,0.04843696500376057,0.06630093725975372,0.9966233220930075
87.058807674,0.04843869149807085,0.06635111560277338,0.9966198987699485
87.069212627,0.047035680213119324,0.07035574771200757,0.9964124214153363
87.080732303,0.04596258545484663,0.07194172747520715,0.996349250306432
87.088693085,0.045189269833275626,0.07116481559466331,0.9964404141308767
87.0991462,0.04572546195742534,0.07050676532716493,0.9964627329568729
87.136190826,0.04468313080388451,0.0706748998728763,0.9964981065458789
87.136727263,0.04390679568158172,0.07079594927074853,0.9965240222191483
87.137011415,0.045057755029135074,0.07416904153209034,0.9962272592084327
87.138758124,0.04576452530174982,0.07363026483019942,0.9962350085822824
87.148842259,0.046018769605239845,0.07463811632831527,0.9961482943994738
87.158970063,0.04722741764722627,0.07435852299050139,0.9961126347361756
87.169072054,0.04759829575928668,0.07464668340443069,0.9960734284667623
87.1801772,0.04488647108800448,0.07053672451129119,0.9964987582573719
87.189159641,0.0460580814407499,0.07086540026078535,0.9964219729511569
87.198728302,0.04487015420521416,0.07059002462525846,0.9964957188493113
87.208847891,0.04482050636553893,0.0703595424275337,0.9965142532841789
87.219513182,0.04497452938126721,0.07011864106575554,0.9965242936737796
87.22944284,0.044873790151841814,0.07026585575992336,0.9965184656953097
87.239387344,0.04651390915744871,0.07444459255380506,0.996139778793313
87.251523849,0.04612142065393495,0.07441867052081796,0.9961599650833077
87.25859222,0.045613303019194765,0.07416640531833919,0.9962021737126631
87.269346585,0.04619152887420704,0.0741944554594774,0.9961734414444781
87.283495705,0.04585449491185237,0.07364308678884393,0.9962299237949992
87.289296915,0.042489177080705265,0.0710723173584378,0.9965658009064459
87.300163219,0.04388012671172228,0.07104375918181922,0.9965075608148084
87.309560557,0.0440970934014968,0.07110154464476191,0.9964938618489674
87.319568746,0.044253213456290554,0.07079072624587775,0.9965090697913257
87.330976151,0.04378239329325578,0.07084090218943899,0.9965263010149311
87.339065265,0.043892354344156136,0.07032531387053942,0.9965579819855628
87.349537798,0.04395514285116272,0.0704556464587302,0.9965460086212861
87.358997685,0.04132618161250048,0.07263466215168324,0.9965020584863042
87.400877208,0.040971696595577235,0.07295139667238087,0.9964935593377556
87.401830916,0.04089416050519509,0.07266343512258787,0.9965177835005058
87.402292558,0.04071025577656405,0.07306363256422638,0.9964960515080461
87.402592019,0.043853566616276554,0.07185491766431812,0.9964505685193249
87.409255811,0.04411052578349609,0.07158956026759014,0.9964583264621741
87.418832253,0.04451044115521877,0.07066657537425886,0.9965064253445846
87.429498184,0.045658333575640864,0.07440037487957987,0.9961826643707837
87.439955823,0.04754126254422169,0.07532236833840937,0.9960252854137762
87.449178162,0.04817382969966988,0.07591909665595858,0.9959495835106364
87.459004745,0.044104964405845846,0.07184258194350455,0.9964403622567936
87.469363804,0.044772903164040125,0.07209272924484719,0.9963925057587961
87.480222712,0.044441595796741236,0.07272621666877761,0.9963613009205472
87.489117104,0.04417307010306023,0.07282655414196923,0.9963659131511259
87.499356211,0.04492834351376975,0.07221663497795361,0.9963765360452693
87.50915959,0.04570996339326135,0.07297708836352955,0.9962855734279045
87.519174292,0.04592286025666659,0.07302534544329083,0.9962722468425659
87.530244424,0.046479369690387566,0.07317087229073486,0.9962357610733502
87.539220634,0.04648354883483366,0.07409246886775275,0.9961674486474654
87.553190167,0.046667188318827664,0.07387541110886182,0.9961749832072234
87.558898909,0.04642013519193248,0.07504752479717468,0.9960989107867653
87.569006938,0.0476500186179335,0.07452636904135401,0.9960799646831687
87.581107359,0.04858066115624008,0.07466712786335451,0.9960244672588421
87.589152871,0.04868839391833924,0.07520586804513113,0.9959786733204837
87.599777523,0.04880349943276659,0.07579997805875283,0.995928000293901
87.629078888,0.049604551452422554,0.07556795167186514,0.9959060563905225
87.629507395,0.050411774124049645,0.075653306077279,0.9958590413854982
87.630181919,0.05038246498203874,0.07530406139308145,0.995886994372374
87.638913669,0.050078113088442885,0.07541626469780842,0.9958938545891982
87.648889747,0.050548572339187435,0.07520610055113076,0.995885979555071
87.658900068,0.050305623988210466,0.07559387600596373,0.9958689221506772
87.668932212,0.050934808994528354,0.07583945366586774,0.9958182678081144
87.680081119,0.050959236509863316,0.07578262223931155,0.9958213446099986
87.689281971,0.05136003590118691,0.07619744848745287,0.9957690975101763
87.698890973,0.05125243833368613,0.07693224518862843,0.9957181414512284
87.709009676,0.05136119469764482,0.07680625081917938,0.9957222642455738
87.719640216,0.05142541357860121,0.07653860017048075,0.9957395590827017
87.729691255,0.05148514010880431,0.07275332272215969,0.9960201977775662
87.760205799,0.05192121852897454,0.07247843885406972,0.9960176017359048
87.760489621,0.052689087847839815,0.07219211904869655,0.9959980712677218
87.76091335,0.052715809257335475,0.07531807716140636,0.9957651483693596
87.769270232,0.053996308957733594,0.07573222095406545,0.9956651190678045
87.780363532,0.05345751749190251,0.07237381356412176,0.9959439366419119
87.78905741,0.05330309216760277,0.071595495429879,0.9960084665300403
87.800595681,0.05304303114731727,0.07172462018018899,0.9960130600081069
87.808917039,0.053203230623298715,0.07169110116449716,0.996006928823824
87.849980487,0.05311560502346147,0.07230866518529909,0.9959669620233956
87.850341254,0.053262441186588697,0.07203684695141956,0.9959788175659877
87.850797764,0.05365810995781603,0.07201948423313996,0.9959588350562223
87.85105193,0.05382286695315873,0.07209393541934234,0.9959445584311882
87.859000707,0.054779196889670374,0.07048179430328697,0.9960078093368103
87.869749446,0.055366343771701076,0.06965579969397265,0.9960334520217415
87.880219657,0.055415131751539025,0.06956636610626736,0.9960369892126139
87.891423189,0.0551799820646867,0.06920913194504726,0.9960749297290611
87.899863459,0.05550445743302789,0.0680712214927009,0.9961353141062498
87.909104451,0.055467951081110425,0.06755339485290983,0.9961725981207828
87.918976785,0.05560245807724562,0.06784645600416783,0.9961451827236042
87.928879087,0.05612729564475426,0.06697747871131314,0.9961745549998163
87.957739503,0.056172457803795296,0.06671461651393605,0.9961896480729358
87.958072324,0.05687760661224287,0.0660273405522983,0.9961954266938059
87.971879836,0.0564675250645374,0.07095339865383488,0.9958800298392151
87.972133051,0.05786590877626092,0.06892133467228578,0.9959424613041099
87.980253162,0.0578422620296176,0.06937180992017647,0.9959125587679353
87.989092117,0.05673229505014494,0.07011671540421048,0.9959242405520956
88.001466545,0.05698433640838543,0.07056098583456816,0.9958784728480428
88.009103196,0.058146536538126486,0.06934303857158726,0.995896843699326
88.049506131,0.058564695014383945,0.0684601476749909,0.995933423818174
88.050749984,0.057370077717946444,0.06815020553548111,0.9960242083745298
88.050996039,0.05781435665929008,0.06803651549191995,0.996006291508136
88.051246514,0.060179502789770176,0.06480259121101449,0.9960818498578892
88.059030015,0.061690068045314295,0.06336788176311313,0.9960817471801302
88.069262788,0.06280413828594317,0.06233330410839908,0.9960774063360188
88.081483149,0.06374150695920584,0.0629150925364039,0.9959812806582791
88.08891709,0.06426780614136898,0.06358464583305745,0.9959049361801859
88.101665049,0.06624035530337889,0.06279612474219536,0.9958257187111834
88.109963246,0.0662838003107245,0.0630792613646055,0.9958049330074963
88.118709306,0.06584927648824483,0.06308925268330798,0.9958331280801198
88.129763753,0.06579190636117213,0.06272519840827195,0.9958599171279089
88.138582212,0.06519589019389667,0.06244679385405598,0.99591660988216
88.150327928,0.06535439491846129,0.06118846645436072,0.995984324494018
88.159726634,0.06523764173149749,0.06111040340438443,0.9959967714290374
88.168732676,0.06411539351611606,0.0629983630628361,0.9959520182045302
88.180365244,0.06567050115457419,0.061171784133166984,0.9959645566505227
88.189216919,0.06666343178031305,0.060783648151541705,0.9959223538914372
88.198712775,0.06593723808558048,0.05985410413163779,0.9960269910259684
88.210123415,0.06600926413427051,0.06060613440101859,0.9959767434641322
88.219484144,0.06619253439167005,0.061553730574620456,0.9959064648063867
88.229463695,0.06669513668210678,0.060524268882163675,0.9959360278749005
88.238982663,0.06613834797179867,0.060864804571587515,0.9959524057363504
88.305709805,0.06471369724458882,0.06004375978535987,0.9960958208424397
88.305969697,0.06431638629636392,0.05942450747241736,0.9961586873412476
88.306664094,0.0651085672653355,0.054539875206835085,0.9963866099467005
88.306926287,0.06434704010322054,0.05444536194015352,0.9964412481391767
88.30720841,0.06327025736946809,0.053778060531414,0.9965464338092234
88.307575613,0.06338800665811155,0.053731630141648334,0.9965414555020943
88.308755479,0.06367231664750546,0.05341547206586908,0.9965403270498994
88.319155246,0.06279983544790883,0.05376662773727049,0.9965768060764195
88.330598395,0.06291562425617954,0.052611928636932453,0.9966311299520788
88.338634409,0.06328880257259616,0.05178455652297872,0.9966508351346751
88.351168731,0.063051342693209,0.05209670220251971,0.9966496183735815
88.359992,0.06434120221842007,0.05055545382472888,0.9966465550964716
88.368641305,0.0641714273752145,0.05073427551721977,0.9966484140339413
88.380433335,0.06476962542116195,0.04975156111318105,0.9966592586183123
88.390368089,0.06432673245186091,0.049444147670167964,0.9967032395619256
88.399053704,0.06505223924425994,0.048841673077685104,0.9966858567975571
88.40993756,0.06127088912935999,0.049075295838769385,0.9969139849975198
88.418691133,0.05925153395658496,0.049838478342926165,0.996998185454845
88.429471465,0.058940271459182174,0.0496391790139963,0.9970265775329836
88.440375986,0.060870330801203305,0.04837898089965766,0.9969725558084649
88.450770606,0.06125751999014253,0.04757572615655476,0.9969874956715022
88.458875802,0.06220734068376956,0.04610652839889758,0.9969977105309997
88.469991854,0.06188612657578924,0.04629872389003221,0.9970087940954182
88.479670895,0.06306265474069232,0.05036734282980348,0.9967377951865383
88.488950033,0.06306610857712354,0.05392994191965497,0.9965511664302447
88.499074217,0.06401345270514909,0.05356450232401924,0.9965104725809687
88.509176452,0.06561611469338297,0.04972060103098189,0.9966054321172763
88.5198622,0.0659165989954967,0.04630396366803355,0.9967501918361974
88.529634394,0.06536507903600261,0.04612748921118284,0.9967946935962738
88.539439355,0.06530839063258163,0.04521386225334485,0.9968402684347767
88.562817649,0.06460514704812335,0.04496044661214286,0.9968975540221409
88.56313078,0.06536544827126972,0.04348988823668267,0.9969132298216614
88.569710683,0.0651932051297611,0.04354466971572148,0.9969221171908355
88.580023957,0.06525506350857561,0.04411276946364338,0.9968930936949756
88.588853899,0.0661367132525437,0.043487744906035124,0.9968624535025574
88.598964225,0.06566308624095687,0.04313235678422525,0.9969092029385379
88.611779254,0.06786767252669897,0.0421452497639625,0.9968037705326672
88.619617558,0.06690706598059695,0.04403178504269052,0.9967871620500649
88.629827586,0.06538222654597182,0.04774123692145743,0.9967175822413793
88.638648963,0.06514166628462636,0.05050116182492857,0.9965973088303995
88.648805436,0.06557402445967217,0.05228026992412618,0.9964772053051805
88.659265606,0.06381314598307432,0.054529634184922016,0.9964709736843326
88.668776198,0.06308695979138405,0.05239265280137952,0.9966318505028396
88.679804929,0.06646414410585154,0.05554020632644353,0.9962418396300633
88.689886917,0.07030618583216984,0.05365282689613416,0.996081529996308
88.69908132,0.06712627645007437,0.05295191683533143,0.9963383750079148
88.70888767,0.0674163056242217,0.056740166027011624,0.9961102325020101
88.718988423,0.06532420232884169,0.056194338809896285,0.9962805553034845
88.732312976,0.06445653263518866,0.054382032333057294,0.9964376297390496
88.7387664,0.0637816448086415,0.05450249839124876,0.9964744750642719
88.751018335,0.061171746179287376,0.05930574715723034,0.9963638119800916
88.785161203,0.060873359524004134,0.06250201081532143,0.9961866957274139
88.78545091,0.06617125168556877,0.058979680830320215,0.9960636338605675
88.785732013,0.06703730772557986,0.06057565654228943,0.9959099302684841
88.788645544,0.06233582939963678,0.06239136143260747,0.9961031886263818
88.799661716,0.06454049038309942,0.06402102065454743,0.9958593444937187
88.808725172,0.06508225880297054,0.06130863461038183,0.9959947544597382
88.819598665,0.06514789867044102,0.06473909141138773,0.9957733684639563
88.831552722,0.06412114921746685,0.06345235834959752,0.9959228265497813
88.838818373,0.06232183370678977,0.06541856670415774,0.9959098353635217
88.849620703,0.05894377875077969,0.07118430837017636,0.9957200536237276
88.859918101,0.061611700095209325,0.07181971938388801,0.9955128961088338
88.868708346,0.06358194428008977,0.07363072066082232,0.9952566771122571
88.879854307,0.0652584447931905,0.07300726672561769,0.9951940888029976
88.890351717,0.06469083472562154,0.07149963588431775,0.9953405939531013
88.898657234,0.06351403537544723,0.07007129686707209,0.9955179459284966
88.909519604,0.06608974242707123,0.069825143334111,0.995367567938746
88.920684251,0.06737444875784745,0.06948503298053872,0.9953052365210734
88.92869597,0.06564423464573677,0.07413479784349239,0.9950853562416041
88.939987035,0.06425357793993802,0.07895074640660633,0.9948056379834987
88.948723704,0.05836030146367799,0.07923712911247188,0.9951459956122428
88.959140445,0.06267562375960346,0.07576859141164564,0.9951537000593627
88.969609828,0.06421774788792278,0.07405633851503039,0.9951842741834049
88.978932256,0.06735061119043455,0.07045680316824202,0.9952385312374047
88.989753557,0.06919157335428514,0.07808010394137505,0.9945431230194408
89.002055654,0.06180471007904071,0.07610023908897509,0.9951828633083704
89.0094191,0.06707805704216102,0.07356818643292541,0.995031786531676
89.023388205,0.07112691193048097,0.07337392792561205,0.9947649114740632
89.029966272,0.07247883044929392,0.07286436559974989,0.9947047820144672
89.038732615,0.06906650658989813,0.07382925689423059,0.9948764036270603
89.049140887,0.06780497453180163,0.07398311509468412,0.9949517496389605
89.058816602,0.0676912742007706,0.07488490196526093,0.9948920257267767
89.068785674,0.07116478235299725,0.08375368781827479,0.993942097674452
89.085870599,0.07219688477841658,0.08542801662039871,0.9937251449996609
89.088777625,0.06950318358432507,0.08473295436422776,0.9939766767466698
89.10002422,0.0764364152901506,0.08459969268727369,0.9934789209715578
89.108811184,0.07868041646582086,0.08296962351803548,0.9934412079423928
89.119015236,0.07070579091047946,0.0917440794356928,0.9932692057142519
89.129480045,0.06995919255530775,0.0943597870280135,0.993077007068957
89.13884273,0.07582105395176085,0.09125307962871693,0.9929370791927952
89.148780319,0.07387828943512617,0.09593310709084409,0.9926423511587829
89.21898162,0.07111810603090069,0.10009269699915559,0.9924332053100666
89.219536972,0.06953484242855415,0.1045348626466393,0.9920873793068253
89.219814222,0.0716854356008726,0.10614707152477887,0.9917630753004605
89.220088358,0.07601904903066231,0.11039226737893601,0.9909766150053247
89.220357265,0.07918045329562984,0.11574688774987381,0.9901177272385929
89.220627609,0.07504839027026086,0.11629015174250953,0.990375857806291
89.229664051,0.07511159736256899,0.11822815402704667,0.9901415815614453
89.229913107,0.07614244461714803,0.11766161725702122,0.9901303307909454
89.239785925,0.07485856098127636,0.12479428035654422,0.9893546297653358
89.251037367,0.07534910855045439,0.12739028416530246,0.9889864646904605
89.259420102,0.0816704441891153,0.12297545778421064,0.9890434648329246
89.269224661,0.0775695409908445,0.12923668544654016,0.988575159229313
89.280115058,0.07588300424351668,0.13362877058458303,0.9881220174346038
89.289573915,0.08100385452728784,0.1407363627284438,0.9867277495630139
89.301314369,0.08033908343912233,0.13748858135680536,0.9872398501218713
89.30915498,0.0777483178132966,0.13892405470228553,0.9872463249373374
89.319291554,0.07844938110978689,0.1411159275221418,0.98687992663903
89.331205673,0.08113892049112824,0.13876041160189612,0.9869964659276176
89.338855543,0.0843917386740691,0.14100878167715777,0.9864048651205504
89.348994784,0.08558037548408429,0.13786881062988526,0.986746264440613
89.360257582,0.08980306302955318,0.14057067839707643,0.9859895000685839
89.36942954,0.08899790096711332,0.14389964498421517,0.9855821963676419
89.379282581,0.08658917091145443,0.14614301521173567,0.9854666582821
89.388820818,0.08673088496039763,0.1476384079142348,0.9852312693487436
89.398687343,0.08659884566731872,0.1506994329872051,0.9847793259540043
89.409297197,0.08862085635843057,0.15145476684539824,0.9844835181038353
89.419013975,0.08735557616289033,0.15836554736046202,0.983508696820964
89.430237705,0.08919496050096894,0.15471134034043874,0.9839251293626439
89.439666067,0.08776055979208412,0.16272234771816652,0.9827611722580762
89.449025752,0.08687000412015125,0.16527649766373748,0.9824140072821507
89.45886871,0.08356012446891421,0.16636275051073046,0.9825177559928595
89.468622252,0.0880806483373987,0.1602976905182766,0.9831309423484598
89.479730005,0.08775256933299767,0.16274049084979472,0.9827588815235532
89.48976696,0.08811873394230456,0.1641849116610196,0.9824858286567133
89.50152182,0.09290290309553445,0.16907115169055079,0.9812155707399127
89.509195132,0.09113802283291668,0.16407223931040218,0.9822291795104525
89.519384964,0.08850044407897203,0.16903752312277182,0.9816282326697533
89.533819763,0.08675640346978629,0.16862370333057244,0.981855067274224
89.53861673,0.09005878389083392,0.16249652290410724,0.9825906042132599
89.549813571,0.09207493564818604,0.159880662041366,0.9828328342757975
89.558834564,0.09301567995456576,0.16144083272969312,0.9824891555687183
89.57154651,0.09054444673246076,0.16557508637530213,0.9820318701232277
89.584939836,0.09737375211806296,0.17650543874473087,0.979471379108129
89.588640026,0.0945624838798014,0.17617499995899602,0.9798062594370023
89.669419473,0.0907390228981388,0.17494181495072417,0.9803885918885621
89.67015354,0.09097219581213026,0.17287005475714468,0.9807344206039581
89.671115146,0.09323748634426314,0.16967387332022038,0.9810797866905206
89.671490094,0.09376531621258057,0.1674337430722701,0.9814142892562568
89.672070397,0.09624435004674856,0.16628632890701184,0.9813693911584507
89.672646709,0.0966868771830005,0.16716930813482822,0.9811758609945123
89.673200164,0.09496691478487056,0.17133716322431786,0.9806247302584646
89.673897743,0.0972752317186451,0.17962366123603543,0.9789141278060328
89.679461977,0.09576093242630969,0.17343410017011815,0.9801787881397074
89.690201134,0.0974650903900638,0.17104538546091072,0.9804305341368073
89.698751219,0.1007853959980203,0.1704146260671613,0.9802046516804089
89.708776882,0.0998156685807149,0.1706049138268428,0.9802707767162706
89.718928677,0.09448144518466758,0.1742037336861361,0.9801664734552118
89.731510573,0.09187488897896995,0.1764598974424749,0.9800106679876978
89.73983076,0.09899450604203154,0.16728331995783516,0.980926286036509
89.74886265,0.09946154705810209,0.16703578399205615,0.9809212239129951
89.759093742,0.10300741096562345,0.1638674107209279,0.9810896722470266
89.77216522,0.10670906475436082,0.16775506692270362,0.9800364345375171
89.779577866,0.10511241292009874,0.1647594399002798,0.980716935519042
89.788891199,0.10453239536804837,0.1663559254009381,0.9805094004662147
89.801707321,0.10394645738981254,0.17038340410212072,0.9798799057041028
89.808773877,0.10361162856812818,0.17136065653510565,0.9797449442672913
89.818870773,0.10557099028542317,0.17059410697166927,0.9796695446305831
89.830993177,0.10995328659388666,0.16838187954179926,0.9795702207647871
89.839719487,0.1045264704371932,0.17559672324471684,0.9788973428116255
89.883543226,0.10245024846488604,0.17153515034659816,0.9798365367677677
89.884445402,0.10389869842042508,0.16995273879091005,0.9799597578696843
89.885083532,0.10488533836525035,0.1692490250415212,0.9799764452875904
89.885918204,0.11125790659109115,0.18034998109871342,0.9772899071097899
89.889689916,0.1146632703790954,0.18187944953983565,0.9766126152477538
89.898800221,0.1109421070448775,0.17113698219540271,0.9789810938978818
89.91544281,0.1096168359081103,0.17140874665162023,0.979082831458511
89.919117127,0.105788538875697,0.1757568054749359,0.9787330230311996
89.929438513,0.10537127650870724,0.17671922324512948,0.9786047262416853
89.939341972,0.10495223247200078,0.1788007789804014,0.9782715933395719
89.948657898,0.11198580712823014,0.18448087352065054,0.9764353467111362
89.959156621,0.11546507937836331,0.18368341574896288,0.9761804229869302
89.969885485,0.1129823676564291,0.17654768115248465,0.9777862245288733
89.979387003,0.11123077074116769,0.1721241958588824,0.9787752432710275
89.989291316,0.11556386622002729,0.16803121223489473,0.9789844250748586
90.001891786,0.11233024685496538,0.17239711934818647,0.9786016293068134
90.008773846,0.10632230101048967,0.17920939253886678,0.9780488545740879
90.019287606,0.10713548211751309,0.176131606075451,0.9785191085577891
90.029767769,0.10620658191147907,0.17844165646877896,0.9782017875649986
90.039151268,0.10857108538798625,0.1771913357787006,0.9781694893742262
90.04958622,0.11184495881402026,0.17011181636149977,0.9790570336410855
90.058887136,0.11095977606605385,0.17120018310552793,0.9789680410513947
90.068824339,0.10949059527508276,0.17241848336012092,0.9789196474390038
90.080391897,0.11418092983393814,0.16380361279864106,0.9798627922808225
90.088945566,0.11597240939849046,0.16080531032374412,0.9801489950155504
90.099906604,0.11208464295983357,0.16745209473131514,0.9794880442265038
90.108816223,0.11264515959609717,0.16643444877761862,0.9795971836829974
90.119046777,0.1100662575251483,0.16837486111482142,0.9795587399941733
90.1301942,0.11113397367395215,0.16541007585591885,0.9799432364687133
90.140709927,0.1084569037365459,0.16840325632506756,0.9797333531583966
90.15065464,0.11347185899922321,0.17261267721307938,0.9784319091692553
90.160078023,0.11475570112492224,0.17179936938405493,0.978425319448842
90.169711939,0.10886123673954591,0.17011342850211675,0.9793930021083427
90.179843051,0.10763020947858244,0.17089952965991997,0.9793922037517016
90.189884247,0.1110777004685116,0.17188648661675737,0.9788343987504602
90.199110725,0.11778682524133342,0.1620589340651941,0.9797260666580332
90.20888368,0.11148657213351806,0.16476527728072896,0.9800118099474733
90.220584812,0.10907519821344326,0.16303354508945875,0.9805726206203504
90.231441599,0.1079111540877056,0.16605311832717962,0.9801946463418779
90.239330221,0.11147725941553757,0.16621554055434817,0.9797679392138869
90.249968996,0.11709682033752382,0.15922519658232787,0.9802732636567014
90.259106757,0.11320396581473333,0.1621974790880945,0.9802432554734992
90.26926933,0.1099025858992553,0.16349905146596283,0.9804027140835482
90.279811246,0.11031539721897214,0.16320976178330737,0.9804045526184876
90.288807205,0.11120261139743463,0.15761664614046172,0.9812191254138005
90.300476046,0.11136022748691475,0.15672002438928373,0.98134485971522
90.308725992,0.11066597131291073,0.16032309519514984,0.9808412450240951
90.318968786,0.10746002990210532,0.16333444786457435,0.9807008718840895
90.330442953,0.10889785565094871,0.1598665726680715,0.9811136203202917
90.338937696,0.10354331741580323,0.15939961379612513,0.9817690892160827
90.348861481,0.1112038247408708,0.1598373758712822,0.9808596854991973
90.360455489,0.11034502787860902,0.1661765901918143,0.9799027072595987
90.369524838,0.10536323121737186,0.16752964597678316,0.9802205911050474
90.379265104,0.10313163203382575,0.15953444969164854,0.9817905203431242
90.389250184,0.10324317324744729,0.15702778467903986,0.982182835329854
90.399008337,0.10272976681545128,0.1556661881771275,0.9824533743992364
90.408861975,0.1009288052994656,0.15585503646547827,0.9826100874045447
90.4188608,0.10094193827275086,0.15804557287105409,0.9822587856535571
90.430653662,0.10364640402992648,0.15741908513474334,0.9820777232821268
90.439078219,0.10300431885969255,0.15719587462410703,0.982181025726629
90.448935143,0.10006543522868198,0.157388989472817,0.9824538740649458
90.459005306,0.09621744442819473,0.15742637018954456,0.982832204069775
90.46903674,0.0966772725084471,0.1560338287797686,0.9830091297931334
90.490324639,0.09924674326241399,0.15401528753058374,0.9830713988102168
90.490982447,0.10125826763367551,0.151975147102385,0.9831837660880267
90.499972074,0.10298485963727821,0.1494434694952725,0.9833924791814841
90.50884585,0.10459412508717647,0.14706023828884895,0.9835819006629163
90.51936084,0.10360962290917053,0.1457583307176253,0.9838798478813514
90.530764005,0.10276097265177368,0.14812274719526353,0.9836156943964394
90.53887413,0.10391094902039072,0.1467772274195617,0.9836965793295757
90.549503898,0.10455006543330372,0.14637015929812014,0.9836895141684366
90.559028292,0.10654147745862283,0.14600030157888993,0.9835307954099897
90.569002312,0.10867987139140184,0.14302800983224365,0.9837335380873095
90.580523804,0.11038427969231163,0.14108481508953025,0.9838243673278084
90.588817835,0.10825104446051641,0.13776774712919637,0.9845312383180908
90.690927862,0.1034242346770104,0.13880879907300303,0.9849038252445695
90.691188672,0.10098609005400556,0.13937780051923615,0.9850764631936062
90.691422145,0.09947681489798703,0.1400223394227362,0.9851386236263077
90.691767915,0.10418435472182247,0.14346785122411515,0.9841557782670042
90.692031959,0.09933460885063357,0.13904680740799974,0.9852911350632026
90.692418308,0.1021864733841049,0.1325335508876944,0.9858969431671948
90.692783267,0.09815595409380033,0.13411147876938193,0.9860930584575806
90.693090283,0.10170882741030574,0.1274288395149202,0.9866190781080109
90.693535367,0.1042054674777303,0.12241017630126148,0.9869939053943758
90.693867418,0.09671549811152869,0.12944333777206224,0.9868589234188778
90.699248867,0.0938089076813923,0.1310843496530366,0.9869228855972814
90.709087979,0.09581840110073205,0.12512545567279199,0.9875031414396491
90.720750405,0.09616211492019137,0.11970984047507514,0.988140881528291
90.729603233,0.09685714142808134,0.11655680333675197,0.988449900475638
90.74201462,0.09554214636787975,0.11520150596066343,0.9887367249636346
90.751542738,0.09429346765274708,0.12251405503728784,0.9879772508900905
90.758891949,0.08715338095188295,0.12526524855873064,0.988287865802356
90.77200921,0.09378894091531413,0.11804542262009013,0.9885691239161923
90.779587422,0.09077971829470205,0.11116828318510305,0.9896467327081979
90.788874388,0.09193490184296263,0.10853215583351565,0.9898326853429595
90.799655403,0.08878961327291772,0.1077047315456883,0.9902101268809147
90.80882026,0.08939823171959013,0.11491540648050821,0.9893444321968108
90.820362221,0.08623832577542892,0.11405447572363528,0.9897244706153615
90.832574215,0.08997308622363964,0.10772560019194327,0.9901010245518784
90.83894107,0.09030303901912623,0.10722593596245159,0.9901252243029093
90.851857895,0.08847082353843494,0.09918625558993062,0.9911281451378928
90.859255176,0.08755482475547476,0.10663257411379687,0.9904360892051055
90.868880691,0.08680944911930207,0.10664706413097937,0.9905001379383277
90.880215298,0.08458987492743837,0.09867258488745231,0.9915181662740168
90.890091653,0.08162424870029324,0.09874779824861879,0.9917592219713225
90.898977733,0.08577969675554017,0.09456344376359953,0.9918163129975712
90.909202768,0.08502667388999359,0.09369612556130535,0.99196345738238
90.919345576,0.08603271285048573,0.09184450189724015,0.9920498776729091
90.929001772,0.08675877638879098,0.094202656280652,0.9917654835036301
90.93907728,0.0856661594277702,0.08954254541175961,0.9922920143234445
90.948719663,0.08433296371386151,0.0846160566074167,0.9928383927887997
90.959031037,0.08574438957290205,0.08512941969297916,0.992673602731284
90.969375139,0.08017628800682593,0.0930573705556431,0.992427371965685
90.983677221,0.07535231275630377,0.09314708304845783,0.9927968824899884
90.98936301,0.07769716048255547,0.08983533107054685,0.9929213284769309
91.000531552,0.07556926019014398,0.08648579245871428,0.993382853997945
91.008717903,0.07601684662874167,0.08163046451342074,0.9937594811079518
91.019588712,0.0764760045377051,0.07701570508164772,0.9940925519793041
91.030592089,0.0746362186422507,0.07614419612715974,0.9942995002829553
91.038846654,0.07551885766155753,0.07976782842093132,0.993948688658777
91.049504396,0.07255131637414153,0.07507846010725418,0.9945348316274815
91.058836194,0.07327846996991562,0.072780420816103,0.9946523393551633
91.068765351,0.0739155139915889,0.07098882916707344,0.9947346796632996
91.081067355,0.07523982385644574,0.0671606479385695,0.9949012093039804
91.089023597,0.07623485380161026,0.06291983846377817,0.9951026786184124
91.100364101,0.076753019626234,0.06197849257394034,0.9951219223977115
91.108948996,0.0734602974515482,0.06324725628421568,0.9952905953895319
91.121538218,0.07280786916941204,0.06357609821644342,0.9953175844536171
91.129804318,0.07802131362325491,0.05840775101885633,0.9952392723568644
91.139225896,0.07746502201174021,0.05673327358013284,0.995379578871097
91.15128319,0.07748057972700984,0.05605008666779403,0.9954170721610611
91.159463456,0.07806578620290308,0.05457700792431515,0.995453204942629
91.171851431,0.07768956237840262,0.054473688709735776,0.9954882968351799
91.180337044,0.08048898925113658,0.050896669775284474,0.9954551981958386
91.189637445,0.0819283007499214,0.0498129974428994,0.995392595322059
91.199397474,0.07880740182825022,0.0511183474334491,0.9955783786185566
91.208733255,0.07846049182041172,0.05214170108246391,0.9955527079123064
91.219663764,0.08005027998780476,0.049384373368941886,0.9955667412789718
91.230178665,0.08499187603681915,0.041735051147210524,0.9955071905885371
91.238902862,0.08502460440604057,0.038044659313693864,0.9956522588450756
91.250452023,0.0771710300429827,0.03230591131885975,0.9964943352653658
91.258801853,0.07891304292623588,0.028037537488181195,0.9964871439952053
91.26877082,0.07765158647685079,0.025802694280743343,0.9966466034083911
91.282094588,0.0770009069054302,0.02345546182556884,0.9967550860900036
91.311159631,0.07411062415649922,0.02051623463927657,0.9970389658901804
91.311394805,0.07184996351979701,0.013345648227605577,0.9973261635069988
91.311652885,0.07241250827011841,0.0068865140893807865,0.997350993667589
91.319231651,0.07232858323380602,0.005243602489078121,0.9973670741910057
91.330611647,0.06884525552073867,0.0090567705621875,0.9975862397303145
91.339007898,0.07049782642443411,0.006661691813532557,0.9974896883334744
91.349182241,0.06966724548688266,0.006855758365138494,0.9975467274686982
91.359515834,0.07299063895087524,0.0003131319056010958,0.9973325767134817
91.369718697,0.0758138129385165,-0.003396180167374254,0.9971162077350836
91.379994266,0.07391128816528868,0.00014051636429667004,0.9972648102369296
91.389774506,0.07347143851052394,0.0023609041445789036,0.9972945271356976
91.398774476,0.07308726869590926,0.0032409074884347465,0.9973202833960731
91.408870354,0.07307851964385134,0.0014882941476639315,0.9973250798747585
91.458716775,0.07387159634449765,-0.00013795528765526814,0.9972677515200491
91.459551775,0.07151178408131444,0.0004259041595801985,0.99743966401139
91.459845069,0.07059475058267055,-0.00038042756731842425,0.9975050057343254
91.460299188,0.06847083426951096,-0.00015345419570868897,0.9976531066990405
91.460747231,0.07233752227828485,-0.004106185910427624,0.9973717572239088
91.469529414,0.07248401024403331,-0.004818335285290159,0.9973579357001284
91.479377124,0.0714532644755703,-0.004503864176492253,0.9974337803600117
91.488825082,0.07194998349918924,-0.007415138158685571,0.9973806773747695
91.499150319,0.07068383998409097,-0.0070699189262345506,0.9974737144463909
91.508854554,0.07318427873007259,-0.009413494119060352,0.997274008222028
91.519993338,0.07186296347609182,-0.0073884375168061294,0.9973871492412032
91.529675465,0.06795445311549,-0.0025242856850695265,0.9976852310641644
91.53885566,0.06721546574194648,-0.002101570574384151,0.9977362700464558
91.551824815,0.06728690216327937,-0.003004698381485846,0.9977291438987366
91.558755372,0.0653058990448852,-0.004299301365652227,0.9978560294740453
91.56909569,0.06276611756857893,-0.003917597774187677,0.998020574393658
91.580667431,0.058215680603136595,-0.0028778592605015405,0.9982998810267335
91.589369633,0.06009943978234814,-0.004927528693350044,0.9981802326227586
91.601751763,0.05790290423055239,-0.0030473735437164095,0.9983175683098804
91.609483127,0.06772903363130083,-0.002042204899464076,0.9977016625236819
91.618895594,0.06892623811086165,-0.0016836236582143693,0.9976203381603957
91.630518175,0.0642001308799767,-0.002939134044940361,0.9979327155104496
91.640554719,0.06240101275477338,-0.009733673432014115,0.9980036919814964
91.650736777,0.06265863262314515,-0.009031085522277969,0.9979941559208085
91.659499094,0.06436395688919745,-0.00698313719442103,0.9979020577433888
91.668726726,0.06368543848750097,-0.005031477487064879,0.99795733834616
91.679668396,0.06303078713204319,-0.00529969547701714,0.9979975115707284
91.689523346,0.060111794277997066,-0.0049980996329506665,0.998179137824839
91.698998038,0.05932757176989676,-0.004297871381609394,0.9982293161040078
91.708808428,0.05576804522141505,-0.003928088230584876,0.9984360246180198
91.719764531,0.05772148631200346,-0.00431718457344571,0.9983233904578677
91.730161724,0.06210499315506975,-0.001738938272020958,0.9980681068538835
91.739437099,0.06386250859734185,-0.0014268466653204765,0.9979576865299692
91.751698597,0.05850663689472429,-0.0021833478321805224,0.9982846319720207
91.758751425,0.05723665098610445,-0.0012871329289394664,0.9983598094237961
91.769330159,0.051650802377014624,-0.002642301882434078,0.9986617109184535
91.781095087,0.04908557193495926,-0.002712397908094968,0.9987908937937942
91.790612538,0.04909870257540307,-0.005136855925301512,0.998780721738568
91.800921888,0.048249884906581,-0.004575387659519567,0.9988248166892265
91.808565273,0.0481779182269281,-0.0035754694071095635,0.9988323704275099
91.818784911,0.04719854562188293,-0.0027598417761749575,0.998881715001606
91.834966106,0.04638458658138008,-0.0022207792460900763,0.9989211872150949
91.838661227,0.04702217312169342,-0.0018240527484255442,0.9988921804011105
91.853833698,0.04602000617292139,-0.0017057962902254534,0.9989390618505518
91.859442171,0.04468202502244057,-5.427019183137395e-05,0.9990012581046335
91.868735115,0.04266552510775282,-0.00735220086781153,0.9990623594699578
91.879856506,0.04138107855584271,-0.0033518343086322636,0.9991378140898896
91.88959295,0.04084148491268744,-0.0035819056594619154,0.9991592180738631
91.901891599,0.04198960504014823,-0.004015824493675435,0.9991099770406703
91.908929753,0.04292353574389081,-0.0028018047825006,0.9990744316462131
91.918947664,0.042172246969217314,-0.00275745880076766,0.9991065498767034
91.928766982,0.03983762429178625,-0.0006357752170535965,0.9992059644941377
91.960591645,0.03995888495809114,-0.0004607757404822921,0.9992012185734278
91.960887115,0.04033147307301988,8.281896166974811e-05,0.9991863516986107
91.961179894,0.04420909563481474,-0.002444177032137205,0.9990193100545091
91.969794112,0.0468758477231354,-0.004235644724466774,0.998891742990203
91.978863263,0.04387065977881226,0.0039087117993413046,0.9990295727267744
91.988933524,0.044290520295198255,0.005357088455078804,0.9990043300282863
91.99999534,0.040956044966997965,0.0070002380223669084,0.9991364266446757
92.008743893,0.04847473506740335,0.008808348976960189,0.9987855691030209
92.019625691,0.052492709413648045,0.011175011183736329,0.9985587787323577
92.029485388,0.04841129189700898,0.00790334592803905,0.9987962174237569
92.039121122,0.04715923902977921,0.009451816230426414,0.9988426649598416
92.050060041,0.048091317095373766,0.0070259888730102036,0.9988182320624652
92.058617697,0.04892361997343568,0.007596271150372993,0.9987736360523864
92.069056796,0.04865230245879856,0.005651056114103262,0.9987997892622189
92.081254724,0.04883233033937325,0.0056188677962648575,0.9987911853026711
92.088587233,0.0518670702763631,0.0037039130732073188,0.9986471288943323
92.101897431,0.05064949024747566,0.0115054382300939,0.9986502160560545
92.109451886,0.05956701340626432,0.02042565439810323,0.9980153122854716
92.119667668,0.048549041883942046,0.020733863643640587,0.99860557650684
92.129983298,0.04764738182732733,0.01789816609814813,0.9987038513269706
92.139872479,0.061231587581271965,0.01844000698893235,0.9979532347883467
92.15013932,0.06365226255376467,0.02217763171164311,0.9977256848069259
92.160415653,0.0632111338668077,0.01794179009543452,0.9978388871573627
92.169948502,0.06211797578566413,0.019535816370768854,0.9978776021952889
92.184035979,0.06110441572835187,0.017891493033028585,0.9979710140357513
92.189545582,0.05760801436023253,0.014935264850614655,0.9982275564946668
92.199074422,0.056910914051597185,0.015751513560203302,0.9982549963222697
92.208814849,0.05630151415825675,0.01665405134323229,0.9982749030589443
92.218988271,0.054526770832818365,0.017488390095951947,0.998359147538799
92.230472749,0.053916737771258084,0.018429753860459197,0.998375345028486
92.239087342,0.05288044941391331,0.019491000605587238,0.9984106164124937
92.248915014,0.05403979614486934,0.019588495756463053,0.9983466288151726
92.258808393,0.057005245424202315,0.022080385435666466,0.9981296802385645
92.268947196,0.05874401967625354,0.021889454654915125,0.9980330615401407
92.280498426,0.05730889264818707,0.017699123470700392,0.9981995951971767
92.288885023,0.05553386837705112,0.018645009828231546,0.9982827019795473
92.30606708,0.05527768021750517,0.018494831134474966,0.9982997141595696
92.308606639,0.05509372210328512,0.01823881255354015,0.9983145934531075
92.31939544,0.05475618885188633,0.018029518920014052,0.9983369652727127
92.331171244,0.05484357592301106,0.0179832681510829,0.9983330026832645
92.338812607,0.05485062664521064,0.017848113242378855,0.9983350407605229
92.349160837,0.05525807563512116,0.017387555061361637,0.9983206989770829
92.358995195,0.05488277481282344,0.018060505221962713,0.9983294542283987
92.368775181,0.054836384491760405,0.018047875391770284,0.9983322318395391
92.388738081,0.05494655628539286,0.01782617714334458,0.9983301574934168
92.389006159,0.05527141010282484,0.017863125558572827,0.9983115645781753
92.399964701,0.05529466395557591,0.01720376036212335,0.9983218573022644
92.40903709,0.05497006986539765,0.017133915897453455,0.9983409840054711
92.419044213,0.05446785632794521,0.017367054085677725,0.9983644815694434
92.429808365,0.054422722950935115,0.017770158515026186,0.9983598492993179
92.439202784,0.05467763911418159,0.01754346171707216,0.9983499300004389
92.450023369,0.05449589731751409,0.017413774545868,0.9983621375190591
92.458928683,0.0545449223870921,0.017177302187049975,0.9983635568926587
92.469738818,0.05474599764213953,0.01672317791476313,0.9983602611595666
92.479361603,0.05460364753918404,0.016480506703319825,0.9983720922452805
92.489316238,0.05424208300453923,0.016722463474773214,0.9983877781937556
92.504041476,0.05398396302685623,0.016573955464860547,0.9984042446505142
92.508729068,0.053920353761098876,0.01635249063953512,0.998411333819965
92.51897035,0.054602168590437344,0.015433739758816584,0.998388903615359
92.533229515,0.05438178943696882,0.015668077400606464,0.9983972818113048
92.539295723,0.05506040814251879,0.015394164730130142,0.9983643478948159
92.55034285,0.05436674067372975,0.01572290564259537,0.9983972394526487
92.558700993,0.05452622558608443,0.015160306327845065,0.9983972435034972
92.570536841,0.05450153358059754,0.015075198421721649,0.998399880423625
92.580844766,0.05460416268344259,0.014763388749859396,0.9983989321760419
92.589125774,0.05442550207353471,0.01491023339131197,0.9984065052193222
92.599476527,0.05442029203210005,0.014579104951741646,0.9984116793757709
92.610473536,0.05466275156826888,0.013792879009382402,0.9984096053622574
92.618997338,0.054391088673678346,0.014503777980595331,0.9984143678339077
92.629984596,0.0547445035733794,0.014273722478505583,0.9983983674741815
92.6405505,0.05442011843626153,0.014495429677409435,0.998412907182119
92.649627821,0.05479142371153095,0.01392733425664671,0.998400685721002
92.659299092,0.05448243091520072,0.014261563696062976,0.9984128767812009
92.669234771,0.0548535654773464,0.014522129444803645,0.9983887990711889
92.679522893,0.0558038793739039,0.013789543258418614,0.9983465207749997
92.689294373,0.05578490500740895,0.013697283460301742,0.9983488512534697
92.716637071,0.05621459566023156,0.012983044381334892,0.9983342926061135
92.716930981,0.05687477803302964,0.012765386139377033,0.9982997067716721
92.719623844,0.05578860900730742,0.013541136621712798,0.9983507743894536
92.729486799,0.05765427725694755,0.012421379778164716,0.9982593318563997
92.740768066,0.05762727488779226,0.011874006040116352,0.9982675518965677
92.749069937,0.05796982138271449,0.01143105589255457,0.9982528891869223
92.758714528,0.058759775308207744,0.011006696239453988,0.9982114713043632
92.771454579,0.06022193305703672,0.009880470352422214,0.9981361105002107
92.779526742,0.061373469438547074,0.008611900552532843,0.9980777186261344
92.788718377,0.06156347507721939,0.008810493591275833,0.9980642833701118
92.800081396,0.06124398476708382,0.009530013679415717,0.9980773282512331
92.809712954,0.060504540941271716,0.010797854731159415,0.9981095164653481
92.818844834,0.06270068077957154,0.00958460879325069,0.9979863525640311
92.831269164,0.06245776457595877,0.010298872916722091,0.9979944693538234
92.838951764,0.06283426488476915,0.01017776486187992,0.9979720778953723
92.849368923,0.06322736798555653,0.009715967197084532,0.9979518525054424
92.861967818,0.06297567910784987,0.010024227581190268,0.997964718165079
92.86903841,0.06371239967761308,0.008677222988617905,0.997930576707882
92.879596777,0.06457010158164946,0.007279418640092245,0.9978866228414919
92.888802735,0.06559038155925034,0.006984503611045228,0.997822187845219
92.899066951,0.06576651523180779,0.00623326185833327,0.9978155700934265
92.912706482,0.0648288132555293,0.008472903800665529,0.997860428553545
92.920545992,0.06733933750550089,0.006447837355764719,0.9977092958461166
92.928894793,0.06516273796918456,0.008238071536054395,0.9978406444707122
92.93902396,0.06802592933526445,0.00616960560139386,0.9976644771188342
92.94880351,0.06646564914978292,0.00830840441444496,0.9977541219655192
92.959007386,0.066069838569688,0.008227342636392378,0.9977810818333442
92.970508339,0.0661143358996657,0.0082030263532198,0.9977783345749669
92.983519331,0.06593917499089165,0.00835966398136704,0.9977886255212771
92.989040407,0.06564192349099922,0.0081090901707216,0.9978102928598226
93.001002182,0.06519039248552226,0.008107184188968818,0.9978399101519791
93.008846054,0.06566091634551656,0.00772477203736148,0.9978120925112292
93.019917731,0.06612148995630251,0.007696876525717119,0.9977818933302541
93.029487051,0.06579734508292294,0.008855557119524637,0.9977937103871429
93.038883851,0.06565660947530266,0.00906296855510191,0.9978011185768318
93.049668147,0.06533219423908027,0.008933511121709984,0.9978235799854329
93.05923271,0.0635186169994962,0.009293747971186523,0.9979373785679737
93.068744171,0.0625708316556806,0.011277522485058521,0.9979768076025192
93.081261138,0.06226662351821678,0.011115886716053234,0.9979976476215545
93.08873371,0.062467092841991714,0.010206847497405816,0.9979948309365307
93.100250754,0.062303403999784825,0.010912765561630766,0.9979975938837912
93.108733382,0.06538235050832016,0.007198595452571475,0.9978343191459781
93.120205483,0.06388596966085572,0.007496135865118128,0.9979290509989094
93.129330551,0.0632090487122349,0.007536426294822588,0.997971852528716
93.138787589,0.06253669013199341,0.007413884284151463,0.9980151284961348
93.148822937,0.06287463356670199,0.007270598097379737,0.9979949493144539
93.159600245,0.06205339713885362,0.00927849029128052,0.9980297017230711
93.169058245,0.0686108137652873,0.010028281078528321,0.9975930983186858
93.248835301,0.06994797477266736,0.01095067692913789,0.9974905330377808
93.249523383,0.06989491310560288,0.00927157569898515,0.9975112726210257
93.249820895,0.07437821764178706,0.007684483921876201,0.9972004961126351
93.250061094,0.0716760534160836,0.0064611898878428765,0.9974070364660197
93.250311415,0.07024510456010839,0.005938819712186258,0.9975120829873518
93.250624313,0.06830602029411914,0.006402059713059162,0.9976438749488766
93.250880487,0.06681269544529055,0.007406968952002106,0.9977380420422381
93.251131133,0.06778010201665753,0.003650984424696672,0.9976936043111342
93.259179377,0.06596012348647293,0.004269196877380513,0.9978131268266975
93.269375396,0.06695314642291138,0.004029111621521305,0.9977479854370107
93.280156595,0.06691926251292481,0.00691321723091318,0.997734443492979
93.289047013,0.069114955608573,0.004495455071087826,0.9975985734727816
93.301773328,0.07167089914832499,0.0023907072831736505,0.9974254692627199
93.30874607,0.07352442813171552,0.00514442430359871,0.9972801478854821
93.321817376,0.07147889986248587,0.003868657225751195,0.9974346095688271
93.330924236,0.07449326895954242,0.004545043984446776,0.9972111589101382
93.338831154,0.06714523134541865,0.005876596155631637,0.9977259060108612
93.351536634,0.06643572782555926,0.008618575338574946,0.9977534836959586
93.360039448,0.06922696898188858,0.005319185407437011,0.9975867546395062
93.369184124,0.07414513886835337,0.0031252745123968263,0.997242563793491
93.380017258,0.07403949487562211,0.0022445568728779825,0.9972527839835832
93.389136241,0.06755503389910404,0.008435953794440215,0.9976798845714336
93.399866549,0.07131192150193223,0.005998424187405719,0.9974360274017429
93.408975927,0.07282485014460101,0.0027907744858702136,0.997340840825836
93.418857926,0.07611514450916759,0.0012896939874522612,0.9970982005127517
93.429486678,0.07679641066639453,0.0016320620335428804,0.9970454591854262
93.439184046,0.0779648310507575,-0.0004881922646721203,0.9969559903965369
93.449772251,0.07679983374626569,0.007459179772230953,0.9970186287997189
93.459250079,0.06814076219567677,0.009783201978545385,0.997627748955711
93.469219514,0.07183578525677393,0.007049828502962278,0.9973915579523528
93.479741912,0.07393221471707605,0.0035713528419016134,0.9972568741632754
93.488849914,0.08000621305548342,-0.00023356169353783883,0.9967943375247754
93.500501626,0.08015710536939515,-0.00036970023213486535,0.9967821736871793
93.509016483,0.07399216106369765,0.0061328880217342546,0.9972399649962073
93.521956792,0.07537496015871045,0.007000716438314278,0.997130686194354
93.539041804,0.07926922112466951,0.0005429678763183641,0.9968530963828993
93.539328424,0.08037336702911314,0.00043877951031394733,0.996764731190337
93.549607528,0.08687218704349399,-0.007435407282325422,0.9961917174102716
93.55909793,0.0803371843311559,0.0013643178775616669,0.9967668109695822
93.569269281,0.08010053008777489,-0.0006562804133665698,0.9967865741349432
93.579880021,0.08561839640332311,0.005577147109544187,0.9963123935932154
93.588925801,0.08192867860540502,-0.00042811188574255104,0.9966381029953579
93.599185123,0.08314749289208034,-0.0028559244256798916,0.9965331595694327
93.609351599,0.08121910934256293,0.000754206174211297,0.9966959854693144
93.619203782,0.08113715065763259,0.0003350663676720389,0.9967028897889731
93.630398772,0.07596514310637928,0.005117718429431164,0.9970973402787234
93.638873551,0.07746805921575597,0.004885262401910093,0.9969828654558756
93.649120194,0.0845537312441451,-0.0027410065027600413,0.9964151511373384
93.659181292,0.07944906865311704,0.004413680141261571,0.9968291553309238
93.66890263,0.07875099166219902,0.005155864092487771,0.9968809850617475
93.679720913,0.07930037166831952,0.007692106585435181,0.9968210885357235
93.689546325,0.08249946630564356,0.004006699237749321,0.9965830544518116
93.699343184,0.08457011642618219,0.0027938723530217206,0.9964136137593349
93.709158323,0.075960599344058,0.003845769593851252,0.9971034035663114
93.744825137,0.07953751537154276,0.003557046087872859,0.9968255268960815
93.74511899,0.08071347301752166,0.0059066362514206255,0.9967198437483038
93.74537317,0.08614918671779319,-8.979897866840089e-05,0.9962822439268936
93.749900021,0.08670864934177414,0.003051602054562904,0.9962290388531273
93.759410246,0.09203775424463512,0.010414262619689642,0.9957010570084237
93.769134355,0.08951083221914584,0.012945377175264044,0.9959017160971388
93.800678229,0.08698818793548574,0.010892978686156607,0.9961497870175166
93.801651303,0.08492088392335433,0.011795573287243222,0.9963178749397712
93.807679283,0.0794433286155036,0.01183443172345283,0.9967691326301552
93.808709976,0.08067796482004617,0.00885340665062066,0.9967008995597296
93.819597735,0.07775765405551927,0.0076525341181718776,0.9969429201099492
93.830983325,0.08302023760415156,0.012900323137550398,0.9964643605323259
93.838943352,0.07457638376842812,0.009697137241262395,0.9971681545824398
93.849269464,0.07586115316606783,0.02205988740502354,0.9968743385241653
93.859010236,0.07404539737593471,0.02208562944514403,0.9970102828453936
93.869069682,0.0687141144023521,0.015607048056438361,0.9975143059289248
93.880690175,0.06785806934535578,0.00995223076306336,0.9976453455650257
93.889803041,0.059033267920478326,0.014150232508921466,0.9981557214175414
93.934292458,0.06177263301156245,0.015725766569195013,0.997966353178618
93.934540552,0.050405605764252834,0.012406595960186171,0.9986517667756961
93.934914534,0.04879535172738296,0.023691909304735186,0.9985277698107836
93.935267976,0.0460327619982989,0.025678289301501546,0.99860983886669
93.939013322,0.033302187190466855,0.016070477734743946,0.999316118189689
93.949066978,0.023238799321226418,0.020754363989441724,0.9995144894304944
93.959196679,0.02198757016923656,0.019414722761421394,0.9995697150765175
93.970192562,0.012338747389621667,0.01596344052954419,0.9997964412215694
93.978998206,0.0027194796859468786,0.01886288468348354,0.9998183815131904
93.98899913,-0.008112750837720716,0.022891997733776315,0.9997050263520744
94.001896283,0.0026598854469399905,0.0267279167132953,0.9996392066528685
94.009231717,0.00047325722162695684,0.01958921225232087,0.999808000963653
94.01996804,-0.010882737627756022,0.021168889302892294,0.999716681939142
94.029945122,-0.020603592259484427,0.02442316788707515,0.9994893700567129
94.039725611,-0.03946124511880985,0.02437073153089596,0.9989238597502426
94.050418199,-0.052141688552352086,0.02403513072481193,0.9983504178423279
94.060082215,-0.055606512210951094,0.03369536540305977,0.9978840304113938
94.069269148,-0.06170741250587508,0.03860381127852558,0.9973474524941656
94.081354949,-0.06738417804069584,0.041020175355916164,0.9968835026037645
94.089346958,-0.07667253522862702,0.022941334550080454,0.9967923642919203
94.104244755,-0.0789774427023912,0.028484392890498676,0.9964693687745
94.109900704,-0.09163605043551018,0.024747796091090138,0.9954849978021841
94.1190006,-0.09128645785952107,0.03573308799682956,0.9951833645282023
94.129740869,-0.09589804197697424,0.031216648338405786,0.9949015460896112
94.140651283,-0.0846501423960006,0.02102539248678534,0.9961888808168426
94.1494917,-0.0805182693915896,0.023495272181224915,0.996476181591569
94.15962626,-0.0785816647093202,0.01688409118971475,0.996764691106286
94.169240389,-0.06998992868200905,0.010886065612985331,0.9974882974043139
94.182800645,-0.07286155747809701,0.011436541645368328,0.9972764907271504
94.190148011,-0.07879714174040413,0.028892877313949444,0.9964718822395663
94.199300525,-0.08282978112853774,0.015499064575552782,0.9964431776852514
94.209034992,-0.08191275752683647,0.021979083040124518,0.9963971196581537
94.219204691,-0.08427479625385585,0.01675512694049027,0.9963016734090029
94.229829549,-0.0781716464463035,0.011876154966623583,0.9968691742827055
94.238981348,-0.08040336002635073,0.017383740247136292,0.9966108093290446
94.248768684,-0.08396917654408023,0.026070587854361317,0.9961272518305265
94.258963154,-0.07636970773316475,0.021562421638690384,0.9968463922359485
94.268967143,-0.07373620522650028,0.018765628965067383,0.9971012101127653
94.282594269,-0.06440918098249435,0.014590786337570645,0.9978169002172773
94.288698354,-0.0653136636200466,0.0039900109158034,0.9978568059383166
94.299622137,-0.0691802842544802,0.005649859688898725,0.9975881752286186
94.309024465,-0.06980117206530136,0.01919041691650826,0.9973763202908322
94.318785247,-0.07450983653304813,0.02050336669399656,0.9970094764915879
94.370623838,-0.07096991691445316,0.011216013172989573,0.9974153958816051
94.371011333,-0.0693471461036632,0.012845016850702873,0.9975098891085654
94.371499682,-0.058818953014604644,0.007839210562286739,0.9982378862495783
94.371915021,-0.05849399631423853,0.002739514085340501,0.9982840014032911
94.372559046,-0.06018604876082398,0.006522697412270165,0.9981658649508245
94.380093166,-0.05719190534037695,0.006071618876358421,0.9983447407623068
94.389009729,-0.0520682596686813,0.005019491940848268,0.9986309133186948
94.399246172,-0.053647912731020916,0.00784231127130398,0.9985291180599235
94.408916993,-0.0533342297419675,0.008162974003099746,0.998543351984908
94.41946245,-0.051852943970043835,0.013913985620204645,0.9985577966276167
94.430033565,-0.04800488848978786,0.008981195831133972,0.998806722445602
94.439072944,-0.04683059867115498,0.010085974104690408,0.9988519250391725
94.449249785,-0.04389632581009156,0.009275870868063616,0.9989930284041092
94.459181261,-0.039887416903939724,0.011077027465391303,0.9991427793039703
94.469115986,-0.03032037102611591,0.013338737734180041,0.9994512260118038
94.479738616,-0.02409022189689899,0.014855882697504052,0.9995994017396351
94.488948547,-0.016517113028543848,0.014899982233360634,0.9997525571393394
94.500586702,-0.015065125868934473,0.006964000829578687,0.9998622628517385
94.508625551,-0.00827865070185877,0.013291295922869237,0.9998773951816531
94.519187825,-0.0035661781459745637,0.019922938333805266,0.9997951584707633
94.529617185,-0.007359991601193992,0.029360455790904894,0.9995417921024518
94.538820345,-0.009496561899590921,0.031341044856050146,0.9994636332650721
94.550426105,-0.0010644938203126094,0.028556603889731733,0.9995916102224905
94.559146953,0.006745783592594887,0.021079737206640494,0.9997550395386967
94.570223041,0.004544018045710571,0.027687440979549626,0.999606301256652
94.579922547,0.010086535104366919,0.019020930253076995,0.9997682061467529
94.588811551,0.016705380304248438,0.011539767624865065,0.9997938607693361
94.602100703,0.025301091477754303,0.010270743769047222,0.9996271137741638
94.609698763,0.018539051351805756,0.02559820425254821,0.9995003929534094
94.619070653,0.024420459275427783,0.020897864848864627,0.9994833267311345
94.648610353,0.02532198389266935,0.013669394255998616,0.999585886651274
94.648885011,0.03210698506994302,0.020666886549792325,0.9992707447484173
94.649300569,0.02659824799989955,0.00953287199141269,0.9996007490768158
94.659361826,0.02671005578445032,0.010301733354127913,0.9995901396121774
94.668964885,0.03745474501193971,0.01711603597445244,0.9991517319149339
94.679594324,0.04143786541184304,0.021860138699977473,0.9989019159287502
94.689021832,0.04109415678154577,0.021646563604118214,0.9989207659081609
94.699988851,0.0437636514065833,0.021303567484982713,0.9988147480028394
94.708706365,0.04976535681899158,0.025335074385063865,0.9984395541376463
94.744442112,0.05009382993888921,0.024402906002924232,0.9984463462703772
94.744965875,0.05232652704819105,0.02426490128857732,0.9983351887680463
94.745267034,0.05442319704010875,0.022930372980935414,0.9982546336576098
94.750645783,0.05689065103742414,0.017544412099196674,0.9982262506208859
94.768901049,0.03938355723216183,0.011561461829820614,0.9991572789206407
94.769235737,0.049415788134616896,0.016144374414081293,0.9986478053136715
94.780803045,0.050659220269978496,0.015394405799217626,0.9985973441140963
94.790113953,0.052335721119229225,0.013194743677224705,0.998542373179137
94.802314066,0.05624985031653637,0.02678368772786225,0.9980574073724735
94.808675833,0.059654947838065034,0.030250788830830787,0.9977605809880196
94.818961943,0.06013822687275416,0.02125470091287104,0.9979637425065631
94.833810853,0.06619895384571436,0.015778211259153647,0.9976816859896721
94.838650623,0.06506979139157086,0.015989668133502038,0.9977526009794403
94.849652319,0.06393338904862303,0.020459266024152465,0.9977444262928811
94.858728524,0.06416579392069469,0.017954902953736793,0.9977777169041453
94.869946356,0.0718464646148056,0.013012608029767687,0.9973308165070491
94.880563513,0.07193594250833853,0.011313285264993237,0.9973450906040247
94.889177985,0.07384859514881394,0.010666732194122983,0.9972124176016088
94.901097715,0.07473911390138771,0.015183429523473006,0.9970875228991392
94.908976478,0.0606109661456778,0.0066402339907414955,0.9981393780807548
94.918791168,0.0608464665721612,0.02422223305611646,0.9978531910714411
94.929037292,0.06088222240614872,0.02619690772438814,0.9978011209758026
94.939046587,0.06547077512432342,0.023264783533317887,0.9975832433695787
94.950128821,0.0633585531048675,0.024386937881696987,0.9976928239739985
94.960458432,0.06242747586834915,0.02577266488571026,0.9977166832329685
94.970509979,0.062031853502559985,0.026384716904933547,0.9977253609410174
94.979511373,0.06288199378178128,0.02724391469592919,0.9976490484985535
94.98896025,0.06465604620206897,0.02586657070641748,0.9975723112684143
95.003085896,0.0684054029763578,0.016484555009148333,0.9975214084368278
95.009678324,0.06876191872087224,0.015608955693213345,0.9975109819124758
95.019081161,0.0692171763280146,0.018388278795450366,0.9974321298735657
95.029204128,0.06748411052539546,0.01662353542907785,0.9975818527301077
95.038820887,0.07225723813668433,0.03335891188825629,0.9968280064958499
95.049950651,0.07423697791925954,0.03387122725918507,0.9966652452420383
95.058711597,0.0753705121147867,0.030491008009495873,0.9966893118390101
95.070982954,0.07823914358167627,0.017762528740002958,0.9967763685924576
95.087335576,0.07804502645097817,0.035541050743638836,0.9963161182869141
95.088583147,0.07851493307462132,0.0381494922357384,0.99618272496889
95.099257779,0.07782143249812365,0.03756935223993433,0.9962591873685341
95.119224483,0.07945316916253967,0.036104560792318614,0.9961845484648028
95.119569212,0.0782985179015283,0.04157450445812184,0.9960627001717742
95.130022473,0.07847884259257398,0.04464033497453042,0.9959158155982322
95.138703515,0.07891304874609124,0.025215424892946106,0.9965625485061463
95.148954674,0.07159818487431033,0.020566775445708747,0.9972214937868467
95.15949164,0.0687376016975776,0.0258317757050501,0.9973002865119358
95.171232232,0.07200173402407152,0.029373329027734423,0.9969718942073319
95.17989627,0.0739598339163962,0.032050460754834066,0.9967460614080509
95.190067087,0.07571513647546867,0.034694713500887056,0.9965257121437422
95.200925606,0.07715584285189565,0.03725033650419353,0.9963229337640171
95.220812967,0.07972553914989572,0.03229089595066188,0.9962936998927384
95.221206027,0.08236766157275917,0.029748907279519534,0.9961579045727189
95.232516403,0.08592104849494114,0.027669328885871966,0.9959176580744693
95.240757147,0.0868505327502471,0.024564511664119344,0.9959184553605288
95.249704227,0.08564640907047752,0.02586585631580521,0.9959897841295275
95.259029761,0.07721169266789224,0.03853544565806695,0.9962697295126924
95.269248039,0.07731098099176723,0.03916319497269936,0.9962375501744657
95.279703126,0.09054407567557564,0.03964751239205717,0.9951029319227118
95.288757713,0.09650880951620934,0.03434754230219633,0.9947393105852221
95.299595203,0.09338111259568337,0.04507095773386758,0.9946097609511704
95.308722769,0.09437686984572456,0.04115644230763222,0.9946854546512187
95.321088889,0.09605540684744318,0.028252979728300192,0.9949749383536474
95.330927956,0.08902863627324331,0.032257773453223254,0.9955065735469389
95.338865974,0.09213959726250491,0.035663525913184294,0.995107234189232
95.351831498,0.09277804314335533,0.028128345408385887,0.99528942066872
95.359821025,0.08866323481605738,0.029615691596132303,0.9956212842257017
95.36948832,0.09345943401301748,0.029141924369096947,0.9951965044341908
95.429792839,0.1038712611753414,0.027479615011731073,0.9942110600172637
95.430581428,0.10652268209331574,0.04214573309124545,0.9934166574916329
95.430910862,0.10635484547528089,0.0468729396853199,0.9932228221145472
95.431157506,0.10220317464640045,0.03359648269095019,0.9941960508083877
95.431460054,0.10528382686475005,0.03544169722022065,0.9938104456579552
95.431874479,0.10492630066597655,0.03975426471106322,0.9936850959261874
95.439032921,0.10544203448438264,0.043675916100512066,0.9934658482889965
95.449064139,0.10430661448193405,0.04168075407630301,0.9936713968485498
95.45886155,0.10217052246800029,0.04051895735034992,0.9939413455701783
95.476297169,0.10141041674952325,0.03938095329454514,0.9940649213669603
95.48064929,0.10141309244307983,0.03929803591390212,0.9940679297987844
95.490091911,0.10277242823392573,0.03965849054038141,0.9939139963412132
95.499336667,0.1032465599770401,0.040409862105318176,0.9938345893042446
95.508994991,0.10425000838759958,0.04128792720253584,0.9936937369323124
95.520614111,0.10361732754016921,0.040696672997663864,0.9937842976422775
95.529431228,0.10282138222203858,0.0422076636338555,0.9938039426811109
95.572492493,0.10382014685231652,0.04346298463367086,0.9936459862920479
95.572862133,0.10346328172114805,0.042785776310616155,0.993712597626189
95.573118225,0.10502833662475483,0.042556153378973595,0.9935582631710245
95.573371725,0.10546919251232716,0.043693303838646655,0.993462200906739
95.582928309,0.0995125853582414,0.04737329784243545,0.9939079514758148
95.588897947,0.10117735035751346,0.04652569135694937,0.9937799071315494
95.599227264,0.10807998753130486,0.03594014156653104,0.9934923364170509
95.608806288,0.10086250086299388,0.03740376511976657,0.9941970198479414
95.618888771,0.10029809000026138,0.03284468935440476,0.9944151645683568
95.62963808,0.10385874161420877,0.03304294662056464,0.9940430199286867
95.638745341,0.10551147560181955,0.03163652951697906,0.9939147139047937
95.688939823,0.11306662949991401,0.02557913294911958,0.9932580959907151
95.689751634,0.11353065714540028,0.020056661930841952,0.9933320291827531
95.690036155,0.11453660285859829,0.0188063960011185,0.9932410010038152
95.690401075,0.1182121369709032,0.018074089294211143,0.9928238604953838
95.690668655,0.10397873116823127,0.038138283705226955,0.9938480239858932
95.698797925,0.10636180640059972,0.04108615855126388,0.9934782804443697
95.70878751,0.10766624123742927,0.0431504688780235,0.9932502290628533
95.71896618,0.10218454018295017,0.053283098352877166,0.9933374206066723
95.729580092,0.10591098718320754,0.048797389444400034,0.9931775659857054
95.738870906,0.10557364483855175,0.05502767107867076,0.9928877886907266
95.751088605,0.10804276992476358,0.0541115903527501,0.992672501712665
95.758708917,0.1051302086116043,0.05644476285344163,0.9928552905553252
95.773427435,0.10451065614688593,0.052339558215159954,0.9931455549906012
95.869224737,0.10925422001015617,0.039417643032434495,0.9932319793621932
95.872828218,0.10635961288846646,0.039500058174282614,0.993542841628102
95.873500407,0.11388450122319038,0.03505045554793117,0.9928755138218627
95.873922867,0.11349104354979878,0.03610502418096833,0.9928827777048352
95.874676386,0.11351604424099095,0.03720649153374213,0.9928392542036334
95.87503443,0.11213908426690199,0.04247516099409724,0.9927843101491413
95.876065271,0.11318449254426445,0.043930064019201284,0.9926023474296071
95.87679101,0.12097519137788834,0.03187054128827614,0.9921437757044469
95.877249048,0.12345404274719494,0.027417886913711994,0.9919714506005507
95.877588373,0.12522333903563893,0.026584678536367475,0.9917723379021434
95.882561921,0.1253903758602693,0.02976415683777184,0.9916609040439969
95.890245639,0.12795934568757522,0.04009778225851008,0.9909685028845049
95.900567734,0.1279599523958565,0.0580143173241215,0.9900811025205289
95.909101699,0.12156259817951062,0.06037195139476686,0.9907460634333275
95.918887582,0.12265666124639071,0.05649928361566536,0.9908396310214912
95.929152988,0.12236471221712769,0.05803549675278298,0.9907869389130426
95.939397802,0.12301617526802186,0.06089716149155431,0.9905344801392322
95.948646982,0.12415519835202238,0.05959562440073433,0.9904715282502858
95.958822475,0.12255773878394491,0.06150066701801882,0.990554021051101
95.970658748,0.12195251179225586,0.06309828971740293,0.990528238215498
95.979016607,0.12222173827601669,0.06232900381417912,0.9905437607578581
95.989853335,0.12280949939313973,0.059952375277516304,0.990617756532453
95.999301863,0.12359919278930623,0.061588235034484365,0.9904191682551227
96.008946433,0.12346781737209686,0.061445933243785125,0.9904443928667428
96.019157145,0.12421844728790307,0.06061470268612853,0.9904017544267855
96.029062215,0.12411037505478596,0.06094285423482341,0.9903951652353084
96.039337423,0.12444675876790812,0.06185405729386507,0.9902964605755437
96.049674753,0.12473673490661089,0.062544606079253,0.990216602171075
96.058743984,0.12477117437492119,0.06208866583169868,0.9902409563436279
96.06923974,0.12679623001493415,0.06059590519304961,0.9900761851129614
96.081081508,0.12705568998497968,0.06227690935543669,0.9899386032495023
96.088870843,0.12460673775840116,0.06179954650643612,0.9902797468174374
96.104143052,0.12347738272574195,0.06161870710424485,0.9904324665972951
96.110423927,0.12351732288191038,0.062289029699042923,0.9903855550881372
96.118783568,0.12324420053735591,0.0612579405273947,0.9904838876812941
96.129552883,0.12417956983459845,0.05984886498671244,0.9904532032334978
96.138729766,0.12419294133249882,0.05944354905101834,0.990475934992568
96.149038663,0.12344516275571384,0.062061307215459015,0.9904088478698703
96.159241584,0.12318955166061646,0.06189355883303717,0.9904511707987617
96.168756947,0.12358630054499384,0.0606732292833413,0.9904772514126376
96.179760751,0.1234881626682979,0.06264025161545522,0.9903670393133853
96.189290581,0.1240828252726178,0.06313256566220016,0.9902614460965715
96.257801992,0.12217013763946552,0.06360178513432692,0.9904692172888974
96.258228255,0.12505383848562626,0.06262287337417884,0.9901716584564378
96.258689355,0.13256944199434825,0.04290440269027322,0.9902446946482967
96.258981377,0.12743524244943158,0.03777114676264984,0.9911274385537358
96.259303183,0.1280367087673489,0.03523035085338583,0.9911434929346873
96.259706574,0.12805296040015962,0.04130650992900611,0.9909067622991783
96.259999626,0.1264579155483959,0.04156664714987876,0.9911007060031147
96.269768331,0.11517957992864637,0.03485030248835785,0.9927331568875548
96.283335714,0.11750411886013373,0.040776715614186304,0.9922348721520643
96.289093861,0.11976778589034076,0.041061388000829195,0.9919524383146456
96.301527789,0.12797150001681948,0.07255430509195389,0.9891204011626031
96.309105971,0.12883582464164292,0.062065359300024395,0.9897217899308205
96.320055401,0.1342534888669025,0.055147168333886755,0.9894113353665495
96.331757431,0.13574198184060732,0.05433275395081436,0.9892532871889305
96.338898883,0.13316721883556729,0.06099950457202922,0.989214613857664
96.348900416,0.12885914777619953,0.06530338894759569,0.9895103776243838
96.359674159,0.1316030789360714,0.06288272536153451,0.989306015581454
96.36891395,0.13278045697212165,0.059701282587093715,0.9893457975368021
96.380140845,0.13217102845151635,0.056570440303558296,0.98961134013406
96.389191519,0.13019646126862638,0.052313852906117196,0.9901071367621002
96.399044311,0.12617984158697806,0.05294693191272053,0.9905933928601155
96.409556121,0.11774203002935085,0.06757360841691212,0.9907424598805108
96.418966238,0.12155682978347142,0.05671612302934534,0.9909627735296177
96.429618412,0.12297015000066552,0.06651290092446865,0.9901789617131975
96.439438019,0.12255543486133767,0.07264632204762973,0.9897993116177141
96.468651899,0.12376021398795947,0.06657545964403962,0.9900763190819379
96.46948213,0.12511345580025146,0.06713116632997686,0.9898686931532361
96.469746342,0.11474999385346137,0.053449999710327066,0.9919554105107732
96.479789338,0.13107486734556398,0.04628539056428884,0.9902913923541162
96.488982636,0.12952912332609104,0.05899777026028345,0.9898189073334017
96.499836016,0.1278922199441051,0.05708411853285446,0.9901439205939183
96.508748124,0.12412908362636998,0.05751089722804033,0.9905980351777928
96.519619175,0.12396361027980385,0.05756516961695626,0.9906156038410501
96.531820075,0.12765793319316318,0.058090968700258344,0.9901155949929865
96.538982186,0.13052016744650605,0.056606157647945535,0.9898283835120472
96.550047114,0.13483345931098323,0.07175552472634085,0.9882667063710491
96.559629664,0.13412680164836094,0.06912588722886867,0.9885502581024411
96.568833176,0.1267174119401461,0.059880501936616266,0.9901298010862063
96.580358282,0.12386809722123551,0.05959015239377344,0.9905078032143299
96.588768049,0.12462104556851532,0.05062165281186715,0.9909122278325184
96.598983244,0.1305652026363151,0.05265144404642044,0.9900406826491347
96.609979992,0.1234276114772437,0.061642740266802346,0.990437174836154
96.619150995,0.1278150164534337,0.06305927797748984,0.9897913158994508
96.629493002,0.12558924639041583,0.06945126324520466,0.9896483533178504
96.63880853,0.1255028114239814,0.07561953186436053,0.9892071222576652
96.64898736,0.1266732868799338,0.07362906072435335,0.9892080872131424
96.659017024,0.12780296429291987,0.07507796399320815,0.988953842017198
96.668875842,0.12878181855701265,0.07291905068240141,0.9889883999606497
96.679576037,0.12928923942778722,0.07302036098252133,0.9889147179864229
96.689097069,0.13034176654904103,0.07581425781942257,0.9885662457337725
96.698827445,0.13066252079114413,0.07411433626992162,0.9886528060040961
96.709328134,0.13039182085477458,0.0720332707545427,0.9888423438337273
96.720191302,0.1338073173600895,0.06457275713517167,0.9889013908660754
96.730178112,0.13517993161366262,0.0682268037202706,0.9884692657554108
96.739399292,0.1415088845856446,0.060714406208560154,0.9880733760516314
96.749930869,0.14389332091520407,0.05873262887922038,0.9878487690435869
96.759322971,0.140426444043567,0.06518872911192305,0.9879427328595779
96.769648608,0.13705819514904752,0.06832789726276235,0.9882035972400298
96.780718288,0.13865871898949583,0.0663960965701394,0.9881119966929056
96.870541818,0.13596242252009058,0.06798392438954919,0.9883786752490488
96.871058765,0.14059002481795455,0.06943579096977795,0.9876300500967395
96.871553977,0.1389138226515498,0.07113150976643084,0.9877465556480984
96.871918309,0.13401967628112726,0.07762278543451712,0.9879339196276687
96.872406161,0.13521880993626312,0.08335049079607945,0.9873036863718647
96.872851467,0.1469062532471729,0.07810124509565597,0.9860622436090867
96.873190779,0.14588363135706092,0.06983681433786351,0.9868337172316398
96.873490901,0.15283335096897896,0.071011420034179,0.9856973902046827
96.873817328,0.1552125347531595,0.06645793060055616,0.9856431466386762
96.88196899,0.15645613451895196,0.07259640258008387,0.9850133198611164
96.889242058,0.15985580156817836,0.07900014749041825,0.9839741355348155
96.899158711,0.16222488159713105,0.082253020503057,0.9833196471183319
96.909213605,0.17165444917808814,0.10895382164248932,0.979113790540642
96.919805141,0.17115387116959266,0.1073366343780558,0.9793800076089231
96.929073329,0.17056863597071933,0.12452627066657906,0.9774454196204319
96.939258526,0.16890713875080912,0.13174352726646638,0.9767876030654796
96.948977396,0.16610153564449612,0.1317465996514034,0.9772681890539735
96.958971798,0.16515619147042584,0.10552309013220765,0.9806060931219701
96.969273626,0.16238709340535296,0.11420252827695494,0.9800960230663691
96.979522421,0.1595782399836534,0.11742910369421636,0.9801761019986626
96.989174818,0.1598756654337988,0.12047174920884914,0.9797583014420751
97.000597553,0.15972787419095413,0.12359438877903756,0.9793934006663385
97.00891419,0.16221130254434474,0.12730330721607339,0.9785097655612421
97.018882178,0.1573996469671728,0.13854554817487838,0.9777681127013357
97.028877564,0.1614672521021532,0.14655647177742506,0.9759352063937097
97.039041858,0.15200410037445203,0.128264968983592,0.9800218626137848
97.050382611,0.16241049374092914,0.13753676255380062,0.9770908199696932
97.058955626,0.16415899406476547,0.1366551529264888,0.9769223069652379
97.069346944,0.16333554960914484,0.13321104183296495,0.9775358390195494
97.081206681,0.16346520230800862,0.13822532155813272,0.9768177353603653
97.088981796,0.16540982087456493,0.14045311763966878,0.9761723786829566
97.101526559,0.1651817313976949,0.1415209460074889,0.9760567695854608
97.110311462,0.16528569128325296,0.1424654428985158,0.9759017562422699
97.11924623,0.1673801670696745,0.13703822730908322,0.9763218751660295
97.129953297,0.17427623780896906,0.13775380023964787,0.9750136837268937
97.176559048,0.1785655567376136,0.13658291976427828,0.9744020976863972
97.176926431,0.18007424590979204,0.13406401703470233,0.9744742712337453
97.177179202,0.1832174773197856,0.13752376738525635,0.9734056551144235
97.177453935,0.18301074983194793,0.15897781107737244,0.9701716966759005
97.179801314,0.18184892059938054,0.13635568995745942,0.9738265224838897
97.189916276,0.18361741638536305,0.12511198268747362,0.9750034031673805
97.199083094,0.18338145315963317,0.12492179378860215,0.9750721963391733
97.209377503,0.1824035939326446,0.13025511475597068,0.9745576093799504
97.251789644,0.18797861004071803,0.14697651072590395,0.9711137664877366
97.252043679,0.19024841774217313,0.16627858061683798,0.9675520519200244
97.252282594,0.1881715975395101,0.1834780749419517,0.9648457109274127
97.252538402,0.17699186218340424,0.18017051748899848,0.9675807280783332
97.260069514,0.16748880736047705,0.17484557014525043,0.9702456008710102
97.269943066,0.17495634939389115,0.15208115712658146,0.9727597840442433
97.27998554,0.1744415579982644,0.14453000923942866,0.9740026792942558
97.371352307,0.17885489494940807,0.14514712962485904,0.9731100848898343
97.372190915,0.18432356748812823,0.14443119651173605,0.9721956860337522
97.372445258,0.18559000849503388,0.14759666679567848,0.9714790644669697
97.372740252,0.1911789566088285,0.15262760436773945,0.9696161203976162
97.373045906,0.19387501789812556,0.13601764265803662,0.9715511712312183
97.373306842,0.19324589573909548,0.12813940801037624,0.9727467891978596
97.373554808,0.1911190033786288,0.12444703919052176,0.9736459628552221
97.373817191,0.16907715060716733,0.1414924312809323,0.975393668747533
97.374078145,0.1837819133452832,0.14706988342025937,0.9719025968263991
97.38004161,0.18758423356768014,0.14763277115311438,0.9710904799237188
97.415240625,0.18504742840175198,0.1471844688398789,0.971645090233168
97.417582108,0.1863329572035072,0.14730922306193073,0.9713804722459096
97.420633527,0.1845890199501243,0.1433435306824044,0.9723062922378705
97.421170033,0.18436623368152136,0.1303281744312744,0.974178453276145
97.429528432,0.1917742659981481,0.129913557713748,0.9728027027218974
97.439463469,0.1982318145940126,0.13179432277647393,0.9712540368856419
97.448930712,0.19976881050717266,0.13292488861328333,0.9707849382513595
97.458889162,0.19971076246788208,0.14409214653821462,0.9692022826327366
97.469707484,0.1956281787125227,0.16357478545183554,0.9669399698316372
97.57714578,0.19356050369131997,0.16951338132399713,0.9663330403969782
97.578162511,0.21398011913782453,0.17422580590181072,0.9611752583018495
97.578992694,0.20306314933161354,0.17258378732285445,0.9638361861524117
97.57950134,0.18936562472674784,0.16568356100333498,0.9678272665021909
97.579862175,0.1932922024483135,0.1723128255790112,0.9658915128593157
97.580123142,0.19539803689749552,0.17292332796340196,0.9653585498780579
97.580381799,0.21025959093942095,0.16587638574269692,0.9634707722971815
97.580642078,0.20521715129923912,0.1642220331222916,0.9648404244484194
97.580900321,0.2029559871349254,0.16303852611226513,0.965519190016039
97.581158836,0.201340088181569,0.16197775484407878,0.9660359081456079
97.581441607,0.20220769544319026,0.14284700433145534,0.9688688152980689
97.652846714,0.20208331655625797,0.14658355152076327,0.9683365094806572
97.65379064,0.20014771230791492,0.15177291864647927,0.9679389827997616
97.65410063,0.19627408097887677,0.15511505365687142,0.9682023576014073
97.654369752,0.196748109510223,0.15806983391876617,0.9676280840328307
97.65463042,0.19757478701630488,0.1589700166557585,0.9673121199178316
97.654890446,0.19930603653005727,0.15920941095164695,0.9669175079949216
97.655149564,0.1897110317206584,0.15314196751461082,0.9698233149544495
97.658989857,0.18351678594791954,0.14122687404119824,0.9728188728246883
97.677591674,0.19428314603599373,0.13267251593853274,0.9719321286390817
97.679717343,0.20618505436379142,0.14111145627649552,0.9682847103329305
97.6891417,0.20278140294489233,0.1404854840119008,0.9690941808728619
97.699074507,0.198123094663607,0.14311839259806758,0.9696722977692314
97.709062336,0.19182017192769207,0.13831766377440027,0.9716343167723249
97.720187602,0.19997126651635957,0.14443302750819187,0.9690978243359444
97.729638686,0.20357795835728068,0.14122216359991516,0.968820063468568
97.739788883,0.2007419188350672,0.14456162696371938,0.9689193041899917
97.749710709,0.19876935968296153,0.1539592086376572,0.9678777318064983
97.75936798,0.19834417151436545,0.1609502639618854,0.9668270797598086
97.769285967,0.1977300428798054,0.16887494118621071,0.965600375094223
97.780184461,0.19819816072351243,0.1449060758776831,0.9693914164358728
97.789048142,0.20802308270400702,0.1376914821673446,0.9683839387355005
97.799795163,0.1981901590793825,0.14102482215144801,0.9699652882352242
97.809031303,0.2086234682601564,0.1373298824115432,0.9683061250905807
97.819204704,0.2023340483101701,0.1558317870187544,0.9668388630216307
97.830479688,0.19542922861996564,0.15074984129484365,0.9690623828993594
97.839048176,0.19751919924608716,0.1359494225126569,0.9708264110785509
97.850575631,0.1952740334101876,0.11582176182088741,0.9738857075470522
97.863647029,0.20404392910545482,0.14076213798544795,0.9687889839923727
97.868825744,0.198856091777439,0.15476764161918616,0.9677309708129828
97.880098318,0.19230058809148104,0.15372857769862722,0.96922030943353
97.889845882,0.19016744258694726,0.14687956614698106,0.9707021875057329
97.899075694,0.17734584297080622,0.1479565513825858,0.9729631600856973
97.909067378,0.17525800177931708,0.148755116112227,0.9732196813889242
97.918961343,0.17655025587612141,0.15616686018021836,0.9718240164410058
97.933817993,0.1853321844996437,0.15323099915798996,0.970655573458286
97.939336836,0.17949648621602637,0.13960966622708906,0.9738019062068325
97.949274619,0.18181242525184751,0.12476163956860885,0.9753864748478903
97.95904366,0.17092951341890691,0.13784611833160637,0.9755929218189751
97.975274633,0.1737324213367636,0.1396486128121625,0.9748411720460438
97.978831557,0.17104783860097258,0.1383979469840413,0.9754940518427255
97.989285985,0.16451703079535449,0.13448927102473496,0.9771626182767718
98.003572824,0.16621617238698408,0.12446614500195731,0.9782026184719462
98.009168427,0.17175816931169258,0.12215604848527263,0.9775362044922735
98.019113572,0.1658712428609966,0.13148899581323922,0.9773419947857427
98.0290148,0.16679062197950237,0.10478593032578248,0.9804084848803845
98.040754826,0.17046332533614672,0.10414787056031918,0.979844618178359
98.050848051,0.16396357587275245,0.10754285328398124,0.9805868041609372
98.059204527,0.1650488721157534,0.1286811103192461,0.9778548162484673
98.071258521,0.16320241229905674,0.13025062849222552,0.9779569246123007
98.081266702,0.16087772998110775,0.13147359445005757,0.9781784346214691
98.0889509,0.15057498554417903,0.13102572022656558,0.9798772547454503
98.103375087,0.1506768685991312,0.12665477940505276,0.9804361519869703
98.110577639,0.14690908478501877,0.12801901547249997,0.9808306951177048
98.118948112,0.1465512968241925,0.1325926305394057,0.9802764465832015
98.130165413,0.16555611118813113,0.12001563892457712,0.9788704819646922
98.139327708,0.15404994453987098,0.11836167135016905,0.9809480767820778
98.149523372,0.13285101460106244,0.11511627268888466,0.9844281851316969
98.159414851,0.13065305075105144,0.11046267579876975,0.9852551839928676
98.168998467,0.142532807499484,0.10877605979381494,0.9837947792106072
98.267114885,0.16039738168150378,0.09285105883866389,0.9826756132225206
98.267517823,0.13723829333457052,0.10579668036159506,0.9848719273423733
98.267853092,0.15161293198657114,0.11183785857972424,0.9820925680620626
98.268156341,0.15097390941279945,0.1203230908322583,0.9811876642565316
98.268423653,0.14376577505468993,0.11582792177657412,0.9828098974165066
98.268681132,0.14032537925398283,0.11850821777281934,0.982987583979338
98.268938596,0.1292231153611481,0.11563157161661701,0.9848506110582612
98.269197005,0.12478960022149482,0.11154241291171459,0.9858934251725144
98.269461231,0.13189315443548513,0.10065801087973995,0.9861400309584798
98.270054986,0.1229715718792095,0.11175278372280371,0.9860980214155999
98.280340504,0.13895282210831245,0.11040437957343445,0.9841254931151519
98.289699787,0.1443795375412282,0.10956263664359174,0.9834381413139748
98.29976787,0.14273924018724526,0.11548450779439648,0.982999917482323
98.309021593,0.1448347270896562,0.11259384290537398,0.9830287525645751
98.31938521,0.14494873597027494,0.12323522403999893,0.9817346604334752
98.331319577,0.1434352901944975,0.12967428034715886,0.9811273610206102
98.339471353,0.14071730395147364,0.13327884575585722,0.9810379144776288
98.349791428,0.13045983809126901,0.1329551354681617,0.9824984288017171
98.359047689,0.13843206622146761,0.13348559351133943,0.9813348864513993
98.370587904,0.12364181910585822,0.11340783327423735,0.9858252197627312
98.380716831,0.13148815870941133,0.10381280099273905,0.9858670125677452
98.408990922,0.11286414032529364,0.10834162176638054,0.9876860730118974
98.409255376,0.1204251944972948,0.10159941424096806,0.9875096615001704
98.409468316,0.1246235820181784,0.09980280773981572,0.98717190112574
98.418967356,0.13254088694498856,0.07768340622309235,0.9881286362035128
98.43312702,0.14691826155741206,0.09624732459578074,0.984454913609101
98.439440134,0.13306415668781021,0.09023426019615013,0.9869912403318559
98.450250956,0.11817676614310958,0.09191716055047792,0.9887292286264701
98.4595328,0.12049108176648451,0.08247208839072939,0.9892826966298431
98.470036148,0.12383994052972494,0.07717969704354491,0.9892961960372945
98.479621581,0.12199077138167716,0.07645730307574576,0.9895819988783582
98.489055241,0.1193171132162877,0.07490703703026183,0.9900264452513773
98.500805571,0.11817185588631898,0.07268483635470838,0.9903294032999688
98.508899395,0.11334789187948217,0.07347639779806217,0.990834736155883
98.519846355,0.11190981193027312,0.09432040932226414,0.989231951758035
98.530321678,0.1115210573494908,0.09182620797137372,0.989510485693431
98.538880476,0.10883966976479095,0.08890116870354306,0.9900760114701476
98.549392837,0.10227619947784977,0.08665750212140932,0.9909742965114914
98.559123586,0.0967090476800189,0.08920798278860496,0.9913068626331667
98.569093462,0.09654691079512559,0.09415782265262145,0.9908647730388016
98.580808717,0.09129839811072459,0.09037672141838649,0.9917139964365124
98.589501856,0.09323113029182002,0.08772131103388281,0.9917726190690114
98.62196895,0.09311970580601718,0.08697839131468499,0.991848516576453
98.622385385,0.09601465926630398,0.09444172358640665,0.990889472167307
98.62268884,0.09661217613814825,0.09360545362959537,0.9909107459668853
98.629614709,0.08318172311527432,0.09310603570671748,0.9921754215130273
98.639283349,0.08242550602353482,0.09439849397518844,0.9921164046078366
98.64921779,0.08421216212087745,0.09601286995330054,0.99181139364007
98.659427415,0.08100843045192599,0.09280785216471722,0.9923831602623493
98.669319713,0.08076214110317613,0.09154487550867156,0.9925205349676814
98.759948801,0.08214356327830451,0.09163508835475723,0.9923988339343003
98.760291352,0.08241628324807619,0.09695590364759989,0.991870510199517
98.760600655,0.07488087799785044,0.09457367824279811,0.9926976747700677
98.76087654,0.0772688493687939,0.08755105113680829,0.9931587679530713
98.761137348,0.07580157995205515,0.08850909565399052,0.9931869212103455
98.761454972,0.07726691138944045,0.08597650254939043,0.9932964640094675
98.761715856,0.07339528040092134,0.09205317480136722,0.9930454903094114
98.762085997,0.07602736864276494,0.08750400279326327,0.9932587219412744
98.762355398,0.07274659545975963,0.092779631003785,0.9930256154399117
98.770319888,0.07649099026781275,0.09358055648626575,0.9926690323846968
98.780249271,0.08008086499157048,0.09721929321934736,0.9920360195517763
98.789341477,0.0815586612984199,0.09945312878512531,0.9916941362850035
98.800462735,0.08309162360284365,0.09993541099447571,0.9915183789100476
98.80932439,0.0846504410201651,0.10030930453591907,0.9913487510753277
98.819748372,0.08492158705010211,0.10043927665889468,0.9913124006876591
98.832020438,0.08526796190361575,0.10028960331176337,0.9912978211114825
98.840164981,0.08578327716114649,0.10030286577939726,0.9912520186491094
98.852267832,0.08567255938551276,0.09360712403354719,0.9919162862351358
98.860428947,0.08538320929843703,0.09568251251222666,0.9917431947683064
98.869540458,0.08481991258180135,0.09589183523856437,0.9917713135416831
98.879914215,0.0854889348902046,0.09584935563237652,0.9917179755536333
98.888828534,0.08570025027461457,0.0946208871908209,0.9918177024081041
98.899535848,0.08522624672221132,0.09174456047227496,0.9921287328232128
98.908864978,0.08388501321108763,0.09267728547600537,0.9921563512447898
98.918895686,0.08351243168509691,0.09527689058509171,0.9919415244229262
98.929047074,0.08198476590226189,0.09192046465212732,0.9923855734229959
98.940550831,0.08391675320878245,0.0906899017899464,0.9923373016491048
98.950393105,0.08560611242466251,0.0913546974760072,0.9921320036994086
98.959446123,0.08190567327448016,0.09304262083586128,0.9922875245580025
98.984060747,0.07935610257548253,0.09457770478975808,0.992349568821759
98.984343243,0.08129331865791098,0.09240169298059987,0.9923977647475344
98.98955988,0.0812586334730336,0.09442746359843514,0.9922099014847925
99.001122548,0.0850386711517005,0.08908327590519749,0.9923873207386072
99.008966679,0.09327487645124115,0.09540695685118264,0.991058681414679
99.019608,0.0970727567260039,0.09477209304951172,0.9907548285426767
99.08192334,0.09981541716888474,0.09423830033823373,0.9905332024948797
99.082629673,0.1142545880593501,0.10309570265653342,0.9880876303249342
99.082870178,0.11171720198105234,0.09532936356944793,0.9891570043339777
99.083159704,0.10008871024444345,0.0888099549128524,0.9910070847324861
99.083454475,0.10262669912768142,0.090135241695933,0.9906277801629491
99.083711194,0.10596502915109042,0.08862710078718529,0.9904123634138796
99.089003671,0.11372785795165732,0.09475048722597978,0.9889834778681427
99.098908633,0.11953933364670624,0.0756230996510677,0.9899451977308976
99.136002042,0.11014021176479698,0.10308952676629846,0.9885553516235226
99.136293351,0.11178889634157103,0.098178848430247,0.988870141310599
99.13658527,0.10278691756329134,0.11529909100101832,0.987998466189182
99.139132603,0.11396813643320221,0.09304548797316615,0.9891176881674791
99.149239726,0.11434865945676556,0.09853258805531193,0.9885422161807572
99.159517343,0.11349739627767322,0.11828829563656901,0.9864716012909771
99.168961621,0.11236356359800058,0.12078036021075729,0.9862994140538246
99.180132972,0.11048344161024069,0.12450023438547253,0.9860492385108965
99.189019225,0.11434913150152266,0.11798525609037071,0.9864095272604261
99.218040289,0.11278441411928282,0.11583359192186034,0.9868445951183247
99.218307649,0.11459971673765186,0.10231874141975596,0.988128422867153
99.219506814,0.09784425744427218,0.09055337438829547,0.9910734522082973
99.229934018,0.09604598481117922,0.08946254349944209,0.9913483858423643
99.238901003,0.09873704428255517,0.08846869830275471,0.9911731864346215
99.25062855,0.1038236682039589,0.08957364887348816,0.9905539901227814
99.259127721,0.1071982133294843,0.09108904604558463,0.9900562250445537
99.282974844,0.10727919742268548,0.09130296501393412,0.9900277482878996
99.283252052,0.1027713886454404,0.09021858121595686,0.9906051934445266
99.289285587,0.10148867383156218,0.09337900354745113,0.990444552097893
99.300075072,0.10000542149419046,0.09354944111650369,0.9905793343990975
99.484561223,0.11603953447204281,0.1001759865680384,0.9881799421940479
99.485242421,0.11093724227807852,0.09960877225934968,0.98882304825723
99.485758585,0.10844803815670022,0.09592955290857659,0.9894627551852185
99.486017577,0.10631833988018873,0.09203418467363692,0.9900636946462483
99.486273319,0.10820773547598773,0.07939636580047556,0.99095272494748
99.486527784,0.10671003877449595,0.08140945810420709,0.9909517989064478
99.486782702,0.10145145849699176,0.07694365138721253,0.9918605124109118
99.487037191,0.09897073806899374,0.08717718680669502,0.9912643094082171
99.487290737,0.10128658186202175,0.08730925514885486,0.9910187295404967
99.487548661,0.10681768553287004,0.08722920644809098,0.9904448735794625
99.487803318,0.10953256394726536,0.08706626730835178,0.9901626545836442
99.488053109,0.11054481675555812,0.08669716894290115,0.9900825442283921
99.488301569,0.11066568149153554,0.0870612778645689,0.9900370906368117
99.488549837,0.10877189827528536,0.08452743516854282,0.9904664491286006
99.48905455,0.10730868904229021,0.08431553616157672,0.9906441013895005
99.489373106,0.1061400019476708,0.08370544579461181,0.9908217288346445
99.489813812,0.10454327661685396,0.08385822359257758,0.99097855761369
99.490222707,0.10424900381765702,0.08421718542319186,0.990979117278675
99.4906244,0.10597290279098293,0.08675347842284707,0.9905773961965767
99.499981684,0.10831367654329938,0.08249133707763548,0.9906883096013689
99.508943147,0.11292840693894839,0.08691259673686531,0.9897946127529118
99.519899684,0.11997125186577526,0.08959172262725483,0.9887265658221387
99.530795027,0.11925141564945886,0.0833578410461678,0.9893586661073536
99.538852934,0.11419909613001225,0.07912281360822121,0.9903020482710349
99.551977562,0.10990190597771403,0.07266557335920652,0.9912826466305378
99.558930908,0.10378936592994065,0.07056789447038765,0.9920927072556665
99.56886764,0.10509739320138098,0.06898056019354121,0.9920666410366088
99.586937789,0.10545910849257838,0.0686135500455133,0.992053706805283
99.588847667,0.09634686440403087,0.07240948205515407,0.992710505952272
99.599275077,0.09435835730813215,0.07086825273782076,0.993012684289581
99.684630773,0.10270398214448857,0.06759693075313133,0.9924124883355817
99.684985389,0.10665212596628618,0.06540951318177042,0.9921425903629958
99.685236674,0.10803119892274486,0.06579205723442123,0.9919680767364327
99.685460295,0.10775831846677258,0.06468222351136164,0.9920707408057351
99.685718369,0.1068368978681486,0.06520635040209717,0.9921360839729345
99.685971746,0.10537746386816753,0.06558936360230486,0.992266912423748
99.686225692,0.11147959802520704,0.06869729237210075,0.991389419574811
99.686524878,0.11580484971282287,0.06882571571143872,0.9908845834100956
99.734321255,0.12062179525951486,0.07068298242601927,0.9901789224699417
99.73457408,0.12152543803216,0.07049224953990581,0.9900820221910381
99.734919513,0.12088709889785745,0.06969194661059624,0.9902168156003439
99.735156607,0.12174753775529654,0.07732826642413872,0.9895442770600819
99.735390245,0.11818431529691853,0.07063947003363424,0.9904759123225391
99.73895744,0.11738605101306762,0.06978827415751396,0.9906311684061193
99.750296428,0.1174225814356297,0.06784953101576105,0.9907615144473135
99.759270429,0.12071766332665446,0.06940202143241843,0.9902578478265379
99.769515316,0.12049263502659258,0.06700412015841604,0.9904503888565772
99.781609953,0.12088459297645007,0.06804244147465179,0.9903318339521794
99.789721375,0.11898533927756111,0.059943095288614065,0.9910849178371265
99.804248271,0.11871345519378228,0.060393840635830455,0.9910901571346614
99.809286312,0.11808745292124849,0.0595680192474651,0.9912149133994633
99.820724468,0.1186016446351881,0.05791648987559561,0.9912513960092659
99.831023745,0.11867618792728173,0.05355258526973767,0.9914878128499492
99.841964611,0.11897364941659509,0.053983986658057655,0.991428766946471
99.850353017,0.11862855484478993,0.05413088628893597,0.9914621087691707
99.865640988,0.12082727941236764,0.05059569312616937,0.991383298420388
99.868948466,0.12173440404253104,0.054926976306046704,0.9910417560054091
99.879842714,0.12097847553754078,0.051298121007660055,0.9913287604209293
99.889688262,0.11649043862090233,0.04915579271871524,0.991974639671854
99.899670884,0.11508583542569163,0.04544180212765795,0.9923156217170832
99.914624651,0.11341986640568605,0.04289201494111593,0.9926208787642982
99.918979252,0.10731605825921507,0.04394579401664858,0.9932532561376032
99.929099923,0.10591435455481034,0.04361708161099829,0.9934181897322887
99.939374145,0.10518139139714476,0.04244157613364897,0.9935469729806701
99.949611495,0.10453843593848694,0.04218574566531495,0.9936257234362426
99.959126864,0.10399323614368114,0.04154948560414994,0.9937097398548508
99.97021604,0.10451251100422199,0.04067832657893933,0.9936913045761896
99.979399111,0.1038110350845694,0.040778144518624805,0.9937607417906428
99.988973424,0.1049960799569378,0.042298653404267667,0.9935726682602849
99.999296286,0.10853933769603677,0.04128722088951028,0.9932344021245573
100.008959368,0.10793574424935494,0.041167389265092745,0.993305150079488
100.019969404,0.10793042176963318,0.04135129237822734,0.9932980895357041
100.035502391,0.1070999426458548,0.041008977617380614,0.9934021673219924
100.039277302,0.10675375892729141,0.040506341595134686,0.9934600501507206
100.050697041,0.10701344815837983,0.04042367081843743,0.9934354779002089
100.059529366,0.10707204258823885,0.040182107423589505,0.9934389643752563
100.069640913,0.10738571221182422,0.0398898050989153,0.9934168874455124
100.081199248,0.10878399736986255,0.04020616898689426,0.9932519850932245
100.089180043,0.11023430041346893,0.03852781175827898,0.9931586009965739
100.099441587,0.1107765045445413,0.037867407072954884,0.9931236708096655
100.108838829,0.11099252748228568,0.03716193851013552,0.9931262000215598
100.119214082,0.11224496164961903,0.03717695961818469,0.9929848650698678
100.1300099,0.11293320658114686,0.03721745673154039,0.9929053085595504
100.13895301,0.11389763353678872,0.03754220303475138,0.9927829128596124
100.149526655,0.11322210444254256,0.035531763739641654,0.9929341613778591
100.159047292,0.11118981680734498,0.030956885042885476,0.9933169161485125
100.169250949,0.11139628240820879,0.033169483129840784,0.9932223586158992
100.180101891,0.11230701384916554,0.03745118606794824,0.9929675439320197
100.191153544,0.1108914968709963,0.038772727673080896,0.9930759042039531
100.199393492,0.10875083336138851,0.0365855942277512,0.9933955659948387
100.209172729,0.10649509102529932,0.036403328250510084,0.9936466138823192
100.219420273,0.10455205302659519,0.038401315700334344,0.9937777453537623
100.229677554,0.10124133714388601,0.03662943058324148,0.9941873447537268
100.238935115,0.09791902177382192,0.03431323839605548,0.9946026678255158
100.249856761,0.0975325675361712,0.03349402065882005,0.9946685623110387
100.259141175,0.09780085640158917,0.03310680101969597,0.994655182569999
100.270159928,0.0981260360898025,0.03345040986051984,0.9946116584483946
100.282411432,0.09707700329556425,0.03215458531270944,0.9947573262230949
100.28951314,0.09885601489451284,0.03488866441767508,0.9944899544059391
100.300773451,0.10383824366904654,0.03348615470875432,0.994030329816223
100.308975679,0.10682643431398159,0.031116562189109583,0.9937906582823628
100.319313824,0.1046938611530805,0.03794720213338142,0.9937802600611003
100.36147372,0.09604969219686041,0.0313229242010513,0.994883576630142
100.361790554,0.09396514712395665,0.03284491980458375,0.9950335483635734
100.362106932,0.09692155590167181,0.03219152440517802,0.9947712891705661
100.362381998,0.09735540572909906,0.03139584505237761,0.9947543545462718
100.36967555,0.0973663931699254,0.032289702550100496,0.9947246657192662
100.380605511,0.10174545488188971,0.0291412055560483,0.9943835540422103
100.388949094,0.09989942651161632,0.02952846597049945,0.9945592864581174
100.461350521,0.0990532093142699,0.031833124584318806,0.994572829864029
100.461602568,0.09974375803146107,0.03327599358600922,0.9944565807437876
100.461837627,0.10581200870350543,0.029573746199584038,0.9939462824266972
100.462113244,0.09653439815655045,0.026808234306869058,0.9949685565614125
100.462369415,0.09929155370257381,0.023027852679583866,0.9947918904797608
100.462675382,0.11155958035933497,0.03450432911528086,0.9931585529523238
100.462945941,0.11325533501417616,0.03268788674322866,0.9930280616131091
100.469842507,0.11263514955700674,0.03397248620826338,0.9930554834776857
100.479783764,0.11882266508426093,0.04096538013434386,0.9920700640039102
100.490119609,0.11839854815722342,0.04126220852977851,0.9921084688387187
100.499854111,0.11322375353067578,0.0387324615691245,0.992814271682887
100.508895518,0.11033335379725538,0.035072605680691066,0.993275623062711
100.519809845,0.10865730364391123,0.034871029311018736,0.9934674638253761
100.598640485,0.10271984051325668,0.034429991211500845,0.9941142842098726
100.599714979,0.10337508876597512,0.030041796084363085,0.9941886548893286
100.601531349,0.10177509855981008,0.030542004186959244,0.9943384812494107
100.601876489,0.10693836767099457,0.03765131486029414,0.9935524968561823
100.603655182,0.1140947262924475,0.036831959846072036,0.9927868855732075
100.603988927,0.11707817160228122,0.02020897131508185,0.9929170656266579
100.604256666,0.11536663875671696,0.018097453490509098,0.9931581046536024
100.605128817,0.11532609555669812,0.019326049999791702,0.993139665643787
100.609466265,0.11617684337757522,0.027575195320221773,0.992845682704958
100.618751841,0.11858746952265783,0.03596540644808576,0.9922920445167525
100.633165803,0.11758763321206013,0.03646385906573212,0.9923928332558739
100.663788555,0.09994146522291836,0.029344246713662307,0.9945605153603797
100.664119234,0.09292310109387725,0.029773218236301267,0.9952280405811277
100.664466864,0.09081064215078177,0.03162961729464812,0.9953657591970686
100.66881883,0.09185588151211092,0.03332650286701223,0.9952144699703116
100.67998801,0.09291054446870814,0.033702754623972264,0.9951038915898605
100.68979602,0.09736914595595432,0.03429177916694054,0.9946573899073863
100.699400852,0.0998627812084912,0.03369965466374399,0.9944303687060495
100.709209881,0.0989738146950841,0.032999091669770005,0.9945427310848304
100.719078788,0.09931728713784277,0.03458868138479921,0.9944544733649903
100.729764845,0.09770144384140768,0.03738733140160318,0.9945132554782622
100.739061968,0.10017670929507819,0.03677548524231678,0.9942897920626571
100.750216422,0.09932551213420011,0.03196634495873596,0.994541399555221
100.759077124,0.09269763417890092,0.028198885024414293,0.995294916846768
100.769270604,0.08437073748892104,0.028242505909443525,0.9960341055985638
100.78019712,0.08554858868911192,0.026492681335383118,0.9959817150977036
100.788908786,0.0979016764454205,0.03129242033298754,0.9947039992776142
100.800031845,0.10782257159394733,0.03524535116480948,0.9935451968965163
100.80905586,0.1077456552964525,0.0358460340607701,0.9935320506188274
100.818840504,0.10253949411291742,0.03374803841428407,0.9941562865315771
100.830458893,0.09716419837344938,0.03322308003276734,0.9947137002713802
100.839060348,0.09485448826450438,0.03374898003276751,0.9949189074506659
100.853382546,0.09463543700694425,0.03400727543971187,0.994930972118002
100.859102262,0.10093373574188301,0.03750623118341352,0.9941859301014092
100.869108698,0.10169960445330639,0.035580137910900915,0.9941786782265462
100.88083736,0.09599301002622458,0.03476404945658935,0.9947747498260523
100.889010375,0.09522944657304676,0.03405874523574661,0.9948725317237167
100.899390094,0.0934306560225014,0.02967216829733883,0.9951835383203138
100.909018094,0.09259837510314292,0.039489581304004095,0.9949201545333636
100.918818635,0.09583055873593865,0.02615401631518449,0.9950540042846633
100.929285606,0.08254547319299403,0.023402309215085314,0.9963124895226126
100.939608995,0.07849597432056729,0.020344846255368372,0.9967068120798164
100.949439049,0.09426929998274923,0.02084399287110405,0.9953285020745422
100.95907892,0.09154951388188753,0.023504098553014077,0.9955231006155509
100.969657232,0.09523986906016269,0.024556163119752245,0.9951514267659166
100.980300709,0.10099669196404953,0.023443305042254215,0.9946105165646574
100.989189533,0.10546641732128226,0.03344612651451469,0.9938602474385361
101.001995139,0.10975987766900326,0.023289804166235183,0.9936852390349692
101.010706306,0.11387789574367822,0.005585496273285034,0.9934790521658587
101.019296869,0.11413774530207622,0.010491273781975573,0.9934095370348475
101.02954872,0.11543365886729569,0.01692104011514398,0.9931710571708835
101.038848922,0.11495888436315403,0.022093734540062904,0.9931245248205547
101.050509278,0.10332160340350974,0.009196720290447474,0.9946054828956188
101.060186933,0.10107117717568803,0.004916979999683419,0.9948670466208052
101.069046585,0.08698499994084119,0.011505201208062138,0.9961431825447856
101.081023674,0.09326668450678856,0.015009885695224127,0.9955280151218887
101.08912705,0.0880111508488909,0.023419712882955336,0.9958441416078792
101.099570338,0.09544666799689956,0.02192115610402371,0.9951931453156982
101.11080683,0.09259297514525905,0.007565512458355372,0.995675300474503
101.119006836,0.09550209996344719,-0.00507129424628228,0.9954163103331386
101.268996875,0.09426348166730943,0.014680898337681296,0.9954390324113053
101.269520739,0.08451695587844651,0.01539273464051492,0.9963031405598034
101.26985366,0.07358187937660338,0.018061461810743303,0.9971256142656582
101.27010974,0.0708789136904883,0.011929315980027791,0.9974135907507502
101.270398745,0.07646433462639689,0.00909634374787184,0.9970308230243252
101.270678641,0.06842755301508296,0.013169234529436758,0.9975691661485316
101.270933155,0.054224132267304805,0.004427980429153165,0.9985189715118972
101.271187014,0.03864785325943153,0.006221579800193555,0.9992335239488452
101.271440361,0.028853788218958246,0.0005315223168822184,0.9995835014592038
101.271694315,0.027130210923262336,0.0012377192689456175,0.9996311418249587
101.271940852,0.030251263538529787,0.0004566590820955195,0.9995422214778149
101.272194524,0.0343928724536947,0.004966328149651806,0.9993960505770942
101.272494009,0.03547024600616214,0.0014239210720659711,0.9993697184210871
101.272758768,0.023204882194985007,-0.0025917575722074673,0.9997273709542036
101.273016182,0.025766166472341485,0.0048473560209513905,0.9996562448186505
101.284968585,0.025506659586757238,0.004549338356920102,0.9996643005715666
101.289129218,0.020177251516790177,-0.001475723489679104,0.9997953294356852
101.300183564,0.021811201159383002,0.002682772140636936,0.9997585079596105
101.309967841,0.023091708328556785,0.006628077977281189,0.9997113791433986
101.319898362,0.020842722378278916,0.002789343319627237,0.9997788757958967
101.330869988,0.0031055034997620663,-0.01189934400728274,0.9999243778707514
101.33955455,0.0016220359695433392,-0.003886363973350054,0.9999911325478743
101.349625012,0.011506082340889864,-0.0034858239443300984,0.9999277269385993
101.359249526,0.00841948600560902,0.00202068382302559,0.9999625138435385
101.369555816,0.009549558956221917,0.0006297507294859326,0.9999542036202261
101.380853684,0.015615127669232122,-0.0018121318786724556,0.9998764343487289
101.389320528,0.01266478391539917,0.0001626886867790101,0.9999197851731746
101.399859835,0.004047678205908771,-0.003874681696407234,0.9999843014482241
101.442303272,0.008473119480356431,-0.0023533401881179836,0.9999613332705575
101.442540622,0.009346657141929672,0.010287190828031659,0.9999034021870008
101.443173387,-0.0004962999943189621,0.0007549208034117957,0.9999995918903648
101.443435966,0.009622707874800664,-0.012571872874803906,0.9998746678987203
101.449216049,0.01325029351799731,-0.010369985553284371,0.9998584365405493
101.458908293,0.01870154282930065,-0.006880380376610219,0.99980143661713
101.469898805,0.010763718164060455,-0.0029288819706057797,0.9999377800751841
101.479759382,-0.0008820576100026495,-0.0029248280881526405,0.9999953336666264
101.489001756,0.00010785030498852512,-0.006696565069933879,0.999977571940779
101.501426316,0.006674645784088058,-0.006931163272570012,0.9999537029679655
101.509057048,0.009503845119620312,-0.019716089629546133,0.9997604476761731
101.520263423,0.011275434278137951,-0.023217645623761645,0.9996668472613908
101.530018296,0.01085869038108694,-0.024633926301948283,0.9996375635789994
101.53915439,0.015122205283846052,-0.030656457804580192,0.9994155794774411
101.549484416,0.014247217436599888,-0.028439653378291786,0.9994939734240706
101.559014895,0.012310784628369858,-0.027748750182399032,0.9995391195171647
101.569645814,0.010650719869791755,-0.025175686360299415,0.9996263036667968
101.580530808,0.010726164773932099,-0.025564660092304438,0.9996156248996948
101.589116359,0.011318034131324567,-0.026017267746300598,0.9995974209062465
101.601878752,0.011502837822609942,-0.024847723248140316,0.9996250673984775
101.608668226,0.0119770811684427,-0.02494878068799985,0.9996169805824962
101.618900749,0.011818275881812884,-0.030301850416514217,0.9994709231471003
101.630089648,0.013202773439147475,-0.02499477917308653,0.9996003940513446
101.63891217,0.011981581042735298,-0.030093567173299262,0.9994752717954068
101.64928559,0.019620759518876593,-0.02816153013002494,0.9994108034320213
101.659085095,0.024062156049950805,-0.021162509250105953,0.9994864485566911
101.668932528,0.025021111384960056,-0.017602878727790774,0.9995319317788484
101.679854825,0.025492749977536457,-0.01643264862545921,0.9995399380503688
101.690944398,0.024753501803957058,-0.021072890671754343,0.9994714590358136
101.698892466,0.026139696065583456,-0.012845076021385978,0.9995757701703278
101.709018676,0.026142695930146176,-0.012414763924825075,0.9995811288165632
101.720946857,0.028007433040927652,-0.011156002194719843,0.9995454603515986
101.735000133,0.027591562757476217,-0.011208213511082254,0.9995564424355888
101.739065542,0.02842249258950521,-0.014041593982399209,0.9994973714589915
101.751853731,0.026897243931127232,-0.020416179698304865,0.9994296963145712
101.758892905,0.027713206546208746,-0.02025981261169704,0.9994105853831378
101.769557448,0.03269698904833688,-0.0186176541686268,0.9992918942233198
101.78037334,0.029830470466793994,-0.031402822955539395,0.999061562538642
101.844569064,0.028794967883504108,-0.03324387822322367,0.99903237904748
101.844966448,0.02677923785283329,-0.03619896599740609,0.998985739277964
101.845417073,0.02885299031909362,-0.03284522050634783,0.9990438911476992
101.845755562,0.028333221302978554,-0.03896004679125321,0.9988389976991388
101.846084313,0.029916242436557793,-0.04064480438312508,0.9987256972337974
101.846383913,0.03099732289809099,-0.04280537355315315,0.9986024564200344
101.849699733,0.029718319440728787,-0.04222868793837517,0.998665889777268
101.859390755,0.03621663786373213,-0.04732905097328608,0.9982225784241786
101.869621099,0.03968038289124815,-0.044080904650006615,0.9982396210624185
101.883932057,0.037950251827596336,-0.03456920006159065,0.9986815051823698
101.88973995,0.04150052849652235,-0.032576671232878475,0.998607263455406
101.899453638,0.018551684840900876,-0.031442142773446397,0.9993333911400031
101.908911392,0.031096113492023465,-0.03850310547975465,0.9987745203969244
101.919278893,0.03507077199457239,-0.04507961501097862,0.9983676022699088
101.929991675,0.0358812272354713,-0.03140043900315554,0.9988626281739075
101.939682671,0.03501471773775669,-0.0325721503169416,0.9988558577519961
101.949258264,0.03709264967414975,-0.036498699144973994,0.9986450722358147
101.958923426,0.03820503823129437,-0.04665651029450267,0.9981801165625792
101.970432233,0.03914849797196927,-0.055720697481863,0.9976786050520846
101.979290138,0.041480828463338885,-0.0663231187236263,0.9969355971138593
101.989018614,0.04496641822535722,-0.062594167108023,0.9970255721274331
102.000102335,0.046626798575731515,-0.05907208867837323,0.9971641940993232
102.008817709,0.03983815283140414,-0.06919849400977562,0.996807147850456
102.020480485,0.04553517200746656,-0.06601624117237141,0.9967790146324922
102.029270412,0.045289405259089144,-0.07214510017074138,0.9963653718855506
102.038982976,0.04545979196162956,-0.06673538184445892,0.9967345665345813
102.049423984,0.04605909310401939,-0.06261081576676898,0.9969746464637178
102.05915056,0.04331977957691325,-0.060269213985662796,0.9972417051763118
102.068935603,0.04059787391069474,-0.06794498774443239,0.9968627243880376
102.081798784,0.024369968581845737,-0.06154713738203713,0.9978066218017378
102.088810881,0.035433516068092336,-0.05909327573519968,0.9976234012401354
102.099745152,0.04223568326478146,-0.06086700960996775,0.9972519010763014
102.11083588,0.0444208137723348,-0.06387856272863054,0.9969685654660974
102.118881459,0.04559377469724986,-0.07269773170788686,0.996311320578756
102.130209829,0.04701408099386363,-0.06561297507252556,0.9967369832059181
102.140463058,0.048010739413348213,-0.061255395071807384,0.9969667725032667
102.152534352,0.04108626009299719,-0.05876817205176476,0.9974257973329468
102.159614697,0.036683541404247566,-0.06993698698011198,0.9968766902893188
102.169037386,0.04073249080690872,-0.07325796679594873,0.9964808751268582
102.179933293,0.04324972174525725,-0.07037292918044684,0.9965827172932119
102.188970029,0.04277024676883452,-0.06949817887750778,0.9966647927583491
102.199986606,0.03908119816673995,-0.0750666056844453,0.9964123968823693
102.209040303,0.03627954537357109,-0.10302129865201706,0.9940173069979915
102.219802925,0.040205876112362565,-0.09733418513297654,0.9944393113360598
102.236981116,0.0474457741713903,-0.0694793807291604,0.9964544716979146
102.23939041,0.0399226849163454,-0.08169135392379226,0.9958577719349124
102.250950388,0.04901277748136469,-0.0853898467369165,0.9951413576561916
102.258944072,0.05221469293590643,-0.08584095609809206,0.994939674602322
102.269518878,0.0551669197988681,-0.09356113951916406,0.9940839623149449
102.280019686,0.062348959823310776,-0.11903146548264336,0.9909309347447003
102.289072369,0.06307371546563932,-0.12027203068962523,0.9907352547735209
102.384063148,0.06348525243925246,-0.10213952965690329,0.9927422320039533
102.384308861,0.06304604971281197,-0.10360588466451058,0.9926182631195609
102.38473403,0.06340407822505516,-0.10421146379675053,0.9925320617883181
102.384999015,0.06525054542886112,-0.12091510526167328,0.990515978488381
102.385259569,0.06403280718119385,-0.119105105641948,0.9908147018562636
102.388730201,0.06688494549476104,-0.12273367950634213,0.9901832395981046
102.388991536,0.06689649793063844,-0.12347047650268035,0.9900908544152992
102.389277362,0.06877567796255893,-0.12474444370819289,0.9898023691044208
102.389532931,0.06607808100127635,-0.11222362601026806,0.991483507163027
102.38977346,0.06774180260807369,-0.11193247746655663,0.9914041399286205
102.400658516,0.07051522097008228,-0.11200281866482883,0.9912027906652978
102.40910517,0.06926758397446059,-0.11341309323268609,0.9911304011550324
102.419218511,0.0843022787143211,-0.10325205325442904,0.9910762530210869
102.430356726,0.07755837277863815,-0.11538419085652026,0.990288436422599
102.439650858,0.08318796392505856,-0.10998405140366328,0.9904459960516977
102.449243301,0.08563973181926102,-0.11018735512801342,0.990214412692432
102.459034561,0.08180981965861686,-0.11659191480332373,0.9898047680274729
102.470252749,0.07099412481650763,-0.11289216119379868,0.9910677041365699
102.4802201,0.07182594778393678,-0.1205503924065343,0.9901053661684548
102.489426608,0.07215684539604353,-0.12436877707758162,0.9896089111112117
102.499630249,0.07737390182049816,-0.13323144850239332,0.9880600490086755
102.509030768,0.08176323008863039,-0.11755014109815841,0.9896952755940976
102.519674012,0.08343979399783506,-0.12263525592692012,0.9889380136193257
102.53031408,0.08449827222225331,-0.12358475155402893,0.9887299182156788
102.53925687,0.08381178296027128,-0.12891334121038797,0.9881077550019505
102.553067129,0.08416511574802074,-0.120354857574298,0.9891566820020945
102.558951803,0.08464358121592676,-0.12044978918512025,0.9891042980617377
102.569017935,0.08468169034453195,-0.1216820893282758,0.9889501910900763
102.580974787,0.08367291213923776,-0.12512765005178256,0.9886060463939405
102.589171468,0.0841843995295208,-0.12508198939521234,0.9885684006707832
102.601715038,0.08257158497570906,-0.1255829827022408,0.9886409094358821
102.61063755,0.08707509865921205,-0.12831038509612283,0.9879040298885177
102.618925782,0.08806002606301339,-0.1289688884565263,0.9877309641901835
102.629509389,0.08171624064431311,-0.13626572919917113,0.9872963623253045
102.640711164,0.08617552682354734,-0.1401413416031804,0.9863742610948164
102.650551598,0.07641795239866399,-0.1339979308413377,0.9880307946017856
102.659056618,0.08017172344581626,-0.14161474095835605,0.9866700359811408
102.670281535,0.07913711935987452,-0.14175635886287893,0.9867332218291628
102.680314407,0.06597814710886732,-0.12743501766291934,0.9896500393458953
102.68918426,0.07081147790641529,-0.1274901486420279,0.9893088479316977
102.699019565,0.07048553723011768,-0.12776963266848212,0.9892960679236237
102.70899691,0.06754248205711266,-0.13101367698517222,0.9890770594652317
102.721843956,0.07528674672553025,-0.13133093034958668,0.988475640823282
102.730260169,0.07456166560674046,-0.13141196088255416,0.9885198301293459
102.739721383,0.07545222527430291,-0.1336184750597148,0.9881563969452772
102.752788791,0.07487748632759958,-0.13323471953440427,0.9882519271682948
102.758988663,0.07339173450707666,-0.133623424461984,0.9883108993333501
102.77112967,0.07356633569041662,-0.13393084416796325,0.9882563044238787
102.779683744,0.07360491636556281,-0.13491670328715974,0.9881193245053671
102.78890086,0.07251531021005014,-0.1346067562387643,0.9882421519850377
102.803353026,0.07146605509144786,-0.13383892770128694,0.9884228570816419
102.808787814,0.07066510748775467,-0.13458502977770326,0.988379133907368
102.818973522,0.07207280908771566,-0.13671330579898155,0.9879853147733118
102.832102151,0.07131090115940908,-0.13750377485503426,0.9879309020758734
102.839285589,0.07566579854251265,-0.14370668932697903,0.986723403175177
102.849735254,0.07236102832747059,-0.14472284389297238,0.986822770326527
102.858831699,0.07102502129202899,-0.15103489059245853,0.9859735839129724
102.869194873,0.07391447079585546,-0.14596427439027487,0.9865247496179147
102.880586736,0.07563685057452614,-0.1608987608334008,0.9840684201809563
102.890890509,0.0775761267269819,-0.1553339114100496,0.9848113121446636
102.899793783,0.0740869325196531,-0.14344477253133914,0.9868813118421388
102.909678882,0.07488388491489996,-0.14695697029925647,0.9863042394010662
102.91939077,0.06565622842799994,-0.14174333376337106,0.9877236896026418
102.930028203,0.064945884735052,-0.13747522148902658,0.9883737124855784
102.940164672,0.06756970818344364,-0.1279032737807025,0.9894822318223723
102.950848994,0.06408398479132593,-0.133056112159377,0.9890345362576053
102.959470017,0.06442372479331908,-0.13101940133574339,0.9892843373658445
102.96949599,0.04863501863867752,-0.12619060123098239,0.9908130838472908
102.979928393,0.04513602237056119,-0.12531784020508568,0.9910893897176465
102.989187224,0.05877910837085914,-0.12225997462718861,0.9907560320398185
103.004430366,0.07360842145311597,-0.131137579337794,0.9886277032212906
103.009045834,0.07300680831198128,-0.137100403848723,0.9878630903139437
103.019339892,0.07065674449866646,-0.1282872589327513,0.9892168638131741
103.02982643,0.06998996348162494,-0.12482958501815365,0.9897065119094833
103.039434832,0.06127458831024915,-0.14005238161241,0.9882463029185091
103.11758329,0.05740964880457299,-0.13630875998181083,0.9890015440717758
103.118383014,0.05908212049234672,-0.15069357239296238,0.9868134323556682
103.118627669,0.054827370852386405,-0.1348602630153762,0.9893465868262944
103.118938516,0.06422725489695076,-0.14264814312684237,0.9876873832295653
103.119403311,0.06098237917497206,-0.13632431224153072,0.9887855335319351
103.119702975,0.058113474447196,-0.1388542001670771,0.9886062589239643
103.11997162,0.06213789560181847,-0.1345177076972653,0.9889610044112209
103.12029482,0.06028399876433982,-0.14473152964521724,0.9876328385688361
103.129717002,0.06398522624612904,-0.14775263675270914,0.9869524047059482
103.139266788,0.06186044283421657,-0.13605741471372973,0.9887677510486328
103.152145609,0.059794759330320774,-0.14434912615716708,0.987718541151421
103.161129349,0.05909934998264317,-0.14771228161178404,0.9872630595199388
103.169097096,0.04493781406665953,-0.13782706271536874,0.9894363514901625
103.185520991,0.052101381852141845,-0.14137868916613783,0.9885835889082732
103.211394046,0.05834546521905459,-0.13967395123169152,0.9884771085036311
103.212771916,0.05890541008734922,-0.15208902153397225,0.9866098936212225
103.213887581,0.05538303642404835,-0.12317260357095641,0.9908386493299526
103.219361398,0.051220687646128714,-0.12968807090322612,0.9902310060902243
103.230442583,0.055030274477446725,-0.13775193462078197,0.9889368399443762
103.23903183,0.053770965845227635,-0.14583504286978163,0.9878465586837059
103.254956378,0.04727605129394613,-0.13798572219620098,0.9893052690873758
103.258896148,0.058791787432497404,-0.1397612918302686,0.9884383172643737
103.269439361,0.058431344196230944,-0.14367742126869373,0.9878980598386659
103.285676917,0.055697609308007066,-0.14586803164180073,0.9877349308707875
103.288810622,0.05788351874011492,-0.13235638265111682,0.9895106296699263
103.299649121,0.060779172007300125,-0.12771788453796273,0.9899464804822808
103.309004331,0.05670306479352415,-0.1238686629511046,0.9906772011012098
103.319074779,0.060601767186174105,-0.1234931804536722,0.9904932408630306
103.330331627,0.04763841998357124,-0.11374328583865038,0.9923673946014631
103.338946275,0.0511955608746777,-0.11290422293411682,0.9922860731615508
103.349292958,0.06288878442203027,-0.1308603169107462,0.9894041531406359
103.445681829,0.06427658379490746,-0.12243246965512768,0.9903932608564149
103.445928403,0.06127555075709552,-0.10842488478823648,0.9922143675829697
103.446251684,0.05870250632630114,-0.1145935998970049,0.9916765211568013
103.446582091,0.05306305393782355,-0.10446612599133717,0.9931118470883094
103.446838017,0.05189740040176906,-0.10040614426254223,0.9935921024373473
103.447102945,0.04365023939603426,-0.09829659331884176,0.9941993946601352
103.447505988,0.06414656629625719,-0.12499992699465994,0.990080924108595
103.44792449,0.07694538050190032,-0.12636538665444214,0.9889950442115931
103.448251352,0.07853589852891811,-0.09491027759261608,0.9923830670913064
103.451429472,0.0790503413612251,-0.09146089442468097,0.9926660809767358
103.459539018,0.07524979265653968,-0.09063915802256756,0.9930367625310293
103.469579758,0.06901512975821311,-0.07843170271716578,0.9945277169960338
103.479572711,0.07308075958269128,-0.07665608890763737,0.9943757069700573
103.489360477,0.07869606262114294,-0.08318520523777867,0.9934219402436599
103.500244624,0.08049767184506802,-0.0765531514095893,0.9938107163020452
103.509125716,0.09139892318698421,-0.07664539964147375,0.9928603726375924
103.520494703,0.09104427406545465,-0.07316428064721336,0.9931555407876805
103.53561643,0.0928037840923545,-0.0713577468464356,0.9931241259898682
103.538933146,0.07866040355714289,-0.05455160189592023,0.9954077876141098
103.552658523,0.0761046289700137,-0.048459304764853564,0.9959215738355323
103.558892942,0.10499667486046915,-0.05871032849495039,0.9927380296917511
103.570636464,0.09653098364644296,-0.058991660143265026,0.9935802701492173
103.580460454,0.08154900465939752,-0.04626354393447083,0.9955950202475327
103.589153971,0.08606463820716136,-0.04671318307687153,0.9951938286470114
103.601493758,0.09916650949945453,-0.03457324837991733,0.9944700568092311
103.60991272,0.11221334518326073,-0.057283646659133554,0.9920316270100535
103.618998206,0.10909020707861114,-0.04617041752954226,0.992959021946371
103.635654204,0.11764286418694259,-0.04971400408322854,0.9918108057003138
103.639891405,0.11435950367070946,-0.04906224765340884,0.9922271916125786
103.652012959,0.1134487855527625,-0.027786165183757486,0.9931552255720071
103.659139515,0.12051412246169062,-0.02160515333123567,0.9924764801428911
103.669579958,0.112327301756841,-0.019377361626228808,0.9934823074098673
103.679847689,0.09350197495139849,-0.028038309770324104,0.9952242128613088
103.689476066,0.10717677218635978,-0.03127723547652791,0.9937478925988519
103.699142325,0.11397295537162946,-0.03495092195010931,0.9928688727615012
103.709110758,0.11200466005547716,-0.032891216827352715,0.9931631910121687
103.720662441,0.1012899712132989,-0.02874589821227278,0.9944415594028533
103.729660478,0.10635988447797094,-0.025179497489781266,0.9940088369224868
103.739666906,0.09471974175704002,-0.008242666481494739,0.9954698533711379
103.749875908,0.09474848173424526,-0.004727497244306685,0.9954900180207035
103.855261003,0.09714266018058199,-0.002250343272126321,0.9952679234900508
103.855820235,0.10036825832509656,0.0012148285335456287,0.9949496152632157
103.859574119,0.10309215289076046,0.004262282168745999,0.9946626769729838
103.861843324,0.1076996810473715,0.006062319394961398,0.9941649898210296
103.863083736,0.10930125851723131,0.008796901320666068,0.993969742705332
103.863629823,0.11147643232931706,0.01176005340817089,0.9936974922877507
103.864179987,0.1257910561275796,0.0005908902079045831,0.992056581575401
103.864786005,0.12654912685724828,0.0026269806694771626,0.9919568627033286
103.865329231,0.13097220692758876,0.0010324380662466999,0.9913855027607354
103.865931708,0.1308816784454775,0.0034619161172132745,0.991391951442058
103.866490165,0.12286855634532012,0.014797477389320786,0.9923126284213708
103.869187226,0.12064676224482512,0.020432804904141746,0.9924851934631518
103.881256866,0.1207040021458265,0.025105797326761825,0.992371020741017
103.890796263,0.12250854465396802,0.02695600349053183,0.9921013206132655
103.899133882,0.12361948506244888,0.029265840506265225,0.9918980459161904
103.909609959,0.12633421068449122,0.031041489235148212,0.991501938049942
103.919148168,0.1273968790352554,0.0349877851994216,0.9912345283024173
103.929484065,0.13501077718057625,0.03209692281923805,0.990324127541399
103.939231041,0.1367138815370377,0.03536043384912602,0.9899792696380457
103.949341091,0.1379642458254702,0.038650514296392574,0.989682779792815
103.959241248,0.13946473106878038,0.052019089297839834,0.9888597489717823
103.971428835,0.14538411203319004,0.06518112868674253,0.9872258507714653
103.980155556,0.137831063496531,0.05727883166132862,0.9887981256954974
103.989015372,0.13982892702493047,0.059807922010571696,0.9883677876336491
104.002124052,0.14829705676878682,0.0592203039008894,0.9871681409768052
104.008685544,0.15242278492143377,0.07345239296022904,0.9855820821246754
104.019669126,0.16104878950261078,0.07509913603042763,0.9840850609409875
104.029295012,0.16439546506507063,0.06191211509761203,0.9844496031134247
104.039208783,0.17031010702675498,0.06028700105332739,0.9835445820848852
104.053426721,0.17318971610719353,0.061523519784588344,0.9829649936533981
104.058711162,0.1746355981207851,0.06369268623949223,0.9825709387054928
104.069265075,0.1627940329343415,0.07244634257631748,0.9839967633525465
104.082428876,0.15967358604605633,0.05947235972992382,0.9853767727866063
104.089181256,0.1666104401699139,0.07176812204760119,0.9834074933028263
104.09945177,0.16681134512274817,0.07539985893313847,0.9831016409360744
104.110621226,0.17670030202425094,0.0732731166261158,0.981533521406393
104.121728414,0.17990677382039258,0.07385471718373694,0.9809072501940478
104.268526277,0.1826079135161773,0.06713354449712305,0.9808911443807214
104.269751165,0.18116829104449814,0.06330863571091212,0.9814122818491927
104.270167863,0.17229754892252608,0.06575092563876896,0.9828480912190525
104.270565265,0.18490701719270908,0.09306851803604102,0.9783392284598784
104.270966225,0.1892628104052566,0.09383832296627154,0.9774323289826164
104.271363851,0.18264959266270048,0.09836747259819907,0.9782448398201712
104.27175959,0.18394915716036359,0.1013233274513867,0.9776994890528331
104.272156105,0.18434127619723598,0.10389534172750543,0.9773556424645532
104.272585309,0.18732766253426014,0.10726172048419097,0.9764237144642799
104.273013198,0.18675513625639392,0.1078844245592464,0.9764647817609071
104.273445426,0.18575329579006905,0.10919268247271571,0.9765104562663627
104.273874143,0.188591767536577,0.112780286298973,0.9755581747080753
104.274304375,0.21221331588667117,0.10436670760971178,0.9716342413187654
104.274733279,0.19459194505734148,0.117667976396772,0.9738009150999445
104.275120929,0.19421861285473008,0.12227316023567299,0.9733079701239306
104.280220224,0.19144862118367148,0.1256692757633382,0.973424192516289
104.289063449,0.19530466938269436,0.12822167538754523,0.9723246824379846
104.300561919,0.17709082223435574,0.12747589184819713,0.9759040617180905
104.309265819,0.18084108009008995,0.1311230765951529,0.9747323953455489
104.31909421,0.17613351330694194,0.12716798823035494,0.9761174561801453
104.330740641,0.20478486808187085,0.12200245024318206,0.971173805216837
104.33923121,0.18763136074097272,0.13093705529260039,0.9734731429360513
104.349052872,0.1883142783571214,0.13057045518619773,0.9733905119731269
104.358741239,0.1866114735394266,0.13245864488791034,0.9734633353844934
104.369094993,0.1869674188047317,0.1317808790233879,0.9734870231437701
104.381081309,0.18593685291612977,0.13231519353074142,0.9736119228360796
104.389623103,0.18797334200701182,0.1324345309513433,0.9732045610797417
104.39924498,0.18356968365611087,0.1326368067619292,0.9740172733244489
104.409291432,0.18532317451333258,0.1332372412068328,0.9736031833061627
104.419234319,0.20020056284382348,0.11962079864777929,0.9724251123700394
104.430403261,0.1762615817201741,0.12684851748264764,0.9761359067373543
104.439421819,0.18650141697776462,0.10606931453958873,0.9767120977946305
104.449041657,0.18736461925894318,0.10958346327934403,0.9761587801303925
104.459019601,0.191664439102808,0.10853999561893225,0.9754403170540206
104.496418374,0.17405552747693454,0.12434482823848467,0.9768536415682074
104.496681789,0.1720444094342533,0.12434978647310545,0.9772092159750194
104.497012386,0.17137671503785426,0.1243041563420754,0.9773323376717458
104.499556403,0.17127320236589655,0.1232572645385903,0.9774830622009747
104.509138993,0.17042475787878392,0.1234789531060975,0.9776033705147401
104.53082447,0.17233577271040648,0.1233539929479701,0.9772840804331663
104.5313378,0.17264060913539128,0.12267044466799162,0.9773163162877812
104.539179141,0.1708847213744728,0.12256562546215824,0.9776380104393645
104.550960499,0.171814901229168,0.12288008098400272,0.9774354840156848
104.559324876,0.17357190289273605,0.12375338561170059,0.9770147870302868
104.56944527,0.17230523092269165,0.12310797840784128,0.9773204863549175
104.580910957,0.16981738740933028,0.12207796021552568,0.97788497614141
104.589563937,0.19114805175797242,0.10584102542353747,0.9758381523830811
104.608011351,0.17150028657648952,0.12270784026993398,0.9775123721163176
104.610051825,0.1713768362412635,0.12334547985518834,0.9774537700572998
104.619024068,0.17095306260912088,0.12325131134321839,0.9775398532217185
104.630022736,0.17322037585221856,0.12089373978496841,0.9774351155296298
104.641342187,0.17259344933327858,0.12500290611975245,0.9770290552019716
104.650139156,0.17379088192642594,0.12448439312754542,0.9768829844085226
104.659021022,0.17011682733093036,0.12354375814477754,0.9776488146989815
104.669738909,0.16969183548422553,0.12422345663437513,0.977636544832384
104.680232194,0.16763706973233947,0.12462893202530981,0.9779393857258156
104.690063338,0.16797220073670296,0.12331307682679826,0.9780486822562449
104.69917436,0.16732959555879803,0.12331003172907719,0.9781592112356267
104.761610026,0.16675338952787183,0.12373965134282201,0.9782033560392863
104.761854574,0.16305236355573302,0.12284836907853133,0.9789393264925228
104.762097765,0.1578598328566707,0.12110245570604654,0.9800073818050704
104.762339411,0.19898899217289753,0.16170788388083915,0.9665681255270089
104.762632674,0.19370287117626486,0.16159849925811512,0.9676596109870435
104.762888036,0.19237103504470515,0.1613163647170811,0.9679723215827478
104.769765799,0.17415361490170383,0.1100266555580337,0.9785523253681343
104.858121693,0.18592973286735973,0.1020659601811907,0.9772474989521148
104.858446105,0.18776437824206021,0.10077301625550265,0.9770308784568381
104.858775767,0.17133484402064245,0.1177764373664032,0.9781477812813868
104.859042845,0.1724610216236647,0.12249491465852787,0.9773700383699726
104.859308766,0.16472694993058304,0.12278046323525627,0.9786674561945459
104.85956386,0.15702562648034438,0.12363036400263548,0.9798257425302886
104.859817848,0.17602542694208437,0.11870494571667829,0.977202223151512
104.860121011,0.1726491709200626,0.10856486834342181,0.9789820903071672
104.860445939,0.1594045912386262,0.1041791707921381,0.981701011848877
104.868882343,0.14835278540653438,0.10016242342848894,0.9838490432963052
104.880796847,0.14829254525235808,0.0974966690214581,0.9841258662144277
104.889032489,0.15402346772918002,0.09571999012601144,0.9834197755175329
104.925303579,0.13577078047633584,0.11391495191616023,0.9841695376807724
104.926448866,0.1338558746276299,0.11337653160196128,0.984493964892412
104.926899439,0.1307552985771872,0.11412171083860845,0.9848244955367731
104.929486504,0.12666509937207193,0.11402698346306177,0.9853698796103815
104.939234436,0.12331818954819772,0.11524746293621635,0.9856523963412863
104.94925963,0.11980271333105805,0.1151664334286237,0.9860953313396462
104.959184062,0.14593102101652716,0.09783908461959405,0.9844448438718513
104.96982404,0.15042526732272282,0.07767578282045022,0.9855651737526635
104.979324164,0.14971601311651284,0.08086935138094144,0.9854162894044943
104.988923802,0.1465542477285248,0.08122863771178557,0.9858619380462021
105.001263488,0.14601356099497115,0.08258186574937651,0.9858297395873791
105.043692217,0.1431392960260459,0.08173145627357126,0.9863220118138748
105.044282037,0.14293591001851091,0.08813122612518595,0.9858002904284678
105.044539562,0.14575320853346618,0.09390170299186704,0.9848545437664525
105.044790849,0.13329179595316215,0.10444332159964882,0.985558161502817
105.049753587,0.12206012097593956,0.11110005374761074,0.9862850018755315
105.108824261,0.13372125451392783,0.08579860227760552,0.987297941828317
105.109287354,0.13994291027793676,0.08367525957872048,0.9866176730615437
105.109562049,0.1401801307111812,0.08426353196343779,0.9865339264996633
105.109819975,0.13240263163207316,0.08042875423992744,0.987927506767736
105.110091105,0.1059931931817458,0.09908611992926697,0.989417699374991
105.110566349,0.11667682094384173,0.08915501143875673,0.9891602010745246
105.119127183,0.11552813950466145,0.08970758225889476,0.9892450650207233
105.129983277,0.1161212024304871,0.08840411688366519,0.9892929689753774
105.138771706,0.1002025572583058,0.09775483674464493,0.9901532403683401
105.149601511,0.09753468125302354,0.09968918182735893,0.9902267684623876
105.159903522,0.10928606598846118,0.09961088129842378,0.989006687595042
105.16956949,0.09966874664265815,0.09737448815976497,0.9902445909967423
105.17974302,0.09489364321615743,0.09663127978655038,0.9907863504530017
105.189665947,0.11080544778763585,0.08439441194482451,0.9902523597412273
105.200280588,0.10898552727469756,0.08451272003237557,0.9904442210429548
105.209098676,0.10861995311922192,0.08454051702387015,0.9904820072902459
105.219581944,0.10815120685676789,0.08358427715004428,0.9906144482434776
105.229658777,0.1335413395556765,0.06711021260074351,0.988768390470872
105.239638212,0.11877205368066598,0.07301108686995568,0.9902335989343853
105.250524613,0.11913215541784791,0.07520944718663274,0.9900257918859382
105.258809681,0.11907762560447761,0.07717520459834314,0.9898810569334094
105.269174081,0.09600574921687134,0.08629812953142257,0.9916327591183568
105.280510653,0.12550331513088017,0.08641853873119355,0.9883221914207554
105.289002233,0.1049314997721926,0.10402504897020165,0.9890238468016358
105.300772206,0.08816999759721968,0.09544564538328922,0.9915221532074177
105.309049996,0.10210672240332437,0.0809370687098495,0.9914753694110144
105.320822193,0.08521925686813388,0.0977928084645598,0.991551433296053
105.329880871,0.08731005141515923,0.09450029698159368,0.991688786259214
105.339184283,0.08828730652830447,0.09281616155062776,0.9917613178890297
105.350391024,0.08737402511134267,0.0934319642181712,0.9917843756574194
105.359122737,0.08758670962722177,0.09396176800561623,0.9917155612623689
105.36932677,0.0981680939965972,0.09221033802202334,0.9908886309181973
105.379967779,0.10173864932733506,0.09058875757014533,0.9906780123909822
105.388947777,0.101871028049402,0.08947772507094717,0.9907653760403046
105.399923859,0.10121659989906001,0.08770801255344987,0.9909906681895635
105.409268263,0.09991691435246175,0.08849434981489467,0.9910526526260459
105.419413374,0.10409916871268535,0.0883943443630781,0.9906310125157347
105.429927378,0.1051436781114921,0.0815268454762798,0.9911095703401688
105.439293783,0.10876381493398629,0.07666696106607193,0.9911067599617608
105.448951465,0.10573169438761303,0.08008319955530947,0.9911647138346426
105.459135314,0.10550947355950055,0.08081276625680851,0.9911291781594967
105.468924661,0.10493228581359383,0.07945768970649644,0.991300000474347
105.480815433,0.09231436287074743,0.10698792348912096,0.9899654754764199
105.488953708,0.0857587401460989,0.11224063985120937,0.9899734730053857
105.500213564,0.08221634093335684,0.11773572050037938,0.9896356771063716
105.509083806,0.08330672096011145,0.09305876617286656,0.9921693687477244
105.519261942,0.08438284354350646,0.09108640735403586,0.9922614585434862
105.53015845,0.07325710843586748,0.09662345847841612,0.9926214300201691
105.539061274,0.08083119025132153,0.08881591421033325,0.9927628377742277
105.554952931,0.09458501244286768,0.08681404511735062,0.991724254514099
105.558863032,0.1117257125719435,0.081561563210001,0.9903863269235054
105.569344136,0.13141899447139352,0.07995652751188373,0.9880971620242461
105.580680356,0.12627822163826602,0.07746710345417437,0.988965448649394
105.58894012,0.09788775752648811,0.09813020174915879,0.9903476412003539
105.600850465,0.07584739717104984,0.12493648323335071,0.9892613646047539
105.610431624,0.07695340188682252,0.10136460239931384,0.9918686361199623
105.619240285,0.08694210843715135,0.1031156092766603,0.9908623723323062
105.630531481,0.09321413216694138,0.09577672998054564,0.9910287299360184
105.640259247,0.09341403270643092,0.09368451020616837,0.9912098824370913
105.648869314,0.10193515183153887,0.08701567752927468,0.9909780505567227
105.659351592,0.10563347004757705,0.07993322928628013,0.9911872925242609
105.784995957,0.09133940197661762,0.0862052731428285,0.9920815311903173
105.785933205,0.09124650254927624,0.08658292426202752,0.9920571924031198
105.786213986,0.0927769218421564,0.08664683400946005,0.9919096576451062
105.786468749,0.10252232650943767,0.08135553144199725,0.9913982298102425
105.786782217,0.10350320317810971,0.08065331166536166,0.991353685749582
105.787022261,0.09391114828585446,0.08634659188468574,0.9918290993399679
105.78726676,0.09331059937045652,0.08668173403901283,0.9918565465979019
105.787505606,0.0801645564092479,0.1055154875487445,0.9911811770726173
105.787748967,0.08258334524252424,0.10996787829611873,0.9904983881014668
105.787982802,0.09785425122372898,0.10897821004844015,0.9892160003012899
105.788227212,0.12013427852687161,0.10777417562802777,0.9868903090974839
105.788472517,0.09859547516241478,0.10993018639758331,0.9890370500623777
105.789075994,0.10182203018635716,0.12135024216202603,0.987373481969182
105.80234038,0.10512111298319378,0.11530928259765794,0.9877516494301531
105.808956685,0.10452913025684323,0.11589871656069246,0.9877454876775353
105.819629631,0.10404419993451856,0.11297193147481546,0.98813569268539
105.831062612,0.09666227871086237,0.10548657949038426,0.9897115667818793
105.839774031,0.10217291001984039,0.09600074876870394,0.9901235037579533
105.849460744,0.10580046240356061,0.09286721759237614,0.9900413840097004
105.860647666,0.09707929571919449,0.09641437258877887,0.9905957193027725
105.869090394,0.09256462159997526,0.09194183133086514,0.9914527172183151
105.880770266,0.09282501552090384,0.09203512338143964,0.9914197156389957
105.892388226,0.11871742219167941,0.08732993609506064,0.9890802070255957
105.899081057,0.12617190869016953,0.08954348028648874,0.9879588121959654
105.909053397,0.1051932582965215,0.0827275152313631,0.9910048116092102
105.91975621,0.1134970611170915,0.07933884713374532,0.9903654701438613
105.929748525,0.11448967911978529,0.07771881667928565,0.9903796741194865
105.939354933,0.11104968686554352,0.0753328300244504,0.9909555649813829
105.950088925,0.12436308415631847,0.07673802441675985,0.9892649285746167
105.959069508,0.12238031020475228,0.07615063295424461,0.9895575479853896
105.969994661,0.12200989603465796,0.07140572306930236,0.9899569727935463
105.984948135,0.1231996391858126,0.07256689132074666,0.989725161440553
105.988985931,0.13609059063024476,0.06691492184018434,0.9884339858468209
105.999869723,0.1314045923955528,0.06607990131971,0.9891239961394811
106.009448801,0.12485078396442552,0.07013979595722938,0.9896932306359111
106.01962187,0.12807249401356785,0.07018378863833019,0.989278359254621
106.035281046,0.1409595941704725,0.0648946863014308,0.9878861637360525
106.03910472,0.14957153744023705,0.06282418500799729,0.9867529969378582
106.050400772,0.1491380816479553,0.06283704688479415,0.9868177836567226
106.058866343,0.15152825280017143,0.06174434220679672,0.9865225921431184
106.069725629,0.15302684192691038,0.06171889203918542,0.9862928388746072
106.081290229,0.15448367993348214,0.06122057619080135,0.9860967668971823
106.090659336,0.1558274194047277,0.06112014756760004,0.9858915472418748
106.09955658,0.16488100514284135,0.056676123754012875,0.9846837416852713
106.10963418,0.16568060484323924,0.05637334386391803,0.9845669013735832
106.119428678,0.1572368933037952,0.06023701448841702,0.9857221015426677
106.13063979,0.1647698047360484,0.05659711057949215,0.9847068998038438
106.13953943,0.1700948393921292,0.05099381484411777,0.9841074008764539
106.149470426,0.1708600813373672,0.05092095427321075,0.9839786019123048
106.159715188,0.1710704989577767,0.05084142434009781,0.9839461539928939
106.169432324,0.16049881520037648,0.0561924398816057,0.9854352033591187
106.180026413,0.1504932257740401,0.07333445989177609,0.9858873393996421
106.190741414,0.16858965569744358,0.05829256699681283,0.9839611296310132
106.361807405,0.16960276189795195,0.0673875906989777,0.9832058867685718
106.362170097,0.1422127698129175,0.08739404810455137,0.985970490662899
106.36325916,0.16107508604229526,0.07795150958228642,0.9838589222090279
106.365102323,0.13939773799781482,0.08965867170248634,0.9861691504146936
106.365346337,0.1406451298824489,0.0895311522756729,0.986003610648835
106.365605735,0.17344015787281067,0.05966107327155109,0.9830356392182031
106.365837375,0.1647220790127311,0.06715328038223217,0.9840513572063346
106.366108349,0.16689030411593614,0.06367910574920918,0.9839169669657452
106.366374014,0.18685368740353503,0.01786979629214466,0.9822252134231636
106.36789628,0.1830339737339317,0.018438573742887866,0.9829336617786038
106.368351059,0.18977957059900152,0.009555288719014583,0.9817802254276438
106.368705528,0.19045927057042747,0.009825880133785289,0.981645923097212
106.368965522,0.19123717636240709,0.00928278077350298,0.9814999604472966
106.369217574,0.18637708604611394,0.00913783488187538,0.9824357901515147
106.380219645,0.19167167674516397,0.017833322260270876,0.9812970706931
106.38047651,0.20008207283483256,0.008992638551597055,0.9797378713625381
106.380800461,0.19855475014712565,0.014545722628562411,0.9799818534785353
106.381057218,0.19612747354668647,0.024462267198216564,0.9802732331364132
106.38131353,0.1942639943925691,0.03276342288454086,0.9804019882698795
106.390492241,0.19213824671125432,0.03555582907448805,0.9807235477796744
106.462322919,0.18880132883092685,0.037133113612057914,0.9813129929360715
106.462791062,0.18305023315508193,0.041748626459855345,0.9822167094539707
106.463538513,0.18266694192513802,0.042407042498811526,0.9822598592400192
106.464081529,0.20684924998807072,0.04508596108869976,0.9773334353699771
106.464373587,0.20958320755550333,0.04578333667953137,0.9767183653404065
106.464636434,0.2102355941856935,0.04714753580821459,0.9765132384174839
106.464952439,0.21193562122944498,0.0468329135565699,0.9761608323744055
106.469847944,0.20401795738196887,0.0424534946798289,0.9780462023110968
106.480135467,0.20714351095432967,0.04032527836925157,0.9774791239683618
106.488902,0.20755019723110635,0.040101830090322664,0.9774020456561036
106.499581402,0.2040958625687542,0.0624444099489757,0.9769573043631132
106.509236544,0.19194765785153045,0.06655212500652251,0.979146011227349
106.520359691,0.17936648121894305,0.04650019556246349,0.9826827551289313
106.531456883,0.2042219936835099,0.05359330532995025,0.9774564619049501
106.540286777,0.21023629797652216,0.0508811780571782,0.9763256653046875
106.550297605,0.21869224698520837,0.03843871060193742,0.9750364950276585
106.559453397,0.22041102275540972,0.03851423021427753,0.9746464154342928
106.570809192,0.21548172132676893,0.041682170733502534,0.9756178680287667
106.580436325,0.2018930836867636,0.05063450026106901,0.9780978121551861
106.589136533,0.20791528340403329,0.03727296224115673,0.9774364231052525
106.599165522,0.21932108415925217,0.04425756605084024,0.9746484134755804
106.609679995,0.22223591840478016,0.04848708271140294,0.9737865265965234
106.619058626,0.20940209375382327,0.03947242746869952,0.9770325944415793
106.63021874,0.212750866833837,0.04029051319781239,0.976275444333057
106.642758728,0.19176952911267722,0.07218144183068835,0.9787820427240913
106.650585588,0.21036552977526585,0.0692752560095268,0.9751652592187573
106.659284228,0.21562934675352644,0.07988497732912311,0.9732021245433926
106.669295607,0.21287307147197773,0.07579785552326039,0.9741353810123936
106.680244879,0.21887077148333564,0.07686138510783304,0.9727219093192025
106.689418509,0.19994562453826425,0.07183186382402955,0.977170369264014
106.699251262,0.20270197359916559,0.08569953882209291,0.9754832130511953
106.709106503,0.20957554514229915,0.07383378629366284,0.9750008527585244
106.72043463,0.19167124933158422,0.07712573986045329,0.9784241168484389
106.730257948,0.1821330446220857,0.07322606171416092,0.9805434707051612
106.739011684,0.21617587311978864,0.04099182375591651,0.9754935480391765
106.750051481,0.23030996721602798,0.04372188840882067,0.9721346179798962
106.759049512,0.23298582641087345,0.043269088931544235,0.9715170562757386
106.769958473,0.21930261263684547,0.062440125775644284,0.9736568157126901
106.780400074,0.21360497584375782,0.07100121695651418,0.974336564789335
106.789230828,0.21826341440245414,0.07517614256446652,0.972990045952429
106.800386568,0.2189590334764144,0.07293477402767434,0.9730043475733327
106.809692178,0.21587707260970057,0.0849543526648142,0.9727177635289532
106.819713852,0.23246526100660453,0.09757143370885427,0.9676981542553081
106.833228201,0.24500147094777666,0.07898662415642549,0.9662998460301012
106.839555762,0.23231184438848004,0.04991538097870484,0.9713596973822691
106.85106949,0.22653819728066948,0.052485742804917246,0.9725871127950652
106.859655492,0.2344744289217758,0.049495830204496265,0.9708614241868788
106.886559877,0.23143859618749887,0.05241787854102784,0.9714363294647869
106.88682805,0.22685280261720964,0.04429258103159981,0.9729213602394987
106.899374836,0.2240086919794535,0.052903582050797614,0.9731502026531408
106.899843277,0.20331886354144016,0.0657323528297805,0.9769036275496568
106.90986174,0.19703090687725408,0.08461677034997385,0.9767388719154504
106.931986351,0.19614664140583482,0.08503394593161898,0.9768806084187102
106.932414299,0.21559816545658222,0.08533585038144378,0.9727462277960436
106.939032877,0.22808731835171103,0.07806061981374211,0.9705064218445028
106.949809262,0.23989747065801273,0.047399249292306746,0.9696404048606957
106.959213338,0.23792340834803125,0.08446354743272078,0.9676044444478004
106.970515219,0.2076515093219295,0.08480447186453947,0.974519908584787
106.984463429,0.2036140128742442,0.09210871973380755,0.974708837299758
106.989889767,0.20745285895923002,0.09165171416200595,0.9739421310328493
107.001444855,0.2207851710028078,0.07112486913165615,0.9727256351388431
107.009015607,0.22750679753351227,0.07280846454507443,0.9710507631255094
107.019949931,0.22683780420974486,0.08432622490456528,0.9702750632550783
107.031302664,0.23908228242111976,0.07265701177285444,0.9682771405297902
107.039639009,0.26229211674347147,0.06456920998844477,0.9628258734660683
107.053694983,0.2613789543986426,0.07382566750985022,0.9624088595883754
107.0596783,0.2673828019824009,0.08109534950278832,0.960171849979503
107.069153357,0.2063251127220064,0.08690902423963293,0.974616216449309
107.087403069,0.19960431986363186,0.08389433598624638,0.9762785749370945
107.089185318,0.23361367361488083,0.07207443408047727,0.9696545402627367
107.104290398,0.2426898065438768,0.07608572104345694,0.9671156191753874
107.108881401,0.22208420665956555,0.082304582271608,0.9715475083028556
107.12032674,0.21842163380488014,0.08669600405709285,0.9719957781629195
107.129681341,0.2134410841775047,0.08973108242799946,0.9728264163926836
107.140618364,0.21560547886921733,0.08892038196097322,0.9724234896142167
107.150725337,0.24132851789535967,0.07505203356333844,0.9675369443635919
107.159368192,0.25681645594338104,0.06932948434418182,0.9639702954745293
107.169222402,0.23203738173946967,0.07961097705033195,0.9694435237849512
107.185298686,0.23933061847321685,0.07817492005553149,0.967785894160242
107.191597518,0.24828585591798447,0.08018586246714375,0.965362295312736
107.199386664,0.2507757392988878,0.08055495613361889,0.9646877358095765
107.209930612,0.25044830174832783,0.08366861576428344,0.9645077557425172
107.219668132,0.2500998052951051,0.08396868308276267,0.9645721059893331
107.231269765,0.24851476031116895,0.08605274613419414,0.9647980818752939
107.239253152,0.2491802082332093,0.08732967009603518,0.9645116653238426
107.251515778,0.24536435461486586,0.08993839162427165,0.9652499257686943
107.259219557,0.25715645737650544,0.08528573463967774,0.9625990338123844
107.269292343,0.2628058559637361,0.08241104986553698,0.9613227870654207
107.284232849,0.24894621672679915,0.08398459466855941,0.9648690942484226
107.28886782,0.23597876988088923,0.09704061441033687,0.9669007908365609
107.304701363,0.23089300780900807,0.09910198369515381,0.9679190130236077
107.308841652,0.23027797154806967,0.09957315839008252,0.9680171702753677
107.319617262,0.24048575562495608,0.08211258359857121,0.9671732652199716
107.336427181,0.2904147038016572,0.06308879662464766,0.9548188852113523
107.362316687,0.26832704309294947,0.06518256980648587,0.9611200916318506
107.362751618,0.2872033256094809,0.07310263888414058,0.9550760461591681
107.363013558,0.29067497693687705,0.07091154756294615,0.9541905523557516
107.464808822,0.286906501733899,0.0920123163750404,0.9535294399745169
107.465186059,0.2875534158972321,0.09257571666176165,0.953280005921867
107.465744568,0.2623665716162209,0.09684982043371969,0.9600957735456951
107.467032442,0.2639777456048281,0.10345660002173383,0.9589642755271625
107.467446044,0.2846814917972431,0.08822125851511761,0.954554062258448
107.467847385,0.2740563345394685,0.11673889481603977,0.954602092987398
107.468467175,0.26416376694315913,0.11065221192712522,0.9581093842719813
107.469706605,0.273710917105222,0.1073269123459503,0.9558050364711953
107.470208329,0.2744541752977471,0.11261233195869935,0.9549834387843893
107.470505969,0.2518759736257089,0.10427047602188255,0.9621258554577313
107.471130299,0.2515482252120519,0.10832289764590639,0.9617638172848162
107.480173974,0.283354706604524,0.1348254630218303,0.9494904974595656
107.489304529,0.2827151256283685,0.12540577079235576,0.9509708462371026
107.501124083,0.282355256866244,0.08230670992702667,0.9557725223195035
107.509206797,0.2845862227821932,0.08869050785575129,0.9545389859083038
107.540659593,0.31953305862271936,0.06270283751350214,0.9454982700221959
107.541586987,0.3158338895742931,0.08855538970032104,0.9446729048466446
107.542320618,0.29623809226674813,0.09146413624831012,0.9507246207343681
107.552688788,0.28144698295945175,0.10810696878990135,0.9534676077780941
107.558945082,0.29217077876780745,0.10740822074985938,0.9503155845031492
107.793277544,0.29292261720654045,0.10611293650540689,0.9502296485771585
107.793532466,0.2794214961838569,0.12116043576058108,0.9524934520912366
107.793803333,0.28571563046755827,0.08533540053278621,0.9545074373321744
107.794163228,0.2656768486936114,0.09233022755153322,0.959630627454394
107.794403239,0.2666917042464612,0.09277559014840114,0.959306116293821
107.79474221,0.2709545350076514,0.09236441153260808,0.9581505390287177
107.795037123,0.2738274846944679,0.08888097442159028,0.9576631354561841
107.795391062,0.2911265058131065,0.08650004117757161,0.9527660260994457
107.795642016,0.30990357342004043,0.06837426135003578,0.9483062456645146
107.79587117,0.2931571972045451,0.09097600695205371,0.9517259184693014
107.796256659,0.2682423227018789,0.11447703236739865,0.9565255173657704
107.796515052,0.2904789365193828,0.12103124317127631,0.9491961997474411
107.796784201,0.29705453650508296,0.14599228738429512,0.9436338560935866
107.797161534,0.2999080151829324,0.09657859417884222,0.949066782463422
107.797430378,0.29963714886922577,0.0993122217093696,0.9488702027341097
107.797844532,0.28507333499623794,0.09996010685813222,0.9532791672490456
107.798084236,0.3141017827947032,0.12162664171859222,0.9415662643008437
107.798365793,0.2843619284376802,0.1349249473315946,0.9491751957582806
107.798652873,0.3042437670115392,0.08814549180193945,0.948507302296415
107.799074112,0.3107506574586237,0.07206108369153237,0.9477558910955052
107.799533797,0.3244932043989233,0.04309806239175637,0.9449056658296608
107.800308889,0.3273012087629775,0.021415596673648212,0.9446773475432793
107.80071238,0.3104729154696052,0.06941344415546746,0.9480444834132411
107.801109616,0.30750750528836196,0.06688423049994088,0.949192095364136
107.809770306,0.29005970562757505,0.06884616946931188,0.9545289791937422
107.819028059,0.2953060546890835,0.10090706488286973,0.9500589972842172
107.831735071,0.3000868362804822,0.10402836093721189,0.9482225428726572
107.850339243,0.2720997157691441,0.09313784472389167,0.957751056673152
107.850762442,0.27645802972014616,0.10490948846739971,0.95528265818697
107.860753327,0.24488643377650218,0.09865219147466817,0.9645197663446158
107.869373346,0.2920283287108535,0.005092692969480959,0.9563961102538344
107.892582496,0.26305268538216514,0.047780039543470654,0.9635976092407329
107.892908786,0.29062460298920395,0.07278018623210526,0.9540651888783008
107.900242879,0.2937469893954418,0.07649365191081656,0.9528176254868825
107.911223112,0.29788611386469954,0.08989067930964696,0.9503596839827737
107.919563529,0.2947522255206456,0.08434954335234476,0.951843621655825
107.929682683,0.2819502789148105,0.06157039008305714,0.9574513707154431
107.939974643,0.2737409954511927,0.06363792918701681,0.959695827529837
107.950920261,0.2652754539233068,0.06515423332435387,0.9619687413974009
107.959190248,0.24399566903207323,0.07471231473740061,0.9668940911600249
107.970009149,0.2286083516305232,0.0929161231165505,0.9690742054299893
107.980076167,0.21889904134340296,0.10501993530467961,0.970079389992149
107.989007361,0.2565687769224104,0.10667999809734867,0.9606205498085538
107.999278102,0.22827412173551395,0.07705563479718529,0.9705428143528149
108.009718139,0.23202404133261342,0.08147410196385473,0.9692919142099892
108.019659492,0.2272878347902921,0.08502801182656042,0.9701084874183727
108.030162885,0.24056749401748842,0.06794729835759665,0.968251230553336
108.039326805,0.2048896613641794,0.10290644755351305,0.9733604110081672
108.053244698,0.2162745438401559,0.09585624924951942,0.9716156138960235
108.058874869,0.20574774198262852,0.10113570395406427,0.9733650065904186
108.069519833,0.21816980029998678,0.10699644847619293,0.9700276791156763
108.082150583,0.2347628212564731,0.10622839652107686,0.9662307930966918
108.088958722,0.24985036408867753,0.12778682756088144,0.9598152542373355
108.099650605,0.25715669971105853,0.1001145155269012,0.9611698682202487
108.110004667,0.262636950278502,0.05596058060459096,0.9632705984129302
108.119355438,0.2614651322063887,0.05641903995139126,0.9635625960835441
108.12976015,0.26281439698954445,0.058689806136521236,0.9630597589924935
108.139005959,0.279532781358298,0.03578550726207095,0.9594690310875543
108.149489162,0.2534297565311185,0.06675387140311465,0.9650478118504153
108.159392337,0.2494947603502667,0.06060612940097118,0.96647776054951
108.170169631,0.25291660591414045,0.06180120202830053,0.9655121966504249
108.185348063,0.25675906752432043,0.05722196194227063,0.9647799895911601
108.191229079,0.25308947071146237,0.059567300955357054,0.965607299305409
108.250436642,0.2583356187939406,0.061386685285954,0.9641028902207249
108.250814206,0.27443093961445464,0.04313117634178323,0.960639037833515
108.251086191,0.27718558175522406,0.041051863724132366,0.9599390073081692
108.251401752,0.08604289026379947,0.20373352543367448,-0.9752380589627428
108.251655352,0.09622212523862211,0.16405502389518611,-0.9817470406114363
108.251908196,0.12344094555762306,0.1571355809673823,-0.9798319969024707
108.259645486,0.1070829793084555,0.14855915865408825,-0.9830887100981346
108.269635423,0.10214366166943778,0.15904011997235495,-0.9819739877511718
108.294616807,0.09802026984955517,0.16210359369366298,-0.9818932995036783
108.295127223,0.09371696112356728,0.16435748094260139,-0.9819387708283883
108.300137604,0.09347209214753309,0.14915990094737744,-0.9843852355348143
108.30930559,0.07700411586921856,0.1937290582295514,-0.9780283319703429
108.319432568,0.07331798538255463,0.1764347519950786,-0.9815779394973579
108.330937024,0.10392471129455404,0.16513633558838417,-0.9807801206441656
108.339008481,0.08971154476407975,0.14101579563678096,-0.9859342696736777
108.349893045,0.06621001016259069,0.161222662420716,-0.9846946164553991
108.359013969,0.09210109821240894,0.13299644619258516,-0.9868279145870424
108.369378852,0.054842368720138944,0.18160462086095763,-0.9818411665208953
108.435468279,0.05102552484358375,0.18283114396536132,-0.9818193156639128
108.435729232,0.08692935961130133,0.12070220730705673,-0.9888752517829401
108.436066292,0.04985652804942055,0.15574337206644587,-0.9865385591390892
108.436298191,0.10808824673281993,0.1518972869475655,-0.9824683939629785
108.436552717,0.0421275078322234,0.15539341032608364,-0.9869539812529637
108.436912686,0.06906289246203866,0.11006828725089546,-0.9915217037596461
108.469703328,-0.12251625951076807,-0.012826267079240132,0.9923836219065196
108.480267539,-0.09716608046613104,-0.05349578816111429,0.993829438815268
108.489352868,-0.10275801453809771,-0.01562072710948943,0.9945837236415841
108.499397079,-0.0901421143924848,-0.012981703504984546,0.9958443023821348
108.509192378,-0.09915246282747608,-0.01872542925808494,0.9948960485469558
108.519537182,-0.1383157414703186,-0.05308534424797599,0.9889644593652442
108.549845897,-0.017685884813515067,0.12646461707124873,-0.9918134452140612
108.684544445,-0.04853099818670808,-0.07780136999354488,-0.9957869697089481
108.685010316,-0.03936466508162651,-0.07795302052400213,-0.9961795770513446
108.685248201,-0.047630640039195024,-0.12335810441264111,-0.9912184926670691
108.685499561,-0.03908306723096428,-0.04813259407394274,-0.9980760327968671
108.685741583,-0.041613123047013235,-0.04261555638025812,-0.9982245550699878
108.685982092,-0.09575915312417106,-0.1553782254039697,-0.9832028232583828
108.690709854,-0.08283459545308956,-0.011319573250506929,-0.9964990200986398
108.699603971,-0.045026744074151824,-0.03341403704034409,-0.9984268097596075
108.709791634,-0.024938323548029127,-0.04531326106890759,-0.9986614984016932
108.720078101,-0.06658654524143703,-0.0072332518022313564,-0.9977544347489392
108.730390674,-0.049216588510076244,-0.018292057067872843,-0.9986206126771345
108.798031175,-0.03602917006081914,-0.0392090263742048,-0.9985812691791868
108.798354064,-0.033186145323679035,-0.028848155062146705,-0.9990327640813719
108.79885122,-0.028113048795369924,-0.030570209300541943,-0.9991371871723873
108.799172378,-0.018548118400704746,-0.04131065323197203,-0.9989741724555952
108.799509843,-0.016352269005275186,-0.04142165252668959,-0.9990079329016047
