timestamp,fx,fy,fz
0.0,0.0,0.0,0.0
0.000292004,-0.06570870551876541,-0.020714597347832247,0.9976238126046136
0.00064022,-0.0649859990461118,-0.018521408816359945,0.9977142764055428
0.006825908,-0.058360061820863444,-0.009410203005016783,0.9982512465625422
0.017666729,-0.05707782119972208,-0.009135757330885516,0.9983279322272236
0.027092478,-0.05714013186530687,-0.008828611495313343,0.9983271312297789
0.037377342,-0.060543148872658444,-0.011219565626228951,0.9981025240283395
0.049973341,-0.05760086011383666,-0.00863947281868477,0.9983023091346436
0.056790411,-0.05676990398703566,-0.010911365755526904,0.9983276616916172
0.069342374,-0.05829258305047947,-0.008448716489279876,0.9982637897624991
0.077622072,-0.05798607664759537,-0.009573582001559703,0.9982714868424715
0.0889038,-0.06238503653339163,-0.01047857433130441,0.9979971476395666
0.099051873,-0.06426527882197883,-0.011179258581230454,0.9978702310999699
0.106971042,-0.0633133222890836,-0.01631245211561751,0.9978603745648458
0.117129412,-0.06651843753332762,-0.016073758872463755,0.9976557180429705
0.129329798,-0.06703865109707557,-0.008552910665129186,0.997713719950888
0.137005626,-0.06706954122336217,-0.01021707948411836,0.9976959897317935
0.147485284,-0.0686928620965527,-0.011104992337664786,0.9975760471473664
0.157196758,-0.07103170558502558,-0.011042566374665285,0.9974129328064397
0.166977583,-0.07125724616458794,-0.008704731699709704,0.9974199880266463
0.177426883,-0.07121799573867457,-0.006378991513456306,0.9974403769400143
0.186807528,-0.06999621980118283,-0.0039493369391176425,0.997539438794921
0.201526357,-0.06805127400797271,-0.004917088222071577,0.997669708044355
0.207061701,-0.06729381053669142,-0.006951521355317675,0.9977089853330472
0.219307919,-0.06730354488875018,-0.007080401465612312,0.9977074224242767
0.227711239,-0.06606275798997509,-0.0030350241858655134,0.9978108541376713
0.238110552,-0.06916716629453405,-0.0033480865034871137,0.9975994654286606
0.271657385,-0.07070342483740462,-0.0004898793346978464,0.9974972610160385
0.272225758,-0.06953778773990733,0.0039537561607938315,0.9975714830970563
0.272844851,-0.07220636930425955,0.002748893146614747,0.9973859252156937
0.277440041,-0.07064176812513125,0.006798430694693422,0.9974785821942469
0.287612391,-0.07337549123861209,0.004371728473711908,0.9972948035940249
0.304932478,-0.07551544550063946,0.0029543177679068745,0.997140255679895
0.306970438,-0.0771725143976465,0.0027727610712688397,0.9970138990092299
0.318544442,-0.07635983917728548,0.0029767475819774286,0.9970758817335079
0.328960908,-0.07537739866523555,0.005128266257185691,0.9971418899312463
0.337030749,-0.07372880104030828,0.00589671235360962,0.9972608949921667
0.372133025,-0.07040174155657794,0.009475499527434325,0.9974737137862363
0.372379589,-0.07002034254583428,0.010280261418249835,0.997492590375957
0.37279836,-0.06954530455907455,0.009767993788105285,0.9975309704019926
0.378431572,-0.06923438508042232,0.009834534230110884,0.9975519444414975
0.387442234,-0.06936299474873701,0.009835670627976738,0.9975429988440522
0.397672998,-0.06865182924032048,0.007833320026171195,0.9976099264939806
0.407647314,-0.0716652646056412,0.005529346215900601,0.9974134128732319
0.419251993,-0.07367427334970394,0.008173510246593794,0.9972488632115065
0.427702359,-0.07466901846644676,0.008680418710618306,0.9971705912291365
0.437784147,-0.07567484227887189,0.010193592506517746,0.9970804425510909
0.447507277,-0.07598538977075767,0.010363963611583154,0.9970550680878383
0.457166001,-0.07665222240412595,0.010637517889945769,0.9970011434364805
0.467490169,-0.07655833056324006,0.01078398645686142,0.9970067841581962
0.477608531,-0.0765252315844931,0.011024955395014042,0.9970066896914374
0.488025943,-0.07901555647211957,0.01304073272882992,0.9967880823551698
0.497855815,-0.07962498356133085,0.014436449250215444,0.9967203474023714
0.506865263,-0.07886261870384682,0.013696460909095341,0.9967913996066264
0.518501275,-0.07815791264892501,0.014366869159272358,0.9968374660700327
0.527596686,-0.07732774087338393,0.014795157654143626,0.9968959443198713
0.536955788,-0.0775640756704442,0.015594929209823145,0.9968653932945664
0.55074297,-0.07707400647947134,0.014481223179636626,0.9969202032762823
0.5571912,-0.07784807497437653,0.01600364299188699,0.9968367773280498
0.567234532,-0.07837990467122921,0.016677476542927117,0.9967840550088516
0.578968759,-0.07949318917627601,0.016785190456781927,0.9966940805763393
0.586869418,-0.0784206002529025,0.017579748995054663,0.9967653494585601
0.597516253,-0.07781586879247827,0.016248058720191024,0.9968353380332667
0.609985161,-0.07783123377174937,0.01578295367917918,0.996841611000829
0.617035178,-0.07723829132569371,0.013901724348488083,0.9969157378701703
0.628241736,-0.07697059734524547,0.013630155461477205,0.9969401917900654
0.637026286,-0.0776069282922865,0.014793195529565529,0.9968742779543768
0.64737959,-0.07226893827179699,0.011466708462400927,0.997319264407394
0.656931192,-0.07492085536460444,0.009939409929371427,0.9971399468287749
0.667000809,-0.07675231263480148,0.011524150345625057,0.9969835888639399
0.677649193,-0.07454191732312695,0.01751263223426798,0.9970640953690085
0.687020173,-0.07603916400922059,0.010998432240837214,0.9970441715516032
0.69750903,-0.07447739016207867,0.014215728153199946,0.997121372465619
0.707142788,-0.07753398947112021,0.013472111262871145,0.9968986822615492
0.717260291,-0.07868478828638625,0.013691443071896063,0.996805521894284
0.728240317,-0.08073585110899836,0.01718706907581115,0.9965873403782978
0.73735437,-0.08050709597636262,0.01691391507867356,0.9966105191970254
0.747670321,-0.08087237338719976,0.01688499951486146,0.9965814347127407
0.757235101,-0.08089175700428873,0.017180370211282305,0.9965748133121579
0.771079094,-0.08037483602815522,0.015176175646986307,0.996649170684539
0.778681456,-0.08042459112679415,0.014892404511246685,0.996649437580718
0.786799392,-0.08119422451473803,0.015328492227652403,0.9965804208549741
0.799506855,-0.08274595739339125,0.014204733560365581,0.996469433590178
0.806856446,-0.08411140154074097,0.013527292367071423,0.9963645339392948
0.817302992,-0.08507751111205542,0.013769569884688564,0.9962791857949101
0.827721721,-0.08548792332768919,0.013231151823106083,0.9962513496033785
0.83746391,-0.08421361526009849,0.01254773500671745,0.9963687175694677
0.848399936,-0.0836835367141021,0.011783406271890657,0.996422710007982
0.857126541,-0.08272894464278133,0.012011982113402032,0.9964996909201723
0.867139347,-0.08153898533417359,0.011492255441999263,0.9966038942004639
0.878912474,-0.08147417603504148,0.012091750478208882,0.9966021012469239
0.887181507,-0.08106242350303562,0.013032031673560589,0.9966238255461656
0.898806181,-0.08165427606296581,0.013643063848118229,0.9965673313978686
0.907491107,-0.07946263106289247,0.00816226732759654,0.9968044279880762
0.917180442,-0.08009511111304705,0.008543103190559844,0.9967506150304921
0.927181194,-0.07964034743896449,0.006521873550515773,0.9968023275580732
0.93833265,-0.07892887018468246,0.005101007675939131,0.9968671993661241
0.947545916,-0.07564385869392512,0.009572503667078817,0.9970889498010883
0.956999241,-0.07536973292547451,0.010330481622681739,0.9971021434678526
0.967116177,-0.0749108760044221,0.00980486954392588,0.997142028594461
0.977282407,-0.07535991319585504,0.01059422780299636,0.9971001182531128
0.987534649,-0.0749178837270454,0.009048706789706155,0.997148650705247
1.001957014,-0.07453174572876223,0.008324747315187227,0.9971838935024782
1.006991478,-0.07836936419597748,0.008505130553832688,0.9968881108277802
1.018776081,-0.08031438057409639,0.011194257571570906,0.9967067215938802
1.027303387,-0.08109852461014275,0.011046053764306509,0.9966448785812799
1.036881214,-0.08222941119609145,0.011107649221956855,0.9965515260452447
1.053448154,-0.08151234549992446,0.010133819282660942,0.9966208121637072
1.057025534,-0.08059372862114997,0.010400877581714709,0.9966927674326079
1.082408639,-0.07955783172120244,0.009359201737950207,0.9967863144900462
1.082869745,-0.08010652636661778,0.010653674449126372,0.9967293733276885
1.086747965,-0.07966250729177038,0.006843742730603785,0.9967983989340202
1.09808981,-0.08256784928325399,0.009083320742861311,0.9965440499792372
1.107273157,-0.07550802279595357,0.008761402525636806,0.997106702574619
1.11727727,-0.0745179031705961,0.008298725693553863,0.9971851449249135
1.12931479,-0.07407772309236718,0.008437535029939536,0.9972167763049663
1.137240234,-0.07812114103809958,0.01198983660683436,0.9968717726674012
1.147463426,-0.07975260197914755,0.013982492416025094,0.9967166158860761
1.160396344,-0.08045417102071172,0.014187248271403032,0.9966573374795651
1.168563003,-0.07814314802080273,0.010805439895550422,0.9968835894356285
1.17747492,-0.0764502298576338,0.010067273332532992,0.9970225736473388
1.187767108,-0.07584167326504725,0.009563002635527897,0.9970740140917076
1.201493119,-0.07712372232610047,0.013353587722751402,0.9969321005712963
1.20703877,-0.07621119429293055,0.01169902882011746,0.9970230622152685
1.218980809,-0.075535964398839,0.010301110977281506,0.9970898681638337
1.227575384,-0.07554164047318132,0.011543318141803394,0.997075830797687
1.237492398,-0.07580111793835988,0.01306160549388997,0.9970374040030879
1.247820084,-0.07541051276841326,0.012805508959250433,0.9970703453138597
1.256995158,-0.07554634654929726,0.01283577626205728,0.9970596734252188
1.270886346,-0.07588737835817105,0.013064243694139872,0.997030807619616
1.277635187,-0.0763940939047124,0.014600553341968445,0.996970795088094
1.287163864,-0.07645588003360311,0.015471786928522906,0.9969529187567113
1.298203022,-0.07570475144963514,0.01498539296824095,0.9970176671481485
1.306878094,-0.07139635866822656,0.015332506020855789,0.9973301731262513
1.317281961,-0.07306973448494788,0.012987561079552009,0.9972422660314314
1.330395996,-0.07235131631796411,0.013178646827210783,0.9972921388915396
1.337071303,-0.07104883910995188,0.010844304827312698,0.9974138877687339
1.348519091,-0.0674756908158039,0.010296620621768723,0.9976677857647313
1.356842059,-0.0665247493543385,0.007931437875660289,0.9977532510679016
1.367184391,-0.0696008804777211,0.011335003495283848,0.9975105188079413
1.378704844,-0.06672385314502671,0.011942660681899238,0.997700005150505
1.387259424,-0.06607146124412215,0.01357044918377919,0.997722609204591
1.397341846,-0.06853483881949642,0.015132611423137283,0.9975339492666412
1.407518904,-0.06920051972625614,0.018006330322880147,0.99744025391896
1.417504534,-0.0693936340960143,0.02096431998753871,0.9973690494668503
1.427612482,-0.0680893773676244,0.021668112262524082,0.9974438979715441
1.43687073,-0.06857004606031998,0.02484454917916802,0.9973369025356326
1.448003191,-0.06995062270893324,0.03026367966174932,0.9970912797111223
1.456915241,-0.06385391856067339,0.022549883653660095,0.9977044551527539
1.467026728,-0.06327409875752925,0.026126639448743792,0.997654142043994
1.477658338,-0.06081119431436317,0.02336752995530306,0.9978757223170873
1.488891504,-0.05983895923365025,0.02373727948415913,0.9979257690432312
1.499861021,-0.06014754231209667,0.02833088723975015,0.9977873691233133
1.507042787,-0.05773277697940323,0.026028280671954108,0.9979927129330698
1.518447716,-0.055045087864840046,0.024403051628630712,0.9981856186968248
1.527557966,-0.054637074432405584,0.027737995595161102,0.9981209313995127
1.538011278,-0.05374768201350854,0.028377033047299056,0.9981512564103737
1.548202311,-0.05252276971678772,0.029220028233370672,0.9981921401269989
1.557033756,-0.05531545219028522,0.03550720124106199,0.9978373812445649
1.56912015,-0.05365543375326103,0.03474684308130045,0.9979547842084996
1.578615068,-0.04746857941674364,0.028946028345114005,0.9984532344637882
1.587253155,-0.04581821255092331,0.02896448858207084,0.9985297941472842
1.597573771,-0.042930871912350295,0.026535638581746096,0.9987255879979767
1.606857217,-0.03949370283552543,0.023075240512716172,0.9989533426099637
1.617088573,-0.03668058209875097,0.022869083308536594,0.9990653331617128
1.627942436,-0.034641792494250236,0.023478152314356338,0.9991239775807051
1.636794934,-0.032522461354314844,0.023797945525135023,0.9991876436867301
1.647733662,-0.02944426602885569,0.021001525631783338,0.999345771552149
1.657214403,-0.029229123392585706,0.022974287353836925,0.9993086812723505
1.667926717,-0.026559416215014425,0.020290431804167904,0.9994412918163419
1.677496584,-0.023075637316162037,0.01885435312124989,0.9995559155599212
1.686945369,-0.020067040691231493,0.017504164635227155,0.999645396177224
1.697235961,-0.016798756851923193,0.014911230609883112,0.9997476966564759
1.706877834,-0.0162055823780482,0.018486825186493618,0.99969776252341
1.716943431,-0.013274512838364793,0.016057724168038624,0.9997829448452537
1.727426061,-0.010640532421780723,0.013839565359189076,0.9998476111390424
1.737566297,-0.008550854222577429,0.01411965662541438,0.9998637498123655
1.747262093,-0.006025147676832118,0.013363699405012872,0.9998925487939616
1.756786113,-0.004357313769742468,0.014472332895600338,0.9998857761750943
1.76830295,-0.0020182544577469976,0.012898082837778355,0.9999147794227534
1.77738495,0.00018320252543865262,0.01219026351031745,0.9999256791944007
1.787687864,0.0033191198354511676,0.009986472810293339,0.9999446253689886
1.798843002,0.004262963947718682,0.011137239331617768,0.999928891991051
1.807481944,0.006333939605851831,0.010048532234902005,0.9999294516159596
1.819608766,0.0067532344025485885,0.01515007436354632,0.9998624250725114
1.829466558,0.013964950921963927,0.0071061011350149975,0.9998772342004824
1.838242121,0.016388144525305993,0.007980729363313524,0.9998338545367662
1.848207667,0.01795472559294512,0.008926436791591878,0.9997989530676094
1.857432162,0.020184163952183882,0.007491457787488334,0.9997682119300301
1.869805884,0.02255424764525096,0.005251326889429417,0.9997318287816275
1.878190056,0.025199353052593798,0.002708045027357644,0.9996787779571298
1.887291724,0.02738677989582258,0.0015388189569836594,0.999623727371032
1.900443822,0.029311945426965066,0.0012990570009913987,0.9995694684744002
1.90731206,0.0302831880083687,0.0022594502281099416,0.9995388053541077
1.916996949,0.031016743008321555,0.0029365825705735655,0.9995145512377306
1.927272821,0.032917347298334336,0.0011216614712082924,0.999457447879791
1.937628656,0.03482935763763511,-0.0006917099523663883,0.9993930344883797
1.946990044,0.03726645283661782,-0.002639867572931935,0.9993018776086502
1.956861974,0.040074291793659,-0.004386578044696462,0.9991870741108968
1.967075112,0.04191751040000847,-0.0065552270477519225,0.9990995702732623
1.979059378,0.044406367980887,-0.01023553307755835,0.9989611145311734
1.987797581,0.04411878434958665,-0.0064067418196238944,0.9990057489958563
1.997179001,0.04392751234152769,-0.005021051488365707,0.9990221032096519
2.007918587,0.04420746415295942,-0.0035736978351513927,0.9990159802510408
2.019057862,0.044953322492798924,-0.0030661929125477246,0.9989843828898837
2.027941865,0.046007250561985534,-0.0035999457035728695,0.9989346191251247
2.038303069,0.047533376190947274,-0.0045825238194064115,0.9988591385292195
2.050286811,0.04993148387038918,-0.00508973595158374,0.9987396765456172
2.057033286,0.05277714187432442,-0.007854160564195054,0.9985754280260501
2.067258784,0.05559308142755759,-0.009497289362932284,0.998408338703231
2.077474599,0.05912891003401975,-0.013350165139358754,0.9981610817342763
2.086796132,0.06141252510829735,-0.015257803960931562,0.9979958422649429
2.098099275,0.06423219144280537,-0.01716708438033792,0.9977873104005348
2.106800163,0.06515495084785933,-0.016623666652146925,0.99773668173875
2.11923494,0.06479484905779168,-0.013149270636490273,0.9978119683674408
2.128055102,0.06730275119000058,-0.015420477750680516,0.9976134264073423
2.136925444,0.06869160610025239,-0.021227163719276625,0.9974120867383766
2.147828077,0.07170937652687161,-0.018136283764694203,0.9972606682955735
2.157762214,0.07209378057666685,-0.01682384488253044,0.9972559576385253
2.166974295,0.07363932524214555,-0.023621676042266913,0.9970051485317595
2.178027763,0.07209060187725352,-0.011904820357544654,0.9973270378232157
2.187416721,0.07972682906159498,-0.025209414702744685,0.9964979268107528
2.197157696,0.0821082790635379,-0.024922708911877714,0.9963117429247325
2.20698568,0.08428629413470405,-0.026837349745414123,0.9960801058547853
2.217215067,0.07964757242699631,-0.019981886537117254,0.996622791439622
2.227818643,0.08914242870212921,-0.032676831358850626,0.9954827231536624
2.237469527,0.08641747121858963,-0.025926018538855882,0.9959216145013156
2.246842433,0.0922747031617356,-0.030262701878337007,0.9952736046090224
2.257102815,0.09554241371268345,-0.026801238663095556,0.9950644907683512
2.268941141,0.09621616704939098,-0.03302252322735914,0.9948125261364688
2.277350314,0.09637824401214272,-0.030994920828290216,0.9948620753471228
2.28751729,0.09766269874329012,-0.030396947345937366,0.994755257772597
2.298721804,0.1010882440869325,-0.03335616609766786,0.994318124691834
2.30703732,0.10578615888253019,-0.03797668273983902,0.9936634541719636
2.318946741,0.10922381826138543,-0.03930561677295858,0.9932397626024149
2.327620572,0.1108037199904912,-0.03429450967865697,0.9932504327923393
2.337217829,0.11037142582118034,-0.03637618110713718,0.9932245072541557
2.348992179,0.11479091396245013,-0.04128819618546065,0.9925312745336625
2.35714273,0.11587101531523879,-0.04107312282606137,0.9924146846914003
2.366956648,0.11868557009098207,-0.04367408972101315,0.991970921619792
2.377822623,0.12277145319230054,-0.046045755314271075,0.9913662081686007
2.389208533,0.12364231190112873,-0.04292551510817071,0.9913979921607882
2.397321363,0.12809933737072188,-0.04140570826333343,0.9908966278519641
2.407428927,0.13036114186164607,-0.04732270045541299,0.9903365764800042
2.41709351,0.13294243030620165,-0.04927167796703121,0.9898982836506961
2.428035446,0.13507185461794868,-0.048901239726751373,0.9896283458163749
2.437688028,0.13759530806244255,-0.049308915131156913,0.9892604116650934
2.450001527,0.14097047027641665,-0.051011019131120945,0.9886987420024618
2.45705589,0.14403940517043118,-0.05218701816687369,0.9881949022804148
2.466903237,0.14704460247693563,-0.054373574635175954,0.9876342436670537
2.477564327,0.15105207875478924,-0.055416695332194704,0.9869712556008488
2.488011493,0.14890601217102473,-0.048062166368846894,0.9876826553621644
2.497166725,0.15607169374332724,-0.05722304106853826,0.9860867862328132
2.507182211,0.15927548885003917,-0.061735792479830166,0.985301989533396
2.517921812,0.16257124255901273,-0.06317338807408521,0.9846723892402283
2.527570703,0.16344894543550806,-0.06051192398850872,0.9846942415243572
2.537749403,0.160071980965385,-0.05322600009863152,0.9856692923203594
2.550162707,0.16906760114287459,-0.06359285814114582,0.9835507585464178
2.556993106,0.17094089297160864,-0.060320181713264996,0.9834331125135801
2.57099887,0.17153316249519895,-0.05590624065808805,0.9835908023257821
2.578677365,0.17750556080049748,-0.05936310353023354,0.9823277446067377
2.586728924,0.18563975514556183,-0.06774716177261172,0.9802796557009901
2.597965191,0.1854685455141277,-0.06049023123405362,0.9807865978642473
2.606873689,0.19209238721671426,-0.06319227563848145,0.9793402121188602
2.61717445,0.19275072409270072,-0.06034749881547834,0.9793902887758564
2.628211087,0.19900585998234388,-0.06255574288157431,0.9779997171396433
2.637988866,0.20519853362464371,-0.06658812803142108,0.9764525503082917
2.647105874,0.2127307474437684,-0.07424492783739947,0.9742860564446332
2.657697984,0.20898555425733992,-0.05661638539212841,0.9762784556758807
2.670498298,0.22121562687634944,-0.06795647912874614,0.9728543382080012
2.677684244,0.2291614534714602,-0.07533983982984231,0.9704684110146304
2.689998946,0.22537619503113962,-0.06894418516851089,0.9718293420373434
2.697214026,0.2237376286973191,-0.07091766834022831,0.9720659225701136
2.707202114,0.23190630165509865,-0.07116978674534888,0.970131088413971
2.718992344,0.23668883409144248,-0.07365721549894104,0.9687894561881732
2.728697946,0.24445298379810507,-0.07951666119391149,0.9663952810857348
2.73811354,0.2459490185805329,-0.07801925994527682,0.9661377103378503
2.747384168,0.24205399882497158,-0.06904113467710661,0.96780327720841
2.756785864,0.2470612272649572,-0.07482146600284802,0.9661068772177941
2.772105051,0.25408352500329356,-0.07626919647408349,0.9641704060958822
2.778081067,0.25491945574560115,-0.0785483557810697,0.9637666869561621
2.787612666,0.24949188082590612,-0.07412482014161327,0.9655357644545983
2.804512718,0.2476131765738948,-0.07053709623578268,0.9662878623068849
2.807650838,0.2477590447392787,-0.07017216056959825,0.9662770428975713
2.818509089,0.24779732632468657,-0.06853213148431486,0.9663849295288878
2.829067776,0.2477045874253542,-0.066680121058869,0.9665382552304952
2.837428306,0.24804547347535588,-0.06562688414199315,0.9665229201453012
2.84948728,0.2468805073620552,-0.06272315023484108,0.9670138683127931
2.8573769,0.24611406758088877,-0.06118044002286269,0.9673080272061216
2.867360766,0.24625190749424922,-0.05963449643258914,0.9673694872646518
2.878841318,0.24692196443244607,-0.0593393545645877,0.9672168239235088
2.887000761,0.24652608130652628,-0.05702424816432044,0.9674570410912011
2.897101444,0.24554082959784718,-0.05466779658050012,0.9678435477996606
2.907349903,0.24892005069583684,-0.0592839670295932,0.966707928805188
2.918227752,0.24899176441291876,-0.05833029803354324,0.9667474735347693
2.927612289,0.2510395695903451,-0.05931661729730051,0.9661576855836214
2.936967112,0.25301344081083155,-0.061998928433334384,0.9654741486141316
2.947702285,0.25171059786971756,-0.06079116631004357,0.9658914064317655
2.957143605,0.2522461395024555,-0.06072117484170525,0.9657560893061721
2.970712165,0.24873684871471982,-0.05602443994531651,0.9669494517399988
2.97717126,0.24483649475120486,-0.05113925344776885,0.9682147838133583
2.987490789,0.24186817040854428,-0.047929712496489356,0.96912462088383
3.000403924,0.24098307804520505,-0.04900936411584171,0.9692911009210905
3.006954659,0.2419180741862057,-0.049935863208348356,0.9690108642051825
3.018540731,0.24205282676424483,-0.05132868042872188,0.9689044305920397
3.027338867,0.240300395786495,-0.05084878775489158,0.9693658342280853
3.037532161,0.2384461894997705,-0.048924998558180444,0.9699225532119159
3.04832472,0.23652842878625083,-0.04699569890992194,0.9704873552292556
3.056871006,0.23461746242194573,-0.045225510231946035,0.9710351690597757
3.069650629,0.23352725356390172,-0.046357474025607665,0.9712445657221802
3.07925605,0.23032433273531436,-0.04410546031901611,0.9721138874227033
3.087073389,0.22673168761845622,-0.042164828652945116,0.9730441249266935
3.098206733,0.22326499523442794,-0.03827774686334127,0.97400593221912
3.10701292,0.22097600846623702,-0.03679259727353216,0.9745849929422253
3.117010131,0.21707386870716336,-0.035365699008624296,0.9755143273464192
3.128929602,0.21547853392122257,-0.035713229683545525,0.9758553000546398
3.136924574,0.212673475673261,-0.033568384763781524,0.9765465458898545
3.147520348,0.21008925262886288,-0.032673560536715066,0.9771360930656997
3.156859298,0.20718698953417625,-0.030803874478160673,0.9778162775720698
3.167030162,0.20357522751160054,-0.02786667321309707,0.9786626463024094
3.177953681,0.20100674943381489,-0.026052988472063172,0.9792433448707865
3.186979129,0.19801081583488817,-0.024201342336218828,0.9799010214514154
3.197150781,0.18865060738353331,-0.011638971346209363,0.9819752963694282
3.21007861,0.18594368460122104,-0.010421060650445364,0.9825051387406794
3.217704985,0.18294806544113965,-0.009029782885634068,0.9830811097627616
3.227716532,0.18086091466182938,-0.008478371414897828,0.9834721382763406
3.237490436,0.17754832022257522,-0.0053833661045973565,0.9840973596934024
3.253105641,0.1755554318350222,-0.0039856872807971285,0.9844614795156379
3.257468344,0.17481372911137943,-0.0029334676843038527,0.9845971536021818
3.269121373,0.17546219729847,-0.006262422411301153,0.9844662510135811
3.277929577,0.17287173475022422,-0.004152254547751865,0.9849355928722542
3.288158166,0.16837863134804132,9.825524418206957e-05,0.9857223883281071
3.299071619,0.16984475324025083,-0.003895481162061155,0.9854631322496415
3.307533128,0.1684311965749915,-0.0033471705478041918,0.9857077297402311
3.319284865,0.16668309993434433,-0.0034478834880760857,0.9860044910119478
3.328450521,0.16342791690847425,-0.0009887952655315575,0.9865547821884398
3.376332371,0.16074316467204453,0.0014106672792396813,0.9869952608949262
3.376652902,0.15986151765286663,0.0015579364190069916,0.9871382213286226
3.37718186,0.15864388066896637,0.001645005462742275,0.9873344990849445
3.377766281,0.1559567043561455,0.005872546123331216,0.987746434854816
3.378858091,0.1512535355226231,0.010930133529980053,0.9884345705067804
3.387043067,0.14979372744769662,0.009725942655791896,0.9886694317398416
3.397637929,0.1473212028296191,0.013075089781707521,0.9890022776637244
3.407823601,0.1472482418716964,0.012205026719108412,0.9890242628917051
3.417352229,0.14545291456737416,0.013432462827322742,0.9892739856006773
3.427634661,0.13991145856318307,0.02261236074776497,0.9899057858726436
3.437210728,0.14441433844125612,0.015393813407947574,0.9893975588009786
3.447137215,0.14277437580455093,0.0169577536738167,0.9896099798425434
3.457799543,0.14180429064268105,0.016595718684377186,0.9897555886564496
3.467615198,0.14100405159494891,0.01768725845867578,0.9898510081431574
3.477713196,0.1425751294009711,0.014951045029916609,0.989671055820473
3.487809018,0.14053017609509452,0.01348213113472761,0.989984596721963
3.497066971,0.1332210602357562,0.022674971187985223,0.990826924740787
3.507058388,0.1338893108539289,0.020984576066429363,0.9907740913075858
3.518526311,0.1285096458021696,0.029309695954422503,0.9912750438999562
3.527955825,0.13712828483983433,0.017944777742552463,0.9903907402882237
3.537612056,0.13961118510006945,0.015031834375277687,0.9900922992076387
3.580284603,0.13886584100553445,0.01580678716294398,0.9901850451715634
3.580931237,0.14054862411661406,0.013578444397660441,0.9899806614811556
3.581505839,0.13842512860316797,0.016707715444279583,0.9902319607121502
3.582036639,0.1392214379821549,0.014333488892692006,0.9901575340835135
3.586992345,0.13655346032920823,0.02145484797666048,0.990400344290337
3.598396213,0.13860581306898942,0.019617225677828986,0.9901533179463622
3.607059967,0.13814163623930137,0.020274352001911335,0.9902049479718991
3.617599697,0.13691079845199713,0.019839744834018347,0.9903846817232979
3.628702153,0.13863706316337707,0.016499209960355223,0.9902058072886252
3.63774475,0.13723676634883777,0.01812426784186459,0.9903724455361786
3.647145599,0.1368869930850452,0.019044869338829675,0.990403576364707
3.657846695,0.13839275998226602,0.016598499105450915,0.9902383217245925
3.667021929,0.13744950318390503,0.018724035865294242,0.9903317850879133
3.677610384,0.13428554592442812,0.0237394647892805,0.9906582811279058
3.687152952,0.13434952992073812,0.02367679807306456,0.9906511056083691
3.698273705,0.13815242270324182,0.019410791030661755,0.9902207477591999
3.707323069,0.1377884886347032,0.022326324982676803,0.9902100118724978
3.717097032,0.1384953118874988,0.020276825593226976,0.9901554922985815
3.728574614,0.13702511672507586,0.024661141817025452,0.9902605442360913
3.738024493,0.13884645650065217,0.023681786550116362,0.9900307240197181
3.747461965,0.14024967829181148,0.02152680647291594,0.9898821264888669
3.757100471,0.1378700801970158,0.026926606340376965,0.9900842382633201
3.76805696,0.13553155033581726,0.03129999297818953,0.9902785008789877
3.777551469,0.1399252096329597,0.023239673378476048,0.9898893136560442
3.787271683,0.14239226564552085,0.016744601177319168,0.9896686622378966
3.799091216,0.14212358498328878,0.01661514683133624,0.9897094641799034
3.807222303,0.14068929135046956,0.02068717487406958,0.9898376453212074
3.817600182,0.13914190653291766,0.023929370778753085,0.9899832902935877
3.830982062,0.13911533418867836,0.02404537718003331,0.9899842138286056
3.877031015,0.13994487725195745,0.02265373815073038,0.9899001159100512
3.877427947,0.13876732516088813,0.024230502957164543,0.9900285411007782
3.877678825,0.13851669972052985,0.025353261280902817,0.9900355226157065
3.878022328,0.14034375194947585,0.023925484733155297,0.9898137210955542
3.878281391,0.1418688408007007,0.023334124720273835,0.9896104034585551
3.887087258,0.1423623589258045,0.02164842322761536,0.9895778415732835
3.897584295,0.13785785705215067,0.028693869722856452,0.9900362988746001
3.907170482,0.13924194283303748,0.027884018296779,0.9898657297228276
3.917252759,0.13975186784408122,0.02820209137312207,0.9897848541356209
3.928641968,0.1420026518040104,0.026614888471249494,0.9895084105717807
3.938543267,0.14497813917676725,0.02130713214435874,0.9892054110651765
3.969621689,0.14415835873685265,0.022849511245561418,0.9892907901330812
3.969996065,0.14539729312042363,0.023863186263665216,0.9890855248635475
3.970399194,0.1428952877185615,0.028141920084622286,0.989337641597539
3.977241684,0.1398527274431063,0.032202823639183496,0.9896485198172066
3.987370302,0.14377512248275862,0.027173422983199663,0.9892372411299749
3.997143132,0.14708088533345637,0.0227095202501385,0.9888637372558139
4.007111081,0.1463971657962285,0.025193239525937827,0.9889050361531284
4.021311365,0.14636280355246495,0.02808512227745051,0.988832218145689
4.026992492,0.1448211680638097,0.029864608653876922,0.9890070446819804
4.037304501,0.1453034270056981,0.02674862482428539,0.9890254926797435
4.04768775,0.14744405056553891,0.02685371221291392,0.9887057854049469
4.057107891,0.1472516650781685,0.030457104975681173,0.9886300176952991
4.067890785,0.14918513165633496,0.02829552133374805,0.9884043504381865
4.077676763,0.15276349415723864,0.02270938397393518,0.9880018212191695
4.087225452,0.15313490552078923,0.025417817698110447,0.987878350433192
4.097662593,0.15152807164292392,0.03154334712638286,0.987949523384794
4.107035718,0.1523971249240352,0.030711960502129914,0.9878420378770097
4.117139202,0.1542048136527668,0.029290157246238065,0.987604658825993
4.129129473,0.15359431568482748,0.031208181640025413,0.9876410459210537
4.138055871,0.15438511657580253,0.029775644803641862,0.987561971096702
4.147538301,0.15486913525128226,0.029051522210291034,0.9875077518702245
4.158418778,0.1528807945407438,0.030876989575293893,0.9877621546583764
4.167184797,0.15263573314624068,0.03281033874765808,0.9877377256327581
4.178109258,0.15299846004359494,0.032888019526504955,0.9876790214416387
4.187920542,0.15046022923936397,0.035578684808469,0.9879756457547614
4.197673747,0.15170950867599745,0.034013900866627256,0.987839703355318
4.20750664,0.15444201810152489,0.026841255153029157,0.9876371854413635
4.217423266,0.15439846845003508,0.028080806200891685,0.9876095287427068
4.228159463,0.1519254366174848,0.03569193345970787,0.9877473095860573
4.238592835,0.15251353655457556,0.03499873501680848,0.9876814819134959
4.247492724,0.15061239640112617,0.03714346061944028,0.9878948675762631
4.256969679,0.1491538078636245,0.038344712273249835,0.9880702528871429
4.267673593,0.1473734099146429,0.040530460160076574,0.988250150442358
4.278532471,0.15109085161348015,0.03647059178136817,0.9878468760358714
4.287680799,0.1513203101194716,0.03658669663819556,0.9878074596673441
4.298068542,0.1490040433907475,0.039385353649685914,0.9880519161314842
4.307188593,0.14779597225737784,0.04046505977473931,0.9881897234448066
4.328446318,0.14595585620494225,0.043070642350193686,0.9883530785134551
4.328804781,0.146779093795672,0.041325525023904484,0.9883056706333421
4.337513078,0.14635659195856804,0.042182935223723954,0.9883321040855572
4.347851023,0.14900661016074862,0.03931349850684173,0.9880543906908948
4.357152722,0.1502197976004621,0.03833004144231649,0.9879093178687539
4.369914586,0.15051397866923114,0.037659046028950816,0.9878903473955738
4.378222436,0.15043948023881618,0.037910736596278485,0.9878920684144612
4.387112307,0.15022525618746235,0.03873610257234228,0.9878926494113195
4.397285336,0.15011176324297937,0.03901153866436587,0.9878990628536514
4.408184476,0.14822918270854055,0.04068942319071561,0.9881156208834899
4.417175868,0.14778247463978478,0.04021683198566212,0.9882018754355704
4.42777497,0.14745486428885898,0.040958691722228546,0.9882203441388755
4.441336309,0.14717399747477444,0.04122421156674812,0.9882511719436486
4.447767957,0.14683840892368155,0.04113119675544844,0.9883049662519289
4.457286217,0.14687472953715264,0.040643670627103494,0.9883197386784016
4.467139225,0.145274210149728,0.043248446344742696,0.9884457373847786
4.477778789,0.14608385024134485,0.040422819206166895,0.9884460047903932
4.487300655,0.14554939974786343,0.04008700378686297,0.988538519411575
4.497715965,0.14435945363332386,0.04060208540205353,0.9886919736741533
4.507256217,0.14405230495526336,0.04044610709918252,0.988743164758977
4.524179518,0.14413399417754913,0.03906466449812591,0.9887868039724615
4.527471808,0.14390511148903826,0.03902588305226002,0.9888216721630444
4.539358774,0.1435433600135042,0.038736419479050814,0.9888856322153622
4.554109253,0.14269475172191654,0.03873893343382146,0.9890083431738231
4.556716216,0.14200485154386874,0.038759442456304936,0.9891068333392912
4.569334012,0.14132881718346602,0.03786411817146263,0.9892383302261494
4.578938396,0.14070073614074075,0.03731621874153464,0.9893486759824808
4.58791347,0.1392974539679902,0.03759254556797357,0.9895367703303174
4.598226831,0.13871809932612653,0.037164267924469765,0.989634329491952
4.607386513,0.13769531376083624,0.037197696560893244,0.9897758998575731
4.617016652,0.1367703936811924,0.03643148185957702,0.9899326272741025
4.629129475,0.13512548672621535,0.036069792523962634,0.9901717390959418
4.63702825,0.1335106369872979,0.03680812053443125,0.990363605992248
4.647986647,0.13167560906335396,0.03637650876415126,0.9906251983408895
4.657861378,0.12995557539768587,0.03616631095052168,0.990860003418892
4.667155958,0.13006425477475217,0.03591331797349179,0.9908549456010316
4.677863976,0.12964754697645894,0.0313528227263441,0.991064333971351
4.687232253,0.1272175013601473,0.03143178625790287,0.9913766943802536
4.697458347,0.12493099390008677,0.031678635324332335,0.9916595740611414
4.707325847,0.12274689914899262,0.03199015971729461,0.99192228951192
4.787701848,0.12082481550379393,0.03192195781544278,0.9921604469881388
4.788188449,0.11879063225947169,0.03209352257984277,0.9924005196974719
4.788655085,0.11266994670799005,0.03675756424314888,0.9929523475876019
4.789293784,0.11101154316319013,0.03672526324996816,0.9931403185470561
4.789531238,0.10948659882397466,0.03618341739835152,0.9933294745366891
4.789785024,0.10779931125610036,0.035692230206164834,0.993531767582507
4.790367072,0.10619266635982422,0.03521488202605566,0.9937218069939304
4.790737128,0.1013829505674378,0.039185869779209244,0.9940754322202553
4.79883483,0.09962515814783394,0.03861905843233156,0.9942753120689558
4.807112051,0.0964661767803624,0.04106517057730736,0.9944887774645004
4.817443148,0.09506515515672034,0.04095353837470197,0.9946282843201376
4.829517826,0.09767502976426645,0.035961747113125636,0.9945684196198478
4.83723519,0.09731790115345854,0.03595963754867511,0.9946035042078092
4.849144006,0.09357502765356729,0.04119965446094508,0.9947594194939462
4.857031497,0.09060494178748126,0.04297538273097775,0.9949592257991344
4.867846747,0.09184119015431572,0.0396213327660237,0.9949850982707644
4.879037868,0.09232662811438447,0.0388445948039067,0.9949707991672663
4.887296528,0.09144569626118546,0.03942644304605298,0.9950292660138412
4.897235478,0.09411291572061461,0.03496041687234176,0.9949475002967124
4.907456939,0.09333264901160039,0.03527788403013957,0.9950097926788628
4.917297378,0.0924469131180805,0.03501613416428478,0.995101722741513
4.92789888,0.09178131479803732,0.034445133607127504,0.9951832610251896
4.937155794,0.09322539468248003,0.03196847139352263,0.9951316709978922
4.95097321,0.09168734728098282,0.0352155139894548,0.9951649601563729
4.957211233,0.08790260133870623,0.0396368609044225,0.9953401689550825
4.967116786,0.08726916340256236,0.03857215061860354,0.9954377340224113
4.977376731,0.08561837787785652,0.038721180016082074,0.9955752927768582
4.987719378,0.08567274853458491,0.036828432400724566,0.995642429150865
4.997377984,0.08772954013481918,0.03355770545167776,0.9955789311714827
5.007138519,0.09040025642758315,0.028872895935786867,0.9954868906811924
5.018443027,0.08968040623822601,0.02869701845705857,0.9955570831793735
5.027455552,0.08486964779393162,0.03397970819263481,0.9958124935521132
5.037482695,0.08422091131908013,0.031533834595055,0.9959480184087499
5.04749219,0.0845726263197319,0.029791940675113458,0.9959718425478672
5.057366276,0.08766797465870338,0.027119560026920057,0.9957805258605871
5.068076766,0.08729054040291684,0.029101639318129088,0.9957577296436941
5.079845514,0.08583412830870173,0.029088100162369127,0.9958847246777257
5.087753465,0.08462532125500796,0.028622142795904318,0.9960016706533467
5.098482666,0.0817423493439312,0.030892933650619975,0.9961745906085907
5.141620912,0.08369485771106447,0.02571996840908786,0.9961594521048126
5.142092859,0.08253818959775748,0.027783596817469974,0.9962005415606885
5.143317787,0.0821276564550679,0.02862319552680146,0.9962107009679393
5.143905018,0.0864459376936502,0.02033610384516626,0.9960489660336304
5.148298637,0.08465297763065492,0.02183613972521098,0.9961711983289645
5.159359386,0.08254685166292611,0.023016383467396196,0.9963213655104565
5.167057462,0.08247315880003003,0.023716115335800106,0.996311057828289
5.177923398,0.08180443630706437,0.022414486164600504,0.9963963192477482
5.188160975,0.08268221906926261,0.019035784823998526,0.9963941436730333
5.197730409,0.08035619021599386,0.02191966393859291,0.9965251682856737
5.208317416,0.07922259951678798,0.022065317520457747,0.9966127138906689
5.21772112,0.0821973000443433,0.0162782960756465,0.9964831262707331
5.227890368,0.07945842366264616,0.02020274252725256,0.9966334371790989
5.237606478,0.0758226668702888,0.02377351742204098,0.9968378720022936
5.24769742,0.07406667760959441,0.024208080592533855,0.9969594255043192
5.257226974,0.07750131329936513,0.014897019610646295,0.9968809483802938
5.268326352,0.07967173881599475,0.011601480158652755,0.9967536404208235
5.277665557,0.07686500792742598,0.012887001315384172,0.9969582216689995
5.287633838,0.07880411319808933,0.005207467627458632,0.9968765189450355
5.298545755,0.07656173941800769,0.00575052958276345,0.997048259346962
5.307385573,0.07321448217418328,0.008707787217750054,0.9972782029312265
5.317237469,0.07474606670842503,0.0034479718290114023,0.9971966390847323
5.32785974,0.07569167570521404,-0.00024467140941261564,0.9971312402912859
5.337007026,0.0713441720560455,0.0033533358580249734,0.9974461209770985
5.349351859,0.06779080901395523,0.006545970892121241,0.9976780825889247
5.358147048,0.06918625967477157,0.0009040550586484427,0.9976033501129926
5.367302536,0.06788902202043595,-7.321187026325317e-05,0.9976928762545771
5.378915019,0.06673581916039997,0.0017150806705801289,0.9977692062492628
5.387127532,0.06507039780278547,0.002267107389603565,0.9978781005482941
5.397103579,0.06409826463298796,0.0021676890032133905,0.9979412375462919
5.408633288,0.06655464356837583,-0.0038026203694872585,0.997775535628035
5.417137581,0.06716368047305309,-0.00635676318698052,0.997721720514843
5.42767317,0.06794760252839935,-0.009194600749232527,0.9976465218842319
5.437834506,0.06666446510885284,-0.010793856272822826,0.9977170649831105
5.450500072,0.06487845892737994,-0.011153265643251028,0.9978308424942073
5.457153804,0.06406314229687078,-0.012292671272571233,0.9978701338511116
5.46923356,0.06453904489444022,-0.014841382933537307,0.9978048130955942
5.477828958,0.06387367217371091,-0.016154265187504152,0.9978272364088371
5.489184393,0.06572773330288674,-0.01946156980762703,0.997647789741193
5.503655215,0.06615512737314526,-0.021975759981667533,0.9975673235904788
5.507372358,0.062250622903614404,-0.01739669393220719,0.9979089211888735
5.519161609,0.06264967053999657,-0.02018991089987406,0.9978313415999144
5.527502594,0.06337354973543496,-0.024785670835310792,0.9976820454008253
5.537138192,0.06431845983676543,-0.029384970045294036,0.9974966963652881
5.549682022,0.06668194402618481,-0.036096601017712,0.9971211329301255
5.557161899,0.06727040738863342,-0.03819646695612457,0.9970033712088627
5.573017244,0.06260773122396181,-0.0315971518401057,0.9975379150621703
5.57749862,0.06408252184614116,-0.034485012869264364,0.9973485921588527
5.587214773,0.06350561939453954,-0.035484271995277955,0.9973504412924682
5.598227,0.062490320635939185,-0.03492999593536941,0.9974341357757778
5.608131026,0.06318886974185887,-0.03807716193452861,0.9972749352509359
5.617117255,0.06309842046905505,-0.039342748606456396,0.9972315365382302
5.629627132,0.06315488843549213,-0.041339118478691726,0.9971471994395337
5.637221568,0.06291937153061573,-0.04265945719215399,0.9971064754569912
5.647449553,0.061762037757184085,-0.04194966209886899,0.9972089432721064
5.657647367,0.06186283085458362,-0.0430346350943875,0.9971564623171983
5.667295949,0.06346316755075448,-0.04714376920335264,0.9968700473932025
5.677988195,0.06343111365340244,-0.04854106209389824,0.9968050256251146
5.687153536,0.06509375294737131,-0.05195204814605642,0.9965258591831205
5.697968263,0.0646924294494869,-0.053395835435290306,0.9964756767378172
5.707329622,0.06290169887045571,-0.05175460905813192,0.9966768968529625
5.717339725,0.060143240069547195,-0.045636451114333065,0.9971459797861225
5.72800587,0.06136364492186719,-0.04909032987560143,0.9969075396417701
5.737584455,0.06041968203292799,-0.04774105596426772,0.9970307184828643
5.748531628,0.05936569485830494,-0.04498486906751577,0.9972221797718747
5.756940367,0.05970403768039717,-0.04643254964684078,0.9971356207748028
5.783058872,0.05987442270445164,-0.04749828441349951,0.9970752060319137
5.783438024,0.05949781938818017,-0.046777055599931096,0.9971318451225257
5.787044495,0.05932319941230155,-0.04738221144653311,0.9971136765935589
5.798308984,0.059464614917221145,-0.04760228843283709,0.9970947706756382
5.80702487,0.06263115284875713,-0.052942148725832305,0.9966315605985633
5.833911799,0.06421322103490025,-0.05681516607384601,0.9963175694266986
5.834274645,0.06223294684482184,-0.050416697586360436,0.9967874482212822
5.837344574,0.06112538110080704,-0.046949772252329776,0.9970252788524148
5.847577309,0.06060226526125077,-0.04679820733946265,0.9970643375605296
5.857760954,0.06066074666052995,-0.04689230427657463,0.9970563602997677
5.867188452,0.06156856925927906,-0.04990403912274472,0.996854502000468
5.878909544,0.062404860356841715,-0.05068799940062199,0.9967629407841193
5.887115967,0.06217453816133742,-0.05094082960255819,0.9967644449336202
5.897705096,0.06241957563230904,-0.05173888615729111,0.9967080235641155
5.907546776,0.06135228837523745,-0.04970776651197186,0.9968776427724282
5.91703364,0.06354500391629042,-0.056928365574426675,0.9963539499948315
5.927384737,0.06169612898665712,-0.05375023676898723,0.9966466273034488
5.937837934,0.060331042169123494,-0.05156968219296934,0.9968453908351604
5.948160353,0.06345199945246253,-0.05746047435372054,0.9963293319242039
5.957178981,0.06472810193182818,-0.057902918991585034,0.9962216243349452
5.967060492,0.0654388713334878,-0.058570432677798275,0.9961361646554826
5.977248019,0.06605545170164027,-0.05986470917002417,0.9960185208601701
5.987112989,0.06637135408974779,-0.060136829868725164,0.9959811268541354
6.005092574,0.06470889811374038,-0.055482902260464734,0.9963605803431113
6.007141872,0.06587012624624551,-0.058563200094649166,0.9961081658449438
6.018602164,0.06564554378625047,-0.05927462610977332,0.9960809110110252
6.027514139,0.06585283253461353,-0.05897455936604712,0.9960850394392785
6.03768424,0.06381092089813425,-0.05681298491052862,0.9963435407125838
6.047697506,0.06358435430647551,-0.05675159311966582,0.9963615240292093
6.05710867,0.06302477236882498,-0.05664736975121985,0.9964030076069255
6.07005135,0.06269232329379443,-0.05682025668604171,0.996414136305863
6.078988141,0.06249497703240922,-0.05716234081350902,0.9964069673775064
6.087670884,0.06419283164149968,-0.05556162654366882,0.9963895754280391
6.097934486,0.06575190783786018,-0.05551148478630119,0.9962907013881551
6.107189975,0.06609709333288534,-0.05565922004934307,0.9962596175076267
6.117137359,0.0662782030904773,-0.05945709089287676,0.9960281392298381
6.1297814,0.06566160799251564,-0.058893938322071834,0.9961024331185792
6.137012292,0.06501738705226358,-0.05790008473556739,0.996202950993677
6.147651606,0.06480381767033554,-0.05857921648769476,0.9961771632651683
6.15770467,0.06338630542840316,-0.05769223410210463,0.996320120447462
6.167318475,0.06316985534881758,-0.05752164922319962,0.9963437304694864
6.177845645,0.06322622717092828,-0.05776498328598978,0.9963260765952578
6.187866332,0.06475339662987613,-0.061683153233828364,0.995993065353382
6.19734361,0.06529906495233818,-0.06512717484431671,0.9957381599663379
6.207862302,0.0645888357862002,-0.0651307985971589,0.9957842443852382
6.21770045,0.06290558874122108,-0.06338321009748096,0.9960047467672325
6.227919017,0.06142548743154386,-0.05772516570909787,0.9964410242145063
6.237496169,0.06176536839670792,-0.05892925744676709,0.9963495279687704
6.247311408,0.06095849186937407,-0.05843933076153768,0.9964280741173219
6.257216546,0.06126489191698104,-0.06165977409342577,0.9962151802081457
6.274521292,0.06147092298370071,-0.06612154961959595,0.9959162948277507
6.279665053,0.0590905767217936,-0.061603770698035985,0.9963499782598831
6.288550673,0.058972607292343104,-0.06132749343295041,0.9963740111716959
6.299241124,0.059834060931636054,-0.06394910321161623,0.9961578174922182
6.306921769,0.06015923248787834,-0.0664131067292975,0.9959769906985966
6.318820363,0.05966282260460502,-0.06276299059732009,0.9962435217406095
6.329914496,0.059677166587320626,-0.061412219597011854,0.996326841489417
6.337734963,0.05940766920943601,-0.06108222714116052,0.9963632321430663
6.348496358,0.059140333447436674,-0.062445004456535246,0.9962946564034906
6.358255137,0.05903774035737125,-0.06348399647462252,0.9962350763776118
6.369507326,0.05908034861433942,-0.06349552931162962,0.9962318154752157
6.380032213,0.059565311159175655,-0.06660293022864607,0.9960000117427051
6.387295792,0.05968682368587294,-0.0672125436345434,0.9959517845038816
6.397687939,0.059107621287328375,-0.06499868106216562,0.996133254422285
6.408719917,0.05878980746947225,-0.0653250640715849,0.9961307115744128
6.421484312,0.05817520149994025,-0.05979522021372095,0.9965140127313985
6.441480008,0.06022322982298618,-0.06008600615331178,0.9963748463576506
6.441953263,0.061075059541210584,-0.060889642750044125,0.9962742034740284
6.450417175,0.06221451428731662,-0.06381593532674427,0.9960205221833365
6.457078214,0.06338140845158052,-0.06513028382053135,0.9958618594926462
6.467502638,0.06344025309508447,-0.06464487421981864,0.9958897401441265
6.478010502,0.0632311056253589,-0.06599787272952107,0.9958142939708049
6.487458957,0.062410638316562024,-0.064232781095325,0.9959814566836469
6.497457789,0.06266543448699052,-0.062408485656785986,0.9960814345416661
6.507018938,0.06293185327038964,-0.0612460633541015,0.9961367885825618
6.517493757,0.06261456001445763,-0.0599300832882099,0.996236820234659
6.528110047,0.06371737583846503,-0.05824261398976325,0.9962669792439672
6.537045955,0.064509951457124,-0.058705983225004595,0.9961887741269648
6.552533244,0.06532040877724897,-0.057302427928329916,0.9962176850220497
6.557188743,0.06701522844527585,-0.05881648519892309,0.9960168574001509
6.567298839,0.0671767857085341,-0.05973884012651294,0.995951078337791
6.579174478,0.06564884234579396,-0.06123190204770472,0.9959622902852686
6.587125157,0.06603447328939809,-0.06143601119876424,0.9959242264677455
6.598078386,0.06548026156212258,-0.06178180043344398,0.9959394281184766
6.607102963,0.06500046235169302,-0.06492110284232204,0.9957711535788747
6.617092878,0.06494074059384893,-0.06436762034853755,0.995810980890344
6.628519823,0.06488091202487949,-0.06462344975944058,0.9957983114044776
6.637311524,0.06387115555241006,-0.06324081853754808,0.9959523454257743
6.647467746,0.06386944184739074,-0.06434872409131123,0.9958814869782063
6.657752457,0.06347832875783917,-0.06055645401506454,0.9961442755219915
6.667109095,0.06385178377851869,-0.060593881666367345,0.9961181311535815
6.678186631,0.06293136542225704,-0.05946028336224699,0.9962450089955642
6.69180831,0.0629843167996198,-0.05928918845064165,0.9962518597072476
6.698142724,0.0638957743455007,-0.0595300786512464,0.9961794515831801
6.708139796,0.06351589028681878,-0.05993235823156201,0.9961796244241681
6.717207387,0.06367195815878271,-0.062454560366662575,0.9960147135628235
6.728181794,0.06323436544158872,-0.06127892224618696,0.9961156101153849
6.737298328,0.06353559128735628,-0.061584662799969575,0.9960775863092092
6.747834318,0.06312529644656706,-0.06226421484117247,0.99606142606706
6.757048948,0.063570477853146,-0.06417833467827602,0.9959116103869087
6.768286135,0.0641048424862413,-0.0640883675404478,0.9958831509347945
6.777715321,0.06426449845291873,-0.06220903629008631,0.9959920230817383
6.787201329,0.06321869289359741,-0.0633196542240864,0.9959889649277082
6.798239139,0.06335726333017602,-0.06166662642315479,0.9960838741636661
6.807185953,0.06240029997142925,-0.062714068103833,0.9960788865473172
6.817607715,0.06313869487346675,-0.06145758398208153,0.9961106718536654
6.828999895,0.06260157539733453,-0.06176748170304193,0.9961254042347462
6.8372632,0.062233339218299676,-0.06314831120552018,0.9960618968124576
6.849222046,0.06304479959052493,-0.06451126624738379,0.9959235160250759
6.857052884,0.06386992267721804,-0.0658647561261216,0.9957823391071228
6.867616237,0.06434716565371684,-0.06279638100272081,0.9959498264497536
6.878301683,0.0636208988277899,-0.06381483824421315,0.995931748490934
6.888930846,0.0636999330782573,-0.06362261901959962,0.9959389945548435
6.897699949,0.06434908936277098,-0.06412637610525358,0.9958649519818386
6.909517722,0.06377751604993186,-0.06353760849296207,0.9959394563694601
6.920511085,0.06395061349372025,-0.06328261129740138,0.9959445919031635
6.928172231,0.0634168932153391,-0.06210977870555982,0.9960525453228162
6.93784914,0.06263900272988887,-0.06125943122216797,0.9961544244861544
6.947549769,0.063022959333246,-0.06106932862709185,0.9961418793012952
6.958144503,0.0632416792977018,-0.062439095655842373,0.9960430961224956
6.968198376,0.06296870942657697,-0.06185257032241358,0.9960969838211852
6.97746437,0.06362284852648298,-0.06222774585064568,0.9960320480746208
6.987288026,0.06357035323664505,-0.0627473410573945,0.996002801893446
6.997466464,0.0634673056830026,-0.06158154286128538,0.9960821325012129
7.007047463,0.06430648359395953,-0.05912357281549557,0.9961772328784224
7.018049434,0.06414217359874266,-0.05898641591058052,0.9961959567796153
7.027647116,0.06487366658863529,-0.06005802405932424,0.9960845552107694
7.037301598,0.0630438526722689,-0.05944732512945672,0.99623867028699
7.048597197,0.06301991012419285,-0.05969937396719355,0.9962251129518187
7.057346888,0.0630709984732501,-0.05872359682386846,0.9962798744969483
7.067737924,0.06326437540809048,-0.061855631976380804,0.9960780589878621
7.081633905,0.06145430807114508,-0.0583527165243748,0.996402693941422
7.087337395,0.0611639780934233,-0.05752935943958804,0.9964684343150353
7.098655775,0.05979406611098553,-0.05897833468913757,0.9964668713485718
7.107497962,0.0611837718783431,-0.058588181494717353,0.9964055254001158
7.117184281,0.06066566966037415,-0.05773580855271126,0.9964869557276819
7.128133233,0.058599272174182995,-0.05739623509765369,0.9966302210435277
7.13711591,0.058852890096522094,-0.05796065248674873,0.9965826107707264
7.147629386,0.0596571272979631,-0.05918542812105249,0.9964628002392675
7.157165742,0.06096245239003059,-0.059454096092119844,0.9963677984843059
7.167188571,0.060601017718054866,-0.05983676564497028,0.9963669395000444
7.178038188,0.060349283293370144,-0.061816091648465514,0.9962613787652743
7.187195296,0.06024383936712179,-0.0608200099175995,0.9963290652249043
7.203686487,0.060592689154639605,-0.06216000720957032,0.9962252052245594
7.207188278,0.06004462911780991,-0.06446717859568078,0.9961117534684637
7.218569004,0.059586339970931414,-0.065121632214588,0.9960967026883367
7.227783979,0.06019344043706282,-0.06484743442340161,0.996078089296744
7.237378711,0.059968790632563315,-0.06503582292361175,0.9960793572234676
7.24752518,0.05948429550991883,-0.06266991302715487,0.9962600567065096
7.257047204,0.06004064453388049,-0.06205101031532634,0.9962654230288249
7.267538286,0.06079728732540122,-0.06273946048198274,0.9961764150753132
7.277869499,0.06032861891720462,-0.062304805508807355,0.996232186264855
7.287297589,0.0604420360035616,-0.062232610521466065,0.9962298241226407
7.299246801,0.06003918157796251,-0.06211537203064606,0.9962615004269425
7.307373516,0.06076224323238588,-0.06364930330342958,0.9961208340288623
7.322465079,0.06061178780418662,-0.06081812173070107,0.9963068639973981
7.327806524,0.060853483838677835,-0.06220811150950935,0.9962063061269569
7.337505005,0.06200621950697743,-0.062331210126348194,0.9961275264676897
7.363819351,0.06268479826747804,-0.06267640929438313,0.9960633934565253
7.364143105,0.06251541916557063,-0.0600758078302065,0.9962342694768641
7.367758283,0.06301937814981341,-0.06094540626455409,0.9961496952932624
7.378260956,0.06391039075298287,-0.060876290720289265,0.9960971534855121
7.387164484,0.06434007464489049,-0.060099528703694866,0.9961166605595371
7.397372802,0.06295996809562253,-0.060614977153855054,0.9961736128617521
7.408156921,0.06394367957732501,-0.060900330771416246,0.9960935475918136
7.416908506,0.06369839968686083,-0.0606550027456712,0.9961242314687739
7.427951336,0.06422878361515034,-0.06313108007273942,0.9959363082467511
7.438058592,0.06386400295942637,-0.06323218375370016,0.9959533523532801
7.447276121,0.06363238794807602,-0.06375596987628504,0.9959347847671353
7.457000429,0.0626040454045308,-0.06115158494489478,0.9961632482468498
7.467811101,0.06332523389058807,-0.061302717459566586,0.9961083734136437
7.488897638,0.06343061514318762,-0.06057403493234558,0.9961462459672134
7.489500895,0.06381926621638126,-0.06076210174588642,0.9961099679508411
7.49771223,0.06410726548393991,-0.06140960539235328,0.9960517651596864
7.509366422,0.06337691012731023,-0.061934160297368784,0.9960660254475978
7.520210987,0.06214393267905273,-0.06129901786316052,0.9961829962613262
7.527893606,0.06196642131786006,-0.061820672191767,0.9961618177378692
7.538151794,0.06199704746351474,-0.06160092937324117,0.9961735248470317
7.551720998,0.06179962169037376,-0.06152473854232615,0.9961905005099302
7.556971284,0.06197333659871484,-0.06366804258022656,0.9960450220270292
7.567511604,0.06187530404924827,-0.06279122927690062,0.9961067755390025
7.577871487,0.060962325533870355,-0.06272087958146924,0.9961674990331845
7.587443789,0.061140548487507884,-0.06345939934607034,0.9961098021630359
7.620665792,0.06125861957378642,-0.06075662815857157,0.9962710543133907
7.621004989,0.060866579857974855,-0.06017318309510925,0.9963304910985086
7.621260091,0.060243111725103944,-0.05982772201314558,0.9963891865974833
7.628052219,0.0614301436571517,-0.0607665651584708,0.9962598867811064
7.637232416,0.060958500888641354,-0.059209438475695146,0.9963826090236634
7.64845693,0.06095693007840804,-0.06026240784180775,0.9963195746729678
7.661107991,0.060747403229404834,-0.06019304009625798,0.996336565084738
7.667221454,0.06017562427711967,-0.060154714293616345,0.996373576823027
7.678100027,0.06071113777353492,-0.059194366539863125,0.9963986073455681
7.689238212,0.06141109894793649,-0.05931178024908352,0.9963487289346493
7.697243466,0.06171212374379361,-0.06057352871560658,0.9962542152492857
7.7299904,0.06242990879205805,-0.061414928098197784,0.9961579759731428
7.730424167,0.06209309879708411,-0.06143018849086022,0.9961780859985594
7.730843795,0.062050142782665144,-0.06328213250357212,0.9960648329734624
7.73808201,0.06190980652926472,-0.06312608976491928,0.9960834667067316
7.747867031,0.0605314210659162,-0.06126195492975261,0.9962845577152775
7.757091233,0.06052540961256726,-0.0608052865815175,0.9963128985991151
7.767545121,0.0607246547882111,-0.06023416549557728,0.9963354664007018
7.777865337,0.05970060787117957,-0.0608338897534034,0.9963609161730916
7.78752502,0.05858889201121333,-0.06046447406414693,0.9964493911428942
7.802990124,0.05934499855266271,-0.06103705716409501,0.9963697349877361
7.806988588,0.059943865927073944,-0.061818273310952375,0.9962857190698708
7.817908842,0.05999818469167636,-0.06138231618222912,0.9963094042985885
7.827734798,0.0603819355861535,-0.06162435253786963,0.9962712788338114
7.837317964,0.06093361950280936,-0.05960312576515417,0.9963606583026601
7.848758202,0.06048748975075504,-0.05924462964123054,0.9964092218774
7.85736369,0.05883869038398591,-0.05831425420414458,0.9965628210356394
7.867279729,0.05820980034767226,-0.0569443425666529,0.9966789658626974
7.878077742,0.05802975875246461,-0.05741635379912699,0.9966623848703954
7.887329371,0.05769783633563481,-0.05644547084011715,0.9967371110296956
7.89756379,0.057118727966812124,-0.05740528002278548,0.9967156488893705
7.907623656,0.056112422908275714,-0.0564805907767148,0.9968256311215498
7.917833749,0.05484845526649105,-0.05604252061740971,0.9969207003757756
7.927698544,0.05492946659295171,-0.05818130905857291,0.9967937043220351
7.93851031,0.05505590158773375,-0.06003528647323825,0.996676784157451
7.947525341,0.05222194712321064,-0.05773108742492413,0.9969653904641809
7.957134199,0.05093354999947126,-0.057586125354133905,0.9970404262872942
7.968668326,0.051134792870781494,-0.0593802143239504,0.9969248833813429
7.977423654,0.05078705895188921,-0.06188506350208119,0.9967903057104642
7.988029443,0.050714363579813404,-0.0629135948176901,0.9967296187601782
7.997511561,0.05035633338454613,-0.06093468782520251,0.9968707055118582
8.007110385,0.05096788742092213,-0.060927805200459095,0.9968400458475288
8.017637364,0.050131996985459226,-0.06122427028144172,0.9968642694001801
8.029279764,0.049989062927605445,-0.060959678631165005,0.9968876622613027
8.037217635,0.04991979978642138,-0.0607996584604761,0.9969009053664126
8.049313366,0.049021315965073316,-0.061378964987028405,0.9969099925460542
8.057275939,0.04852712554292366,-0.061645213324909215,0.9969177427253805
8.067847789,0.046782640085647864,-0.06097034352054627,0.9970426278738554
8.077793482,0.04659454976399067,-0.061222592733491295,0.9970359783233903
8.087294266,0.04530184093489399,-0.06210827581209874,0.9970407741329127
8.09833441,0.04528186995876136,-0.060309702718621426,0.9971520907118581
8.125616468,0.04484965574975141,-0.06163971246620588,0.9970902939183653
8.126069262,0.04525953175050579,-0.06093675777487788,0.9971149815029412
8.128167778,0.045542591946060994,-0.059618758077898355,0.9971817667828087
8.137257942,0.047940833334867906,-0.06123543767578273,0.9969713625133944
8.154193943,0.048945420439618005,-0.06081725891189535,0.9969481465133644
8.157289406,0.04798402134963466,-0.059140360798069315,0.9970957584002612
8.167706023,0.04745388878840391,-0.059042783406241424,0.9971269117652484
8.177683868,0.050053630604298176,-0.05983088419364473,0.9969528069873393
8.187898416,0.051811522862883326,-0.06225911965484259,0.9967142861013044
8.201959464,0.051341696342011994,-0.059060741623492855,0.9969332269593626
8.207081563,0.051430747023563206,-0.058654988422961914,0.9969525919489354
8.217943353,0.05243734217315749,-0.05814116465774995,0.9969302533868935
8.228033019,0.050913097630032385,-0.05770246998360386,0.9970347443532277
8.237411408,0.05189416847059491,-0.057278312226248684,0.9970086209392865
8.248120967,0.05340897821917172,-0.055525743602022955,0.997027769343977
8.257308898,0.054908981494526186,-0.05469920706407878,0.9969919761451418
8.26831158,0.05426402341016263,-0.054446690244737035,0.9970411093253552
8.277859235,0.05469917776809421,-0.05320731166069086,0.9970842401408904
8.287723331,0.05516993025725729,-0.05279432506890886,0.997080256567107
8.300617217,0.05596063823658696,-0.053475492080863926,0.996999889024499
8.306945367,0.056529210935965815,-0.05336958085680206,0.9969734881881898
8.317653758,0.05707981117927609,-0.05086870556977218,0.9970728508736931
8.329512445,0.056863124588085096,-0.049903462078415166,0.9971340078117223
8.338688934,0.057888585325006583,-0.04991807376520572,0.9970742688489364
8.34812577,0.057584943684277363,-0.05311289724759208,0.9969267748470022
8.357128908,0.0558670060659935,-0.054207353834516525,0.9969656164700376
8.368381897,0.05529855612218777,-0.0520689782301262,0.9971112732272522
8.388161126,0.05668989663293346,-0.050392959609992447,0.9971192532698852
8.388563667,0.05886973000740375,-0.048286794681122125,0.9970971569251809
8.397714508,0.059810411376855194,-0.04611413209401932,0.9971440224521966
8.421847508,0.05988442272040049,-0.046377086585475874,0.9971273849189419
8.42216503,0.06003087861621285,-0.04621607122919043,0.9971260544047097
8.430074606,0.05980085756608937,-0.044936854666579595,0.9971983436242937
8.438980895,0.05990471719979609,-0.04625935179462687,0.9971316348550744
8.447746478,0.06051915226267173,-0.04629796352890416,0.997092739308879
8.458572129,0.06103893034967924,-0.04628385793636366,0.9970617099639788
8.467630547,0.06060759997116589,-0.04534191037246536,0.9971313002757012
8.477852212,0.05902332934778467,-0.04397652884448309,0.9972874768608565
8.487597385,0.05883011376166121,-0.044089275673479714,0.997293915295475
8.497204962,0.05847457684550801,-0.04534169773293016,0.9972586697088346
8.50716103,0.058504636274989565,-0.04454141067470199,0.9972929711320736
8.520945271,0.05854151587482204,-0.04308629118378027,0.997354732495467
8.527780211,0.05714803039150174,-0.04241288355602731,0.9974644103580013
8.537664109,0.05602224423804695,-0.046793900538338075,0.9973323613635231
8.548528741,0.058212945953995926,-0.044344663720050484,0.997318807464751
8.557678847,0.05830072454821516,-0.04390188184400508,0.9973332694178553
8.568211839,0.05750324396817391,-0.04265961838095125,0.9974334734170137
8.579661486,0.05607790014641516,-0.03838565111103838,0.9976882333193825
8.587755384,0.05489438099179461,-0.04099857557081302,0.997650100855351
8.597749593,0.053308857054621184,-0.04374875141832217,0.9976192723222962
8.60714678,0.055286845801077227,-0.04211331193022098,0.9975819934419606
8.617173056,0.05503892283685507,-0.04092031105127376,0.9976453503707747
8.628212441,0.05288857546267837,-0.04085689684890591,0.9977642570093431
8.637148787,0.053510530823997426,-0.03783547863041122,0.9978502390878813
8.64737324,0.05531407196151197,-0.04009007525817538,0.9976638408345923
8.657688765,0.053888149427095244,-0.043147485618816324,0.9976143352198268
8.66824278,0.05279002698799522,-0.04236453356280209,0.9977065998311392
8.677773249,0.05167771646568188,-0.04006600263607819,0.9978597742436853
8.687855703,0.05210553660016537,-0.03752824228247164,0.9979361923924781
8.698350945,0.05367668727333729,-0.037851039445352994,0.9978407247934246
8.707812672,0.05308182332419073,-0.03986817641329662,0.9977939910332482
8.717024747,0.054074751209334075,-0.03869522291632998,0.9977868514893872
8.734887912,0.05562533771242071,-0.038882628551046704,0.997694323428444
8.737502938,0.0555693667969262,-0.038488479719714426,0.9977127253887533
8.74701345,0.0527037342399915,-0.040234320093539166,0.9977993364819256
8.757071094,0.05394497057157026,-0.03898377001517828,0.9977826445801893
8.767996684,0.056023178040050636,-0.04034871332957692,0.9976138455609668
8.777700761,0.055943114125572596,-0.03972079205946909,0.9976435368708111
8.796794157,0.05825823226105625,-0.039334089481889475,0.9975263444032181
8.805486279,0.05846078039059423,-0.04323203556579097,0.9973531612507983
8.807014955,0.058915904723418094,-0.044736293178632654,0.9972600364214224
8.81824283,0.060487871015780265,-0.04309105465040937,0.9972383759508525
8.828721292,0.05961418626237966,-0.04222812284855387,0.997327897151665
8.837079174,0.06153778266522546,-0.04342614766936542,0.9971596015700025
8.85672684,0.06293201867356935,-0.0425638196723707,0.9971097644093991
8.857584691,0.06370751373870139,-0.041550216053678805,0.9971032705989517
8.86875249,0.0646469346530114,-0.040998533907701966,0.9970656417996703
8.879228493,0.0635194861665711,-0.04010319425359481,0.997174512654527
8.887627944,0.06404557970436153,-0.04291313314966505,0.9970238847307579
8.900327207,0.06414942836166937,-0.0409864629253789,0.9970982703313339
8.907856854,0.06664234599308759,-0.045216809495141896,0.9967518436700369
8.917495608,0.06768167194909035,-0.04465990041007823,0.9967069201011588
8.928323867,0.06887719708225026,-0.04591246216445306,0.9965680998005558
8.937240631,0.07174084695908291,-0.04880788257792676,0.9962284082858974
8.951073967,0.07652234344064247,-0.0450951812262248,0.9960475669286715
8.957551235,0.0782450126690035,-0.04773847844821107,0.9957905179644349
8.967637941,0.08276476702856651,-0.04935951906986794,0.9953459856833193
8.977418636,0.08540780380483243,-0.051629518797665495,0.9950074873275864
8.987970065,0.09225467945850316,-0.051992875643552615,0.9943770989922902
9.004145955,0.09834926977713174,-0.05346893849603323,0.9937144930765639
9.006953781,0.10404466883884415,-0.05832813016142268,0.9928607838554646
9.017527044,0.10957781927371901,-0.06070219330633316,0.9921229486565749
9.028158057,0.11599684546331038,-0.061755721166145194,0.9913278785274882
9.03745019,0.11734715773852203,-0.06475546958696195,0.9909774839668472
9.048990631,0.12227978376273281,-0.0638743900565301,0.990438143842333
9.073955204,0.12544957074415838,-0.0665916066540477,0.9898625981030593
9.074349699,0.1290114246458366,-0.06772920643767394,0.9893274518106605
9.079445641,0.13192340587874044,-0.06802116147272838,0.9889233218876244
9.087282181,0.1394967852356217,-0.07004063029140453,0.9877423535605375
9.104508619,0.14070688989635813,-0.07348607832486205,0.9873202962707323
9.107698136,0.14282725069099597,-0.07366723545525851,0.9870022871708206
9.117096184,0.1446867398258043,-0.07278126896390917,0.9867971596060575
9.12870762,0.1480392768054254,-0.07477183804706532,0.9861508732227489
9.147791455,0.1499227311821875,-0.07830765211801367,0.9855917442301542
9.148090405,0.1521657132985336,-0.07842333982409595,0.9852387403402199
9.157730888,0.15599384973810315,-0.08064628501588042,0.9844603067452864
9.167157502,0.15709554932487294,-0.08311421505084562,0.9840797811350452
9.177895637,0.16093191836307358,-0.08116058886103626,0.9836228324249651
9.190300066,0.16490335970126946,-0.08607484307777685,0.9825466927064433
9.212770126,0.1664110738601571,-0.08674469447568528,0.9822335325557916
9.213443535,0.16473013034683592,-0.08675296737892811,0.9825161102022018
9.218478256,0.168953008592975,-0.08704560706362932,0.9817728572222327
9.228147356,0.17093799601698825,-0.09023867349490743,0.9811407561219622
9.237384285,0.17372713245941043,-0.08851700608472773,0.9808076381641953
9.250335597,0.17698689099761655,-0.08747458170964206,0.9803182330089149
9.258095482,0.17789725816782856,-0.09010369863396436,0.9799152458395822
9.2709996,0.1793939963108021,-0.08984139889910854,0.9796664315630557
9.277317086,0.17903214081491026,-0.09200868929978395,0.9795314663902156
9.287386091,0.1818614349322201,-0.09134283602008254,0.9790724716752087
9.302949901,0.183255374396191,-0.0908029764168496,0.9788627519876077
9.306915443,0.1847444166648547,-0.0910906613961803,0.9785560749990617
9.318207678,0.18199655712610527,-0.09149166335989253,0.9790334666036112
9.328765748,0.1817321877985039,-0.09214985678791224,0.9790208454430052
9.337212573,0.18208032326449483,-0.09338935575932053,0.9788386915681032
9.348002759,0.184792194314091,-0.09309710094229083,0.9783582036844809
9.357040536,0.18395653050266875,-0.09279511580183615,0.9785443584062731
9.367281017,0.18320485228556496,-0.09155881184743443,0.9788018012203035
9.378192769,0.18240338325480338,-0.09210257867991134,0.9789004652045641
9.38727493,0.18177669667894755,-0.09169700991289906,0.9790551010630218
9.397200326,0.18405942042423873,-0.091826993537366,0.9786163359616381
9.407718094,0.18441029856276345,-0.09067487982152399,0.9786577072466883
9.417169459,0.1854151266544641,-0.09074158401657532,0.9784616475559336
9.427878036,0.18610358780453304,-0.09172963529645949,0.9782387891586896
9.439330547,0.18453699043012337,-0.09175160210140049,0.9785334652809882
9.447648417,0.18411249087629075,-0.09401483878393452,0.9783985899375358
9.45747656,0.18372697692261425,-0.09523588473613781,0.9783529650434972
9.469755326,0.184124047452191,-0.09616852924524151,0.9781870726668955
9.477742022,0.18431430955946887,-0.09660996178151397,0.9781077397588624
9.489036854,0.18570245906065483,-0.09766750233047301,0.9777400757294102
9.499239518,0.18348919614452786,-0.0966790219250906,0.9782560409309226
9.507064613,0.17993776872435335,-0.09666457588063204,0.9789169316935523
9.518378088,0.1789973512438952,-0.09706630981150027,0.9790495798207809
9.528484636,0.17743352514895855,-0.09677614786282042,0.979362916062298
9.538060237,0.17854097033761163,-0.09913566405566847,0.978925554893295
9.548135954,0.1794289058435374,-0.09687910623958186,0.978989124823157
9.557080764,0.1794629019451214,-0.09715166948239645,0.9789558825310869
9.568088495,0.17837613044671657,-0.09612832627405626,0.9792554829944046
9.579727914,0.17669812717179534,-0.09449752071769177,0.9797183219845332
9.58745045,0.17470916197993153,-0.09699815752732503,0.9798306313626729
9.59827716,0.17479278636306997,-0.0964945019831183,0.9798654463355998
9.607063378,0.17470185719538095,-0.09660113267625808,0.9798711559476321
9.618161464,0.17459708170446447,-0.09562825956003206,0.9799852524573028
9.627945037,0.17372331063033083,-0.09569554740858167,0.9801339569415037
9.637297574,0.17384266127734274,-0.0961335939064015,0.9800699267106661
9.647879733,0.17384491578642122,-0.09672224331420583,0.9800116085554699
9.659440346,0.1731191293975538,-0.09775967502877297,0.9800371487728932
9.667702795,0.172757089758929,-0.09864085299925261,0.9800127397425021
9.677663713,0.17297422669467724,-0.09820331658376584,0.9800183801905591
9.687236829,0.17268329683911288,-0.09871721715863813,0.980018055971026
9.697360774,0.1715531686332074,-0.09568960992507153,0.9805167050511143
9.707282033,0.1720936540296088,-0.09749754752257779,0.9802438484733378
9.717698473,0.17099068038128828,-0.09590936044850847,0.9805934844782023
9.728525878,0.17197464926035366,-0.09498399495948368,0.9805114791338831
9.737702051,0.17239874550312095,-0.09528306001719586,0.9804079819252338
9.747226167,0.1710192780891611,-0.09710549074013063,0.9804707696764757
9.757236399,0.17089907092250978,-0.0958067582660355,0.9806194841162276
9.769999718,0.17094713757453026,-0.09392585369495621,0.9807930516488931
9.777731942,0.1712736229568085,-0.09352228506322526,0.9807746572356986
9.787992568,0.1714945773593875,-0.09513978099803475,0.9805804566724604
9.798866373,0.1701854828798985,-0.0952906441487756,0.9807938593581462
9.807151894,0.16889994966685196,-0.09365082593730803,0.9811739549151287
9.818026436,0.1685025186534773,-0.09542986510022157,0.9810708649503297
9.827518867,0.16875376354564278,-0.09763378116688769,0.9808107932033769
9.836983013,0.16829124231728587,-0.09543155096912788,0.9811069650343592
9.848280428,0.16855172924106532,-0.09372912635711944,0.9812263579022823
9.857866864,0.16578823379600632,-0.09095305446035072,0.9819581474885442
9.868231336,0.16692232696290005,-0.09202850173003195,0.9816657738918151
9.87787867,0.16486402014717194,-0.09525100858488372,0.9817062188987474
9.887479556,0.16163529085200326,-0.09610197415226306,0.9821600904716227
9.89744365,0.16079389571661679,-0.09406590775967108,0.9824952560178715
9.907477974,0.16132975208926198,-0.09138113266838702,0.9826607754881947
9.917630921,0.16013440541088872,-0.08994721948162276,0.9829885400711577
9.928098936,0.1588900018713079,-0.08993509239199723,0.9831915614272626
9.938092368,0.15610927714960307,-0.09149136434583316,0.983493377627916
9.949260131,0.15220497589334234,-0.0901318010458677,0.9842306151271334
9.957353416,0.1496726633519937,-0.09186663654123921,0.9844585389622665
9.969646246,0.1497328980712895,-0.09311073743540357,0.9843324894614667
9.977454309,0.14990169395578723,-0.09278466445961331,0.9843375885286015
9.988555303,0.14892615435243736,-0.09238811875856717,0.9845229484689766
9.997554897,0.14649152865516182,-0.09218269543371142,0.9849073980303171
10.00716269,0.1459585580529078,-0.09132492886011188,0.9850664224811501
10.01868951,0.14587791305165326,-0.09138643512043201,0.9850726643043515
10.027916463,0.14387741608056545,-0.08861446600351064,0.9856199904409877
10.037452713,0.1421609503333067,-0.08846296538020544,0.9858826339663722
10.048338328,0.13829018916906716,-0.08747676170060133,0.9865209778519461
10.057211138,0.13781224968896313,-0.08655012939386945,0.9866695794122626
10.068419466,0.1372652535406453,-0.08746344958355978,0.9866652903377956
10.07929261,0.13650116707042007,-0.08927377821198039,0.9866091545856299
10.087415921,0.13711070094981573,-0.09006811967268709,0.9864524263762935
10.097752067,0.13898161635942166,-0.08917583487346084,0.9862716566893444
10.107179289,0.13867656373796175,-0.08821008499324694,0.9864014353068
10.118990701,0.13992214668098538,-0.08835546344512099,0.986212504964109
10.128412618,0.13901238179917252,-0.08840866659512636,0.9863363855082063
10.137680486,0.13662645516194533,-0.08707142831962361,0.9867886187630367
10.14764839,0.13729122912725636,-0.08764222600291448,0.9866458121463757
10.166926058,0.1368237673326485,-0.08839230211826127,0.9866438352410334
10.167447649,0.13683003542838207,-0.08863667026162185,0.9866210427968787
10.179640491,0.1365281204682229,-0.08739914663407097,0.9867732573844159
10.188678109,0.13513017237075872,-0.08692118861080804,0.9870078740747378
10.197487477,0.13465171243378546,-0.08627801039152798,0.9871296881674305
10.207421925,0.13249467276749421,-0.08354255941217184,0.9876567229837999
10.218116046,0.13162308913653062,-0.08182748949913646,0.9879168104493544
10.23734942,0.132179474792459,-0.08168264275269914,0.9878545096908375
10.237763254,0.1332225186705708,-0.08472894718065847,0.987457728730059
10.247118568,0.13383366655527615,-0.08523859721546223,0.9873312165839341
10.257453302,0.13347070317072848,-0.08571667401753931,0.9873389606363574
10.268661476,0.13430515522971337,-0.08554746720373436,0.9872404753319977
10.278211972,0.1342135680039134,-0.08558633639432627,0.9872495617554136
10.28783887,0.13437045333330613,-0.08489614051003137,0.9872878134553789
10.298255553,0.13420701253046813,-0.08403226984722623,0.9873839452877333
10.307227531,0.1339192788601042,-0.08283189998195783,0.987524431644589
10.318581462,0.13420289680243647,-0.08272844841089431,0.9874946006502316
10.328153438,0.13405428889107174,-0.08167785229276406,0.9876022357582787
10.33717203,0.13366162567469558,-0.0803003372237804,0.9877684068969532
10.348253926,0.13362207467243964,-0.08046007042093956,0.9877607596114003
10.357226083,0.1333797980214669,-0.07869063789368133,0.9879360368908701
10.367501222,0.131637307736963,-0.07690107804121578,0.9883106006756494
10.378553711,0.12977538894846935,-0.0747712196981978,0.9887201895016191
10.387170001,0.12870273193109188,-0.07452573071233515,0.9888789219390138
10.398071409,0.12866063937295302,-0.07443337335213507,0.9888913554114853
10.408148231,0.12714430898216267,-0.0727816024628099,0.9892103734981725
10.417542655,0.12594704055929318,-0.07261781384271342,0.9893755586667082
10.428176556,0.12465309363801494,-0.07192418233767942,0.9895900758604688
10.444918389,0.12111688767059609,-0.07094965386889013,0.9900994122495341
10.447392281,0.12052665223340082,-0.07248301690517955,0.9900603710692254
10.457055926,0.11982655941098762,-0.07154346599749263,0.9902136780174221
10.467189894,0.11670009461217085,-0.07055990993330556,0.9906575528545242
10.478456981,0.11434255801789796,-0.06911873798298943,0.9910339951210365
10.487857294,0.11205790092559917,-0.06879147144166654,0.9913176888853741
10.497419206,0.11058856845692816,-0.06990326586539239,0.9914049132155841
10.507743161,0.10727008944773857,-0.06981008127444951,0.9917760233350718
10.518207732,0.10421717944061706,-0.06589537167426257,0.9923691750056292
10.528611044,0.1005240582900764,-0.0653024040591857,0.9927892574605067
10.537225794,0.0969642348898537,-0.0614631597723828,0.9933882509588182
10.551887625,0.09543930196158693,-0.06052508871158425,0.9935935050499978
10.557062136,0.0936296974835924,-0.06181730397627097,0.9936861177848045
10.567720426,0.0895765372276094,-0.05994398176510992,0.9941744127810045
10.580972393,0.08887495323478202,-0.05891381543606686,0.9942989515423822
10.587276769,0.08922042608075084,-0.05879063744111717,0.9942753021770362
10.599491973,0.08891162591767497,-0.05863132794738998,0.9943123705153231
10.607142196,0.08712935546982199,-0.05653253027128697,0.9945916490884787
10.617423213,0.08479639392248331,-0.05460686616001239,0.9949008301061596
10.627853628,0.08128706074253374,-0.0532460465057828,0.9952674375700953
10.637136169,0.07916698924336565,-0.052155138206416304,0.995496072002703
10.64721408,0.07771346125290485,-0.05085125003528967,0.9956780445053218
10.657532214,0.07620855958031324,-0.04823836818345241,0.9959243521883034
10.667525495,0.07207682022316235,-0.04870651873848996,0.9962091181167212
10.677922867,0.07001039979324492,-0.047562539198356964,0.9964117365756964
10.687263232,0.06836560961642632,-0.045555231033975414,0.996619719023869
10.699263697,0.06769007987560831,-0.04459705259111084,0.9967091631898543
10.70753976,0.06541116651966822,-0.04427356425838813,0.9968757348849429
10.717108928,0.06401080972688888,-0.04297596574381971,0.9970234112629924
10.728150563,0.06011477901037684,-0.038921646612387305,0.9974323630048877
10.737264702,0.057432488153977584,-0.03453428828973936,0.9977519191847062
10.747583753,0.05421895149732228,-0.0318691771841124,0.9980203709564945
10.757118262,0.04982740101962333,-0.030790029971059063,0.9982831282567141
10.768164736,0.04673997740893188,-0.026497460097423497,0.9985555863947675
10.777647317,0.04420598125678371,-0.025520757570814484,0.9986964114054564
10.787534605,0.04182291995168888,-0.02488750604170623,0.9988150256227321
10.799053647,0.03944121232868643,-0.024604265741705995,0.9989189260782654
10.807346904,0.03503448760341973,-0.02305517628336996,0.9991201346809645
10.817845397,0.03269358038079456,-0.020635203580636727,0.9992523796194184
10.829937752,0.030154410171062327,-0.016705969042009872,0.9994056344375906
10.837096378,0.028737338863777526,-0.013654755995169025,0.9994937283413743
10.848357539,0.02637453067360142,-0.010770638033217667,0.9995941063692325
10.858524404,0.023334858855900434,-0.007145321559422568,0.9997021700196453
10.867199068,0.02102652223753115,-0.006329252462177366,0.9997588838944442
10.878594742,0.019705009472562495,-0.006265789067910417,0.9997862033900263
10.887291786,0.017529270226259257,-0.005864880951630428,0.9998291493334038
10.897336608,0.013618660344039142,-0.005992216585566327,0.9998893065888971
10.908086727,0.014586711319254464,-0.0024982338238226454,0.9998904873438144
10.917461275,0.015196587009485786,-0.003316160220688389,0.999879026094984
10.927747953,0.011518388393669745,-0.0023369640120116547,0.9999309302786965
10.938256473,0.011083735921637092,-0.0001296087627411032,0.9999385651126713
10.947514315,0.01138612539028323,0.001366301397364723,0.9999342425225213
10.957500998,0.009733244842406483,0.0036342827249347094,0.9999460265103879
10.969480568,0.008386575241918047,0.0023114711551414837,0.999962160512492
10.977512052,0.004972754998996294,0.002195495172321899,0.9999852256451934
10.990347657,0.003930815238328905,0.0034203700953640698,0.9999864247878433
11.001756006,0.0010628946248919192,0.006359276179398849,0.9999792147147314
11.007164927,0.0007893294830475166,0.008272127213749127,0.9999654738391355
11.018162217,0.0018108313226322433,0.008319628474149465,0.9999637516790162
11.027773267,0.0030342126587985523,0.010169349259873613,0.9999436873590292
11.037488008,0.0036209096780308557,0.011501698369868923,0.9999272973310172
11.048675714,0.0026877820270968557,0.010974702741042992,0.9999361638262317
11.057960862,0.0011607226551428767,0.008462480878020385,0.9999635189047185
11.068091959,0.0005124360655353728,0.0064271774314806586,0.9999792141837464
11.089151558,-0.0016265305216570155,0.008292134255827087,0.9999642968166141
11.089587157,-0.002814263402480182,0.009307269052324619,0.9999527262147392
11.098516134,-0.005057832948717415,0.012776634166980196,0.9999055835153768
11.107079456,-0.005460284654781222,0.013555234625651115,0.9998932147513215
11.118916448,-0.005974931043794755,0.015088190088281394,0.9998683146889303
11.128381446,-0.004996522724836104,0.01365132964989939,0.9998943323969037
11.138276626,-0.00583361392120448,0.013039131188876056,0.9998979697981477
11.147840628,-0.007208854056509464,0.01354908288433817,0.9998822204520816
11.157877853,-0.008594969601165871,0.012773793903835989,0.9998814713189046
11.167454854,-0.011975104955922227,0.014606447598159187,0.9998216083631404
11.178020631,-0.01156677980817214,0.014444685928648122,0.9998287656660475
11.189156894,-0.012263169472817862,0.013573764953679832,0.999832669790032
11.197459975,-0.01216233650792657,0.012640496393894108,0.9998461358737073
11.207096137,-0.0135228132159344,0.010994655008461128,0.9998481140073087
11.218277852,-0.01596832646520414,0.011213950954767068,0.9998096118031096
11.228283332,-0.016583795755156335,0.01144955377983196,0.9997969220979799
11.237620443,-0.021495658637680323,0.01376767201877112,0.9996741408413624
11.251283395,-0.020729474698460586,0.016582235814026673,0.9996475970731555
11.257187324,-0.019220745250178927,0.015657955882582647,0.9996926484523164
11.267977006,-0.018282746780335448,0.014912712264489326,0.9997216373486586
11.277628545,-0.02024159638989226,0.013665076738346063,0.9997017272433433
11.287621334,-0.019116860181773748,0.013033003864112647,0.9997323074038712
11.298123597,-0.020758147953945445,0.012575497838269636,0.9997054346894598
11.307035247,-0.022564362075945307,0.012905049070138175,0.9996620975472678
11.317532345,-0.024960515211870076,0.011573037521349108,0.999621447090291
11.327929334,-0.022209147018521034,0.008746209678105677,0.9997150882151257
11.33733857,-0.021437614764811472,0.004643571681167723,0.9997594040144047
11.373172717,-0.021679878706177987,0.005582606818012758,0.9997493772743252
11.373450629,-0.022636491356225717,0.008864063068432012,0.999704465152076
11.373722927,-0.02342071131169914,0.010863971679398536,0.9996666666449389
11.378409185,-0.025235641379036857,0.00830427337161416,0.9996470384330453
11.387191866,-0.028495945208196854,0.008735998118260516,0.9995557330352166
11.399612002,-0.029121265725812154,0.007069753457153608,0.9995508843818717
11.409013223,-0.026801242571090584,0.008609054243281745,0.999603710268065
11.42045992,-0.025945141544346916,0.010368953381928378,0.9996095910084133
11.427966493,-0.028048651270947408,0.011736228100184303,0.9995376601768747
11.437544673,-0.028260273625805358,0.012812301090798629,0.9995184850093337
11.449580508,-0.030963479504319942,0.011578082207549172,0.9994534561195838
11.457350228,-0.033598361342126605,0.008769958382099995,0.9993969371301376
11.46730037,-0.031813609440125304,0.007136961929482928,0.999468337681994
11.478001379,-0.031593194866144904,0.007169911663968068,0.9994750934389914
11.492638654,-0.033489249720206275,0.009648023184988775,0.9993925083778644
11.497314349,-0.03570442460826874,0.01316660951515934,0.9992756548907152
11.507267141,-0.036594020362595396,0.013711961091470866,0.9992361381559056
11.517857491,-0.03799517632768264,0.012462097746620758,0.9992002115169824
11.528123751,-0.03884839151167819,0.011858449124019347,0.9991747493113147
11.537039897,-0.03855240621789714,0.012085799346691484,0.9991834893696762
11.549534471,-0.03730004225783463,0.012781776315793268,0.9992223641621403
11.557341397,-0.03654386170928212,0.012371501089024226,0.9992554689028114
11.567776117,-0.03479541164105409,0.010768749386919197,0.9993364365244426
11.579235476,-0.03527113950089369,0.009466234402939819,0.9993329460818037
11.587729266,-0.038079555195665415,0.007396823428761938,0.9992473339865681
11.599929423,-0.0392055097522289,0.0065759695604060775,0.9992095298932093
11.607519064,-0.042908944577140146,0.009639801956088974,0.9990324802995764
11.618158552,-0.04364754373490469,0.00945300877490819,0.9990022685414739
11.627922735,-0.04394849278083264,0.010118536243961602,0.9989825550061286
11.637374568,-0.04305047131074911,0.012778030531539683,0.9989911805695071
11.647147701,-0.04176041793223563,0.011930022609340967,0.9990564258612553
11.657359359,-0.04068433572672697,0.012131353047880215,0.9990984011095718
11.66714742,-0.04104846129350053,0.01204019779506402,0.9990846097616016
11.677785949,-0.04164992993135677,0.012425851409238351,0.9990549942588088
11.689255362,-0.04288081234178929,0.011107104227533512,0.999018452366415
11.699235991,-0.04438758633485897,0.010575065218473312,0.9989584126353762
11.707730498,-0.04559571726768048,0.01274829606920214,0.998878627018407
11.71807041,-0.046358118487194296,0.013949182299118,0.9988274851862625
11.728101271,-0.04694302451845626,0.015626418270205097,0.998775333846959
11.737325297,-0.04616844680511675,0.014483133775706637,0.9988286706716213
11.755451237,-0.045604257750860897,0.013642001031499923,0.998866431252372
11.756996331,-0.04896865047214182,0.016467859878966828,0.9986645487159059
11.769809031,-0.04975170700755979,0.017295375274959928,0.9986118553491804
11.777705492,-0.050729479969421086,0.016262587641866125,0.998580015875154
11.787149484,-0.05156219181222083,0.016266690650470844,0.9985372978265767
11.798597162,-0.050484883406205716,0.01652001084220759,0.9985881862856355
11.809368625,-0.05159935029936393,0.02070132783010935,0.9984532848735358
11.818072357,-0.050906128924168174,0.02047659832431004,0.9984935027124718
11.829877984,-0.050254525531365335,0.020853337557145635,0.998518713383152
11.837268956,-0.054440519138409256,0.020134391318310373,0.9983139967776581
11.84791484,-0.05785377131032295,0.018155740807401777,0.9981599622409765
11.878137674,-0.05983026360594124,0.017778033127017305,0.9980502397650022
11.878891524,-0.0574656908269488,0.021041277979068573,0.9981257230423375
11.879427085,-0.05632644858283559,0.024547265118530403,0.9981105965599434
11.887583701,-0.05581594305124506,0.02489134829547507,0.9981307535996141
11.897945372,-0.05902082880872884,0.02311597780041787,0.9979890747583671
11.907390092,-0.05986614427256463,0.019521403598797674,0.9980155106868176
11.917130452,-0.06239022391928452,0.021555716610273917,0.9978190271991807
11.92776672,-0.06396778858950083,0.021990718919901602,0.9977096422829413
11.938067475,-0.06242008864718324,0.02226701754435043,0.9978015396174519
11.953154794,-0.05939330355545674,0.020734581393114578,0.9980192947169018
11.957326802,-0.06318849867399386,0.01817454932260368,0.9978361084828746
11.970367073,-0.06430123033493765,0.018428539145349036,0.9977603623728404
11.977299588,-0.06413141297961192,0.01993438700338745,0.9977423425334006
11.987800136,-0.06712447053870643,0.01779328251466499,0.9975859384294928
12.015285826,-0.06552605055068839,0.015040635220541254,0.9977374985392659
12.015661123,-0.06616680303079905,0.012368450961753779,0.9977319156955391
12.018571202,-0.0672941916887177,0.012860841468552368,0.9976502846797984
12.027689371,-0.06674277356585065,0.009804744325885052,0.9977220400319128
12.037180104,-0.06810103933965934,0.008425631385324053,0.9976428505114527
12.048568961,-0.07171607354882086,0.011817801405353405,0.9973550743665386
12.057040191,-0.07334331123673932,0.010015310198834249,0.9972564626305772
12.075854087,-0.07326241108274544,0.011000311988088271,0.99725203046096
12.078852085,-0.07624016444929144,0.00840105360750881,0.9970540906204783
12.087205209,-0.07544305566504143,0.0065924393329310355,0.9971283192726818
12.098874115,-0.07729938413186008,0.006835726306447666,0.996984492386265
12.107065775,-0.07913130924456342,0.003935844534892003,0.9968564315010656
12.117461903,-0.07867565865349871,0.007221100311850721,0.996874112636959
12.128799353,-0.08228224227384552,0.003992260131574825,0.9966010708731102
12.137161405,-0.08346699735235849,0.0017527062574086102,0.9965090006486428
12.147260234,-0.08636336533614525,0.0008318539792199672,0.996263357324143
12.158545827,-0.08757285651792922,-0.0040177949955603285,0.9961500148695797
12.16730229,-0.08545298207074707,-0.0047439959378614005,0.9963309100684161
12.178038221,-0.08895405784639437,-0.00774283893758162,0.9960056345412144
12.187264191,-0.08762925177374557,-0.005092697537424682,0.9961401400733564
12.19715839,-0.08866737434362333,-0.006735671399870343,0.99603851705534
12.207817357,-0.0882443993077383,-0.011339660918603276,0.9960343056747932
12.229802972,-0.09018361598006365,-0.01015425271736987,0.995873388820342
12.230324814,-0.09048493406513275,-0.01068476537247878,0.9958405055510464
12.237931472,-0.0935757332083193,-0.009129164146925437,0.995570309177862
12.247553646,-0.09282216651689718,-0.0083172482305731,0.9956479642850582
12.257740344,-0.09126511385667667,-0.01130746644618559,0.9957624316046958
12.267492271,-0.0927603456860019,-0.011077341233322607,0.9956268431392428
12.278151301,-0.09309991879392636,-0.010625739363018192,0.9956000696984476
12.290305158,-0.09123247460214405,-0.012718714606678705,0.9957483968737901
12.298215545,-0.09103278260202001,-0.01406021267564029,0.995748634400896
12.307351849,-0.09192740828480475,-0.01779147555469921,0.99560675721071
12.317425108,-0.09325759378939621,-0.017304167026596606,0.9954916308056678
12.327991182,-0.09364569252175207,-0.016583378251594637,0.9954674659866519
12.337223984,-0.09120194433418102,-0.015987164209368705,0.9957040805029412
12.348476211,-0.09009535468142577,-0.01783688711449385,0.9957734042054412
12.357272126,-0.08871883689608248,-0.018571274577028504,0.9958835653530944
12.36727497,-0.09201654173430643,-0.02349659510228263,0.9954802188219805
12.379169386,-0.09448398406301102,-0.023578171470362765,0.995247128398618
12.38926831,-0.09416793984254558,-0.02090411870463382,0.9953368359138495
12.397097599,-0.09197102541198568,-0.020911441212150286,0.9955420845504719
12.407301147,-0.0912396453479181,-0.020366040477329414,0.9956206865629411
12.417327653,-0.08972499196207148,-0.021802706578574024,0.9957279085188157
12.42778757,-0.08984121447197306,-0.0234646095097434,0.9956796514355188
12.438132166,-0.09127302163831731,-0.02211072211427651,0.9955804093535572
12.447220029,-0.09096301468740715,-0.026921868129731838,0.995490302803289
12.457944377,-0.09116716925070015,-0.02921178286587571,0.9954070619563694
12.467954318,-0.09092970179293831,-0.029966558922874576,0.9954063465129048
12.477793017,-0.0913133171741993,-0.029726521424395,0.9953784265447233
12.489460422,-0.0902889197148139,-0.029379470380006212,0.9954821734701844
12.497290242,-0.09012182101408577,-0.030660409741724192,0.9954586865619158
12.507307107,-0.09062958640237075,-0.03014977789646749,0.9954281837286552
12.518208764,-0.09011460276118015,-0.027843249864222527,0.9955421195540614
12.52801255,-0.09001298219951308,-0.0275951520746305,0.9955582206066746
12.53704594,-0.08949257594449503,-0.027565602720222054,0.9956059543802909
12.549186586,-0.09044359638512467,-0.02744564559263794,0.9955233258999651
12.557122742,-0.0889196533396363,-0.028270093790403093,0.9956375329642012
12.567726182,-0.08985863762080591,-0.027658420652702877,0.9955704078627142
12.579416028,-0.08945379289897683,-0.028524597299779936,0.9955824256609156
12.59855541,-0.08971285813812473,-0.029023143068560773,0.9955447053001238
12.599610622,-0.08923224730754521,-0.02969173170554949,0.9955681830536625
12.607163811,-0.08889853189247086,-0.029547290588525364,0.9956023345926026
12.617483951,-0.08875183248444599,-0.03026658448094883,0.9955938158177313
12.628204599,-0.08850687902710684,-0.028838032040791974,0.995658023757603
12.637258084,-0.08888668369035714,-0.02767930546138586,0.9956570762625583
12.64739253,-0.08880324900355639,-0.02592020524472144,0.9957118689292018
12.657800027,-0.08838207747452193,-0.02630779558841877,0.9957391768292366
12.667455472,-0.08825765437322215,-0.024749861594564916,0.9957901539961053
12.678345888,-0.08767394869594396,-0.023019243897705502,0.9958832226372925
12.688855607,-0.08759392600396396,-0.022499042508137897,0.9959021524293583
12.710522135,-0.08861662009118074,-0.021702454876964674,0.9958293518951571
12.710830583,-0.08830839799058937,-0.020992619357447454,0.9958719479816917
12.719526631,-0.08950945263241307,-0.022672591259246377,0.9957278802439133
12.727897114,-0.09111073858929146,-0.02130490879099961,0.9956128435165554
12.737996465,-0.09211527276362377,-0.02085420302630333,0.995529948690556
12.747503237,-0.09246185702464678,-0.020075422239477607,0.9955138283406517
12.762090642,-0.09208835698388552,-0.020126672929155695,0.9955474130069403
12.768058772,-0.09250040388466649,-0.020794808012646167,0.995495480271453
12.778408443,-0.0927005182957249,-0.019542493693163052,0.995502237490181
12.789893298,-0.0932965428108607,-0.018913601167660967,0.9954587037092055
12.800699373,-0.0933686774187855,-0.01811415699957287,0.9954668087853364
12.807145146,-0.09383687679695686,-0.017259236102933655,0.9954379736187162
12.821571888,-0.09414740185569498,-0.016514208237922143,0.9954212915394651
12.82846691,-0.09448568170463346,-0.015876978399927234,0.9953996069467272
12.837224793,-0.09720800344238911,-0.013853703392941227,0.9951676637476948
12.849334725,-0.09765512623466188,-0.013467906438404337,0.9951291834813502
12.857200317,-0.09765653376647507,-0.012886682548808186,0.9951367417725081
12.867182138,-0.09659327596986877,-0.013077872174915506,0.9952380159021184
12.877637177,-0.09476351459932779,-0.014081947635387757,0.9954002084847969
12.888317679,-0.0963410903876403,-0.01394744196579469,0.995250653436375
12.900607769,-0.09542140922424945,-0.014319627267780976,0.995333965529445
12.907481901,-0.09628265115501068,-0.01338065357566269,0.995264090177301
12.917773785,-0.09729274917617922,-0.01324357258153336,0.9951676887555276
12.927580409,-0.09692286472388334,-0.013736224300627943,0.9951971033095297
12.937248492,-0.09707375403684489,-0.01323345214592926,0.9951892091564778
12.947160584,-0.09714768441678312,-0.013479992037231436,0.9951786860796071
12.957305702,-0.09545539118887919,-0.01409793588068291,0.9953338718725905
12.967887919,-0.09543299257644718,-0.013807777325088996,0.9953400872130311
12.978049169,-0.09558615731061139,-0.013463040447456796,0.995330112612143
12.988121357,-0.09477913473746785,-0.01380036069067603,0.9954026650874631
12.997480497,-0.09605295569679168,-0.013321811296271946,0.995287073685626
13.007429342,-0.09643109028547232,-0.012657536180641457,0.9952591781059802
13.017996126,-0.09663455386986189,-0.01442905329178137,0.9952153362059267
13.02752811,-0.09638814014095178,-0.013570821019095994,0.9952513045743953
13.038094025,-0.09574323816050989,-0.011855495093552902,0.9953354608284719
13.048126049,-0.09622245974372108,-0.013063882244672666,0.9952741196381856
13.057175282,-0.0959281426249374,-0.013138978919168466,0.9953015415870163
13.067411157,-0.0963198896126571,-0.01343991055787728,0.9952596885583188
13.078997419,-0.09646036361318394,-0.013395413474909305,0.9952466835661642
13.08722395,-0.0972221061270018,-0.012758898668722598,0.9951809245483915
13.09789031,-0.0976812765659228,-0.011630578093733572,0.9951497866460394
13.107084173,-0.09681676283133535,-0.011537131694587753,0.9952353535858354
13.118889632,-0.09726804019190675,-0.012223407037879299,0.9951831573522595
13.128923576,-0.09861490386603018,-0.010266468338787233,0.995072711093688
13.137137637,-0.09923462259280788,-0.010431925146686602,0.9950093791601148
13.149935252,-0.09924170911793478,-0.010822893295203116,0.9950044965486698
13.158518423,-0.0989632342258411,-0.010032823040361667,0.9950405121066188
13.16814987,-0.09900136298467066,-0.010721485964687501,0.9950295371826339
13.177789713,-0.09963886037440892,-0.011881463129241527,0.9949527266846389
13.188004209,-0.10011111819445326,-0.011186404065809218,0.9949133773238416
13.201050213,-0.1006208997274281,-0.011134809268838544,0.9948625284734517
13.207375837,-0.10099006847011228,-0.010815009229581014,0.9948286493893137
13.21885716,-0.10115798645725887,-0.009319032029701312,0.9948267273339326
13.22781936,-0.10059531519419396,-0.00937190136165497,0.9948832846248087
13.237785877,-0.1009366194586298,-0.009914130158465147,0.994843459482679
13.252000306,-0.10063806229699962,-0.008775126884344888,0.9948844041220412
13.257303782,-0.1007958470074243,-0.0076294456286936955,0.9948778763172165
13.268023588,-0.10000357110544353,-0.006656731710138372,0.9949648102767746
13.278283151,-0.10019482639167113,-0.006007416637493597,0.99494970109533
13.288588058,-0.10046527036625717,-0.005199912014946234,0.9949269774035036
13.298523705,-0.10089717180916842,-0.004076317852857005,0.9948885085041809
13.307187103,-0.10171503848169057,-0.003443908647565689,0.9948076147878521
13.317173029,-0.10097036185752373,-0.0013274504963558939,0.9948885484824623
13.3292385,-0.10068497095671854,-0.000575108845510877,0.9949181905429515
13.33712573,-0.09978274631074696,-0.00045960926513105837,0.9950091418162993
13.34949992,-0.09868572298708223,-0.0007137090553377489,0.9951183943119037
13.357191221,-0.09788748376515306,-0.0009225216839988487,0.995197060624613
13.369872697,-0.09731869476454705,-0.0003381859722386941,0.9952532126446884
13.378771556,-0.09652130554937269,0.0006683126408302435,0.995330694258576
13.387570931,-0.09576548913475554,0.0019367775847139751,0.99540203937071
13.397271166,-0.09545302315823856,0.00027414559404667275,0.9954338979631676
13.419268345,-0.09849418421813971,0.001594391516450694,0.99513634924612
13.419547527,-0.09905688780498761,0.0016252294413465792,0.9950804447921048
13.444802646,-0.09838350681121802,0.0028447362834495564,0.9951445086332963
13.445076258,-0.0966245363169809,0.002572107933742043,0.9953175790883559
13.447528078,-0.09579881624563091,0.0026086467822881453,0.9953972984531861
13.457273471,-0.09522873979909866,0.004129030069599727,0.9954468535421466
13.467297592,-0.09436203051860656,0.004664512005090232,0.9955270209914746
13.477853829,-0.0930287532487482,0.0054090347131560326,0.9956487299306195
13.488283315,-0.09326959311597774,0.006541403266959756,0.9956194017009107
13.497624118,-0.09266474142171459,0.006687408215690706,0.9956749089279109
13.507245911,-0.09108780477730692,0.0071323919612568815,0.9958173230094777
13.517704079,-0.09084252248033985,0.009814602802854705,0.9958169057016613
13.527917557,-0.08697661133169125,0.010303161731350388,0.996157072925547
13.537057131,-0.08434886993126448,0.01288955412215751,0.9963529131466674
13.549917674,-0.08320682610106162,0.014808548292765067,0.9964222654013953
13.558996657,-0.0794809834598221,0.016184424167447004,0.9967049902968419
13.567750899,-0.07846686208813065,0.017463072967933063,0.996763759692616
13.579647843,-0.07481894589831749,0.017530571307205922,0.9970430303674499
13.587195308,-0.07175925862305904,0.01739071636187323,0.9972703604270458
13.597948116,-0.06944336271615786,0.018412828039932765,0.9974159549246463
13.607086362,-0.06713612222893352,0.017158297578606364,0.9975962780184505
13.66776493,-0.06417876720487692,0.018536730111817792,0.997766242903028
13.668299051,-0.06218626275242107,0.018976607772293205,0.9978841401096339
13.668902621,-0.06314805209003642,0.022891765796457287,0.997741595091612
13.669244546,-0.06072989049065979,0.025171408103277258,0.9978368005917053
13.669505786,-0.055803334697125326,0.024508735654861207,0.9981409267800218
13.669761465,-0.050388495063528355,0.024613973600451644,0.9984263377279414
13.678081473,-0.04921206661294973,0.024621328967289864,0.9984848334649692
13.687739103,-0.04674616797112155,0.02179157825151562,0.9986690757690077
13.69723321,-0.04684742952543664,0.023214154572935124,0.998632275351805
13.707554544,-0.04885972697313669,0.025931796948829952,0.9984689624555766
13.757408538,-0.04741224657481067,0.0264150736533849,0.9985260751520793
13.757722459,-0.04646025177225331,0.029195466819016924,0.9984933999393679
13.758002525,-0.04460305647192791,0.03193665424843233,0.9984941749798935
13.758253537,-0.04000130592251712,0.03371611846693838,0.9986306218417381
13.758560525,-0.0384807325186798,0.03853892111141025,0.9985158911025875
13.770242346,-0.035840377017212696,0.0396950847443443,0.9985688597299656
13.777703481,-0.033317311707035245,0.04051983679365396,0.9986231018591709
13.787555537,-0.03210277081809134,0.038889891640890344,0.998727684824027
13.798847105,-0.030847354254316173,0.04039512117623409,0.9987075021850321
13.807074308,-0.02932924375183646,0.03858335650774326,0.9988248695650014
13.818001982,-0.026689843202235376,0.03846077572337052,0.998903609464195
13.831153368,-0.02349941882379365,0.03988315078695996,0.9989279811869566
13.837240455,-0.019259607176436065,0.04051148750243424,0.9989934368712087
13.847814089,-0.01589954806064726,0.041383365142074656,0.9990168274163278
13.857885907,-0.015912880202094682,0.04227868749758116,0.9989791253210228
13.868297396,-0.013608058207628556,0.0442449389895725,0.9989280285013665
13.878081884,-0.01300184618815024,0.047810491135215176,0.9987718002292163
13.887412939,-0.009910556304020827,0.04893950272194724,0.9987525749388952
13.897303509,-0.007595428837110888,0.050193632426683704,0.9987106231159231
13.907469908,-0.007039791940851137,0.05360659051709577,0.9985373176714839
13.917334061,-0.004822404608492911,0.051804329477792094,0.9986456107454478
13.927663306,-0.005571112885297213,0.05371163132268851,0.9985409472634935
13.948150268,-0.005315597217102777,0.05629478290912426,0.998400040987299
13.948408346,-0.001159531538346541,0.05867672055552161,0.9982763635143631
13.962398733,-0.0006364314271022957,0.06256752354566673,0.9980405302152819
13.968843543,5.222978577099953e-05,0.06378752973628399,0.9979635004959811
13.97755509,-0.002416032527197101,0.06386667346554976,0.9979555154450885
13.988461547,-0.0008157103818970848,0.06326032073542079,0.9979967266664879
13.999167511,0.001434267192451227,0.06303110582944496,0.9980105322968982
14.0074035,-0.0006242024404458187,0.06615798212826218,0.9978089655700784
14.018221147,0.00013184705328750715,0.06662831242092823,0.9977778563389217
14.027405182,0.0015057568373062103,0.06857682801670137,0.9976447019633367
14.038276095,0.0041991837055231,0.06966142536027947,0.9975618540586751
14.049241987,0.004236625768960886,0.07062861756060604,0.9974936838815429
14.057457924,0.005469626155108825,0.06913320755770405,0.9975924432364686
14.068061801,0.006894700887889886,0.069584813890004,0.9975522125560949
14.079142771,0.008489574218617032,0.07161286000124685,0.9973963732699395
14.087201835,0.0072550814073425555,0.07552186044042317,0.9971177525194255
14.09817797,0.00837689351535272,0.07535933726479756,0.9971212553857445
14.107282529,0.009305346273193165,0.07636152509016676,0.9970367736531285
14.117315219,0.005934811773575277,0.08070595054164091,0.9967202855146385
14.148611498,0.0018710267943540483,0.0864062148101855,0.9962582322374611
14.148979007,0.0005580273147911856,0.08828849710835886,0.996094789607828
14.149232866,0.0009946747164999593,0.08828261195732184,0.9960949708979568
14.158394466,0.0014095971945929,0.08902938794530264,0.9960280021755582
14.185475249,0.005841160750757771,0.08662514923709767,0.9962238525355305
14.187343392,0.008103352028219239,0.08658137217606737,0.9962118257067701
14.187602899,0.007545495760567857,0.09080140322486761,0.9958404343398205
14.199741018,0.007054748589759336,0.09143813474019481,0.9957857691479475
14.20733907,0.006206655452416004,0.0957704979350403,0.995384091269983
14.236103946,0.008964004306671844,0.09341533294929781,0.9955868732545452
14.236387081,0.00827518532381031,0.09605951738027026,0.9953411929728048
14.23802758,0.011055662160233456,0.09608772868977732,0.9953114692042078
14.247160352,0.019255860245184678,0.10177907806298996,0.994620646837208
14.257261293,0.018720476919610186,0.10195487001464122,0.9946128634922233
14.271170686,0.02254386872802632,0.09664368711004977,0.995063702345005
14.27813931,0.022696042134368093,0.09814756800122296,0.9949130336702201
14.287901433,0.026829458467262052,0.10001082436179047,0.994624559906314
14.298373245,0.026690510902600637,0.10103928420227855,0.9945243484579195
14.307281201,0.030207467429596555,0.10238832265968527,0.9942857437851687
14.318544477,0.03397918874065711,0.10224775565472746,0.9941784604366048
14.331045585,0.035168260817903786,0.10597174607196197,0.9937470414876733
14.336875354,0.03769598265586604,0.10754552993843908,0.9934852650552342
14.348418948,0.03839601957682123,0.1082450096755874,0.9933824860349554
14.358088014,0.039800888842628696,0.10793753682479502,0.9933606481996018
14.367141733,0.038366459613873,0.1074660057062339,0.9934682040177455
14.378536954,0.04403536288608357,0.11037187683736752,0.9929143646956106
14.387487148,0.040037819994027626,0.11332063046889941,0.9927514329781937
14.397523865,0.04080085375663692,0.10988818360603055,0.9931061763157536
14.408406623,0.04241985471236404,0.10989995344083388,0.99303703665064
14.417878107,0.0441259313229414,0.11110160223921983,0.9928289561474127
14.427903401,0.04834406619505379,0.112671278794641,0.9924555577951634
14.437567118,0.04671527483884651,0.11203445071491007,0.9926056442262151
14.447361649,0.046856368248471,0.11153445377844652,0.992655300884908
14.457538673,0.045878549808052255,0.11443561131194277,0.9923707218228337
14.46718559,0.04997381310552039,0.11498748560071484,0.9921091150467876
14.47766972,0.05244308875929232,0.112689709143406,0.9922453083257989
14.487991358,0.05106707350354434,0.11488357461205391,0.9920654808469752
14.497229496,0.05092130386639525,0.11205408039356088,0.9923965456810598
14.507399173,0.05147077545367878,0.1153677238787596,0.9919884311630007
14.518604912,0.05259206382928444,0.11724023227245695,0.9917100396582041
14.527700595,0.05310272809859182,0.11594819069596303,0.9918347227954968
14.537236852,0.05118303027473784,0.11759269106456446,0.9917420311855746
14.580442141,0.05175499191928433,0.11361352385303497,0.9921760871988049
14.580703655,0.055223914427430305,0.11076379865172865,0.9923112919762385
14.581000928,0.05629438713979867,0.113585770581809,0.9919320615333951
14.581275869,0.05864448463982141,0.11547534708472437,0.9915776664674293
14.587699263,0.05528788894182268,0.12018418691260957,0.9912108809695904
14.59828778,0.05779224880483538,0.12091305239310489,0.9909793588864817
14.607580018,0.06483314497900267,0.12073602949974224,0.9905652298020403
14.619597018,0.06694505290117872,0.122140213793139,0.9902525577177899
14.640299724,0.06590441953817683,0.12060238784030555,0.9905108134354478
14.645591961,0.06496734848945475,0.11751238534935213,0.9909440362198841
14.64766351,0.06622854042749354,0.11922681303994775,0.9906557159201078
14.657815141,0.06439047117469898,0.12464829595097553,0.9901094230126377
14.669222866,0.060604796177300614,0.12714986965564956,0.9900302870755315
14.677847236,0.061966361864318475,0.1285623161270129,0.9897635580629136
14.687791662,0.06389268750482631,0.12574011659465356,0.9900036098733044
14.697663115,0.06496074547380111,0.12146317412453703,0.9904679696381306
14.70736373,0.06414141964980707,0.12046249948864733,0.990643560773629
14.718928387,0.0624847722757056,0.12051785536379056,0.9907427010945706
14.727876922,0.06011302973967566,0.12231350597590802,0.9906693847653709
14.73810859,0.06018790713446735,0.12301614706828926,0.9905778330829161
14.749993404,0.059986753930557524,0.12532728815916278,0.9903002878902667
14.757255524,0.06041767672479854,0.12415492699768876,0.9904217578594365
14.768502764,0.0621423049109708,0.1253185889373211,0.9901684630440977
14.779066775,0.057328325441580175,0.12774217736547092,0.9901491802874923
14.788250161,0.056918107569922105,0.1279067789693153,0.9901515969407684
14.798698706,0.059973360811289,0.12482950925698587,0.9903639682519043
14.807465355,0.06251990416199801,0.12225170075185693,0.9905280325396415
14.818008844,0.062084270632812806,0.12091439288330934,0.9907195632133508
14.828317928,0.058928862628558495,0.12045051064447639,0.9909687500798345
14.837109351,0.0557152371220055,0.12464555625856887,0.9906358047523978
14.848087917,0.056327445551894825,0.1231958778388927,0.990782516277464
14.85728772,0.055805884864367855,0.12549466688438202,0.9905234938142977
14.867999334,0.052587233327752586,0.12732614128146616,0.9904658684867967
14.881289678,0.05495440450833214,0.12681329262763272,0.990403151367196
14.887270729,0.0584341308680138,0.12419541860414768,0.9905356885783775
14.897093544,0.057312831002304575,0.1244662307862861,0.9905672096311064
14.907665011,0.0538040380631802,0.1261816143029201,0.9905469830856107
14.917683422,0.054324365059151065,0.12711286423846122,0.9903995068183418
14.928428472,0.05231495171516709,0.12614042642769216,0.9906319895136033
14.938481503,0.04956968263541187,0.12113326110936662,0.9913977908067148
14.947410308,0.04838182481245633,0.12148514616808985,0.9914134144181905
14.957354128,0.04545687773581985,0.12323876110290874,0.991335402388279
14.969762751,0.049286677190670834,0.12076479750167145,0.9914568508694077
14.977611918,0.049160717925260625,0.12355217153285694,0.9911196117132324
14.993073209,0.0462178105174456,0.11951668750923268,0.991755854733308
15.003362565,0.04365699118205462,0.1189236044427676,0.991943165421926
15.007942952,0.04102542072085858,0.11801004929091985,0.992164574615034
15.018494024,0.04287718619278402,0.1191372525818878,0.9919515421387421
15.029950994,0.04093108848223005,0.12446646774130671,0.9913792132194735
15.037947377,0.038147011365184155,0.12336112724444451,0.991628376867506
15.049684917,0.03857292287857855,0.12072560934358645,0.991936216129456
15.057858555,0.040008333519466345,0.1211306749151833,0.9918299717409167
15.069730513,0.03548863128346423,0.1177367200275495,0.9924105107296985
15.077762541,0.03110266272801572,0.12362953759677563,0.9918408954085504
15.087241867,0.029375279881687845,0.11838720049730903,0.9925329030769119
15.09747536,0.03117458772717775,0.11911623437590604,0.9923907838085483
15.107239412,0.030617959456366275,0.12087932912636862,0.9921949044158046
15.122344524,0.02898038143663586,0.12228956636345213,0.9920712673242916
15.128453526,0.0315704778483053,0.12274974643532509,0.9919353833181338
15.148544411,0.028135598648105536,0.11982581091241291,0.9923961724673749
15.149163638,0.026786078013876016,0.11878331008797628,0.9925588301300727
15.157548631,0.026631182705714084,0.11812940869162813,0.9926410342665979
15.167357749,0.02992880888405227,0.11696499139762866,0.9926849737888324
15.177985262,0.02807845297754232,0.11579202473103993,0.9928765318442543
15.188760149,0.0238459180387154,0.11652271314970253,0.9929017219811452
15.197319266,0.025019077542072752,0.11592153483187712,0.9929432227077065
15.207204934,0.026663209671405078,0.11907383318667909,0.9925273273317213
15.217983386,0.024693341873356183,0.11922942265803532,0.9925596121340811
15.227844337,0.021458743485782233,0.11960445328670695,0.9925896922102302
15.237077037,0.021659883545950075,0.11827079634613354,0.9927451174276443
15.247535098,0.02322388637019764,0.11682560621036145,0.9928808734362072
15.257287228,0.023543065594028537,0.11434954761993016,0.9931615704514308
15.268915254,0.019400142064126682,0.11768307882941874,0.9928616859588856
15.277845234,0.018193690006274212,0.11621762929195532,0.9930571243819327
15.28733621,0.01958789984556511,0.11271478022388493,0.9934342919885146
15.299719348,0.019298418391771203,0.11451658843512659,0.9932338707579178
15.30715661,0.017430220852490796,0.11313288644855113,0.9934269663165243
15.318221344,0.02110478747533925,0.11016697862857991,0.9936889980096745
15.329580624,0.017439708492530466,0.1124493524313387,0.993504403465565
15.336978659,0.013712165910787265,0.11479111997058751,0.9932950091900861
15.348384867,0.014874156141805227,0.11208746167562267,0.9935870170318174
15.357219308,0.01780596302523624,0.10979751418384728,0.9937944724940826
15.369322571,0.01658552444673415,0.10812306366947536,0.9939991566805042
15.378386107,0.012846807568054085,0.10564398254945072,0.9943210288867478
15.387229097,0.012062533854972766,0.10637708293245562,0.9942526899655736
15.397249869,0.012223338752701127,0.10865557495590897,0.9940043038240517
15.407783951,0.014306481160187989,0.10798750440981508,0.9940493063667182
15.422134899,0.012747774231738916,0.1044324506456241,0.9944502790508363
15.427838208,0.009535989804724693,0.10752003662334789,0.994157184062439
15.4381862,0.013934120315224806,0.10728613782052086,0.9941305371643087
15.447247886,0.010812222633658282,0.10841196319232868,0.9940472534434697
15.457722314,0.011875018199376752,0.10923247843921458,0.993945295072516
15.468534872,0.008529440172501722,0.11020826647181146,0.9938719166228724
15.478374021,0.011908861344584349,0.10529602512388997,0.994369612425171
15.487990278,0.014771641128789209,0.10446411130171757,0.9944189499744586
15.498213138,0.015179755268115266,0.10140343316505811,0.9947295706735273
15.51233676,0.009560640544604962,0.10268214307643753,0.9946682721619339
15.518879281,0.01105814996795382,0.10887374318384689,0.9939940771274366
15.528386177,0.008031717117131253,0.10798124931883651,0.9941204863172742
15.537492056,0.0048463798718455615,0.10799536865250292,0.9941395842394305
15.573351155,0.008314751010210739,0.10477825795612973,0.9944608496946057
15.573917086,0.011113529685873069,0.10026357562780643,0.9948988415212113
15.574266378,0.013189058163879025,0.10089319844324175,0.9948098367289311
15.57876371,0.010329772859320359,0.10443228313692215,0.9944783527214078
15.587598856,0.0035613179471713306,0.11167264762974594,0.9937386662427108
15.598074709,0.008771503622439999,0.10883355021537484,0.9940212870314796
15.607233426,0.012917446269566684,0.10574321501206152,0.9943095655080392
15.617786792,0.012580583687066299,0.10098042408961026,0.9948088675040926
15.62830679,0.009471283684316007,0.10237795286745642,0.9947004823322648
15.63727822,0.012425395529723788,0.10441158314728209,0.9944565505091755
15.647603345,0.010450756369991928,0.10189285982920539,0.9947404821394982
15.673581951,0.012696844526428568,0.09790059368487228,0.9951152013185314
15.673830266,0.011142326604080599,0.09845200080381152,0.9950794199939895
15.677671776,0.00974625883911856,0.10570070244937231,0.9943502259970328
15.687618434,0.00987938826168305,0.10853757659159378,0.994043254670137
15.709265394,0.007691099306942416,0.10636585955147222,0.994297315149411
15.70981011,0.00819362473574163,0.10164904631042784,0.9947865780647981
15.719629361,0.01338316860856319,0.10138212578164335,0.9947575359704444
15.728258455,0.01146986514193716,0.10241297847500551,0.994675838669817
15.737782688,0.011643003825618396,0.1030339238662506,0.9946096978185163
15.747403075,0.005413559581714809,0.10476463636135333,0.9944823097173368
15.757179558,0.003350860847224239,0.11151405095237925,0.9937572078590288
15.767929654,0.008689825907609378,0.1144496553146463,0.9933910425024247
15.777869305,0.0023602087742993533,0.11355035230593606,0.993529439375472
15.788912087,0.004660548013185891,0.10693542244899247,0.9942550451055666
15.798571529,0.0054183225332799945,0.10106072141011058,0.9948655046633156
15.807099762,0.00687513608968298,0.09893767855029816,0.9950698810972155
15.818076075,0.009142634672298929,0.10222551072869072,0.9947192353561417
15.829456706,0.007799114890856991,0.10235144759162607,0.9947177262836016
15.837215435,0.009808757240408342,0.10746716178328218,0.9941602473543409
15.876183874,0.012759031212264252,0.10601785773098679,0.9942823648062239
15.876643287,0.013142978020174336,0.10115852023441449,0.9947835020308412
15.876961761,0.011979370843340576,0.10412535847776186,0.9944920333497274
15.879219604,0.011441072110781136,0.10169361245797454,0.9947499741413434
15.887087824,0.009082738229061001,0.10078214867036596,0.9948670576391836
15.901510531,0.004838613211396232,0.1036104650673631,0.994606183044684
15.907750704,0.005696265203591953,0.1039990053463013,0.9945610888475934
15.917450742,0.009660127482956022,0.10173014339341577,0.9947651279885962
15.927428346,0.012157853542370213,0.10134446014280059,0.9947771041774166
15.938200263,0.013491791020937975,0.10124113073778675,0.9947704283009129
15.94805751,0.013443038067822254,0.09837904564496973,0.995058213425472
15.957289137,0.010521330048424073,0.09703736709094712,0.9952251257891699
15.968358975,0.009306770818153546,0.09703839085979842,0.99523712486838
15.977666977,0.005239865468781975,0.10202100639407231,0.9947684444453442
15.987979906,0.0017501230586374136,0.10523833990865362,0.9944454881402754
15.997503772,-0.000757712194078414,0.10653464313110496,0.9943087024084417
16.007940812,-0.002270497792634266,0.10433760968541621,0.9945393446439952
16.01751905,-0.0028625365676729305,0.1007568538380706,0.9949069616245795
16.027411429,-0.003401447620605728,0.09887402583669126,0.9950941448772219
16.037507491,-0.010314865347975924,0.09908036443630729,0.9950259719906922
16.049747733,-0.012890497333917615,0.09987331043276994,0.9949166582893685
16.070600626,-0.016606555884129893,0.10506370960020314,0.994326827168367
16.082566499,-0.01721703683463041,0.10270462277021478,0.9945628859475216
16.082833983,-0.016493255341179423,0.10114723960641628,0.9947347427572101
16.087355101,-0.015012557461359145,0.0991923925166825,0.9949550202824679
16.097945295,-0.014440929574986107,0.09715032383384699,0.9951649482030549
16.107277336,-0.014937789362041423,0.0959927020963709,0.9952699450868658
16.118960117,-0.015516716037855129,0.09575726112709125,0.9952837678093813
16.130876671,-0.02025573812226849,0.09853147492723278,0.9949277629666318
16.137850017,-0.024571758887728574,0.10002515844306933,0.9946814547097991
16.147807752,-0.021059068829110496,0.09609220606962966,0.9951496387743517
16.157642154,-0.019399390301109872,0.09554143973566716,0.9952364025442304
16.167416355,-0.0188113882753584,0.09253091426569081,0.9955320997217061
16.177828766,-0.020124035443893393,0.0925647313530002,0.9955032866379698
16.187237827,-0.02163198208864754,0.09437569171814797,0.9953016056269767
16.199746195,-0.022994679982279047,0.09837127225109417,0.9948840824378556
16.20735353,-0.024766052911950845,0.09817314264247393,0.9948611343734677
16.217249219,-0.026985015806487808,0.09913062914762828,0.9947084634639032
16.227954975,-0.028854196134865354,0.1006698080422892,0.9945013952298607
16.23758405,-0.029278285644810886,0.10122142508340308,0.9944330068404739
16.247284071,-0.029508194942981233,0.10055567913279086,0.9944937515265494
16.257745214,-0.030321331806789316,0.0990847372832084,0.9946169271005698
16.26915891,-0.03115456625101265,0.09889863205494728,0.9946096991178859
16.277776448,-0.03140827505143577,0.09564991116648701,0.994919401133648
16.287271462,-0.032945803869932754,0.09494229519991602,0.9949374526016881
16.29854658,-0.03443029326674017,0.09460996601214017,0.9949188455531175
16.307395244,-0.036431646211609624,0.09562343777880862,0.9947506689124037
16.317659867,-0.0391020239755452,0.09716025846511177,0.9945003347892895
16.328581779,-0.03985222066073712,0.0971656047223293,0.9944700326140311
16.337857004,-0.03922059926513594,0.0968718512847912,0.9945238001284541
16.348577165,-0.04051528806972215,0.0944868873239089,0.9947013318360777
16.357101103,-0.04248588433316815,0.09477786070935008,0.9945914270451901
16.368048512,-0.04348356541549925,0.09341136734398757,0.9946775839384754
16.378616191,-0.04350615264948667,0.09292681121144411,0.994721982485414
16.387825537,-0.04480408260458821,0.08919255274225658,0.9950061722005955
16.39747591,-0.047785768015346335,0.08713857819203867,0.9950494402620674
16.415974254,-0.05063822664823266,0.08717391998725245,0.9949052606534847
16.417630953,-0.053384095476196325,0.09313726757916868,0.9942210960033361
16.427863249,-0.055564579831502536,0.0942874697452662,0.9939931843414139
16.437484099,-0.05851445598388782,0.09438491926935197,0.9938146434096389
16.448272511,-0.060043696497496815,0.09091887546114139,0.994046534421703
16.457356796,-0.05973055997209424,0.08663837963129992,0.9944476111793334
16.46739242,-0.06101103246930348,0.08578556403149595,0.9944438098358437
16.477993473,-0.06391552326135479,0.08415547422947195,0.9944006546877571
16.487649657,-0.06529429052418269,0.08172856116545046,0.9945134981058673
16.509167903,-0.06427416194670844,0.07925483944624409,0.9947801277319518
16.509478361,-0.06686564507364595,0.07654991031907595,0.9948211380640374
16.51779113,-0.06815675952902966,0.07421570217010648,0.9949103907799437
16.528615156,-0.07019607868852591,0.07271752151657601,0.994879225133001
16.537856565,-0.07175603560840865,0.07186532006773284,0.9948298583804805
16.552263976,-0.07436476778841361,0.07037387371531402,0.9947448915224829
16.55700376,-0.07811894776623324,0.06769287093358754,0.9946432049859212
16.569073008,-0.07789188363212673,0.06318771972373939,0.9949573692075222
16.581520968,-0.07845524540666751,0.05917921393370396,0.9951595827335274
16.587166809,-0.07976824045029979,0.055313109759131424,0.9952775932895493
16.599814218,-0.08234001839954018,0.05471354843776255,0.9951012757439879
16.60776648,-0.0845247765627858,0.0513947148189516,0.9950950434183108
16.617293354,-0.08760116165170223,0.051353193115930625,0.9948310841716147
16.628404407,-0.08994574436943094,0.05213604820387411,0.9945811156197931
16.637239391,-0.09343021553261846,0.0468388023044082,0.9945234644915207
16.647864828,-0.0931047828408872,0.04387769229151411,0.9946890205141115
16.658100537,-0.08832028609189499,0.0373065315276919,0.9953932638761522
16.669111151,-0.08876591503546402,0.03414231959249392,0.995467183959753
16.677935988,-0.08946821774934853,0.03281951137169578,0.9954488021420681
16.687146931,-0.09045468563514587,0.03140498136439657,0.995405282782922
16.697468624,-0.09141346749862411,0.030665976643242204,0.9953407335362068
16.707270317,-0.09235350268172038,0.030175849212413675,0.9952689328351042
16.717466034,-0.09216929849736366,0.029184862390278985,0.9953155601223987
16.727813133,-0.09147049761115908,0.02884132125705405,0.9953900372491752
16.737497255,-0.09033432184860535,0.028361771141318104,0.9955075691494667
16.752210125,-0.0910269751855265,0.029723634764593363,0.9954047394527287
16.75996087,-0.09013616689991948,0.029767997209051048,0.9954844738913571
16.767979931,-0.0908552350318681,0.028930790380363763,0.99544378828504
16.7942531,-0.09038982855102483,0.026669264433880725,0.9955493102951115
16.794681602,-0.09133809599714279,0.025556487355560095,0.9954919478196005
16.798257518,-0.0928652570238969,0.02507539393595048,0.995362882900926
16.807164901,-0.09436187707451676,0.021725919800855913,0.9953008693675398
16.817337852,-0.09669575907172623,0.020909921298036715,0.995094319835488
16.828500099,-0.09826951486289362,0.017627793549679114,0.9950037001655729
16.837334467,-0.09763304261783909,0.018303638512288854,0.9950541521979569
16.850193682,-0.0965293960463854,0.020154677068087094,0.9951260546740806
16.857529814,-0.09639872669407666,0.02155780011243115,0.9951093139681053
16.869700065,-0.09710489754246132,0.018721081492484408,0.9950980655096362
16.87920592,-0.09752165022959268,0.01829817491259381,0.9950651760218349
16.887172711,-0.09668235505022967,0.02098348396889914,0.9950940737550737
16.897195975,-0.09872223467822748,0.02227782198164233,0.9948656286292593
16.907345562,-0.09892338754533894,0.020586519050095807,0.9948820827766249
16.920727885,-0.09947816731602828,0.01928755857336676,0.9948527952977381
16.929572239,-0.0958608559519647,0.015135422056509196,0.9952796668752597
16.938639781,-0.09546652784147662,0.010861582918077567,0.9953733812386216
16.947659663,-0.0960714290121272,0.008076524787399127,0.9953416751422229
16.95784057,-0.09804851045484884,0.010503530991180187,0.9951262057821122
16.969151348,-0.09851091154409286,0.009515176501403455,0.9950904791640302
16.985535295,-0.09799256185306887,0.00647975616358308,0.9951660517629874
16.988690281,-0.09983808169422763,0.005916256217247309,0.9949861081221129
16.997906381,-0.09885590332988366,0.004195524618176169,0.9950929142296266
17.00711382,-0.09767077029659009,0.0022593701393519698,0.9952162156417289
17.018230754,-0.09703585280094261,0.004049906762839898,0.9952726468292025
17.028521001,-0.09743338672681656,0.003939254325345125,0.995234252538719
17.037220623,-0.09566541790394803,0.005744810348294746,0.9953969685363349
17.049306959,-0.09578424652268364,0.00701822506929714,0.9953773769957596
17.057557173,-0.09651198968872172,0.005901846082224995,0.9953143242509603
17.068818266,-0.09633666956102045,0.005423258024012821,0.9953340315543802
17.077868559,-0.09478819231980602,0.004327568844233634,0.9954880565554978
17.088192448,-0.0932918462185657,6.650805218945593e-05,0.9956388034853857
17.098488898,-0.09224000511298532,-0.004681254925133353,0.9957257992585522
17.107548044,-0.09368511131302747,-0.0069295518898288165,0.9955777625222813
17.117453607,-0.09382090679818904,-0.007237819460316854,0.9955627812534104
17.129521899,-0.09335193672938628,-0.007301758297891638,0.9956063982491433
17.137731481,-0.09330537918592118,-0.009039392273272114,0.9955965024056189
17.14782761,-0.09240949933354732,-0.013450151253605758,0.9956302415375793
17.157500105,-0.08857857504680956,-0.016767470694148075,0.9959280536109011
17.16722719,-0.08895630265603341,-0.011601244444193139,0.9959679650195152
17.179418605,-0.08747609613095245,-0.011428842832159943,0.9961010561972145
17.187923803,-0.08963464085416169,-0.011976672539925378,0.9959027013086253
17.201793051,-0.08979489220556315,-0.013554832360716992,0.9958680353608425
17.207928847,-0.09052986887721999,-0.018086076866102592,0.9957294997461243
17.219037054,-0.09297579511432152,-0.019361930153568584,0.9954800938158372
17.228480193,-0.09208304746783019,-0.019971114721086727,0.9955510368363013
17.237748207,-0.09321148746930658,-0.019708002286336058,0.9954512611120855
17.247974834,-0.09356253821611821,-0.020243640323969178,0.9954075780648806
17.257434083,-0.09370451830535477,-0.021440795430527633,0.995369155409423
17.269164182,-0.09308911008810876,-0.0223564004941922,0.995406755522559
17.277645299,-0.09308480423659699,-0.01951545619910949,0.9954669086361309
17.287006232,-0.09257808780567493,-0.019324284757101434,0.9955178901842353
17.298606383,-0.09244279007489856,-0.019642968976439655,0.9955242258895355
17.307250966,-0.0928129224745474,-0.0223795326380862,0.995432025776062
17.317963806,-0.09269855804069514,-0.02313941641057719,0.995425308471386
17.331144684,-0.09268899829296451,-0.022285345354084538,0.9954456855991171
17.338710604,-0.09491007698184459,-0.020505632380042698,0.9952746336202863
17.348286646,-0.09476015779026709,-0.019257462050200763,0.9953138513307996
17.357184532,-0.09226996512238696,-0.016601297128595423,0.9955956259797257
17.367391087,-0.09202015554523776,-0.018415838400147315,0.9955868359261536
17.381033025,-0.09210350298615336,-0.01973680488898698,0.995553817365216
17.388399847,-0.09321065633840776,-0.021552488852376036,0.995413112114378
17.397954772,-0.09288217203619835,-0.023158981183945576,0.9954077374163613
17.408054479,-0.09163748251694964,-0.01946892360532865,0.9956020956243542
17.417342853,-0.09156157986475617,-0.019963891719869332,0.9955992768780356
17.427976361,-0.09147581206079927,-0.020202321634911508,0.9956023513473524
17.437955539,-0.09540683502677462,-0.018816346988768568,0.9952605090709528
17.447379142,-0.09597251776098091,-0.01882595775684825,0.9952059380596339
17.457546132,-0.0959927476188276,-0.018693147265576707,0.9952064904580836
17.467370219,-0.09514100113213468,-0.017896434123961236,0.9953029225061192
17.477848123,-0.0942524101645817,-0.017938296246513136,0.9953867091266287
17.487409343,-0.0945983033474808,-0.018086642806402313,0.9953512115609101
17.497575084,-0.09449944317855255,-0.02027950603663801,0.9953183394642408
17.507105245,-0.09465916140396176,-0.020306038001670107,0.9953026213081997
17.518497675,-0.09567343994202022,-0.019775244638098977,0.9952163245190283
17.527832953,-0.0954284095007874,-0.020169192204660638,0.9952319439939422
17.537266219,-0.09593423968555213,-0.020807006799530715,0.995170181488573
17.554225708,-0.09710476416943759,-0.020577985219148037,0.9950614108184069
17.559526879,-0.09596112706821905,-0.01902653551084255,0.9952032219794367
17.568106947,-0.09564991005636021,-0.018520306882809565,0.99524273066382
17.579549704,-0.09587361301629149,-0.018401370722898047,0.9952234120451151
17.58700582,-0.09651160586522334,-0.017341321651455213,0.9951807818163978
17.597877125,-0.09928019334305498,-0.015774792471123233,0.994934469767863
17.607496382,-0.0997867514764273,-0.015398117911667867,0.9948896934809207
17.617424284,-0.09970492815607677,-0.015020286832965213,0.9949036728673019
17.628023069,-0.09899606135250283,-0.01608766009653444,0.9949577714804331
17.637457453,-0.09963538653830945,-0.01333923385723567,0.9949345981467644
17.648037151,-0.0989864982642821,-0.013953240408480411,0.9949909448047647
17.657636138,-0.09879481547545418,-0.014125997517353665,0.9950075580764755
17.667520402,-0.09830593085919179,-0.014129945607978145,0.9950559223455853
17.677812075,-0.09903546434582193,-0.014020511108623278,0.9949851265572066
17.688200169,-0.09823572252324708,-0.013552440262398421,0.9950708890241288
17.698782287,-0.09773412740884675,-0.013217391591838944,0.9951247865967059
17.709367721,-0.0972632934909419,-0.013894466638406685,0.995161693161533
17.720349151,-0.09723414106034059,-0.014321585590776486,0.9951584868745399
17.728236242,-0.09676413672703539,-0.017810669671362394,0.9951479698463588
17.737479407,-0.0968720850775512,-0.017329945686823583,0.9951459551820625
17.748633862,-0.09668009426352564,-0.015600473950665746,0.9951932398211467
17.757359519,-0.09601716694129844,-0.01594813857952307,0.995251908075747
17.774569073,-0.09543257068359356,-0.015989888401315232,0.9953074640138265
17.778194097,-0.09430752742542663,-0.014992710027625462,0.995430212981769
17.788993517,-0.09442791567746378,-0.015530555033933845,0.9954105537923273
17.804055929,-0.09535073913040729,-0.018121009419342544,0.9952787878604211
17.807222378,-0.09529034593084139,-0.01913025986103843,0.995265684694308
17.821197369,-0.0950408565070966,-0.021323081273265633,0.9952449757720011
17.828084936,-0.09539503146370512,-0.02135626140585334,0.9952103787997809
17.837062601,-0.09497360400125175,-0.02125084748786136,0.9952529407261558
17.848514106,-0.0946573614088003,-0.020415083132928943,0.9953005617961839
17.857241785,-0.09502015470507626,-0.02050501018388964,0.9952641432088177
17.867093884,-0.09543491359803605,-0.02049358345095941,0.9952246933752569
17.878671371,-0.09548915179258297,-0.021072947210997613,0.9952073918464309
17.887106008,-0.09615772234806892,-0.021649286699151386,0.9951306451005565
17.897849977,-0.09538296867896104,-0.01666477918986306,0.9953011476033481
17.90744154,-0.09583829936163359,-0.01752890500917271,0.9952425623257124
17.91761766,-0.10121926674713082,-0.01404208234386456,0.9947650375654652
17.927530153,-0.10225883096358504,-0.012764207668369361,0.9946759303876613
17.938276902,-0.1024320943756336,-0.012281640916318734,0.994664178171821
17.947363529,-0.10170018193511803,-0.012696408433575128,0.99473407210533
17.957185898,-0.10144322101827646,-0.012169865612831114,0.9947668909249054
17.967298225,-0.09920424546489731,-0.010380635144596239,0.9950129446875228
17.97731334,-0.09985568870619094,-0.010458443840596536,0.9949469646093935
17.990440698,-0.09937030304759556,-0.00997343294828763,0.9950005394508362
17.997284998,-0.09886766951811773,-0.01022406651097998,0.9950480653657066
18.007206806,-0.10004713540436619,-0.009461338862835164,0.9949377135098976
18.018362346,-0.0998177906330694,-0.010325949669602921,0.9949521513301801
18.027413716,-0.10101079281701497,-0.008353667782413908,0.9948502580635233
18.041072087,-0.1026430115181493,-0.00888446599005935,0.9946785804723838
18.049290268,-0.102650291427943,-0.008675436278113492,0.9946796743048201
18.057420698,-0.10214148171094654,-0.00916386292687588,0.9947276719435074
18.067400912,-0.10224066490139842,-0.009406569534831807,0.9947152169792651
18.07927192,-0.10211524959942976,-0.012449031136179336,0.9946946754773631
18.08712992,-0.1031864457684996,-0.011642391634340573,0.9945938930672645
18.098507784,-0.10295469511741401,-0.011452003740910034,0.9946201196253767
18.107420945,-0.10325560312807106,-0.012434434201760464,0.9945771288687171
18.117556532,-0.10301422134200679,-0.011626446141446234,0.9946119323391511
18.129625668,-0.10271316047942744,-0.011884365004796092,0.994640019571282
18.138019202,-0.1029085453403297,-0.012056748950045338,0.9946177487360122
18.1479812,-0.10325439055134042,-0.01253747146624922,0.9945759612222207
18.15815578,-0.10308763491613433,-0.01227814306877173,0.9945964944288617
18.16752825,-0.10379519499104031,-0.012157405320569581,0.994524386323756
18.178144094,-0.10311736980670724,-0.011852329625953386,0.9945985774806761
18.18742612,-0.10319534937845026,-0.012099088085880816,0.9945875184890216
18.197354783,-0.10289021779333665,-0.011542826663492189,0.9946257417918846
18.207300141,-0.10353821555571385,-0.01153311678420234,0.9945586081960079
18.217247005,-0.10392237805597722,-0.01131781371452026,0.9945210135698058
18.227936505,-0.10426099916467162,-0.010677031920444826,0.9944926571084145
18.237673774,-0.1034587623051324,-0.010365702706808064,0.994579728684274
18.247541252,-0.10383864023356341,-0.010422079367686157,0.9945395502724356
18.257477737,-0.1024709161083418,-0.009599450141326406,0.9946896812116336
18.269298312,-0.10270508297440753,-0.010047024893997924,0.9946611097363762
18.278334549,-0.10257264521325564,-0.008706011994240726,0.9946874171362137
18.287402431,-0.10102823335829003,-0.00925627469853704,0.9948404984937073
18.299816272,-0.10105590984327083,-0.009003190616055892,0.9948400100742228
18.307534486,-0.10065780527962125,-0.008271197911429818,0.9948867239647939
18.317722544,-0.10098039120117926,-0.009305381069756409,0.9948448976981303
18.327755775,-0.10057447863947767,-0.0090887191038952,0.9948880185384925
18.343273587,-0.10007881162407925,-0.00897063615707901,0.9949390730848042
18.347896368,-0.09965534356263032,-0.006326763545818394,0.9950019017883582
18.358386651,-0.09860119592812996,-0.005935400894813425,0.9951093282538158
18.368794159,-0.09888137842009236,-0.004744895973084179,0.9950879151933999
18.379477223,-0.09895554386190465,-0.0040367187650845555,0.9950836674574689
18.387425839,-0.09896864420899752,-0.004159348550996155,0.9950818595889808
18.397498607,-0.09587164638958362,-0.002281090962386299,0.9953910910002018
18.408388158,-0.09556369806823121,-0.005300646960673135,0.9954092036711948
18.417300248,-0.09676683491681566,-0.006530868292999229,0.9952856511673025
18.427965214,-0.0963700049693195,-0.009673243936299186,0.9952985735416093
18.437319585,-0.0959663076411165,-0.009071612091822893,0.9953432441383154
18.450891101,-0.09663268607759147,-0.008871842921450553,0.9952805706857775
18.457098539,-0.09594673616541063,-0.008361395213123476,0.9953513504734371
18.467911073,-0.09493819794857093,-0.006214998936486498,0.995463767476495
18.477894225,-0.09422263774897535,-0.005812498186788949,0.9955341829392168
18.487513298,-0.09436997366542961,-0.005397978566907744,0.9955225612198739
18.502595134,-0.0945366876334634,-0.004602646563492309,0.995510738433245
18.509289965,-0.09550034791203803,-0.005624458137577128,0.9954135065485792
18.518612272,-0.09786181223223153,-0.003365040997521107,0.9951943238411826
18.527778817,-0.09582825924691467,-0.0015105778999728657,0.9953967364242834
18.538009853,-0.09463720656926104,-0.0022147776125298686,0.995509364040788
18.552583069,-0.09470974114146649,-0.001746449682090396,0.995503397707122
18.55731894,-0.0947051310789557,-0.0028053959048847644,0.9955014153184991
18.56800777,-0.09508225469535804,-0.0011061848748909996,0.9954688047332623
18.57970114,-0.09480811146916121,0.00034021751582493737,0.9954955079013129
18.587139216,-0.09546230287467491,0.0008745613687208418,0.9954326616463197
18.598511911,-0.09535144964065863,0.00037043148240990196,0.9954436015324735
18.60741766,-0.09591724302239985,-0.003149989663400789,0.9953843278131832
18.620087672,-0.09511709975107423,-0.005452233032373688,0.9954511592689543
18.628173087,-0.09546140275637177,-0.004887289517077699,0.9954211344877916
18.637216295,-0.09529368323710624,-0.005456312332799684,0.9954342482508993
18.650470327,-0.09579050307823132,-0.004636332890570626,0.9953907192340842
18.658967537,-0.09444112557718061,-0.003334055594375479,0.9955248655222073
18.66779749,-0.09329041909610308,0.0018392682579180634,0.9956372405636246
18.679786115,-0.09333952872076591,0.0015268422593027941,0.995633165945621
18.689336702,-0.09378980425123455,0.002267533621709342,0.9955894389304205
18.699634156,-0.09282414120817636,0.002441123264634216,0.9956795266179633
18.70770555,-0.09653170063783663,0.0072061028493018075,0.9953038243941859
18.719655585,-0.09842053664189472,0.007392933500361362,0.9951174516113064
18.728190118,-0.09890108212375215,0.00899581346986959,0.9950566070806053
18.738775515,-0.09800751103339417,0.009327801080842095,0.9951419596761235
18.748605522,-0.09760839455818691,0.00949639979941381,0.9951795916831409
18.757169903,-0.09721619160537087,0.009764307095680757,0.9952153889468798
18.768736975,-0.09635894647651477,0.010138086738558389,0.9952950178872683
18.778055681,-0.09509716918220472,0.010477540398896902,0.9954128538253465
18.787209837,-0.09561192509541874,0.011284986671454186,0.9953547150917473
18.804445851,-0.0944535280144428,0.01293980693440698,0.995445172996547
18.807561062,-0.09432512698746236,0.013333680593422416,0.995452150221512
18.819267761,-0.09427839408084236,0.01309024051721078,0.9954598083361976
18.829246613,-0.09304680096219962,0.013249545025700579,0.9955735745726244
18.837266346,-0.09211548180258766,0.014104973576631017,0.995648425767188
18.850972884,-0.09120868509358873,0.015761128368217008,0.9957070666596974
18.8572758,-0.09135803160194045,0.015806762288008428,0.9956926515385103
18.867359366,-0.09164154071660632,0.01495004814700686,0.9956798301037783
18.879294684,-0.09035213308680358,0.012902881969906604,0.9958262939305907
18.887209105,-0.08973163676150211,0.012204518576036875,0.9958912004282541
18.89743604,-0.08872131246332621,0.009563839526663844,0.9960105730805738
18.908079994,-0.08765987642261636,0.010441103106614105,0.9960957431047925
18.917259127,-0.08747736313099214,0.010436614048713672,0.9961118351002798
18.930888618,-0.08742068717754357,0.009442606912581761,0.996126729200708
18.937856091,-0.087943452325192,0.01079679271144908,0.9960669548078948
18.947825837,-0.08801655589526962,0.012720436068786261,0.9960377886378382
18.958321378,-0.08787149147616069,0.014230629729889277,0.9960301652878019
18.967483657,-0.08780940729987866,0.015488014901932572,0.9960168820778298
18.977520682,-0.08811183065295006,0.016092864298379417,0.9959805846589881
18.987586254,-0.08757943510477821,0.016019572833103114,0.9960287223935728
18.997890492,-0.08538128019097498,0.01642239398704855,0.996213000300982
19.007610464,-0.08409903830969571,0.018039698291445284,0.9962940936495297
19.018316422,-0.0835736043222084,0.020181575800110197,0.9962972230508421
19.027446204,-0.08525902559192254,0.0229720880751646,0.9960939622970229
19.037577818,-0.08643989487624378,0.02439212594690078,0.99595841718697
19.049289208,-0.08551256527661824,0.02882298443478775,0.9959200955639383
19.057256164,-0.08280355529859511,0.032458327793924185,0.9960371620510625
19.068304927,-0.08158155356284923,0.03166821121915779,0.9961634276143905
19.080110876,-0.0820383288748875,0.030013458139505525,0.9961771453541404
19.088612007,-0.08116881466930384,0.03066233486293555,0.9962286106842814
19.098167893,-0.08078294241662907,0.030972549934713246,0.9962503788531543
19.107905826,-0.08042146122225888,0.028466101100150906,0.9963543895938998
19.117708274,-0.0805495670313268,0.026218553662556116,0.9964057179156036
19.129219002,-0.08111674466343718,0.023438292817263486,0.9964289840048909
19.137365556,-0.08036189919105224,0.023728301132777838,0.9964832827919189
19.14779348,-0.08274921613182855,0.025635178899948242,0.9962406360073532
19.157121175,-0.08280107477649874,0.026231805577595288,0.9962207960045786
19.167363933,-0.08108909401740891,0.026136012552114597,0.9963641240426673
19.177919718,-0.08126177970970705,0.02621750116230822,0.9963479140296403
19.187229544,-0.08125879616677541,0.02791111953428358,0.9963021516848538
19.197350073,-0.08220326802895525,0.027304192239331213,0.9962414887021708
19.207103931,-0.07926843381671483,0.028596523253808487,0.9964430511865892
19.218848444,-0.07721981760396075,0.03225408529002942,0.996492234666841
19.228016867,-0.07663711141366647,0.033709506287702924,0.9964890477772491
19.238012178,-0.07512371247642902,0.03286094029671934,0.9966326236013822
19.247801143,-0.07499498438991857,0.03340902631767616,0.9966240962754517
19.257249102,-0.07478740803840528,0.032013337085894156,0.9966855019751829
19.269457701,-0.0735434397107963,0.03041481995786592,0.9968281201904544
19.277811222,-0.07329063023621875,0.029473743919605853,0.9968750081825402
19.288047417,-0.07504343159228528,0.026827671868517394,0.996819321340116
19.298824795,-0.07672837296176846,0.02567941352165732,0.9967212872733399
19.307427762,-0.07661225987164158,0.02598632499732453,0.9967222645002435
19.317885689,-0.07602572035438475,0.025881961000186873,0.9967698901649175
19.331768221,-0.07460638911107521,0.025767262898711937,0.9968801005469592
19.337372774,-0.07508261902067455,0.02963453120203289,0.9967368734432533
19.348674396,-0.07549931549584529,0.030206001737108863,0.9966882415373006
19.357974796,-0.07541319318040084,0.03105826855871601,0.9966685679043311
19.368918537,-0.07459142015445792,0.032627681818035194,0.996680266895318
19.379756521,-0.07576960194109883,0.034850210937734744,0.9965161464920088
19.388322245,-0.07581520171862229,0.032319714706760705,0.9965979586722211
19.397765245,-0.07446332823660924,0.033325165508404316,0.9966667678275245
19.407093785,-0.07290919074496664,0.03336260244497719,0.9967804104530809
19.417293671,-0.07075024499853441,0.03397877162240017,0.9969151648518946
19.428020563,-0.06707054123030816,0.029974486811065067,0.9972978856086514
19.437320787,-0.06564372762237976,0.029435665745983806,0.9974088643108852
19.450247663,-0.06414835884014591,0.029665704080274267,0.9974993403805024
19.457312933,-0.06435812573231309,0.03163951834874353,0.9974251713942672
19.467673293,-0.06325376957967949,0.0319960838181213,0.9974844416101258
19.478356704,-0.06367164562562413,0.034636042586996096,0.9973696737405028
19.48956216,-0.06523403784503595,0.03847001383615478,0.9971281654541099
19.499781634,-0.06807799870300206,0.03746638227257467,0.9969762566340281
19.514104174,-0.06667478559670652,0.03977895052909188,0.9969814983541256
19.52095953,-0.06304835433712225,0.03883695491951912,0.997254529168938
19.53026765,-0.061729396772490196,0.04038813694967795,0.9972754283385501
19.539600201,-0.06146963046221338,0.04218448654280565,0.997217104559463
19.552483945,-0.06166353211075156,0.0434891752341358,0.9971490863682728
19.558289242,-0.0612741007033676,0.03791808758258566,0.997400472837803
19.568847032,-0.0610092329656046,0.036080612400906674,0.9974848685076502
19.581616334,-0.06268387636405075,0.039159462244544536,0.9972648936770483
19.588399638,-0.06322827991383681,0.04436518762602001,0.997012494779301
19.601087245,-0.061694825070470395,0.046962900640439814,0.9969895859651495
19.607785701,-0.060004301459186726,0.05156059753018224,0.9968655820062832
19.618953613,-0.06043161111098253,0.04980483571870152,0.996929033942519
19.62858861,-0.06085857239390561,0.04748098703400742,0.997016444215667
19.637316124,-0.06277169166555209,0.04689381522304823,0.9969256164926606
19.647665656,-0.06245597583373108,0.051806952655366376,0.9967022076524267
19.657579546,-0.06397655502536027,0.04989061221401005,0.9967035302536047
19.667779103,-0.06242911873813828,0.047755044096386846,0.9969062447878093
19.67812031,-0.061823308170810276,0.046223727193755844,0.9970161711883787
19.68794584,-0.060313881566722786,0.04644137472356425,0.9970985078737912
19.697568839,-0.0588380314046207,0.048971493771718604,0.9970656341777082
19.707991451,-0.056636346906148036,0.04856855006468116,0.9972128259071587
19.719246555,-0.056924237604571326,0.04728379126819336,0.9972581783352014
19.727861128,-0.06024912297547084,0.05086150034891671,0.9968867292541033
19.737670917,-0.06264397818502748,0.04766459277154605,0.9968970952877116
19.747497913,-0.06236583957832432,0.04793287116350796,0.9969016711369849
19.757453007,-0.06091260186905058,0.05073413787386142,0.9968528989714273
19.768365639,-0.06123559902400436,0.05806836243695573,0.9964327707858979
19.778105629,-0.06077031019561491,0.0567827798058922,0.9965353407261804
19.787614788,-0.06009690138376864,0.05976241845682947,0.9964019348557391
19.798499358,-0.0601298083332011,0.058202510146425544,0.9964922849487937
19.807322764,-0.06242987350424037,0.05402644927734013,0.9965859991354121
19.818672476,-0.06379695397861779,0.0500288878869342,0.996708111254166
19.828844725,-0.06230117046806984,0.04924196712079389,0.9968419096488587
19.837816443,-0.0600472830578522,0.04997184992132501,0.996943899130142
19.850529694,-0.06038685161152006,0.04708987587359286,0.9970636748686907
19.857558167,-0.0600024914402843,0.04435334524455757,0.9972123554121137
19.869116241,-0.05917185861936356,0.04869501920643263,0.9970594196195206
19.879429978,-0.058581513294714525,0.04848435275404964,0.9971045450894918
19.887520945,-0.06270560370563803,0.051647694800008824,0.9966947992669354
19.908166165,-0.06576463166751485,0.051083847265397546,0.9965266949611543
19.909196207,-0.06599523337110996,0.05058243212585627,0.9965370272762201
19.917696154,-0.06421340520207272,0.04639995170338876,0.9968569020046346
19.92805649,-0.06257487636108532,0.04770123839918214,0.9968996823670772
19.93822367,-0.06074296822273656,0.048937134774149786,0.9969530824725847
19.950046269,-0.05732601146414386,0.053327004177474074,0.9969302678899206
19.957253848,-0.0559736664366825,0.05421835157823115,0.9969590357771849
19.969772996,-0.056609587927990035,0.060920763008604106,0.9965360079741589
19.988790109,-0.05989459524002773,0.06010764193681978,0.9963933504604637
19.989465217,-0.05924807079625009,0.057719325069164176,0.9965732013356986
20.002755435,-0.060651189012442465,0.060769472321816,0.9963074347334288
20.007278356,-0.05969833693387945,0.05889669652824368,0.9964774396369389
20.018584085,-0.06013825815323935,0.057064503566302126,0.9965575910799265
20.027376022,-0.06072253963088875,0.05652966596208805,0.9965526428879661
20.037496954,-0.05908670373448878,0.055879119622817476,0.996687656907605
20.058885121,-0.06134704945343659,0.056302584712417454,0.9965272492401093
20.059665985,-0.06400746622397172,0.05806244011538228,0.996258900745903
20.069520432,-0.06536672996506808,0.05846202572573883,0.9961472693139889
20.079301905,-0.06552384938667259,0.05728451805369359,0.9962053549107778
20.087629214,-0.06433868824682498,0.05666073517209315,0.9963182695727485
20.098726498,-0.060250102363678545,0.06181399219165696,0.9962675120340401
20.108405264,-0.05806822545711456,0.06317901290403162,0.9963114440378239
20.120692959,-0.05906233479299443,0.06607175670122455,0.9960653410169507
20.128607959,-0.05996892984787452,0.06230242026082881,0.9962540518776042
20.137260178,-0.06015467802561085,0.06156468501783711,0.9962887153181499
20.14754759,-0.060877033389329004,0.062387382767692644,0.9961936565131864
20.168821116,-0.06288881573774657,0.06114732033231666,0.9961455727308538
20.169289399,-0.0655606542867169,0.0637509419223249,0.995810031087011
20.178297801,-0.06607111048956386,0.0691646542087103,0.9954149179949362
20.188821139,-0.06561513742196483,0.07471689045712775,0.9950437377429768
20.202275955,-0.06518685384292369,0.07643746802799162,0.9949411980451563
20.207156634,-0.0682991033275331,0.07462636815008529,0.9948699099185697
20.217456634,-0.07147553506871528,0.07447259221840012,0.9946582734260611
20.228345762,-0.0702469692997444,0.07594349866532998,0.9946345802930189
20.238798242,-0.06724237794541009,0.07192479101744427,0.9951408377939999
20.248016002,-0.0672415599133583,0.07087874549622566,0.9952159444348245
20.257600437,-0.06833723948418434,0.06742127138667307,0.9953815318079222
20.268442926,-0.06769502683353737,0.07148953957720482,0.9951415120841085
20.278447448,-0.06749892443127203,0.07472906791775674,0.994916811401217
20.288223077,-0.06899106634011144,0.07618196202028585,0.9947042482205423
20.298542162,-0.06852094346692023,0.07471040810718665,0.9948483478535112
20.308297996,-0.06900024559286619,0.07578818015966475,0.9947336919277494
20.323314437,-0.07303016706913337,0.0787461513813263,0.9942160923765436
20.329711397,-0.07410421962964929,0.07968323197522964,0.9940619433290174
20.337378389,-0.07447741276342404,0.081886215855492,0.9938550008129629
20.348133208,-0.07292967364721366,0.08496526588306923,0.9937113093324089
20.358082064,-0.07154716122490734,0.0861074231840593,0.9937134976406723
20.367730668,-0.07102314299562357,0.08487570047976872,0.9938570463739199
20.378511694,-0.07197736453959447,0.0867098732173907,0.9936300402466495
20.387501,-0.0747254192874384,0.08998243563692891,0.9931360797942861
20.401263481,-0.07426653603404754,0.08999944465047122,0.9931689592350892
20.408045369,-0.07268757994137288,0.08798447548667843,0.9934662791436862
20.417480518,-0.07431805826158856,0.08612364678151378,0.9935087033747013
20.427941508,-0.07324894048478195,0.08418498520779644,0.9937542357059013
20.437478494,-0.07596235312402368,0.0854935518823665,0.993438761823998
20.447720601,-0.08180011479148322,0.0930734692691773,0.9922933389569336
20.486070219,-0.07904113450385365,0.09494502676676422,0.9923396298387978
20.486440282,-0.07606068610232049,0.09431559623909046,0.9926325303634317
20.486777835,-0.07412523205500664,0.09454863388011318,0.992756770716874
20.487498382,-0.07443051740944245,0.09606004577561224,0.9925888200477325
20.49991028,-0.07973149632167353,0.09815889200370564,0.9919716328680533
20.507066395,-0.0793833467934584,0.09600519791496503,0.9922103034262333
20.522086554,-0.07724111799509853,0.09765781438387511,0.9922181015183265
20.52772169,-0.07342455008745513,0.09390311908193388,0.9928701021136346
20.537574945,-0.07544000728014347,0.0959849498677444,0.9925198711866976
20.548429502,-0.07560411764320124,0.09632460140768925,0.9924744775353384
20.557221513,-0.07691934280184175,0.0945996037984723,0.9925393340639479
20.568322923,-0.07752785986041812,0.09072888594988988,0.9928533125289734
20.579658706,-0.07830064558763794,0.0924753313448278,0.9926315137014459
20.587300414,-0.08138844336747462,0.0951440218998495,0.9921308060850346
20.597743575,-0.08194506603775611,0.10104475080683993,0.9915013688777496
20.607164276,-0.07990969986474501,0.09858216789631373,0.9919153169703498
20.617410567,-0.07965244235548893,0.0920846966552152,0.9925602737711814
20.628555541,-0.0820398330090721,0.0933951381792909,0.9922433239706452
20.637427162,-0.07985529448170624,0.09342337447548069,0.9924188657239714
20.6479293,-0.07763889374378598,0.09546695856062612,0.9924002529228945
20.657767436,-0.07825063060156326,0.10023726669436275,0.9918817112821976
20.66728401,-0.07863336586671031,0.10089093372722781,0.9917851648739864
20.677946014,-0.07923105062341392,0.10257243130736941,0.9915650946623752
20.687771887,-0.08086007359807695,0.0995206060565631,0.9917445726939211
20.697375956,-0.08211111941819488,0.0968736695651366,0.9919038543189937
20.708070198,-0.08048245840038286,0.09401224638288633,0.9923125875548865
20.720649318,-0.07892363897295504,0.09507956789389352,0.9923360998071052
20.727836244,-0.08285796667214693,0.10069414617573562,0.9914611673105997
20.737529936,-0.08751120116939541,0.10435224505613541,0.9906827941483762
20.754998233,-0.08348642035518403,0.10524825379576341,0.9909353271981074
20.757139691,-0.07914980613407589,0.10364417810063098,0.9914601315911714
20.768234897,-0.08071992066154876,0.10134958626797588,0.9915707517730156
20.778036736,-0.08095913539203399,0.09581326557318155,0.9921015253172314
20.788068098,-0.08380671189428679,0.10229641224590856,0.9912173722665897
20.798791591,-0.08301325414347711,0.10738343368502551,0.9907459804644803
20.80781047,-0.07785556374873073,0.11188530851840756,0.9906665377063608
20.817475507,-0.08035731517185625,0.11110709094099701,0.9905543479491674
20.829267521,-0.07774252577501403,0.10653727452236941,0.991264802574704
20.837503222,-0.07984499908224664,0.10387930642731223,0.9913797788021181
20.85594499,-0.0818266682804197,0.0975102929475271,0.991864980290873
20.857158848,-0.08130471793522955,0.09489802206540636,0.9921612309748584
20.885481593,-0.08037035592822596,0.09562207786141255,0.9921678406970447
20.885896893,-0.08123238353054983,0.09627050896252522,0.9920349232612944
20.887375575,-0.08040607694957659,0.10139982989310178,0.9915911139614094
20.897811356,-0.08274055454683464,0.10555536077018336,0.9909652195944916
20.907556987,-0.08608231083866288,0.10180282075991504,0.9910731665452358
20.917282623,-0.08694889292616523,0.0996844315338056,0.9912128450180093
20.927428315,-0.08393104447872943,0.1033072898302521,0.9911020046597817
20.938035815,-0.08792334246822746,0.10899340698823914,0.9901464149722056
20.949625092,-0.08898698264252614,0.10834049394050095,0.9901230500765585
20.95729853,-0.08704707029812497,0.10427670202766602,0.9907316372089602
20.97126064,-0.08813505050947172,0.1028312938827257,0.9907865248730916
20.977419979,-0.08243976267048,0.11002909514296473,0.9905035506008323
20.988070729,-0.08175710692712196,0.1127730419239891,0.9902514915323872
20.997943376,-0.08678157740066561,0.11253884783516088,0.9898504763608424
21.015279259,-0.0865233969586851,0.11309963680936687,0.9898091603598742
21.018109824,-0.08505431865279,0.1060966340888048,0.9907114953978964
21.031606008,-0.0859071903348493,0.10198343856689984,0.9910697921472752
21.037494521,-0.08954751217573408,0.09842336943934285,0.9911075034582996
21.04810544,-0.08946088651226773,0.10599126441802556,0.9903345907578445
21.057264042,-0.08840106864599186,0.11140351886875981,0.9898355959682924
21.068180185,-0.0879328523571377,0.11178589680192705,0.9898341915454967
21.078411966,-0.08815248517598041,0.1105513423722243,0.9899533019577227
21.091566263,-0.08773753020616945,0.10741386651409879,0.9903354921812169
21.098042394,-0.08629972639502229,0.1064580440499847,0.990565011536949
21.107395863,-0.08888928086566708,0.10526037739524459,0.9904640067654126
21.11769126,-0.09214006796712874,0.10653980581101262,0.9900300387628472
21.128298792,-0.09132391099074896,0.107307327027003,0.9900227678430802
21.137280447,-0.09310294440769071,0.11019359241960004,0.9895399001214058
21.148237104,-0.08989285368798665,0.1117060489820119,0.9896671326646443
21.157680606,-0.0881945836655181,0.10804891408820358,0.9902258063575329
21.16731978,-0.09125552427783856,0.11304365646725593,0.9893904997630056
21.1779472,-0.09378471973409405,0.11755779299310747,0.9886276304306831
21.18850698,-0.09310517090673014,0.11920329835181327,0.9884948157742038
21.197617902,-0.08965033084500168,0.12237810597314953,0.9884262326333748
21.207520497,-0.08731747721457805,0.11916481581045113,0.989027504595167
21.219121766,-0.0850429608220598,0.12036114554768217,0.9890808305983224
21.227985946,-0.0827816481114797,0.11769442756573666,0.9895934622136107
21.239164232,-0.07942357076007106,0.11278181475971283,0.9904403862258576
21.247819597,-0.07629027758646874,0.11136880660235059,0.9908464979308086
21.257155004,-0.07653794201991064,0.11540207249946123,0.9903657430940278
21.273784252,-0.07849815293686263,0.11930002324817711,0.9897502434647265
21.287729575,-0.07980904949734868,0.11879638830593763,0.9897059834838803
21.28804162,-0.08014549858369834,0.12630612407446112,0.9887484321494814
21.298697261,-0.07718709961106866,0.12977577340639013,0.9885344709672013
21.307547082,-0.07574697986204731,0.13254106831116066,0.9882789384848363
21.317645506,-0.0729018749393456,0.1321036426622806,0.9885514373191132
21.328751548,-0.07219433751892695,0.13244552108575589,0.9885576167196963
21.337495439,-0.07387548516431179,0.12992280320993518,0.9887681618548455
21.3484829,-0.07859821273598465,0.12967676846480908,0.9884362683932805
21.357433357,-0.07740380558367359,0.1294552000202325,0.988559559191497
21.367277992,-0.07331865028139857,0.12243718051657011,0.9897643721351396
21.378395866,-0.07169270969544549,0.11961774920523857,0.9902281300041911
21.388213312,-0.06829530694415911,0.12119748409794824,0.9902761841515381
21.397488541,-0.06610424020270927,0.12292926394660382,0.9902114044449138
21.407791719,-0.06481065993080727,0.12504181565600556,0.9900323846707152
21.41737545,-0.06664726842097785,0.12969052129894573,0.9893121399726326
21.42803872,-0.06422571020559828,0.1271709585427684,0.9897992753340953
21.438705135,-0.05985234527668415,0.12275026795807063,0.9906311465329073
21.452793146,-0.05687927801578198,0.11812429663639748,0.9913684472871627
21.457840547,-0.053809791417864766,0.11510001052626291,0.9918954047299645
21.46871539,-0.05534383813035233,0.11232627066398297,0.9921289575955956
21.477855053,-0.04794898519357775,0.11718673276386277,0.9919516946318692
21.487658049,-0.045020128370489396,0.11954227441287123,0.9918078607622056
21.501924706,-0.04457602677528785,0.12369172593705423,0.9913189873959046
21.507361223,-0.044098298173655584,0.12302770287834146,0.9914229795716186
21.519112941,-0.03968203140002138,0.11653418898396992,0.9923936311675
21.528033979,-0.036807328348391975,0.11180823547117053,0.9930479037089184
21.537571833,-0.03738611072825795,0.10902499755935101,0.993335707921445
21.548611167,-0.028342077099232494,0.11237096509297166,0.9932620464257029
21.55724669,-0.026639155236633363,0.11368749718723398,0.9931593569974464
21.567434244,-0.025781247557091366,0.11264224530153823,0.9933010882143581
21.578532369,-0.02503462407005787,0.11142395050520909,0.9934575838210122
21.587732266,-0.02788932626549378,0.11089698101509055,0.9934405090805365
21.597470544,-0.025770054347370015,0.10166715057811244,0.9944846377859544
21.607274037,-0.022484497643207323,0.09944584954261802,0.9947889074444284
21.617327017,-0.021458657601367684,0.09977705279474192,0.9947784003231789
21.628139454,-0.02051614936420176,0.1010014327128667,0.9946747197979922
21.637372421,-0.01509438709261971,0.10375284414705467,0.9944885654494451
21.648437151,-0.01440159615347101,0.10060924689979885,0.9948217797507692
21.657707279,-0.016965404040971882,0.09982270165280181,0.9948605949078808
21.667284064,-0.017559457316395598,0.09669177906891474,0.9951594672811198
21.679538524,-0.01165013468489206,0.09239841835186595,0.995653959289018
21.687782184,-0.007833130236643239,0.0944298150735856,0.9955007042166591
21.697533287,-0.006479637807573439,0.09699361816449396,0.9952639108946145
21.707302123,0.0031037235734831213,0.09879464933226335,0.995103001785893
21.717588784,0.0032480581624630984,0.09825974485264634,0.9951555017481771
21.727911132,0.0018198382555132805,0.09249000613184444,0.9957119497899256
21.737935483,0.007306702989617101,0.09118271059143904,0.9958073736323805
21.747248887,0.010858458311944732,0.08774572289148692,0.9960837223834842
21.757314279,0.010009314711685363,0.08807333016129475,0.9960637038529725
21.767906801,0.02095563856991111,0.0860916163410387,0.9960668124216944
21.77812822,0.02232992510797855,0.08218476557050973,0.9963669197403096
21.788158691,0.02342723615744507,0.08352725360622908,0.9962300750885933
21.798352272,0.022935082068736862,0.07695659303340634,0.9967706179453681
21.807223732,0.02157393946318182,0.07263504132575632,0.9971252257904445
21.817381825,0.014999863910515217,0.07832887769257554,0.9968147225046828
21.829644679,0.01622914557947969,0.08627210502988836,0.9961394173143999
21.837811321,0.015724161129633457,0.08775914402873795,0.9960176119909289
21.849824197,0.020933502521444432,0.08732292392246166,0.9959600872674651
21.857738584,0.023748698577523684,0.09139351948440866,0.9955316287854078
21.867708725,0.023776097859145154,0.09482674605093654,0.9952098197887638
21.879165975,0.01944203686836742,0.10355010098036468,0.9944342028457013
21.889889069,0.018014461656647093,0.10765241968557136,0.9940253697502207
21.901084609,0.016693717506963742,0.10472426918824806,0.9943611754482298
21.907467982,0.016697445842438912,0.10295528099642606,0.9945458287164477
21.920626244,0.016200892162072527,0.10183992845200528,0.9946688695571223
21.933055776,0.01697051215167965,0.10281595210673627,0.9945556202192489
21.938563644,0.01800425328392259,0.10423282607123277,0.9943899460638631
21.950613506,0.020297878485381272,0.10546045336847057,0.9942163189690206
21.957508688,0.019999631871579444,0.10654383882367696,0.9941068479462938
21.96752029,0.020277105728786896,0.10794098681220458,0.993950492906599
21.977537103,0.023691453938010185,0.10872497935767975,0.9937895118554912
21.988280179,0.024588855084330802,0.10998720337833998,0.9936288055902232
22.00213187,0.023950481822611072,0.11149048858279995,0.9934768469249967
22.007257467,0.019418633941013726,0.11276162664631412,0.993432298756157
22.018836933,0.019413008082091194,0.1130871871519788,0.993395401247287
22.027448201,0.023570280113812847,0.11270826648161546,0.9933485232092842
22.037504775,0.026188854531672273,0.1122959123638244,0.9933296391252479
22.051004873,0.030526705665184235,0.11327698934050127,0.9930943781570728
22.065376691,0.03236854985262648,0.11328135804866656,0.9930355536933649
22.068807485,0.03311011522740352,0.11180720735121451,0.9931781656147858
22.077826173,0.034218153064762016,0.11287998393577073,0.993019248165662
22.088150489,0.035659502786760416,0.11353417018246655,0.9928939480437877
22.098400438,0.03690319341085862,0.11360867155840221,0.9928399790816321
22.108252059,0.03771103241750439,0.11329449059567975,0.9928455249607924
22.118167609,0.038728305596331954,0.11206595887903793,0.992945788654224
22.129219023,0.038240734514987364,0.10964301609434544,0.9932351459979099
22.137660957,0.03507994474454615,0.11005203066417225,0.9933065730294004
22.152191458,0.033028635344269676,0.11240997166770511,0.9931128372531295
22.158273302,0.03299714243513235,0.11301638160686271,0.993045057426705
22.167445325,0.03307301523253877,0.11278732657480535,0.9930685749874157
22.178349813,0.03336598148273864,0.10959001035464694,0.9934167005391856
22.188652748,0.03309255073039364,0.1061790185772839,0.9937962060201886
22.197811395,0.03327475364012876,0.1066005618401909,0.9937449929360874
22.207816944,0.032581373177512876,0.1058536218544332,0.9938478076960106
22.217847273,0.03149457481384631,0.1065866025693223,0.9938045018563886
22.228130132,0.030010353485011,0.11098979627648592,0.9933683323954962
22.237545403,0.027414304662236568,0.11242768782891956,0.9932816674585963
22.24965353,0.026545579598741306,0.10936624236375239,0.9936469983022139
22.257188429,0.024936149764352565,0.10802007135249489,0.9938359284207489
22.269019088,0.023467470895510982,0.11168574530389666,0.9934664423651569
22.277832995,0.022061609693250845,0.1148767711197152,0.9931347405235864
22.287461797,0.021322460716436033,0.11713473709834987,0.9928871063891891
22.301465791,0.020086622476595227,0.11970510156197361,0.9926062745406763
22.307340031,0.019566227971317223,0.12051055295549924,0.9925192035166546
22.31773615,0.018534545857614777,0.11691511208018648,0.992968945726466
22.329473454,0.018641091096281353,0.1156840296044166,0.9931111292384275
22.337967981,0.021302549531110875,0.11630611053876573,0.9929849394803625
22.353515527,0.02383400185252769,0.1174637698376529,0.992791117572685
22.357760461,0.025751023885610652,0.12018803613746269,0.9924171102607324
22.367927486,0.026027028151481325,0.12208063680629197,0.9921788709313318
22.378919355,0.022957069601266547,0.12348751795873528,0.9920805440405097
22.387539482,0.02362621887526554,0.1218479025676568,0.9922675498178508
22.403458837,0.019863894936939703,0.12736168877927886,0.9916574135805291
22.4251366,0.017614170882923046,0.12734151155563375,0.9917025160897968
22.425461944,0.017183255924321465,0.12505893238398272,0.9920005036020989
22.427996672,0.01543209128165304,0.11805192793352283,0.9928875026254753
22.43799545,0.016958693611076343,0.11423806009655663,0.993308647066148
22.450252935,0.015239224030316275,0.11805274416173207,0.9928903845071914
22.460740059,0.016755784340544505,0.1211285233513188,0.9924954027711475
22.468031086,0.013884848287630334,0.12020836359581398,0.992651580520399
22.477943914,0.017260837777468077,0.12237228571935034,0.9923341610400408
22.487417084,0.014743968161112729,0.12369895223997439,0.9922102522235884
22.497716547,0.010151055104339063,0.11857218746216772,0.9928935453716603
22.50956466,0.009081468085106188,0.11434903993934656,0.9933991262339468
22.518434418,0.006166129592531507,0.11169854260428894,0.9937230068917223
22.528216871,0.004830591885629566,0.1154875296833755,0.9932971840640977
22.537834942,0.0011894279784786445,0.11820099037431173,0.9929889783555587
22.548340687,-0.003064529326800709,0.11760891873709801,0.9930552607450885
22.55726429,0.0006845692646600754,0.11520229510553427,0.9933418155737427
22.568155069,0.0020256022852481715,0.11234309733588149,0.9936674118719817
22.57946751,0.006033572572911049,0.10900166923101619,0.9940232553149144
22.587457604,0.0046368214963777915,0.10515647942744541,0.9944448776683583
22.598341917,0.0020431925467975652,0.103706837696459,0.9946058099464415
22.60755536,-0.004251505812829946,0.11170591328693126,0.9937322142484143
22.618099514,-0.005771217339780787,0.11315137368291336,0.9935609994781834
22.628345425,-0.0059505773986123865,0.11523194823452536,0.9933207884337764
22.637546813,-0.002066676457747126,0.11171251612947274,0.9937384175870636
22.647690164,-0.0019173629723967368,0.10937967648951445,0.9939981942087629
22.657545821,-0.005795248109235204,0.0996625562129299,0.9950044170698225
22.667882647,-0.007662371939552204,0.10290658830990079,0.9946615113387453
22.678009676,-0.008377868308188846,0.10289435922951903,0.9946570072951567
22.688052066,-0.010381033652412417,0.10118854350675273,0.994813104458968
22.69792364,-0.01148672048830467,0.10337640157230675,0.9945759774146894
22.707286601,-0.009905401331962452,0.10086007147180201,0.9948513099992158
22.717338987,-0.011360439337376823,0.0958883669819278,0.9953272635146698
22.728024894,-0.01606287901460433,0.09190948569972657,0.9956378007871005
22.7378933,-0.018719225625560113,0.09427773107689737,0.9953699312391207
22.748057831,-0.02417633463020555,0.09988300479118033,0.9947054288570729
22.758076156,-0.020871304868118022,0.10096968856403167,0.9946705538138669
22.768399853,-0.018804484840771782,0.10113358816223178,0.9946951234902608
22.777990038,-0.019128967341678266,0.10022262155046302,0.9947811360987872
22.787272907,-0.023541307684823536,0.09766130882661446,0.9949412422805485
22.800220974,-0.026177669504829915,0.0962981344939507,0.995008240625313
22.807526843,-0.027349290588341485,0.09627433532970812,0.9949790292569676
22.820015239,-0.02518792433781086,0.09757622892683433,0.9949092662227902
22.83109102,-0.02458405119462669,0.09330916566034021,0.9953336244850927
22.841964486,-0.022836469162249882,0.09199763910093046,0.9954973280105058
22.847546428,-0.02264675842566701,0.09725930612615333,0.9950013827652043
22.85726179,-0.02197965977799486,0.09898292625416552,0.9948463574171673
22.868478799,-0.025596362789400657,0.09398260457116203,0.9952447418851175
22.878248084,-0.027785241111632948,0.0907062652977417,0.995490006887113
22.887294723,-0.02913451213719092,0.08789920506247995,0.9957032238332424
22.897559632,-0.032978372866609866,0.08602630342865193,0.9957469066190828
22.907387928,-0.035137368273340464,0.08820277077989214,0.9954826149047373
22.917904784,-0.033653910737200796,0.08595823846959144,0.99573018209317
22.927908113,-0.033293197616023534,0.08646253134500914,0.9956986460098828
22.937724719,-0.035555789344958184,0.08877606909935958,0.9954167948147765
22.947797164,-0.03426360799391375,0.09185520514635606,0.9951827100863239
22.95735332,-0.03406255915255564,0.09045239834786394,0.995318092720663
22.981205057,-0.032017054680682604,0.09048803893867848,0.9953827520198482
22.988773525,-0.03416851165572483,0.09057270813036182,0.9953035202153989
22.997946411,-0.03479088399937547,0.09361302940991857,0.9950006005602406
23.007667821,-0.03479769480649488,0.08556723384404276,0.9957245447052276
23.017978416,-0.035806853110258816,0.07856255567605405,0.9962659254014399
23.02770123,-0.04110218526445254,0.0775235981569394,0.9961429124855972
23.03752457,-0.043224536493169534,0.08327278671285131,0.9955889123719823
23.049209646,-0.04313039953616009,0.08294728257102295,0.9956201670064415
23.057481215,-0.042837296410180685,0.08086749436420759,0.995803903583191
23.070569441,-0.0444416766920061,0.07817154704094481,0.9959488674656087
23.078564236,-0.042616378913506905,0.0726556684159707,0.9964461842444523
23.090316997,-0.040711826685245485,0.07201835699818904,0.9965720763814486
23.101092646,-0.04076140495331107,0.07313191208198591,0.9964889519214276
23.107260258,-0.04417542304633073,0.07702422778076871,0.9960500993089925
23.121567089,-0.047464884079899794,0.0798006617986067,0.9956801389782697
23.130842529,-0.04901920459812739,0.08150491021121432,0.9954667584565688
23.137675077,-0.04662439951806006,0.08640954920352296,0.9951681039784306
23.150325883,-0.04593653934259854,0.08553874845286243,0.995275317119009
23.158667048,-0.04610729293027983,0.0837947820188215,0.9954157684329998
23.167481191,-0.04354206094613764,0.08186840148363542,0.9956915454934209
23.180510389,-0.041414607612263156,0.0790728390180041,0.9960081909331646
23.190467157,-0.04138723577098624,0.07860291619075756,0.9960465241551449
23.202499478,-0.04252968355982286,0.07899995647574619,0.9959669838368798
23.207249187,-0.0421930268512745,0.08022408100634523,0.9958834496625673
23.218038741,-0.041435945580334886,0.08086785845657424,0.9958631692569572
23.227959686,-0.04445420914570954,0.07939381410258999,0.9958516182501652
23.237805777,-0.047489901496211656,0.07747149584459112,0.9958628804145085
23.247631162,-0.04531701035572256,0.07701789542885534,0.9959993033913875
23.257976629,-0.04453191791202479,0.07608093382968681,0.9961067210869926
23.269323447,-0.04584018456200176,0.0707544592561556,0.9964399048486019
23.278168456,-0.047005871910203376,0.06864652905660178,0.996533041125302
23.288685041,-0.04822646780792824,0.06940584280803266,0.9964221177728231
23.298587597,-0.04632970035469047,0.07064188760023861,0.9964252518785942
23.307707079,-0.04463219760807397,0.07224933009400483,0.9963874754520158
23.335091118,-0.04429908593228443,0.07108306572795588,0.9964862210549021
23.335489497,-0.04448453164060783,0.06849783913541613,0.9966590051158393
23.338364357,-0.044419606258701845,0.0668485619193526,0.9967738802502484
23.349210791,-0.0449241344686801,0.06768374564285777,0.9966949045309669
23.375665508,-0.045471017260797976,0.06854556442249185,0.9966112041248936
23.376096506,-0.045279069151567555,0.06653928396369217,0.9967559027095685
23.380674462,-0.04507092043293987,0.0655036857486006,0.9968339276352286
23.389359472,-0.044883921823291796,0.06453749839263721,0.9969053841077302
23.397472633,-0.04482306581486721,0.06488680040678256,0.9968854477340545
23.407506807,-0.04549154321133686,0.06520784771769063,0.9968342169549947
23.425647974,-0.04883131130963569,0.06754480249779049,0.9965205480527314
23.428218104,-0.048527019043352264,0.06226109628661534,0.9968794733125742
23.449238775,-0.047995738949999506,0.06208724355277604,0.996916036198968
23.451709811,-0.04807935593304572,0.06066792912918491,0.9969993871152779
23.457449837,-0.047927590294451025,0.060601264806235455,0.9970107485842125
23.4680611,-0.048335018963281594,0.06420832576292579,0.9967652767048726
23.478082679,-0.04868953702588274,0.06348380425837012,0.9967944299508753
23.487729915,-0.049566859734647466,0.06389658506461288,0.9967248129915932
23.503281234,-0.049571373337070394,0.06452914943120397,0.9966838354358729
23.507283687,-0.053147334492088104,0.06728828162754849,0.9963170419058374
23.519055873,-0.05142977239160472,0.06380968887870923,0.9966359927862077
23.528257517,-0.050939087254618806,0.06508609679638427,0.9965786518852779
23.537954355,-0.05345130312167624,0.06535751220558765,0.9964293019541783
23.549106593,-0.05292733783825175,0.062290882701888844,0.9966536724668079
23.557246885,-0.05312949196375779,0.060938477212396897,0.9967265217092938
23.567590081,-0.054389545005697086,0.060786823265834386,0.9966678180373447
23.58058135,-0.05664901867039873,0.06884306721549391,0.9960178315572688
23.588591482,-0.05808597994259283,0.06568212518910074,0.9961485217399825
23.598269816,-0.057219740528347406,0.06490750665245433,0.9962494250307151
23.607184302,-0.05465190661864179,0.06507045074135781,0.9963829612871068
23.617825966,-0.05399596346850594,0.06484492336788013,0.9964334256951247
23.646530931,-0.05370165242657488,0.06468666104463956,0.996459617049056
23.647076974,-0.05903000686642396,0.06360581828920212,0.9962277642031018
23.647809009,-0.05996617081477406,0.06410117571703762,0.9961400993984265
23.657686443,-0.0591463054825371,0.06534471807075998,0.9961083185919187
23.667204622,-0.05644974029995301,0.06936038333567668,0.9959932550191272
23.678108191,-0.05523214108020209,0.06797889778912548,0.9961567547565355
23.687659512,-0.05523903012709305,0.06566099067499037,0.9963118406674674
23.699764052,-0.05722552891051457,0.06511426937699244,0.996235600028634
23.707207419,-0.06169579344540013,0.06276181934042448,0.9961197634342079
23.719928118,-0.05679981248135594,0.05747719444785481,0.9967297293752637
23.727893543,-0.05736316153539502,0.05774630711656691,0.9966819109992231
23.737350899,-0.05273388492847796,0.05624048796711385,0.9970236430965774
23.751859744,-0.05151231555568464,0.057029899525587735,0.9970426630321259
23.757081068,-0.051552070837717436,0.056571730962499664,0.9970667095276271
23.768968135,-0.051323367599938996,0.057769671847618644,0.9970098178818602
23.778224898,-0.053559037641541164,0.05541258275758476,0.9970260152869863
23.788276464,-0.05526033040814677,0.051807404831748706,0.9971270173291775
23.804934547,-0.055400920872397987,0.05229846827446636,0.997093580454029
23.8076351,-0.05473293080827637,0.05135161950091291,0.9971796816320366
23.819421378,-0.05674704653539587,0.0504802115795213,0.9971115890151897
23.829043925,-0.05536791125106275,0.05205366180195394,0.9971082241646101
23.861151813,-0.053105280706269284,0.05555931306481264,0.9970421214236008
23.862041685,-0.05276884352611983,0.055545559960838625,0.9970607503665726
23.862360241,-0.05230509528490969,0.054914046891695906,0.9971201655072537
23.867556323,-0.05797043282181199,0.05786465146518029,0.9966399104136182
23.878280221,-0.05908474504765901,0.05823451850768392,0.9965529257178624
23.890522561,-0.055805265801828235,0.05866666337665485,0.9967166071241302
23.902459361,-0.060091787309953404,0.05938305314211434,0.9964249244661718
23.907353255,-0.060095337296987066,0.056632627528180865,0.9965848162271066
23.917720622,-0.05677438241706501,0.05417872522091973,0.9969159118173393
23.927422655,-0.055971347195607854,0.04787197953576421,0.9972840527494843
23.961457301,-0.05339499716690623,0.05042916604531527,0.997299289827041
23.961862518,-0.05143647587208342,0.05674653625587754,0.997062746056045
23.962205959,-0.056822225280697046,0.06137168911679313,0.9964962370672062
23.970003303,-0.05748867207191325,0.06429375075774194,0.9962737405938739
23.979195737,-0.05616545157049614,0.05692112414258474,0.9967975861107544
23.987764475,-0.056890940463369684,0.050260882379150044,0.997114469153699
24.001592343,-0.05954373632618781,0.050737809952582195,0.9969354132066597
24.007118094,-0.06180090015676059,0.05347344175723494,0.9966550254558745
24.018114389,-0.06020569068910873,0.06331380956654477,0.9961760067010341
24.027336997,-0.05832662089836009,0.06016093999014033,0.996483149177186
24.037922541,-0.05782810629664162,0.05865859089135678,0.9966017659209645
24.061568496,-0.06102403126586371,0.05538663680885493,0.9965984086235874
24.061915296,-0.06236699629178404,0.05561475893739178,0.996502562145164
24.068223833,-0.06467317223163083,0.05919350457692363,0.9961493411177861
24.078289603,-0.06724633786460409,0.0567192585040292,0.9961229119734937
24.099461102,-0.06799293086573023,0.05407533166298174,0.9962192629425646
24.099894931,-0.06277454125280432,0.0497510910418831,0.9967869310492802
24.107324214,-0.06211003711814861,0.053686732832938525,0.9966243414681919
24.119645968,-0.06414464899009875,0.05262699762059105,0.9965519871674431
24.129013736,-0.0680011119824182,0.05811430461893847,0.9959912531582855
24.137895962,-0.07057127695828322,0.054308249186669294,0.9960272631503396
24.14768085,-0.07723838965494859,0.05449707578198845,0.995522124261798
24.159566527,-0.07996560560590187,0.054346953108677445,0.9953149806005557
24.167443057,-0.07957616889801554,0.059827757637899305,0.9950317948485542
24.186179544,-0.08394715667829762,0.05639827608967232,0.9948729111498326
24.188160288,-0.0885284850392121,0.054970190466716556,0.9945556723968323
24.197882025,-0.09887438636808826,0.05934382460313251,0.9933288308520029
24.208678864,-0.10296573013800378,0.06141228731073553,0.9927872830493002
24.217906923,-0.10631279311558284,0.0553740017266168,0.9927896604783634
24.228360696,-0.11015386702599618,0.05730636020564925,0.9922611081057241
24.237755695,-0.11271562408959176,0.05494371341582206,0.9921070388028572
24.254030224,-0.1159553175190899,0.05336783778054366,0.9918196601346823
24.257255008,-0.12238004257035415,0.05609157231335458,0.990896998025473
24.268104432,-0.12795602732553343,0.05800516867887122,0.990082145823064
24.278149641,-0.1259720766169002,0.059950918382263796,0.9902206437445894
24.315938489,-0.129393370641974,0.05759134500011111,0.9899194879458567
24.316311874,-0.13210277604902695,0.05721711880146913,0.9895832748567446
24.316632417,-0.13520717701292756,0.05934053544455512,0.9890387859620818
24.322011224,-0.14073304634384431,0.05924142532566178,0.9882735770990569
24.328600225,-0.1489285848128971,0.059305624408321524,0.9870679406905924
24.376297014,-0.15672449532053093,0.05954304410701051,0.9858458593842121
24.376634539,-0.16311785520102318,0.06301900517827032,0.9845918800706003
24.376876287,-0.16600274163122536,0.061950154891982794,0.9841774576161436
24.377271847,-0.16149148636192384,0.06310992299695012,0.9848541198837195
24.378920953,-0.16067443045068347,0.06291462583809843,0.9850002422613918
24.387322336,-0.16189933320711195,0.06243925043580385,0.9848299070967066
24.397903255,-0.16421501888174475,0.06313914275947827,0.9844017859722047
24.408122153,-0.16380779786468044,0.06318767296233198,0.9844665171270831
24.417118963,-0.16551826748508142,0.06337388472724106,0.9841684072674327
24.427945606,-0.16725839700350392,0.0642552532237189,0.9838170008009488
24.438401588,-0.16914065627869881,0.06556464858462209,0.9834087223782317
24.447857447,-0.17226332215067258,0.0658451201060453,0.9828477847560293
24.457749794,-0.1758593244684644,0.0663532326620098,0.9821765353096136
24.467818244,-0.18183410180690285,0.06458351925762024,0.9812060581041974
24.478319971,-0.1878104077726001,0.0639422681258624,0.9801217460495456
24.487493962,-0.19329507830780168,0.06479348907317581,0.9789988848184176
24.497695822,-0.19821114763587025,0.06640326472826936,0.9779074329333521
24.507312898,-0.20567664463645813,0.06583324810854652,0.9764031448610593
24.519347805,-0.21136225356683402,0.065680227184523,0.9751984954480492
24.528059569,-0.21415958258015372,0.06766814534891635,0.9744519974293924
24.537475706,-0.2166590623204344,0.06746713586019669,0.9739132591218029
24.549318749,-0.2189806948498866,0.06939395466543506,0.9732584108750115
24.578123447,-0.21563178101101704,0.06481160400589439,0.9743215028953225
24.578416727,-0.21606716154567535,0.06554482406645885,0.9741759891003741
24.579705617,-0.21851821919686124,0.06513637242585887,0.9736565312605017
24.587944041,-0.22041869573696846,0.0628761993776451,0.9733766907633634
24.598496618,-0.22188668265364045,0.06353067502963326,0.9730005926982994
24.611078895,-0.22600162697298062,0.06518655625181007,0.9719434024106524
24.619531992,-0.22807527191883967,0.06700628336471443,0.971335075207724
24.628652697,-0.23066737001579285,0.07190067158115593,0.9703725355945396
24.637916405,-0.23081044541349605,0.07327314179761635,0.9702358398756099
24.647243485,-0.23052252379977414,0.07413098667461715,0.9702391266258181
24.658073279,-0.2302539103811109,0.07540344234708705,0.97020485343891
24.667194994,-0.23065914570988055,0.0675976125062212,0.9706837390642985
24.678206697,-0.23136460571620837,0.06635019680136009,0.9706019114993563
24.688219062,-0.22990669337840544,0.06995670103650971,0.9706950975048222
24.701352176,-0.23064293396058874,0.07493991739285219,0.9701483627750985
24.707430595,-0.2309107683680707,0.07503384423193418,0.9700773882899472
24.717970241,-0.23002006332634772,0.07366309878668256,0.9703940016016621
24.737864695,-0.2289829962214261,0.07261647518328163,0.9707181027329275
24.738323299,-0.22820162034279098,0.07120909437058603,0.9710063261131957
24.750509059,-0.228657720449321,0.0708921322957506,0.9709222175115172
24.757540213,-0.2292608633253605,0.07133186438150073,0.9707477641855116
24.770733759,-0.22998967552107002,0.07262953409970928,0.9704791084460151
24.778016414,-0.23056081227878225,0.07065456810567133,0.9704893836859573
24.787384755,-0.23028244707058015,0.06813599988957107,0.9707355356070129
24.798478284,-0.22971433359866558,0.07050774243621397,0.970700769133243
24.807268691,-0.2289188904203416,0.0727542585307406,0.9707229056091969
24.818041464,-0.23042270044100716,0.07464867242150112,0.970223146924037
24.829054658,-0.23218990655413807,0.07808700461635969,0.9695309520610599
24.837362117,-0.23731377608752058,0.07764733365723737,0.9683248748508962
24.848267404,-0.2401214576216017,0.07671575908794626,0.9677067623496478
24.857252328,-0.2389413254117562,0.07385953572289736,0.968220952052408
24.867420525,-0.23600679220939952,0.07293398152248953,0.969010540897418
24.878550147,-0.23421950389344914,0.0705850683918329,0.9696179516263232
24.888667462,-0.2337865661686377,0.07263307232914824,0.9695711826798
24.897995167,-0.2323723453445952,0.07957995622200811,0.969365835836376
24.907772879,-0.22944836581252315,0.0781031752816537,0.9701821176649702
24.917439655,-0.23138535517010608,0.07363533826798044,0.9700714686923662
24.927564003,-0.23610660936655375,0.07082420510230006,0.969142714456987
24.937143793,-0.2350241059104665,0.07404655881767513,0.9691649894461967
24.949675293,-0.23235612177163706,0.07594820433446221,0.9696610247574227
24.957636764,-0.23192436282747486,0.07766404082142107,0.969628478691895
24.967356712,-0.23202062950484062,0.07410591248467122,0.969883880275877
24.977748638,-0.23336327893225864,0.0802744229615368,0.969070480958004
24.987452461,-0.23305059638798492,0.07696427154044717,0.9694142150956179
24.998114162,-0.23274581817878384,0.07747035240120895,0.9694471252312429
25.052545378,-0.23405344643810755,0.07912364220683792,0.9689986756721436
25.05285382,-0.24139104659855534,0.08115008021140685,0.9670289691129922
25.053131837,-0.23679073275780035,0.07855059134359578,0.9683800666471793
25.053463108,-0.23389693721212024,0.0755635807067428,0.9693205703138488
25.053925748,-0.2324644201014205,0.07195814729270855,0.9699393374975114
25.057863837,-0.23375633443122906,0.07308369162422186,0.969544609665719
25.068414516,-0.23457402725489557,0.07367033017576337,0.969302691727003
25.110890043,-0.2329766979883705,0.07571341796587254,0.9695304722051601
25.11119637,-0.23325660666317116,0.0799314922489098,0.9691245079941201
25.111631884,-0.23203503954169283,0.08243737820585198,0.9692078307047619
25.112302628,-0.23486746468076947,0.08574426532876119,0.9682381912513359
25.117754841,-0.2365607206161318,0.08436156341369523,0.967947391173701
25.128136516,-0.2368048530314869,0.07936249044243569,0.9683104133961952
25.137644912,-0.23619354844324114,0.07827545477537402,0.9685481716742327
25.147602379,-0.23480621356579215,0.07743664768424921,0.9689528407855158
25.15910546,-0.23376871584460934,0.07700692587205957,0.9692379072550235
25.183088515,-0.23442955246858105,0.07801022716224498,0.9689980337376727
25.183470157,-0.23169023051379567,0.07629555735843718,0.9697930836069258
25.187950363,-0.23292449591335274,0.07578539208081427,0.9695373915175566
25.204580238,-0.23404887270644983,0.07659941498580719,0.9692025870831505
25.207206652,-0.23495180710157437,0.0780216337019999,0.968870617272593
25.218499733,-0.2344020566560931,0.0808864582286625,0.9687688355384976
25.227969724,-0.23632421887501362,0.08188563337887689,0.9682177475233837
25.23768725,-0.23629998166590108,0.0818630603161328,0.9682255718686489
25.25118592,-0.23660270661121113,0.08122441220108491,0.9682054296929127
25.258103898,-0.23547927795628834,0.08158353688692303,0.9684490880589465
25.280952444,-0.23374212739093572,0.08410311976561798,0.9686543672169398
25.281541469,-0.2330360032299096,0.08243926524659428,0.9689674859066384
25.288093444,-0.23209229409298743,0.08198448979423688,0.9692325368330518
25.298960678,-0.23330511960425604,0.08244303390476819,0.9689024034065666
25.307951268,-0.23422759555532388,0.08402911844578394,0.9685435151471491
25.31817491,-0.23416414030496227,0.08350612131995257,0.9686040899652114
25.327999463,-0.2328625286732412,0.08676675295803898,0.9686312886341338
25.340109619,-0.23411987208485774,0.08429321703700982,0.968546611710826
25.347857717,-0.23439547329002866,0.0822606970801385,0.9686547061863856
25.35741238,-0.23430255199885308,0.08258501371875711,0.9686495907374851
25.368089091,-0.23417477770546222,0.08289626826691243,0.9686539021725032
25.378661414,-0.23373529232232731,0.08299309859684854,0.9687517528801123
25.388083228,-0.23356792336121,0.0828154165873426,0.9688073244728267
25.402184919,-0.23377720899018817,0.08390518789887237,0.9686630662931321
25.408434143,-0.23433820972830788,0.08423123104007185,0.9684992014342634
25.418874327,-0.23420174991295506,0.08401738352089642,0.9685507831827984
25.42831779,-0.2338594159031072,0.08355409760606447,0.9686735705936722
25.43806361,-0.23595145471931897,0.0840403898347149,0.9681240229909939
25.448227032,-0.23778135695137173,0.08444007595849352,0.9676414107811262
25.457765462,-0.23509613707818583,0.08113032489485403,0.9685802376227642
25.470495411,-0.23567529255484557,0.07664115400431605,0.9688050835911601
25.47817981,-0.23475477496544886,0.07762882811848797,0.9689499268155564
25.487574788,-0.2343617208324873,0.07803047431940881,0.9690128115179508
25.49737207,-0.23397895896486656,0.07772291551724045,0.9691300197420454
25.507198284,-0.23540044080184724,0.07821392077818658,0.9687462077689902
25.517845777,-0.2377708885341183,0.07933395446531946,0.9680759930060195
25.528592064,-0.2386220567586283,0.08034138395781408,0.967783434479029
25.537747706,-0.23914066899431535,0.08335947851304491,0.9674000918828698
25.548996767,-0.23769656520837038,0.08180633470141346,0.9678884576700267
25.557462481,-0.23815039543130517,0.08155190505384187,0.967798365331334
25.571006492,-0.23798333353129777,0.08196000535761783,0.9678049857709509
25.578179744,-0.23765873358097594,0.08299722864879946,0.9677963558462624
25.587291803,-0.2381091704610481,0.08391579852015278,0.9676064084642457
25.598609606,-0.2372573406882217,0.08430068999944043,0.9677821800153026
25.608209793,-0.23483459885982624,0.08830705321849895,0.9680157930169371
25.617262167,-0.2346168649574922,0.09019134271818213,0.9678948539878748
25.628445562,-0.23482357263224501,0.09042850005782428,0.9678225953724787
25.63750968,-0.23767222839667682,0.08915030225392168,0.967245643803575
25.647383325,-0.23878142973289934,0.08717193445035232,0.9671527711064556
25.657997185,-0.23838977408059006,0.08663895625871851,0.9672972691330236
25.669795384,-0.23835045346479936,0.08733863181586887,0.9672440357663917
25.67893273,-0.23995918001537928,0.08741767447546858,0.9668390466440875
25.688648568,-0.24049508703429665,0.08810026277231615,0.9666439141751295
25.697467877,-0.24166329822748914,0.08891049808892627,0.9662783106431556
25.707248808,-0.2434649771710986,0.08924870785525559,0.9657947364928242
25.717318556,-0.24338978514817988,0.09010314214049792,0.9657343507724742
25.728237742,-0.2388763476031669,0.0875119102511076,0.967098627917532
25.737641129,-0.24178544656727277,0.09032723975606032,0.9661163426763444
25.747685158,-0.23760080423584765,0.08656787407953438,0.9674977317822654
25.757492235,-0.23602765536618517,0.08552277972495632,0.9679756195537458
25.768943604,-0.2363190984808244,0.0867766813032302,0.9677928968923094
25.779734017,-0.23610095558918545,0.08730677103647029,0.9677984637831675
25.787364387,-0.23470940650258146,0.08839567190210369,0.9680380672722442
25.799807294,-0.23373290618687875,0.09082899929763197,0.968049080084283
25.807241701,-0.23306858552662493,0.09104864003739009,0.9681886074458634
25.817964549,-0.23262054188753686,0.0938116935070263,0.9680325664218598
25.830847634,-0.23374830439418376,0.09386374659081428,0.9677558200645345
25.838052727,-0.2342875503392659,0.09526440574396061,0.9674885202183414
25.848512091,-0.23607173793674968,0.09647051710083224,0.9669351446078587
25.857589653,-0.23725759648889677,0.09797875650465872,0.9664931433704602
25.867699473,-0.23691088632878476,0.09809826264369523,0.9665660674807482
25.879296106,-0.23559933264395083,0.10041912286674512,0.966648309479926
25.887671458,-0.23613625778444694,0.09621283805706558,0.9669450643922655
25.897980038,-0.23656905689018423,0.09987245479164032,0.9664680926424734
25.908062333,-0.2365840002032236,0.09758915207454813,0.9666976612391343
25.917980185,-0.23671052796860367,0.09859287939241217,0.9665648297356667
25.928170259,-0.2301837610161701,0.09839227493248394,0.9681603154426757
25.938686924,-0.22784405640296515,0.09902582857548169,0.968649044410194
25.949337692,-0.23173593520335617,0.10302415455964627,0.9673078516753061
25.957199963,-0.23423329360425077,0.1063016264586714,0.9663512448274416
25.967586895,-0.23443029707238947,0.10631482175971893,0.9663020203273666
25.977793841,-0.23363163581226998,0.10513196870058032,0.9666248123780101
26.003347055,-0.23239310014278738,0.10320479405132957,0.9671309205535965
26.003935027,-0.22904756359775466,0.10489978087390783,0.9677464800155766
26.007337768,-0.22734003302181863,0.10476189699480826,0.9681639604548847
26.018483612,-0.22731247482907452,0.10351977194277145,0.9683040305627142
26.068768968,-0.22734833683138791,0.1035216501334754,0.9682954103442007
26.06937349,-0.22733297662981075,0.10382795553114078,0.9682662203066125
26.069651661,-0.22674901231230346,0.1046552168549214,0.9683140869575555
26.069909778,-0.22632176548336957,0.10425186297505075,0.9684575403881793
26.070165268,-0.22642397107827833,0.10419003517457416,0.9684403037314504
26.07938415,-0.2261516604703857,0.10417202812172592,0.9685058673149554
26.098595475,-0.22653106982253887,0.10362935253574858,0.9684754161557626
26.099028874,-0.22711633224120756,0.10383466847370346,0.9683163394533099
26.107796264,-0.22685073163673014,0.10328278108128053,0.9684376142467808
26.11896985,-0.2267213766541641,0.10399307568265734,0.968391892561117
26.128316985,-0.2262598330384259,0.10366933832090906,0.9685345405536804
26.137481113,-0.22545734961377104,0.1035734375297189,0.9687319167568557
26.147388608,-0.2257049026287042,0.1043637846791517,0.9685894369529388
26.158214261,-0.22531162713610697,0.10448142501523482,0.9686683139775277
26.167392939,-0.22625363596505954,0.10485604765036666,0.9684082308013157
26.178469879,-0.22642691537738566,0.105781633361307,0.9682670592538489
26.18712352,-0.22602200903354805,0.10885454341141976,0.9680210430621486
26.197499107,-0.2274290912160219,0.11203302471861543,0.967328594553605
26.207441268,-0.22711762009998937,0.11355353119109134,0.9672244735293617
26.217564555,-0.22725910117551912,0.11388260654540691,0.9671525489080404
26.228377696,-0.2276380895760719,0.11016301266048106,0.9674941916185972
26.23760649,-0.22833687860004565,0.11050987649339179,0.9672899446746066
26.247913007,-0.22784905105106595,0.11450255984250049,0.9669405223304294
26.257508619,-0.2294129457473725,0.11539354547039359,0.9664647070572653
26.267931312,-0.23004813417929437,0.11498526799531507,0.9663623772191626
26.278520537,-0.23001919617821165,0.11820345088919251,0.9659809074652644
26.288130576,-0.23016065958539764,0.11964960992904011,0.9657691450978558
26.298297392,-0.23020013977581624,0.11941653907864798,0.965788582372805
26.307585397,-0.22946309748108729,0.11879019096022238,0.9660411882658104
26.318108917,-0.22790857677536633,0.11780791038263132,0.9665293461056963
26.329154049,-0.22947049258955834,0.11746220014104095,0.966201803231981
26.337289731,-0.22865598699821166,0.12095120039608993,0.9659644127671675
26.350561068,-0.2290832894624673,0.1234727609568714,0.9655440558517994
26.359245085,-0.23006712883769584,0.12551174060400383,0.9650471072434403
26.367483174,-0.2291993161343007,0.12282481637158867,0.9655991600901765
26.379605617,-0.2290106804241334,0.12014711900406624,0.9659807337864965
26.387618948,-0.22886961153900934,0.12110312389050014,0.9658947842792948
26.397542072,-0.22933987680228832,0.12325299601506716,0.9655112220381601
26.40831851,-0.22922345921841084,0.12489258598256356,0.9653281554531256
26.417377345,-0.22880981624181493,0.12673481389658786,0.9651861763089981
26.430499071,-0.22738672113229016,0.12474499523439922,0.9657815307908284
26.437963365,-0.22689273689221853,0.12417504266714822,0.9659711407304934
26.448524009,-0.2273243451800492,0.12411927650286414,0.9658768282182091
26.457530153,-0.22709035893104262,0.1262751152965015,0.9656524033716405
26.467771502,-0.2277539389262567,0.1284494114421009,0.9652092477819267
26.478186595,-0.2280522743116173,0.12895405111582173,0.9650715066160211
26.487784407,-0.22770647438709105,0.13079369009140626,0.9649055768076348
26.519265942,-0.2301380641675166,0.13529951814177915,0.963706652364624
26.51956346,-0.2315340445824095,0.1383484381273924,0.9629390925011935
26.519818717,-0.23251220758324317,0.14015855522820642,0.9624415061296498
26.58458816,-0.23093761258737222,0.14092735909981866,0.9627083143660885
26.585131894,-0.23014467078729986,0.1390875204644805,0.9631656618460025
26.585382298,-0.22769712554085023,0.13942221904937616,0.9636988450007514
26.585650455,-0.22723043171773774,0.1382591215349398,0.9639765278334101
26.585914312,-0.22926824589257566,0.13844952580789238,0.9634665537676497
26.586249531,-0.2289305497820517,0.14110425897042694,0.963161664247957
26.588123214,-0.23053843237741617,0.14536367501455177,0.9621441852358862
26.597765892,-0.23126149180474243,0.14553809095314543,0.9619442741084117
26.610846537,-0.23092194539246172,0.14669195448748504,0.9618505734389321
26.617586854,-0.2330537887063225,0.14715439214023812,0.9612655805985492
26.628440159,-0.23085249171988725,0.14957924998362007,0.9614224747950597
26.637589277,-0.22906364309427105,0.1536555049107513,0.9612074870822649
26.649744259,-0.22955281231941413,0.15470831966738463,0.9609218710082221
26.657662114,-0.22805133422309684,0.15690982011400648,0.9609224200271609
26.667473826,-0.227234275335369,0.15697868052423836,0.9611047174859141
26.67832664,-0.22610104172652393,0.1570984592103046,0.9613523771458252
26.688432147,-0.22680247761075875,0.15540141924196713,0.9614629660299994
26.697584374,-0.22691330232085166,0.15736268661340036,0.9611177545398163
26.707375964,-0.2257825606722819,0.16423602705314827,0.9602337021340507
26.718283875,-0.22595240348803197,0.16416061016814715,0.9602066472521441
26.728118216,-0.22558280817204154,0.1679447743339539,0.9596389682745972
26.73732811,-0.22489229181733492,0.17014279708990035,0.9594138239985767
26.747950706,-0.22634345386052787,0.17296408080627781,0.9585677167760901
26.757311095,-0.2261447654372536,0.17386025166762972,0.9584524808019426
26.768559806,-0.22545133606713239,0.17376671238008942,0.958632789306813
26.778795993,-0.2249974973409432,0.17446009910653376,0.9586134778992265
26.787458946,-0.22412752346840203,0.17592640978492471,0.9585492953229415
26.798185761,-0.2221587066191107,0.1783816251121753,0.958553861238722
26.833201054,-0.22086735974839897,0.18483787023229747,0.9576286185812116
26.833575785,-0.22104748546904535,0.18665223130139247,0.957235056670003
26.833884624,-0.21956579696414497,0.18649509564080058,0.9576066207506234
26.837558841,-0.21949229666903458,0.1867003543622337,0.95758347384652
26.851020265,-0.21849258989260534,0.18625361643395583,0.9578990440162756
26.857805522,-0.21995710121484446,0.18857799800912226,0.9571087776695156
26.868211753,-0.22193949088936402,0.19024712301614416,0.9563204978289706
26.901615853,-0.22130242304405975,0.1898180067893787,0.956553376374437
26.901989916,-0.22226898710898763,0.18891757343212592,0.9565075262736107
26.902437594,-0.22175188434018747,0.1885910331130539,0.9566919692465947
26.908148984,-0.22208548237204806,0.1885011607772795,0.9566322966036601
26.917486067,-0.22145796147924948,0.1886784837454837,0.9567428082138693
26.927800136,-0.21943328874711931,0.18628785682229212,0.9576773288483864
26.93768546,-0.21585530768410258,0.18821788685067178,0.9581129960573905
26.947771989,-0.21404976149056734,0.19061027490399246,0.9580451047350829
26.957322764,-0.21349231327456408,0.19275998265038302,0.9577393284507532
26.968140996,-0.21201977716721426,0.19320804448863466,0.9579761299922053
26.978627551,-0.21177535788779153,0.19327003395044265,0.9580176886510461
26.987409022,-0.21126849230091554,0.19117063347642593,0.9585506836141322
26.999506361,-0.21110598120729795,0.19206529212854503,0.9584076315733722
27.007260619,-0.21153070747380648,0.19012037445990662,0.9587017278647493
27.018159873,-0.21075612700497223,0.1900728294542656,0.9588817312020882
27.027546559,-0.21092706674102776,0.19309334235838146,0.9582404362438974
27.037779944,-0.21147775800880816,0.19414491932898864,0.9579065237100687
27.052003409,-0.2109298195311273,0.19449650247001574,0.9579560124345466
27.057102207,-0.21037372825031034,0.19685480943604167,0.9575965113052389
27.067512822,-0.20996443337788337,0.19733478910030697,0.9575875509461481
27.079561155,-0.21005105211572317,0.20170518228548395,0.9566575013787627
27.087547331,-0.21013334400965603,0.20365367595127623,0.9562265202381978
27.102089611,-0.20882454429574193,0.20398625319776637,0.9564423235125119
27.10777817,-0.20902576782751078,0.203955387265332,0.9564049500026482
27.117421632,-0.20880852248137793,0.2041680677081086,0.9564070268810665
27.128575457,-0.20784022700194435,0.20470508914781127,0.956503145063709
27.13775126,-0.20761210432259677,0.20476584183356547,0.956539682478952
27.14783636,-0.20792627674510053,0.2046897199639732,0.9564877322684228
27.158312362,-0.20445069682351538,0.2007204673660427,0.9580768270596759
27.167434273,-0.20700528691248807,0.20254336568462136,0.9571441877833373
27.178274664,-0.20556858399098962,0.19949745339411765,0.9580930661293824
27.18813055,-0.20517702865443144,0.19869347824641598,0.9583440345798996
27.197950396,-0.2056134092369796,0.19953844569446236,0.9580749107620888
27.20798143,-0.20581507312905456,0.19872080147468743,0.9582015439009373
27.219091789,-0.2069623296275883,0.19827837523022107,0.958046074064909
27.367917917,-0.20767942350207202,0.2024639040217175,0.9570149552761085
27.368342888,-0.20693085157211838,0.20320282766580217,0.9570204979498926
27.368925991,-0.20705848577155725,0.20377519789412354,0.9568711784734666
27.369218109,-0.20703395240419384,0.20358316259712053,0.9569173623980561
27.369564013,-0.20409402297429816,0.20452517127187703,0.9573479430710529
27.369826529,-0.20345817328359453,0.204326160875978,0.95752576555714
27.370196387,-0.20393710155045908,0.20427884524463044,0.9574339726564532
27.370556574,-0.20395272330782666,0.20371371603490687,0.9575510474928063
27.370916849,-0.2034115607537768,0.20343123317870654,0.9577261979914214
27.379372175,-0.20364442463494634,0.20303353564609183,0.9577611036778164
27.379859787,-0.2031140874247657,0.20202711989051367,0.9580864837363842
27.380231011,-0.2010526132699864,0.20012729042967822,0.9589196599937789
27.380638739,-0.20068704015823277,0.19988401488613536,0.9590469709589448
27.380934044,-0.1997066078263966,0.19800258022832795,0.9596417295081527
27.381255803,-0.19917258420956338,0.20126805933451422,0.9590732245199023
27.381496132,-0.19771638857207413,0.20071211595060914,0.9594909463880553
27.388105345,-0.19800113328411606,0.20028794988893256,0.9595208639459041
27.39732178,-0.19919251120721543,0.20184367595629302,0.9589481080618566
27.408473461,-0.1997601210133965,0.20476399878588403,0.9582106234299052
27.417350225,-0.20401492737884613,0.20643249884186457,0.9569553452635645
27.437805879,-0.20490992931348617,0.20657078324215195,0.9567342537922775
27.438565709,-0.20453176661956285,0.20620658753461787,0.9568937243502064
27.447735865,-0.20330232921908378,0.20662385276677903,0.9570656959696695
27.457535023,-0.20262042571711883,0.20695732647050671,0.9571382492108409
27.467339515,-0.19844563002267662,0.20742314623738753,0.9579117758592836
27.478318978,-0.19676311005361838,0.20413699006436334,0.9589642161256537
27.487984675,-0.19687088796882501,0.19965248579440642,0.9598857944497776
27.497478855,-0.19867724280901966,0.19819286952493748,0.9598160967910868
27.507317598,-0.1950135886912929,0.19869188396386753,0.9604640729733893
27.518023974,-0.194122584481316,0.2000700004565897,0.9603584836463905
27.531420909,-0.19502751080690195,0.19801288852115484,0.9606014605485319
27.5375836,-0.19728749467476192,0.20172133653938115,0.9593675764949124
27.549901745,-0.19739440349454052,0.20444151182208187,0.9587695853086581
27.557866324,-0.19779795226535232,0.20367047168013705,0.958850514441758
27.567574915,-0.196494594440539,0.2035178641539023,0.9591508501408326
27.579925103,-0.1946538072936791,0.20385138143909534,0.9594553192261992
27.587939361,-0.19456038321072416,0.20186576530243894,0.9598939889819901
27.598074829,-0.19578923237763782,0.2004598591951247,0.9599387591593779
27.607404433,-0.19871023792366488,0.20054992464893537,0.9593195343928045
27.617424574,-0.19890976985184544,0.20104179886034546,0.959175217866101
27.62831726,-0.1987186216507001,0.2002406750805229,0.9593823958425245
27.63728289,-0.19865482250096253,0.20324547768645282,0.9587635460827225
27.647550389,-0.19583125088354908,0.2072356933130709,0.9584902130926719
27.657605376,-0.19377896315451057,0.20587396186834775,0.9592005135858681
27.667348344,-0.1935933026308268,0.2036138773066354,0.9597202832829198
27.678152681,-0.19502349138934166,0.20234933875710706,0.9596981728183466
27.688522868,-0.19502130114481267,0.20074281371968364,0.9600359445560821
27.697302124,-0.19552771892910534,0.20115344624005665,0.9598469681132141
27.707524722,-0.19587025459527463,0.19851343407242922,0.9603266422720728
27.718317277,-0.19437800519516013,0.19713401449273296,0.9609138210195174
27.728492887,-0.19248246882182427,0.19792843409724964,0.9611320586537868
27.737902801,-0.1924327852285971,0.20095739791593564,0.9605132728869606
27.748229216,-0.19374531468082426,0.2073022980900031,0.9588996351265505
27.757620953,-0.19211778069595722,0.20710058223251496,0.9592706120690936
27.768195263,-0.19227216375481626,0.2059964698770041,0.9594773939198639
27.778382363,-0.1913357207533495,0.2044480030936151,0.959995654154137
27.817711188,-0.19204792857472677,0.20053730089559543,0.9606780855623106
27.81872985,-0.19041452571139666,0.2025319612673758,0.9605847766143779
27.819032374,-0.18867195770156808,0.1995451557496551,0.9615532347165724
27.819287362,-0.18741767903229353,0.19931790730132337,0.9618456141269084
27.83533905,-0.18650391476937814,0.19995819543806087,0.9618903315102252
27.837267451,-0.18656963653250014,0.1993574536813545,0.9620022746261141
27.848568451,-0.1832824071083158,0.2000805548111988,0.9624839379600184
27.857842444,-0.18296311597862192,0.2006770067766972,0.9624205095188583
27.86768466,-0.1829262563835778,0.20413070647056625,0.9617009095354528
27.878050891,-0.18306129191021453,0.20412817155388463,0.961675752518608
27.887587508,-0.18188559120208214,0.20501142387838497,0.9617109481504442
27.900867251,-0.183586471345965,0.20631742794342572,0.961108280302249
27.907656259,-0.18404717035013718,0.20346991263498262,0.9616270762298763
27.917979836,-0.1834732250775552,0.2025068638240615,0.9619399907394347
27.92768142,-0.18337652440964886,0.20201717959498416,0.9620613854863552
27.967007423,-0.1833382571774189,0.2014585065027912,0.9621858207294532
27.96733501,-0.18342815083399772,0.2013086563053487,0.9622000511214677
27.967585533,-0.18315113462032034,0.1991387119718226,0.9627042304267147
27.971561732,-0.18269072906771722,0.19758153054670152,0.9631124733381501
27.977961875,-0.18294932831310698,0.1965309903402299,0.9632783154964466
27.988801445,-0.18263167198791475,0.19678376545445098,0.9632869884102382
27.997366702,-0.18192305794882352,0.19728719555264457,0.9633181008667498
28.007156164,-0.1820445343515815,0.19692056395654034,0.9633701671755016
28.018880764,-0.18116357169703828,0.20208330433664404,0.9624666739157026
28.027472418,-0.17995894409817426,0.20434048885963943,0.9622160584045945
28.037504127,-0.17933516296029672,0.20245906129121413,0.9627300908494988
28.049214336,-0.17841906723384754,0.2023842923281878,0.9629160060286788
28.057268943,-0.17771849819668942,0.20237785790714075,0.9630469033373351
28.067834911,-0.1772559101512599,0.20180846868948857,0.9632516204407092
28.079347128,-0.17733069044530864,0.20204157297645106,0.9631889892515338
28.087608668,-0.17729430224036824,0.20281687907209206,0.9630327325468004
28.09982827,-0.1785816317488006,0.20147239733418487,0.9630770861744932
28.108586312,-0.17607944710076193,0.20247559882423374,0.9633273899300582
28.117420734,-0.17581284181972004,0.2020179800359889,0.9634721482188537
28.128674359,-0.17843284010561064,0.20322158201851917,0.9627370929665772
28.138581342,-0.17824635614093817,0.203449812974013,0.9627234338704532
28.147786166,-0.17616818194546116,0.20324177118647707,0.9631498087603063
28.157986628,-0.17591608789781105,0.20292680662219745,0.9632622909534283
28.167717454,-0.17691979318669077,0.20167026029657945,0.9633423549759912
28.178817677,-0.17730892883341162,0.20297933930543477,0.9629958107754558
28.188087781,-0.1776285889177351,0.20113601953598714,0.9633236143915052
28.197546022,-0.17749082717299355,0.19899431841463958,0.9637936851360562
28.207349521,-0.17833850285705832,0.1989511235739135,0.9636461118208182
28.21813149,-0.176995989710018,0.19890925492144548,0.9639022398216359
28.228136873,-0.1724925291632459,0.20267479716865414,0.9639342581190439
28.253688156,-0.17015641178144683,0.20151570841478364,0.9645922531265481
28.253999649,-0.17059216251977896,0.20134418161941314,0.9645511052374748
28.257363059,-0.16631065172074808,0.2038386995079128,0.96477487099693
28.26822709,-0.16451733374528207,0.20226580205471942,0.9654131717645584
28.289676097,-0.16442699922840875,0.20204538514997594,0.9654747144614089
28.289974585,-0.1647891460494927,0.20140468592776975,0.9655468346127056
28.298352963,-0.16283549476299855,0.2018470674030133,0.9657858784565516
28.307462058,-0.16207669328456684,0.20386042851998998,0.9654905857529562
28.317804679,-0.16143884465479338,0.2034019545460026,0.9656941256543874
28.329363036,-0.1613088671979053,0.20218734588093276,0.9659708725054564
28.337380038,-0.15514263936471312,0.20278692993574324,0.9668548094197942
28.349595988,-0.15224767399769762,0.20227326274693522,0.9674224376868672
28.357580582,-0.1489855238434996,0.2007538491134321,0.9682464591989064
28.367548784,-0.1462726373280729,0.2006951284163593,0.9686721741637009
28.378861076,-0.143706656248827,0.2014208118261763,0.9689055957693018
28.387771513,-0.14477200543325394,0.2030229946257037,0.9684124793165593
28.398627068,-0.1443430886185934,0.20305939949919807,0.9684688704563871
28.408001926,-0.14483790295196902,0.20198457287847582,0.9686197469531456
28.425781853,-0.14342700633783587,0.2020484176050615,0.9688163555577791
28.428132735,-0.14126786099658903,0.19801130660593885,0.9699664498866224
28.4384461,-0.13622902944649154,0.1998410315428259,0.9703119156477293
28.449807889,-0.13285232849498355,0.20166821834368565,0.9704020757003483
28.457622302,-0.13234403674920636,0.20166767771510383,0.9704716398236075
28.468053147,-0.12989545481708265,0.19916520876920196,0.9713188922458903
28.478270691,-0.12955772510023772,0.19643310919785825,0.9719201764948155
28.488423997,-0.12636830237111274,0.19799352627275307,0.9720234645881362
28.49736752,-0.1251391751532697,0.20090378027713493,0.9715852293609223
28.509295521,-0.11934395725951255,0.20207239395872084,0.9720718941855233
28.51861318,-0.11254407875978564,0.20117445727061595,0.9730686862077025
28.528110663,-0.11057393936657613,0.20177768588454478,0.9731696508893167
28.537490673,-0.10688938309394685,0.20049953960952197,0.9738452620402099
28.549739267,-0.10944162085134754,0.19819655078643536,0.9740331918788959
28.557925997,-0.10570351975693555,0.19903662795292718,0.9742746977337159
28.57061627,-0.10308794729274005,0.2012160177281215,0.97410727814374
28.581986682,-0.10164985094463656,0.19780078504559953,0.9749575156068483
28.587569769,-0.1026128304635887,0.19559331326344237,0.9753019341880133
28.597640586,-0.09478358217756061,0.19663619085148742,0.9758843584139502
28.60763919,-0.09364265249315593,0.19882881873218475,0.9755501803985329
28.619069604,-0.08888489629352311,0.20039622346533775,0.9756745506733893
28.628333367,-0.09139017803535528,0.20316020578050728,0.9748711536125624
28.637640219,-0.09444405946453875,0.2025944140309397,0.9746978111370308
28.648556292,-0.08865631287621664,0.20798395821174415,0.9741061191234608
28.658304695,-0.08291207003646194,0.2056818780008077,0.975100278794099
28.667441942,-0.0792432053163352,0.2015818530994447,0.9762608621225104
28.677886237,-0.08000372035149915,0.20023821751445697,0.97647532532909
28.690698246,-0.08371980211400859,0.1966932345029323,0.9768842133204761
28.701423491,-0.08364271766267795,0.19578689863773574,0.9770728663225781
28.707821104,-0.08164658608808191,0.19699405108507795,0.9769990679715366
28.720763874,-0.08144688892505463,0.19827522184414093,0.97675654115398
28.728041703,-0.07903436165138493,0.19973567033101042,0.9766571720290494
28.738236909,-0.07176135730968553,0.20048690722372392,0.9770646384088095
28.751562292,-0.06944761585769618,0.20090395155360016,0.9771461666003867
28.75767183,-0.0690031920698403,0.19725105608727336,0.9779215614539993
28.768511799,-0.06797386882734989,0.19813349834048327,0.9778152535075345
28.778306436,-0.0682929748581367,0.1970563064143643,0.9780106756510146
28.78724661,-0.0666316276339895,0.19757266793858777,0.9780210974628687
28.801718029,-0.06605309731545243,0.19823096399969023,0.9779271308470733
28.80775989,-0.06590266599295347,0.1989930795454007,0.9777824875237126
28.817753454,-0.06615155806538923,0.19835933247194107,0.9778944455240595
28.829122135,-0.06626088521582273,0.19886406046629884,0.9777845266444298
28.837493607,-0.06651374457991854,0.1982881248965175,0.977884318980001
28.847808152,-0.06713293728566352,0.19737385568976956,0.9780269576149491
28.85844649,-0.06643905118191126,0.1979809191647576,0.9779516389498639
28.86730891,-0.06664535961035276,0.19786559237288903,0.9779609416522382
28.878202831,-0.06777532124484628,0.19686669369888918,0.9780848688852238
28.887924352,-0.06756386698916514,0.19507093411604765,0.9784592247715604
28.901567316,-0.06863063505375837,0.19545370221045932,0.9783085843558479
28.907749461,-0.06979617609455463,0.19513071356373046,0.9782906001933616
28.919179269,-0.07010749880544674,0.1962054055736429,0.9780533612410557
28.927485162,-0.0702044825458577,0.19567324777315248,0.9781530098795254
28.938462335,-0.0698611422546495,0.19724185569068237,0.9778625011557461
28.947443383,-0.06957953042794986,0.1991548343312585,0.977494777944064
28.957384325,-0.0697235769524186,0.20142990016595194,0.9770182281493498
28.978296869,-0.06935051834276701,0.20515583579486096,0.9762692193472565
28.978572475,-0.06947704079616039,0.2050544412603737,0.9762815254431503
28.98765605,-0.06977327129833084,0.20441769485740008,0.9763939249306688
29.00089927,-0.07129622547773788,0.2030146042697075,0.9765766322648939
29.007294082,-0.07398410340262283,0.20542237286493095,0.9758729431489794
29.022212968,-0.07490269890244498,0.20505466816692122,0.9758802020535531
29.027370307,-0.07876886798473944,0.20480566937603126,0.9756280557814226
29.037992992,-0.07823125546082892,0.1982012043585962,0.9770343664681528
29.049596707,-0.07976696066296107,0.19700423270978584,0.9771522728219089
29.058308242,-0.07868374519830774,0.19300308831632387,0.9780381772415272
29.067828966,-0.07928562048532481,0.19480214622909128,0.977632811544701
29.101522349,-0.07959680112572268,0.19528361893075194,0.9775114615327337
29.101811623,-0.079818949887832,0.19530207800142504,0.9774896590589228
29.102680486,-0.0800731030994002,0.19442139674093756,0.9776444234226143
29.107221369,-0.0807410868510945,0.19526957922167196,0.9774204153406535
29.117614425,-0.07841059125485617,0.1966690313706066,0.977329561242681
29.128945524,-0.08043166547395875,0.2026340739177451,0.9759457870581659
29.1386343,-0.07576356676981118,0.19904592268363477,0.977057113281172
29.147781224,-0.07564114104417219,0.19820521345438555,0.9772374896313778
29.157870109,-0.07847406128729598,0.19678951566429914,0.9773002139719854
29.167789095,-0.07782250228511502,0.2001730604003976,0.9766649394894966
29.179042587,-0.07602336497403869,0.20431199870643582,0.9759493097300729
29.187260864,-0.0755921433729318,0.2037266338850175,0.9761051616020511
29.197485843,-0.07615996045480784,0.2021505750530052,0.9763886549060582
29.20761805,-0.07943246871315775,0.19959450137011084,0.9766537349219273
29.219646879,-0.0799195282060822,0.19960991118734486,0.9766108500150393
29.245845663,-0.07943613562335644,0.1962284722404737,0.9773352991882557
29.246147044,-0.07832803692646191,0.19638530999613057,0.9773932313296274
29.247344378,-0.07723392840447968,0.19766866591155222,0.9772215812291289
29.257320642,-0.07616255300220633,0.19871280295555746,0.9770938989993397
29.292385499,-0.0775206361837294,0.19449730427742074,0.9778350318916204
29.292723605,-0.07549466860133995,0.19476320237885386,0.9779406168126507
29.293095459,-0.07120229020177658,0.19881503116400517,0.9774470917923269
29.29843518,-0.07033322437477717,0.19981392730735695,0.9773063143165798
29.337033207,-0.06751781427779067,0.19413464389689675,0.9786486012835123
29.337583799,-0.061597948206263665,0.19250766839640926,0.9793602454589203
29.337980314,-0.05300378000013111,0.1947811020477268,0.9794135600402779
29.338846459,-0.050281619476478606,0.19508245345554537,0.979497113368175
29.389875931,-0.052643043016151136,0.19872316239761312,0.9786407996546495
29.390127674,-0.04903603418472417,0.19681266735337896,0.9792140937101972
29.394801047,-0.04839058508372957,0.19266047971547076,0.9800715743409046
29.395109773,-0.03892989029382069,0.19285219423452107,0.9804552487598003
29.395458188,-0.03304434485206813,0.19477282910898444,0.9802915975943994
29.399163225,-0.03320906842314553,0.19462583107714565,0.9803152266755819
29.408177052,-0.03791162133062574,0.19484812610616487,0.9801004625654451
29.417710539,-0.031240657987235604,0.1969400080430143,0.9799176774201709
29.427898362,-0.028627864467164407,0.1949381053094327,0.9803976644578557
29.437814994,-0.030459875930749645,0.19582225261145852,0.9801662314834446
29.448013315,-0.03194733124864273,0.20201397501553572,0.9788614416374323
29.457641611,-0.02493439777286566,0.19143977868754342,0.9811875900885462
29.482273837,-0.024698422663108663,0.18761406750756796,0.9819322530557902
29.482557398,-0.022404649234426467,0.1892961405478416,0.9816644044001872
29.487883198,-0.01975371323477754,0.19797766402423106,0.9800074669924445
29.497359747,-0.02361243457459612,0.19877361037161675,0.9797609426555507
29.507466783,-0.020053757622835434,0.19518179751294745,0.9805620392024258
29.518359988,-0.0171888099528049,0.19583234177177794,0.9804867356209302
29.590927255,-0.016088897934726405,0.19802657264389031,0.9800646018963036
29.591473186,-0.016856549197031737,0.19480120249194233,0.9806978883717765
29.591713915,-0.01192165547949226,0.19435202984270958,0.9808594000297123
29.591974044,-0.011265926512150404,0.18927863835786307,0.9818587861608288
29.592232403,-0.013753163528596478,0.19021307804059054,0.9816464920913639
29.592484448,-0.009941592644913368,0.19476434237264334,0.9807996817270254
29.592741429,-0.010121177742002746,0.19345225168942273,0.9810574845937455
29.598402684,-0.013812107167499631,0.19099946930387127,0.9814929589259584
29.607481081,-0.008403795554216794,0.18889106288273141,0.9819620881598816
29.618017437,-0.00877744084918976,0.1918711366813867,0.9813808758278978
29.628286381,-0.011835253092494313,0.19645639766272935,0.9804411306150004
29.637241637,-0.011892554375553767,0.1971979392930154,0.9802915586135651
29.647680308,-0.013418279948993743,0.19379104649446335,0.9809510589533972
29.657751161,-0.012367465683062113,0.19705838671318154,0.9803137446851272
29.667493034,-0.011420759169195558,0.19597160535696165,0.9805430618559362
29.678556688,-0.009843326873373023,0.1948565164318406,0.980782364706927
29.68830953,-0.012264155094355599,0.19686405076830651,0.9803540870598313
29.697422811,-0.015594376408473222,0.20145584966754904,0.9793734507628624
29.707375112,-0.015939206184841,0.2026158681558129,0.9791285674913502
29.718255026,-0.014494522303049769,0.1985165576528544,0.9799903495243549
29.729644461,-0.011778358869905553,0.19478744031075662,0.9807747566895851
29.738427336,-0.010491438108897673,0.1909498994216717,0.9815437156017356
29.747695802,-0.011794624269183034,0.18956397933062852,0.9817975272828334
29.757651562,-0.011078599699611766,0.18887644357296318,0.9819383655260269
29.768686064,-0.012824470851673818,0.19360531393462233,0.98099567550711
29.778575576,-0.014753037991920074,0.19702230527768072,0.9802879980358209
29.787397011,-0.010531706524685259,0.19741083803096596,0.9802642726252904
29.807418426,-0.008924090372568996,0.19575912256609662,0.9806114044529434
29.807675042,-0.00871899828508362,0.19822331372977142,0.980118103578795
29.818508431,-0.01033277156028583,0.1965300088813313,0.9804433637089839
29.828473701,-0.012920264816545325,0.19764818273147472,0.9801878710839141
29.848588878,-0.014378622420649407,0.19995453395390506,0.9796996680455502
29.848991977,-0.015453862453487129,0.2003303127690688,0.9796065250502959
29.857450579,-0.01649431838563539,0.20032541382174054,0.979590560406817
29.867903892,-0.01760539976487741,0.20026493524331285,0.9795835878632873
29.902255138,-0.01664085224089191,0.2009268290452855,0.9794649005485105
29.902539275,-0.018532728819604244,0.19943572532085,0.9797356426241955
29.90278544,-0.016398449223229018,0.19976354630347018,0.9797069033294266
29.907608509,-0.019020246344239832,0.19816114458691306,0.9799848932534669
29.917901152,-0.015102154903988006,0.1993647708576181,0.9798089676350923
29.927768341,-0.01492090986952333,0.19982000937812297,0.9797190057872678
29.938174431,-0.013094876757490836,0.2006905617246941,0.9795671608610269
29.954816592,-0.012973363245786603,0.2047226027367874,0.9787340536503104
29.95868528,-0.013174676859815949,0.2046547495472764,0.9787455549719657
29.968268165,-0.013200232406561926,0.2038895640622173,0.9789048981034529
29.978509466,-0.012798504912142671,0.20351140090897046,0.9789889212713708
29.992422634,-0.012279598456690957,0.20402043068884412,0.9788896134515276
29.997583739,-0.015613232954616769,0.20259356708263998,0.979138434305097
30.007601787,-0.011824438508205871,0.20267177542541465,0.9791753336864017
30.01794045,-0.014192868138001753,0.20367223547492114,0.9789362507286498
30.027516795,-0.012777434406386314,0.2023336316166426,0.9792332912471937
30.037808804,-0.01374352903105783,0.20240148839411728,0.9792061850834167
30.048954883,-0.014846741503518307,0.20245032730247997,0.9791799830684073
30.057224513,-0.017764272195503618,0.19767376977005327,0.9801068877312618
30.067990269,-0.017502720028177102,0.19860748620147545,0.9799228139074762
30.078890833,-0.01747485495928617,0.19717635858697452,0.9802122795897492
30.087512081,-0.01790919503550019,0.19640207971896134,0.9803598746456564
30.098279697,-0.01872984550155054,0.1960704994133535,0.9804109098471345
30.10909366,-0.020572872284484924,0.196676695762443,0.9802525359671015
30.117920094,-0.022812281667218885,0.1951043192970359,0.9805171617043609
30.129006378,-0.026599306179793683,0.20130134245740655,0.9791681400227438
30.139274769,-0.02831906907718535,0.20356745992980715,0.9786512757792369
30.151644835,-0.02730136809969082,0.20594780999880966,0.978182056090061
30.158465552,-0.02705111463178615,0.2057575285556636,0.9782290512144093
30.168065866,-0.026685682657512082,0.205812486426817,0.9782275270978188
30.178682992,-0.02720696267432318,0.20597848609082106,0.9781782273439598
30.201112954,-0.028025781742146132,0.20494552498114177,0.9783720597747801
30.201466521,-0.026490130347167337,0.20396736932953125,0.9786192238266019
30.207593892,-0.025187187658213882,0.20250827305024627,0.9789565899078859
30.218747284,-0.025089667040746687,0.2026721441147108,0.97892518131251
30.228434725,-0.028624307496012868,0.20221927611860505,0.9789218627584334
30.241033733,-0.030068245956383872,0.2017388791380264,0.978977693938549
30.247413711,-0.02463125630011803,0.20614854379041134,0.9782106517034922
30.257514741,-0.027402703191464765,0.2061783385917137,0.9781306582217743
30.26894214,-0.026677891186329614,0.20342382644255472,0.9787272536091554
30.278471538,-0.027949101124102205,0.20275858656221968,0.978829813257466
30.309375632,-0.028472803325425552,0.20015102963125012,0.9793512469019184
30.309772533,-0.03058719844469583,0.19915946967685896,0.979489626759435
30.310236267,-0.03197299100126392,0.19758562988607195,0.9797640770659829
30.317641575,-0.03197137768452721,0.199707005813571,0.9793339281562401
30.328890684,-0.03335213951395154,0.20036307675959017,0.9791538552552774
30.337513518,-0.034023603422095816,0.20213752821417125,0.9787659649260599
30.35002369,-0.029511322801165717,0.19898669633763857,0.9795577453663249
30.357727152,-0.028335546283379247,0.19803920728360616,0.9797844503743176
30.367830155,-0.02801859887668024,0.20019794764422538,0.9793547569068258
30.378279042,-0.03046124558599115,0.20039818400271112,0.9792408694319114
30.387330948,-0.02904122626421475,0.19873030338696582,0.9796238429585078
30.41398217,-0.025446055875736572,0.19553321657540682,0.9803669004286324
30.414244925,-0.024878242347717527,0.19348765347253566,0.9807872353428038
30.417750734,-0.02760567111753821,0.19243994181607227,0.9809203819454344
30.428109415,-0.029305543671399162,0.19445828376170965,0.9804729272073626
30.439265698,-0.030678560669688132,0.19539973809519767,0.9802437290121089
30.44740539,-0.03247133365033973,0.19813325572424417,0.9796370886543035
30.457545042,-0.029172459661484507,0.19196464657265896,0.9809681656728383
30.467373633,-0.027316912508187872,0.18534914967178376,0.982292970048634
30.482795794,-0.026903764735043193,0.18689317728438457,0.9820117757581267
30.487807882,-0.026400126763677728,0.18932324279903692,0.9815598519921843
30.499744784,-0.021594475454928184,0.1893746537018328,0.9816674177974624
30.507525421,-0.02222046323187335,0.19169753681604942,0.9812024793040529
30.518553957,-0.020080152515039622,0.18960298524416805,0.9816554871549756
30.528675994,-0.020294620565251453,0.18615554308555987,0.9823106647871808
30.537729357,-0.019691582551699862,0.18660856645424506,0.9822369798080813
30.549504053,-0.020974218080945163,0.1847972118474095,0.9825528345434238
30.557417643,-0.02253101253574598,0.18078012638087423,0.983265426718457
30.567618793,-0.022393296396067595,0.1783517613914644,0.983711944364345
30.579370004,-0.01743865100200366,0.17892634026452195,0.9837079130569069
30.58729477,-0.01741614249643869,0.18113319253901014,0.9833043499045298
30.597816609,-0.015007247258407205,0.1814427532526421,0.9832869926027833
30.60736703,-0.014635078143271786,0.17751469998646632,0.9840093219967255
30.637538009,-0.015736292846241003,0.1737228540818379,0.9846688474086696
30.638015684,-0.015906904966155426,0.1734451405551707,0.984715062133303
30.638320364,-0.017816519065832915,0.1780042360447478,0.9838684178275582
30.647325454,-0.019712252292180706,0.18029354584879792,0.9834153061829153
30.657961466,-0.022767248307954346,0.1788669183439035,0.9836098199624886
30.681535246,-0.024226124872110347,0.17876948948331348,0.9835926822133013
30.681911667,-0.023722687432282074,0.17925441858171443,0.9835166940728164
30.688067691,-0.02510788679468215,0.18306469532867592,0.9827801948273706
30.701191206,-0.02590267139540049,0.18343485773641313,0.9826905436513591
30.707510771,-0.025198760638007515,0.18035730600806482,0.9832783251103534
30.717503934,-0.018396534414333296,0.17993237177791874,0.983506944107623
30.728124473,-0.019178253857439754,0.18209424082955017,0.9830940351948482
30.737869462,-0.021318582462108198,0.181392832308059,0.9831796165650846
30.753236921,-0.02242281358033964,0.17820741000055423,0.9837374326780677
30.757275828,-0.02368300644897121,0.17871711870518084,0.983615426214563
30.76952047,-0.02394123369258624,0.18043161655630374,0.9832961146451032
30.77803992,-0.017351819440228584,0.17942144171681787,0.9836192660853957
30.787435834,-0.019563092973113556,0.1729652805051013,0.9847336173469032
30.801492894,-0.021896036755294643,0.17809902703083774,0.9837689261940935
30.807516196,-0.021554437485179396,0.17627198696508234,0.9841054785113634
30.817875004,-0.020566837041583047,0.17908098902557767,0.9836193392688689
30.829961737,-0.0213316747451909,0.17660753920761257,0.9840501698326143
30.838165854,-0.014638469367308483,0.17542325761607008,0.9843842724779528
30.848722612,-0.0147991293043646,0.17270184441557843,0.9848629644307325
30.857425935,-0.018128441106651485,0.17343888525576898,0.9846777710013965
30.867968351,-0.017204508034427964,0.17134348549428952,0.9850611224091436
30.879269224,-0.011815990532263981,0.17017923219085604,0.9853422812904521
30.88758679,-0.010506520569524131,0.16609258976682367,0.9860541895099234
30.897688949,-0.009865762180885649,0.1649879645286595,0.9862462361384606
30.908516708,-0.013024721458011545,0.17001394346478518,0.985355578285572
30.917523075,-0.017784278044917168,0.17354364082755663,0.9846655900267549
30.927904779,-0.017213626883380045,0.17281655432726187,0.9848035995059992
30.93827989,-0.014412310654891765,0.17135985523663344,0.9851030835982939
30.94755467,-0.004780077065838969,0.16813553685769048,0.985752297541741
30.958045339,-0.005396301398564686,0.17075193751220463,0.9852992721843673
30.967412461,-0.013276063978476246,0.16722713753173568,0.9858290067745936
30.977742163,-0.013297090179498391,0.15811094411338397,0.9873318169411603
30.987862569,-0.007560424796489284,0.15952236656670107,0.9871653633215947
30.997480139,-0.009372261821041913,0.16371156636940326,0.9864637265227922
31.037714799,-0.012099199657224849,0.1625870042187815,0.986620025859407
31.038152103,-0.009822126702340079,0.1585879583399997,0.9872959967996396
31.038656387,-0.009065619912589267,0.15298761155112228,0.9881865235103561
31.039371111,-0.005290756753289414,0.15523115674668975,0.9878640067681697
31.048188644,-0.007942128077671225,0.15978996805545928,0.9871190853744208
31.057366618,-0.012152044699480852,0.1593074980304783,0.9871542173748188
31.069361447,-0.005202813623833767,0.15694343272376152,0.987593889032976
31.078721594,-0.004692345258953179,0.15363866256144543,0.9881159563848269
31.087617689,-0.007125077849845151,0.1499297454153537,0.9886709789941853
31.099078166,-0.010539902132858709,0.15585616813946526,0.9877235267603546
31.113845668,-0.010821046885194805,0.15147950853412662,0.9884011652353349
31.11749579,-0.003288561217233644,0.155783940073568,0.9877856798821673
31.128341792,-0.0009265343100018623,0.1577487838403866,0.987478841662469
31.137336731,-0.0036753934010833977,0.15505992127104523,0.9878982297275184
31.14853708,-0.007521431606137943,0.15166007514867205,0.9884040922985362
31.158686638,-0.010863547242567873,0.14854288828415624,0.9888462942649426
31.167582553,-0.009850273921307948,0.1481353214613244,0.9889180444502088
31.178181814,-0.005605897327321588,0.14212193303444698,0.9898332839754924
31.189554303,-0.004688284658314086,0.14054168596221045,0.9900636618389054
31.197339494,-0.006336081962313485,0.14436825716181095,0.9895037445050059
31.207307972,-0.00777072680663172,0.14824310991781567,0.988920419531719
31.218186101,-0.005574857854704557,0.14418761387191564,0.9895346648631483
31.228018643,-0.0036702523749360776,0.1419132818734429,0.9898722895785159
31.23770295,-0.00481692246596153,0.13969113873091524,0.9901834087773926
31.251253458,-0.0023535601526469023,0.1419913867270039,0.9898650952781143
31.2573077,-0.0014907933375974017,0.13950882304125303,0.9902197058374819
31.268173269,1.0452808750104957e-05,0.1380954884466087,0.9904189194282546
31.278011745,0.00020528317980003167,0.13818351083986416,0.9904066211363822
31.287607452,-0.0025457467648833036,0.142093072386818,0.9898500280108516
31.298625998,-0.0017836107014413385,0.14296395079461072,0.989726289186087
31.307300368,-0.004099537204748591,0.14361801922019687,0.9896247058102249
31.317871639,-0.006192821836310746,0.14084369032707,0.990012476614692
31.331710353,-0.0065411739641676745,0.13922024156136636,0.9902398383133074
31.337368384,-0.004850194726601105,0.13676614719248675,0.9905914882499431
31.348072228,-0.004825665622098072,0.13702461203480026,0.9905558887049313
31.358250069,-0.004671264001774042,0.13756860450007147,0.9904812256416214
31.368181277,-0.0032294876589669397,0.13474152736002154,0.9908755175167813
31.379106137,-0.0025546223606080333,0.13236195419245764,0.9911981572758035
31.39085199,-0.0017069315947320844,0.13404923656072826,0.9909732027466822
31.397712819,0.003523869915076304,0.13511577606782368,0.9908235510919245
31.408503308,0.0041985927455170605,0.13551250711615373,0.9907667395679226
31.417507005,0.003845056405668113,0.13472587496042138,0.9908754483573535
31.427937292,0.002217509214652157,0.1322717098078508,0.991211015595262
31.437252512,0.0030462227011539226,0.13054072041982648,0.9914382687991865
31.475075041,0.0027587453485654655,0.13649797086036153,0.9906365091571709
31.475474069,-0.00042812752217802244,0.13428785190397727,0.990942273564833
31.476415949,-0.0012385862167291065,0.13290560632097834,0.9911279260078574
31.479091828,-0.0016428071074125646,0.13187822129830976,0.9912645640453419
31.487886897,-0.002218236319993542,0.13086515815245514,0.99139769507971
31.49746405,-0.001382496173920024,0.12968485125724788,0.99155429909749
31.507524161,-0.0021680787442472866,0.12991808930621787,0.9915223595590674
31.543988615,-0.0012806898892108892,0.12951515282494114,0.9915766158104679
31.544312797,-0.0016258290588913777,0.12949846351116812,0.9915782897119713
31.544647114,-0.0030933305003110036,0.12886538727413618,0.9916572710715646
31.54830753,0.0012580306029680024,0.13015228339280194,0.9914932175696625
31.557352425,0.003377698431667907,0.12795887953700824,0.9917737223283032
31.570062604,0.002266909417772807,0.1272069224635918,0.9918736108996113
31.579265772,0.0005195417853583427,0.1284372953215689,0.9917174956845389
31.587471323,-0.0014463236909923176,0.12781593276865827,0.9917968519199176
31.598551451,-0.0033666379858734267,0.13331775062518658,0.9910676279229953
31.607509086,-0.001540219907910436,0.13353139309944637,0.9910433869309438
31.61744846,-0.0037513304865807204,0.13140849852892336,0.9913212062868193
31.628033342,-0.003632174918263148,0.12858133727438006,0.9916923146874211
31.637364508,-0.005298559131758047,0.1285071743993858,0.9916944244065372
31.660160126,-0.004398481476939935,0.1257213720927933,0.9920558401419763
31.660586532,-0.005221741896741579,0.12626071414524015,0.9919833493940802
31.667376487,-0.004523680188361116,0.12438290764284489,0.9922239810667071
31.678061163,-0.0013369006338889702,0.12259276556817918,0.9924561584911652
31.688030223,-0.0013252653488051644,0.12231213178710934,0.9924907989948563
31.697439761,-0.0011263055135854437,0.1223102653002418,0.9924912747415336
31.707513011,-0.0010186264941431135,0.12007698074520742,0.9927640611420121
31.718512179,-0.003419790162764035,0.11726414109829965,0.9930948727325707
31.728995894,-0.005516487299174073,0.11606956186049731,0.9932257674755476
31.737734552,-0.0042379734852581565,0.11297055047680464,0.9935892986066758
31.748274472,-0.0033724565845661397,0.10886866727768998,0.9940504211667358
31.757694309,0.0022247164451323124,0.10932930207281827,0.9940030957421658
31.78805145,-0.0020736638799878455,0.10991911893059171,0.9939383719384394
31.788308647,-0.002415177870585481,0.10627023798456718,0.9943343519332705
31.788546822,-0.000306988552855673,0.10201303180645989,0.9947830150840348
31.798931598,0.0007159890592880653,0.10364458762728775,0.994614139661827
31.807318225,-0.0012805933614761463,0.10567200696964722,0.9944002147142011
31.818004124,-0.003282960005658605,0.11150100769868719,0.993758898051121
31.831361329,-0.0058092782619038694,0.11796414526104412,0.9930008623958526
31.859673819,-0.0030096481592343485,0.11437566212117481,0.9934330123024403
31.859944272,-0.0009670725309321619,0.11085045123787016,0.993836627535472
31.860313663,0.0030916601811008674,0.11070203676785181,0.9938488319119633
31.869608136,0.003998862938388798,0.10805601903877002,0.9941367641550599
31.879745107,0.004657530023753709,0.10748111914648714,0.994196216267743
31.888615646,0.0029254933779189283,0.10676896818278177,0.9942795527021966
31.899049455,-0.002449061127915906,0.10773200376719334,0.9941769548042729
31.907822161,-0.0038560417724344746,0.10844839681258782,0.9940946012179267
31.917606504,-0.00255944080981821,0.1077525728837333,0.99417444761957
31.928075458,-0.0012568376547856064,0.10698273526060653,0.9942600840400205
31.938404751,-0.0011816116888327712,0.10344962842718937,0.9946339920654699
31.947860148,0.004417429755524056,0.10632415753612648,0.9943217084216697
31.957524031,0.005123855309070563,0.1082097269775922,0.9941148832475082
31.967523115,0.006397141094046401,0.11145906206526615,0.9937484360085073
31.977526518,0.005175235891482896,0.10848171002683149,0.9940849739952424
31.987922584,0.004210494429385587,0.10090071715312124,0.9948875901400348
31.997430278,0.0016335406439016399,0.09416553250605406,0.9955552139549148
32.00771181,0.0003326331115391019,0.0950609096109735,0.9954714023110596
32.017869699,0.0028539496630507763,0.09490808153289279,0.9954819491236728
32.02830728,0.0033620787120060857,0.09822907116159232,0.9951581512530886
32.0376358,0.0035811184621892278,0.09793902614005368,0.9951859739512499
32.049319506,0.0031598355275002437,0.09436621825175827,0.9955325370334718
32.057450927,-0.002596581405676818,0.09243789366234724,0.9957150664624254
32.067841527,0.0030311257535381923,0.09262761565394967,0.9956962072313676
32.078571469,0.006221647273819746,0.0885147407572104,0.9960554360947407
32.087374263,0.009711102616478938,0.09088438868413465,0.9958141003116411
32.098387553,0.006462912815058005,0.09074118622933375,0.9958535373636218
32.107756506,0.0005541140620041782,0.08836850046518754,0.99608769748609
32.117976746,-0.001383097805593352,0.09044203889589439,0.9959007604379132
32.129853454,-0.0007690039198267946,0.08976676788296181,0.9959625173754371
32.137578832,0.004636253758658375,0.08816076209152723,0.996095469911658
32.149853534,0.00687568257557217,0.08670511145862926,0.9962102933799001
32.157358647,0.007751124946087656,0.08277298816861149,0.9965382845087835
32.167735915,0.0061729916366726825,0.08396250247220452,0.9964497941958032
32.177976524,0.0053452702795255625,0.08174871758000178,0.9966386382534363
32.189543177,0.007783619438922173,0.08445658393029806,0.9963967586756065
32.201358296,0.011792404044525012,0.08349704598843898,0.9964382482211606
32.21809672,0.00759634649124542,0.08318603923229399,0.9965050819724043
32.218738961,0.004853788313778769,0.08254667503942459,0.9965753795769495
32.228566383,0.005477169144925302,0.08054475046281749,0.9967359448675664
32.237728717,0.012720002840370287,0.07847694845127705,0.9968347757223945
32.247389835,0.008206319858858353,0.07763112952818428,0.9969483758161967
32.257594118,0.0007986015014045793,0.08225970440916316,0.9966106076428042
32.268093929,0.002364479079710141,0.08013914570711742,0.9967808819214057
32.278602546,0.00473417517239135,0.07251033081056245,0.9973564255125547
32.287683091,0.00768346833298225,0.06968326030817448,0.9975395769327647
32.300802458,0.012139749912351321,0.07340038788511309,0.9972286646152831
32.308062179,0.011956437912458952,0.07136573711585845,0.9973785515832772
32.318458014,0.011995215622741851,0.0668829914382925,0.9976887191195604
32.331480492,0.007599529006019191,0.06554192630385924,0.9978208772396308
32.342059385,0.003353547102287221,0.06480067177495429,0.9978925927470087
32.351441416,0.010934657821314612,0.06872693456339402,0.9975755819605098
32.357781542,0.00979468229220557,0.06731321283607046,0.9976838154327657
32.368577248,0.008379155969766001,0.06477400110623208,0.9978647796800548
32.378093575,0.004013469388149794,0.06144327101381033,0.9981025080173849
32.387515666,0.006696472017718575,0.057255650115335496,0.99833709126346
32.397574111,0.003436491311379821,0.052919099326469335,0.9985928897473395
32.408135355,0.010088585427864111,0.059064246668620424,0.998203203365694
32.419800365,0.012237694948166863,0.05945403341026615,0.9981560282508976
32.427990969,0.012537520522821496,0.060116115183472554,0.9981126505933023
32.448697375,0.0063544182432041475,0.05490966012618406,0.9984711065392015
32.448978347,0.0012438132830532454,0.05737853438536474,0.9983517199465849
32.457585558,0.006917781982854786,0.05570556797758976,0.9984232739618664
32.468174251,0.010657511272719572,0.053549913191270206,0.9985082995402088
32.478904176,0.008026897778350498,0.05257033393782749,0.9985849632864102
32.487829091,0.0057018098200179845,0.05163136697335592,0.998649934315944
32.49716372,0.009717606030752083,0.05190901732494278,0.9986045373687175
32.507955637,0.01576908367493799,0.05368339700498689,0.9984334874622635
32.518473653,0.0132865839776763,0.04742590309278395,0.9987863887749162
32.528055346,0.009639268289094241,0.04764527290376454,0.9988178074487742
32.537720532,0.010798667596229236,0.04821134491982218,0.9987787818126534
32.54947306,0.011968263326028086,0.05067867064830743,0.9986432961845181
32.557754772,0.014064846299574182,0.05076854846830835,0.9986114031919476
32.570603229,0.011306938805858332,0.04672669178132414,0.9988437162089041
32.582347574,0.008927727250932051,0.04269298240570022,0.999048349650526
32.587551022,0.00833948503955368,0.04313632752355137,0.9990343889161455
32.598107742,0.01234179975323531,0.04421473794653172,0.9989458128082677
32.60766487,0.015099673688694963,0.042101254821111954,0.9989992413395432
32.617564927,0.01682361687813051,0.04369032563951852,0.9989034594797692
32.628761634,0.013819508939986324,0.043268611256437446,0.9989678916024264
32.637460715,0.01183910628598514,0.042301454707210924,0.9990347453877684
32.647375285,0.011038951519609189,0.0446096413922798,0.9989435026287523
32.657651258,0.012687144000319906,0.04440878387630565,0.9989328787720138
32.667448376,0.015521011709162152,0.039798148194691824,0.9990871861833668
32.678466975,0.01329358653303086,0.03695491411699692,0.9992285098413146
32.688970137,0.010619092554528144,0.03490939823571489,0.9993340626577975
32.699276562,0.013002031297184401,0.04148513151463447,0.9990545185550991
32.707962269,0.008721210868868146,0.0390665415147176,0.9991985517478793
32.717533416,0.008599601024086039,0.03769389822576805,0.9992523289433817
32.728279893,0.010139697965470373,0.03663590071566119,0.9992772374591155
32.737481387,0.010562559644181707,0.035933347641074836,0.999298367286302
32.755133462,0.010384383986887664,0.03635399612916409,0.9992850201692476
32.757268906,0.011107445392977387,0.041798027768575864,0.9990643370331559
32.768526032,0.009620545151026757,0.041321417959049055,0.9990995873929939
32.778652286,0.010302738948312486,0.04059528813636163,0.9991225531191299
32.788865865,0.007903995248730873,0.03914365760537428,0.9992023323273326
32.798547931,0.005140711225948593,0.03662159791178253,0.99931598188685
32.808010422,0.004210940176353264,0.03492628049122776,0.9993810198887506
32.822061522,0.004477714229911459,0.033427474387321375,0.9994311152007227
32.830754376,0.005877784126410974,0.03263757379589238,0.9994499689481614
32.83790744,0.010240705057623676,0.03284410126787463,0.9994080212665037
32.848851805,0.009934415517192013,0.034062759590735486,0.9993703196500263
32.858804833,0.010788107425769218,0.03735215873961399,0.9992439306674127
32.868796814,0.014180531481904034,0.03992896791092872,0.9991018917249925
32.878793708,0.013028729979689338,0.0366562022291933,0.999243000992876
32.887608698,0.012953750686531918,0.03391005144774078,0.999340937195091
32.897613811,0.007210991183720598,0.03618540310761579,0.9993190772761661
32.908387232,0.005096426448716691,0.037550020528086,0.9992817532587059
32.917796512,0.006705734467069735,0.039775100691452646,0.9991861560741532
32.9385424,0.00559309110612554,0.03851454762988355,0.9992423864872548
32.938863011,0.00866006409855859,0.03936318490139288,0.9991874413563392
32.947518359,0.011115404129210558,0.038561803500935965,0.9991943930496205
32.957670816,0.011039635742496008,0.038098207695100125,0.9992130168352962
32.968381715,0.009421988389446133,0.03481003979047088,0.9993495320780288
32.977801963,0.01321469471880225,0.036302550644502156,0.999253469676334
32.987423889,0.011973572146705719,0.0381666788601399,0.9991996488164088
32.998490759,0.010797966072242515,0.040636766957142294,0.9991156375014725
33.015488708,0.012796079288888491,0.041796848115900606,0.9990441851301718
33.018254798,0.014668056207630134,0.04264311414694482,0.9989826890106458
33.027460051,0.014670327245123932,0.04175102722797964,0.9990203367419151
33.140100125,0.015787330125211996,0.04035713690915893,0.9990605896080642
33.140520805,0.015586347230578413,0.037355892752032195,0.9991804657101272
33.140784427,0.00979737106283573,0.03518184167898063,0.9993329022584677
33.141085053,0.012311749063226735,0.041806850139065765,0.999049852668251
33.141333816,0.011084806346907367,0.042446951845233095,0.9990372282088892
33.14158108,0.01295213633097125,0.0441137657432595,0.9989425498177624
33.141839979,0.01307257563463592,0.04010607053982181,0.9991099093053434
33.142106081,0.012125042612176723,0.0371694568756551,0.9992354151135866
33.142416198,0.013913430827916651,0.04117016520043147,0.9990552707132704
33.142732879,0.015257441371763401,0.03862594872452928,0.9991372511161404
33.143004354,0.017748866681002343,0.03554890402970115,0.9992103147755368
33.147861578,0.013869214444347553,0.030989170061780064,0.9994234919340143
33.158517873,0.011795323106820696,0.03218047538165057,0.9994124710833945
33.167818654,0.013135380902858965,0.03364940596173824,0.9993473766648707
33.178314147,0.016513453228492667,0.035309837957017406,0.9992399717815132
33.188318687,0.020037191045212115,0.03637129281759259,0.9991374480189373
33.198955348,0.019624695032246727,0.033147748865393824,0.999257773595006
33.207620939,0.019196071320976813,0.03236543231942997,0.999291744005031
33.219896705,0.017548378934448775,0.03091128755272157,0.9993680736838685
33.229183866,0.018498553334746533,0.03388503814473516,0.999254525991477
33.2384751,0.017089633496804323,0.03308365799790472,0.9993064675065515
33.248278797,0.016805891578623323,0.036122064926611644,0.9992060640496961
33.258412571,0.0166330789855664,0.0350023771107235,0.9992488049930602
33.268384959,0.018428725664262617,0.03517189876552054,0.9992113488184666
33.279102081,0.01650096264451975,0.031291181120597956,0.999374094228924
33.288007299,0.018066020628284232,0.0285384024104839,0.9994294264661792
33.299043208,0.016961961939894302,0.02490203495694035,0.9995459871872595
33.30796926,0.020693871138759916,0.025870010273216476,0.9994511024886392
33.318495861,0.01867233107081511,0.029347330520726966,0.9993948560222278
33.328647061,0.025341432662436356,0.03047674464209667,0.9992141811576915
33.337612333,0.026942315749691307,0.026483001923361484,0.9992861263077613
33.348893604,0.026107010971188345,0.018785844270284822,0.9994826241777307
33.387234276,0.02572920455571163,0.018065999323991538,0.9995056916803207
33.38770959,0.024397482692066128,0.021602224592686074,0.9994689123384167
33.388167016,0.023383152386018534,0.021814880931717563,0.9994885387809244
33.388437579,0.02237391155357583,0.01661655031097464,0.9996115737312947
33.397671827,0.018230005332907768,0.011619203628491602,0.9997663031992036
33.407990675,0.030323944526499693,0.018086060989153305,0.9993764820057807
33.417951446,0.028820771278018815,0.020596724753200384,0.9993723720777862
33.428335088,0.027142925359529807,0.021022610150595485,0.9994104819669359
33.438662924,0.027925474276076903,0.01631396005774399,0.9994768744666835
33.447472229,0.02486482928891217,0.011218777115417024,0.999627870412019
33.457784581,0.029045808535723885,0.009062032387770964,0.9995370031046921
33.469705484,0.024687476462433206,0.004960291715179738,0.9996829117335243
33.477990334,0.022333423986009262,0.002198223713832009,0.9997481612814125
33.487584761,0.023160941275701726,0.0013408325401459756,0.999730850262871
33.513332278,0.034929609332265285,0.0011916033911374751,0.999389064615605
33.513621283,0.03339460315081064,-0.0005164762246430843,0.999442111246424
33.518202201,0.02605907766570604,-0.0029537603619561436,0.9996560407314792
33.528034519,0.028950012123328213,-0.007892145398144675,0.9995497040363093
33.606310631,0.030503211185544377,-0.012443557906535263,0.9994572086757876
33.607271015,0.03249535449515267,-0.01359988793769329,0.9993793548919832
33.60753203,0.03397018162472679,-0.018594432372191445,0.9992498555642323
33.608210043,0.034335362871741326,-0.02110578496094975,0.9991874842579086
33.60854587,0.032842409152658084,-0.01954012945917598,0.9992695129452154
33.608797366,0.03263403921638277,-0.02259764739972578,0.999211872335603
33.609049973,0.035481517914053386,-0.023891860268449108,0.9990847015641005
33.609301994,0.03751493197332766,-0.02385098455301717,0.9990113915340948
33.617686748,0.03356287622691301,-0.027121361329643573,0.9990685487487854
33.629540304,0.03625625103367064,-0.03200453103537318,0.9988299125748034
33.637539382,0.033585652844247575,-0.03434578652979474,0.9988455190221736
33.647510236,0.03841479121934856,-0.039650980835083005,0.9984748887850861
33.658014733,0.040717957052075496,-0.042138038359678186,0.998281740640739
33.667683962,0.03850674561531692,-0.04095436147364479,0.9984187352100338
33.678383864,0.03588721425228196,-0.042987901488291486,0.9984308429625177
33.688921599,0.03817675460006247,-0.04732754290973221,0.9981496075690929
33.6975545,0.04301348952483088,-0.050391884594397134,0.9978028350761099
33.709612877,0.03413948655850768,-0.06040249614437905,0.9975901131812855
33.718286633,0.04255333776469814,-0.06430894617824107,0.9970223532531893
33.728509692,0.04402583421893153,-0.06818940987998066,0.9967005218728177
33.738365816,0.03906420620335321,-0.07562804055727265,0.9963706073922342
33.748105993,0.04110665293157453,-0.08545759001558936,0.9954934672781588
33.77310342,0.04611627211649928,-0.09339425710588624,0.9945606075980069
33.773467443,0.04510072503846008,-0.09950660722140188,0.9940142653504984
33.778124224,0.04889937892334033,-0.10412810410244741,0.9933610565534273
33.787719626,0.04683009678292469,-0.11677842427090528,0.9920532957760417
33.801586719,0.051788555879333245,-0.12595493613051503,0.9906832488461139
33.80758883,0.05529576743141251,-0.1295478186548176,0.990030171654354
33.81805146,0.0518299259073724,-0.1336661100390626,0.9896701621285051
33.82926766,0.05096307015862957,-0.13468595120336668,0.989576909607561
33.837596924,0.05045427447502659,-0.13654622428091562,0.9893480150188934
33.848444264,0.051364760243993106,-0.13635520610836233,0.9893275085492282
33.858014514,0.05036390539276366,-0.13861771303192522,0.9890645108724646
33.867896593,0.048897337640786555,-0.1364680871144557,0.9894369669518944
33.878190561,0.04954324724939157,-0.1370484354654241,0.9893246145671628
33.918910244,0.04773498350694486,-0.13775956886661475,0.989314748972882
33.919285661,0.049440638581635485,-0.1388788318030567,0.9890744629873216
33.91960391,0.05135232288252711,-0.13967417471809856,0.9888650382389838
33.919943254,0.04783045596833487,-0.1422907183052384,0.9886685991605279
33.927973186,0.04275195468877666,-0.14433708496593473,0.9886046106881281
33.940067872,0.043262195590634094,-0.14192249209876498,0.9889319433960831
33.947597562,0.045195029118435266,-0.14027952347573788,0.9890799081148114
33.957779842,0.04878295572691891,-0.1398254359766091,0.9889737462058823
33.967884618,0.04813919282574507,-0.1404088812991066,0.988922627997974
33.977794313,0.04841418304872201,-0.14008909455566523,0.9889545553089377
33.987835203,0.047548773027558756,-0.14076761853003894,0.9889001930209921
33.997492429,0.0477259414899975,-0.14067097433996137,0.9889054107886858
34.007572762,0.04727825057934052,-0.14260781309146583,0.9886494720918161
34.019619381,0.04846558020411896,-0.14160130316796163,0.9887366476856277
34.028023655,0.04808874477100985,-0.14299412834921935,0.9885545770891943
34.050224552,0.047047948348914174,-0.14286416406329647,0.9886234476192913
34.05174892,0.046105877587671096,-0.14243035738766857,0.9887304189445634
34.057498988,0.04499635282975706,-0.1425296510455173,0.988767225794253
34.06848897,0.04686292508409951,-0.13973915377220966,0.9890787810662955
34.079956368,0.047772988631028745,-0.13663576482963946,0.9894687510612344
34.087757756,0.046332744965019476,-0.13804322976782088,0.9893418739036952
34.098504263,0.045958455078634754,-0.13915385713466005,0.9892037325300242
34.108182569,0.043975487587413875,-0.13994530117125717,0.9891822224299905
34.117563675,0.043963670143000386,-0.1418550272907171,0.98891068703898
34.128879353,0.043378664155157086,-0.1425288009288248,0.9888396393763277
34.137324393,0.042972864700894634,-0.1417156821750968,0.9889742151972647
34.147508385,0.04320081409507575,-0.1407118402286323,0.989107611779929
34.158162098,0.04188515567789252,-0.14249658243775848,0.9889086700638223
34.167683841,0.04613998693351654,-0.14180093669763344,0.9888192938840994
34.178121177,0.04750346226419389,-0.14137075375907682,0.9888163282705766
34.188449345,0.04624521381684512,-0.14115326906645362,0.9889070405406605
34.199626592,0.04595942831775905,-0.14055011969127781,0.9890062663115297
34.207645499,0.04519949527475224,-0.14065688449459268,0.9890261101058871
34.217495923,0.04509253269950658,-0.14006212542656107,0.9891153949442594
34.228336466,0.04492852587178674,-0.13976512128883414,0.9891648691871876
34.23821933,0.043065717667493134,-0.13990855043170888,0.9892274467875837
34.247448069,0.0413282592169795,-0.1397652466325126,0.989321813579306
34.257497212,0.041185312430490194,-0.14006345454047664,0.9892856001894451
34.268318435,0.04204180068781319,-0.13973605172687992,0.989295872245866
34.277960972,0.04294623078923208,-0.13832571681155148,0.9894552123919346
34.28792834,0.042798515352315894,-0.13556811674592387,0.9898432061723722
34.299843315,0.043358205070813505,-0.13512933553911535,0.9898788454804933
34.307411621,0.043356565772592635,-0.13605896246941065,0.9897515682918387
34.320273425,0.04493896334093283,-0.13381537390949821,0.9899868359121263
34.329950551,0.0455763391135636,-0.13233186800555594,0.9901570956283481
34.337540756,0.045144357452735734,-0.13152141769423026,0.9902848598650186
34.347978304,0.04536457709731188,-0.13174628332449784,0.9902449050487274
34.358472616,0.04396317141235327,-0.13092559497197928,0.9904169466142031
34.367511587,0.04188558832468732,-0.1299035484712492,0.9906415424285784
34.379731669,0.0420865504092539,-0.13024758538836206,0.99058785010475
34.387850821,0.0394289683950519,-0.1317497220873879,0.9904985447648058
34.401597815,0.037106750921235956,-0.13232876968182491,0.990511073007548
34.408584015,0.0358950526500754,-0.13066624548298578,0.990776401357354
34.417819143,0.03784339116467277,-0.1260142107504631,0.991306358515921
34.450095988,0.038205530518965254,-0.12264014836627361,0.9917155496645512
34.45050045,0.03674927005855359,-0.12057865886017864,0.9920233254201457
34.450853647,0.03700469951332167,-0.11944639131368764,0.9921508009451316
34.457689276,0.03631776307929912,-0.1186469019124018,0.9922721062044951
34.467566875,0.033324680339443996,-0.11987999385715258,0.9922289316246946
34.478237287,0.03157926869743372,-0.11985977375012687,0.9922884582746611
34.487938289,0.030761277199991315,-0.11822979102626875,0.9925096777054168
34.538709927,0.029662164714576004,-0.11729412332875694,0.9926541414898664
34.538963876,0.029958357413332096,-0.11565739130352697,0.9928372800504411
34.539396099,0.02951391762662538,-0.11440484014641705,0.9929957005029789
34.539686008,0.03007627979517655,-0.11267690890545222,0.9931763849353219
34.539964802,0.03053851128150486,-0.11145988094035797,0.9932995994509767
34.548710567,0.027306827038278508,-0.11154721125683806,0.9933838919863377
34.557370816,0.026823874098154885,-0.11054341862547304,0.9935092512790005
34.567664699,0.024960007923109904,-0.10925099796505909,0.9937007685657273
34.57950463,0.02625300597820343,-0.10726100042644494,0.9938842273950355
34.601116805,0.024894722708565718,-0.1056966819348638,0.9940867488349414
34.601560253,0.022208302519288865,-0.10342470577430933,0.9943893209074147
34.608927939,0.020715841695216758,-0.09956446533438552,0.9948154457714942
34.618579199,0.01841640431610868,-0.0972196698379574,0.9950925443639221
34.628348596,0.01640146649919559,-0.0955287856732463,0.9952915366888593
34.637555752,0.01446421909298639,-0.09268252025477401,0.9955906472065985
34.653586918,0.011517818267953762,-0.09076608016076972,0.9958056329196955
34.658324272,0.008951275904420145,-0.09247619096528883,0.9956746600994898
34.667737152,0.007604316468968587,-0.08943210739455938,0.9959638911818078
34.678486584,0.007393392207070822,-0.08898792159229338,0.9960052648266254
34.688269273,0.004058107456589249,-0.08915781266404398,0.996009245039841
34.697685717,0.0021763462777613855,-0.09052198194052702,0.9958920796464034
34.707688848,0.0006655812028464321,-0.08912639747621286,0.9960201013406178
34.718476582,-9.04617907147587e-06,-0.08829458455916403,0.9960944062967584
34.728324059,-0.001430803790257871,-0.08696384928632844,0.9962104404782247
34.737632896,-0.0029111399251896155,-0.08562912562290542,0.9963228282586888
34.747551607,-0.004466642793822892,-0.08387461822810575,0.9964663052603645
34.757520012,-0.0065360853624288695,-0.08059340161327874,0.9967256308556212
34.768908364,-0.009456798359731474,-0.07908839432981778,0.9968227499646639
34.778016657,-0.011164828756550862,-0.07771339089393668,0.9969132236431631
34.787638136,-0.013307879258405852,-0.07659989831209897,0.9969730968929
34.798561001,-0.01457513969597183,-0.07433612010408236,0.9971267254219568
34.807279959,-0.016053666851638136,-0.07243266249339796,0.9972440970919478
34.817737923,-0.018650619739944117,-0.07018206679809115,0.9973598306946518
34.846004164,-0.01974307898674913,-0.06824171400778047,0.9974734479179901
34.846474162,-0.020812054109721822,-0.06633734763315814,0.9975801795909598
34.849254,-0.02173137172699765,-0.06398752837978545,0.9977140590844198
34.858386083,-0.02270052352670003,-0.0635603310606169,0.9977197855846494
34.867499931,-0.023355570708898907,-0.06261667311558759,0.997764335684934
34.879368528,-0.02490514104246564,-0.061773224564726566,0.9977794358857727
34.887538928,-0.027399032987844334,-0.06026385430857672,0.9978063744310346
34.899442229,-0.02982562934666747,-0.05927791073927729,0.9977958514307731
34.90765241,-0.03232305783641758,-0.058270435663347525,0.9977774181949135
34.917534395,-0.03421625212048768,-0.05710164244816878,0.9977818651992773
34.927835175,-0.03560851714897931,-0.05575636488823761,0.9978092309058384
34.937793143,-0.03714676045455334,-0.05572903607993725,0.9977546756218851
34.949208022,-0.038408703754471765,-0.05475415724239773,0.9977608700187516
34.957684004,-0.03945633287466198,-0.05278799360469073,0.9978259495158838
34.967911297,-0.04159357983801571,-0.05035108929645555,0.9978650920454724
34.982516662,-0.04343420110633661,-0.047848598391407066,0.9979098064485751
34.987884088,-0.04495893939060499,-0.045678296052221304,0.9979439799100137
34.997630319,-0.0463806507558187,-0.044188887594635635,0.997945979223633
35.007365368,-0.048383286169785954,-0.041369913329558874,0.9979717370199005
35.017869973,-0.049604613448768695,-0.038365572770558236,0.9980317956611329
35.028037691,-0.053502260803880715,-0.03341514615010278,0.9980084849822876
35.037510186,-0.05412418139414946,-0.03260422807916511,0.9980017721927026
35.048987959,-0.055047161362588234,-0.029690949891099685,0.9980422122938916
35.05765767,-0.05873306226338794,-0.027653576986632167,0.9978906288151068
35.068978935,-0.06013717330653973,-0.022609638528608526,0.997934028196406
35.078952973,-0.06143454917099008,-0.020015444480560432,0.9979104058733944
35.087573848,-0.06384942363656493,-0.016796482109952826,0.9978181844855347
35.098308972,-0.06251001542283435,-0.01779786884078593,0.997885631641504
35.108465783,-0.06498303640465534,-0.018868781728386696,0.997707960304877
35.117723271,-0.06431076174378705,-0.01933437547976622,0.9977426060105589
35.129490953,-0.06364879071975764,-0.017336292354244994,0.9978217698603898
35.137328338,-0.06282835322976285,-0.014828718717144158,0.997914178239614
35.147725801,-0.061677283793114865,-0.01011070145801119,0.9980449320446102
35.158402431,-0.06269965414351791,-0.005980671683461958,0.9980145214056246
35.212924495,-0.0642504751761813,-0.003361522733924087,0.9979281420044954
35.213555339,-0.06710595702764255,-0.0008480069477251647,0.997745494309857
35.213906204,-0.06870187794878498,0.00028828129525138783,0.9976371930016468
35.214891199,-0.06867863769809462,0.00347712006700729,0.9976327753036052
35.228487635,-0.06760900318018616,0.005696546781948315,0.9976956309635433
35.228832298,-0.06814304261596031,0.007792384489544305,0.9976451295360522
35.22926709,-0.06982333287836621,0.007992366636555481,0.997527355144361
35.238348201,-0.0675966999388249,0.010062875081206252,0.9976619791805642
35.24796199,-0.06598937284819842,0.012742563870725547,0.9977389587147041
35.291713312,-0.06507857482417702,0.02017829685050047,0.9976761074793097
35.292086293,-0.06435628084738454,0.018309998698443793,0.9977589954809506
35.292408616,-0.06372415729218937,0.01967817659573007,0.9977735219694236
35.292787239,-0.0626723982508726,0.02439754227396681,0.9977359021446878
35.298853379,-0.06323524499983742,0.02376313687891889,0.9977156995434543
35.307528715,-0.06059932649803103,0.026835335929664084,0.9978013762134863
35.317821819,-0.05919396359703285,0.02795697692030293,0.9978549404172687
35.329601321,-0.06012675561753016,0.027269119691095432,0.9978182040683475
35.337417467,-0.06215883230683014,0.03133958727740111,0.9975741124525704
35.348703465,-0.06180073681641118,0.033498428819841115,0.9975262022601467
35.357870525,-0.060234420521901325,0.037653353060353306,0.9974738290239514
35.367765957,-0.06041885473055804,0.03787378793143948,0.997454328869634
35.379381838,-0.060927041418847264,0.04187570464270306,0.9972634160464443
35.387614176,-0.0602625439629279,0.042043542364040905,0.9972967293341534
35.397997137,-0.056165465247386186,0.04162760004806742,0.9975532985398741
35.408494219,-0.05947459430354066,0.03973036549833146,0.9974388556146178
35.417416814,-0.0588032687768963,0.041136617973899926,0.9974216531852622
35.428149076,-0.05532597674223443,0.045438265158594435,0.9974339077637651
35.438755948,-0.05100236104932052,0.04844762554206293,0.9975227249274731
35.45064295,-0.04802892131414188,0.0514623707901926,0.9975193467347151
35.457526862,-0.045498592825132855,0.05142211673288808,0.9976400372687746
35.468121222,-0.044122429044130905,0.052663757463433845,0.9976370782529479
35.478653013,-0.04489542355079979,0.05378960152949012,0.9975425202523915
35.488131422,-0.046693441936826244,0.05175743498563714,0.9975674866412797
35.498003873,-0.046318806898095276,0.05461372664635816,0.9974326588744395
35.507641833,-0.04549863174843327,0.05804104351247162,0.9972768481103951
35.524451802,-0.04459432694808784,0.05957572378451786,0.9972271953469771
35.528420596,-0.045167254623177576,0.05966908887126481,0.9971958277806211
35.53759629,-0.045892381147431084,0.0602620298289066,0.997127061669434
35.549499299,-0.046888721140689406,0.06075636452364253,0.9970507068347433
35.557627377,-0.0478092468543561,0.06261348797889359,0.9968920839480753
35.568917349,-0.046170163636750805,0.06245630188592492,0.9969792005576094
35.580435191,-0.04920484028186671,0.06190180345443579,0.9968686224482765
35.58742279,-0.04950687621710739,0.06452575471554743,0.9966872609728756
35.601466853,-0.0466473560070798,0.0683269036115371,0.9965718531146707
35.608466756,-0.04653504709994018,0.07010791099895158,0.9964533959030747
35.622289656,-0.04644806383768023,0.06931851166353052,0.9965126799526857
35.715111401,-0.04604512898838238,0.06881124473938906,0.9965665350059971
35.715486112,-0.04549291784290804,0.06837739992398689,0.996621756538444
35.715819477,-0.04536531956665642,0.06790381339132115,0.9966599519934228
35.716567209,-0.0447722548688242,0.06808195024017479,0.9966746175384701
35.71760711,-0.044493493128444674,0.06754482942897705,0.9967236452932374
35.718098194,-0.04453530418436275,0.06820322690869834,0.9966769419026643
35.718337154,-0.044647401001026515,0.06784834431965968,0.9966961481599768
35.718582959,-0.04423325459963405,0.06831527116945368,0.9966827192805984
35.718872126,-0.04593750633398237,0.06975260145949168,0.9965060562291875
35.737975362,-0.046960185803361115,0.07018867099415686,0.996427765276233
35.738237282,-0.04608465432189196,0.0684091327485088,0.9965923916991483
35.738494105,-0.045516324867151625,0.0677936529389979,0.9966605664877961
35.747964511,-0.04775111620717292,0.06623426714900318,0.9966608514214871
35.757824294,-0.04861433451026401,0.06913037492142021,0.9964224193299487
35.769339735,-0.048826212865974966,0.07139077313898627,0.996252657937626
35.779967214,-0.050105872373438325,0.07021831025721267,0.9962724479068558
35.787396428,-0.04875051792680325,0.0692474116118552,0.996407638964559
35.798677672,-0.0456143536552782,0.07138497620509475,0.9964052970116174
35.807693748,-0.04517708845502718,0.07233657002795006,0.9963565884337386
35.844567591,-0.045771675144275534,0.07137353858030397,0.9963989019188113
35.844991688,-0.04800064689488867,0.07057196618262884,0.9963511105462723
35.845278609,-0.048175742078563344,0.06850402340024726,0.996486977663611
35.848205541,-0.04596359609335745,0.07061096648289673,0.9964443984721466
35.857922051,-0.047141677045309915,0.07046491260200033,0.9963996981017951
35.867641678,-0.04685036411364514,0.07339497124499411,0.9962018979997807
35.87890383,-0.043498443439501065,0.07128090015540063,0.9965073600788789
35.887610411,-0.04461595782440924,0.06785979491222535,0.99669677662862
35.897637381,-0.047023899560792407,0.067305809983582,0.996623640504554
35.907992847,-0.04620085654412925,0.07098174093513056,0.9964070821247745
35.918312282,-0.046518399796489425,0.07356442262369046,0.9962049559224332
35.927768981,-0.048878969961353144,0.0741576373852805,0.9960479361521464
35.938409898,-0.04626804626758012,0.07521198491530413,0.9960935825612376
35.947633606,-0.04703223318566041,0.07458600390169953,0.996104862483637
35.957668578,-0.04900139057313664,0.07249260426304752,0.9961644874462551
35.967581563,-0.04602482770902507,0.07220918006051029,0.9963270294182244
35.977896161,-0.043103088311847025,0.07574125624408665,0.9961954556614624
35.989166703,-0.042301086527681366,0.0786542640456042,0.9960040787195713
35.998750489,-0.04153237628304157,0.07891133810087436,0.9960160954720629
36.007484887,-0.041371316171132926,0.07441544013855841,0.9963687853737957
36.020495454,-0.041677514965444765,0.07370161224533693,0.9964090812004591
36.028206519,-0.04136397507892431,0.07445980717810903,0.9963657755466458
36.037696023,-0.03918931775506308,0.07634905454971311,0.9963107041697673
36.048912058,-0.03989089454164049,0.07542586414398232,0.9963531781204903
36.117562438,-0.037851736515565455,0.07988149625313158,0.9960854343875918
36.130050002,-0.03769829026043262,0.08071533782501375,0.9960240324165046
36.130464778,-0.035655506522741465,0.08055694880659267,0.9961120734403227
36.130853908,-0.036816444049550485,0.08099805709299651,0.9960340677881988
36.13125018,-0.03584162176656106,0.07845668227990851,0.9962730183813934
36.131648894,-0.034910421351143216,0.07701310232856312,0.9964187094544221
36.132097309,-0.03400090544083005,0.07777602891402424,0.9963909010802782
36.132495134,-0.03316977718152434,0.0777129365616793,0.9964238382198052
36.137478964,-0.0328689180640236,0.07725479849124461,0.996469432715012
36.148626013,-0.03277806208098682,0.07873591142099222,0.9963564898664136
36.157968687,-0.033477867365923696,0.07807783190963848,0.9963850081975942
36.167633355,-0.032004728050937556,0.08003071697784557,0.9962784659533687
36.178372185,-0.031924034456268784,0.07827811914450357,0.9964202888777576
36.189560994,-0.03195756327269041,0.07953435756280793,0.996319727856848
36.197780067,-0.029489434136311093,0.07769683422506345,0.9965408045964417
36.20764353,-0.031212453989637113,0.07684852287548931,0.9965541065330071
36.225392268,-0.027729775948585594,0.08245569964409728,0.996208872236161
36.228196258,-0.02701062195251696,0.08422297308168072,0.9960807784045532
36.238166777,-0.027467205382203427,0.08341317467529795,0.9961364338879891
36.247744188,-0.025761006208118654,0.08456387538169602,0.9960849971461143
36.257848208,-0.026198079782192015,0.08497861214019341,0.9960383005158248
36.268429657,-0.02592847439305247,0.0861183190071871,0.9959474631460362
36.278442245,-0.028179884111796855,0.08434104840543871,0.9960383936803427
36.287920811,-0.030381530926229826,0.08527580448550821,0.995894070545622
36.299033351,-0.03041967965168744,0.08726985023989982,0.9957201496047946
36.307635974,-0.02688838447430438,0.08916233196302825,0.9956541032604029
36.318095512,-0.026511054434140577,0.0876470805016217,0.9957987513912298
36.329471613,-0.025323063011942017,0.08650551994955033,0.9959294841995349
36.337554221,-0.02438651346191002,0.08599459602391236,0.995997102112178
36.348778357,-0.026477134279555073,0.0843590967154521,0.9960835829194735
36.35819214,-0.026881211287257477,0.08405527104789938,0.9960984448782128
36.368094674,-0.029203965149622722,0.08569195988473868,0.995893576859823
36.467787922,-0.031025604737451907,0.08604709280671405,0.9958078678491089
36.468161278,-0.032592820392584924,0.08598859036747106,0.9957628585087276
36.468541266,-0.029118575310878934,0.08749143856787632,0.995739602882796
36.468834829,-0.03110893533429113,0.08717313987470705,0.9957073253857038
36.469192979,-0.03115204433197171,0.08816870766357081,0.9956183149796286
36.469457814,-0.028975116228984448,0.08850173638983545,0.9956545009668268
36.469739026,-0.028216321651974918,0.08691238927126865,0.9958162861610528
36.470036588,-0.030212462422214422,0.08334050578889356,0.996063033753004
36.470295517,-0.031074884843959934,0.08492371835448907,0.9959027631213712
36.470591307,-0.03105462505814853,0.08545602729289495,0.9958578601697201
36.478552207,-0.03193693135715745,0.08512422746643726,0.9958583726181803
36.487920078,-0.03243257457771687,0.08635365505963082,0.9957364984593581
36.498323123,-0.033772492799333774,0.08754022567745778,0.9955883324037396
36.507701657,-0.03492966933077748,0.08700550802258304,0.9955952791040016
36.517857851,-0.03573152630021032,0.08697811343070147,0.9955692169870929
36.528431178,-0.0366913356124232,0.08769654004872815,0.9954712767099101
36.539977685,-0.03763308832645024,0.08919822635185816,0.9953026811370983
36.549883635,-0.03591499447764006,0.08951641684488912,0.9953375931245253
36.557548826,-0.036279363141709764,0.08912299631558782,0.9953596833998067
36.569660724,-0.033397574575130894,0.09092824218668272,0.9952972705605792
36.579841602,-0.030959901670084528,0.09268394201566045,0.9952141334311005
36.588255753,-0.029253718586659015,0.09244041274368675,0.9952883954114152
36.601023312,-0.029193217422573716,0.09078802754104652,0.9954422585523103
36.609072233,-0.030689010955599585,0.08777933351868651,0.9956670995938263
36.621171889,-0.031898191515674745,0.08709495089671529,0.9956891959373307
36.628743192,-0.033928810482962035,0.08906515355483599,0.9954477556564507
36.637679112,-0.03657375606930789,0.08831406890481405,0.9954210092219565
36.647847324,-0.03906347199712016,0.08878120340828091,0.995284855243416
36.657851081,-0.04392445498674118,0.08709052142877544,0.995231572716311
36.667591406,-0.04640625285587577,0.0884650161786938,0.9949976887452453
36.678495212,-0.04831732539302556,0.08812494127921677,0.9949368978942328
36.688817441,-0.04852482289736474,0.08662083196025236,0.9950588791791635
36.697915711,-0.04747195439814041,0.08548640910879003,0.995207760923972
36.707642241,-0.04556806519720303,0.0843211407910717,0.9953961506103365
36.71748545,-0.04466974318468828,0.0820009128259137,0.9956306867204983
36.728212917,-0.0462003893529956,0.08248483987309205,0.9955208562429729
36.737906534,-0.04700393599711737,0.08497934453836992,0.9952734001281296
36.747909736,-0.048636790640793355,0.08595896629886908,0.9951108072516315
36.757482121,-0.0479568437899561,0.09011925013503451,0.9947756842066481
36.769107437,-0.04776767892384146,0.08912897731053539,0.9948739991847243
36.778550085,-0.04734720207112912,0.08695099333576607,0.9950868139081933
36.788811806,-0.04795856942519798,0.0870699655986673,0.9950471329084545
36.799020444,-0.048207952824242915,0.08611424028537432,0.9951182497093342
36.809153659,-0.04851719948232726,0.0861665473552598,0.9950986923271811
36.822140372,-0.05340754536486957,0.08597153155201662,0.9948650812349884
36.829924142,-0.05737411288140698,0.08572676142114344,0.9946653374614569
36.838139101,-0.056864357857324306,0.08297570793177902,0.9949278751239681
36.848956641,-0.05334664640520995,0.08346542750548498,0.9950817341950581
36.858294502,-0.054451210660332094,0.08630427624953291,0.9947796929766253
36.868958196,-0.05525046338999271,0.08587026280882697,0.99477318231863
36.879244428,-0.053965624173334455,0.08700426634723706,0.9947451779450662
36.887665683,-0.05567633543038334,0.08669187988708237,0.9946781708847778
36.898364648,-0.05760548826530483,0.08534225158456119,0.9946850294521344
36.908204841,-0.06054398048088012,0.0835819946774723,0.9946599803919256
36.918728308,-0.06284330857766167,0.08373899180808685,0.9945041477128076
36.927936906,-0.061750218370019434,0.08070553382881891,0.994823364894824
36.938452697,-0.05926734051932016,0.07910336133691896,0.9951030301295277
36.949712724,-0.060873958863603334,0.07950030629438264,0.9949744029025931
36.957665235,-0.06331111078878734,0.07838798803076522,0.9949105621025333
36.968453375,-0.06283668471152516,0.08066306549526889,0.994758775241199
36.978203961,-0.06597794030119825,0.08316278419882181,0.9943494670979172
36.988075139,-0.06921602463525024,0.08032377477045963,0.9943627271475521
37.000164309,-0.06549686393232998,0.07739554810396097,0.9948467670695409
37.008763412,-0.06586786141853831,0.0808948331507778,0.9945438405629267
37.018259738,-0.06818216197451726,0.08079687512595235,0.9943958254932299
37.027933348,-0.07081481371429585,0.07934527965071259,0.9943287126276501
37.038225076,-0.0719780809680921,0.07605156665146766,0.9945025465377193
37.048983838,-0.06914314723586541,0.07574363741670373,0.9947271618796818
37.057474625,-0.07101940765414855,0.07256369953400339,0.9948320226281384
37.068376818,-0.06964807158714131,0.07635622620345647,0.994645098939395
37.079034088,-0.0685219361099387,0.08036003872253304,0.994407868255405
37.08756359,-0.06926198562523368,0.07924390868262597,0.9944461676148939
37.098432759,-0.06945672771821403,0.07765108385809238,0.9945582296428608
37.107667538,-0.07112141690389628,0.07743360583168016,0.9944575308908302
37.117641379,-0.07472284817518429,0.07707485833654666,0.9942212843089759
37.135007701,-0.07579507232261452,0.07930868480486468,0.993964405562962
37.137482039,-0.07641153400935738,0.07890638097220876,0.9939492243128949
37.147757104,-0.0753771108496613,0.0752448566840182,0.9943120751064826
37.159098145,-0.07249067359297333,0.0771791335909863,0.9943784408263194
37.168089248,-0.07333609879377119,0.0769568459793104,0.9943336766250187
37.178211416,-0.07625948287823055,0.07969622164845007,0.9938978838523133
37.187750757,-0.07770985665996118,0.07902685389894509,0.9938389882373921
37.198005393,-0.07680194564834134,0.08193398948237594,0.9936741329591563
37.207664159,-0.08078598580787634,0.07763716194212326,0.993703223091594
37.218823142,-0.08353743819875961,0.07469992441219724,0.9937008693324167
37.228724092,-0.08057346515274497,0.07027315900320716,0.9942683741510585
37.23856757,-0.07801893433499038,0.07545385585118707,0.994092431075914
37.25406228,-0.080585835400846,0.07665791982102144,0.9937954952913912
37.257586549,-0.0813903676359957,0.07565881340016994,0.9938064962611967
37.269023752,-0.08112049803852792,0.07409943884892604,0.9939460437872147
37.354038506,-0.08356823673229445,0.07400714662417872,0.9937501155008752
37.354619509,-0.0815897251054403,0.07517649645400386,0.993826751067871
37.354907307,-0.08250862034611099,0.07416488458454677,0.9938268951196392
37.355146053,-0.08520719030795706,0.07314215348103949,0.9936749770946129
37.355506736,-0.0857121295491854,0.0714000861416759,0.9937582495492077
37.355775665,-0.07873074554736956,0.07393091539461304,0.9941507377930522
37.356206635,-0.07825672851312149,0.0728480373750367,0.9942680965881531
37.356502512,-0.07998709968362129,0.07356080307805217,0.9940779004357327
37.358520719,-0.08314257027461276,0.07190606029320717,0.993940054279553
37.3676465,-0.08490389588710628,0.07113525624502072,0.9938466198474224
37.380425608,-0.08443919306199053,0.06963080938397781,0.9939927429612211
37.387712422,-0.08322007928465082,0.07025909256870602,0.9940513459149274
37.398199255,-0.08214816920839461,0.07556134011192982,0.9937515595842848
37.410244674,-0.0809480674885866,0.07474672655431566,0.9939116345225452
37.418862,-0.08297734062294054,0.07427184437729296,0.9937798821046538
37.428550935,-0.08260711541287463,0.07241978977489374,0.9939474022965823
37.437727953,-0.08232297146310448,0.07259048526231636,0.993958525200557
37.44777269,-0.08282138757271884,0.07230942789357911,0.9939376058879315
37.457594262,-0.0817719173944513,0.0678464517018933,0.9943390832694338
37.467643697,-0.07994096645541159,0.06803994542575739,0.9944747396030906
37.478230415,-0.07690359704357122,0.07118413120428528,0.9944941710369403
37.4879339,-0.07713344425134454,0.0723628955725628,0.9943912927627028
37.498573344,-0.07828279170339913,0.07116443527998614,0.994387966376506
37.507638853,-0.07606153362780317,0.07180107676356837,0.994514579318865
37.520950734,-0.07236433663590362,0.07191504947109541,0.9947822015108713
37.528197448,-0.07321751403309922,0.06761798319604731,0.9950211073074341
37.537599487,-0.07396757316720579,0.06855620877987667,0.9949014244423837
37.548713213,-0.07059193767539053,0.0722155289398075,0.9948877804632931
37.565220285,-0.07209178271437781,0.0759971861437789,0.9944984678536668
37.567945509,-0.06989691129311393,0.07471074661313956,0.9947525954387805
37.579562037,-0.07204947997159325,0.07028965992892464,0.9949212210737588
37.718795831,-0.0698855990359247,0.06864161817614602,0.9951906004889466
37.719495757,-0.06969325885853603,0.06959767606585093,0.9951376855269375
37.720172974,-0.06970007625186528,0.07476063643586102,0.9947626584317433
37.720431718,-0.07218459352527683,0.07326287849769109,0.9946969061436872
37.720833491,-0.0702512725208937,0.07007542974691013,0.995064918914832
37.721103927,-0.07040569285613914,0.07109966899173129,0.9949813442887828
37.72149168,-0.07068955449514042,0.06889754309730099,0.9951161316351143
37.721736939,-0.07175821112387867,0.06795929422070056,0.995104162118381
37.722128705,-0.07004301693422262,0.06880218392207929,0.9951684456745524
37.722450731,-0.06535840371439895,0.07173067870334064,0.9952803568827548
37.723015104,-0.06347558807705454,0.07360990776258819,0.9952650055123287
37.723342212,-0.06828495658426255,0.074173415889018,0.9949047537727621
37.723721035,-0.07068452713113106,0.06879505939441213,0.9951235789725654
37.724026006,-0.06959186349169694,0.067681950352386,0.995276909273118
37.728040068,-0.06869067255624625,0.06602836389060765,0.9954505746975587
37.738380693,-0.07108539355203156,0.0689600256167803,0.9950836053771994
37.747948796,-0.07124407242400543,0.06923835824383415,0.9950529291912776
37.758146968,-0.06904752156210608,0.06657322341016071,0.9953895949279918
37.770734335,-0.0700515644674056,0.06813963379018577,0.9952134286787978
37.777876476,-0.0722126189280249,0.06740661658008415,0.9951088813334859
37.787802653,-0.07034466681930387,0.06466797195241489,0.9954243724430515
37.798820035,-0.068828065213859,0.06367002858841049,0.9955947091555216
37.807591408,-0.06978531985332342,0.0655744364506532,0.9954044416302091
37.819331686,-0.07177773654657854,0.06715488512031086,0.9951573634057721
37.829219671,-0.07162181673578709,0.06833977821703809,0.9950879308285834
37.837605207,-0.07244268207010848,0.06679229521694786,0.9951335825476606
37.848153233,-0.06717649038524312,0.06787234039705933,0.9954298893184527
37.858675869,-0.06657728544275468,0.07107466923516247,0.9952466309695231
37.867694133,-0.06733822300123567,0.06583045035942815,0.9955560835676264
37.878484789,-0.07135408527921935,0.06661748336252524,0.9952239473728564
37.887478496,-0.07226001249547517,0.06793119071495532,0.9950697683691341
37.898002521,-0.07275334098168813,0.06937879417608629,0.9949339346382123
37.908105458,-0.07160967533187731,0.06756080739373899,0.995141995748933
37.917547039,-0.06931109151749351,0.06540723137319375,0.9954485756063682
37.927569016,-0.06989428704403405,0.06449847578849939,0.9954670940114326
37.938574739,-0.07161366814051175,0.06682095942553153,0.9951916608959865
37.947718047,-0.06954809535495156,0.06622265846976937,0.9953781301282919
37.957520505,-0.07057047201911697,0.06331826581523811,0.9954951560370096
37.967659194,-0.07176055303199042,0.06198593922225198,0.9954939308540652
37.977739083,-0.0720000130272567,0.0617844129406931,0.9954891684200531
37.987979331,-0.07277615766346474,0.06132719620197241,0.9954610016880356
37.997912713,-0.07284766875085613,0.06411126149723678,0.9952803440773854
38.022026182,-0.07014516990299444,0.06356629719477022,0.9955094077909189
38.022341931,-0.06875542110908263,0.06375635351201137,0.9955942042092071
38.028174762,-0.07304464280419591,0.06440997051242235,0.9952466206203346
38.038162043,-0.07570702457746359,0.06398376658943193,0.995075134873069
38.049443735,-0.07500692158873103,0.06251314822899107,0.995221617536658
38.058594429,-0.07302495469443541,0.06110604981415761,0.9954563810976278
38.067591251,-0.073213958482109,0.06267668278422973,0.9953448396000982
38.120352795,-0.07671616140174684,0.062102805431822436,0.9951170142939363
38.120627959,-0.071888237917805,0.0662063475339258,0.9952129424375923
38.121125209,-0.07339963327693673,0.06538317198404253,0.9951570401982375
38.122082122,-0.07450992696465447,0.06283741297794813,0.9952385293556317
38.122320738,-0.07615837785995835,0.05987411700810654,0.9952964340307059
38.128693323,-0.07960680823376316,0.055137591460104066,0.9953002572544687
38.137498026,-0.08226706405641422,0.05674991251936582,0.994993255052808
38.2018524,-0.08235137755790282,0.05815726915916316,0.9949050118771462
38.202235312,-0.0800366389160266,0.06120655908813804,0.9949109978061433
38.202503359,-0.07489250759706817,0.060563344821580795,0.9953507892044119
38.203274939,-0.07782204879538905,0.06088478609702242,0.9951064121706823
38.203513945,-0.08275712175544873,0.05683681526991403,0.9949476545169237
38.203885727,-0.08586562140446852,0.0562398922774037,0.9947181357437145
38.20744689,-0.07986948797646591,0.05618094353361564,0.9952208631625695
38.217476192,-0.08151463091011778,0.05282739562997012,0.9952711345249303
38.228889563,-0.0824572640555262,0.056218583512035396,0.99500767357462
38.238074406,-0.08163236494165099,0.0564026196708068,0.9950652749886832
38.254814638,-0.08004671379025018,0.05574887406635361,0.9952309212698909
38.257621544,-0.08155714185044159,0.052146330767728295,0.9953035681643313
38.269023732,-0.08536655353230643,0.054509385369662516,0.9948574161379297
38.278083643,-0.0836238727909344,0.055275004676984506,0.9949631760811076
38.287755545,-0.08292671682283587,0.05716742129587112,0.9949145921029432
38.30112431,-0.08354836802859224,0.05643452990406152,0.9949044245726655
38.307589492,-0.0860963948117659,0.05416656271932104,0.9948132459329192
38.317755855,-0.08836376408432534,0.05385860476554754,0.9946311355922648
38.331798861,-0.08847725649080466,0.05513514657975119,0.9945511000926446
38.337505292,-0.08781458700411272,0.05650794342134463,0.9945327800729281
38.347611655,-0.085724403596386,0.054948049080334335,0.9948025123260944
38.357348111,-0.0874624433984253,0.05487211974148666,0.9946554033784029
38.368572434,-0.08452304293246343,0.05599780392280001,0.9948467727088732
38.379343634,-0.08491480167234246,0.0557625363056323,0.9948266261021113
38.387457954,-0.08610000954698918,0.05149800512693036,0.9949546441039185
38.398009576,-0.08775258386034217,0.05211222128008599,0.9947782669615823
38.407944148,-0.08495755839240016,0.05034544950479601,0.9951118273772862
38.417784957,-0.08404174792260814,0.05248368786221748,0.9950791160076138
38.428750049,-0.08672278530193858,0.05077705517395445,0.9949376106959346
38.438441933,-0.09042208661800823,0.05321472837957274,0.9944807886204406
38.451475815,-0.08871171411173502,0.052828609291132686,0.9946554025489043
38.45778758,-0.08858864213405385,0.05101973707988642,0.9947607948211188
38.467948687,-0.08802495203410421,0.04981920022567092,0.9948716777093759
38.478429161,-0.08667936495914647,0.052846430493566146,0.9948336255245738
38.488157401,-0.086126660492454,0.05276176568489671,0.9948861213396384
38.498413899,-0.08824744682427378,0.05135511927786109,0.9947738636760385
38.507660435,-0.0869450106682342,0.05118005174194687,0.9948975662969493
38.520846535,-0.08766380459555151,0.05140388061716746,0.9948229482784006
38.528222848,-0.08705533574572276,0.05478650275812956,0.9946958367429377
38.537722667,-0.08815498171955836,0.054890488387584216,0.994593250269977
38.554871672,-0.09070218630197238,0.05177834396089179,0.9945311038357272
38.557504005,-0.09297515425438906,0.04900316665568613,0.9944618194526563
38.568396701,-0.09096559791058208,0.047122035916198984,0.9947385454117493
38.580006001,-0.08874690509071718,0.048757617197572205,0.9948601316778326
38.637497522,-0.087139570325508,0.05241039988841163,0.9948164882364098
38.637780091,-0.08625778687317388,0.05406874765737695,0.9948045862029914
38.638062653,-0.08645342799154748,0.05372294417502968,0.9948063379661777
38.638566722,-0.08838554326382873,0.05261885595267333,0.9946955573139904
38.638820515,-0.0905187898993169,0.05015678505448512,0.9946309092262122
38.639128226,-0.09065192840520195,0.04724918255933775,0.9947611485295818
38.647852234,-0.09147952568971339,0.04646477495207752,0.9947223336530843
38.657843017,-0.09183986653076083,0.04720247444362224,0.9946543949141388
38.667560183,-0.0900235669205329,0.046416825367764106,0.9948573946660308
38.678864515,-0.08772833640739391,0.04618857391906233,0.995073039847083
38.688143009,-0.08363306025339147,0.048791618619211184,0.9953014062007399
38.698028479,-0.08441565873305201,0.051163021082481004,0.9951162453876323
38.707888599,-0.08511574958840612,0.049481335765303246,0.9951416515164488
38.721478633,-0.08225219336390761,0.04681842685852525,0.9955112312743233
38.728195708,-0.08282566881324514,0.04775347782146342,0.9954192654060868
38.73844704,-0.08010907296926728,0.0482146631104456,0.9956193462810728
38.749669373,-0.07708056071571034,0.047724261536792184,0.9958820120980796
38.757780126,-0.07485286773111635,0.0458810591265924,0.9961385328386059
38.768042442,-0.07210273998338136,0.04469269307713637,0.9963953824021878
38.778191741,-0.07041577315961275,0.04497249591384641,0.996503433763082
38.78809916,-0.06908051297758087,0.0446187159796027,0.9966127898592743
38.801790841,-0.06747783584493053,0.044205030926918416,0.9967410179732922
38.807475158,-0.06621202501907558,0.044978761147007,0.996791291489123
38.817602418,-0.06639295277648143,0.04571740204641812,0.9967456520957322
38.830075623,-0.06460214887994244,0.04545485670179343,0.996875327391702
38.837845528,-0.06229889332637881,0.04487689738456697,0.9970480991263377
38.848713484,-0.06277977669953962,0.04400758538116361,0.9970566844801131
38.857557587,-0.06146824525047045,0.043466082796525904,0.9971621505413016
38.867570684,-0.06154747702062416,0.04526515464511372,0.9970772155893192
38.879636102,-0.0590288074577794,0.048609654518986065,0.9970720642850532
38.887486859,-0.058168850838878364,0.04822803787231999,0.99714113402019
38.898490356,-0.05476356283397003,0.04836905693153554,0.9973271211178827
38.907527348,-0.05432690266488924,0.048136899319213534,0.9973622343816572
38.917569157,-0.05349802424295028,0.04852340893585051,0.9973883096303792
38.927875482,-0.05254946907375249,0.0493329623592827,0.9973990235231456
38.969013876,-0.05155711118012942,0.048858072816935216,0.9974741866371153
38.969439824,-0.05313051011675773,0.04821450033300021,0.9974229347936473
38.969702022,-0.05519818828103119,0.04837087126660734,0.9973030727032787
38.969961336,-0.05516014667169073,0.04604091706432505,0.997415456154071
38.977819014,-0.05542245087964047,0.04493788514665525,0.9974512210715067
38.988212086,-0.05377223522058008,0.04111245997700576,0.9977065261658971
38.999194602,-0.053259399630807426,0.03848986240044044,0.9978386476997979
39.007521461,-0.04938217785439243,0.038221832761989406,0.9980483415199244
39.018624629,-0.04715307742367202,0.03589095950683694,0.9982426690515468
39.028065546,-0.04633681706690183,0.03573163459240032,0.9982866069789096
39.037937739,-0.04604204899153789,0.03469888671689484,0.998336675167886
39.079073462,-0.04642317448330135,0.03660215386931128,0.9982510561993011
39.07947462,-0.04289702052243951,0.037408939730583776,0.9983788944376434
39.079782692,-0.04175243022338242,0.03964832308718889,0.998340996376897
39.080090073,-0.04166792434069909,0.03868248030834448,0.9983824166111563
39.087530844,-0.04080226609852899,0.038098434351940796,0.998440626367515
39.099601254,-0.03851143938987563,0.03875455556949834,0.9985063612510091
39.107650682,-0.03716762930644913,0.03612905688781416,0.9986557257534429
39.118234113,-0.04020697332918635,0.038702071770081156,0.9984415601007451
39.128600848,-0.041201424065329485,0.0402621395876364,0.9983393224604621
39.137791176,-0.04028865827311295,0.03952076696943362,0.9984061963913786
39.208319102,-0.03874774276359428,0.03641758825896285,0.9985851849973176
39.208849116,-0.040624968588018756,0.03623592589744251,0.9985171854312661
39.210139227,-0.04172291039618072,0.03893139817007261,0.9983704447671694
39.210376738,-0.03994984739860144,0.03545558375961634,0.9985724366680132
39.210740278,-0.04207772694470454,0.035166142923262124,0.9984952715396642
39.244368389,-0.04005654073935701,0.039720808790596675,0.9984075975737651
39.244794357,-0.04489902005976666,0.038317103154757004,0.9982564187639869
39.245515268,-0.045702736499765,0.03600801815314911,0.9983059062757846
39.246138146,-0.0449396106651786,0.03522674513370178,0.998368422888338
39.24668854,-0.04474567890315859,0.03717597233757139,0.9983064515970292
39.247847329,-0.04304999846978048,0.0364011527273072,0.9984095621095961
39.257973231,-0.04088563288546848,0.036990627549976327,0.9984788723338184
39.269030535,-0.04026429418379595,0.03689260139259913,0.998507747879989
39.278270392,-0.03834456061646094,0.03572813001703514,0.9986256532838602
39.287656152,-0.037631556952092554,0.03458022509128813,0.998693183091783
39.29989915,-0.039059528114163994,0.03174114713083993,0.9987326232993079
39.307920685,-0.03632539749487514,0.03294558591011997,0.9987968030915388
39.317734201,-0.03699975853296347,0.03069267138164129,0.9988438205204863
39.329180156,-0.03638287224453725,0.028782541200175527,0.998923346373133
39.338020285,-0.038793159618513956,0.028966329834883977,0.9988273336782035
39.348300949,-0.038561011071013694,0.031036098974391562,0.9987741531425576
39.357653949,-0.03774281818449709,0.030761559857065322,0.998813899638292
39.368417953,-0.0367118071829237,0.028643152371272775,0.9989153182505511
39.379221564,-0.03380300924273858,0.026618083119190457,0.9990739883598188
39.387521976,-0.029886428290985433,0.025016678127181106,0.9992401949578934
39.406145059,-0.024800234640908705,0.02581387780589342,0.9993590906547948
39.407981183,-0.022881037089077128,0.023606503789022928,0.9994594494628521
39.417417892,-0.024684869859303835,0.017866976960119955,0.9995356063364307
39.428323983,-0.02482526477032159,0.01710014815950393,0.9995455423151096
39.437721942,-0.026569980721639498,0.01970448433372664,0.9994527349612857
39.447917811,-0.021965578454846774,0.019567038313613012,0.9995672285418213
39.457807061,-0.024016227382163212,0.020105626580593484,0.9995093719431198
39.4675999,-0.02511835979189766,0.01964620991041119,0.9994914178908797
39.47819005,-0.020625871216578683,0.017488382501414938,0.9996342980880766
39.488004048,-0.02027131413046831,0.013772217653893077,0.9996996548185448
39.497838066,-0.01652801256886578,0.012291628138296193,0.9997878478348462
39.507602489,-0.013215547176809542,0.013714025164808291,0.9998186209641209
39.520729461,-0.01319315246717113,0.015630620998753647,0.9997907903232413
39.528194487,-0.013091846328349626,0.01511385545238524,0.9998000674800335
39.537773689,-0.011182808934765151,0.011469128865793956,0.9998716937024412
39.548797873,-0.008870594722335833,0.008916523141068056,0.9999209009538439
39.557578189,-0.006874427816321884,0.010101910634359662,0.9999253440351104
39.568659318,-0.008689305323633005,0.012007730789453011,0.9998901491535361
39.578465327,-0.006817241919042129,0.010403675153580124,0.9999226413857805
39.58810395,-0.007934302121406618,0.00517797393139315,0.9999551167106512
39.598472556,-0.006633167745692018,0.0035227145475376777,0.999971795386187
39.612549557,-0.004130478905603545,0.003354191405342293,0.9999858441718196
39.618720471,-0.0028951822188709665,0.0036574412551598637,0.9999891204625102
39.629149464,-0.0033021678678499806,0.0006254330663432594,0.9999943522444775
39.639116085,-0.003356642380764608,-0.0008847203397290702,0.9999939750927744
39.648875164,-0.005050853898530544,-0.004217287914601102,0.9999783514444406
39.658411345,-0.0038027092369605784,-0.006971110090355373,0.9999684710162454
39.668327402,-0.005239552253859011,-0.008556231728610331,0.999949667728724
39.678327071,-0.004680817338918887,-0.010700264906991072,0.9999317948140063
39.688560166,-0.0020884504675910084,-0.01163970153668349,0.9999300754166671
39.69759448,-0.0027610951798174048,-0.014568288787915457,0.9998900646147054
39.725686181,-0.00354334662762055,-0.01899850320020996,0.9998132333445224
39.726114346,-0.0024890940268920973,-0.017026588694422452,0.9998519388831311
39.728284706,-0.000508166609330296,-0.01508155704401668,0.9998861377196032
39.737984373,-0.0013562324718776702,-0.015714312233112905,0.9998756027749264
39.747960148,-0.0017381038095979323,-0.016647402846070816,0.9998599116744445
39.757693996,-0.0014160582332365145,-0.016584656205815528,0.9998614623824719
39.768852154,0.002034918863651369,-0.014821961977975157,0.9998880780109051
39.780096328,0.0012930414267321765,-0.016864628239383513,0.999856945946877
39.787906026,0.0010101432830898311,-0.01808182465432763,0.9998360001658861
39.80460392,0.0003112174596007701,-0.01834819554505588,0.999831609254245
39.807593866,-0.00485902665461559,-0.015987712581006973,0.9998603817065645
39.817716186,-0.006690542730821789,-0.01602990277978896,0.9998491280462455
39.829606408,-0.00595199345241393,-0.017892553425058463,0.9998221993464007
39.837794145,-0.003515798897290857,-0.0191573390810087,0.9998102997656351
39.85399444,-0.004114560439008987,-0.021909483616230296,0.999751491581815
39.858251287,-0.004899514793687052,-0.02392380396063824,0.9997017787114513
39.868295468,-0.0051652805827945795,-0.024659844424941953,0.9996825555892426
39.925964219,-0.003796139825800336,-0.022833073734301136,0.9997320841436804
39.926211255,-0.0038545311628118747,-0.024146937012208557,0.9997009893075247
39.926550217,-0.00507172959936774,-0.02576692540519221,0.9996551120831796
39.926796265,-0.007030203596624393,-0.026945271381425193,0.9996121890951367
39.927044046,-0.007514069297528653,-0.028570321510763632,0.9995635424981063
39.927981925,-0.0052482631405772265,-0.030941617062141005,0.9995074147136614
39.938335805,-0.003087537174112598,-0.031600758680151664,0.9994958024749466
39.947777252,0.000823580009920029,-0.028739913314273443,0.9995865840929716
39.957585905,0.001768916216238557,-0.030514706978067897,0.9995327526366822
39.970049739,0.002379588497256192,-0.03157207233114923,0.9994986452253453
39.978359119,0.0026216500123844915,-0.03276359682446724,0.9994596908701903
39.988420775,0.0035955144419191534,-0.0366673909036685,0.9993210568782265
39.998231901,0.0041294893273990455,-0.039653181563976764,0.999204970218698
40.012009501,0.006611399999143842,-0.04318182496578227,0.9990453540168615
40.019475698,0.008393568692079011,-0.04599753222667357,0.9989062894154124
40.028038989,0.00973092314054346,-0.04860224491660719,0.9987708100079313
40.037827372,0.011677695753843623,-0.05573859176035699,0.9983771035087158
40.054089406,0.008201702758123207,-0.060834101638317255,0.9981141939426201
40.057479783,0.011321356983633724,-0.06384139050185163,0.9978958381188086
40.068190709,0.01756872567008554,-0.06421017748355087,0.9977817361456665
40.080776632,0.016675375191902857,-0.07134457392262795,0.9973123300320759
40.087689127,0.012525039352380645,-0.07745615192422128,0.9969170817667402
40.098608444,0.020130527532893332,-0.07596073276894891,0.996907582947613
40.107676022,0.018619303105069,-0.08343909870941331,0.9963389174163791
40.119106638,0.01781482430192296,-0.08861824392356325,0.9959063404150993
40.128491865,0.020250466915713656,-0.0880216034941172,0.995912704963653
40.137698962,0.025773557981802222,-0.08149802451744882,0.9963402007892244
40.150690645,0.023874849958938675,-0.0835577176516972,0.9962168937336273
40.157693927,0.020038004048669126,-0.09012858161133767,0.995728535882383
40.170603964,0.016155318588849457,-0.09312900539543843,0.9955229751418845
40.178293841,0.01872880152781642,-0.08941273842324689,0.9958185548587594
40.188718138,0.02091261491894728,-0.08496343119373345,0.9961645837395744
40.197860623,0.0197627994899072,-0.08963572495791614,0.9957785238533671
40.207734929,0.018858119533279007,-0.09191253117164458,0.9955884982970075
40.217701331,0.02333699804767977,-0.09086855923047911,0.9955894181164741
40.22862289,0.023977051867650707,-0.09140051902414043,0.9955255125338847
40.238462575,0.022260547768320055,-0.09165502758582494,0.9955419749720732
40.247568542,0.02513423692307674,-0.09224567629981557,0.9954190099341504
40.257809304,0.026085655634909798,-0.09258207706837342,0.9953632992911698
40.268704399,0.026216112800460312,-0.090278537358902,0.9955714445091175
40.281305674,0.024441486881810623,-0.08926175115848718,0.9957082672646274
40.287818511,0.022892994029509988,-0.09232247550991293,0.9954659568966114
40.299782479,0.02089557947363573,-0.09420280235335411,0.9953337162917952
40.307900546,0.02268091422716104,-0.09590247615728079,0.9951322983386292
40.318105405,0.023734351723545957,-0.09792187558939988,0.9949110446815419
40.329738022,0.025211752059357176,-0.09631745801127378,0.9950313134973915
40.337621559,0.022662807772590762,-0.09566135234939356,0.9951559188441518
40.348191685,0.021015802371866298,-0.09582445211504864,0.995176371517892
40.35737728,0.02537249311404581,-0.0926931907655063,0.9953713924856828
40.368231545,0.026216582495144965,-0.09374509802664885,0.9952509971852573
40.379361602,0.02573002242299302,-0.09527668938736931,0.995118243429139
40.388463884,0.02500806066621412,-0.0941699033901414,0.9952419937870419
40.397763969,0.02412490756939931,-0.09254448252575141,0.9954162484050625
40.408089293,0.026657308067623214,-0.09238280078878333,0.9953666691450983
40.417939394,0.022551711202670237,-0.09475272148923226,0.9952453677823451
40.429077377,0.017941677287365298,-0.09765508317274892,0.9950585816657428
40.438918945,0.024559499625162507,-0.09405109311985506,0.9952643984696338
40.448065781,0.02137038198820091,-0.09554250988799068,0.995195928236235
40.458250638,0.019641147896203016,-0.09497274201554723,0.9952860913241819
40.468094423,0.019857887850478057,-0.09428647351674571,0.9953470375712653
40.478798111,0.022664082070260088,-0.09814590435861033,0.9949139263481757
40.488305702,0.022328017440046227,-0.0974412969645369,0.9949907805015411
40.498093464,0.023157894699453285,-0.09551545988758217,0.9951585345237979
40.508039137,0.020848271432424383,-0.09990200399118963,0.9947788393290361
40.519456185,0.023990715094910634,-0.09793856279514199,0.9949032533401713
40.529969287,0.025012420968413798,-0.09942514302844081,0.9947306267181448
40.537915572,0.024346575528013295,-0.10112976063785221,0.994575294170024
40.548795019,0.025491916311103254,-0.09911889859917132,0.9947490166586118
40.557481672,0.02466715628736504,-0.1012548210932633,0.9945546704963313
40.571458846,0.0249398865833777,-0.10134311769648323,0.9945388753350796
40.57943744,0.02267415315531578,-0.10014046869336768,0.9947149186116401
40.587529682,0.018033520272248964,-0.10131825824151866,0.9946906065171699
40.598095265,0.020629103415248498,-0.09876774834112818,0.9948966639706391
40.607533763,0.01942065723708524,-0.10005598968471498,0.9947922582130864
40.619345013,0.020698801129844676,-0.10107632486641832,0.9946633280579341
40.649667341,0.02044356969485449,-0.10286403892646484,0.9944853191243531
40.649988041,0.01905750915935458,-0.10311245598056747,0.9944871204627522
40.650309564,0.01776928137184777,-0.10325676271545017,0.9944959997873563
40.657868975,0.017457759941648224,-0.10176723012232082,0.9946550444707202
40.66899148,0.018833650954096483,-0.10019162103744197,0.9947898937291376
40.678421598,0.01836157058691329,-0.09841768940557552,0.9949757841966053
40.688162305,0.021561114201764913,-0.09678994223242625,0.9950712665116113
40.69966441,0.021089853850579286,-0.09567085255595058,0.9951895829618489
40.707640645,0.019097634975432258,-0.09566566046222598,0.9952303058823476
40.719290183,0.016832020921435396,-0.0964999967251347,0.9951906519374815
40.728602966,0.01596166578806315,-0.09709547873992325,0.9951470711575928
40.749812109,0.014311627997492792,-0.09617400840311045,0.9952616426908755
40.750358069,0.013454406473693333,-0.09583958336469282,0.9953058591241803
40.757675513,0.012324146705005012,-0.0985780540609418,0.9950530049527772
40.768551221,0.010605104745644854,-0.09947016013894945,0.9949840295176933
40.778189594,0.010511412991509145,-0.0992751403822098,0.9950045008435965
40.789038131,0.015134461806428558,-0.0955819987738961,0.9953065003184782
40.799813208,0.01442575762807005,-0.09591912267991984,0.9952845921751079
40.807946508,0.012043602736565831,-0.09694817112582672,0.9952165612310123
40.817662375,0.011800639013597068,-0.09828202420064538,0.9950886335587873
40.829218304,0.01339427928449002,-0.09777899342141344,0.9951180139701744
40.837723162,0.014775128179261797,-0.09529164932341926,0.9953397395645917
40.848782205,0.01421671935078556,-0.09520812371204902,0.9953558650403043
40.857569297,0.014923785665371727,-0.09570758610137844,0.9952976130706138
40.871073643,0.014316684876936927,-0.09550459427969361,0.995326029502698
40.878993814,0.013429096644553969,-0.09635735871681983,0.9952562076090907
40.88761458,0.014202221083665863,-0.09572517504897013,0.9953064793208848
40.900021611,0.014704070703467347,-0.09534425263852221,0.9953357543028126
40.908709493,0.013015471988350173,-0.09541988564345145,0.995352019595435
40.91770987,0.012094915526904667,-0.09507497883229904,0.9953966352255943
40.966469192,0.011278934382799349,-0.0959620044805106,0.9953210935850153
40.966718425,0.009976806829274184,-0.09771254915680114,0.995164670324852
40.966959464,0.010806530433847317,-0.09722615448469832,0.9952036443784257
40.967224157,0.012605767502910455,-0.09462109810038706,0.9954335449541267
40.967637497,0.013620814296110026,-0.09281076746676045,0.9955905960082898
40.977691737,0.012305658887486704,-0.09167757465243107,0.9957127060880528
40.987862641,0.01761643331273898,-0.08688884604305175,0.9960622418858396
40.997823938,0.019774199242788497,-0.08576555978852714,0.9961190941842583
41.007602696,0.018749510133643496,-0.08496029167754987,0.9962079123896849
41.019735435,0.020279304696919617,-0.08226748583486472,0.9964039394620137
41.027700548,0.024568348288469325,-0.07951682712634522,0.9965307172717434
41.037982118,0.027165048680272676,-0.07706348227790326,0.9966560489102555
41.048960059,0.02906719441465004,-0.07511794749721283,0.9967509178188234
41.057745696,0.028957248740561783,-0.0773222594655533,0.9965855437123895
41.068201819,0.028539503476550543,-0.0786504044702689,0.9964936580922004
41.079282844,0.02808308359098885,-0.07652861005523234,0.9966718177309097
41.087737139,0.028916436636974945,-0.07480218142248929,0.9967790494119833
41.098358698,0.028791361187056903,-0.07229449287655387,0.9969676844415362
41.108034736,0.029008180270392817,-0.07065180720615205,0.9970791581493945
41.118466965,0.028071711837334073,-0.06935849827677662,0.9971967597777844
41.128603167,0.030892133466992433,-0.06571479532662235,0.9973601364427185
41.137688291,0.032147379654888945,-0.06167133006711853,0.9975786650831487
41.161652379,0.031606751949888774,-0.05987112570116245,0.9977055986304045
41.161922272,0.03173614195797024,-0.06022492422738883,0.9976801971550949
41.168212744,0.029692184122246012,-0.06204552050261896,0.9976315590375086
41.228395666,0.02895919882602787,-0.06148086333218572,0.9976880615940454
41.228747762,0.028232999852853272,-0.058311096673329885,0.9978991500768314
41.228999464,0.028651854099078305,-0.05654901775513343,0.9979886170932085
41.229236522,0.028370866637997188,-0.054252902801800125,0.9981240987291047
41.229490369,0.03470367061927753,-0.04828383393611755,0.9982305979211308
41.229792829,0.035784597493546004,-0.04327173346625713,0.9984222652089896
41.237962208,0.03538221319903956,-0.043350070996436674,0.9984332077478902
41.257544064,0.03551873990745629,-0.041819899778287276,0.9984936229630715
41.258095784,0.03619408528970194,-0.03981588129971799,0.9985512925164979
41.268848965,0.03655891568466292,-0.03442418425454647,0.998738414812593
41.278994547,0.03823975357874606,-0.030849841780314413,0.9987922749542902
41.288260084,0.03771677089904227,-0.02716462826091517,0.9989191799962575
41.334167961,0.03527373283929375,-0.03092848766727476,0.9988989900996985
41.33547613,0.03445337869435618,-0.030557170379502747,0.9989390492091804
41.336201142,0.03494851071500636,-0.028698060114470736,0.9989769881956587
41.336659248,0.04520306505391959,-0.02220035020147214,0.9987311086376869
41.337842485,0.049198859301777184,-0.017002742295364765,0.9986442704976791
41.354035795,0.04532530629796963,-0.016872951418445564,0.9988297753468437
41.359184224,0.04483881576055948,-0.01579638911052965,0.9988693381480179
41.367684886,0.04376305789141292,-0.014174414061147347,0.9989413800368948
41.379017222,0.0466760659280335,-0.010820215722570234,0.9988514743450093
41.480522408,0.04687336968406501,-0.00801938778723377,0.9988686483386988
41.481165906,0.04476884972392294,-0.0064929787900169945,0.9989762716505479
41.481949091,0.04314032318142614,-0.004102377190319374,0.9990606002726714
41.482296454,0.043813412100949634,-0.0022004909627191364,0.9990373079918463
41.482562031,0.050027879724743235,0.001619298021889418,0.9987465089421655
41.482865301,0.05199154865098474,0.00494089299252162,0.9986353020223693
41.483128373,0.05114779395609983,0.005130022768762112,0.9986779190709166
41.48338532,0.05202778329301955,0.007935469963639558,0.998614108693679
41.483642832,0.05306307918925424,0.00816366010973538,0.9985577921585549
41.48389987,0.05227922359765986,0.006307072283163839,0.9986125893554721
41.489564507,0.051148443074912855,0.005389511506273174,0.9986765191676114
41.497922128,0.05378983775780119,0.006464746997440595,0.9985313517362632
41.507546979,0.05313271341079519,0.008109140708396143,0.9985545336147534
41.518777606,0.05343550798528682,0.007800453656104003,0.9985408351234882
41.528330728,0.05345415388153417,0.006059881324910273,0.9985519171636181
41.538025122,0.05438965979679403,0.004892517125891817,0.9985078007623988
41.550280513,0.05439267392076742,0.005597029330437364,0.9985039360395248
41.557570515,0.05427117676307645,0.006596243956409823,0.9985044461285181
41.570718415,0.05288976643238063,0.00905799442420899,0.9985592748273582
41.579012223,0.05369369232381855,0.008693117959832772,0.9985196127792241
41.587742001,0.053130589946278596,0.007777183859101597,0.9985572872014816
41.601499697,0.052878763766626424,0.009480760021956374,0.9985559331013558
41.607936524,0.05207834753993594,0.010961926175251671,0.9985828367702091
41.618151063,0.0512848127163952,0.009674855598419258,0.998637203970388
41.628626364,0.0515053474298875,0.009580308814991641,0.9986267655481381
41.637772223,0.04882571888663115,0.012375475305955105,0.9987306427591752
41.650210717,0.04585933382953651,0.01481449009372188,0.9988380511293982
41.657902212,0.04272552962977909,0.016118548032038778,0.9989568166478437
41.667415788,0.03969593058880176,0.017258990007524583,0.9990627409520431
41.678651452,0.036685295770619526,0.019046418387916084,0.9991453462939287
41.688904795,0.02996123199181775,0.02138840260670476,0.9993222006997874
41.69774049,0.02592800155874817,0.020754230754417496,0.9994483481606051
41.707823471,0.021152275860874033,0.02259284214649423,0.9995209576140208
41.719175981,0.016759351426627454,0.024792059405518322,0.9995521386752129
41.728353131,0.011754061472710667,0.02547267358687759,0.9996064150150459
41.738115395,0.008632296980785006,0.02569636574174799,0.9996325225984307
41.764030768,0.0027280801240868826,0.026908728081852594,0.9996341720508826
41.764374358,0.0023995741701368883,0.027945107026374077,0.9996065791285522
41.770409676,-0.0008381446025327909,0.02715632844767582,0.9996308475326617
41.778128202,-0.0017007884834201626,0.02836015152723498,0.9995963230844174
41.787990549,-0.004673482801063868,0.028920475630794563,0.9995707902133779
41.798615645,-0.005798171208707249,0.02915202574477771,0.9995581726971225
41.807703824,-0.010384703069869168,0.03036609473699598,0.9994848964504539
41.818391326,-0.011735389411009439,0.028910268472744402,0.9995131199800261
41.829901862,-0.014051888005054315,0.028545829805093344,0.9994937118582748
41.839286152,-0.01853897452632973,0.029445275528534754,0.9993944577455696
41.848405428,-0.019121241132988596,0.032750262767937396,0.9992806404740188
41.857789024,-0.01720828448869763,0.03419799224681036,0.9992669174305948
41.868289694,-0.012371948257170022,0.03435785901301124,0.9993330137748699
41.878423423,-0.013762999778705999,0.033187062538729405,0.9993543909530502
41.967685483,-0.01618941877871509,0.03179012003966234,0.9993634428912592
41.968115663,-0.02154417776737851,0.03256474600765366,0.9992374020831009
41.968374103,-0.025881691657780797,0.03040870995940916,0.9992024061197691
41.968777608,-0.026402861830900144,0.030287749379436044,0.9991924444893822
41.969083961,-0.026048652169617423,0.029468354282939795,0.9992262425577111
41.969348632,-0.028580168689069863,0.028893518111875294,0.9991738280043283
41.969603738,-0.030811047590850828,0.027493424620506066,0.9991470316970327
41.969864446,-0.028678763519188678,0.03045733953986975,0.9991245562947413
41.970113893,-0.027310417146443822,0.03242549229783975,0.9991009601459355
41.987977921,-0.02845458346256231,0.03154862201096212,0.9990971029530522
41.988270774,-0.031537220422719885,0.03150035190294229,0.9990060718323986
42.000831772,-0.03258556477668494,0.031573633009031106,0.9989701129997812
42.007639718,-0.03308197036709744,0.03300671662798263,0.998907473139565
42.019600473,-0.04123795223324839,0.032041902315099,0.9986354428877627
42.028132693,-0.04150576506893758,0.030892308817196814,0.9986605713264067
42.037774656,-0.03604119176845802,0.03341559918585342,0.998791484859057
42.048486501,-0.03612353822821044,0.033053782349026256,0.9988005493882642
42.057639524,-0.040976218098974254,0.033673387551422296,0.9985925357827972
42.067851418,-0.04216919274024903,0.03323288700760019,0.998557626982427
42.080599949,-0.0408112477306365,0.034551535733699304,0.9985692932576644
42.168222096,-0.04325183795545665,0.03173676308318212,0.9985599913788239
42.168460809,-0.044075055204268,0.03226322781491678,0.9985071224782043
42.169080909,-0.047633944414728964,0.03153816886620542,0.9983668420195361
42.16948018,-0.047206966667931664,0.029182897929697325,0.9984587426461033
42.169738578,-0.04530758482822584,0.029722533273832126,0.9985308176380032
42.169992421,-0.046663352983598305,0.0341918252644591,0.9983253230152047
42.170245146,-0.04655681207117614,0.03077440742611794,0.9984414850642679
42.170501732,-0.04944757271700469,0.031082525695980814,0.9982929500646368
42.170763851,-0.049350721715507806,0.033863923546097095,0.9982072635220717
42.178830437,-0.04945665353874568,0.033147146802682256,0.9982260796430787
42.188351243,-0.05194300207261379,0.032369097364595305,0.9981253258341288
42.199891292,-0.05314042788126661,0.02807547334123884,0.9981922974664057
42.20759037,-0.056996329679232564,0.02923883025672723,0.9979461454448906
42.219438644,-0.05712169975443107,0.029381071010567895,0.997934799515197
42.228541311,-0.0547238186972815,0.028189723216555638,0.9981035232740947
42.238325653,-0.056343940094755,0.02845788434464435,0.9980057661322532
42.252411958,-0.05637898845213733,0.028363583343935083,0.9980064713222082
42.257625607,-0.05661578328662879,0.02836439604049878,0.9979930431220949
42.268860283,-0.0593508872909443,0.028823062496622833,0.9978209775536359
42.278723544,-0.05896581211130347,0.03017573419864471,0.997803817424862
42.295009899,-0.06080314822717196,0.030150997322185524,0.997694289111721
42.299204841,-0.05936604056120157,0.02893247938026642,0.9978169094904116
42.307774191,-0.06139311949467299,0.028544231400761285,0.997705423325168
42.317899979,-0.061652536941736356,0.02702432860920401,0.9977317527030347
42.45984627,-0.061282388521505866,0.026990874100783775,0.9977554618103451
42.460113285,-0.06235029567040915,0.0276029765985193,0.9976725496437768
42.460375636,-0.06285520372560544,0.029038186748841573,0.9976001238346716
42.46063164,-0.0641741770073086,0.02869332121006369,0.9975261241307772
42.460896199,-0.06460498605139395,0.028897662581865213,0.997492416449671
42.461146184,-0.06503216129055017,0.02991932690530303,0.9974345351327142
42.461426017,-0.06497122485991462,0.030871343498861007,0.9974094946864993
42.461723104,-0.06597592906209852,0.030443118460957652,0.99735670315227
42.46197833,-0.06534498841097111,0.03139688030378952,0.9973686722555305
42.462234011,-0.06546735855131747,0.031821119299874905,0.9973472019967854
42.462489582,-0.06632046962555557,0.03170604964565511,0.9972945009998366
42.462744813,-0.0671560559107454,0.03271763308916706,0.9972059068414886
42.462998238,-0.06719961787956881,0.03328529734919122,0.9971841857637014
42.463253196,-0.06755854210928658,0.033730796026631295,0.9971449627749606
42.467853813,-0.06841469142862157,0.034035941520798786,0.9970762180904323
42.479001195,-0.06798300515740645,0.033844782460113874,0.997112251308746
42.488200531,-0.06853735627526444,0.03341751726049176,0.9970887123696378
42.497983876,-0.06985074694481239,0.03328729636054012,0.9970019202851403
42.507563747,-0.07058086551037027,0.03366594315844697,0.9969377842649255
42.518791241,-0.07069848145323127,0.03464337143297796,0.9968959632458966
42.52992467,-0.07100390167628852,0.03431112917213442,0.9968857468946365
42.538913048,-0.07103061443524408,0.034589932592666656,0.9968742089031024
42.550331996,-0.07165310185867893,0.034522861727429376,0.9968319843444926
42.55849615,-0.07138985181358584,0.03685057209525127,0.9967675377911778
42.569151081,-0.07190093427190773,0.03621591901591218,0.996754063378053
42.580475498,-0.07202164483788644,0.037748922700384734,0.9966884676315894
42.588659286,-0.07348416317259021,0.03645062998696347,0.9966300363406562
42.598704023,-0.07350494233902911,0.03680235166877252,0.9966155780256418
42.608161415,-0.07456537899150555,0.03650242594334056,0.9965478298386405
42.617812886,-0.0747157487072894,0.038464298087069776,0.9964627713405946
42.629343306,-0.0757448799905787,0.039877123487986915,0.9963295279060722
42.637705626,-0.07678666344715392,0.04046374898653152,0.9962261256033234
42.647839879,-0.07907665406372465,0.04117911066924194,0.9960176522665533
42.659693315,-0.080950824322612,0.04092878924151919,0.9958774012159897
42.667751379,-0.08155442739090614,0.04090927303464515,0.9958289545663546
42.679133734,-0.08236711891845616,0.04107099440051105,0.9957554072863607
42.688629287,-0.08350450422351573,0.04205946042079398,0.9956194049753633
42.700855441,-0.08465397264642768,0.041363038640736656,0.9955515074317264
42.707722949,-0.08484443574485101,0.04153663673122807,0.995528065667762
42.718549878,-0.0859007728767672,0.04190566917939413,0.9954220070451535
42.728151652,-0.08685956297398237,0.042426397538365884,0.995316742103681
42.738170687,-0.08728622031643732,0.04334363418535622,0.9952398932511078
42.748264077,-0.08917965970602186,0.04417882185553248,0.9950352858035616
42.757699504,-0.09362667355001089,0.04218266103255525,0.9947133602742914
42.76901148,-0.0935324532248022,0.04278649642864998,0.9946964340526768
42.778437171,-0.09776568213660038,0.043815711107034146,0.9942444643328674
42.787598608,-0.09870239404124137,0.043452957696818825,0.9941678318462763
42.802568984,-0.09850863485379045,0.043561404632861116,0.9941823036474019
42.807556897,-0.099769799746002,0.043430592419721324,0.994062256954118
42.818745604,-0.10188667853733134,0.04611825209707911,0.9937264269204784
42.829910577,-0.1036644150584016,0.04959295884688943,0.9933751695524758
42.837763049,-0.10571294587695543,0.04829347511522553,0.9932232948009784
42.848329643,-0.1087007417990476,0.04972166986072991,0.992830249478025
42.857804746,-0.10923553119300938,0.04980265294153568,0.9927674926612808
42.868131473,-0.11160366681405186,0.04999251422485775,0.9924945189144048
42.878830755,-0.11383681856721024,0.05069806483765382,0.992205061950509
42.887667874,-0.11526712875506581,0.05046475176484272,0.9920518120833588
42.900655221,-0.11539110969551387,0.049165481857079925,0.9921026394466447
42.907661236,-0.1184244003457036,0.0502801670690926,0.9916892488084484
42.917831763,-0.12308331573631372,0.05238070320607632,0.9910129965439364
42.928093925,-0.1250190310432871,0.05269950108176302,0.9907537557146736
42.940390552,-0.12350290254654188,0.05327277390130164,0.9909132376870541
42.949886399,-0.1245618910632182,0.054586624157040686,0.9907091580064722
42.958113537,-0.12564100870120778,0.055186321288828805,0.9905396543678346
42.968244775,-0.1260944451074206,0.055967368836379615,0.9904382083394121
42.978659792,-0.12798777751614623,0.05473370177044683,0.9902642832582529
42.992843001,-0.13100100044611654,0.052872026254250894,0.9899713565158773
42.998357958,-0.13376431393601432,0.057700089706740294,0.9893320008799179
43.008232751,-0.1342096058219355,0.0582791654169758,0.9892377472495788
43.018617421,-0.13685632522647545,0.05663103723533416,0.988970814466815
43.0290201,-0.1368201575305363,0.054976634841101914,0.9890691654858459
43.038161256,-0.13561385802654577,0.055723150221510885,0.989193515971747
43.050979318,-0.1360444342745574,0.05812683826038553,0.9889960478064445
43.057883206,-0.13783629087499516,0.05761914685563093,0.9887776245614851
43.068154423,-0.13950865834142306,0.05528252928523586,0.9886764770154103
43.084353895,-0.1386612545740153,0.05964341511111592,0.9885422193886527
43.087534933,-0.13909358491815094,0.06001296806191333,0.9884591131144559
43.102401732,-0.13873153356234577,0.05936196431234023,0.988549300130459
43.109498778,-0.1384429378738064,0.05908759543570571,0.9886061951143619
43.126228273,-0.1396493761629538,0.05852368851709321,0.9884700448772598
43.129205198,-0.13991850006959478,0.05973554100080659,0.98835948848565
43.13782181,-0.14212542782763934,0.05859324803617101,0.988112945998271
43.153734045,-0.1466093451633398,0.06363211720931818,0.9871457104046173
43.158195468,-0.14855206664194762,0.06429122083973217,0.9868125062134869
43.167916579,-0.1506849797562851,0.06465285344826223,0.9864654304215864
43.178573407,-0.15398630682060746,0.06321059068215559,0.9860490041257396
43.189502553,-0.1569416712850895,0.06241799836866434,0.9856334538224097
43.199390564,-0.15828271033654945,0.06301840599848438,0.9853807711305952
43.207859105,-0.1607372165772613,0.06309535243110036,0.9849784381947606
43.218792719,-0.16100078528361836,0.0638124501353674,0.9848891908970164
43.228999054,-0.16212670302111284,0.06179565224444885,0.9848330972967893
43.238346193,-0.1623475426380999,0.05963943120984867,0.9849296490837993
43.252984762,-0.16376423873843937,0.060809112753085794,0.9846235452783982
43.258136978,-0.1664149468356096,0.06192771077677646,0.984109254152022
43.269067158,-0.16836898321799776,0.06138141683301347,0.9838110627339527
43.278564045,-0.16983332289578265,0.0602798014690102,0.9836274640172638
43.287622247,-0.17041976129226344,0.06092992751171737,0.9834859678177951
43.298584556,-0.17255240352512866,0.06493803511870065,0.9828574258928013
43.308256333,-0.17509239700036822,0.06839688107326346,0.9821733651306755
43.317763385,-0.17704760728975058,0.06729385473180986,0.9818990181624118
43.329785371,-0.1769988991198118,0.06681595198990531,0.9819404351945475
43.337535867,-0.1778722982266014,0.06622913783636968,0.9818223601166548
43.348848784,-0.18004851915411704,0.06468099786014142,0.9815288580914093
43.358605238,-0.1818337693504174,0.06359111915651293,0.9812709360254392
43.371390713,-0.18280966096701068,0.06027044987099573,0.9812991902215524
43.379589049,-0.18142152901759315,0.059366319669673324,0.9816118728386474
43.387711353,-0.18244842189624585,0.061234659941364955,0.9813067256314076
43.397958677,-0.1814865349188484,0.06547221585774549,0.9812115096113716
43.408667706,-0.18231120200162507,0.06859214361579674,0.9808454228159056
43.418817087,-0.1833199211259245,0.0702295155897396,0.9805414941033426
43.428514593,-0.1836460037369062,0.07125212065349312,0.9804066914366937
43.438123554,-0.18578508038552838,0.06868913780196424,0.9801865670647429
43.447968093,-0.18571325891825413,0.06792230768183158,0.9802536128885913
43.457806859,-0.18516687267205129,0.06602100942294482,0.9804868462042864
43.467727239,-0.18454810565317506,0.0638072882367359,0.9807500327135853
43.478593232,-0.18542672028757382,0.06512026844065973,0.9804979765617114
43.487966608,-0.18836880104373643,0.06670919731559274,0.9798301270051124
43.510977001,-0.18892723166712966,0.06549492635475111,0.9798045293610254
43.511236906,-0.1891142867072594,0.06590789592816466,0.9797407492890794
43.518390837,-0.18895296964152533,0.06790767954815731,0.9796353006716498
43.528590632,-0.18969438615636347,0.07034374962160998,0.9793200685934772
43.537886366,-0.1896018465748936,0.07002274949902675,0.9793609928560494
43.548391703,-0.18881234912312944,0.0693451204659561,0.9795617137710966
43.559028829,-0.18908675729801117,0.06940401725309737,0.9795046097919371
43.569162397,-0.18955579786178403,0.06915763363298384,0.979431376466605
43.580022268,-0.1907764447303808,0.06915588521735275,0.9791944708155987
43.587788468,-0.1908372399787824,0.0681519078460593,0.9792530139316513
43.648278691,-0.19065785737885618,0.06739374283868046,0.9793404233696767
43.648825224,-0.19235123077121016,0.06900290651039741,0.978897136022942
43.649187727,-0.19327782247016076,0.0671623228223184,0.9788426358380102
43.64945463,-0.19414541824105955,0.06537571047258038,0.9787918946620928
43.649698212,-0.19476753580667555,0.06591873755475462,0.9786318649190731
43.64993478,-0.19178023638221142,0.06906737797100473,0.9790046160429448
43.657850341,-0.19101027068718407,0.0697745085623416,0.9791049966407549
43.667733925,-0.1911372962373418,0.07092231823815984,0.9789977317454845
43.678648903,-0.19262182848091108,0.0714073539005926,0.9786714571303212
43.688127302,-0.1928449536610856,0.07024965554616312,0.9787113005085305
43.698001253,-0.19361463783234836,0.06816558441141346,0.9787067104699443
43.707483049,-0.1950243580025487,0.0656633351858261,0.9785978878977655
43.719073895,-0.19612654277425562,0.06315782727111408,0.9785425223636479
43.728650055,-0.19815870116729678,0.06775825302903814,0.977825111304748
43.738286018,-0.19956613440216048,0.07075109563656903,0.9773267828449214
43.748195471,-0.20031056663977023,0.0703833621446379,0.9772010331685447
43.758558086,-0.19920769538768096,0.0661386092509266,0.9777228536066251
43.768438157,-0.19774776199144575,0.06629121282481389,0.9780088433800533
43.778941138,-0.19854576435310214,0.06661141527030605,0.9778253928044256
43.787712547,-0.19795575738623628,0.06821425414685928,0.9778345124042358
43.81076044,-0.1999847537539267,0.06763306492033216,0.9774619515845431
43.82127756,-0.20358472151612783,0.07039542338423314,0.9765232949252953
43.829964369,-0.2019355017831108,0.07056561853241912,0.9768533905355197
43.838445088,-0.2050022939746462,0.06708915416843585,0.9764594742528214
43.849812997,-0.2040131772274612,0.06305271959970983,0.9769355035357435
43.858230776,-0.20458468601274227,0.062429830338035314,0.9768559886354957
43.869690967,-0.20482299708563556,0.06797668841655369,0.9764357171349154
43.87941549,-0.2070089360891389,0.07047028752372164,0.9757977449018658
43.887667427,-0.20826984133696347,0.06847117775611283,0.9756717537195422
43.897798544,-0.21023530694153234,0.06971352417737976,0.975162109734566
43.907805547,-0.20937086172244032,0.0669812902849545,0.9755395168896878
43.917802096,-0.21137453009624024,0.06606318585938091,0.9751699664677449
43.927964591,-0.21191059126428058,0.0663706349108158,0.975032737979376
43.938434286,-0.21241268633214658,0.06992257800266041,0.9746751683359042
43.948009685,-0.21080002219773114,0.0708398080143856,0.9749590105445055
43.966939196,-0.21131844000285005,0.07172959515567047,0.974781709970784
43.968556672,-0.2119786122297351,0.07274933074109714,0.9745627752145462
43.977867006,-0.21278942063091646,0.07025046349964799,0.9745694099681375
43.988023316,-0.21350819568149382,0.06813351015362883,0.9745625044967503
43.997730248,-0.21519748496048607,0.06754366159669224,0.9742319519728312
44.007777357,-0.21664680546987797,0.06740415882662272,0.973920346359276
44.018992742,-0.21540802477358242,0.06509909582180533,0.974351831006812
44.028118776,-0.21268999652396156,0.06672676693427934,0.9748387066346594
44.03773176,-0.21332711820676092,0.06649137327991228,0.9747155677001113
44.048347306,-0.21238265434151826,0.06745563087121412,0.9748555513503617
44.057818679,-0.21163963829039703,0.06905818400438353,0.974904934199395
44.068732611,-0.21368920322661683,0.06978891506206641,0.9744056813046779
44.07883481,-0.21177144738459394,0.0650291178907167,0.9751533560927684
44.088003329,-0.2103122902247645,0.060195055296038455,0.975779327460016
44.098502804,-0.2106626441268709,0.060377815597277514,0.9756924565421097
44.107885259,-0.20873349984402517,0.06281749376429624,0.9759530155289429
44.120853036,-0.20943708127449742,0.06744847108476952,0.9754931126028245
44.128668404,-0.21179245211320719,0.06708189167402581,0.9750097317654368
44.146350483,-0.21223241498083864,0.06742570715900738,0.9748903405232349
44.148784208,-0.21318883842157504,0.05950642563138675,0.9751971618503797
44.161156512,-0.21432178164895468,0.05834744564635754,0.97501884571395
44.168198208,-0.21315008389676884,0.05666160588798313,0.9753750581970996
44.17916255,-0.21061673717414958,0.05822233592697902,0.9758333616050034
44.188363415,-0.2076469332418325,0.060044030526382686,0.9763592912004314
44.198118959,-0.20841367124531654,0.062334230435747456,0.9760523476504896
44.20903403,-0.20883007857134792,0.06544722083569808,0.9757595295813247
44.223579789,-0.20840385849565363,0.0662429746179986,0.9757969563786736
44.229107386,-0.20635752323550088,0.06278483601479722,0.9764602587769277
44.238988116,-0.20453505354035761,0.05960656798155122,0.9770427160194706
44.248093228,-0.2049341773352405,0.05718965097054281,0.9771035394377587
44.257792702,-0.2059811330431947,0.06001801332360752,0.9767136790825288
44.268450112,-0.20372733994686915,0.05689362461797539,0.9773731561875442
44.279999075,-0.20158272599886845,0.059401802656853554,0.9776685688002767
44.288605805,-0.20077885699999148,0.06007168155545016,0.9777930474578338
44.298492969,-0.20103617233909135,0.06019139664455341,0.9777328127772053
44.307814492,-0.20034035435180209,0.06159957562214829,0.9777879293084802
44.318258309,-0.2000623867234637,0.061671339869862764,0.9778403178725897
44.329963481,-0.1993342174645439,0.06051921390896186,0.978060987104403
44.337796951,-0.19680734532655458,0.05988226125532146,0.978611763475416
44.350174702,-0.19598704488776883,0.058257093311211955,0.9788744502310235
44.357753691,-0.19764144763906513,0.05715274817585088,0.9786068779398
44.367989912,-0.19817182139193448,0.057778743254833995,0.9784628485712143
44.381999353,-0.1973378316479494,0.05617120179412251,0.9787249747960302
44.387911134,-0.19760972500953997,0.05355751829150641,0.9788166267570801
44.406935554,-0.19646760844316818,0.05819865344320164,0.9787815872655248
44.40796597,-0.19719885214085822,0.059116090762696326,0.9785795320398157
44.417901953,-0.1971764942835106,0.06028284913688628,0.9785128554096795
44.429004012,-0.19808042448716837,0.06234764682617531,0.9782008568643874
44.437993412,-0.19762441371536502,0.05909962323493382,0.9784946732799046
44.448249012,-0.19903223729924086,0.05842156025960299,0.9782500139598734
44.457714139,-0.19943163368104946,0.059164576537064154,0.9781240086872919
44.468904637,-0.1982648898297118,0.05683076875454542,0.9784995131238338
44.479233736,-0.19904060180940614,0.05567094070528651,0.9784087004888795
44.488555784,-0.19981396404372165,0.05540838818984755,0.9782659609182656
44.502890756,-0.20065784005727422,0.053271544799279834,0.9782119268022894
44.507889881,-0.2031058244327402,0.05274553795450162,0.9777351033421
44.519240046,-0.20403447630740265,0.053785950312497305,0.9774850403085182
44.534427021,-0.20503763260039135,0.05157102681041571,0.977394494772375
44.537882037,-0.2025326579981093,0.051890025602604396,0.9778997636195552
44.549126051,-0.20056144088205746,0.05347808879802884,0.9782204263098493
44.557898528,-0.20013292999456625,0.05132222638189913,0.9784236502716986
44.577872625,-0.20000259450029143,0.05101930122017606,0.978466143050518
44.58099011,-0.2012864351511532,0.04941110441810071,0.9782853948538353
44.587934841,-0.2001245331104501,0.05158155849302418,0.9784117303419635
44.597908086,-0.2023025526760693,0.0512581495053737,0.9779807151933165
44.608048148,-0.20312447914540716,0.050032626370707836,0.9778738069251861
44.617682686,-0.2037593727125189,0.04901405882710805,0.9777933013009925
44.628915829,-0.2046806505081507,0.048894739019071785,0.977606841119587
44.638664825,-0.20693845092684673,0.049303184329129855,0.9771108808845621
44.648237627,-0.2068910741036827,0.046820760268574436,0.9772430096266217
44.658120432,-0.20520672637118956,0.04469750405763482,0.977697464752281
44.669163295,-0.20088672779176456,0.04617100591531773,0.9785258099865763
44.680360891,-0.2004836148999026,0.0481114932742431,0.9785149995639261
44.689100389,-0.20142698495420894,0.0491485188224974,0.9782696933002738
44.699762502,-0.2024407343018733,0.04809909613140774,0.9781125835233182
44.707698363,-0.20359315561492683,0.0451452201446915,0.97801417989968
44.719098055,-0.20338922425401754,0.04108367133928407,0.9782356338871707
44.72862779,-0.20133866161913458,0.0411809727785217,0.9786556446567047
44.737749703,-0.20392391948527494,0.04381988904265494,0.9780055482388903
44.74956819,-0.2051700117183954,0.04366071182085296,0.977752017913934
44.757823943,-0.20295894995508287,0.04541718497095191,0.9781333978259023
44.770606435,-0.20237662471500548,0.042127111944828315,0.9784012511276495
44.778546218,-0.20188525847752842,0.039061666787230505,0.9786299242294122
44.787726565,-0.2013976745062533,0.0386828867849288,0.9787454270511089
44.798755845,-0.20465613501285945,0.03838725631342994,0.97808091943066
44.808171697,-0.204321226205169,0.037766872510318364,0.9781750865069123
44.822665655,-0.20485596573487766,0.03663588478809685,0.9781062545800552
44.83032108,-0.20616316468448664,0.03690560834670871,0.9778214180512904
44.838364547,-0.20583142704062596,0.03911129947656724,0.9778055685542366
44.848404439,-0.20414161715746773,0.035640083005949424,0.9782923819736423
44.858191753,-0.20596601784297158,0.03463721641283658,0.9779459405984972
44.868445562,-0.20570663511011156,0.03516758478318566,0.9779816057841747
44.878705658,-0.20617445434066053,0.03400422163474863,0.9779242339201673
44.88902452,-0.2045495478378724,0.03574872576020552,0.9782032054158502
44.897550309,-0.2063623166668342,0.03290811700089921,0.9779221083989013
44.908429871,-0.20881218098624693,0.03175356725112955,0.9774401178786325
44.917622275,-0.20799797877315265,0.034223746186239475,0.9775303453209334
44.930245856,-0.20537274482551712,0.033738505565972944,0.9781021157962024
44.938187533,-0.20470558661770485,0.03139158619768673,0.9783200862312367
44.948052542,-0.20662362229906295,0.029446325263167764,0.9779772965854115
44.958039234,-0.20780422574994806,0.028203162549979503,0.9777637676773691
44.967906445,-0.20674130162733914,0.03267952706418533,0.9778497239925442
44.978315654,-0.20536297583580906,0.032601505576350394,0.9781427247544279
44.987992071,-0.20345127057751516,0.028543264881571242,0.9786689238605134
44.999486055,-0.2048107011384564,0.02634111556276591,0.9784470973589134
45.007885365,-0.20359963843947063,0.028533762187546226,0.9786383456838086
45.25475,-0.2051465640423492,0.02896358325509771,0.9783026107021504
45.255456388,-0.20404807003418027,0.03000624463600462,0.9785008995387642
45.255800511,-0.20368271096201304,0.027000588715581402,0.9786645602371514
45.256135578,-0.20322874754500017,0.027036677200020644,0.9787579344543126
45.256420292,-0.2050883712641728,0.029638735071564573,0.9782945902720542
45.256654762,-0.20426412340728956,0.02413401763608267,0.9786182693376375
45.256932265,-0.20652895464880605,0.023340489445763966,0.9781620583748399
45.257170042,-0.2037401052000463,0.026710280661557728,0.9786605797926341
45.257770573,-0.20410557302244575,0.03112517191075382,0.9784539533032226
45.25805087,-0.20435862579717604,0.029902277832953655,0.9784392703907027
45.258388942,-0.20490443374515935,0.027042297111449006,0.9784083437903173
45.25885497,-0.20326288559217956,0.02090567825155599,0.978900991907549
45.25925883,-0.20510961966085728,0.02107446388733742,0.9785120903159245
45.259635655,-0.20782179250318145,0.024120228422716446,0.9778692740553825
45.259901838,-0.20728041324829016,0.025446997239414005,0.9779505512116221
45.260366162,-0.2044602239584729,0.026120189636286338,0.9785263167192877
45.260769212,-0.2055767064136884,0.025045009316904395,0.9783204818914998
45.26114776,-0.20771294567646048,0.02390872256929602,0.97789759442567
45.261430095,-0.203473228595927,0.02519431464080645,0.9787562984494812
45.261906439,-0.20229616306003734,0.02220964428764139,0.9790725172896046
45.26232416,-0.20111375020176475,0.019627930304146925,0.9793712288155896
45.262699906,-0.19990043117990097,0.023170906707909188,0.9795422026112112
45.263031771,-0.19924905642270396,0.024851329547242125,0.9796337197822442
45.263366888,-0.19748638628169055,0.028386822224451175,0.9798945430797114
45.263816911,-0.19234099746931893,0.027209121014595678,0.9809508674883369
45.272247442,-0.1870217810118284,0.023967823822974906,0.9820633364749722
45.278377458,-0.1846150837428166,0.025134026045587857,0.9824894664012295
45.288939129,-0.18372841207371993,0.025085467471037966,0.9826569034605256
45.299487542,-0.1812401173735162,0.026193603978769717,0.9830899831475436
45.307719096,-0.1787668979908288,0.029197555610436143,0.9834581327789771
45.318282511,-0.17171969262751055,0.033222910862895035,0.984585489105801
45.329843378,-0.16810401119491114,0.031229723119047127,0.9852744520254693
45.340277389,-0.16793163831045457,0.03156462622245658,0.9852931742510974
45.347990704,-0.16441151606677615,0.03266634109748297,0.9858507815810298
45.392150838,-0.15880538774498965,0.03214812122827792,0.9867863736010218
45.392406451,-0.15480128290650141,0.03644205616079524,0.9872732850397984
45.392752234,-0.15238918962957032,0.0357334062874166,0.9876743686859255
45.393122268,-0.1492668160248073,0.036229457965519636,0.9881330092701797
45.403496552,-0.14787804528140805,0.037851360003492485,0.9882810117925144
45.408368642,-0.14453645510479998,0.03860065718214667,0.9887462780768608
45.417956234,-0.13962670889000997,0.04085549836469712,0.9893610111672668
45.428560952,-0.136987912461229,0.04042125810916582,0.9897476616453241
45.438626001,-0.13511718970345385,0.040259414973900974,0.9900113759713067
45.472168623,-0.13210569693070748,0.04050410250658789,0.9904077455869316
45.47243024,-0.12930097289916398,0.042161089311285434,0.9907086862218458
45.472713908,-0.12668424324865432,0.04349563731883587,0.9909890171171143
45.585813225,-0.12121417922781585,0.043932811264297336,0.9916536849367035
45.586162795,-0.12023378645969086,0.042919007372136005,0.9918174203953851
45.586602291,-0.11766051801102255,0.04423715119947035,0.9920680808065208
45.586837813,-0.11548218434235663,0.04959967588218694,0.9920704295824465
45.587072351,-0.11388758120094021,0.048504473330727396,0.9923088908777891
45.587355076,-0.11364255132316094,0.04989210584609832,0.992268183659541
45.600714112,-0.10736380359847195,0.04786105532530179,0.9930671342160192
45.600988722,-0.10404665651886988,0.04751818230881891,0.9934366188224141
45.601376775,-0.103173286629336,0.0513617502722052,0.9933364201191238
45.601785727,-0.1013086770174943,0.05249149138759205,0.9934692724452385
45.602119103,-0.09724795159289426,0.05043989512259501,0.9939812135503407
45.6024884,-0.0911238920349221,0.05028281009092899,0.9945692913566995
45.604500772,-0.08913687552262001,0.05165112345392979,0.9946792341594409
45.610569009,-0.09030541215771028,0.05567900269350547,0.9943564658582368
45.619415869,-0.08320744004981824,0.05597144737647479,0.9949591544374767
45.628527765,-0.08121184833086624,0.05644774705707637,0.995097124678222
45.637796784,-0.08032829122623115,0.058530354064693924,0.9950485230790183
45.648041559,-0.06780777290877663,0.061868622222278576,0.9957782782916431
45.658591565,-0.06813761643196746,0.05593438546697697,0.9961067260838077
45.792555104,-0.06966297343258858,0.0587773617027786,0.9958374826666203
45.79286903,-0.06539691652880816,0.061135147090725664,0.9959848076646146
45.793483947,-0.06330628767524335,0.0645461818227681,0.9959046662973728
45.793972556,-0.056465320226870244,0.062044493941070464,0.99647486088876
45.794631823,-0.05260838644001099,0.0639078393032276,0.9965681841960294
45.795016479,-0.04740724538653689,0.06496872054833629,0.996760562239083
45.795409849,-0.04321928625792577,0.06697650489246851,0.9968180581669578
45.795683124,-0.04714946323347577,0.06744086936823498,0.9966085777554053
45.796064718,-0.042897238666674664,0.06673185017067314,0.9968483771805887
45.79642404,-0.03469387631894118,0.0673376029515088,0.9971268636310583
45.79668758,-0.031242246997415433,0.06907929708036935,0.9971218444690872
45.79705591,-0.030878926476844582,0.06782267133598821,0.9972194227713819
45.797494919,-0.026680490740813363,0.06763703016549133,0.9973531889778174
45.799312372,-0.021057790453085954,0.0744143160060673,0.9970050546685222
45.807808704,-0.020042060108055593,0.07289057914593712,0.99713854568881
45.818337393,-0.01626183963562402,0.07352935999161263,0.9971604614057304
45.830006441,-0.009237725193148213,0.0775828792234339,0.9969431083490462
45.893380053,-0.0076811661018710104,0.07553100809404152,0.9971138683739252
45.894094245,-0.0038136202699383596,0.075809829569339,0.9971150014121263
45.89433041,-0.0020930794525130265,0.07663268586986711,0.9970571951873051
45.894588521,0.0010106484792532764,0.07712828582045762,0.997020664839024
45.894876381,0.0041307588240975255,0.0790326065618893,0.9968634730651791
45.895148958,0.005295110931185249,0.07922067339396811,0.9968430401558878
45.898025565,0.007357999430389748,0.07903198421248366,0.9968449254100762
45.938809904,0.006085020171678434,0.08064223326196115,0.9967245370432264
45.939499369,0.006694632758332651,0.07888553851878405,0.9968612008222772
45.939960515,0.008917364905263436,0.07835581952343824,0.9968855732479815
45.940220174,0.01129774032385034,0.07759288402081108,0.9969211129336703
45.948084504,0.009326013236778658,0.0807043495568338,0.9966944534006978
45.957692827,0.010455060497660493,0.07912621767273982,0.9968097779349863
45.968144021,0.01077180638587966,0.07995638507469373,0.9967401590549929
45.978322833,0.009882195574249259,0.08161684311199106,0.9966147867310945
45.988076183,0.012088229911935294,0.08179736236124657,0.9965756700864914
45.997988295,0.011884372242919446,0.08254361295074968,0.9965165897552477
46.007616531,0.011764621552725674,0.08280471212121251,0.9964963488795353
46.020276491,0.011690518820729516,0.08286189598391362,0.9964924675900233
46.028029991,0.01306809781412937,0.08097572983931228,0.9966304008992056
46.037718311,0.01440857856487988,0.08132248161746118,0.9965836878292347
46.049011837,0.014623607228848557,0.08136779055097997,0.9965768574337196
46.073604915,0.016275771315922852,0.08240087375014665,0.9964663543107134
46.074348391,0.015930562790964407,0.0826369007619191,0.9964523871222487
46.079790798,0.015952408237849075,0.08357588724639926,0.9963737209212165
46.087609582,0.016789035246359104,0.0843083767798268,0.9962982615162226
46.098949157,0.01648286128315597,0.0832129229760665,0.9963954660342949
46.195201587,0.017464545312696176,0.08287195386378662,0.996407160211035
46.195553002,0.016480460426314843,0.0827631814557511,0.9964329632340848
46.195890715,0.016131796853711956,0.08163666691627995,0.9965315949557602
46.196155835,0.016282208527317415,0.08105037870345458,0.9965770044494804
46.197847092,0.015047970099971789,0.07959530043091556,0.9967136734013349
46.198100942,0.01628183856539222,0.07898993370974014,0.9967424402048211
46.198336784,0.017790694452714167,0.07921668516171604,0.9966986545505515
46.198589804,0.018191522052979935,0.07998751227972281,0.9966298542611983
46.199099487,0.018454909168490373,0.07897165482794415,0.9967060218847477
46.199496389,0.01716481967266596,0.07811990605539143,0.996796192430279
46.20780301,0.016455370481623797,0.07663261488377335,0.9969235994389881
46.217932845,0.015183171302504994,0.0766428652015651,0.9969429986327673
46.229256816,0.016102772291798184,0.0746881137962517,0.9970769209956054
46.238539402,0.01662013944785819,0.0741747635469857,0.9971067522675207
46.252526768,0.017407691516070887,0.07319603241551573,0.9971656397583644
46.257681363,0.017530260938882117,0.07130244864495708,0.9973006822261018
46.268387162,0.018453130585024118,0.07086642336453162,0.9973151116929548
46.278472434,0.019846664693130435,0.06978542611485324,0.9973645793803423
46.288405725,0.020842465434379846,0.06880756560388483,0.9974122069386778
46.301608681,0.021676868337932805,0.0672920196666581,0.9974978182774347
46.307821432,0.023179454617200727,0.06792550648726682,0.9974210938475773
46.32073733,0.023329393149345495,0.06777151715454961,0.9974280730347698
46.328444296,0.0234307270134533,0.06750428221608208,0.9974438194274967
46.337906957,0.023174355605502975,0.06524102527454734,0.9976003998913572
46.348389866,0.022127214743339615,0.06337607527098311,0.9977443858278277
46.357961087,0.022379842725634685,0.06268647841343829,0.997782314968399
46.378392967,0.02250417376252148,0.06049952479592548,0.9979145101975087
46.378726989,0.020742121220174645,0.06074358171512874,0.9979378646427368
46.38787495,0.020492957123671565,0.05962344021532815,0.9980105631130448
46.397837542,0.021272914115237143,0.05775440342000465,0.9981041488795872
46.408349389,0.02345964301061699,0.055227632501115,0.9981981535537602
46.438441343,0.025372132738084304,0.053867205076131845,0.9982257155060709
46.439230465,0.025004186652520497,0.0544973996854432,0.9982007934666106
46.439590684,0.025045900402059642,0.05289798714377878,0.9982857836457388
46.447937795,0.026211445893327485,0.05150584739108984,0.9983286572009775
46.457743084,0.02777190041485467,0.05022361196246597,0.9983517968876459
46.468179437,0.028046699195142664,0.04988987779267122,0.998360847969355
46.478558466,0.027548055407094752,0.048682222042462385,0.9984343473159846
46.487579166,0.02761761562089044,0.04696448243752811,0.9985146992892954
46.498231923,0.02668597589676668,0.0466694517585785,0.9985538648280277
46.510516724,0.0280141768161872,0.04425730958796814,0.9986273060783718
46.518106629,0.027961277272483175,0.04342173523907577,0.998665469455172
46.528535925,0.027041729825373173,0.04295466414407812,0.9987109900648541
46.537546238,0.025426567539438446,0.04241768271977219,0.9987763662881931
46.549747092,0.029148845091508467,0.04595182923692948,0.9985182893766201
46.557900139,0.0285137812034429,0.04420388369047515,0.9986155320983954
46.594133641,0.025059913228562183,0.042163672116647094,0.9987963884108798
46.594670329,0.024278591194726567,0.03920626213670587,0.9989361436142289
46.595018773,0.023671896054317004,0.03816558546311244,0.9989910056769539
46.597710544,0.023110409689639747,0.037054930840863774,0.9990459654412083
46.608477222,0.023890126268630914,0.03577204582084398,0.9990743829188398
46.617662177,0.02522237691828824,0.03508428608151132,0.9990660261327791
46.628928153,0.024228038836868228,0.0357039890128519,0.9990686799728483
46.638009615,0.023119163532780488,0.03171610126917348,0.9992294997636069
46.647792993,0.023881244765989285,0.030261217433418013,0.9992566961836555
46.658321128,0.022960670471101806,0.02920411368958802,0.9993097254380762
46.667601079,0.01995048734369329,0.02836002451147413,0.9993986627289722
46.678570648,0.020308661064208908,0.026444921740836666,0.9994439576083795
46.68828348,0.01777002425126531,0.027479280802085993,0.9994644142563105
46.703730532,0.018323190744287315,0.02691762982306058,0.9994697103392665
46.707796746,0.018504603320584012,0.026250327782851607,0.999484116905937
46.718587545,0.018600741960812742,0.026132699030578545,0.999485414820989
46.729171614,0.020202268718265665,0.02238980842869925,0.9995451789774995
46.737827559,0.022314846888244196,0.020767027544525158,0.9995352811058344
46.751338673,0.023210943406743265,0.020483841709715817,0.9995207173115425
46.758212869,0.02611313634444547,0.01720403550732468,0.9995109430479086
46.76911632,0.024747367975867726,0.01452100957463236,0.9995882692685026
46.803479614,0.026803501079099123,0.012518930973044165,0.9995623285704575
46.803911637,0.025798357666248273,0.010816629737281602,0.9996086460524695
46.8041913,0.0264071085506399,0.010394742484239007,0.9995972258598366
46.807700491,0.027753627561666855,0.00760175581779865,0.9995858889888627
46.817936171,0.026557497448611463,0.004980457978174009,0.9996348805276829
46.831316305,0.029765008447256474,0.005933328473255365,0.9995393138268066
46.839457434,0.027984287021059498,0.00606331049728234,0.9995899739121721
46.851388236,0.02912716872478909,0.0053284559572965165,0.9995615116635839
46.858548787,0.030939880168958572,0.005051330064337141,0.9995084831454467
46.867682465,0.03292356243810822,0.002975862005405739,0.9994534422781829
46.878451791,0.03325582036164232,0.002798007041605004,0.9994429556351225
46.887647663,0.03493687616838717,0.0038492892810262805,0.9993821079325095
46.914397652,0.03669133155783431,0.001976755061657006,0.9993246912930449
46.914944676,0.03663430641253622,0.00038520517023802627,0.9993286642594864
46.917777299,0.03720169132288113,7.097511138139414e-05,0.9993077749748825
46.927818729,0.037092476154143766,-0.0005371492628788616,0.9993116929584203
46.938053018,0.03708298070577331,-0.002300832244600153,0.9993095409896563
46.950675089,0.038262898157202914,-0.0027051927023779036,0.9992640454639878
46.957740831,0.037708045183811975,-0.004184005649735123,0.9992800395410381
46.967921778,0.03914727159124746,-0.005590009231735876,0.9992178155556227
47.005291226,0.037828347648390416,-0.00840786964573827,0.9992488798303518
47.005555936,0.0379323893955833,-0.009147679757510034,0.9992384369057246
47.006008585,0.038944934220661614,-0.008779105030919346,0.9992027919363539
47.007809649,0.039088202588271934,-0.009728650023473734,0.9991884035491699
47.018171684,0.03873720087950304,-0.009897060071568636,0.9992004190701488
47.02787208,0.038965081428836805,-0.009900527274475077,0.9991915241778885
47.038321411,0.04032967929612706,-0.010014989308909,0.9991362354338942
47.05108329,0.04180605887891734,-0.009653915599163603,0.9990791036522667
47.057776844,0.04189911353414933,-0.009757218434741166,0.9990742019357068
47.067900885,0.041741292943861134,-0.010336135762048759,0.9990749865555053
47.080598091,0.04298332063684269,-0.01099733628339469,0.9990152615159092
47.088061717,0.04374559276541833,-0.01137842395749349,0.998977904951779
47.098643466,0.04172087559338892,-0.012499748790031963,0.9990511122159402
47.107950398,0.04193893822883095,-0.015922314883310876,0.9989932959479735
47.117800458,0.04110873413911013,-0.01992196458373603,0.9989560487351806
47.129666397,0.03938110601328394,-0.019870675861994813,0.9990266686780479
47.137894195,0.03832350644320739,-0.018950253808494046,0.9990856803770591
47.147982704,0.03612958876680584,-0.018114321454541546,0.999182928283797
47.158633707,0.036318413096154564,-0.01826433269661505,0.9991733518370697
47.167577996,0.0373472746933503,-0.018023980721819207,0.9991397886141453
47.178946059,0.036670805831827843,-0.01864563943484028,0.9991534377310175
47.18764618,0.03755010398751258,-0.020388808517685954,0.9990867260542281
47.199556821,0.03555059973995893,-0.025898388315402598,0.9990322458963944
47.207716241,0.03174665581866062,-0.027195934204873425,0.9991258834636683
47.219047268,0.03649147680496222,-0.02599854444405166,0.9989957196141451
47.228298741,0.03969632610212738,-0.026111567886748517,0.9988705560364113
47.238222154,0.03756579040737352,-0.02965244821958647,0.9988541153269851
47.249048989,0.036890850103481636,-0.030531414337558245,0.9988527909142523
47.25807892,0.03723465496849901,-0.030353579333070972,0.998845453857126
47.267936746,0.03683303053746546,-0.030828149243579298,0.9988458104610751
47.27946828,0.03413630246500992,-0.03484146153951058,0.9988096842801477
47.287916099,0.03316076180520447,-0.0372930036181732,0.9987540216477897
47.302915338,0.031609922294409586,-0.03890854728531114,0.9987426784516061
47.308455045,0.02755167238406962,-0.03992630319421102,0.9988227048190709
47.318673208,0.029696568829693445,-0.03930497951397089,0.998785879147853
47.330270523,0.029730429927191663,-0.039260194415255086,0.9987866332059219
47.338231946,0.03057648596109606,-0.038935629821740585,0.9987737958299945
47.354312002,0.027394962803502215,-0.04384138221672648,0.9986628305981562
47.358563608,0.03220910935885634,-0.04207858242722745,0.99859499606959
47.368728932,0.03161714731638461,-0.04289636979424185,0.9985791192760091
47.37891273,0.029640605592412616,-0.042708851222843125,0.9986477800142252
47.388271972,0.030497392039004284,-0.04290287675750649,0.9986136651602308
47.399275495,0.03134360931546344,-0.044367342809499784,0.9985234684508442
47.40817776,0.029303625864959097,-0.04716245791504718,0.9984573100912117
47.448711164,0.027108708891149545,-0.04932067155316289,0.9984150385785463
47.449018785,0.025598231325615114,-0.049361516566658166,0.9984528888411511
47.449298578,0.025914865949588514,-0.04920333257624072,0.9984525285591733
47.449681915,0.028566128613379448,-0.05012443613473444,0.9983343714398593
47.463160966,0.029233451951902443,-0.04997353119345583,0.9983226189298892
47.46868074,0.027074838907995814,-0.049787898693170615,0.9983927675227946
47.479395737,0.028470755759992014,-0.04736801024011778,0.9984716759489711
47.488118032,0.02804437279735058,-0.04667055303610869,0.9985165860583926
47.501732791,0.02830536606152172,-0.04699979063667039,0.9984937786146854
47.507855072,0.02803505312959563,-0.04834591281275232,0.9984371329784978
47.518868264,0.02823314578720722,-0.047836583604628634,0.9984560835349725
47.528373926,0.02721495724288164,-0.04719719257304268,0.9985147826224163
47.537871243,0.025547868103482255,-0.04347376563318113,0.9987278598983
47.58623215,0.02519597275553023,-0.04236197814967705,0.9987845742522004
47.586541731,0.026052336052887363,-0.04248782918583508,0.9987572578746363
47.586793341,0.025375876765822807,-0.04576760571554941,0.9986297567894881
47.58704146,0.024319920041356736,-0.04614639201875747,0.9986385992904707
47.587774406,0.02386798550791938,-0.04612398545473142,0.9986505380930636
47.598295648,0.022771618909938358,-0.047398596809134254,0.9986164560995107
47.607922643,0.020278659439558328,-0.04877483237707276,0.9986039213311366
47.621212168,0.019315868500037706,-0.049123269842640836,0.9986059290751564
47.629233815,0.02071335744619619,-0.04742905435331277,0.9986598227757321
47.638137323,0.020412929413758718,-0.04828233183898606,0.9986251192238953
47.64992459,0.02282338013811089,-0.047160535640321306,0.998626545409839
47.659030078,0.022320990700246696,-0.04803231998029305,0.9985963496886368
47.668059991,0.022080139205212467,-0.04890529606825424,0.9985593319723945
47.679245678,0.020461533480547283,-0.049666848377650376,0.9985562226634291
47.688692748,0.019768813145025068,-0.0499352748818398,0.9985567897467386
47.703002676,0.019799704895097272,-0.048539832218056064,0.998624982851075
47.707761602,0.019964295780244386,-0.04833496649932277,0.9986316427529764
47.757302109,0.019216306416095823,-0.047397627490613076,0.9986912428153076
47.757913633,0.017307261745505308,-0.04794387684062693,0.9987000767819953
47.765484691,0.016390902637087583,-0.04880466582352936,0.9986738421049163
47.769476968,0.015979409122032558,-0.04708742481257166,0.9987629513095845
47.770124308,0.014802538425367136,-0.0480852688948196,0.9987335439302509
47.770470702,0.013871985276008155,-0.049581455455640785,0.9986737441724413
47.778996417,0.012086458704834074,-0.04865606188988357,0.9987424618776075
47.787893886,0.014146220694314109,-0.048437160899238996,0.9987260514696155
47.798671603,0.013450377768878677,-0.04941425303340182,0.9986877985311653
47.808434747,0.012133467540306678,-0.049653393006813776,0.9986928053852993
47.818149601,0.011216852569159223,-0.05047567975878229,0.9986622992640358
47.829872834,0.011380712116312867,-0.05184190670443313,0.9985904546414284
47.837964061,0.012743666059691199,-0.050463002210785285,0.9986446236691177
47.847911033,0.013242487760404539,-0.04912389463109012,0.9987049011065228
47.858459873,0.014731977465755693,-0.048774962234586064,0.9987011424339932
47.867763439,0.015801251265713672,-0.047756407678620987,0.9987340216414334
47.878524065,0.01620625682733014,-0.048954326725973864,0.9986695304926717
47.889336032,0.014334330811012343,-0.049289075816891924,0.9986816880094065
47.900509095,0.01574810598129253,-0.04456597705141245,0.9988823108091638
47.908353386,0.01823123679475612,-0.0409242187760799,0.9989959110639548
47.919052769,0.017874723899868803,-0.03996143985468198,0.9990413292603284
47.927866537,0.01509804698012336,-0.04191773172151641,0.9990069833313023
47.93900157,0.011681536327689932,-0.046142439601518544,0.9988665661521788
47.947899007,0.012465910900980117,-0.045451119750293874,0.9988887809855777
47.966292543,0.014467494941692282,-0.04479541997818186,0.9988914164908469
47.967942722,0.015295674864287071,-0.043822417490348695,0.998922238242671
47.97838082,0.014578840174660894,-0.046180978764578405,0.9988266989921261
47.988105085,0.013935775331491434,-0.04801435925766699,0.9987494257675374
47.998239313,0.013192823321832978,-0.04825885155462863,0.9987477322424453
48.028896547,0.012406330351631701,-0.04852387737081954,0.9987449705966523
48.029434573,0.012905858365715141,-0.04879968183331445,0.9987252023819222
48.029665304,0.01273073948551874,-0.048119993229618706,0.9987604289937269
48.037935025,0.013484578209014926,-0.04731533305798809,0.9987889794186441
48.050324917,0.012233128953801515,-0.04840352736092762,0.9987529469768887
48.091945482,0.011838334249372837,-0.04792357133994402,0.9987808494120348
48.092180493,0.01246049793725447,-0.045864177669557964,0.9988699681128926
48.092421705,0.013018567632180325,-0.045307536353014245,0.9988882540336665
48.092675174,0.014332474261858666,-0.04267320944572521,0.9989862748692468
48.098741353,0.010841514873896367,-0.04507085030684855,0.9989249621507398
48.220611956,0.01057434237988759,-0.045677923216797,0.9989002505825261
48.221589109,0.011143606700959752,-0.04658088335352104,0.9988523621315114
48.222285859,0.012897737087415906,-0.04596630643619386,0.998859723409968
48.22267589,0.014656444683864652,-0.044504191043249965,0.9989016796506126
48.223020704,0.016116025697705382,-0.04229042005309453,0.998975372112568
48.223279055,0.016006841935778837,-0.041022563965909406,0.9990299946732861
48.22353447,0.016604906721040837,-0.04020946344580167,0.999053289931116
48.223792455,0.015198730243767793,-0.03967733881592361,0.9990969459384127
48.224094293,0.012690883726832478,-0.039635720190494654,0.9991336002533459
48.224383661,0.012491379550048094,-0.04115778971940365,0.9990745726833157
48.224679133,0.011317381412902016,-0.04200603060232998,0.9990532569743171
48.224971532,0.010618915427119475,-0.044365297343335254,0.9989589376079424
48.228370769,0.008743585756668481,-0.04506222110664326,0.9989459174234869
48.239118963,0.006694397108248151,-0.044340386358430385,0.9989940516264061
48.248070806,0.004406433564144582,-0.045737641477343986,0.9989437679345794
48.257921777,0.0060353075882402345,-0.04504438672634284,0.9989667553461241
48.268618933,0.011802241082692087,-0.04011086727067308,0.9991255303675411
48.278938014,0.012890934972496814,-0.04032551140282799,0.9991034365498077
48.287651768,0.01236262045583346,-0.040712674945578904,0.9990944118121372
48.300990256,0.012759830578058632,-0.04053001084385786,0.9990968446274946
48.307719498,0.01320966691984656,-0.03944966552460209,0.9991342395243312
48.322544274,0.013342091663297405,-0.03911993716324654,0.9991454444205767
48.330865612,0.01307121656132967,-0.0390751669454086,0.9991507767228105
48.337835296,0.013493304286234414,-0.03751812221455258,0.999204844486321
48.350896038,0.013365585574442763,-0.03631038571092482,0.9992511781387982
48.35765452,0.012498803605699568,-0.03669450582419924,0.9992483640971068
48.367896011,0.010417583733833464,-0.038030593087384504,0.9992222715385053
48.37899048,0.00875785383983582,-0.03971173983169008,0.9991727967252012
48.387659431,0.008204431920365714,-0.04047128572831345,0.999147017374501
48.420093371,0.010319853149004172,-0.04149493246005919,0.99908541737487
48.420374651,0.009104859720507289,-0.042994728392104935,0.9990338106690679
48.428403879,0.008392042789895816,-0.0447328477354757,0.9989637360541609
48.428706921,0.005562751813626945,-0.04489789779956434,0.9989760930900399
48.440448145,0.0024924204284353314,-0.04285726181878474,0.9990780965218906
48.448075515,0.002242668352958419,-0.04161209889749054,0.999131324533469
48.458030307,0.004435423560576908,-0.03890801924681051,0.999232952347013
48.469123458,0.004358429485605365,-0.03767819066655669,0.9992804201226569
48.478974404,0.002693036096873349,-0.03787662149921988,0.9992787944814929
48.488127831,0.0008890408204411591,-0.039927018139965284,0.9992022031745479
48.498060341,0.003121234842821105,-0.038705317555654935,0.9992457937294367
48.507735097,0.0007738511757220465,-0.04005458176128906,0.9991971935680596
48.537174857,-0.0035883736232673945,-0.03728284717607932,0.9992983102563443
48.537453743,-0.00825337918062358,-0.03800376499485348,0.999243511651848
48.538035498,-0.006673364731516207,-0.03842112723673085,0.9992393523000478
48.550023722,-0.005902325562064995,-0.036251066136121904,0.999325283757473
48.557776209,-0.011186851347365485,-0.037479249574650216,0.9992347873289106
48.568078976,-0.009197497481043511,-0.034121294623779476,0.9993753765694269
48.580212063,-0.010393726891529932,-0.033742885939390524,0.9993764996685611
48.587931576,-0.014902718368680578,-0.030708005265133873,0.9994172939257456
48.598355101,-0.02171234228454598,-0.03306304360354077,0.9992173984374917
48.608192982,-0.023382447842261532,-0.03218487299684023,0.9992083842137641
48.618429352,-0.030257325147317576,-0.032167421121970186,0.9990243997487205
48.628697771,-0.029430869676140732,-0.024307172099625705,0.9992712270923371
48.637732809,-0.03349621990330017,-0.020256566300939693,0.9992335436592816
48.648089165,-0.03804414412623631,-0.014897575408985323,0.9991650040632107
48.658349768,-0.04501492104938341,-0.015413106024812795,0.9988674051372313
48.667680514,-0.04704901544799416,-0.014660931795779313,0.9987849854819876
48.678169853,-0.048674416287184316,-0.01710508321488101,0.9986682218471328
48.690218494,-0.053660617163315334,-0.01744815763019938,0.9984067808067831
48.698791403,-0.05186648265509015,-0.013073110592941684,0.9985684562194093
48.708356794,-0.05619901161625871,-0.012712898331649958,0.9983386466071345
48.719746394,-0.05813487670869608,-0.012711796269523594,0.9982278028314313
48.749872714,-0.06275267990494739,-0.011185351165635071,0.9979664268321097
48.750283983,-0.06571820230130769,-0.008024078226028361,0.9978059591197616
48.750544658,-0.0636967025577933,0.00013343275436530702,0.9979692942565739
48.758277404,-0.06860646102551538,-0.0004969121576760983,0.9976436771632756
48.76838295,-0.07406233883256391,0.0019084890146713618,0.997251787482144
48.780160866,-0.07952665073100319,0.002218983852269382,0.9968302703741357
48.787901885,-0.08264019466761559,0.0047192878888937945,0.9965682749049963
48.798680878,-0.08478045727320803,0.010152468854118957,0.9963479319197245
48.818160128,-0.08629614314150157,0.007966295509441196,0.996237679379152
48.818485493,-0.09040436210172753,0.0029640244901412956,0.9959007309324568
48.829483197,-0.09218623799302263,0.0032828482607178723,0.995736370949656
48.838438517,-0.08578277119064541,0.011529127041375733,0.9962471557783829
48.848213622,-0.08617504711799052,0.016614777641731027,0.9961414610476407
48.858613283,-0.08894988565449298,0.015411463635975682,0.9959168663250211
48.869489679,-0.09302386103394081,0.012842840729006454,0.9955810477908604
48.87988555,-0.09618293167433938,0.013019430754534645,0.995278522865513
48.887776737,-0.10072952533781455,0.008989667628213245,0.9948732324277062
48.8977613,-0.104220479227109,0.011408503873716579,0.9944887821132199
48.908645246,-0.10765045972626476,0.01445139577129892,0.994083766933645
48.918255942,-0.11138163628989886,0.018477904723234656,0.9936059068536297
48.927884336,-0.11642831627530195,0.022572543581001765,0.9929425599930655
48.937780104,-0.11754268696270427,0.025970092682066046,0.9927281959467418
48.948255633,-0.12001512232600722,0.025290632458055778,0.9924498749674692
48.958315215,-0.12532807725237963,0.025091689943016884,0.9917980037023795
48.968166029,-0.12864448012442523,0.026711138942437908,0.9913309804449341
48.979052831,-0.12981367033994798,0.02768331832487313,0.9911518778065223
48.989682639,-0.13243790625577295,0.026205056491114598,0.9908448395187234
48.997766125,-0.1349662078714571,0.024164770252672513,0.9905554939585336
49.00788569,-0.1361994826098389,0.02586326370573183,0.9903437749222741
49.018197811,-0.13819207760356927,0.027310595525985734,0.9900288283982568
49.02825641,-0.1408388791546431,0.028886163171219992,0.9896110345462552
49.037817764,-0.1436904612615626,0.030645450225149872,0.9891480716874178
49.052232133,-0.1481034309632029,0.03135668905379464,0.9884746490368438
49.05757526,-0.1512197928647974,0.03247357351294168,0.9879666195116247
49.068093011,-0.15437539547238188,0.033003897088923824,0.9874608751994629
49.081241745,-0.1579567297345552,0.03474729991655408,0.9868344829200457
49.087924206,-0.16157732196508134,0.03629073329145472,0.9861925530563294
49.098518233,-0.1651889719066759,0.037149235098895554,0.9855620416249719
49.10897836,-0.16771277131461593,0.038448342162449786,0.9850858598736105
49.119153021,-0.17041022248075374,0.04075428588408485,0.9845300626472199
49.129780115,-0.17124282298474489,0.041480756211155906,0.9843552419936443
49.139273854,-0.17237556031140083,0.04251668949809465,0.9841133051236799
49.148519251,-0.17375789889793777,0.04316142659119027,0.9838421030964203
49.1597628,-0.17362575085942888,0.041585495802648725,0.9839333032158976
49.169512471,-0.17228514113438337,0.03918681459082776,0.9842673537746387
49.179671935,-0.17272884145688244,0.040609757980245506,0.9841318991302686
49.190669155,-0.17170854329267932,0.04022169649180206,0.9843263642164766
49.198138268,-0.17173546149657282,0.040099512773350526,0.9843266532711075
49.208474886,-0.17243528256198581,0.040315770043175755,0.9841954643329719
49.219094917,-0.17351870601576402,0.040665638749539657,0.9839906323170494
49.228812,-0.17402548778825747,0.04234007678284941,0.9838304973409198
49.237967021,-0.1738863157064746,0.042827185854992185,0.9838340212463534
49.253640424,-0.1742880717009275,0.04259697375790361,0.9837729239460908
49.258643309,-0.1748649248856337,0.04276325943674909,0.9836633375739318
49.268318531,-0.17471222258530253,0.04193693049759757,0.983726045776843
49.279195388,-0.17379577262136842,0.04258376651390487,0.983860585778509
49.288241609,-0.17452806777075297,0.0419094062062022,0.9837599073105445
49.319859758,-0.1719143553639899,0.043122088461437356,0.984167638111774
49.320543346,-0.17371677328051782,0.04233219018751259,0.9838853939127937
49.321122968,-0.1747752026707696,0.04231957548212063,0.983698471109112
49.330391271,-0.17505955605447787,0.04259358647952979,0.9836360801764138
49.337812475,-0.174752910191632,0.04275193732856262,0.983683735879683
49.349154614,-0.1753285722159602,0.04332701674089726,0.9835561302666194
49.358021818,-0.17543226713550145,0.042912750098655784,0.9835558019383894
49.370371653,-0.17455444529440728,0.042294473486160306,0.9837387474022209
49.378377185,-0.1765120233360999,0.04419124383430461,0.983305974550228
49.387821669,-0.17506808006475919,0.042497800734242315,0.9836387061696952
49.458713529,-0.1769129802491641,0.04439922732321524,0.9832245450722131
49.459086808,-0.17698499629640554,0.04523353512122143,0.9831735545601288
49.459344818,-0.17611310055338159,0.04547199435282386,0.9833191107382443
49.459598714,-0.17583353258129086,0.04589085370812048,0.9833496826490178
49.459942223,-0.17594926373913986,0.04612124142979929,0.9833182026580352
49.460201145,-0.1763373494534716,0.045964449347166245,0.9832560239245606
49.460532327,-0.17528038148695252,0.04441276229763049,0.9835162908721353
49.531426136,-0.17704657375069022,0.04450657083319608,0.9831956447603963
49.531864621,-0.17703012022196127,0.045256797055517585,0.9831643600408193
49.532218862,-0.17646962245676245,0.045894591274343456,0.9832355561317586
49.532718458,-0.1777995427114756,0.04579023266348929,0.9830008022398627
49.532962794,-0.17631216776291733,0.04349557042122815,0.9833728463062588
49.533230888,-0.17725500936002864,0.04455192877087164,0.9831560340554144
49.533455418,-0.17702486715409974,0.045011795333006345,0.9831765531632521
49.566266441,-0.17787323123457327,0.045637007556238895,0.9829945967051313
49.56652572,-0.1782400561536211,0.04651857923733088,0.982886821647383
49.566783541,-0.1783649910521559,0.04662706995918343,0.9828590164993075
49.568056038,-0.177019979020961,0.0462521631663478,0.983119862697246
49.581533785,-0.17497875891412315,0.044825251599284334,0.9835512852657629
49.587673321,-0.17411432602772714,0.04451649415466025,0.9837187012658084
49.64729533,-0.17713811865349663,0.04592730788855066,0.9831138129992938
49.647868898,-0.17536860545479074,0.04520408545955276,0.9834645102283088
49.648181737,-0.1736301362064435,0.0468673806701376,0.9836950871230639
49.648539736,-0.17301715158839445,0.04702214896775597,0.9837957017403017
49.648800492,-0.17305527405596374,0.04649496421741909,0.9838140527680199
49.649056648,-0.17345631022738148,0.04675802122169256,0.983730957067904
49.659438825,-0.1753146810771292,0.046157811313911154,0.9834298241631346
49.667706691,-0.17482338646785936,0.04604700293558457,0.9835224741024274
49.678619276,-0.17502989288253512,0.04536573207195387,0.9835174055150748
49.688006222,-0.1753652655483554,0.044475675898497186,0.9834983161615106
49.699485255,-0.1755435819094435,0.04736602095749403,0.9833315366187829
49.707976468,-0.17474813936522454,0.046125755211421565,0.9835321563093746
49.718821179,-0.17464242105492545,0.04599559197188815,0.9835570295042529
49.728377179,-0.17464747357165017,0.0457868947338991,0.9835658698052036
49.738662006,-0.17438507084963178,0.04478964460497627,0.9836583425157991
49.75150347,-0.1740316443063739,0.04546124808259513,0.983690124837488
49.757714752,-0.1738554851065071,0.04525132012153155,0.9837309532212757
49.768176461,-0.17421175642366504,0.046421955722700026,0.9836133721898364
49.778662846,-0.17540050969101176,0.045756378666544535,0.983433279389841
49.787716337,-0.1762312256323303,0.045200115804389804,0.9833104823215283
49.800808116,-0.1763906353445538,0.044406304784999885,0.9833180685099234
49.809071156,-0.17747322668102739,0.04469649005464341,0.983110104509266
49.818122055,-0.17761369529894178,0.04393700860271072,0.9831189727175954
49.829661045,-0.1787086254537824,0.04495107413958159,0.9828746756947793
49.837705678,-0.17923574477922,0.045484725631153064,0.9827541338135888
49.851240911,-0.1801891766428418,0.046263715994432075,0.9825433981271063
49.857751959,-0.1805176463253205,0.04565860201909438,0.9825114103290754
49.86767722,-0.1812425658177581,0.045437030774089775,0.9823882168319356
49.878338094,-0.18153493524796607,0.045403762571890674,0.9823357703091302
49.887904181,-0.18099162221197926,0.045214344456362104,0.9824447545508388
49.897821152,-0.1813795335892569,0.0448192916345559,0.9823913150533856
49.908085405,-0.18082887656594496,0.04397903589733524,0.9825307943273022
49.917755741,-0.18078606051243806,0.04348894248571399,0.982560487810225
49.927900659,-0.18031345124931922,0.04186199655027354,0.9827179822021088
49.938769307,-0.17960681595956307,0.040653588027801786,0.9828981012502434
49.949826981,-0.17861477395782308,0.04080663796556431,0.9830725206320962
49.958024722,-0.17958236214449316,0.04030453023257376,0.982916944634355
49.968441909,-0.18045634097550323,0.04000710013916831,0.9827690170839675
49.978975928,-0.1808390988134447,0.03899869600495392,0.9827391933011802
49.988510807,-0.1819244388290169,0.038846128608687316,0.9825448981338536
49.998339218,-0.18344521718204365,0.03875582484803032,0.9822656658630504
50.008462644,-0.18320391611859743,0.03776331086830474,0.9823493561208629
50.019424227,-0.18371678841958483,0.035495173483030135,0.9823381466237598
50.028719569,-0.18648704049656406,0.034959276454969504,0.9818352370518069
50.038562441,-0.18776292766506875,0.03338223254295427,0.9816469373176337
50.049426386,-0.19004567387962695,0.03426644302624194,0.981177075110282
50.058373887,-0.19119801718769863,0.03414502996964093,0.9809574074096514
50.068244819,-0.19090676369101475,0.03242945701007548,0.9810723408062499
50.079596679,-0.19234152656474285,0.031610696224379654,0.9808187911347103
50.088122805,-0.19079632857440187,0.029537989455451816,0.9811851345090071
50.098158488,-0.19163782053002712,0.02849774420251338,0.9810518968524903
50.108069276,-0.1918590825440413,0.02753634412600339,0.9810361064698553
50.118067038,-0.1906491321472878,0.027446098596956056,0.9812744876349799
50.129822557,-0.19149962727229342,0.025822745492374403,0.981152933323755
50.138183927,-0.19448482852093094,0.026883466552184467,0.9805370623802661
50.148413219,-0.1947791913847168,0.025740611483014857,0.9805093000701198
50.158507664,-0.19587630579233314,0.025390492255002225,0.9802998499093005
50.168536082,-0.1966077498896639,0.02613560098455483,0.9801338291501316
50.178315781,-0.19693997287135812,0.026138632941230568,0.9800670481928225
50.18963132,-0.19824369417478838,0.0261340692650167,0.9798042907354428
50.198749147,-0.19796359273557895,0.02500715457090476,0.9798903296652584
50.208013913,-0.19736694841908736,0.02336321017138351,0.9800512476815818
50.218749434,-0.19602184698797542,0.02029623634205148,0.9803894625574932
50.25922572,-0.19606828643061894,0.020087287558357713,0.9803844796480149
50.259512097,-0.19709166171877998,0.01960955557912711,0.980188931895744
50.259780236,-0.1984724099044061,0.02043452869469014,0.9798934291767465
50.260099842,-0.19799439757048976,0.020504010892230938,0.9799886754794823
50.268078349,-0.20015385658805304,0.0200830679457025,0.9795586271759428
50.279157321,-0.20179816749965743,0.02002800191958634,0.9792223336571166
50.288146938,-0.2023160092117878,0.018926236599436742,0.9791373907602539
50.299497045,-0.20342968869460695,0.01857485710990023,0.9789133447047099
50.307715519,-0.20352401091659397,0.017704591542281257,0.9789098653189389
50.318137198,-0.2042027994403198,0.017391543915388403,0.9787741061659609
50.329914974,-0.19962625822459745,0.019908033749079894,0.9796698562370345
50.337681229,-0.2026135354670853,0.01998839494044771,0.9790547580770101
50.349099128,-0.2064819535129081,0.016088810693234337,0.978318124662919
50.385890493,-0.20731898699023213,0.014453336972304397,0.9781666211253116
50.386380818,-0.20723158477240863,0.013104299912409014,0.9782041441317461
50.386638515,-0.20825568041883472,0.01132510310872495,0.9780088515002637
50.387832097,-0.20814230274521017,0.009027228402543268,0.9780568955614442
50.398040493,-0.2081786021407129,0.0063605282567894186,0.9780701474286154
50.408208081,-0.20843112492853297,0.006571963228389568,0.9780149668897461
50.437512513,-0.20855078822591738,0.0059337586680333464,0.9779935374216019
50.437771447,-0.2113891255207916,0.006376548501747992,0.9773811831832859
50.438968786,-0.2115444964403466,0.00932610601259733,0.9773238714839836
50.447838117,-0.21147902428959878,0.008299044849503534,0.9773473016999152
50.458058177,-0.211271031667936,0.006306990941295504,0.9774071685041157
50.476541281,-0.2117786217552344,0.0036938827271369994,0.9773106827400648
50.478717407,-0.21228046134318573,0.003969085030753379,0.9772007225211937
50.487951881,-0.21215618969132852,0.003822798410642031,0.9772282933828557
50.498114621,-0.21131215533321585,0.004820360572063859,0.9774067408875315
50.50798894,-0.21089805322273406,0.00613827759407588,0.9774887890380323
50.518394637,-0.2116800281671766,0.006393232233126371,0.9773181121092338
50.587866614,-0.21377675111814526,0.00893043420245973,0.9768417210717026
50.588208465,-0.21511692803737123,0.011077161559618827,0.9765254752250688
50.588638333,-0.21548763153803363,0.008133901775738429,0.9764726930621416
50.588893731,-0.21725323606052507,0.006050473216035971,0.9760965235032302
50.58915668,-0.21749803534429052,0.005177790580306435,0.9760470250485271
50.589434651,-0.21513170368325385,0.005836487529345055,0.9765676041542953
50.589691664,-0.21478370120976298,0.005282098685508337,0.9766473576107764
50.597897146,-0.2145596417209863,0.004492190279175057,0.9767005581912288
50.607905202,-0.2132367599552519,0.0042794207178997795,0.9769911825406131
50.619371457,-0.2138618317083603,0.004490896917576428,0.9768535963916092
50.629164575,-0.21372153378824993,0.006462890539508287,0.9768732451250123
50.688302787,-0.21529086336922656,0.006490267505406951,0.976528402340373
50.689332272,-0.2163245942519975,0.005292769041580326,0.9763071527534668
50.689759598,-0.21732397192595013,0.007698379222020931,0.9760691707987109
50.690101289,-0.21749282008042584,0.004324774454357669,0.9760523395491569
50.690356833,-0.21652474294824373,0.002661118694250719,0.9762735037572678
50.690612591,-0.2150082595014771,0.0033633389290036405,0.9766064387957896
50.697793976,-0.2146153365881228,0.004953873397754374,0.9766860889966262
50.707851711,-0.21425736332310585,0.007269118686066026,0.9767501943564478
50.718976718,-0.21442061352942007,0.009398082650102928,0.9766962048335035
50.728695947,-0.21476587622046742,0.011164879909630426,0.9766017427118685
50.750887608,-0.21252302933610287,0.011537001639650884,0.9770879487512742
50.751240924,-0.213028486953623,0.010944792406515707,0.9769846852768106
50.757848546,-0.21429371739834246,0.010624236299380575,0.9767114867178815
50.76904691,-0.21593895827005816,0.009666661324319197,0.9763590128431668
50.77855969,-0.21491386902867798,0.008560370056446559,0.9765954889121806
50.787817969,-0.2167577850865808,0.008685931930933121,0.976186773722555
50.818428176,-0.21796707898153025,0.008454364081623119,0.9759195029346606
50.818922995,-0.21817652847375976,0.006019787045186405,0.9758907544326206
50.819219253,-0.2177714091009969,0.007078535160633766,0.9759741327095437
50.830582528,-0.218042698925563,0.006973309272222715,0.975914317142161
50.838053377,-0.21933660114612766,0.008974400250994389,0.9756079722602718
50.848584416,-0.21887821208469815,0.006826825696904467,0.975728303743163
50.857910551,-0.21843885076636577,0.007392605512590122,0.9758226364763244
50.869675592,-0.21816373695384694,0.004474819596535319,0.9759019212338457
50.881577847,-0.2213277509299851,0.0038033868158918746,0.9751920636043975
50.888323707,-0.22342530770264318,0.004831646352051138,0.9747090781723069
50.898372693,-0.2205990711106447,0.00738630934393263,0.9753366045932021
50.908192884,-0.22058662169928384,0.008865816812095126,0.9753270936560471
50.917984697,-0.22057558096866686,0.006815053608977904,0.9753460760799944
50.928036578,-0.22023263608280347,0.0030530049756313034,0.9754425996257484
50.938598334,-0.219567580007349,0.002140420078897147,0.975594944847298
50.947851959,-0.21681080029792865,0.005577716242430887,0.9761977084359965
50.957871889,-0.21765468251511214,0.006242115750189335,0.9760058786555577
50.970583933,-0.21737113296574953,0.008370517378772195,0.9760531363568267
50.981709964,-0.21875966364015148,0.010149013268781466,0.9757259897603004
50.98832659,-0.21798744847289855,0.009656267295371074,0.9759038010020228
50.999314468,-0.21741876425108256,0.009237915340784516,0.9760347032107458
51.009003807,-0.2167062859378355,0.008881655473019478,0.9761964463319296
51.018901179,-0.21714970598290384,0.008942782009791454,0.9760973475230141
51.029570629,-0.21545719194234758,0.007741822161587117,0.9764825971976852
51.039214521,-0.21544594195767383,0.008249205326582335,0.976480924906089
51.04992381,-0.21534520666116228,0.012388121224889715,0.976459408485872
51.058999059,-0.21473329028371727,0.013189626739409125,0.9765836614394098
51.160072411,-0.2142742242332478,0.013708434839374966,0.9766773446965453
51.160731963,-0.21477501001850996,0.014543805687024638,0.9765552584404464
51.161548503,-0.2158304124273049,0.01431913877392202,0.976325865342219
51.162092586,-0.2150663920536531,0.013643173805453374,0.9765041273940109
51.162488407,-0.21315595930192377,0.012114829341125196,0.9769430730212032
51.162936851,-0.21353040531786854,0.013226884998510624,0.9768468741404781
51.163260322,-0.21268720549591608,0.013367192994818136,0.977028899659461
51.163517435,-0.2134694018653666,0.016663437318451,0.9768076291286719
51.163772995,-0.21234835336625346,0.01782834044561352,0.977031384910227
51.164029065,-0.21210506297841855,0.017621062809708574,0.9770879901034386
51.168003351,-0.2119486421478714,0.017626199884423373,0.9771218399817434
51.20196874,-0.21158256493151362,0.018055689286089478,0.9771933331236997
51.202213412,-0.21073606392721395,0.017299789968669425,0.97738990614161
51.202480249,-0.21021540594420943,0.01663727113430933,0.9775135212941634
51.207886086,-0.20875687880441696,0.016631724799497042,0.9778261355077557
51.21844817,-0.2082672608155729,0.017441716704354137,0.9779164251564566
51.22888835,-0.20749060889662532,0.017726941464177075,0.9780763787997508
51.238360411,-0.20661264556210426,0.01770897554811554,0.9782625449637048
51.248816603,-0.2060618428177016,0.01718044504234729,0.9783881383391357
51.257964637,-0.2060364689646233,0.017258301312461033,0.9783921118306291
51.268434749,-0.20564087170382314,0.018675730243635003,0.9784493083367982
51.278596119,-0.20523896260377783,0.019000998548292836,0.9785274294998035
51.287704299,-0.20399023245956338,0.02192545245984508,0.9787273673477841
51.299274194,-0.2025055126767489,0.023407370648856975,0.9790013341843994
51.307818241,-0.20364685769272187,0.02245838881986262,0.9787867888991434
51.318020258,-0.20230860978277895,0.022287328613372497,0.9790681801544971
51.330504801,-0.2016385456200815,0.02205752254534826,0.97921160257596
51.338044615,-0.20159446241765283,0.02220302980595351,0.9792173906696988
51.350587036,-0.2016420110870895,0.021959717971593917,0.9792130872038844
51.357969453,-0.20039300913432867,0.020831195228228797,0.979494105748193
51.369760419,-0.19997160478562112,0.02090566171816583,0.9795786393075285
51.378487168,-0.19978256660799304,0.0211247721888514,0.9796125101689402
51.387820716,-0.1992902468871997,0.022235626832453937,0.9796882026415379
51.397808363,-0.19995437146328765,0.0244127457001,0.9795010296983377
51.408350929,-0.20053013171334727,0.024398310890557016,0.9793836779836161
51.418204849,-0.20007811415247898,0.02504613879787518,0.979459769040314
51.435714372,-0.20026347318812884,0.02546203416219125,0.9794111629560647
51.43887213,-0.2003022466866086,0.025060079989126703,0.9794136012753937
51.447846509,-0.2009496392978598,0.024902264447067356,0.9792850043227805
51.458062975,-0.201189356625253,0.02463906340536415,0.9792424415512347
51.469052235,-0.2006835691142625,0.02388564665027514,0.9793648865319091
51.478756726,-0.2015059139638212,0.024541382022194715,0.9791798033078736
51.488150519,-0.2007616764719698,0.023330753382906116,0.9793622543302097
51.497971156,-0.20094956354298324,0.02278791712532371,0.9793365017934204
51.508440719,-0.20218015352779756,0.02119585047300281,0.9791189516305987
51.518804549,-0.2024125612311865,0.02114499249255081,0.9790720322572397
51.533856559,-0.203540216213434,0.02018346600366569,0.9788585230174315
51.537924968,-0.20371653794716743,0.020660849423662652,0.978811882573926
51.549975616,-0.20201940809684674,0.019315366474201835,0.9791910310915676
51.557986618,-0.2002016793323197,0.019902616998137633,0.9795525373501641
51.57082534,-0.20070465350556546,0.020771560950871956,0.9794315618341465
51.584582925,-0.20170228817884742,0.02140780211387942,0.979212894600592
51.588166636,-0.20033147148269922,0.021500192293533373,0.9794922374704751
51.598151742,-0.20057185437118438,0.021804805207791416,0.9794363081405317
51.608634881,-0.20094956627297608,0.021991974040519814,0.9793546982031096
51.618016872,-0.1997867266892257,0.021949958635776267,0.9795935193511095
51.628419868,-0.19916464775865367,0.02394420811884545,0.9796734751848357
51.637941902,-0.19975879896957927,0.02567744024444359,0.979508596846768
51.652236279,-0.19960679897465555,0.02255789658282202,0.9796163877277934
51.658114178,-0.20190821165269146,0.022628237795895196,0.9791430114755783
51.668340485,-0.2024974894685551,0.023579166766498533,0.9789988711196402
51.762022374,-0.20264685614555822,0.024106961053977707,0.978955109350303
51.762629412,-0.2008045446152623,0.024190593873675677,0.9793326043943887
51.762916814,-0.20092705071986264,0.023878276405250882,0.9793151424362497
51.763183453,-0.20100772733399483,0.02382244850442487,0.9792999461346235
51.763458505,-0.2016308772434156,0.023164084194799463,0.9791876298981043
51.763876474,-0.20133088047951425,0.02325353863353471,0.9792472361494631
51.764183038,-0.20112103482004987,0.0229449991345207,0.9792976342091455
51.764462682,-0.1994455904578677,0.01872055739959586,0.979730063424391
51.76475064,-0.19818486090094217,0.02002740477474697,0.9799600318215343
51.768318937,-0.1997919145519745,0.02042791263296417,0.9796253831261809
51.779824765,-0.2010792827725997,0.021174648251313245,0.9793460860753413
51.787811959,-0.20199684186288605,0.02188274248260669,0.9791416758870293
51.798833721,-0.20247819913291898,0.021303375054234578,0.9790550265879793
51.80808509,-0.2020626570681856,0.020606124928947773,0.9791557946690392
51.818175825,-0.20306562967128708,0.017674914599560717,0.9790055911178966
51.829962932,-0.20229579059065178,0.015319064422252717,0.9792046463199254
51.838025917,-0.2024032863708577,0.014714242862776238,0.9791917078505371
51.848963167,-0.20210296902260505,0.016301458149684932,0.9792286006722035
51.8587975,-0.20075315891122597,0.017139420740060137,0.9794919139246935
51.867826341,-0.20056160694681757,0.017174232049539384,0.9795305444815996
51.87854098,-0.19880400376391597,0.017097852126371948,0.9798901119717974
51.888321911,-0.19922242562589154,0.016932543409781824,0.9798079985902401
51.899470187,-0.19919185345064278,0.01680609005265037,0.9798163913999601
51.907966273,-0.19963009424004388,0.01665775473160656,0.9797297304262094
51.918019414,-0.19982600799590272,0.016114838858188485,0.9796988713359815
51.9287807,-0.19841788317153064,0.015116183679780215,0.9800009411366338
51.938599357,-0.20005282520267878,0.015572501348863925,0.9796613518610224
51.951655731,-0.19874611902051734,0.01354521320650112,0.9799574007952964
51.959820648,-0.1987315806725918,0.014063048382270215,0.9799530547498544
51.97009994,-0.1991241171800524,0.014507766319714788,0.9798668841601279
51.978564348,-0.20004167117553986,0.018350177604703404,0.9796155372263003
51.98820717,-0.20027744914559162,0.01947782018390919,0.9795455874458413
51.997933299,-0.19985870329557648,0.01980055623134636,0.9796246407119107
52.007905311,-0.1968969444815838,0.023335747590606137,0.980146436068715
52.018821826,-0.19673588640030135,0.024571213380100876,0.9801485838766065
52.028045313,-0.19433236723473699,0.021915598543342966,0.9806908980843202
52.038025133,-0.19467978256442653,0.019770090284733213,0.9806675918938085
52.049436453,-0.19464969685792965,0.01882788181474459,0.9806921058005342
52.05801244,-0.19508992248569756,0.01891946782081361,0.9806028634885285
52.069089871,-0.19601298888872007,0.017391415271407785,0.9804470647932849
52.080179473,-0.196732744568171,0.013852474215274895,0.9803592893285553
52.087889194,-0.19611600669761334,0.014514646514757269,0.9804732719220517
52.108469897,-0.19716408039291916,0.01510896097833457,0.9802540715044085
52.108781249,-0.19740485210659608,0.016125316178415,0.9801894197260644
52.118218119,-0.19830539939362327,0.014774561430894425,0.9800289184028502
52.130031615,-0.19859610339350206,0.018316035967169884,0.9799102563721674
52.137818333,-0.19951357165606667,0.015521781559160255,0.9797721209660281
52.147928249,-0.20092404190286314,0.012740587188467278,0.9795239694992204
52.158692838,-0.19884758244719472,0.015931151450590722,0.9799009324255
52.169350201,-0.20022724619787488,0.014860683360924856,0.9796367745088289
52.178337573,-0.19811811407070373,0.015686354191795603,0.9800526267345224
52.188045603,-0.20097377354308965,0.015309908472839617,0.9794769772947214
52.198303652,-0.2027214491137439,0.013120678906571448,0.9791485392187717
52.208566943,-0.20391170833451386,0.012134769540606417,0.9789140731301682
52.218383277,-0.19910567748002359,0.013221856796400883,0.9798888261930923
52.228633156,-0.19739827428714385,0.012239322362221396,0.9802469690320758
52.238067902,-0.19726165511231114,0.014052062087894009,0.9802501614248424
52.247767409,-0.19795178607379987,0.014493699926893353,0.9801045980162638
52.258051687,-0.19611630747478842,0.01625332169858571,0.9804459309295014
52.268118137,-0.19754917157573654,0.017392875200178137,0.9801386701390835
52.278511395,-0.19961810363857235,0.01636515028422095,0.9797371048173662
52.288119811,-0.19946397533809745,0.014318579134296353,0.979800541352115
52.299127569,-0.19903820395663693,0.012543119335113704,0.9799114569812221
52.308031983,-0.19832170397643256,0.009581544715268819,0.980090146737918
52.3182136,-0.19726885181276482,0.008175552927984537,0.9803153372455188
52.330259001,-0.1989227941558364,0.006533570326271304,0.9799933848878912
52.337876953,-0.19996413681753336,0.010812011033461,0.9797435605321585
52.349540888,-0.19967027930868747,0.012082068630744253,0.9797886523012975
52.3609454,-0.19698734847697064,0.013362632909772713,0.980314961928936
52.370063159,-0.19712526875056352,0.014091553399937052,0.9802770305086185
52.37913706,-0.19768976577213357,0.013113521515209918,0.9801769187562157
52.388368655,-0.19706404858387744,0.012068190661001382,0.980316336459768
52.400838185,-0.19693558614117104,0.009592495663516958,0.9803695012280721
52.425805447,-0.194977897481028,0.006768854625531379,0.9807842790853329
52.426073626,-0.19450928537959575,0.00665992318544525,0.9808780675110862
52.428678127,-0.19623507421847936,0.008437978784820126,0.9805205740628264
52.438538699,-0.19829456384490146,0.007486664339266787,0.9801138789990842
52.448049586,-0.19749128713380337,0.00540873700009355,0.9802897209857387
52.457997755,-0.19608691260500039,0.0033309422272706016,0.9805808623101501
52.577091634,-0.19476187158440206,0.002607101856515585,0.980847091241469
52.577710548,-0.19564305859794312,0.00421330020610051,0.9806661214316599
52.577961984,-0.19487715268211298,0.002638872739011141,0.9808241084481865
52.578216632,-0.19573250469154174,0.003107286773329304,0.9806524008924282
52.578472083,-0.19756723940525342,0.004653256272153899,0.9802782937104406
52.578721617,-0.19886798816024487,0.006001946411117699,0.9800079080927738
52.578970376,-0.19663194044450075,0.005853314776033539,0.9804599016294154
52.579225064,-0.19509169162058676,0.0052929529821497245,0.9807707257607899
52.579479956,-0.19575102305019368,0.0035787362752039936,0.9806470973910416
52.579735191,-0.19577526705270867,0.001517292067847126,0.9806476138936053
52.580079161,-0.1957234315216239,-0.00035814522217977196,0.9806590692413955
52.58039089,-0.19414415478097297,-0.00032236124547892344,0.9809729574496989
52.58787395,-0.19669950923979598,0.006359213557002731,0.9804431974713068
52.598068864,-0.19887843870484995,0.004369095791414227,0.9800144272510926
52.608768373,-0.1983585862081602,0.0006812465925400389,0.9801292808505316
52.619079895,-0.19988897121274773,0.004163921664498963,0.9798097064960528
52.628877672,-0.20045170103378754,0.006174403416578271,0.9796841288369994
52.63836848,-0.20237872726045703,0.004860051873094875,0.9792952724527105
52.648135068,-0.20207143939896174,0.0025193243863815525,0.9793675440731472
52.658051714,-0.2006955455451575,0.004685477284541471,0.9796424573797052
52.668400954,-0.19922256843782496,0.00758678837325594,0.979924899605687
52.679042148,-0.19946138442874461,0.007315435414847759,0.9798783804771181
52.688260059,-0.1995988716776364,0.006400865871399147,0.9798567851176573
52.697960358,-0.1999512780647836,0.004791829812701725,0.9797941236644083
52.707884514,-0.2008169391757148,0.002680487260386095,0.979625118056976
52.718091384,-0.2018809311386182,0.0015890760197495289,0.9794087831339925
52.728412455,-0.20278758097978047,0.00034012847798383977,0.9792226924009612
52.738184346,-0.20151572496222064,0.0026463209599806928,0.9794817045653929
52.747989845,-0.20053024812850345,-1.3370341740967126e-05,0.979687511100736
52.758035692,-0.19909605162148103,-0.0019719496964978544,0.9799779965096823
52.770092839,-0.19803276043832896,0.0020119966926161097,0.9801933368792528
52.778846476,-0.19975223537543524,0.002977549506292234,0.9798419151380768
52.78848333,-0.20052321927786199,0.0017211907305316606,0.9796874379274809
52.798934326,-0.19849658165939632,-0.00020294112434903098,0.9801015589643938
52.80786324,-0.19769547561484666,-0.0019100609791778925,0.9802616235416317
52.818405237,-0.19837245686523056,-0.002022742563988117,0.9801246231320649
52.831844225,-0.19709755942202317,0.001038140361814814,0.9803833303022197
52.837894733,-0.19666389278997595,0.0030574983987554233,0.9804661977734034
52.848050072,-0.19731464449356326,0.0028783330725290074,0.9803359864184843
52.857866347,-0.19704126588314338,-0.0039669711977211326,0.9803871697848178
52.868940203,-0.19685246355106273,-0.007541889304262604,0.9804041143832475
52.879286898,-0.1974863369527869,-0.009122929927672852,0.9802631885705517
52.887992316,-0.19756276958881713,-0.00787671324528996,0.9802585931583806
52.89795018,-0.1987844388567152,-0.004882863030609445,0.9800310732405607
52.908657983,-0.19884094772759503,-0.004854926116019318,0.9800197483720416
52.918195985,-0.1981785040476793,-0.004616447927849469,0.9801550739255261
52.927968736,-0.19795165367442705,-0.003434027560709538,0.9802057693475753
52.937763875,-0.19810153258851218,-0.00217517019065615,0.9801790915035499
52.948060714,-0.19850036535569912,-0.0014089434807819689,0.9800998009549446
52.957919159,-0.1983332853359306,-0.0012702788726682973,0.9801338144964911
52.967906868,-0.19868807287942034,-0.0012530965707582271,0.9800619773485993
52.980001943,-0.19794095498831984,-0.0010131329930636896,0.9802134216076875
52.988639435,-0.19605614818833839,-4.042693189633481e-05,0.9805926703393287
52.99919674,-0.19566179770953349,0.0002898495427497833,0.9806713908870373
53.007837294,-0.1944896841635947,-0.0002841750944133249,0.980904522366199
53.020378373,-0.1944318118019264,0.0007643739749811925,0.9809157386299022
53.028099771,-0.19407193296844055,0.0005990509438988271,0.9809871181477663
53.037915505,-0.19379896640888558,0.0012945329363205928,0.9810404093631028
53.048973065,-0.1931617676102155,0.0008586509905708718,0.9811665476626146
53.058098556,-0.19274466499108409,0.0011806774069892546,0.9812482357275021
53.067944182,-0.19511201243715112,0.002028381461973589,0.9807788681814927
53.080082314,-0.19571863449146992,-0.0017807728283227046,0.980658475189466
53.088286706,-0.1963433100362319,-0.004601780174770568,0.9805244149042078
53.098584787,-0.19662374190642834,-0.005917732766215211,0.9804611591274903
53.108018149,-0.19787120280556286,-0.004935591337230626,0.9802156023235049
53.118546277,-0.19767135250165438,-0.0031831343966200383,0.980263181015986
53.130350085,-0.19637277226065253,-0.0037892331325022808,0.9805219916080076
53.138270947,-0.1955067763210645,-0.003088396337486377,0.9806974876181788
53.149242435,-0.1935278175845911,-0.003835962033311332,0.9810872892950069
53.15859122,-0.19196690704620478,-0.0030962310478709954,0.9813965151519604
53.168714326,-0.19060908438134566,-0.0018300514480630516,0.9816643152641348
53.179531584,-0.189793051017574,-0.0026743947616521195,0.9818204751369262
53.18974341,-0.19026592632123956,-0.0014405495881513462,0.9817315325984007
53.199419591,-0.18889221405815873,0.0008989533087026733,0.9819974151448442
53.207853497,-0.18787669761885353,-0.0005165376251277944,0.9821924860640687
53.218870779,-0.18716775793626841,-0.0019042619290905013,0.9823261190539606
53.228376647,-0.18553738609891296,-0.0018195617657172133,0.9826355212155541
53.238159621,-0.18276065610757766,-0.0025767245088977836,0.9831540586652395
53.266808924,-0.18092404506870913,-0.0013843718045415605,0.9834960973133969
53.267439805,-0.1793701659148126,-0.002568306715453125,0.983778301946281
53.268586341,-0.1772284812843031,-0.003633228985518445,0.9841630276883999
53.284342872,-0.17491992894712252,-0.002959164019682453,0.9845782151791895
53.287900337,-0.17302604493324378,-0.0014571626076956496,0.9849161712815431
53.300840641,-0.17146059540180808,-0.0004978226316529468,0.9851908527778185
53.30784665,-0.16935816408094012,-0.004590803631456908,0.9855438786686015
53.318311123,-0.16739493184434642,-0.006238462007546929,0.9858701833327789
53.329463496,-0.1630135148520969,-0.004206758681640798,0.9866148676950697
53.337972724,-0.16140458217550332,-0.003954050646463693,0.9868804012322043
53.350062166,-0.15975169319053933,-0.0035005705605990626,0.9871510231613531
53.358015586,-0.15560251587337767,-0.002729269868918564,0.9878159788846594
53.369421712,-0.15272166276201282,-0.0026669789280005032,0.9882656429050863
53.38548703,-0.14937117000730038,-0.003574526696287364,0.9887747348762245
53.388400681,-0.14703007081860822,-0.004284420479867022,0.9891227436553195
53.422934733,-0.14436606977563224,-0.0037282649699083652,0.9895173257390956
53.423284387,-0.14149020011346747,-0.004619523285005759,0.9899288778879373
53.423647607,-0.13946562471293536,-0.005543262080008223,0.9902113975151685
53.430651176,-0.1365564233711078,-0.007322459933875284,0.9906052315713901
53.442933506,-0.13485990522522584,-0.008042048199802655,0.9908320399661061
53.451612423,-0.13389664241070726,-0.010315995958025164,0.9909416074514851
53.459573503,-0.13203565012485097,-0.008811864104322584,0.9912058000975957
53.469810755,-0.1287334044585179,-0.010229401725985049,0.9916264770148325
53.479346786,-0.1256914169201621,-0.010373893898712655,0.9920151460728714
53.508400074,-0.12500567585092015,-0.009923303973185934,0.9921064000616621
53.509213258,-0.12610028623998537,-0.0067198606875464965,0.9919947385357112
53.509454193,-0.1223404551766439,-0.005487806488220594,0.9924730207955879
53.67437361,-0.1193421958426156,-0.004433620596313428,0.992843282346147
53.674907872,-0.11849997614891489,-0.007189464350193771,0.9929280272280886
53.675267225,-0.11559304131042498,-0.008724003733038433,0.9932583453258634
53.675627626,-0.11181786680031888,-0.009815075905932944,0.9936802448218376
53.675986918,-0.10913488799781328,-0.010715147132437477,0.9939691956210893
53.676369601,-0.10636809139013574,-0.010258589236829275,0.9942739011363467
53.67673053,-0.10355377556129008,-0.008919816802250867,0.9945838589255389
53.677085912,-0.10247754119092811,-0.01142946314612075,0.9946696541684847
53.677469485,-0.10116571854105544,-0.013427727674338115,0.994778967168876
53.677862102,-0.09768641588722594,-0.012557460633656503,0.995138017730979
53.67825623,-0.0970094474862223,-0.01724297381300868,0.9951340849114263
53.678526448,-0.09691466799389666,-0.01864498601883101,0.9951180390405907
53.678802737,-0.09595046957515173,-0.020314166900315973,0.9951787990162643
53.679162648,-0.09296165050978861,-0.018498005223352234,0.9954978429596183
53.679573599,-0.09280581225500098,-0.020065126346664016,0.9954820299314208
53.679979367,-0.08996059165926854,-0.022929731065477618,0.9956813342538764
53.684820234,-0.08826074991818289,-0.02123138431565057,0.9958711103069118
53.688568437,-0.0869789215247668,-0.02207713070007982,0.9959654951404894
53.700237477,-0.08795494194420896,-0.023929361482974615,0.9958369916038509
53.70985853,-0.08834548267243046,-0.026388013760781367,0.9957403016957465
53.718842124,-0.08679346101102549,-0.031104021620672585,0.9957406464359826
53.728294094,-0.08584039578812076,-0.033385640562952484,0.9957493788374364
53.763521872,-0.08577933147242871,-0.031684005033861005,0.9958102380057947
53.763865513,-0.08268696518460883,-0.03297038267052722,0.9960300294946525
53.764116493,-0.08075333625820835,-0.03261896159672889,0.9962002318949339
53.768676574,-0.0787791786694808,-0.03318910060517096,0.9963394625373332
53.779026813,-0.07620823541258913,-0.03609731240735244,0.9964383015983808
53.788162338,-0.07614143098776353,-0.03838245726120201,0.9963580026585463
53.802834885,-0.07689295110624834,-0.04038583916650776,0.9962210889481256
53.808042556,-0.07633492693612029,-0.04419275843907794,0.9961023938487461
53.818679329,-0.07355962173694769,-0.04431715334107276,0.9963056619178982
53.831329327,-0.0716003709575765,-0.04065219776538263,0.9966046285742315
53.839226735,-0.07136331466545255,-0.03987596637091364,0.9966529910786127
53.849258778,-0.07145074176005474,-0.04109180733932125,0.9965973383827221
53.857875565,-0.07120957102515615,-0.043584886194599104,0.9965086826966523
53.868397483,-0.07130907551599597,-0.04517696849474002,0.9964306585340896
53.928248274,-0.06957413950205936,-0.049917522799987214,0.9963270948990903
53.929150881,-0.06960644729160072,-0.05632967760945128,0.9959828863569178
53.929422101,-0.06826847869714575,-0.05588817745394132,0.9961003596210847
53.929677308,-0.06497515110534817,-0.05349655235686695,0.9964518797336709
53.930121712,-0.06222419383487767,-0.05335048028475089,0.9966352772980626
53.930471548,-0.0631393563870009,-0.05399372874280196,0.9965430742980876
53.938726074,-0.06196044675034079,-0.051805433550131216,0.9967332141015375
53.948379589,-0.061152063031856184,-0.05194552324013139,0.9967758463176447
53.958258078,-0.06128134198589503,-0.05908584245537003,0.9963701422391916
53.968332886,-0.06133480878514568,-0.0625968830570677,0.9961524338487707
53.978482203,-0.061873308420627667,-0.06767828373481885,0.9957867962650415
54.07727867,-0.06222160005178956,-0.06954194623568091,0.9956366758013431
54.077948101,-0.05546122502044343,-0.06825853210591169,0.9961249044743223
54.078415637,-0.054464644017162694,-0.06983633763261453,0.9960705238576972
54.078660334,-0.05308318545671954,-0.0698234589667121,0.996146003354775
54.078892494,-0.05358038907691217,-0.0713668020508201,0.9960100006884499
54.079153929,-0.05352930767584844,-0.07172118705447068,0.9959872913582994
54.07951262,-0.05400283384740738,-0.07160698665350171,0.9959699460319344
54.079925571,-0.054492537618739255,-0.07211706950128116,0.995906467310268
54.080181759,-0.055694229386011485,-0.07375409666502704,0.9957200841793964
54.080615786,-0.05817643835505905,-0.072901422270519,0.9956409416306944
54.137837587,-0.058862707289622666,-0.07321688380602888,0.9955774553575782
54.138326453,-0.05841584983291157,-0.07510258342703531,0.9954633044220585
54.139184059,-0.0590205022500786,-0.07488905245801546,0.9954437252482379
54.139690994,-0.058820190852617735,-0.07513656995008008,0.9954369296968033
54.14076341,-0.05910476700332684,-0.07394861178051132,0.9955090302620151
54.141055938,-0.05925293312931728,-0.07350252784363144,0.9955332582672308
54.148195349,-0.05939058472131061,-0.0754353289347565,0.9953804647444945
54.158194457,-0.05953094120342044,-0.07808862157638445,0.9951674402932077
54.167910643,-0.059189977678381446,-0.07995900859133802,0.9950392472096379
54.188690145,-0.060914008513072875,-0.08014682265561876,0.9949200824111845
54.188939347,-0.06265879235282361,-0.08190595209691273,0.9946684325703636
54.197764538,-0.06343750909120238,-0.08349012208070238,0.9944873463022308
54.208110598,-0.06435250021994696,-0.08368590986470045,0.9944120997883921
54.218058723,-0.06491651357294263,-0.08411016255344847,0.9943396435930566
54.22858313,-0.06558997893041783,-0.08423533813393153,0.9942848497655838
54.237727414,-0.06651848432138256,-0.08215831273975525,0.9943969543855928
54.273076563,-0.06719119691976551,-0.08114477839342085,0.9944349491022386
54.273323102,-0.0677144617263745,-0.07929042021606587,0.9945490339521059
54.273579876,-0.06728242156896307,-0.07776472573133027,0.9946988102836694
54.289053452,-0.06688548527947424,-0.07749972738462918,0.9947462611712785
54.28946628,-0.06771079454243245,-0.07758125072641421,0.9946840693597931
54.299017606,-0.06889450547830152,-0.07929220429126056,0.9944678443537194
54.308399011,-0.07110555518279824,-0.08055816108253824,0.9942104318026169
54.318859501,-0.0740417133661718,-0.07850202234734462,0.9941605791667555
54.329934506,-0.07619363748445143,-0.07965600369174074,0.9939061578855166
54.337944785,-0.07652334826750094,-0.07897892330793688,0.9939348604627216
54.349574077,-0.07924085864009582,-0.07886167490144631,0.9937312124280483
54.358312647,-0.08066500615005671,-0.07904062233609369,0.9936024037830897
54.370420649,-0.08152813625347875,-0.0781561519606268,0.9936019217522386
54.380718105,-0.08227658532684354,-0.0819785301060928,0.9932321400904217
54.387909168,-0.08215732784829087,-0.08502887191562303,0.9929855308218669
54.398140644,-0.08268141867282598,-0.08577353342839089,0.99287798040316
54.408874299,-0.08322431173489421,-0.08548268340245846,0.9928577062069711
54.418406934,-0.08391610155032063,-0.08707599382026326,0.992660999133546
54.428447336,-0.08505624727473728,-0.08703999423745311,0.9925671131982376
54.43813105,-0.08496315143759761,-0.08769017635025848,0.9925178567005496
54.448049152,-0.08507383413458225,-0.0871532735996546,0.9925556657671676
54.458046768,-0.08569807136975177,-0.08801381887216021,0.992426021550747
54.468486936,-0.08642407852470729,-0.0885704426241004,0.9923135368141092
54.478966339,-0.08663578384585884,-0.0890434501149389,0.9922527424749413
54.488666218,-0.08765587974844931,-0.08863509694232058,0.992199710912854
54.858288886,-0.08797907406466014,-0.08794852333830795,0.992232200530368
54.85916561,-0.08864220156095358,-0.08782831091619989,0.9921838276771269
54.859808696,-0.0893813244306695,-0.08668222424028373,0.9922183080571416
54.860520002,-0.08977176965183498,-0.08630447251880317,0.9922159882791796
54.861092109,-0.09061711235838416,-0.08767050494475644,0.9920193654917022
54.862854832,-0.09110411851514624,-0.08733052393906149,0.99200474755825
54.863648598,-0.09128857628713669,-0.08675651414563862,0.9920381560669758
54.864410306,-0.0917687559932382,-0.0871019650937753,0.9919635795230873
54.865152465,-0.09129624251770745,-0.08707496719071285,0.9920095494454094
54.865465138,-0.0913701460128737,-0.08706184338942578,0.992003897090743
54.866020212,-0.09166156912879932,-0.08775078845682152,0.9919163048715615
54.866668101,-0.0911931968904792,-0.08876749107517504,0.9918690101868861
54.867145995,-0.09157426687161016,-0.08760289806293466,0.9919374405162366
54.867506557,-0.09241432915697544,-0.08906043512574174,0.9917297165365572
54.867865682,-0.09327512353009955,-0.08939089588774222,0.991619392238187
54.868220155,-0.09443139237766658,-0.09034174348211868,0.9914237648544776
54.868583385,-0.09484378397245338,-0.0880371796087546,0.991591706121185
54.868960597,-0.096064866778109,-0.08734408093114492,0.9915354521635612
54.869340657,-0.09685627730990108,-0.08875662485731238,0.9913330031274082
54.869748167,-0.09732562139684778,-0.08871199863386131,0.9912910292734941
54.870284018,-0.09717229169205975,-0.09206619606038971,0.9910001822756055
54.870646743,-0.09899005367547506,-0.09156415908489045,0.9908667791607525
54.871444057,-0.10084286586770233,-0.09106326320979896,0.9907260966065099
54.871742873,-0.10112811112762848,-0.09074677941932423,0.9907260606064517
54.872162593,-0.1016987436027739,-0.09137414365920732,0.9906099794672795
54.872412778,-0.10268135096976017,-0.09131766940757023,0.9905138178829181
54.872651526,-0.10290537420738823,-0.09061488730587298,0.990555110106339
54.87295516,-0.10401757053085162,-0.09104892442640666,0.9903991308465765
54.873265919,-0.10275401121975258,-0.09034531098846883,0.9905954461638958
54.873517946,-0.10185315690305227,-0.09136250180829489,0.990595188607441
54.873905069,-0.1018710018036333,-0.09000883162986222,0.9907172700726234
54.874278147,-0.10265744469146688,-0.09063232349801867,0.9905792401351691
54.874537018,-0.10259622600405977,-0.08965077755303984,0.9906748974784106
54.874776145,-0.10276885143472068,-0.08979941233801066,0.9906435427127844
54.875101966,-0.10319219675825887,-0.09013608176353347,0.9905689563541361
54.875349497,-0.10384570041349499,-0.08968971562756448,0.990541178051815
54.875698339,-0.10444594892196368,-0.09187693954318145,0.9902775730743221
54.875964607,-0.1046385178121947,-0.09323140013941254,0.9901306411873696
54.878963895,-0.1044329614072017,-0.0933747161301277,0.9901388382238826
54.888625933,-0.10510068023167445,-0.09307008186990207,0.9900968674203393
54.899087604,-0.10607570456855887,-0.09131787563747688,0.9901560435049328
54.908263346,-0.10718672944823718,-0.09145241140632278,0.9900239701533288
54.918380474,-0.1074689121292933,-0.09093852611524376,0.9900407150181921
54.948500199,-0.10878043739214319,-0.08991547133615875,0.9899909214003787
54.949160514,-0.10997684351452398,-0.0885936788755152,0.9899779057907728
54.94945641,-0.11146713353256321,-0.0894767167638267,0.9897317794732063
54.958145136,-0.11223105096342151,-0.08938447691694822,0.9896537811204126
54.969094415,-0.11210913879703757,-0.08837810730260606,0.9897579760465665
54.978309505,-0.11128496539165735,-0.08825469156286207,0.9898619933581255
54.98836053,-0.11036122193366019,-0.08873324725531574,0.9899226290598858
55.002564941,-0.1099316770336338,-0.08811483380899066,0.9900256574692328
55.007586717,-0.10977264255915739,-0.08763715942911313,0.9900857009535972
55.018894807,-0.10988618007012477,-0.08729809681639937,0.9901030601517354
55.028182632,-0.10980524670617745,-0.08892320291430951,0.989967409453087
55.038148938,-0.1096320768178768,-0.08788386340212916,0.9900794080709461
55.049559209,-0.1089965129964808,-0.08886479999016342,0.9900620220356482
55.05803117,-0.1088258081951488,-0.09017066833208037,0.9899627235624677
55.068381817,-0.10673552248107582,-0.09158958284056722,0.9900600368441212
55.110172722,-0.10665366553050418,-0.09089247091515573,0.9901330993153623
55.110557901,-0.10608154001095597,-0.08929348522038125,0.9903400326989219
55.118245541,-0.10594639793389339,-0.08890018879727118,0.9903898814086515
55.119335703,-0.1062549288484761,-0.08789126310355513,0.9904468769022733
55.119659924,-0.10702067571652883,-0.08733047248226906,0.9904140364237581
55.128574591,-0.10831379479518062,-0.08753006808150389,0.9902558300957964
55.138218985,-0.10985384524397486,-0.08530169244544915,0.9902806440353435
55.149697199,-0.11143630218689629,-0.08437975030371103,0.9901828155919462
55.158479223,-0.11274881139009284,-0.08475798397345605,0.9900019139794008
55.168330761,-0.11297078185042729,-0.08611058747213343,0.989859873503976
55.179148768,-0.11182890852382765,-0.08675018374148231,0.9899336850714741
55.189437886,-0.11261397446566693,-0.08722635450156765,0.9898028368495482
55.197943911,-0.11172702567978146,-0.08912362303360667,0.9897343338240384
55.208028571,-0.10957805298033768,-0.09157603491060651,0.9897507161579069
55.219540598,-0.10960862040632148,-0.0906225806104215,0.9898350863735487
55.228955073,-0.1110836634734653,-0.08816670406031703,0.9898924446648002
55.238619847,-0.11535689978175508,-0.08631693847294433,0.9895666585962768
55.248713244,-0.11475242320046271,-0.08546431343535622,0.9897109338077685
55.258574482,-0.1141971712294857,-0.08409225864579142,0.9898926699996484
55.269038045,-0.11465499667009796,-0.0831615694457393,0.9899183729509728
55.298492763,-0.11443792394715892,-0.08221423834438028,0.9900226161942552
55.298938692,-0.11480423120175656,-0.08285969148753315,0.9899263912154098
55.302162847,-0.11533401114655581,-0.08622597527551072,0.9895772567418036
55.308162252,-0.11526924883510684,-0.08588045758163823,0.9896148479477047
55.318046229,-0.11768758407158918,-0.08264181442500847,0.9896059635349492
55.330274634,-0.11761903012139686,-0.08459241291081498,0.9894492849212778
55.338665874,-0.11709014322196849,-0.08133705839829795,0.9897849166820895
55.351116391,-0.11497576418775152,-0.07991209222995482,0.9901487924372144
55.357784829,-0.11278133081212427,-0.07992521173179683,0.9904000868082926
55.368085512,-0.11067296314644737,-0.07959820493846748,0.9906642322194533
55.38022829,-0.10909105456071615,-0.0829101928553601,0.9905680399324006
55.388289545,-0.11013006105023943,-0.08351703435620143,0.9904020772521712
55.398311747,-0.11022762088028555,-0.08216838385159196,0.9905040273973091
55.408365256,-0.10750433404494007,-0.08084016141165083,0.9909125523801241
55.418107306,-0.10393331176960334,-0.07808700889189656,0.9915141379460605
55.432261177,-0.101782250524936,-0.07812563241502687,0.9917342179424038
55.438200881,-0.09983139539728204,-0.0803281456003822,0.9917565636371839
55.448206486,-0.09954617827644739,-0.08245490635754792,0.99161068308491
55.457798635,-0.09849086139352184,-0.07902100653670358,0.9919955800042096
55.467981281,-0.09911526628062359,-0.07424561793282823,0.9923022484142086
55.482327931,-0.09953824179255642,-0.07248116309190349,0.9923903563707638
55.488177448,-0.0985780627912321,-0.0718386144262617,0.9925329107962331
55.49929654,-0.09913467922425405,-0.07142929140669273,0.9925070134282389
55.507837359,-0.09882390349826965,-0.07151600680122643,0.9925317611384391
55.519491618,-0.0979121382250192,-0.07082487770381211,0.9926716727531036
55.531765551,-0.09577282843280088,-0.0703337126553876,0.9929152704023091
55.537849566,-0.09326523376201427,-0.07123310855173735,0.9930898450882344
55.551480066,-0.0948208800700679,-0.06975701857606412,0.9930473095790133
55.558090852,-0.09897461463237914,-0.07152376963823455,0.9925161842686038
55.567818733,-0.09923032455963601,-0.07327100535793415,0.9923631908034612
55.580562999,-0.09978621024463488,-0.07199478757363958,0.9924008579234705
55.587843623,-0.09891499843538074,-0.06989175077952679,0.9926383864517335
55.610525402,-0.09861651994515482,-0.06722136492668453,0.9928524916075401
55.610862274,-0.09982351332880227,-0.06806763809540078,0.9926741977259246
55.618325346,-0.10051818895164405,-0.07124680472534033,0.9923809684321394
55.629131497,-0.102248460730132,-0.07229525889163708,0.9921283424134753
55.637840891,-0.10087651104055169,-0.06833265037949299,0.9925495344880273
55.648455276,-0.10007840902489012,-0.06514598576566463,0.9928445561041602
55.658175681,-0.09937577895616778,-0.06372161021951106,0.9930075583538563
55.739369842,-0.09743011092201544,-0.06320862817381853,0.9932331261139591
55.740288976,-0.09619655674662081,-0.06707644350497091,0.9930996793861222
55.740714354,-0.09638652647210388,-0.0671682254817292,0.9930750560759635
55.740968188,-0.0957948071082273,-0.06573694340174342,0.9932280751183454
55.741346227,-0.09702577391866476,-0.06404923429076036,0.9932188554302881
55.741636776,-0.0981610595958274,-0.06489956675401459,0.9930520895774629
55.742041666,-0.09735428019348517,-0.06467801106116754,0.9931459605783934
55.742312246,-0.09457885673479426,-0.06275384507944047,0.9935375155405481
55.749277023,-0.09320402831842088,-0.06424908742961534,0.9935718715169432
55.75811037,-0.0937594483782912,-0.06442407102414807,0.9935082812500731
55.768062504,-0.0938384634225389,-0.06504762016482468,0.9934601903918393
55.778916641,-0.09391186029935658,-0.06389096908195324,0.9935283119090684
55.78779496,-0.09433878756057079,-0.0625683966774459,0.99357203508292
55.798857954,-0.09216260617110754,-0.060553628312442584,0.9939010575112333
55.807887277,-0.09185321961389305,-0.059020029058477017,0.994021942522648
55.81873546,-0.09207041688022631,-0.05922069791069997,0.993989913064751
55.831463635,-0.09040298756766593,-0.05834727530213342,0.994194596295744
55.838121464,-0.08693705033725363,-0.05909435034434248,0.9944595552540274
55.848459183,-0.08604818933096726,-0.06096898727336601,0.994423698281433
55.857882645,-0.08397442331905045,-0.060959861639666706,0.9946015239768667
55.869639706,-0.0833437207115333,-0.05995475484299446,0.9947156636897171
55.878659985,-0.08190605607182072,-0.06047369018670801,0.9948036644353306
55.88851893,-0.08301244528512602,-0.06062739332562913,0.9947025953049099
55.898490113,-0.07756254785946914,-0.059851792105513155,0.9951893358307785
55.908100524,-0.07665199275087367,-0.05923289047359179,0.9952969088133768
55.918516335,-0.07768771233761976,-0.05879646866708786,0.9952424803152382
55.928031539,-0.07541560068168329,-0.057945368959036965,0.995467137272759
55.938874991,-0.07214110305015481,-0.05488469078291885,0.9958831919298421
55.969834536,-0.07103685410604348,-0.0523472462380447,0.9960991572981127
55.970148595,-0.06802275808336272,-0.05226974247062672,0.996313594409304
55.970424004,-0.06767538000636902,-0.05182810200110845,0.9963603217631443
55.979074956,-0.06556132240223522,-0.0521467197423783,0.9964850388364995
56.018053274,-0.06593038410175547,-0.051346686735173015,0.9965022339229929
56.018377326,-0.06288928189924439,-0.04947612310874183,0.9967933845408116
56.018781537,-0.06395158791583969,-0.04742053683246834,0.9968257054719061
56.019105088,-0.06420931008272358,-0.04894483039962569,0.9967354554122436
56.028060984,-0.060804200178164375,-0.04869825632617277,0.9969610469178243
56.037984921,-0.059201688526895974,-0.05125359896664454,0.9969294000422152
56.049926677,-0.06088674391265324,-0.05164772972448225,0.9968075623860514
56.058331514,-0.0668022413838708,-0.05356176695407401,0.9963275554087866
56.070304426,-0.06804308353271896,-0.052581763467652816,0.9962957878732558
56.080670925,-0.06457163807100516,-0.04940801279067534,0.9966891952002408
56.088469904,-0.062444091302511655,-0.049827361294813736,0.9968038771633063
56.098584389,-0.06208482647467795,-0.05167777476646212,0.9967321013776952
56.108842455,-0.061109306944959856,-0.049918017457832774,0.9968820612980186
56.117895667,-0.060089234685920936,-0.04955267742622083,0.9969622941890798
56.129462813,-0.06016888218992095,-0.04664997989345987,0.9970975303308875
56.137944331,-0.05999276921145688,-0.046134110949016524,0.997132143423972
56.149675039,-0.060499652449215804,-0.046550527165388815,0.9970821633517212
56.159022271,-0.061021058679788104,-0.04897998174503971,0.9969339957017483
56.167987675,-0.0647564793310191,-0.04768298345605187,0.9967612208916343
56.179809746,-0.06290519183668372,-0.04764697927358585,0.9968814885462025
56.1888392,-0.06301648162719242,-0.04183478791361813,0.9971352834814103
56.201621942,-0.0632097014676101,-0.04095675390745949,0.9971595047682892
56.257004882,-0.061483818667821794,-0.04132612757981776,0.9972521703266829
56.257299271,-0.05953601064326768,-0.04139181568358123,0.9973676258186354
56.2578474,-0.057836106714998115,-0.0424663740239566,0.9974224740987687
56.258089417,-0.05615356612523528,-0.03843981625954487,0.9976818919562244
56.258325538,-0.05647969525886326,-0.03741886373458769,0.9977022966097043
56.25866641,-0.05683608640665336,-0.03770841742019977,0.9976711555104916
56.268875556,-0.055415524091313575,-0.03812885938711355,0.9977350899770554
56.278561407,-0.05344731007843679,-0.036781788443475266,0.9978930228658175
56.288091239,-0.0498787737499294,-0.03331297980017799,0.9981995558534557
56.298769441,-0.049783373550630484,-0.03025445746286788,0.9983016996487315
56.308106699,-0.05108957781801319,-0.0333626061116043,0.9981366597574799
56.318487466,-0.05159264866338697,-0.03455434481700629,0.9980702359344075
56.328910112,-0.0507520202142137,-0.03568032307154075,0.998073718214084
56.337923625,-0.046672903487524973,-0.033865514834228894,0.9983359990429359
56.348609799,-0.04145225711717826,-0.02903285863553321,0.998718580732
56.358013185,-0.043184652719325256,-0.027068834938379877,0.9987003374108724
56.367812056,-0.04170597637424476,-0.028829089806496948,0.9987139205576339
56.378666617,-0.04217562537873692,-0.030623934626283402,0.9986407718754114
56.387990151,-0.03967061818869218,-0.032272874306042205,0.99869149572656
56.39906918,-0.03628994028342523,-0.02845480764575454,0.998936116153615
56.408480938,-0.03425345817397419,-0.025852013737824902,0.999078762655289
56.418302791,-0.032697509659155286,-0.027869175270198124,0.9990766646918787
56.428765163,-0.03235825164660364,-0.03242057042716189,0.9989503742246421
56.438235714,-0.02970623977980575,-0.03217310841681089,0.9990407551311133
56.448474283,-0.026157625701860643,-0.03024625542675445,0.999200151446296
56.457883368,-0.027856343990580706,-0.030829611297191688,0.9991364066866658
56.469466777,-0.029272058363248615,-0.03374715450373055,0.9990016397194151
56.47852531,-0.031023905538355184,-0.03431928530410324,0.9989292787486823
56.48864524,-0.027312943697901323,-0.028973356584354362,0.9992069594006996
56.499165975,-0.02726376275467281,-0.02891666911401953,0.9992099446501757
56.508048134,-0.028508546780621938,-0.03166758696536742,0.9990918009353535
56.519674188,-0.028728032188966544,-0.031640827899781884,0.9990863617207304
56.528581593,-0.03008698901839044,-0.02514995282316509,0.9992308306716721
56.538023924,-0.03083939625381776,-0.023864389288938664,0.9992394220418679
56.549493401,-0.03241807785670781,-0.028814037464774997,0.999058966964941
56.559424652,-0.028220720954145333,-0.022580058780168492,0.9993466524956757
56.568103473,-0.027313658568245067,-0.020288412816712315,0.9994210045626398
56.579756417,-0.028467660317848538,-0.021485747382663734,0.9993637750966543
56.612029755,-0.03085537564384966,-0.027392064989737994,0.9991484477140896
56.612311676,-0.027310224671295943,-0.022219892151469068,0.999380021824121
56.612556522,-0.025580927843897688,-0.019238612029892774,0.9994876146995563
56.618039791,-0.0266398896729447,-0.02291536467629378,0.999382410461564
56.629463985,-0.029419243121907506,-0.0253509453003083,0.9992456343194676
56.638398501,-0.02618238737142003,-0.028726237950878985,0.9992443574245103
56.652535569,-0.02918791556567685,-0.025918855304506914,0.9992378488251108
56.658437745,-0.028453761814276494,-0.023319439988954235,0.9993230644577449
56.667955488,-0.027026756586627922,-0.024973559331825313,0.9993227085194788
56.683242032,-0.027355925951953422,-0.024369645402741866,0.9993286615014381
56.688992371,-0.02675226104228252,-0.028918200348407364,0.9992237258080571
56.699417262,-0.02329125434831546,-0.029182750860604942,0.9993026991473054
56.708350203,-0.02367745569598986,-0.02790494898828484,0.9993301215883197
56.719351353,-0.023302237677402922,-0.02530889008137817,0.999408057703196
56.736129837,-0.02048899986642132,-0.028078501080443848,0.9993957167516526
56.737913028,-0.01865508902951501,-0.027168256919432036,0.9994567891956414
56.749930082,-0.018218777820807528,-0.02732039740587703,0.9994606905828268
56.757983728,-0.016204839597009982,-0.026221191418953124,0.9995248132458774
56.768633155,-0.013799904012595529,-0.026423734253946774,0.9995555757021818
56.779178562,-0.01352762522122424,-0.02834175992562645,0.9995067523534759
56.788176698,-0.012100743962763038,-0.02722164156254543,0.9995561786243873
56.803806995,-0.00887968453025282,-0.028941821815526184,0.9995416560367265
56.807790812,-0.005967535118420662,-0.024985135195014052,0.999670011325686
56.817886438,-0.005046158580247578,-0.023358841018412617,0.9997144096340013
56.830398113,-0.0052242863348102245,-0.022778687583616862,0.9997268818153586
56.838009989,-0.0017234342147396196,-0.023179218233185077,0.9997298403151753
56.848785642,-0.0011434555623909997,-0.02351111758014278,0.9997229215435193
56.857828356,0.0005370506349394402,-0.02248191269548645,0.9997471056112982
56.871103144,0.00515111025992641,-0.023961443292703537,0.9996996125328952
56.879281267,0.00972764430135396,-0.02331601761409281,0.9996808171906499
56.887868794,0.016896960681171476,-0.02427037868782823,0.9995626250706298
56.899788223,0.024425462834060177,-0.024073358283647876,0.99941176208122
56.908067516,0.023581391367187076,-0.02605043174230476,0.9993824558132022
56.91798901,0.026589719222109114,-0.030149763869705033,0.9991916625804533
56.928132898,0.02945592070388508,-0.026048875397868872,0.9992266033418009
56.938183757,0.028582079551689742,-0.028560218229698467,0.9991833558777754
56.94799317,0.029973640529096013,-0.03398665342761395,0.9989727164753919
56.958163959,0.03153865496705827,-0.035054871871274484,0.998887615901287
56.969777122,0.03107005544032553,-0.03724730437898916,0.9988229522650319
56.978505549,0.03287643019187463,-0.03918003753198903,0.9986911759882685
56.988331552,0.03640164867859625,-0.03787066729190484,0.9986194132562946
57.002843606,0.0386168498890874,-0.03630576875674584,0.9985943270716219
57.008528767,0.034905345637786626,-0.03941729808890526,0.998612984823088
57.018277752,0.03417077560501756,-0.0392459635274207,0.9986451383956945
57.028765054,0.03611892754442193,-0.04134706170798309,0.9984917844234659
57.038446496,0.03834990635732271,-0.04012352778773272,0.9984585054974752
57.049866971,0.03920017005562311,-0.04018298160379915,0.9984230940122725
57.058102647,0.04040457076821231,-0.042304747263208736,0.9982874230501116
57.068493354,0.03937950950424835,-0.04099119717397459,0.9983831809407896
57.139720997,0.04375884643034198,-0.04002455340342073,0.9982400505309044
57.140040537,0.04644016709702703,-0.04108377819500869,0.998075865878553
57.140504624,0.04880615482904283,-0.03891698826374708,0.9980498120210649
57.14094754,0.04783813284916776,-0.04030945072728147,0.9980414125814471
57.1412223,0.04729408885595169,-0.04146569580930908,0.998019972360441
57.141448585,0.0470972427258543,-0.041425668178797406,0.9980309432795972
57.141838457,0.04645246461311157,-0.04090412036336304,0.9980826726622736
57.14850062,0.04593406655300137,-0.04028386474193608,0.998131890970005
57.158347197,0.04634985579039977,-0.040676051254584525,0.9980967637070784
57.180928996,0.04628081281343584,-0.040908426683407176,0.9980904703440546
57.18118804,0.04654707960318981,-0.04051059368493086,0.9980943147717598
57.188481749,0.04714144004281961,-0.0407976093041205,0.9980547278109341
57.203011923,0.04744009699698042,-0.041248423226328476,0.9980220462385883
57.207862898,0.04650696032321951,-0.04085122251694357,0.9980823013461193
57.219026763,0.04603269963618973,-0.039815296209021585,0.998146147992363
57.228503525,0.04634580944770716,-0.03965997816952938,0.998137842223322
57.23814528,0.04610000035038266,-0.0399751068193824,0.9981366543727737
57.253469661,0.045905160710683054,-0.039666220336901536,0.9981579570310056
57.257933141,0.045468250177252256,-0.04001736833902888,0.998163938667911
57.269579225,0.04466396992486183,-0.039216119615187645,0.9982320500529315
57.285578429,0.043149665078588584,-0.03833261094747827,0.9983329691748917
57.287994685,0.04203058617739829,-0.03756655686759556,0.998409827491045
57.298957853,0.04131883982604651,-0.036848927269687935,0.9984662788669945
57.307731885,0.04085437789635124,-0.036508244911133005,0.9984979057865926
57.318983496,0.040124906078981545,-0.03598321320379809,0.9985465438724842
57.329916718,0.03962837309125246,-0.036292222233663775,0.998555189587177
57.33790343,0.042432271354042886,-0.03598332498416006,0.9984511518701459
57.348671016,0.04116052512513763,-0.03759432817576775,0.9984450298641562
57.357935438,0.04154562201170952,-0.038797810926091025,0.9983830382969273
57.368112796,0.04091599227443167,-0.03756413062994658,0.9984562172004414
57.378909336,0.04167482604235517,-0.03795614315211327,0.9984100059952103
57.389747748,0.04164058011432136,-0.037599378187985845,0.9984249340073692
57.398332038,0.04032614198880023,-0.036936887932571744,0.9985036147066048
57.408214723,0.039210975103852665,-0.03517083151981639,0.998611792460719
57.418024187,0.03861179783621718,-0.03414959355316959,0.9986705834898756
57.429414946,0.03862523058071724,-0.03432623447449712,0.9986640081575926
57.440648093,0.03808628982562032,-0.03411907070188048,0.9986918060852202
57.448973581,0.03922009925952662,-0.03241188304795394,0.9987047880386669
57.457872288,0.04105557096673913,-0.03165353139234711,0.9986553429702305
57.467945329,0.0419509527165963,-0.031504692547459155,0.9986228376687868
57.480646549,0.041768177475135684,-0.032331161611203516,0.9986040833780302
57.489278809,0.041037009878228496,-0.031015273813099976,0.9986761319920251
57.498240692,0.04080422931573239,-0.0302030599324106,0.998710563697345
57.615327559,0.03835271215648924,-0.03028789658767081,0.9988051425531089
57.615827617,0.03672709525474697,-0.030016091931082643,0.9988744439114126
57.616314401,0.035140597716362236,-0.029202939307194475,0.9989556179970945
57.616724372,0.034801254936972885,-0.02814525594794707,0.9989978564653862
57.617014134,0.03607767029621839,-0.026894765185103,0.9989870235952195
57.617373528,0.035176131573104286,-0.028323261821333087,0.998979695793339
57.617677827,0.03361704983831367,-0.02810906735938989,0.999039425794775
57.618346011,0.03282008548844862,-0.02722395620302139,0.9990904354447534
57.619787305,0.030726320853365168,-0.0258293580070108,0.9991940439533064
57.620153262,0.028168497081202927,-0.024730413076233727,0.9992972242737719
57.620514222,0.028190657074350166,-0.025805564948505673,0.9992694129569888
57.620870614,0.028453950302115276,-0.02580072904605042,0.9992620752800024
57.62893293,0.028849325507358248,-0.02532062169235072,0.9992630196974585
57.638562426,0.031597838351411535,-0.023424544818708024,0.9992261342216557
57.648269195,0.031173538566981903,-0.02505117641345778,0.9992000045303817
57.658496697,0.030737587340599507,-0.025742412712828226,0.9991959412008244
57.668162443,0.028178071294538518,-0.025846325461324985,0.9992687144898849
57.679736507,0.027348003704488748,-0.02478906233987562,0.9993185623622175
57.688650672,0.027044034985878304,-0.025395364734267206,0.9993116108710517
57.698303398,0.026248291195572957,-0.025067220419838096,0.9993411137693354
57.708429438,0.026028880369286495,-0.024308870086479004,0.9993655868709109
57.719366121,0.025900110685892184,-0.022529017865535652,0.9994106401377129
57.728481279,0.028268220812715877,-0.021858804864633864,0.999361346231669
57.738313664,0.02803316351274928,-0.01956733474568185,0.9994154597335474
57.748271058,0.029228701807169497,-0.017441596999485377,0.9994205689722296
57.758231267,0.026834823740262987,-0.016537067212708874,0.9995030853593356
57.76996225,0.02545671777560544,-0.01463462575786302,0.9995687986572113
57.77905236,0.02573964746249509,-0.01498192434236368,0.9995564078587592
57.788766801,0.025753942511391525,-0.016161659565295212,0.9995376607238047
57.79955562,0.027221652714442195,-0.01579783244708844,0.9995045823374039
57.808790185,0.03150452937842991,-0.014374884432039855,0.9994002338033592
57.818581375,0.03166187712709286,-0.01386417612247454,0.9994024765614872
57.830693203,0.02926447057164922,-0.009620985790864142,0.9995254010752168
57.838467399,0.02609040788267298,-0.005880480717963994,0.9996422913037651
57.84951403,0.02686327237866168,-0.0009660809004325828,0.999638650355619
57.858991801,0.028083616553581128,-0.0015002989890413052,0.9996044515628244
57.868775415,0.02775576164821899,-0.001183039349724925,0.9996140345719564
57.879184528,0.02971157655129333,-0.0010497566279447572,0.9995579624163167
57.890166663,0.033116933584866164,-0.0003230620005056195,0.9994514317068537
57.89876214,0.033386009639455205,0.0012601843533751795,0.9994417373192644
57.908008536,0.030864928597810017,0.003226994964923446,0.9995183553522909
57.918016628,0.0326615275093095,0.006711309385981536,0.9994439368704402
57.927966374,0.03290435003553569,0.009885998396223053,0.9994096111127054
57.938486303,0.03611684994386313,0.013736368682212327,0.9992531637806102
57.947995216,0.03701131602169982,0.012013108740737228,0.999242637053046
57.957929854,0.038024015566855175,0.013919761729861901,0.9991798709309329
57.968220471,0.03616499781445837,0.014294910256580492,0.9992435881574806
57.978046481,0.03437311491893359,0.016073880674577337,0.9992798003216262
57.987988864,0.03254627607190703,0.013560025497364996,0.9993782395181326
57.998768483,0.033482559851468176,0.012956772566980997,0.9993553123041077
58.007793835,0.033017952624508635,0.013290978129118683,0.9993663816163005
58.019998003,0.03463788546916593,0.014733774194838314,0.9992913152770819
58.028004884,0.034021503513276916,0.016715201375101886,0.9992813114142013
58.058973807,0.03254471871492794,0.016696748192530073,0.999330806031497
58.059238652,0.03308871448907233,0.01686377488459481,0.9993101370796269
58.059485452,0.03374680782230736,0.01809910737334404,0.9992665186395933
58.068226981,0.03300148907403298,0.01845006002352251,0.999284992884425
58.081324846,0.03159556376917318,0.01712570345745829,0.9993540066619013
58.08808008,0.03141873323884097,0.016377159491666415,0.9993721288132119
58.099222067,0.03175727949047787,0.016032817780726922,0.9993670116395547
58.107844128,0.03165010753584138,0.016063437024250372,0.9993699198414656
58.118534161,0.0319175721079326,0.015855367596472467,0.9993647361744938
58.128642701,0.03311379766336866,0.014521320925949413,0.9993460900223082
58.137778988,0.03276481000591885,0.014252635531466638,0.9993614609367739
58.149249273,0.03244982870972941,0.01440272547388548,0.9993695863471298
58.158285236,0.03212162455485445,0.014600329420588079,0.9993773219444032
58.168058662,0.03140293787595536,0.015037087995948911,0.9993936869309117
58.178680503,0.030683253637165328,0.015621112791140123,0.9994070836157826
58.188492471,0.030690784867599012,0.015993608210070853,0.999400960686267
58.197854315,0.029921121569321012,0.017167355947413296,0.9994048270714969
58.207937536,0.03018365822610797,0.017651195340302944,0.9993885040759415
58.218944642,0.029327492575473076,0.018918677159365554,0.9993908053578318
58.22846383,0.02920759716634058,0.01932450871938493,0.9993865516558261
58.238584482,0.02997837885765955,0.020449143009271555,0.9993413477642427
58.249439402,0.027986014351442785,0.022893166772811308,0.9993461291843948
58.258169421,0.02921062600464904,0.023669595254285303,0.9992929948663279
58.268686821,0.030552031841668263,0.02445214932270809,0.9992340395241976
58.279242236,0.029756339914152382,0.02590340409521207,0.9992214839019394
58.28818339,0.02853108276076576,0.0283148354985871,0.9991917971076355
58.299679211,0.029976362952712523,0.031565730633955465,0.9990520618634807
58.308387803,0.027930871503204002,0.03151416980491568,0.9991129683467123
58.317818863,0.031228088278668173,0.038498628883508766,0.9987705752957232
58.385992916,0.0320232788496215,0.036410118119573794,0.9988237146314851
58.386410566,0.033514144070804684,0.035630602038975306,0.9988029146661225
58.387029665,0.03463010361658463,0.037335135973100404,0.9987025801235195
58.387531576,0.03362194260960602,0.04009670154109052,0.9986299712609678
58.38825622,0.04094881500601084,0.04107150663849635,0.9983167462744715
58.388630249,0.03977832914773142,0.0447936485749299,0.9982039939699502
58.388886808,0.04238235682113631,0.04495396580396938,0.9980896136063042
58.399344383,0.04400505227147893,0.04505748004667567,0.9980147187624179
58.410714032,0.04621106775729787,0.04775604476945691,0.9977895055595183
58.418143701,0.04566495923517693,0.05177021988670723,0.9976144324491961
58.434296732,0.048661455350426645,0.053293973019138845,0.9973925080944882
58.439642296,0.05203438143963645,0.05892331449809016,0.996905444942876
58.449444524,0.055543570857832014,0.06508127649802285,0.9963329459501723
58.459538852,0.05785518343855828,0.06796037796226824,0.9960091188219696
58.468415258,0.058711414291341586,0.07210904012287028,0.9956672416849259
58.479199105,0.05847775474134957,0.07752286332747908,0.9952741119218963
58.488721294,0.06061782151893499,0.08355896145495444,0.9946574182475432
58.499344,0.06680811002288474,0.08988924275658312,0.9937085088051818
58.508037141,0.06677163032342937,0.09466147746995827,0.9932677152042928
58.518759617,0.06985844587924879,0.09865605655556907,0.9926664999103377
58.528470823,0.0718912755623091,0.10451366248189436,0.9919216394719115
58.537861823,0.07471620278760084,0.11331848102652582,0.9907453814673289
58.562662271,0.07417956360646219,0.10964414961459502,0.9911990480213585
58.563010703,0.07434999825350579,0.11196382865166134,0.9909269291089858
58.568349519,0.07317426213804795,0.1149297863498362,0.9906748566356842
58.579968092,0.07266183703188708,0.11351154305476777,0.9908760704712154
58.588449141,0.06856660109181308,0.11487441283622156,0.9910108427712836
58.601424963,0.06928706268487184,0.1136597419086117,0.991100784993015
58.608801975,0.07103049166047319,0.11352946335331182,0.9909922957345231
58.618145777,0.06820981125721082,0.11597341974601484,0.9909074566076643
58.628553175,0.06374911203258668,0.11568936849757275,0.9912376207205261
58.640258306,0.06546244265895172,0.11669758919061977,0.991007740271599
58.650192219,0.060390250705224933,0.11381768884872671,0.99166453567973
58.658250486,0.057212014053591456,0.11506172701359621,0.9917094253986801
58.667990241,0.054703632535073786,0.11379337112382747,0.9919972687844167
58.679444286,0.04841629980115031,0.11486449912544817,0.9922005889709122
58.688473073,0.05243290894353119,0.11101915665178719,0.9924341473952041
58.698343961,0.051285879195826146,0.10967485398935665,0.9926435337005548
58.709854796,0.04769745319177651,0.11174188351610137,0.9925919123321993
58.717901087,0.045280313898286434,0.1127898748050132,0.9925865893284789
58.728603358,0.04272454356887239,0.1131638978520765,0.9926573152905066
58.738405788,0.0398405107872239,0.11067997163633829,0.9930572378160246
58.748289961,0.034900854090280334,0.1116776625965021,0.9931314263785791
58.75784548,0.030670146602459623,0.11213265388770964,0.99321981959659
58.770111431,0.029683107064593477,0.11359026007190064,0.9930841686240849
58.778604166,0.026943331139631085,0.1134957575532033,0.9931730815545319
58.788199789,0.022948125153044004,0.11347641944370289,0.9932756343443632
58.800088187,0.01750195601966543,0.1135381636666704,0.9933794677396378
58.807901159,0.02035774276585681,0.10760157891458332,0.993985645029428
58.81837533,0.01628002868185376,0.10650477195422009,0.994178904532327
58.830991957,0.010198443383330057,0.10518442678121924,0.9944004365019473
58.838983131,0.004293919815386455,0.10355332140803125,0.9946146348601473
58.850452401,0.0010571331954074357,0.10242908745473664,0.9947397471261502
58.85772391,-0.0031506169595010604,0.10036265803238295,0.9949459334483706
58.868312683,-0.004861274699977351,0.0994018055155159,0.9950355014111542
58.879678093,-0.005829076218705078,0.09909766046346044,0.9950606391376885
58.889323118,-0.010443944610985568,0.09783444064484399,0.9951479016933479
58.899219281,-0.016908121003515766,0.09753362879369255,0.9950885923868612
58.90798319,-0.020336624766999777,0.09571438613684057,0.9952010741450866
58.917983462,-0.023652945645425874,0.0939848117276127,0.9952926169357531
58.928280178,-0.029641092358520287,0.09273621262758189,0.9952494162325771
58.938294902,-0.03358135444117819,0.09137092316949429,0.9952505448544353
58.948021079,-0.0366332611188113,0.09016922978784671,0.9952524876528908
58.958055151,-0.04020668763424285,0.08988788389675115,0.9951399854282043
58.968078774,-0.04404212226799072,0.08831288847268295,0.9951186488031178
58.978048978,-0.04808077043648579,0.08830071997806087,0.9949327727869809
58.988161295,-0.0524331351507598,0.08799157436871857,0.9947402923267844
58.99854161,-0.05507955374674167,0.08593694883924456,0.9947769014122015
59.007879575,-0.05546862864482227,0.08359955231266662,0.994954444228169
59.020889924,-0.05805803120626449,0.08192522913212795,0.9949459894105313
59.02803471,-0.06386920080613095,0.0807440281004021,0.9946864466325595
59.038627998,-0.06786235098047141,0.07977200608068616,0.9945004416113984
59.052373764,-0.07263039267399225,0.08007839668910859,0.9941389623406396
59.057937064,-0.07580837549707549,0.07980517328493722,0.9939236512536843
59.067963921,-0.07955019392458551,0.07893499695297171,0.9937006757080299
59.080906812,-0.08394790650158827,0.07807589595685378,0.9934067160355498
59.089142489,-0.08778943663243775,0.07619617483464791,0.993220598737424
59.102725165,-0.09116981412816523,0.07387255472037568,0.9930915922768256
59.108012594,-0.09399155621111942,0.07186286571195555,0.992975989585185
59.118717923,-0.0959562131483983,0.07109727704820108,0.9928431811492441
59.129653027,-0.10010815776152118,0.06961861911528285,0.9925379613002595
59.137774196,-0.10538417380312488,0.06827285821692447,0.9920851741371426
59.14857002,-0.11049154334712459,0.06758564328351035,0.9915764214979724
59.158560854,-0.11305315793154314,0.0659190803393128,0.9913998478560125
59.16802291,-0.1169442231953065,0.06566244321427292,0.9909654344185667
59.182019601,-0.12077072823415762,0.06438431350915622,0.9905902742182289
59.188457909,-0.12380780603880394,0.0631125715092581,0.9902971425190253
59.199465983,-0.12675900784443547,0.06243613627745927,0.9899666069201715
59.207983363,-0.12815742429877586,0.061609501578912526,0.9898383423126738
59.222380379,-0.13166056136242674,0.06283446407589739,0.9893014336924947
59.230009455,-0.13094846861370404,0.06477694145817896,0.9892706638847881
59.238148768,-0.13299037643699427,0.06592874311565428,0.9889221205971362
59.248031634,-0.13279555913299435,0.065685691443472,0.9889644732821037
59.258126864,-0.1331457609801572,0.06517158504308158,0.9889513996329584
59.274463764,-0.13293942235706435,0.06514186162112147,0.9889811160218909
59.295236252,-0.13296617584399464,0.06551782400024277,0.9889526838123739
59.295550551,-0.13311708381365797,0.06557134260518312,0.9889288351675773
59.299026243,-0.13293511296145696,0.06582160926644721,0.9889366873038435
59.308131952,-0.13320601772801205,0.0664305002023763,0.9888595175675394
59.317957441,-0.13333779706777132,0.06615947927204577,0.9888599269742736
59.330151221,-0.13349659555637103,0.06583140957872399,0.9888603968648643
59.338033218,-0.13324532930604968,0.06552539053386117,0.988914609768461
59.348263023,-0.13422713586995144,0.06584299146254136,0.9887607276138214
59.358191213,-0.13454748599932076,0.06586704643353421,0.9887155840813805
59.369328784,-0.13473343294779414,0.06569171296087022,0.9887019272229468
59.379784847,-0.1353100662764382,0.06593567479928825,0.988606935416209
59.388091783,-0.13426461106309653,0.06554384195277518,0.9887755149669439
59.398130396,-0.1340023018082193,0.0659278485208489,0.9887855692209059
59.408638651,-0.13397250727712473,0.06702298870528807,0.9887159785696253
59.418168525,-0.13372664752312552,0.06604675327151821,0.9888149524175476
59.429374874,-0.13419177744556632,0.06594386808321763,0.9887588043239984
59.43862948,-0.1340812413223588,0.06609231856105623,0.9887638879695594
59.450537656,-0.1342427051120589,0.06598023032703472,0.9887494654007093
59.458043438,-0.1330458052877452,0.06545359064455988,0.9889462276418621
59.472189116,-0.13328239964903238,0.06552370386780139,0.9889097259989106
59.483104926,-0.13317017127047545,0.0651563402360459,0.9889491174023246
59.488081444,-0.13295805760639892,0.06474733974397773,0.9890045181462072
59.502360712,-0.1328299326357394,0.06405183955693865,0.989067020401225
59.507922102,-0.13325614728608673,0.06436095516935343,0.9889896190861445
59.518762732,-0.13394667709236083,0.06442254072113564,0.9888923217130107
59.533916225,-0.13394316163806963,0.06484059549233433,0.9888654744840663
59.537873679,-0.13424079764197455,0.06507675673062753,0.9888095994587983
59.54933552,-0.13553602143257779,0.06564094974327617,0.9885955960912574
59.55783978,-0.1358538584015983,0.06544694310835993,0.9885648318624175
59.569435842,-0.13731224233684583,0.06657068940782751,0.9882882633200668
59.579415519,-0.1361994697663832,0.06635056058000112,0.9884570337379748
59.588027662,-0.13748133467774945,0.06670150311436096,0.9882559345116575
59.598218472,-0.13756887982052457,0.06689686020759716,0.9882305466839665
59.609177098,-0.13772911272371774,0.06698351460382143,0.9882023579609882
59.61820475,-0.1365830338660832,0.06633342356389334,0.9884052568548133
59.628664579,-0.13688689725902436,0.06617823990172154,0.9883736226358469
59.639775709,-0.13750965350458166,0.06619677484213472,0.988285931395135
59.648581064,-0.1371958365747107,0.06508170616789026,0.9884035987130164
59.658585124,-0.1385397766903693,0.06614833286197445,0.9881452971775782
59.668504224,-0.13765874073493475,0.06480546371675493,0.9883573862584973
59.704644487,-0.13855588157282034,0.0646599496551487,0.9882415487076894
59.705012202,-0.13949976722595447,0.0663273161285529,0.9879982297955233
59.705445171,-0.1398720509862232,0.06678670877151101,0.9879146445338164
59.707855372,-0.140656762735631,0.06727014143201689,0.9877704202740881
59.718103321,-0.141162124342702,0.06717032259409764,0.9877051191593879
59.728600819,-0.1406967177905675,0.0678239467688437,0.9877268579155163
59.738329741,-0.1402368206916871,0.0681831654326647,0.9877675283556702
59.748179789,-0.14139554415849512,0.06870837136940278,0.9875659268098952
59.75803214,-0.14102551582672015,0.06758017787539275,0.9876966758292435
59.76901369,-0.1403990824877018,0.06694625673620605,0.9878290825571099
59.786796369,-0.14207396966137414,0.06770403127945361,0.9875379239771856
59.788708616,-0.14139115264206362,0.06702165333666579,0.9876824590619034
59.798936347,-0.1423841318379046,0.06715301836956164,0.9875308760360981
59.808055261,-0.14134236641173517,0.06633804046403628,0.9877355920713412
59.818375593,-0.1411714552534611,0.06644677679224205,0.987752725167358
59.862792244,-0.1406144709656675,0.0658073623248625,0.9878749726655137
59.863196791,-0.1412518672428513,0.06626376168825973,0.9877535238546757
59.863554887,-0.14211559497894724,0.06695583134639234,0.987582945535459
59.863963045,-0.14089199898155058,0.06662786058544418,0.9877804274315165
59.86862653,-0.14119741384556522,0.06649738985005103,0.9877456086799145
59.878871354,-0.1419488924061129,0.06677599167767424,0.9876190960487454
59.888347189,-0.14188813734280503,0.06682884772810672,0.9876242512173964
59.90072658,-0.14204495377531412,0.06668840459124696,0.987611202751388
59.908033119,-0.1413339099186361,0.06595281912734893,0.9877625987838707
59.918009626,-0.1419525994953461,0.06632841593865973,0.9876487233503529
59.928228969,-0.14140229444866415,0.06621452274526622,0.9877353026505987
59.938545691,-0.1417838960026608,0.06620754922592978,0.987681065556996
59.947980238,-0.14177978913735315,0.06618892268268299,0.9876829035202915
59.957928991,-0.14152501374070037,0.0658753319313285,0.9877404067510006
59.968338796,-0.1412170779823288,0.06546799062970675,0.9878115605159932
59.977891275,-0.14172620039252032,0.06574894400712675,0.9877199808064263
59.988892245,-0.13995836458913577,0.06435779919351932,0.9880636264251921
59.997934802,-0.13959786778550382,0.06365137317344663,0.9881603807089595
60.008044405,-0.137184207209835,0.06247561039652367,0.9885733616671
60.019462887,-0.13611099392209802,0.060971451458324256,0.9888155942543603
60.027945759,-0.13353935460539335,0.06049428159048482,0.9891954724251553
60.038045972,-0.13195977603106823,0.05984591504847311,0.9894468575733824
60.049137706,-0.13129887819209546,0.06089371186205528,0.9894708487071048
60.057968567,-0.1289732202776702,0.05973196387618884,0.9898474634723783
60.067945825,-0.12385723260266115,0.05521950553089339,0.9907624297181106
60.080152134,-0.12191137613062933,0.05320347142893909,0.9911140232071416
60.088138095,-0.12381234339166915,0.049552775880860545,0.9910676193007036
60.099101922,-0.12337935713103271,0.04745846060276413,0.9912241062197534
60.107978169,-0.12131150161517677,0.04583437066608997,0.9915557120210213
60.118093856,-0.11982433793223145,0.04558582252547141,0.9917479825156079
60.129522115,-0.11876403559966478,0.04674707014366389,0.9918214634101568
60.137978877,-0.1174842965853971,0.04664153247625507,0.9919788342016684
60.148570862,-0.11683465880069675,0.045924635144084396,0.9920890032601952
60.158532559,-0.11519784026408054,0.04574601098145925,0.992288647560666
60.168096878,-0.11240127385247214,0.04477029080481313,0.992653804051339
60.178635279,-0.11078671748808934,0.04310953642738493,0.99290879293983
60.188345284,-0.1097552509390271,0.04179759116558805,0.9930794259595078
60.199412239,-0.10921687134470719,0.04138049107265243,0.9931562465051811
60.20802356,-0.10542430885327946,0.04019286197234961,0.993614738693665
60.218043216,-0.10471741630895538,0.04057145716019353,0.9936741012955281
60.228824587,-0.10641696502158157,0.037889769321087306,0.9935994137158044
60.238302036,-0.10428578111514918,0.03623116067779275,0.9938872063031816
60.402233672,-0.10387589070273195,0.03532454215896725,0.9939627639162211
60.403229404,-0.10279139392315162,0.034793648813042206,0.9940942265890141
60.40378387,-0.1019871984092944,0.035703933539359314,0.994144778435435
60.404386177,-0.1042302279454851,0.03692885386481604,0.9938673549999836
60.404825903,-0.10597043640516098,0.03760301865918866,0.9936580295030158
60.405305287,-0.10747094035687774,0.03740507824594442,0.9935043316967589
60.405691556,-0.10581368858117698,0.0370070701543699,0.9936971068023874
60.405927146,-0.1022647804716811,0.03599574283840577,0.9941057394324763
60.406227173,-0.10130772908265058,0.03545229562818231,0.9942232539841384
60.406490375,-0.0987831190753104,0.03418268786444887,0.9945217138082582
60.406766488,-0.098860436663456,0.0345712010150137,0.9945006013688933
60.407019988,-0.09831759963451271,0.03364681510716825,0.9945861156457252
60.407274304,-0.09533668297471645,0.035135615667232487,0.9948248114070452
60.407527537,-0.09352234433192706,0.034894128854411954,0.9950055129908338
60.407780941,-0.09201396426646785,0.03444460345344435,0.9951617957261545
60.431998327,-0.0884167568108045,0.03410184792169203,0.9954996439393562
60.432278266,-0.08294998489818182,0.032067883306837915,0.9960376252258799
60.432593561,-0.07795370740871206,0.030290434503059557,0.9964967180472061
60.432849113,-0.07632212216618191,0.030761775720810035,0.9966085725211042
60.438990785,-0.07629868215014744,0.03207741132598394,0.9965688891314912
60.451106614,-0.07425679319949509,0.03231719273119669,0.9967153694599589
60.459032068,-0.07180071943680005,0.03258932897246207,0.9968864490630228
60.468787633,-0.07033330892329571,0.034546579318799446,0.9969251524127928
60.481311172,-0.06857945913074344,0.034429679122470636,0.9970513803113952
60.488410541,-0.06866985741591435,0.03428855847929563,0.9970500215334684
60.498354243,-0.06939751780191668,0.03452148903731102,0.9969916004247877
60.507960793,-0.06853169559693793,0.03494831507296068,0.9970366201760946
60.519388668,-0.06588876851959008,0.0331722834873778,0.9972754232363319
60.529638121,-0.06001322899550867,0.0287196312283381,0.9977843429958404
60.538505721,-0.056787943992391544,0.02741951844772817,0.9980096690038688
60.550508731,-0.05490096911798828,0.02670935326907417,0.9981345069868357
60.558319772,-0.05291610017290765,0.02581048886040667,0.9982653479948493
60.57037711,-0.05068844973721672,0.024529220930473338,0.9984132402887002
60.580614106,-0.04981193103199185,0.024315941365291943,0.9984625714178694
60.588622255,-0.04838319288906997,0.025015888864586354,0.9985155341556654
60.59885056,-0.04833970440396337,0.026428190504677023,0.9984812585746345
60.609548859,-0.04777109375267081,0.02861082041897795,0.9984484681527769
60.618211419,-0.04674583451493742,0.02481259085468085,0.9985985991831654
60.628795058,-0.04721581096735469,0.024356860051929753,0.9985877079972022
60.638152168,-0.046892805217829125,0.02384884345643409,0.9986151898927802
60.652812222,-0.047244841039528265,0.024237491257081797,0.9985892393835979
60.658555811,-0.04725118138831202,0.024427720002470333,0.9985843040789745
60.667951786,-0.047232172178131526,0.024619411253427564,0.9985804957542832
60.679018204,-0.047362796629644974,0.023947024756680077,0.998590659630222
60.688393291,-0.04775409534242264,0.02397059130143726,0.9985714581995053
60.698149745,-0.047089972866491164,0.023182850979806397,0.9986215949376828
60.707950288,-0.04732674909046701,0.02373378489033229,0.9985974595778359
60.717998134,-0.04742328345036575,0.023231995378234612,0.9986046798295771
60.728467968,-0.04769727386955786,0.023415429433574077,0.9985873460693631
60.73858148,-0.047490166876311316,0.023112485868118426,0.9986042744986907
60.748340416,-0.047838922520016855,0.0233054735628296,0.9985831424544158
60.757934653,-0.047765408716031216,0.023026966900152972,0.9985931226107907
60.76897601,-0.047851515335119825,0.023326143547369452,0.9985820564717455
60.778491997,-0.04788227977463874,0.02398763800507173,0.9985649105123418
60.788079974,-0.04783786526652177,0.02306060916047802,0.9985888778430742
60.798076259,-0.04774502313554911,0.022917375666859936,0.9985966185894734
60.807881963,-0.04776541310250869,0.022530348866316476,0.9986044505664435
60.818861714,-0.048359900332656046,0.022898373631593662,0.9985674661858573
60.829463711,-0.04814063836276934,0.022746327993125696,0.9985815357299844
60.837917741,-0.0483643968048501,0.023059053770076995,0.9985635508874394
60.848217816,-0.04835268333163222,0.02329056468352965,0.9985587451979746
60.860078357,-0.04886044354330589,0.022689843159034054,0.9985478596813324
60.86866668,-0.04891198389833644,0.023093135738211104,0.9985360909415871
60.879696311,-0.049081367362499184,0.023126953513362396,0.9985269968303402
60.888153883,-0.0493303460438372,0.023276611775911366,0.9985112499633786
60.901891591,-0.049824428863276926,0.023343413345218954,0.9984851582982307
60.908150936,-0.04967833806351937,0.023346839324434036,0.9984923574173244
60.91799517,-0.0496058968314628,0.02195241066778687,0.9985275893361281
60.928286185,-0.050352261827916106,0.022942374180814178,0.9984679750476531
60.937947599,-0.05187229892596405,0.023205208976589134,0.9983840858509756
60.948223974,-0.05235636052129229,0.023442060555614732,0.9983532848194928
60.958284372,-0.05293853336955835,0.023881582844555743,0.998312166451716
60.968089744,-0.0528764731489604,0.023556625441590703,0.9983231761234095
60.978356135,-0.05328721946585291,0.023458654771720117,0.9983036430655251
60.988277428,-0.05354218538072814,0.023279334137105295,0.9982941986142105
60.999124332,-0.05425462672965699,0.023816246220471963,0.9982430675413637
61.008248541,-0.05445270214250825,0.023765887451106624,0.9982334826196928
61.019206165,-0.055814905600942655,0.023993820772368096,0.9981527903469997
61.028227042,-0.05676122735255104,0.023637738588770184,0.9981079202089526
61.037922988,-0.057032798519540975,0.0226226557844737,0.998115962871192
61.05152115,-0.058024938918455324,0.020948688473591846,0.9980953155459383
61.057936395,-0.05869093907416336,0.02026975658566221,0.9980703936289017
61.06809796,-0.059282408663150925,0.020088608381166335,0.9980390993525272
61.079661718,-0.05851549725302032,0.019840833264513916,0.9980893135970357
61.088024766,-0.058895967818022914,0.01687039610206354,0.9981215630924613
61.098540883,-0.05843401592457072,0.016384117337800368,0.9981568145747383
61.108887072,-0.05944997987850671,0.01680415253596437,0.998089835811383
61.117954139,-0.060617325512660046,0.017184160402263254,0.9980131484499399
61.129125806,-0.06249303865057562,0.017215958342155318,0.9978969039427764
61.137868757,-0.061056199444623656,0.017386727209531137,0.9979828867402084
61.148329809,-0.06177116851922451,0.01712677099022532,0.9979433833916723
61.159021052,-0.061735595131355306,0.01498986258896683,0.99797996989586
61.168018729,-0.06235793194641944,0.01318716622675371,0.9979667263843389
61.182526077,-0.06261087913316289,0.011095169604424082,0.9979763399127365
61.187791091,-0.06333449956732028,0.009951085280863237,0.997942742378685
61.200957687,-0.06427069032496315,0.009610010198596855,0.9978862290206914
61.208003642,-0.06543311651974448,0.009946634427020278,0.997807382076365
61.219010164,-0.06628970391853545,0.009623910454977829,0.9977540055053389
61.228913108,-0.06566976305413989,0.009540098005549637,0.9977958051377335
61.238020874,-0.06580788033561065,0.009928445989897375,0.9977829166937865
61.251283932,-0.06705719609579301,0.010475271916806876,0.9976941420746337
61.257910155,-0.0680207558918142,0.010188034047418313,0.9976318863840284
61.26952304,-0.0676044397241278,0.009425988370137339,0.9976676753673205
61.278976371,-0.0684445073547188,0.009468304986401414,0.9976099942430681
61.288410813,-0.06844479236162399,0.00954363957705764,0.9976092568446815
61.299044179,-0.06814707160888395,0.009212444352145176,0.9976327518181188
61.308305842,-0.06869536385696445,0.008229333456058507,0.9976037415003155
61.318064382,-0.0703741222271934,0.008007868573636787,0.9974885247268058
61.330642516,-0.07181818036817186,0.007302907868805557,0.99739100482472
61.338032908,-0.07362708763403629,0.008670117215062454,0.9972481541893208
61.348155802,-0.07155240742671243,0.0067525239026856995,0.9974139844680269
61.35801138,-0.07468430680170211,0.005632550978127875,0.997191320001848
61.368004726,-0.0773842710541801,0.0057530393899641865,0.9969847426772342
61.380930935,-0.07912409232543192,0.005297471967152395,0.9968506983517812
61.388485409,-0.07703204432838677,0.003843433318922884,0.997021209486996
61.399083369,-0.07628816584956051,0.002529016052848047,0.9970826043157681
61.408600685,-0.07745271561474894,0.001782922423241112,0.9969944322971587
61.4426477,-0.08050418659842674,0.00393069943153868,0.9967465202056662
61.442940307,-0.08133576588573993,0.0036984852795271398,0.9966798956507638
61.443178312,-0.08144695934049057,0.004171298862744244,0.9966689485882392
61.448813987,-0.08167902202269453,0.00447768496053275,0.9966486280022716
61.458552509,-0.08244692310340218,0.0024626531183949635,0.9965924142849976
61.469372236,-0.0843169356035139,0.0003785566556624138,0.9964389148689906
61.478581032,-0.08676383558434464,8.636156802353318e-05,0.9962289041060656
61.488206421,-0.08872992565651726,-0.00044020580970165104,0.9960556242057137
61.499279668,-0.08883302363422009,-0.001689776410537459,0.9960450986615438
61.508043017,-0.09072399356763093,-0.0010848392245883095,0.9958754842423813
61.519424761,-0.08851773886570848,0.0012311205079160697,0.996073839757072
61.529543146,-0.08748316128464861,-0.001040915925091322,0.9961654546237192
61.538175637,-0.09187398452009972,-0.003670607758262228,0.9957638764321015
61.548824792,-0.09259641956330382,-0.005606007998473588,0.9956879409525745
61.558185471,-0.09454867035365962,-0.00530914611545547,0.9955060833073196
61.571225121,-0.09477710092695421,-0.006666064735337059,0.9954761999770896
61.580230294,-0.09557838455433017,-0.009121549749578305,0.9953801131910115
61.587930032,-0.09628759618128302,-0.009031761470714817,0.9953125770863978
61.60013316,-0.09856835983383863,-0.00857502060747475,0.99509333605509
61.608012212,-0.09898832284539491,-0.008415641363327014,0.9950530080959004
61.618116401,-0.1003938769206058,-0.006537677799000155,0.9949262928709075
61.630317909,-0.10184368272412135,-0.007670605018832448,0.9947708410020035
61.637934807,-0.1032739711439797,-0.010692337590582477,0.9945954759604537
61.64973158,-0.10342427026161903,-0.013708569353613063,0.9945428575215495
61.658633603,-0.10380574066981751,-0.014769107186808196,0.9944879293771721
61.668029904,-0.10759667028328447,-0.0132438982156045,0.9941064106543147
61.678792148,-0.10873543289947023,-0.013794231515171966,0.9939750121653314
61.689956435,-0.10708286776331444,-0.014292856853264979,0.9941473601406164
61.700996321,-0.10731007033808834,-0.013502456048648163,0.9941339107407458
61.707891016,-0.1108278144322407,-0.012847622421715641,0.9937565769071831
61.718182274,-0.11188153848775699,-0.012234122620504467,0.9936462386530324
61.72952309,-0.11217895392386901,-0.01354644326671883,0.9935956804311138
61.738315401,-0.11214161602498773,-0.014489183164203097,0.9935865948806568
61.748384762,-0.11545372881061944,-0.015525133041974015,0.993191525712817
61.757999005,-0.11588768891961895,-0.015449458538638374,0.9931421639361269
61.768831004,-0.11402619115372982,-0.012714614143241931,0.9933963792556129
61.778629906,-0.11404608390111001,-0.011086429022922636,0.9934136005905803
61.788080411,-0.11706770972000696,-0.014210982202325697,0.9930222552016432
61.799811265,-0.11812751415538204,-0.014802232982072236,0.9928881026068419
61.808145751,-0.11966529175853498,-0.014069410648253474,0.9927145962623676
61.818759749,-0.11919156040510775,-0.014656575460624828,0.9927630919428677
61.84415281,-0.11818423737111881,-0.016413686153176822,0.9928560202485918
61.844483914,-0.11908197032641747,-0.01597643654179758,0.9927558802739997
61.848612139,-0.12116685572226335,-0.014236427805262115,0.9925300585865023
61.858639909,-0.12250486594298886,-0.015749236169674607,0.9923429444402586
61.868223,-0.12219147729896404,-0.015871081803148245,0.9923796408824068
61.879703616,-0.12105903162775315,-0.014836460675442356,0.9925344277635798
61.888717805,-0.12066964193019883,-0.01621097427802255,0.992560346694041
61.899363459,-0.12082382923984959,-0.016015635646544957,0.9925447605537279
61.914393204,-0.12230736676077264,-0.017441039411453328,0.9923390137348699
61.918569859,-0.1238182051063158,-0.01607171214281815,0.9921747588772095
61.929999766,-0.12475398545409506,-0.016940917092882667,0.9920430678359543
61.939140239,-0.12434443993432312,-0.016275968466531603,0.9921056159038191
61.948773488,-0.12579556295864297,-0.015427101887933978,0.9919362282260173
61.958484064,-0.12651891924134911,-0.014924122589119493,0.9918519212256163
61.969195933,-0.12690794897838112,-0.015454439480954279,0.9917940979792278
61.978697917,-0.12876903296636977,-0.015298889243075568,0.9915565945203703
61.988398447,-0.12669549914380854,-0.016194350313405426,0.9918094542373691
61.998991398,-0.1286400963445465,-0.01721791634742314,0.9915418644561201
62.00843851,-0.12952255067020058,-0.016571876037068077,0.9914379868617591
62.021263648,-0.12865806668291913,-0.017326797293002228,0.9915376361858287
62.028278963,-0.12765443597380113,-0.01733365031645007,0.9916672272203604
62.038107909,-0.12842693172247793,-0.01626405371352077,0.9915856008258458
62.142787742,-0.12996786520147816,-0.014735011841534338,0.9914087116023341
62.143647364,-0.13044159370806244,-0.014209819537097459,0.9913541605600008
62.143980507,-0.12961906855575175,-0.015502086049982867,0.9914426773116226
62.144398805,-0.12864868202050217,-0.01703133448000094,0.9915439729332322
62.144655303,-0.12811764787135604,-0.015685440223396564,0.9916349304400838
62.14491203,-0.1289855325773585,-0.013727743447507722,0.9915514517389276
62.145166416,-0.12906912029608644,-0.012326531704432575,0.9915589840257282
62.145444282,-0.1299749163833371,-0.012400360486658544,0.9914397370344531
62.145705387,-0.13266405546998322,-0.012923369807930957,0.9910768057517362
62.145960551,-0.13551380602082133,-0.014966982204984094,0.9906624035570477
62.148359269,-0.13544972703898409,-0.01542100506233272,0.9906642034755936
62.158288354,-0.13491253672993322,-0.014059788823273479,0.9907577553425154
62.168169352,-0.1357139638707391,-0.015665071122584466,0.9906242100601096
62.182740678,-0.13466418319210194,-0.016457425483549865,0.9907546169015098
62.188806288,-0.13790741410472565,-0.01761721239931628,0.9902884322066098
62.199737241,-0.1389661667288964,-0.017505939851481175,0.9901423870204693
62.207902694,-0.13788666851415837,-0.01604264773663465,0.9903180802649545
62.220324258,-0.13696458632151254,-0.013464748763694226,0.9904844282645273
62.232891217,-0.13754766395396203,-0.011414439313195968,0.9904293769451578
62.252698509,-0.13913811367685164,-0.011321322533620948,0.9902082674763614
62.253037945,-0.14093485071870768,-0.014354633893293492,0.9899148005453222
62.258032754,-0.14220415214698004,-0.01472317607158632,0.9897278450152465
62.269574219,-0.14289220834941505,-0.013858460684589721,0.9896412278500129
62.286454452,-0.14202560654416713,-0.011443113762727858,0.9897968388680451
62.28809667,-0.14197799831982186,-0.010590288773543292,0.9898131610444416
62.298899582,-0.14457922326461176,-0.014050005569147362,0.9893934735704034
62.308046536,-0.14617338310687697,-0.013140280588433735,0.9891717116341062
62.318197574,-0.14607152852979882,-0.014570225018068324,0.9891667286640262
62.329775804,-0.14740555324352567,-0.01433424823788696,0.9889722605818755
62.338043025,-0.14928066675944124,-0.01301359771303081,0.9887092235872083
62.348667871,-0.15024591150317188,-0.012686151339997079,0.9885672600489862
62.359463293,-0.1494716774170346,-0.012299147043343164,0.9886895107323351
62.368063477,-0.1496912320425506,-0.011709754184198062,0.988663449666533
62.379370254,-0.1507329448353336,-0.011139982121618843,0.9885117501272296
62.388113465,-0.15240560556881258,-0.01054706325621376,0.988261752193149
62.398616563,-0.1532399117981235,-0.01035241258357594,0.9881347868513702
62.408239396,-0.1550044064804795,-0.009680854143846623,0.987866344722139
62.418048928,-0.15249976934510648,-0.011934319844083614,0.9882314467570583
62.42872752,-0.15058382864960143,-0.01061950391132823,0.988540204890982
62.43883273,-0.15308531262273384,-0.00992120381416057,0.9881631731521257
62.448309076,-0.15540042267045648,-0.008873920086261141,0.987811703806017
62.457989289,-0.1567712100415289,-0.010173718151618232,0.9875825449860313
62.470286751,-0.1572919637912953,-0.010556634276530504,0.9874957192815721
62.479860669,-0.15933067245829868,-0.011299191531160758,0.9871606075430323
62.488456709,-0.16070441547033165,-0.012056680935907485,0.9869289373066071
62.498223532,-0.1603862945243949,-0.011078008474498803,0.9869921551142
62.508353362,-0.1594849266840921,-0.010165215192859255,0.987148026671103
62.518671406,-0.15936171912186153,-0.010771567458768606,0.9871614942920971
62.529574166,-0.15718916514124442,-0.008919143084129444,0.9875282351653767
62.538243488,-0.156642172037268,-0.009146560430540915,0.9876130671329423
62.548437986,-0.15792775871438627,-0.01067748761902262,0.9873929381384071
62.558045844,-0.15919888831640547,-0.011148134876605181,0.9871835862936508
62.568514189,-0.1598811372320802,-0.01063237976863436,0.9870790112538268
62.579916917,-0.16084152562802206,-0.010164606282836993,0.9869279023377369
62.648625651,-0.1622816586329307,-0.009705857265279413,0.986696741459143
62.648987157,-0.1621084338526784,-0.010475457857403959,0.9867173457766464
62.649442721,-0.15866374147984005,-0.01207113293303076,0.9872588844317034
62.649808636,-0.15810632736875235,-0.012607346960817912,0.9873416045364313
62.650151852,-0.16023803733891842,-0.012150972698423055,0.9870036095436802
62.650424077,-0.1612093198765641,-0.011777348666668458,0.986849962883578
62.650736848,-0.16353632178988056,-0.009699881236691498,0.9864896267875455
62.658459208,-0.1612382066452295,-0.010918118348477494,0.9868551238198842
62.668143942,-0.15916436592189598,-0.013183104036670647,0.9871640747052333
62.679532635,-0.16133918103214953,-0.011367897673163293,0.9868335419747183
62.688560446,-0.16481486874504714,-0.008369963690023753,0.9862890056917296
62.69957238,-0.16484080703580886,-0.00791193435592535,0.9862884515346061
62.708086483,-0.16539499465654464,-0.008727229326119721,0.9861887908564216
62.718201781,-0.16341689900709797,-0.010368553324080864,0.9865026154151189
62.729497653,-0.1612067398628559,-0.00838310641582021,0.9868850543754377
62.738178975,-0.16041197345744473,-0.007734416576124054,0.9870198465946441
62.748713698,-0.1627406267254464,-0.00847830523727883,0.9866324577842108
62.758314711,-0.16361768164734355,-0.008539801731598037,0.9864868605504756
62.768264483,-0.16431359204613075,-0.008181717011963413,0.9863742205550762
62.77906972,-0.16477336882268334,-0.007688163744423793,0.9863014899436495
62.788088005,-0.16312949367084256,-0.009549222082632279,0.986558452729645
62.799792625,-0.16296021232924934,-0.009600039411755315,0.9865859356593824
62.808051978,-0.16322848996347947,-0.009256758700506254,0.9865448659248108
62.818123216,-0.16492358997955167,-0.008692205407230851,0.9862680442118235
62.829435497,-0.1666887567626808,-0.0073259022470642445,0.9859823474713826
62.838055236,-0.16742718576228832,-0.006720863004734884,0.9858615356469649
62.848298752,-0.16771632143963924,-0.006521710372219401,0.9858137262265
62.879773366,-0.16727067695279543,-0.007114216147651807,0.9858853425020366
62.880077446,-0.16590991389361887,-0.007418417575000534,0.9861130095240073
62.880342331,-0.16086650133498678,-0.008761947817827272,0.9869372811980903
62.889817107,-0.16104047653039166,-0.00680622100325214,0.9869243336115082
62.898335449,-0.1622796443460073,-0.006165478654026422,0.9867255463926634
62.908762653,-0.1629824090875063,-0.00587263721129251,0.9866114972268555
62.918014807,-0.16342814188119484,-0.00549176153975857,0.9865399550937867
62.928548593,-0.1623916332635951,-0.005727523120275847,0.986709761239286
62.938896138,-0.16231181153718255,-0.00574265814441169,0.986722806928549
62.969629944,-0.16185591635177177,-0.005732565179963659,0.9867977503208982
62.969895926,-0.16127407856585396,-0.005615496026308258,0.9868936810959494
62.970234517,-0.159828934804927,-0.00670442986865886,0.9871219591414522
62.978213709,-0.16091607675819405,-0.0066602193698065,0.9869456204465863
62.988089561,-0.16254809043955998,-0.00528857676674819,0.9866864493091181
62.998507791,-0.16351325909007453,-0.004332564115598558,0.9865316229041655
63.008028951,-0.16457667193548628,-0.0036757217859124387,0.9863574444003512
63.019525678,-0.16630048315978657,-0.003439177020190274,0.9860691260567108
63.028543311,-0.16714139566306907,-0.002387262840160604,0.9859300456076656
63.038088916,-0.16646243740999758,-0.0012823927333815844,0.9860469625734873
63.04862534,-0.1638498747991636,-0.0002662862155199923,0.9864852495703876
63.058154846,-0.161978780888451,-0.0012862757779928376,0.986793402914974
63.069866345,-0.16256979879997743,-0.0019167454361860012,0.9866951842413482
63.08038886,-0.1626234221350326,-0.004142255246357972,0.9866795144800388
63.08807052,-0.163730804190972,-0.0032514024177672787,0.9864996969798294
63.098405152,-0.165319149423476,-0.0007014098591289343,0.9862398728798729
63.108132881,-0.16486104746051447,0.0001747763948975405,0.9863167870838626
63.118100257,-0.16580270954235035,0.0009560940102101395,0.9861584798563863
63.129261361,-0.16440077482795148,0.0004221699350065487,0.9863935355670754
63.138188434,-0.16380932611598312,0.00044549817506295573,0.9864919189779527
63.148466165,-0.16573413476411522,0.002993429895447039,0.986165927190476
63.1595906,-0.16661548832423592,0.004888605491782695,0.9860098278348052
63.167938495,-0.16883315532044132,0.006013963266895797,0.9856262972903921
63.18290494,-0.1710721592135472,0.006942445184827034,0.9852340426502073
63.188888805,-0.17380975405597968,0.007593934686393707,0.9847499690535556
63.198387711,-0.17871576679328235,0.00929813923926767,0.9838568083345138
63.208146483,-0.1834909707599402,0.011370338416541786,0.9829556343263252
63.219187883,-0.18703613175888537,0.014925062285168498,0.9822396489311847
63.228905219,-0.19083033017569803,0.01745426913835484,0.9814678464289495
63.238315911,-0.19568902130804758,0.019712849217520072,0.980467852871896
63.251063856,-0.19956436976520364,0.021732165811549527,0.9796436981318036
63.257925617,-0.20320988901229176,0.02237044643489905,0.9788796167731327
63.286726407,-0.208438205011736,0.02377450039233531,0.9777465355717607
63.287120257,-0.2118494653279304,0.026232107020490135,0.9769501935111818
63.28784459,-0.2153056433825238,0.027254160233461812,0.9761663232654598
63.298504957,-0.21975680109340767,0.029124764988988895,0.975119836962375
63.308069669,-0.22194900777599838,0.030684647294651507,0.974575338477048
63.318027628,-0.22455722532973332,0.0314433288781929,0.9739534740536989
63.32976158,-0.22704560497420864,0.03371122929744431,0.9733004912570172
63.338359943,-0.22833271049491832,0.03420851919000283,0.9729819888018849
63.348108343,-0.23215427301374875,0.03716949980807374,0.971968529225857
63.359169324,-0.23539968702496072,0.037911809054612125,0.971158937601234
63.367882943,-0.23863281711221085,0.03926967454635571,0.9703155524148387
63.378969541,-0.2410257130467903,0.03978018277809673,0.9697031209130079
63.38797509,-0.24127900639189598,0.0404525119370825,0.9696123118816714
63.398951125,-0.2410947979894769,0.040332969469434835,0.9696631115785478
63.408313081,-0.24158559380015446,0.03961543563422407,0.9695705328276728
63.420002273,-0.24197074941849034,0.03937589831208326,0.9694842417790867
63.428962947,-0.24127970297496643,0.0399765200845786,0.9696318800319218
63.439406645,-0.24249436120202764,0.04167522878716849,0.9692572723950839
63.448336171,-0.24470232236435702,0.04223876702082492,0.9686777895616534
63.458010615,-0.24738498308976484,0.04414168722498362,0.9679112467528252
63.468089615,-0.24849825157123648,0.044201672795734004,0.9676232898644479
63.479030994,-0.24965947972170338,0.044525695583211886,0.9673094678632684
63.488623808,-0.25290807030501444,0.046563756876350726,0.9663691450580125
63.501271541,-0.24987286220289281,0.04566417749479114,0.9672012901295463
63.508857175,-0.2468292276682093,0.045020131726804184,0.9680126652621941
63.51901365,-0.24736686299871766,0.046008076197119684,0.9678289580369115
63.53213416,-0.2488513197232914,0.04677926133763193,0.9674113506573518
63.538983731,-0.24820388756666414,0.04599898293851585,0.9676150700383995
63.552902215,-0.24896008449202991,0.04762679094003436,0.9673420104153834
63.55836379,-0.24827743832697763,0.045500274873732136,0.96761977997776
63.568386683,-0.24845350174729613,0.04443753797128087,0.9676239779421331
63.581147537,-0.24894730136264956,0.04454975246389801,0.9674918918004737
63.5894195,-0.25115900628656324,0.046067997540088786,0.9668489505418065
63.599978505,-0.2529260757167118,0.047133677799498105,0.9663368029003332
63.609614601,-0.25364463400224774,0.047153307412990265,0.966147486278302
63.619003822,-0.25350091114860723,0.04711518133126044,0.9661870666361397
63.62934993,-0.25343269357198905,0.047102311295959404,0.9662055899752522
63.638743858,-0.2535645379188593,0.04711736478847727,0.9661702640039098
63.648029863,-0.253535418662645,0.04718833450165466,0.9661744421016928
63.659109449,-0.2536613961859094,0.047033804687999156,0.9661489105213473
63.66798136,-0.25332515123705596,0.046905418137392484,0.966243369705624
63.679699405,-0.25308340334994817,0.04672315852900356,0.9663155475339725
63.68854347,-0.2536293192138341,0.04695490665748926,0.9661611693583599
63.698857591,-0.2534836294994286,0.046928873831641696,0.9662006677583546
63.708109579,-0.2536911875207339,0.046852282305267876,0.9661499081494068
63.718555804,-0.25399898196626,0.04710886486415448,0.9660565573564077
63.729434114,-0.2540288580799156,0.04709645551821578,0.966049306785236
63.738278539,-0.25435079438940933,0.047417242884082375,0.9659489005484443
63.748360226,-0.2541065545139954,0.047259071728523484,0.9660209309804753
63.757863059,-0.25395096558390573,0.04719997868248964,0.9660647333855918
63.768428091,-0.25441091983071934,0.04759127941505747,0.9659245073992715
63.790095261,-0.25457130832157443,0.04746423278688727,0.9658885005969343
63.79035589,-0.25456877732318817,0.04739714332273387,0.9658924621390422
63.799003869,-0.2552864678929792,0.047892141062443994,0.9656786018832466
63.808107315,-0.25519271604883687,0.0481259361336198,0.9656917582473616
63.819324973,-0.25431678670881186,0.04767787236187012,0.9659450256019491
63.830024097,-0.2541718504931884,0.04770708657278165,0.9659817308353227
63.838569271,-0.2546142167306616,0.04764160790888712,0.9658684578318559
63.849291039,-0.2552120348858325,0.04797911604468866,0.9656939585981695
63.859911327,-0.2551144505931053,0.04827394834280409,0.9657050496968391
63.868976736,-0.2553225349941577,0.047994634149482164,0.9656639779017412
63.878759606,-0.2556837868586823,0.04841580737062342,0.9655473632785989
63.888991558,-0.2556997773751495,0.049151438605624403,0.9655059605892118
63.898775376,-0.2542698985096232,0.04913622125606977,0.965884284204159
63.908295064,-0.2531907551663167,0.04930925423912002,0.9661589097786617
63.917974914,-0.2533284616087183,0.048206657647239165,0.9661784559269794
63.928900423,-0.2532675097035312,0.04843118928004523,0.9661832064538755
63.940465171,-0.25392843564652234,0.04907033295505327,0.9659774593611334
63.95074971,-0.25500332456516317,0.04918631309598066,0.9656883612557097
63.957919255,-0.25641923043093184,0.04947758384999183,0.9652984755823328
63.969203716,-0.25498411855884445,0.04776296058570512,0.9657648776378532
63.978700278,-0.256727758892993,0.04871260236119877,0.965255375631227
63.988153594,-0.2600126758993542,0.05087124667757192,0.9642642400468489
63.999401552,-0.26051388568868444,0.05159374763134008,0.9640905562076297
64.008455223,-0.25761252013565555,0.050668534549977974,0.9649189028493091
64.019647616,-0.25738251092820974,0.051229377879406,0.9649506691589882
64.0287598,-0.25755297013922446,0.050061434294668646,0.9649664866557928
64.038139414,-0.25858796859114425,0.05002053498943143,0.9646917686905371
64.049205616,-0.25916666220764095,0.05027207038797957,0.9645233849622603
64.058169574,-0.2583832575096362,0.05021535116433725,0.9647364980895827
64.070532587,-0.2590865768707144,0.050764094223538725,0.9645191301488422
64.088280749,-0.2595376804197155,0.05107230416582369,0.9643815698101802
64.088560025,-0.2595784808447437,0.051534800332821346,0.9643459838859657
64.098791341,-0.2588520988142402,0.05183387020587119,0.9645251893231944
64.109472136,-0.2556491708494791,0.04876103413192813,0.9655391566344469
64.118150423,-0.2546075106689374,0.04775074648239162,0.965864836155319
64.129367762,-0.25438293275234874,0.047195515704413354,0.9659512962989948
64.138956021,-0.2540350879127888,0.046079889502970324,0.9660966917925636
64.148794427,-0.2530133033979634,0.046527341583739175,0.9663433524316293
64.158279232,-0.2547610053930305,0.04781565533067213,0.9658211497148065
64.167982372,-0.2526820150225562,0.04786798501758653,0.9663645561042151
64.178920404,-0.25187339366628175,0.048995168189762114,0.9665191498656855
64.188814243,-0.25083785629685207,0.04859315358357583,0.9668087066598039
64.200365442,-0.24790145480150066,0.045910507078122595,0.9676967986136614
64.208160804,-0.24490954974860907,0.04340642136393477,0.9685737943111564
64.21936827,-0.24398403004000344,0.043024090665463796,0.9688244013792431
64.228879369,-0.24368225590344528,0.043616653520724635,0.968873854376028
64.239361978,-0.2436508544106444,0.044645623950115135,0.9688348824268601
64.249957016,-0.24361371887944985,0.04550432548830405,0.968804269362795
64.257886397,-0.24213211142859414,0.044027865614745816,0.9692438226083987
64.269927786,-0.24004038569712716,0.04165396851755641,0.9698688365656012
64.2789407,-0.2377307487582766,0.039804185609720516,0.9705151816961836
64.313103038,-0.2375939373770235,0.04005643590903115,0.9705383057169609
64.313438349,-0.23798876994165388,0.04012475025170337,0.9704387408790403
64.313715247,-0.23711578710793335,0.04059198776240675,0.9706329862691057
64.318622174,-0.23398813352042558,0.04069333542628654,0.971387464312522
64.33069,-0.23413302391747778,0.04031928126635835,0.9713681499150679
64.338227943,-0.2330655667185182,0.03890228249310771,0.9716825891344367
64.350093025,-0.23139202247586513,0.038829595863573985,0.9720853843256775
64.358056096,-0.2300701044540955,0.040429661309134314,0.9723338878815807
64.367899487,-0.23010399296131442,0.04014011935623363,0.9723378647575783
64.379044561,-0.229082568570585,0.03856522406842016,0.9726427403058411
64.396844182,-0.22863256085013728,0.03924947775216674,0.9727212502126652
64.398217699,-0.22588848964963001,0.037332952303040824,0.9734375382715359
64.408476269,-0.22473289499777943,0.03615137629753638,0.9737495591258108
64.418306663,-0.22407248478125857,0.035689347562815506,0.9739187810256528
64.429412916,-0.22269893340409838,0.03503336772056382,0.974257588221325
64.438466381,-0.22260335729237657,0.035541658969516915,0.9742610203635662
64.449327382,-0.22003083359203013,0.03510813115667149,0.974860939516751
64.457980691,-0.2163364893007195,0.03346225175685662,0.9757452542054205
64.468287389,-0.21485566109797838,0.03248888611865728,0.9761052797587563
64.479002041,-0.21417317863919155,0.03233528693094598,0.9762603539889749
64.510763098,-0.21281336709316112,0.03159626257514005,0.976581869060528
64.511056002,-0.21096720771949745,0.030952926221701482,0.9770029445325906
64.511412662,-0.20861812031346436,0.028434416198077028,0.9775837375142611
64.518564744,-0.21155755058509762,0.030132440667587246,0.9769009360267029
64.529423707,-0.20771199114252895,0.029397107303389215,0.9777481980642047
64.538355405,-0.20356267385614857,0.026557155439918576,0.9787016681846801
64.555040293,-0.20347671656578584,0.027371864876464137,0.9786970965670593
64.557874777,-0.20092263403655056,0.025743553233473493,0.979268790781535
64.569147868,-0.20019654210324678,0.025259798998852074,0.9794300827953165
64.582901942,-0.2013201679167573,0.026104811273560437,0.9791775777755231
64.588332017,-0.19780396587994162,0.02454843212112557,0.9799341638919226
64.598416894,-0.19498490748184807,0.023476677793595274,0.9805252324413027
64.608814696,-0.19189880019304026,0.02281114278330757,0.9811495819952181
64.618033352,-0.18739784177630978,0.021166093085679724,0.9820560296648403
64.629146482,-0.1830796138633567,0.02019997645848217,0.982890541178783
64.648467909,-0.1784644891565271,0.017756907766180854,0.9837861141206878
64.648769157,-0.17279694103403773,0.015681788030765625,0.9848326247101269
64.659085411,-0.1710487533536297,0.015489682624020791,0.985140798925908
64.668127054,-0.16788423019196985,0.01432826670628863,0.9857025849748206
64.858859753,-0.16536121602673157,0.013731535753434757,0.9861374717350583
64.859316875,-0.161920371881297,0.013504287845844655,0.9867114205174679
64.859715959,-0.15683445632643142,0.012585564570713635,0.9875447113286715
64.860121661,-0.15149490887886782,0.010246434590698067,0.9884049287422448
64.860577417,-0.1481116923197198,0.0093419591287431,0.9889265161769228
64.860999781,-0.1458600482125123,0.008486802466889935,0.9892688312684937
64.86127629,-0.1410892527819295,0.006119606635169571,0.989977965999278
64.861920741,-0.13426994349389776,0.005358581504088556,0.9909303042486941
64.862475436,-0.12890639444006544,0.0035633912613731397,0.9916503636439513
64.862908754,-0.12273329682863476,0.0009669357491080506,0.9924392187357529
64.863314589,-0.12016310828583672,0.00034047901046100866,0.992754104237867
64.863917787,-0.11500457100787909,-0.0006560859226737638,0.9933647458001296
64.864508151,-0.11207421372066524,-0.0021246760948456186,0.9936975678597522
64.865033018,-0.1080223504027119,-0.005145424478788987,0.9941351499773091
64.865290312,-0.0995343120994949,-0.005165561971832598,0.9950207222386858
64.865539647,-0.09623402538438947,-0.007157932089551925,0.9953329977281563
64.865795438,-0.09180798015236839,-0.00892341576153541,0.9957367460486176
64.866064381,-0.08663628873645937,-0.011223981703162718,0.9961767793462664
64.86633337,-0.08089146454055623,-0.01361394400858845,0.9966299370844802
64.868131208,-0.07487884431814108,-0.015914685668394428,0.9970656354792576
64.880140316,-0.07042178436750031,-0.0171931243292816,0.9973691236258997
64.888349084,-0.06530515902364312,-0.016984611227705972,0.9977207821762261
64.898977702,-0.05967980275459462,-0.019721191188689775,0.998022743108228
64.908788184,-0.05763654293061809,-0.019780533382857846,0.9981416529822291
64.918161219,-0.05656392957732516,-0.018563769223031178,0.9982263813098738
64.930287691,-0.05204299042163865,-0.01967225370365566,0.9984510651915758
64.93879316,-0.04741489880736138,-0.022970160873567833,0.9986111350673645
64.948314686,-0.04846154019988191,-0.022383471610964788,0.998574213226086
64.958180808,-0.046573265709538195,-0.021194952268035486,0.9986899944024196
64.968285907,-0.04736108188761532,-0.01858400403085359,0.9987049427716957
64.979282119,-0.04396595304683479,-0.022347448949129475,0.998783052768793
64.988075096,-0.04491726716809615,-0.024451842388456383,0.9986914170623277
64.998317671,-0.04539898782693208,-0.02508907725998692,0.9986538289650387
65.008566232,-0.04455531082691986,-0.024738585991265417,0.9987005690597504
65.018663505,-0.04564129779378542,-0.023903433693522765,0.9986718669279507
65.028360777,-0.04659512498220431,-0.022239370757803627,0.9986662629308101
65.038072291,-0.04695703840757239,-0.019862811608149688,0.9986994068582443
65.050393153,-0.04817494960359797,-0.020298302968959413,0.9986326417293153
65.058010313,-0.046686560850987005,-0.022191895728504378,0.9986630486805258
65.067938659,-0.04531294656848398,-0.02049355741637934,0.9987626099217488
65.079575903,-0.04475737686730786,-0.019706720935593027,0.998803495371299
65.088459439,-0.04540462055034486,-0.0191628188281546,0.9987848651272397
65.100430587,-0.044222531914523064,-0.019534899055654288,0.9988306940567828
65.108794021,-0.045249987475945726,-0.020421498297617982,0.9987669403022446
65.120740074,-0.04325716655402023,-0.02085574151447203,0.9988462622383885
65.129910262,-0.04246153059592452,-0.02268178368638868,0.9988406054562737
65.1388876,-0.04172600937857523,-0.023432537742350084,0.9988542718116054
65.151143857,-0.04097130010575163,-0.022452192194727622,0.9989080296169891
65.161347989,-0.040176886549397224,-0.022460886993427374,0.9989401014788951
65.170078064,-0.0397824371374227,-0.022192508462814415,0.9989618862917319
65.180434652,-0.03949280922182798,-0.021362200875149978,0.9989914786391013
65.188523479,-0.03987336417760192,-0.02113546824528093,0.9989811844130064
65.198209321,-0.04012513731273425,-0.02286717518604295,0.9989329635439234
65.208321753,-0.04079653298279397,-0.02386128737226635,0.9988825165461261
65.219142875,-0.04119297669913736,-0.02363708651506266,0.998871576736341
65.22871288,-0.03965010055175669,-0.024788667604106016,0.9989060974309092
65.238041226,-0.04040004860797741,-0.026096492946924985,0.9988427349329545
65.254472283,-0.03843729260594151,-0.027946048856864143,0.9988701581739314
65.258005235,-0.03751672352910837,-0.028209410617976098,0.9988977548319082
65.268663731,-0.03696215020899579,-0.027864753324157086,0.9989281030054724
65.279533094,-0.03744709033689254,-0.027813820617606063,0.9989114609453396
65.288333087,-0.03707775061349429,-0.027307437035834648,0.9989392095077546
65.300907321,-0.037618668288468035,-0.02737600357666621,0.9989171087854952
65.308748858,-0.036660379658407,-0.025339129180297675,0.9990064790058599
65.319642527,-0.03604051869886581,-0.023517325195754467,0.9990735790859219
65.328677765,-0.035905824243964025,-0.025000343760242592,0.9990424188177554
65.338283512,-0.03679714989894492,-0.027100205266451915,0.998955228543217
65.348850743,-0.037300015593903,-0.027693641018987008,0.9989203026687395
65.359107679,-0.038966558920513795,-0.02723166965150501,0.9988693825790664
65.695958732,-0.03830299537058612,-0.028955740101515158,0.9988465576157404
65.696777778,-0.03855088961122542,-0.029320444119284604,0.9988263815432747
65.697589342,-0.038709480314660566,-0.029887307417009335,0.9988034466245751
65.698184906,-0.04015450020405679,-0.029255473129227955,0.9987651042188788
65.698433441,-0.040074743247266474,-0.02940003147335316,0.9987640627811114
65.698909376,-0.04062538342886049,-0.027826506933709173,0.9987868960559736
65.699447442,-0.038911894735354044,-0.028203383357748663,0.9988445492744509
65.699734674,-0.03801442980765453,-0.0278434709828299,0.9988892051924615
65.700029081,-0.03648766120373958,-0.027693207562906715,0.9989503175007048
65.700605488,-0.03678011942820392,-0.028851342965865036,0.9989068138840146
65.701262735,-0.03460815204648471,-0.0300269902228511,0.998949776350185
65.701544891,-0.03380632954963897,-0.03208659052381425,0.9989132008292505
65.701884361,-0.032995268757187224,-0.0321526586892097,0.9989381956752161
65.702200633,-0.03218625891073865,-0.03372995944835461,0.9989125760410383
65.702522278,-0.03149261654566422,-0.03439266656534316,0.9989120880185769
65.702777754,-0.03159447007550098,-0.03474106517859876,0.9988968154173407
65.703032943,-0.03228434454647626,-0.034989105074984816,0.9988660989458277
65.703288994,-0.03101478745435746,-0.03503219965285057,0.9989048142574166
65.703592813,-0.030708107747829175,-0.035925149367921086,0.9988825735597956
65.703896767,-0.03085598779975946,-0.036739043016504304,0.99884841229044
65.7041616,-0.030020562948040532,-0.0380050423469082,0.9988265027303254
65.704431012,-0.02919589909202611,-0.03825929725147393,0.9988412414643437
65.704699441,-0.028912412232627714,-0.03789168646259617,0.9988635004423332
65.704955666,-0.028840211979500457,-0.0379849383245708,0.9988620458469007
65.705210753,-0.029945291492218917,-0.03665255733951113,0.9988793068023385
65.705453187,-0.02822193017321093,-0.03565256669344375,0.9989656736572424
65.705761898,-0.027113981667356322,-0.035379128237587334,0.9990060807038617
65.706027168,-0.02766097308550046,-0.035407563798136116,0.9989900775252196
65.706355006,-0.027616699426484724,-0.03553032301209191,0.9989869438883792
65.70663778,-0.028527696299169115,-0.03699050448848471,0.9989083407007622
65.706879873,-0.027993399107186734,-0.03636548551976965,0.9989464055039876
65.70715173,-0.02809871385944525,-0.034853653107087275,0.9989973399086385
65.707393784,-0.02699163466352529,-0.0348212334287905,0.999028995255237
65.707635525,-0.027071516074997734,-0.034327935673967525,0.9990439058668868
65.70817992,-0.026324974766977823,-0.036568233045558785,0.9989843642597434
65.718791666,-0.02603100593022437,-0.03601306885824309,0.9990122349609498
65.729056265,-0.02669509840629554,-0.03586819575584757,0.9989999220491954
65.73848477,-0.02592310246304921,-0.03852379235050032,0.9989213733731128
65.748173251,-0.02564755135539338,-0.03960609371800698,0.9988861599050579
65.75850229,-0.025538205044453463,-0.03907433287028281,0.9989099041424355
65.768728801,-0.025020333615067045,-0.03760109172068709,0.9989795497442394
65.77952385,-0.024544483345086743,-0.0357363923254582,0.9990597973098927
65.78830858,-0.024829651179013302,-0.03556298403316217,0.9990589384961157
65.800160035,-0.024711596346020843,-0.03585986439249288,0.9990512535059367
65.808109604,-0.02426342299276686,-0.03520821420334696,0.9990854157464643
65.818627103,-0.025056549902393102,-0.035325720251796845,0.9990616911861252
65.82969297,-0.024712386747245237,-0.03434940091477588,0.9991043071661991
65.838113865,-0.024863167005315143,-0.03283627444235688,0.9991514409773986
65.853021769,-0.02454079451194789,-0.0335703819906654,0.9991350153296216
65.859038286,-0.023932383671015706,-0.03264217642640203,0.9991805288985425
65.868657611,-0.02387859728460357,-0.03170879259187071,0.9992118719591383
65.87909612,-0.024811939954822837,-0.030609728440572356,0.9992234045299744
65.88874494,-0.02496271264584941,-0.030933079449237746,0.9992096914928058
65.918790975,-0.025103930506095377,-0.030693840211712755,0.9992135311564807
65.919084371,-0.025321089641809798,-0.030554526793642574,0.9992123214371249
65.919431293,-0.02648572466005813,-0.02965090913164877,0.9992093524266566
65.929132611,-0.02625081876612428,-0.028535693469449435,0.9992480216204211
65.939434513,-0.0257870818234438,-0.027908141410042334,0.9992778202552423
65.949962239,-0.02659555271906916,-0.028747384416141393,0.9992328379636038
65.958944722,-0.0267542447175605,-0.02825939503056115,0.9992425216042898
65.969179782,-0.02718887259413973,-0.027753910916470895,0.9992449577735684
65.979711086,-0.02747725287601439,-0.02819689004744336,0.9992246674127095
65.989248081,-0.026107664072718226,-0.029210841640119806,0.9992322635940765
65.998567865,-0.026298064729061252,-0.0305992444306457,0.9991857174878851
66.008150637,-0.027658792639031163,-0.031309344872102546,0.9991269769721117
66.018559162,-0.028921259367763654,-0.02989866273843368,0.9991344407651236
66.028405067,-0.029621738767389896,-0.029808337278985655,0.9991166176283222
66.038641858,-0.030238257945312784,-0.030442951120458826,0.9990790131333508
66.050707377,-0.03084809067027461,-0.030039870425403306,0.9990725706808408
66.058069014,-0.028130449237800108,-0.0298921286858269,0.9991572140901097
66.074420781,-0.027194143318668706,-0.03049058705364206,0.9991650527667029
66.082281268,-0.026862242611628732,-0.03072139778825035,0.9991669608427863
66.088191979,-0.02889719926052624,-0.02861698968947359,0.9991726676485952
66.098936038,-0.029087722116950532,-0.027267931529926962,0.9992048660470616
66.109117901,-0.027427260526516544,-0.02584591757879516,0.9992896146385795
66.118233464,-0.02846860060068975,-0.026794626004081164,0.9992355011693389
66.129357124,-0.028935441454531183,-0.02818160748308231,0.999183935633225
66.138315149,-0.027813728122418203,-0.026291780463676577,0.9992673009800642
66.150157287,-0.028002947819470454,-0.026743179355912968,0.9992500374137384
66.158492586,-0.029748427178222247,-0.028753442641466613,0.9991437687423598
66.168238157,-0.029307976630708412,-0.029802330186494256,0.9991260499162601
66.179918985,-0.028840448759548675,-0.02965141582704258,0.9991441447833239
66.188494379,-0.028426144966691942,-0.029516684913189713,0.9991600070029165
66.198650831,-0.027479488543347717,-0.03230295391935814,0.9991002937030297
66.208085137,-0.027643114440289187,-0.03462966768076102,0.9990178398509013
66.219306894,-0.028227330890944372,-0.035719045561375784,0.9989631462546341
66.228854744,-0.028034410165617876,-0.03533984177313884,0.9989820656198566
66.2381835,-0.02774029201626176,-0.03858003627644071,0.9988703904910592
66.248191517,-0.027700169134727972,-0.03700492377612999,0.9989310968461391
66.258432213,-0.028716358372659585,-0.03735655655492299,0.9988893124086231
66.269317585,-0.027708612431675987,-0.03944349895918741,0.9988375459437674
66.278730691,-0.028205371393433168,-0.039700468782391314,0.9988134609640666
66.288414467,-0.027608936988439213,-0.03799881614270465,0.9988963092183901
66.302678012,-0.02965611770051718,-0.04083741475818478,0.9987255980692601
66.30763155,-0.030939368009545682,-0.04526554756796129,0.9984957614885216
66.318870261,-0.031577483728469136,-0.04637301970159921,0.9984249624108632
66.329844581,-0.031835229254928724,-0.04603713390184444,0.9984323214321489
66.338140595,-0.032884962832372314,-0.04518530434545787,0.9984372125931213
66.353087112,-0.034806202295451734,-0.04748744010930072,0.9982652309449798
66.360062688,-0.03148221685034889,-0.04675389440212639,0.9984102079708633
66.368674198,-0.03158758621895088,-0.04798690141907377,0.998348376915121
66.379491585,-0.03522749240706265,-0.052445271909145656,0.9980022631402627
66.389454167,-0.0358694028100864,-0.052929736252668495,0.9979538210570021
66.401146703,-0.035312583969805966,-0.051638633684852955,0.9980413182451602
66.408579105,-0.0355834262645578,-0.050048709518860174,0.9981126922601333
66.418192114,-0.03572174449044876,-0.05253862691436552,0.9979797841902972
66.429305062,-0.03538974889497994,-0.05296477424668032,0.9979690868770178
66.439243018,-0.03605366040260945,-0.05610905551663437,0.9977734750235671
66.449011121,-0.03794565600669789,-0.053353882625610236,0.997854443493135
66.458253116,-0.04001511053854017,-0.05008691078363915,0.9979429303806607
66.468160434,-0.03785268130070869,-0.053381883653096145,0.9978564771629206
66.479378937,-0.03942500909019305,-0.05522232226281424,0.9976954263612418
66.508419405,-0.04126090350901267,-0.05615651966336573,0.9975690367793689
66.50880902,-0.042122335965750685,-0.05506165947703923,0.9975940669773568
66.50922519,-0.04193879711025426,-0.053304012436370306,0.9976972584682833
66.519097493,-0.04319028079322921,-0.05464447986284739,0.99757134104059
66.529356087,-0.042136822232248725,-0.05258296676982711,0.9977271770468374
66.54266222,-0.043056690818692095,-0.053091716869455664,0.9976609599335825
66.553136071,-0.046712788352831505,-0.05666549960875864,0.9972998228007429
66.558146865,-0.04651602421261562,-0.05747315533491099,0.9972628018267304
66.56947801,-0.046395016981056525,-0.055003919781979486,0.9974076755308959
66.584491629,-0.04577019774292065,-0.05663197778493432,0.9973454306762232
66.69985666,-0.04518899280131671,-0.05281032252729387,0.9975815880238397
66.700301211,-0.04583915339421477,-0.05216763392462367,0.9975857406693462
66.700570289,-0.04878172442814021,-0.05403008540291694,0.9973470274850026
66.700908736,-0.048519394250064574,-0.05708442346663589,0.9971896695108152
66.701146221,-0.04716338602246787,-0.05689066738238777,0.9972657955548672
66.701384774,-0.04762347777618419,-0.05732757456643767,0.9972189095473626
66.701643734,-0.046797941605752104,-0.05408233130219777,0.9974392483266257
66.701876619,-0.04753163204746695,-0.055088812703946846,0.9973494706820543
66.702235516,-0.04877555399407117,-0.05698774097077308,0.99718270277398
66.702531115,-0.04871426431269923,-0.05915757574696755,0.9970593270634475
66.702907256,-0.04955275838638347,-0.06023612188975729,0.9969534260716412
66.703360831,-0.05318172339398415,-0.05673400247909934,0.9969718939165474
66.708183155,-0.05081710752351692,-0.057746126852370065,0.9970371138611106
66.719592988,-0.05083929594487662,-0.054764798457593966,0.9972041831228591
66.866015687,-0.054019408433269606,-0.054732522524731625,0.9970387427229693
66.866407089,-0.05439913742503907,-0.05652454164345543,0.9969181059843427
66.866748587,-0.0533922275923462,-0.0572299143363039,0.9969322980713318
66.867247413,-0.05377436579529261,-0.05569931388944815,0.9969984473486199
66.86759612,-0.0548662645272338,-0.05552246476405179,0.9969488196107923
66.867875145,-0.05265830447971673,-0.053979133644973865,0.9971526242758727
66.868397352,-0.052294346491528296,-0.053162686663861314,0.997215638701933
66.868706137,-0.05592885437043253,-0.05667690593820314,0.9968248048589498
66.868968905,-0.05686420602349694,-0.057741413412054514,0.9967107861614098
66.869284882,-0.05475824947884838,-0.05828536150996075,0.996797045916402
66.869606147,-0.05313899188090396,-0.054748469367869645,0.9970851782288999
66.869853583,-0.054905257989746346,-0.054247441312078384,0.9970168643288699
66.870110267,-0.055794359382357515,-0.05558134758281109,0.9968940281002747
66.870365114,-0.05834443086075016,-0.05725819829090503,0.996653112229132
66.870620532,-0.060123789456091106,-0.05687166927283423,0.9965694873793604
66.879027437,-0.06018497503389895,-0.05584418736106345,0.9966238987291802
66.889605894,-0.06081542922073533,-0.05711403650779623,0.99651365791066
66.898978154,-0.0603318325437138,-0.05605006132750369,0.9966034620685905
66.910560953,-0.058528056721448896,-0.053425562782360034,0.996855142845639
66.91846555,-0.059906664626870866,-0.0544726662535606,0.9967165696247413
66.929239045,-0.061798895555141564,-0.055179760864112214,0.9965621357944242
66.939554721,-0.0593388037810067,-0.05478941209092267,0.9967331772789398
66.949036779,-0.06220496157302515,-0.053253732928515846,0.9966416520921033
66.958606469,-0.06488980521284379,-0.055117158429089146,0.9963691143477612
66.969586335,-0.06376440410234424,-0.05664751131099242,0.9963559405311657
66.97912898,-0.06336457536766504,-0.05778338068177084,0.9963162206375349
66.989605046,-0.061781951672238544,-0.05412724616110799,0.9966209066995253
67.001082515,-0.062491278865101405,-0.05406317863042815,0.9965801587339468
67.026192554,-0.06563034863342017,-0.05420917786513559,0.9963704242767555
67.026488151,-0.06337546207161102,-0.0527973075883149,0.9965921909781528
67.028595358,-0.06391598240204138,-0.05437869791310721,0.9964726310375299
67.038216533,-0.0653116154999703,-0.05560755265331969,0.9963143043079792
67.054690787,-0.06513625377485528,-0.05813454426274383,0.9961815312519805
67.057808938,-0.06644858748994051,-0.05745083508873388,0.9961345224256607
67.068433779,-0.06630824684231269,-0.05763530472220077,0.9961332180237129
67.081420621,-0.06607232603416123,-0.055913352023033464,0.9962470300071082
67.088702804,-0.06510744193531655,-0.05571852325200806,0.9963214677860027
67.101202634,-0.06505655755952783,-0.05484350391223425,0.9963733408703449
67.107998772,-0.0646559767910409,-0.05251111159015854,0.9965250562955065
67.118374795,-0.06722115426988885,-0.05478269075132646,0.9962329914295492
67.128966843,-0.06752400889339541,-0.05749752255966075,0.9960595078219302
67.138233864,-0.06854711346656356,-0.05861822402098002,0.9959242928295444
67.148278253,-0.07047747715951204,-0.05761664527480063,0.9958480041655494
67.15850048,-0.06958799626619937,-0.05545240483385702,0.9960334038443678
67.168347392,-0.0701598518971247,-0.05670382091589423,0.9959228242566348
67.179876045,-0.07040489520665989,-0.058135073580752324,0.9958230083457099
67.188605397,-0.06984314485041215,-0.06074885500241886,0.9957065389628108
67.200460913,-0.07154768602861723,-0.06100716300771209,0.9955697136241646
67.208705911,-0.07278098363216938,-0.06144836877812454,0.995453176395576
67.218676607,-0.07198678268503328,-0.05832619513644212,0.9956987285718325
67.228573412,-0.07315631900836009,-0.06010040919585015,0.9955079576797157
67.238369251,-0.07571512731910168,-0.06411245963468189,0.9950662349887286
67.271726602,-0.07677899438829926,-0.0639046399955338,0.9949980819115999
67.272101332,-0.07796480002851675,-0.06381492244275706,0.9949116270454067
67.273293296,-0.07943568857075067,-0.06461001970366217,0.9947439453121507
67.280324763,-0.08056249967416965,-0.06488052822865413,0.9946357125616495
67.288894783,-0.08164161935392698,-0.06419563647975154,0.994592160760494
67.298791595,-0.08341765540849824,-0.06559971373435598,0.9943531426631685
67.311316388,-0.08537934649520335,-0.07169394626456695,0.9937657396293482
67.322780695,-0.08846262782684126,-0.0721718860643422,0.9934614146205606
67.329660589,-0.08903705495332719,-0.07234718223823867,0.9933973465172058
67.338200718,-0.08711900341488223,-0.07115221901101101,0.9936536826147262
67.348571297,-0.0894282000031298,-0.07066026704054465,0.9934836303160507
67.358104343,-0.0907151214401849,-0.07298905426070317,0.9931985525061042
67.368458751,-0.0910768238069361,-0.07479329084251167,0.9930312058592055
67.379449339,-0.09121674537318088,-0.07438858803079647,0.9930487618109741
67.38805861,-0.09244910958578716,-0.07007117285764537,0.993248807133011
67.400124199,-0.09344669701097687,-0.0686895810236167,0.993251960117139
67.408289333,-0.09458181490309948,-0.07007695602467044,0.9930475822053808
67.418275269,-0.09566506387564226,-0.07423618584835372,0.9926415185072394
67.428667149,-0.09577217765857546,-0.07579871270531388,0.9925130957013875
67.438733331,-0.0976371794645414,-0.07522191319994843,0.9923752541053956
67.448373218,-0.09756220340877682,-0.0750400641256879,0.9923963952181796
67.458711665,-0.09750932523398075,-0.07424418358004017,0.9924614514916673
67.470073582,-0.09676269141493812,-0.07347976658942344,0.992591409116612
67.479231445,-0.09755641991411469,-0.07365643435465934,0.9925006169326541
67.488288305,-0.09865118144398625,-0.0741127604140336,0.9923584247354974
67.499503092,-0.10048376296997531,-0.0773188216751272,0.9919298428791039
67.508016911,-0.10239708569812277,-0.07844980455579263,0.991645332266375
67.523281985,-0.10265682861813555,-0.07858189140995145,0.991608018261501
67.528628859,-0.10229270878490662,-0.0777818629137869,0.9917087190960394
67.53854946,-0.10347455541419151,-0.07915548471755156,0.9914773954160352
67.549799818,-0.10433086791193383,-0.08121352732732456,0.9912211826730685
67.558175621,-0.10354308354577887,-0.08356954171757144,0.9911079464654428
67.56815151,-0.10562728069215836,-0.08312017647346072,0.990925786240625
67.580934396,-0.10596575645869648,-0.08257905988400593,0.9909348905588148
67.588332551,-0.10668668669307309,-0.08148457219517115,0.9909481395999612
67.668516686,-0.10645844006380584,-0.08361504559739531,0.9907951981559694
67.668766389,-0.10756496936501626,-0.0851247545015896,0.9905470980910233
67.669140619,-0.10713614447338222,-0.08605598349901196,0.9905131065520519
67.669469551,-0.10831972471234057,-0.08655618637882062,0.990340781669521
67.669774997,-0.10913602781799304,-0.08706134997886868,0.9902068717050834
67.670034262,-0.10970197247740383,-0.08721233951437345,0.9901310443931131
67.670335783,-0.11070675541056572,-0.08779098763994822,0.9899680584724276
67.670602692,-0.11158444566958028,-0.0882164143773796,0.9898316906014936
67.679630665,-0.11105061307291167,-0.08870938881403469,0.9898476679127809
67.688947504,-0.11152485733710962,-0.08869660520632298,0.9897954932312084
67.699266449,-0.11120033864635205,-0.0884404032189847,0.989854928645304
67.708129428,-0.11138764472738097,-0.08838211806983266,0.9898390747023362
67.72132246,-0.11087169721430616,-0.0884789480544963,0.9898883485060268
67.730430679,-0.11079613561619761,-0.08786875890958325,0.9899511591690807
67.73868377,-0.11136646115099053,-0.08743801846181902,0.9899253023628477
67.749649584,-0.11079693599109859,-0.08759401294380448,0.9899754178116673
67.758102098,-0.11031442595855755,-0.08801458981367752,0.989991999667353
67.769122983,-0.11000532079301835,-0.08852928361941424,0.9899805025044981
67.780082585,-0.11077394999302285,-0.08835905518134875,0.9899100006416759
67.788253638,-0.11029593577571253,-0.0886005497522719,0.9899417907811324
67.798940553,-0.11059024143955733,-0.08837754269714126,0.9899288906003074
67.808283208,-0.1104056973455867,-0.08859792281528632,0.9899297904732696
67.818293092,-0.11027647246085265,-0.08842678427031275,0.9899594958609178
67.829578369,-0.11014120774060662,-0.08883393443020793,0.9899381023332166
67.838424085,-0.1107871572595302,-0.08874714890525709,0.989873804758738
67.848987049,-0.11078198733197714,-0.08872861045210123,0.9898760452551708
67.858211715,-0.11131532181062952,-0.08875137411622708,0.9898141708031248
67.86846255,-0.11167218742535484,-0.0889907931156536,0.9897524747613837
67.87892743,-0.1108554451402344,-0.0900309008503072,0.9897502246399557
67.889770054,-0.11159579510860848,-0.09007875341177442,0.9896626681338739
67.898566384,-0.11174593866873017,-0.09046814987536453,0.9896102056108623
67.908547945,-0.11128658434254511,-0.0911879550187635,0.989595903894547
67.918497506,-0.1119317103510255,-0.09101420923584179,0.9895391381522354
67.928472123,-0.11139762477440429,-0.09168533441585526,0.9895374518671206
67.94013444,-0.11195237482979828,-0.09169298911592709,0.9894741338291542
67.948463509,-0.11186816357944533,-0.09072572849388734,0.9895728149896883
67.95809883,-0.11203363541843535,-0.09029578165639011,0.9895934197184169
67.968232262,-0.1128395741340636,-0.09021033004301789,0.9895096396007333
67.979209312,-0.114403235315365,-0.09003274507987935,0.9893462510985518
67.988697856,-0.11590402703448359,-0.09021168923335333,0.9891552495148851
67.998210973,-0.11671807764672842,-0.09014870828554573,0.9890652661704888
68.008098034,-0.11942003008665592,-0.08747740960248918,0.9889825879272803
68.018909345,-0.12054917117544986,-0.08775582345247102,0.9888209204800892
68.028115842,-0.1218733321396421,-0.0884907965795104,0.9885930759589125
68.038376118,-0.1217887175925236,-0.0884850932918085,0.9886040140179022
68.050390242,-0.11910456188675496,-0.0890664305671976,0.9888787965589023
68.058168718,-0.11966630169229181,-0.0908836955462146,0.9886456039062494
68.069039714,-0.11924616746303895,-0.09031975405198432,0.9887480435244187
68.088103396,-0.11608995820050935,-0.09123992853791289,0.9890391281670308
68.088444512,-0.11843652839498386,-0.09012509631634338,0.9888631127490367
68.098677928,-0.11648221988414988,-0.09124639905412049,0.9889924100368602
68.109524142,-0.11659753974583215,-0.09151409887430281,0.9889540856037976
68.118917106,-0.11661789931230125,-0.08995888979188775,0.9890943654209122
68.130339851,-0.11694455661332648,-0.08935175617786655,0.9891108301633562
68.140976633,-0.11961934094879845,-0.08924063405311496,0.9888009519133633
68.148294746,-0.1195204311704863,-0.08648455433020856,0.9890577780873706
68.158749531,-0.1196166946159575,-0.08489409961514004,0.9891839253746938
68.168300397,-0.11839115748540176,-0.0828943342680378,0.9895009162075221
68.179729334,-0.11568684088495353,-0.08573829503985216,0.9895784454047687
68.189010869,-0.1156283051124311,-0.08379386422079492,0.9897518291853639
68.198414907,-0.1127630698887054,-0.08531473960482153,0.9899524661696827
68.208024257,-0.11270143391822253,-0.08816720364931398,0.9897095184918839
68.218968432,-0.11287423356906008,-0.09063083387851278,0.9894672603712983
68.228695676,-0.11141736941826179,-0.0884453345044134,0.9898300826891032
68.238590945,-0.11026815742828154,-0.08915293256731306,0.9898952914687593
68.251842205,-0.10826337406833722,-0.09046792718365212,0.9899972706964564
68.258059342,-0.10659315263883623,-0.09113170096148689,0.9901176257851286
68.268891222,-0.10666723872955826,-0.09477805193643517,0.9897672560016045
68.28261683,-0.10609006800356838,-0.09444884239514115,0.9898607546727044
68.28807649,-0.10556310150327401,-0.0938225350285804,0.9899766479679307
68.300913473,-0.10587471938564766,-0.09304931547381104,0.990016347685666
68.308157374,-0.10485064955114437,-0.09419377370795402,0.9900171080760969
68.320111513,-0.10423678283842809,-0.09484421526312299,0.9900198320915682
68.329704379,-0.1052868589912063,-0.09448846014938805,0.9899427297689313
68.338292458,-0.10329853603417569,-0.09391627992921295,0.9902066172357434
68.350153229,-0.10202745761165358,-0.09398297789527847,0.9903320643901408
68.392820033,-0.10174100903208647,-0.09330902544069378,0.9904252585896833
68.393329934,-0.10158941747623577,-0.09346411025209116,0.9904261963173349
68.393876468,-0.10119915889259894,-0.09418131078027193,0.9903982082673314
68.394173787,-0.09986417420473886,-0.0914355265756516,0.9907909422225454
68.400096462,-0.0992613437003844,-0.09454034514194865,0.9905600985236764
68.408626819,-0.0977456281321318,-0.0936859795156055,0.9907919708108542
68.418015005,-0.09694143243394536,-0.0925384370235168,0.9909788072158252
68.428750229,-0.0957024077407462,-0.09266600828392355,0.9910873120272238
68.439410251,-0.09365552734461852,-0.0934891447468805,0.9912055397405215
68.448402749,-0.0911666854791053,-0.09478077557351182,0.9913149045789827
68.458252254,-0.09101987951442318,-0.09384505728641991,0.9914174129780496
68.468074957,-0.09025897115612076,-0.09326639775599796,0.9915415761204665
68.480284883,-0.08787952790085814,-0.09414716782753747,0.9916720724947212
68.488590095,-0.08528300310094021,-0.09278642275057264,0.9920269598832671
68.501255316,-0.08707525494053539,-0.09391319801871506,0.9917651996389764
68.508139475,-0.08410036926676852,-0.09646167176688096,0.9917773307396835
68.520256874,-0.08153911046473533,-0.0960038656056594,0.9920355997913533
68.528907208,-0.07921041728748666,-0.09263153914328458,0.9925447635996517
68.644853504,-0.07896516976008765,-0.0915156292963141,0.9926678153134916
68.645902409,-0.07947329186178989,-0.09399332417356071,0.9923957128542298
68.6463173,-0.07708686476658538,-0.09389327460027996,0.9925934053101979
68.64886901,-0.07691957150041584,-0.09156430075242289,0.9928239311921889
68.649470775,-0.07598091648086458,-0.0890668306892001,0.9931233558837035
68.649932971,-0.07643800144981483,-0.09056523136284615,0.9929527535600837
68.650722869,-0.07569075571873889,-0.08862822302261501,0.9931847499748373
68.651283691,-0.07339437189185555,-0.09002032311104649,0.993231900213431
68.651691737,-0.07155543421303305,-0.09060247882523667,0.9933131483400927
68.65203829,-0.0718874098068531,-0.08948965572115301,0.9933900552301554
68.652545924,-0.06922734978804951,-0.08802556904810517,0.9937097530139675
68.652915771,-0.06673926664801062,-0.08633302465801555,0.9940284096245361
68.66100708,-0.06408890981177855,-0.08797938387211728,0.9940584689305858
68.668325653,-0.06299734566051303,-0.08705064906705695,0.9942099974033322
68.683024779,-0.05843940752610914,-0.08622309654418465,0.9945604120767775
68.690100351,-0.054778107856949886,-0.08318847709107119,0.9950271534882256
68.698261529,-0.05320871625222754,-0.08148788405005233,0.9952530116848858
68.708374505,-0.04818326122338585,-0.0773585341052136,0.9958383556275444
68.719311039,-0.04435238708651904,-0.07653891298500856,0.9960796456904443
68.729459776,-0.041262408846863746,-0.07735749997698098,0.9961492010805739
68.738506041,-0.03776012367409129,-0.07811624287377339,0.9962289022405458
68.748562719,-0.03242797726670426,-0.07871031641669822,0.9963699676224557
68.758714469,-0.03053277199239759,-0.07801291261651123,0.9964846889438637
68.768305822,-0.026249975150313732,-0.07524108374685172,0.9968198022316809
68.779537743,-0.022044322162376496,-0.07306142790256859,0.9970837856535625
68.788218486,-0.02007576338877291,-0.0708369060542863,0.9972858649680212
68.798747037,-0.014823454593911904,-0.0684422338370463,0.9975449492736143
68.808262872,-0.010357256869429543,-0.06639648351454963,0.9977395623142559
68.818790501,-0.006914149478230084,-0.06715588801525009,0.9977185380867071
68.829838671,-0.006002926518519558,-0.06938542055599622,0.9975718662269305
68.838287698,-0.0034472003977214184,-0.07092916125992271,0.997475398640178
68.848577361,-0.004367297589390165,-0.0713492364610955,0.997441834478675
68.8601054,-0.006712065558789458,-0.06890239146818118,0.9976008262957183
68.868266369,-0.007807393920687324,-0.06932671069683667,0.9975634575224397
68.879381922,-0.008425036115796534,-0.0703918789092975,0.9974838355332213
68.88833484,-0.00749994477389434,-0.07179333059885862,0.9973913316797532
68.903186974,-0.008629005795258014,-0.07288156125785138,0.9973032729754794
68.908521549,-0.008523310463270584,-0.07438660722240985,0.9971930534478696
68.918524507,-0.00932710463810269,-0.07440875161697535,0.9971842070559849
68.928492527,-0.008955288263425175,-0.07444600848783081,0.9971848347384494
68.940022984,-0.007893869850960368,-0.07602874263880059,0.9970743789264365
68.949536566,-0.007310359533294678,-0.07538841093642194,0.997127447290453
68.958552192,-0.007330102641355381,-0.07522793047220072,0.9971394225844935
68.969051677,-0.006244551305947044,-0.0744375604737685,0.9972061247152976
68.978935812,-0.006743392145368609,-0.07030040281020335,0.9975030726905543
68.988171728,-0.005888151552195846,-0.06904149492943629,0.9975964122074654
68.999927317,-0.0050544210065024886,-0.06727658556373414,0.99772156129011
69.008849169,-0.004859420238938526,-0.0659162246804447,0.9978133279119991
69.022272149,-0.004321362438779071,-0.06481965164680194,0.9978876382574643
69.028898285,-0.0026590506208404216,-0.06286545209860367,0.9980184689584829
69.03861085,-0.001531307986851707,-0.060466210082082666,0.9981690701149575
69.050055132,-0.0021441515091045293,-0.060390273278980694,0.9981725389468475
69.058570221,-0.0021510489323213317,-0.0616731158837919,0.9980940836242219
69.068893135,-0.00208846386955012,-0.06111926002748502,0.998128285528648
69.082009696,-0.003194945032393849,-0.06117995089865462,0.9981216388468283
69.088795491,-0.0026591735721332214,-0.061477364054826796,0.9981049356178856
69.099474599,-0.00044317131471465496,-0.062120505219928616,0.9980685579810672
69.128943201,-0.0003692197547346356,-0.0630808682674662,0.9980083505338998
69.129236933,0.00023381425769702626,-0.061416278172723875,0.998112211179837
69.129497194,0.00022872702035073563,-0.06166364419215466,0.998096960554882
69.138219127,-0.0008298641577382599,-0.060883048959965436,0.9981445615114166
69.148529614,-0.0004025055808322401,-0.060748784920519695,0.9981530058663041
69.15876219,0.0001772211211601894,-0.05927817664808245,0.9982414869989892
69.168150563,-0.0010076419106859883,-0.05834606373124394,0.9982959087889971
69.178788108,-0.0008001944849807829,-0.05872960370962328,0.9982736064511056
69.189273858,-0.0017606102378220731,-0.0571167911787318,0.9983659511506968
69.227794198,-0.0018535025747060028,-0.05555023025868595,0.9984541734333191
69.228103047,-0.0014767114787234289,-0.05543738327236524,0.9984610737826094
69.228446339,-0.0013000198332659945,-0.05334703371548753,0.9985751869249466
69.229024934,-0.0009964349841202638,-0.05283132826093517,0.9986029530656856
69.238875426,-0.0017320047041683208,-0.05277514971713238,0.9986049187401588
69.248980796,-0.00147554599318734,-0.052016196153320336,0.998645151243304
69.258292143,-0.0007545737698893536,-0.051543217942807945,0.9986704798393342
69.268561994,-0.002116815032519461,-0.05187422338598203,0.9986513826367134
69.280319764,-0.00170937389417126,-0.05144697244548896,0.9986742647465604
69.288162184,-0.002308249115966387,-0.05153535930278938,0.9986685029215406
69.29885733,-0.0025368347099065957,-0.051438304818627295,0.9986729521054631
69.308313088,-0.003142259705046513,-0.05126209095213933,0.9986802913020567
69.318192036,-0.003419855402088342,-0.05123498824875508,0.9986807701003253
69.330147019,-0.00349567249633208,-0.05081489720843943,0.9987019708078552
69.348495699,-0.004047000600827692,-0.05146770301282157,0.9986664595012297
69.348757188,-0.004071859190614902,-0.050564743394130286,0.9987124844960223
69.359750304,-0.003980429712861412,-0.0504471030522456,0.9987188022526347
69.368443726,-0.004959713328186265,-0.05127973245710981,0.9986720133671663
69.378757767,-0.0041308272343286104,-0.05038266789567276,0.9987214441685304
69.39025214,-0.005112570056420253,-0.05068198775291278,0.9987017561538739
69.398220485,-0.005294560788786665,-0.050349798516536516,0.9987176104462153
69.408202914,-0.00537029031925339,-0.050244743381683,0.9987224968650681
69.418221667,-0.0050825825791419865,-0.04979670514123737,0.998746442051937
69.428766123,-0.005459613075886455,-0.04986924755332446,0.9987408326355377
69.439018123,-0.00586741133748741,-0.04890334014225812,0.9987862818476871
69.448711882,-0.006890566423282176,-0.04904820292378465,0.998772643740463
69.459535057,-0.008198354482555101,-0.048584353642061914,0.9987854361998686
69.470202108,-0.009672534146770401,-0.04836152468370958,0.9987830620377213
69.479934035,-0.010997845282266086,-0.047824496268320374,0.998795206714484
69.488501578,-0.012387843588622289,-0.04727627753785178,0.9988050334842071
69.498205775,-0.014164830932886044,-0.04685878162243216,0.9988010873790156
69.50922225,-0.016503538188911974,-0.046011596478639144,0.9988045685802274
69.518984057,-0.017722548869873893,-0.04525095852709732,0.998818432956628
69.529068345,-0.018942895821193115,-0.042854485108464416,0.9989017267999871
69.538286477,-0.020244252088794094,-0.0407088803943467,0.9989659440213186
69.55152966,-0.023289938885302414,-0.038334240368053496,0.9989935258859906
69.558249286,-0.024281797663713075,-0.03716473555519605,0.9990141023695968
69.569920381,-0.02691021325629866,-0.035767071184046054,0.9989977762945302
69.580200978,-0.031215858585616544,-0.03472008339894834,0.9989094483393042
69.588125571,-0.03426350952459253,-0.03250172027184437,0.9988842025452344
69.601175992,-0.03738243340228769,-0.030166994896857785,0.9988455867108872
69.608600634,-0.04005510825366751,-0.028051760515108663,0.9988036278642515
69.618305672,-0.04352737948651911,-0.02734807841502583,0.9986778508818759
69.628753377,-0.046711243586886414,-0.0269233057513017,0.9985455399379582
69.6387284,-0.04951449014374258,-0.02511421814989144,0.9984576061668943
69.659220566,-0.051666889972171406,-0.024045385962768378,0.9983748553997668
69.659553632,-0.05258966844168214,-0.022284138200105337,0.9983675395153192
69.685612742,-0.053792014443228564,-0.021089936650604383,0.9983294214607786
69.685866097,-0.05377134426242587,-0.02062984513957156,0.998340148459296
69.688431637,-0.0549991221361615,-0.019921170670330075,0.998287655700187
69.700552645,-0.0550313531697387,-0.019410366996641573,0.9982959420038545
69.708348888,-0.055257100188566645,-0.019129636406553123,0.9982888909978432
69.719199488,-0.05537922485215344,-0.018612057482015224,0.9982919075956996
69.728996892,-0.05556616882899004,-0.01842992397390868,0.9982848986055955
69.738839589,-0.05643562742070881,-0.01734364561842676,0.9982555874696086
69.749835456,-0.057692776408465124,-0.01606101000162774,0.9982051830700993
69.758438976,-0.05800568238918031,-0.01567313246857077,0.9981932146279038
69.769072002,-0.05948593960066256,-0.014380704435105146,0.9981255523879632
69.781538793,-0.06169130231974378,-0.012742150333725406,0.9980139381907283
69.788145669,-0.06320425075633249,-0.01135848422833874,0.9979359736588141
69.798669064,-0.06532668628514099,-0.00973808576818778,0.9978164128458573
69.80827663,-0.06866591624858695,-0.007549835131016481,0.997611142647894
69.818398818,-0.0720945855757273,-0.005041449890663813,0.9973850582967764
69.830041233,-0.07577234565396837,-0.00257885619883963,0.9971218085744595
69.838238595,-0.07949441778424815,0.0001062340530494943,0.9968353054820388
69.848791917,-0.08249623277512137,0.0029057607540676714,0.9965871402603755
69.859303936,-0.08475969399577525,0.004165881697344021,0.9963927135941061
69.868353314,-0.0890143359732347,0.008137369890788199,0.9959971040131115
69.879803712,-0.09112090728173962,0.010411277977776107,0.9957854113949564
69.88973896,-0.0938267084150485,0.012007815125770534,0.9955161280280209
69.899794025,-0.09582487986881617,0.013781908565605672,0.9953027938242797
69.908431466,-0.0978125859324504,0.015168437241781763,0.9950892505423065
69.918594559,-0.09988528659048343,0.016243058585133904,0.9948663692026869
69.929128823,-0.1014750675437299,0.017173028424608962,0.9946898500345336
69.939004837,-0.10406157540593226,0.018677231770432092,0.9943954693870187
69.948197016,-0.10644370581014938,0.020595772232756656,0.9941054026910521
69.95825327,-0.10975084232170604,0.023161744791046626,0.9936892301861334
69.970996308,-0.11285688494790988,0.025270683549586934,0.9932898449459711
69.979119603,-0.11610341279429767,0.027024385055116694,0.9928694174713559
69.988227808,-0.11940486730822782,0.02994128227592386,0.9923940735810438
69.998456887,-0.12282218847562026,0.032663970492129255,0.9918910096627293
70.008320963,-0.12620047692030514,0.03616060144403877,0.9913454748614596
70.018927599,-0.1287188572645421,0.037578104827483944,0.9909688904411101
70.028776305,-0.13329525458315553,0.04141331075033562,0.9902107416092335
70.038227785,-0.13971226455374378,0.04678037470008135,0.9890864874601133
70.050467205,-0.1452529031632556,0.05100174713981492,0.9880791546790837
70.058184593,-0.14916345590751967,0.05426532808116451,0.9873224081271371
70.068778331,-0.15261194783103652,0.05836648287297079,0.9865611724856479
70.13821822,-0.15470381342105305,0.0617476295490839,0.986029391224244
70.138945942,-0.15811673761573447,0.06501262058454237,0.9852778574851296
70.139188059,-0.16291398181475086,0.06882275481372968,0.9842369953162259
70.139934565,-0.1679799793129894,0.07286786001461411,0.9830935873694318
70.140212218,-0.1717746816086097,0.07678327911960099,0.9821393927574142
70.140576384,-0.17426493622921657,0.0796502929803923,0.9814721406281306
70.141005374,-0.1797743017216485,0.0860541608588369,0.9799366723617273
70.148255023,-0.18444825986589708,0.09095815185394585,0.9786242660202931
70.158324863,-0.18764810005418378,0.09400786324423308,0.9777273199590512
70.168520879,-0.1911393779717623,0.09766256082323384,0.976692255729519
70.179409235,-0.19327747200536063,0.10075654550603767,0.975956934169181
70.231533267,-0.19487813478167196,0.10303461753187548,0.9754006254734906
70.232009655,-0.1964775336447952,0.10585924731808764,0.9747771019726029
70.23239372,-0.19816597693909765,0.10904474171443967,0.9740839234317565
70.232797138,-0.2004958660011596,0.11201190908893738,0.9732701269116899
70.233187439,-0.2029557049089928,0.11390556126143936,0.972540233079645
70.238734737,-0.20588678037393668,0.11655476419801013,0.9716098088275975
70.249467492,-0.20838285937667148,0.11906169530946946,0.9707733497722513
70.389828288,-0.2129099108679605,0.12359233596661108,0.9692235574646922
70.390094105,-0.2188031654704222,0.12889067285026595,0.9672188838274038
70.3904186,-0.22224506851952913,0.13139215649900976,0.9660969054547734
70.390742275,-0.22438506190632404,0.13327101425762172,0.9653445917142955
70.390997044,-0.2233785055423328,0.13371735025595163,0.96551629375283
70.391250912,-0.2247410662877683,0.13537475958209386,0.9649689775282558
70.391503715,-0.2252960898388421,0.13635424398831467,0.9647016077781272
70.391759566,-0.2257938258100524,0.13726261257172465,0.9644563875137353
70.39201392,-0.2260965469893715,0.13749991436487088,0.964351660437797
70.392270817,-0.22718686993179688,0.13803669149967251,0.9640186709449237
70.392530002,-0.2276263994569862,0.13839160311252696,0.9638640912795712
70.392784781,-0.22696016643450773,0.13867168927397838,0.9639809362461075
70.393039203,-0.22550111621753335,0.13846145367933357,0.9643534997238576
70.393294324,-0.22565979113633716,0.13864163720838243,0.9642904931069702
70.398306742,-0.22519853689753924,0.1388418683199276,0.9643695114325419
70.408637101,-0.22491913871012714,0.13955106861666466,0.9643323494987823
70.418315157,-0.22323615734274085,0.13901416944153036,0.964800849268557
70.428928166,-0.22354983682942564,0.1394491269798596,0.9646654401594846
70.438968294,-0.22421825652406072,0.14036747503703004,0.9643770763519006
70.448219385,-0.2248093235211734,0.14158206970939205,0.9640618681364579
70.458356858,-0.22445401974865295,0.14156193416374868,0.9641476089346951
70.468495227,-0.2243545378374419,0.1418115996370348,0.9641340734359164
70.479581053,-0.22459961735743905,0.142198789852265,0.9640199769960389
70.488284703,-0.22381316484591254,0.14202675839917506,0.9642282235758705
70.499407575,-0.2242705644679,0.14264191263178294,0.9640311191419063
70.508306487,-0.2242293843963069,0.14298564462091745,0.9639897761934998
70.518808377,-0.22485898494892842,0.14369403854012452,0.9637377548772109
70.530829702,-0.22495247757060322,0.14434620858910877,0.9636184695722664
70.538473969,-0.22520960170348905,0.14465493750471808,0.9635121090863685
70.552458159,-0.22455596586709584,0.1449250373442231,0.9636240717957764
70.562346983,-0.22514086109653772,0.1453361838950423,0.9634256516802612
70.569321915,-0.22575804789022375,0.14587132511299078,0.9632003220112499
70.580712066,-0.22631152601261917,0.1461696955525386,0.9630251882977505
70.589754188,-0.22653749003938134,0.14646748864274195,0.9629268094602754
70.599481908,-0.2254167988271258,0.1458659766689792,0.963281051229046
70.60955638,-0.22531340869728095,0.14583336171733075,0.9633101777057244
70.62053533,-0.2260351205143001,0.14585436235632926,0.9631379077140065
70.629813299,-0.22610451329187148,0.14608653574964725,0.9630864307743687
70.638847638,-0.22296357289768348,0.14548526261925482,0.9639093751599814
70.649088727,-0.2228114043820025,0.1459843837938795,0.9638690978372744
70.659387819,-0.22369756119384854,0.14635785336913748,0.9636071709327938
70.668310506,-0.22404116928271295,0.14758265966255624,0.9633404969341636
70.680009351,-0.2233790710972183,0.14813930933370986,0.9634088102284905
70.691377031,-0.22324264509348568,0.1483092728713975,0.9634142831575736
70.699129494,-0.22410963894293445,0.1498142764338529,0.9629800373369475
70.708588556,-0.22533951457398504,0.15023294493357628,0.9626277397977611
70.71864643,-0.22530142896749814,0.15115001348521098,0.9624930854445781
70.729502294,-0.2264252196112738,0.15178355264060372,0.9621296030534472
70.739028115,-0.22729059761545978,0.15356616783144267,0.9616425616273295
70.752175168,-0.22791663239465335,0.15431257638934448,0.9613748683245071
70.758285385,-0.2281823940324894,0.15472873434701698,0.9612449291522801
70.768558704,-0.2282146309630663,0.15516280711249958,0.9611673035967052
70.784430114,-0.22832186724178416,0.15608478679646562,0.9609925412145128
70.787910431,-0.228049789830937,0.15581471922624718,0.9611009658878256
70.801449561,-0.2300656595304241,0.15660965665975485,0.9604911284055385
70.808318391,-0.23011621305052257,0.15771989830270788,0.9602973300861927
70.818265207,-0.23136051599510907,0.15867828580138302,0.959840358212558
70.835268059,-0.23227063919070115,0.1588396833967201,0.9595938230044904
70.838098147,-0.2323301813426791,0.15991761849019182,0.9594003555000923
70.853348798,-0.23349020653867394,0.16088706617357637,0.9589565555271974
70.858267711,-0.23440103963679831,0.16186410716238175,0.9585698531821837
70.868303965,-0.23516182088053075,0.16258092455880793,0.9582621567033504
70.879307192,-0.23583529312742818,0.16315479682430148,0.9579990745239376
70.88810298,-0.23590236929836608,0.16314652931359708,0.9579839675758385
70.971273697,-0.2353903847236847,0.1628369382170136,0.9581625636246411
70.971571354,-0.23434685174040995,0.16179410443232756,0.9585949201045767
70.97188328,-0.23525821451893664,0.1625371823881513,0.9582459166845863
70.972575887,-0.2344910673039454,0.16159648067036314,0.9585929880765922
70.972836125,-0.2356299481338721,0.16222345344962702,0.9582077429729451
70.973098954,-0.24061812804167004,0.16587972855464528,0.9563403327855412
70.973347241,-0.2390988178486816,0.16473727897154797,0.956918692585955
70.973669188,-0.2393308707534608,0.16534489161450597,0.9567558733142836
70.981696273,-0.2410797856062823,0.16650124203530245,0.9561160355169924
70.988547262,-0.23848679420220473,0.16389806772997037,0.9572154785551356
70.998307324,-0.23869158864715811,0.16438708264983098,0.9570805674377543
71.008277749,-0.24309245135417615,0.16845998931372938,0.9552629439557653
71.018845798,-0.24211442516965306,0.16741210261386716,0.9556954499332789
71.028382336,-0.24532433987103136,0.16925545586674193,0.9545514962149417
71.038299217,-0.24720445337410016,0.1702000350441589,0.9538982683195202
71.049193947,-0.24730576430752024,0.1692617690451879,0.954038947045647
71.058354126,-0.2465085005037108,0.16830305729843825,0.9544148155196516
71.068915195,-0.24416510285606047,0.16692518419498034,0.9552588054704135
71.081042383,-0.24388895095189292,0.1660830335166701,0.9554761146054285
71.088305875,-0.2452917916600864,0.16694147170392284,0.954967267485914
71.099988857,-0.2469763451081632,0.1681566662938232,0.9543196637070628
71.109239592,-0.24803628807101866,0.16916496092690686,0.9538664559541598
71.118611695,-0.25051753509815583,0.17130677921734463,0.9528352176544087
71.129511504,-0.2499962677345426,0.17121121485724178,0.952989289565159
71.139791474,-0.24958975117747326,0.17079004241066828,0.953171399864961
71.148109838,-0.252113081608837,0.17213454184148505,0.9522650332689517
71.158466442,-0.2523101051260157,0.17242496537915072,0.952160302766975
71.168193193,-0.251786559357748,0.17151097599431103,0.9524639172379531
71.196285028,-0.2532641079213394,0.1734536378964412,0.9517200886496505
71.196543987,-0.25442478414923075,0.17328600999373545,0.951441006027735
71.19827225,-0.2551798212878296,0.172537116754054,0.9513749009458412
71.208468933,-0.25568202676231017,0.17211101237961118,0.9513172449863309
71.218987135,-0.2557581952905139,0.171031832944882,0.9514913860152666
71.229063592,-0.2574784395863485,0.17104516478802267,0.9510249233068591
71.238360154,-0.25787049940546247,0.17129817475638304,0.9508731465666224
71.248559714,-0.25828889101902086,0.17020939951892988,0.9509551036150811
71.258282571,-0.2597530238431735,0.17092721676049757,0.9504274055259757
71.269219652,-0.2571863434958016,0.16930358574795393,0.9514155141535926
71.279092218,-0.25708492454777176,0.17041207501009395,0.9512450085340899
71.288630464,-0.25857776818348127,0.17058363137614477,0.9508095300888488
71.302153055,-0.2617316064134678,0.171730972227717,0.9497394586843009
71.308524958,-0.26405181035602376,0.17176351946374835,0.9490911098672947
71.3188492,-0.2636253946722539,0.1701596023695182,0.9494984786745821
71.330918038,-0.2627129459050882,0.1681349612944113,0.9501118580695628
71.338315719,-0.2645235244132912,0.16951675195449298,0.9493636689060573
71.348793714,-0.26398266125255876,0.16984320245829274,0.949455865818274
71.359416633,-0.26372508383777155,0.16867142116748388,0.949736295945407
71.368723532,-0.2649810537368917,0.16959799369812745,0.9492215556412826
71.3790466,-0.26567611446629485,0.1693430846047487,0.9490727695485953
71.388382463,-0.26878446395266414,0.16958341170181418,0.9481541954836524
71.398327576,-0.26964496616916817,0.1689839938496126,0.9480168785640171
71.408679957,-0.26862968566589185,0.1678743835585868,0.9485021261567465
71.418864229,-0.2665095510916595,0.16583117435194542,0.9494591517226936
71.429041928,-0.2664597107724413,0.1650966944552251,0.9496011289036176
71.439028727,-0.26800109720857723,0.16597758415682284,0.9490136213208236
71.449292107,-0.2660245045641712,0.16580563164909673,0.9495996290462793
71.458352823,-0.2654990620695623,0.16612110054079512,0.9496915436052371
71.468998736,-0.2666426608789659,0.1668166007515715,0.9492491312153388
71.478882939,-0.2696906637250812,0.16701475963440113,0.9483527908767856
71.488322073,-0.2710648168430003,0.16678644291141037,0.948001132663263
71.498297994,-0.2728864301613813,0.1682737014534425,0.9472153702474085
71.510513095,-0.272667592181252,0.16797101190807473,0.9473321082559462
71.518707625,-0.2750910015639503,0.16834360729429954,0.9465650377769536
71.529015898,-0.27884794985507466,0.1707181949841167,0.945039215463034
71.538754307,-0.27928798326042875,0.1704513676986724,0.9449574348381913
71.550890576,-0.2799994698030389,0.17095883173862128,0.9446551618239235
71.559178585,-0.2785119072719346,0.16966180986919613,0.9453285078636199
71.569287484,-0.27688903962462674,0.168229429162947,0.9460609488290176
71.584025703,-0.2772431893665594,0.1673823400385821,0.9461074813112234
71.58898347,-0.2757040342288941,0.16661533430637038,0.946692461089603
71.598857688,-0.27538507215597874,0.16548310137077327,0.946983846321761
71.609170999,-0.2739930309730132,0.16463521821759936,0.9475352573390949
71.622414721,-0.2788705852320238,0.16816924613596118,0.9454894506795998
71.630032593,-0.27898536752962383,0.16867513443010443,0.9453654656953294
71.638307489,-0.278195325813223,0.1688077596322147,0.9455745877420919
71.648314079,-0.2771978440736464,0.1670970133311081,0.9461712019379717
71.659426831,-0.278794779281777,0.16750104486454676,0.9456304093114342
71.66854013,-0.2813320518042975,0.1688584214669694,0.9446370255962168
71.679101985,-0.28067970712537366,0.16755230825010772,0.945063556597161
71.68923859,-0.2792115493166125,0.16684000333715238,0.9456243038409471
71.698558235,-0.2796691779562917,0.1668040620113014,0.9454954023144597
71.70832749,-0.27983799373136287,0.16568804096260864,0.9456416712192725
71.720790205,-0.2812921989282551,0.16650000620277686,0.9450674297406414
71.728927621,-0.28167967444186304,0.1666656671719067,0.9449228097535106
71.738641965,-0.2801654709106208,0.16550751816545134,0.9455763165076327
71.750243132,-0.28022878171495297,0.16462946939225298,0.9457108266833887
71.75963142,-0.27881429209674763,0.16408142151510746,0.9462240102830679
71.768854197,-0.27869772642143187,0.16419049795261487,0.9462394293568605
71.779602651,-0.2812611763515321,0.16563347897668876,0.9452289147711422
71.788176603,-0.28031897671499106,0.16396331813450554,0.9457998211036959
71.799425602,-0.2791015178607774,0.1633193682609999,0.946271169738695
71.808275219,-0.27926310631755474,0.1638665604472965,0.946128885415218
71.818535722,-0.2783064373531448,0.16270394421400425,0.9466113000936585
71.830739338,-0.27743585701461326,0.16180528429319752,0.9470207997807465
71.838448298,-0.2768568149469517,0.160598328392118,0.9473956306290878
71.849569941,-0.2770026231195421,0.1603896033164464,0.9473883691142116
71.858961565,-0.2779612558237066,0.16066871192970952,0.947060243737301
71.88180845,-0.2797162585449498,0.1613162079715682,0.9464332494958579
71.882145484,-0.2806701192172801,0.16026198364428326,0.9463299534395798
71.971520876,-0.2803922381040368,0.1583945557569862,0.9467266540652356
71.971915918,-0.28034667545389613,0.15629747267143657,0.9470886133823325
71.972158316,-0.28057956755886004,0.153373928011323,0.9474975168700237
71.972407632,-0.2783921337999583,0.1495565216082746,0.9487521629396899
71.972666192,-0.27814682678754,0.1472775670262739,0.9491805207645401
71.972918658,-0.27732854376714533,0.14353178755812457,0.9499934235416392
71.973176631,-0.27473181633044946,0.1412724425577559,0.9510859719654883
71.973444395,-0.27500115428671223,0.14035296747524673,0.951144263328055
71.973743583,-0.274113802172574,0.1399385876673038,0.9514614102212319
71.979181898,-0.2743728820467478,0.13868141454550328,0.9515707997080509
71.988825125,-0.27262190160542543,0.1362666115845101,0.9524225476816045
71.999013765,-0.27299177154158627,0.13576732027128136,0.9523879080589703
72.008276904,-0.27211863368664985,0.1345334086421975,0.9528127891457074
72.018796844,-0.2730096715401313,0.13513616151354327,0.9524725387626328
72.030660986,-0.2736750578541347,0.13567836217326737,0.9522044658299581
72.038187644,-0.27354904616147324,0.13407286992971829,0.9524680492766973
72.049579587,-0.27176423720551846,0.13212734090778527,0.9532505259168444
72.058373577,-0.27367235535428114,0.1315463793240265,0.95278486134152
72.072103681,-0.2732102568908358,0.13047861154732399,0.9530642619772951
72.081368825,-0.2731244017342993,0.12961302449752884,0.9532069686368665
72.088333363,-0.2724716510736587,0.12695682796791624,0.9537511012803704
72.099763596,-0.2702800294614677,0.12576802277383126,0.9545318800971863
72.108201734,-0.2684834648463362,0.12312703718395583,0.9553828352123598
72.787520321,-0.2684864913151584,0.12052509675020376,0.9557137149976604
72.788966375,-0.26813099959126846,0.11792415987353183,0.9561378873239513
72.789420054,-0.2686649864538673,0.11469021769243039,0.9563813460222895
72.789765431,-0.2678787691068791,0.11140494800792025,0.9569900222160813
72.790198989,-0.263757914530535,0.1084932801227319,0.9584680332127481
72.791167144,-0.26063484047421226,0.10628929008337237,0.9595686878720848
72.791416923,-0.25984372945946704,0.10455521001595748,0.9599736685550883
72.791655828,-0.26069067486368264,0.10323274851308722,0.9598871661156594
72.791892048,-0.258724314889997,0.10043961197278056,0.960715157177953
72.792161773,-0.2605131309772115,0.0995261488956707,0.9603267434964243
72.792433534,-0.2604216312908247,0.09731535841836028,0.9605781045660639
72.792711219,-0.25963680244691095,0.09549479320842968,0.9609731917619881
72.792954761,-0.258700432583915,0.09379962408712976,0.9613925923898147
72.793688776,-0.2587064496954006,0.09268223444267526,0.9614993376517292
72.793941071,-0.2571274780667839,0.0904794150545024,0.9621324937213225
72.794191274,-0.25541610305148194,0.08825214538501139,0.9627949798045987
72.794564058,-0.2535010327971895,0.08526738488256651,0.9635697688522852
72.794947748,-0.2522994726745541,0.0816199511605738,0.9642007880419345
72.795371082,-0.2531631441947057,0.07941661737848421,0.9641584015635657
72.7957355,-0.25308696253481017,0.0768455928333731,0.9643867192454442
72.795978213,-0.2529787802231576,0.07523770048800385,0.9645418732134343
72.796240757,-0.2495329249555278,0.07229101744600146,0.9656641901612386
72.796511759,-0.2452568883171584,0.06855320075725203,0.9670312908065182
72.796782552,-0.24438163686953576,0.06628687674627341,0.9674108049490614
72.797053535,-0.24412498376686867,0.06573997515464636,0.967512918759999
72.79738417,-0.2429271971763212,0.06239799323829197,0.9680355713050482
72.797758651,-0.24357168635339888,0.06061453011868646,0.9679869381068384
72.798151228,-0.24322178274792197,0.058305422838085916,0.9682167330017565
72.798483873,-0.2427636123091217,0.05661054980179561,0.9684322765117677
72.798799425,-0.24209890208085633,0.05438036503147035,0.9687264306863357
72.799230468,-0.2428167308747131,0.05459665927340614,0.9685345837932173
72.800687042,-0.2422690994773089,0.05283476185314703,0.9687694108395326
72.801051931,-0.24155844937611598,0.05165501936500113,0.9690104615066899
72.80138751,-0.24082657243368435,0.05011780641640243,0.9692733192912366
72.801787854,-0.24079772654234,0.04844276989632944,0.9693656446031145
72.802098307,-0.24153444687984857,0.048526824757641696,0.9691781354577633
72.802375843,-0.240734827867786,0.04761289760780782,0.9694223819537364
72.802690689,-0.2406038773652942,0.04764915770933591,0.969453109730624
72.803375325,-0.24008718733498335,0.0468345155705787,0.9696208901569963
72.803655617,-0.2409515961470841,0.04621503488855655,0.969436175756002
72.80395634,-0.24051442299893439,0.04691596873679395,0.9695110645098269
72.804230668,-0.23905210554456702,0.046287376823108635,0.9699028660549184
72.804497609,-0.24042790615098053,0.04718620240143444,0.9695194089066944
72.804767202,-0.24029393640085248,0.04720816177981001,0.9695515528275712
72.805076113,-0.2402215199960312,0.047255991016033984,0.9695671676804496
72.814556738,-0.24062246809179136,0.046316009662303946,0.9695131020766952
72.814918237,-0.24160001670543424,0.04726075660640204,0.9692243562833758
72.8151933,-0.24055280687236893,0.046606243428527185,0.9695164800968088
72.815449387,-0.24148443017954319,0.047032558161541366,0.9692642614135955
72.815854486,-0.2423067581837434,0.047771676577235786,0.969022859304921
72.816109139,-0.2410471178961975,0.0462825940538897,0.9694092058782915
72.816368916,-0.24102043611362955,0.04564447804158408,0.9694460949428324
72.816622642,-0.242946630106278,0.04762160896208863,0.9688700208386394
72.816887153,-0.24281896661641741,0.04722871197350588,0.9689212549101495
72.81714111,-0.24229222794592187,0.046885394468269406,0.9690697787376078
72.817436959,-0.24372577689266495,0.04723399223640031,0.9686932928721448
72.817690501,-0.24315532385484734,0.04629540342897988,0.9688819453898356
72.817980664,-0.24162539138755243,0.043870926465822996,0.9693773837096895
72.818421287,-0.242095366786991,0.042873506804336874,0.9693047486701851
72.81873312,-0.24227284190916942,0.04176380818500718,0.9693088539774825
72.81900032,-0.24305318744121215,0.04196182815051066,0.9691049236552944
72.81925701,-0.24534114059204667,0.042548386088646535,0.9685026378767614
72.819518506,-0.24718264887866137,0.04294672161148814,0.9680166926226809
72.819840337,-0.24525271001077734,0.040320620378224835,0.9686203362539342
72.821061679,-0.24716212002499469,0.04152718503095777,0.96808386998656
72.821449496,-0.24848616850586738,0.04132535388751144,0.9677535012529511
72.821698571,-0.24881998261675597,0.04073704484134351,0.9676926730259932
72.822027971,-0.25091212308699506,0.040078619240521245,0.967179823387435
72.822284638,-0.2525459960458815,0.04009255473126567,0.9667539019503952
72.822546011,-0.25276325070453837,0.039834590023588835,0.9667077865264805
72.822813277,-0.251816857239571,0.03776263935126439,0.967037875927935
72.830582886,-0.25126348398267623,0.03646153971917705,0.9672317290795387
72.838441743,-0.25176532748301894,0.036921855246506714,0.9670837587730053
72.850160072,-0.252803550244912,0.0374825211318492,0.9667913040533458
72.858686757,-0.253020457364015,0.03658633739371929,0.966768890723847
72.870070721,-0.25550953572516405,0.037746655048085574,0.9660693904612607
72.879635703,-0.2570264211559319,0.03787713982780972,0.965661815081366
72.889382164,-0.25539217928607605,0.03604765978793176,0.9661653072757904
72.898855984,-0.2533154400389308,0.03192048739621955,0.9668569544261811
72.908848298,-0.25534724283764676,0.033727971254412466,0.9662609427738832
72.918535012,-0.258094284938137,0.03472600344693361,0.9654954400549366
72.928294042,-0.2604399443448979,0.03502046912403808,0.9648547051924237
72.938854653,-0.26135131652729343,0.03493158499702638,0.964611462568762
72.948309112,-0.26155802355807833,0.03337178785024201,0.964610659327415
72.958439709,-0.2609087728571079,0.03170577972024405,0.9648426585607259
72.968556105,-0.260862916318672,0.029964138143665837,0.9649107157219391
72.978718005,-0.2617970002539692,0.028922400813101583,0.9646894968792963
72.989087947,-0.26208639400663336,0.02888732242676833,0.9646119658596465
73.034511507,-0.26281912699442594,0.029817865711396878,0.9643842602253029
73.034782938,-0.26232028063033835,0.029631135072650118,0.9645258245398757
73.035072315,-0.26154361270126436,0.02963074098600185,0.9647367298096365
73.03531085,-0.26186327875090887,0.028334171566402326,0.9646889643628508
73.038329969,-0.26123659480881584,0.028112819292598127,0.9648653330512585
73.05010083,-0.2629356476999587,0.02906270377588092,0.9643755515450599
73.058425188,-0.26353440979866716,0.028689605802658585,0.9642232736098815
73.068437327,-0.2632894675910567,0.027553760137814732,0.9643233101807119
73.08068893,-0.2635611909195848,0.027428004719378524,0.9642526656422393
73.088349584,-0.2635829992550493,0.026544397876911548,0.9642714334901066
73.101218469,-0.26358709365952815,0.025889788945208433,0.9642881119688741
73.109890622,-0.26437236549762805,0.02555234997960462,0.9640821177533108
73.118780733,-0.26423134123699665,0.025504906446874174,0.9641220348354425
73.129435572,-0.26448291202646174,0.024991469397473917,0.9640664996271565
73.138751115,-0.2643390314443947,0.023706980026151563,0.9641384006215493
73.149213252,-0.26514615024322985,0.023277861829496226,0.9639272068781136
73.159033877,-0.265429821576455,0.022208271691765136,0.9638743706969057
73.168526,-0.2675240059029929,0.022156302731265492,0.96329642608851
73.179496197,-0.26810547376833116,0.02157420287412336,0.9631479682301183
73.190037739,-0.26836705644231384,0.021369968327646583,0.9630796682882281
73.200334456,-0.2682848691580044,0.02108489242348869,0.9631088496594569
73.208326749,-0.2691436251581861,0.021439002004740988,0.9628614013604194
73.218992884,-0.2701051160290243,0.02164807918762364,0.9625874438005276
73.232121006,-0.26965298818946637,0.021009882817942523,0.9627283369593252
73.238416683,-0.26565689568325096,0.017238309239336103,0.9639135098495651
73.250468801,-0.2673881181467165,0.017232661556779657,0.9634348081990951
73.259295137,-0.26775466465214265,0.01649831521124115,0.963345859570803
73.269067113,-0.2675553349573175,0.015293843106922077,0.9634211130647379
73.284102431,-0.2684942545003444,0.014655615153016891,0.9631697920121826
73.290367033,-0.26952291978438286,0.013356872789301599,0.9629013395255982
73.301545595,-0.2690348648124371,0.011921912136579144,0.9630566491782099
73.308691357,-0.26996706688393846,0.01225754094050922,0.9627915327256337
73.318360132,-0.2715342848543811,0.012659432764852268,0.9623455049568694
73.330261698,-0.27116169004610646,0.011890541498189425,0.962460364313367
73.338380891,-0.2723272443289319,0.012031067387413942,0.9621294743503755
73.349120258,-0.27324624013361776,0.011088721988138324,0.9618802069371795
73.361908957,-0.27244045383488447,0.008982597177794682,0.9621307146444208
73.368468321,-0.270441284137272,0.006830505519976949,0.9627122394716527
73.37940455,-0.2710974611683116,0.0072937864858116245,0.962524268383294
73.388720912,-0.27386453105241954,0.009555784736916501,0.9617208043967335
73.398468347,-0.2731870389685935,0.008211667632597818,0.9619258860506166
73.408341438,-0.2730262915659222,0.00743860023875219,0.9619778122910363
73.418714719,-0.27271105979762705,0.007188205904209428,0.9620691282646658
73.471691662,-0.2729896269734645,0.0070606780118464,0.961991065650249
73.472251924,-0.2722047912254362,0.006100119814886781,0.9622200061171877
73.472629938,-0.27155422854195904,0.005286087064461207,0.9624086233219902
73.472910789,-0.2705796193748536,0.004763844271971162,0.96268581342342
73.473230662,-0.2720345594410899,0.006322030438305858,0.9622667147942037
73.479049675,-0.2726055334960513,0.006342832015367791,0.9621049795055414
73.488778821,-0.2740176093152624,0.005586111545989473,0.9617084512173864
73.508340698,-0.27503723916077594,0.006113653371643162,0.961414135696615
73.508606344,-0.2752794156282854,0.00542523061922856,0.9613489534004174
73.520816359,-0.27613423380225405,0.004638260290617929,0.9611078875255985
73.529546202,-0.2761724149319704,0.00408944041043964,0.9610994088582998
73.539691539,-0.27448880029664213,0.0016202040911045875,0.9615889316388855
73.549555296,-0.2735432694915541,-7.133190710066243e-05,0.9618596959160053
73.558417884,-0.2729336568498934,-0.0018453063360678547,0.9620310877529222
73.568426,-0.27322322537663807,-0.001520519021877425,0.9619494566434823
73.581007561,-0.2733415076549497,-0.0017450412816416767,0.9619154718704989
73.58837615,-0.2730784178100008,-0.0022298269887563206,0.9619891920380327
73.599169393,-0.27282223528843635,-0.0029081705391379472,0.9620600659399269
73.608290733,-0.2721159712635281,-0.0033408067288045397,0.9622586643900419
73.618472582,-0.2723751238125908,-0.0037593368177077477,0.9621837970547867
73.631186731,-0.272980461024497,-0.0032813880378400615,0.9620139813908103
73.639178341,-0.2732711438049717,-0.003684903008369067,0.9619299888522768
73.649314999,-0.27288537535496277,-0.005271461780416812,0.9620321115264702
73.66047523,-0.2733673427105171,-0.005929363019239317,0.9618914380498336
73.670481316,-0.273356831420599,-0.006561272177574563,0.9618903224500712
73.682628613,-0.2738900882529076,-0.007207473528326996,0.961733992267172
73.688872026,-0.27360974759203194,-0.007993755391097009,0.9618075721771855
73.700559262,-0.27235053152418764,-0.009222441732380994,0.9621539037737078
73.708646385,-0.272161684040532,-0.010330160479977823,0.9621960847585485
73.718645931,-0.2714148916511758,-0.01154664954598542,0.9623931792538031
73.731921693,-0.27219892346248364,-0.010925862349977385,0.9621789706690613
73.738933833,-0.27165570850402754,-0.010580709326652097,0.9623363365410867
73.749025843,-0.27182124553220177,-0.01008693409642576,0.9622948946335822
73.758986875,-0.27273847704639215,-0.010543055713868986,0.9620304398066772
73.790455063,-0.27049936841569155,-0.013419505086690445,0.9626266194999701
73.790882189,-0.2682676329027054,-0.016451893299463078,0.9632039308182054
73.7912955,-0.2677649013124602,-0.016038339183700668,0.9633507820629811
73.800922759,-0.2682788336720877,-0.016751070496334453,0.9631956546002329
73.80846518,-0.2678160643801926,-0.017545057393593105,0.9633102961252725
73.81848637,-0.2682945245863571,-0.01789419109224735,0.9631707252622118
73.830960556,-0.2684438834916618,-0.01912484954575976,0.9631054571259408
73.838898821,-0.26853444152560774,-0.020235725552999597,0.963057510809128
73.850032186,-0.2671866954602422,-0.022626547131145695,0.9633791097662217
73.858839959,-0.2657962108810049,-0.02581455182787995,0.9636835493019617
73.868354457,-0.26616304812270986,-0.026701582179076533,0.9635581234794101
73.878786009,-0.26726856280264427,-0.02724823882002521,0.9632367563681402
73.8889121,-0.26830688436077293,-0.027930712014553733,0.9629284974134761
73.898268229,-0.26872474355731385,-0.02924694988968874,0.9627728850160905
73.908243805,-0.26955601701370524,-0.030421152362723854,0.9625040816436213
73.938831305,-0.2650767523163729,-0.03530968090158836,0.963580583976261
73.939113171,-0.26359503709051213,-0.03782702316196669,0.9638914735279879
73.939419229,-0.2663311424171184,-0.03601665479628698,0.9632084525979191
73.949751555,-0.2662678850789726,-0.03583199724783586,0.963232828213824
73.958516629,-0.26634374909860475,-0.0353794599945674,0.9632285819713783
73.969073183,-0.2678455556896697,-0.033523914263070685,0.9628784479204915
73.97904875,-0.2680369951403369,-0.033704928666514936,0.9628188547279931
73.988727867,-0.2676572627663757,-0.034213860256165525,0.9629065382760587
74.041130782,-0.26810996333593595,-0.03389121190391329,0.9627919989881963
74.041428954,-0.2677942484519171,-0.03446756247777459,0.9628594017990963
74.041660836,-0.2669737697649164,-0.036159898679557004,0.9630251647724444
74.041962297,-0.26688661477007025,-0.03704082809484228,0.9630158419832048
74.042271452,-0.2681448369029242,-0.03675116163611125,0.9626773595346994
74.049666325,-0.2684586022063678,-0.036616843438684245,0.9625950268300736
74.059068321,-0.2689522764794081,-0.036368886103883724,0.9624666109014415
74.071844479,-0.2697345067193828,-0.0351108688739059,0.9622944054559243
74.080849151,-0.270170323343523,-0.03471898407496159,0.9621863585237834
74.088166177,-0.2696313256192835,-0.03491895788411791,0.9623303043264695
74.099057,-0.269686474379466,-0.034994134949257225,0.9623121198737584
74.108232893,-0.26807120232166853,-0.03700243388103685,0.9626882415261415
74.118904198,-0.26643959617106844,-0.03784715567713612,0.9631082672261456
74.129588213,-0.2659135531962789,-0.03779448094026051,0.9632557082296404
74.138321727,-0.265202014547994,-0.03867531864314361,0.9634168937731667
74.148470353,-0.26594926107674055,-0.03788248193237225,0.9632423932195776
74.158295954,-0.2660774554689872,-0.03749084223050124,0.9632223130928794
74.168357737,-0.2671360347900189,-0.03601132491533918,0.9629857337440195
74.1806447,-0.26616432072393864,-0.03655211351950483,0.9632343937852414
74.188687818,-0.2673243093830257,-0.035659728001332255,0.9629465703826767
74.198455358,-0.26696831481313577,-0.03693581870374062,0.9629972295819541
74.208208508,-0.2675153787753252,-0.03722351447565349,0.962834322242812
74.218318659,-0.26682196090257043,-0.03853417203312189,0.9629751599941864
74.22953105,-0.2651716276517719,-0.04052254637244666,0.9633493297470046
74.238971714,-0.26467832735065266,-0.041669826905632465,0.9634360427950138
74.249707675,-0.26415154401255286,-0.042388301066674725,0.9635492689678433
74.259867572,-0.2641710605885572,-0.042465183129951775,0.9635405331221186
74.268970376,-0.2620685923364282,-0.043300766431148593,0.9640773291273259
74.278971257,-0.26267127101378623,-0.043879308484864765,0.9638871353384131
74.288425303,-0.2638975109484422,-0.04236433747916967,0.9636199285118423
74.299353964,-0.26382443351738893,-0.04284271449222233,0.9636187887822482
74.308315103,-0.2640581123043481,-0.04221748849582537,0.9635823768580293
74.319715394,-0.2636357308406179,-0.04371111769514014,0.9636314334920664
74.330865501,-0.2635358116794008,-0.04403870904475601,0.9636438491829598
74.338443921,-0.26232743543327297,-0.044803839596918194,0.963938241059237
74.348998956,-0.2637618621148883,-0.0434892883734746,0.9636069540484106
74.359293753,-0.2635020564100533,-0.04382745240932614,0.9636627110576509
74.368851851,-0.2632570726974197,-0.04419197534077937,0.9637130190000888
74.381678924,-0.2628293567109999,-0.04494222748861193,0.9637950640251506
74.388410506,-0.2627341957068194,-0.045279801670485426,0.9638052095558378
74.398818611,-0.26193643474721884,-0.044961033829904226,0.9640372449178829
74.408742312,-0.26085453575226497,-0.04519652846539174,0.9643195450638482
74.418348356,-0.25963729771903893,-0.04752753196145941,0.9645359544044004
74.42912095,-0.2586638468220958,-0.04785137650464699,0.9647814571776376
74.438824481,-0.2586542462125765,-0.04928284111656886,0.9647119686661314
74.448780272,-0.26014213368520445,-0.047966868471768044,0.9643781674274472
74.458357535,-0.25940085931981466,-0.04883253314999215,0.9645343839855044
74.469076254,-0.25837534709237703,-0.04969949439453455,0.9647653291198961
74.481122094,-0.2579039933320575,-0.049618310671259255,0.964895617913932
74.488691599,-0.2576834599986535,-0.049825187465171616,0.9649438766773863
74.499491366,-0.2558254798036682,-0.05311174162866966,0.9652629003460107
74.508640063,-0.2558189016134382,-0.05337565782305745,0.9652500861068337
74.519325186,-0.25565648310432093,-0.053534621253507754,0.9652843140619107
74.531967122,-0.25666802635436026,-0.05221028000072665,0.9650883953864553
74.538443185,-0.2571735191140687,-0.052498779982813014,0.9649381633901739
74.549737477,-0.259673627429207,-0.050395271173620027,0.9643805907737333
74.558672058,-0.25906336858642,-0.050551496510736434,0.9645365297681482
74.568500926,-0.2579555659522967,-0.05139196586290154,0.9647889882450861
74.582067431,-0.2577610966256692,-0.05142661272202577,0.9648391164180022
74.58897565,-0.25761245890144685,-0.05140080091087309,0.9648801887718863
74.599973914,-0.2572082825577836,-0.05199522455592845,0.9649561627385225
74.609192068,-0.2570296891581089,-0.052120435517245794,0.9649969943439091
74.6185179,-0.2558979525678073,-0.05299451334842654,0.9652501330880859
74.651851074,-0.2540999275731691,-0.05437766416387151,0.9656481224790899
74.652173537,-0.2536998933653265,-0.05509972786992967,0.965712371306841
74.652444555,-0.2529584211303282,-0.05658647803835926,0.9658208983463061
74.658473956,-0.2538287955689089,-0.055885206442405626,0.9656333601532865
74.668229673,-0.2548478277073779,-0.054884725793940596,0.9654223177383847
74.679058839,-0.25657472986792157,-0.054108266291481084,0.9650086546306894
74.68869251,-0.2559573825748877,-0.05473860265901972,0.9651370388107331
74.698382409,-0.2558904799846537,-0.054340229520553035,0.9651772902989779
74.708341639,-0.25410315875133727,-0.05584676573270266,0.9655634228106352
74.718480566,-0.254995637520967,-0.056111099167336045,0.965312783192841
74.729507431,-0.25443403780906154,-0.05718070600671561,0.9653982013991691
74.738531546,-0.254787711945182,-0.05739993475356134,0.9652919088711072
74.748474178,-0.25456291555106425,-0.0579793511357743,0.9653165889323648
74.758275806,-0.2553332853594139,-0.06015734300613391,0.9649797964050908
74.769052085,-0.2567070058185821,-0.060772837394975625,0.964576681969154
74.77923285,-0.2573593952365731,-0.06065441522971422,0.964410277629084
74.78825555,-0.2564328946496597,-0.06014675051832233,0.9646888301124272
74.799483558,-0.2576537109762223,-0.05878381941984023,0.9644475246453779
74.808472201,-0.25798345245628235,-0.05828633897994235,0.9643895690783121
74.818658011,-0.26096347288464794,-0.05543665592635215,0.9637555929797176
74.830653309,-0.26067662004197445,-0.05649565071589368,0.9637717267142047
74.83834646,-0.25999522123935637,-0.05786781846599683,0.9638743696761961
74.849753561,-0.26075280821999003,-0.05759815177633327,0.9636858543723362
74.858652071,-0.26079560989838385,-0.05661874153566579,0.9637323113627807
74.868852985,-0.2610054884655276,-0.05726199215740767,0.9636374833125974
74.881152215,-0.26120615701328354,-0.05701964614643414,0.9635974800152227
74.888890058,-0.26136278098875715,-0.05731126023525333,0.9635377087400732
74.89867355,-0.26157771453330875,-0.05743611407558457,0.9634719466904199
74.908982652,-0.26150018373419975,-0.05713662054101147,0.9635107993687109
74.918299455,-0.26166307674816264,-0.05778693979837054,0.963427788604535
74.929013037,-0.2614429413200943,-0.05689135662199007,0.9635408460338396
74.971447639,-0.2621527420724566,-0.05616489427133671,0.9633905980833433
74.971706668,-0.261475078328765,-0.05602627327496311,0.963582814352708
74.971977473,-0.26111049078476817,-0.05612432983007007,0.963675967949426
74.972225639,-0.2615228000161312,-0.05576994538893485,0.9635847333073715
74.979348335,-0.2624752554900252,-0.054867821628641365,0.9633775284929443
74.988655603,-0.26347666228200495,-0.05386420794139108,0.9631607838443076
75.001676984,-0.26272686295574993,-0.05377680808038489,0.9633704637335089
75.109974803,-0.26278913572373924,-0.053759856111292414,0.9633544249218267
75.110664552,-0.2619821493722457,-0.05499483742533322,0.9635044998685058
75.11103348,-0.26195166053186447,-0.05484018828003159,0.9635216039581103
75.111275823,-0.2624733310561451,-0.055848205965581675,0.9633217159260542
75.111574571,-0.26035021638808464,-0.05898269130640041,0.9637109561237391
75.111841639,-0.26052705657037123,-0.058907258628144596,0.9636677786850069
75.112158431,-0.26005912490850375,-0.058566334955825604,0.9638149386483202
75.112413909,-0.26016318288148893,-0.05807323530812204,0.9638166929524621
75.112669858,-0.26005327206142936,-0.05699934023066369,0.9639104579282316
75.112924809,-0.259549298746213,-0.056421363001744676,0.9640802826099986
75.113179449,-0.26025512805154355,-0.05616948686359194,0.9639046929382363
75.119198299,-0.2591619707572471,-0.05526307559132396,0.9642515571101803
75.13045008,-0.259972215513186,-0.055564603091846354,0.9640160901377172
75.139500425,-0.2598204249380436,-0.05489136901005442,0.964095578453307
75.14907092,-0.2595630614442059,-0.05492359994868572,0.9641630646848012
75.158552066,-0.25908974605647545,-0.053996769331126064,0.9643427048462556
75.168311452,-0.25964212868239467,-0.05364361188604779,0.9642138393100846
75.179575904,-0.258889910843562,-0.05344446553255669,0.9644271373034627
75.188634327,-0.2589281953325974,-0.052643526112836916,0.9644609109861382
75.19902555,-0.26020351358866955,-0.0512274231949781,0.9641939030241344
75.208199729,-0.26009927581568726,-0.04984623715123684,0.9642944152913143
75.219492244,-0.26056583084480917,-0.049555611162015054,0.9641834313026301
75.229167191,-0.2608904963311406,-0.04892920503590042,0.964127627349536
75.238513648,-0.26274265555904475,-0.04523357585296195,0.9638050739466645
75.249666589,-0.26442996063315694,-0.04395815497729309,0.9634025516524957
75.260476681,-0.26490799888179545,-0.04352409869681234,0.9632909243634931
75.268734608,-0.2654517014786422,-0.04355962637097591,0.9631396332477005
75.279930165,-0.2653600760318475,-0.043732609174443965,0.9631570427210546
75.288409443,-0.265470962636797,-0.0427952615766591,0.9631685904260363
75.301761282,-0.2655706993578945,-0.04335136639393363,0.9631162249045221
75.307956199,-0.26554709044618835,-0.04245815871674976,0.9631625239355751
75.318871832,-0.26731193136859455,-0.0411695658488566,0.962730179331576
75.330552594,-0.26761115859741447,-0.04117900444337656,0.9626466420173094
75.338496298,-0.2673516061700844,-0.04101577650278623,0.9627257266512356
75.348952135,-0.2683298612945001,-0.040293223598767636,0.9624840474884215
75.358730872,-0.2685555319627479,-0.0395591514272848,0.9624515571136859
75.368971176,-0.268454252452863,-0.03883992560942332,0.9625091036029889
75.379853289,-0.26799232163185754,-0.03877873531580789,0.962640288598848
75.389707239,-0.26794798953313054,-0.03782797726842587,0.9626904585799803
75.398849627,-0.26763261354134027,-0.03768991862198496,0.9627835967668434
75.409697119,-0.2682050006430707,-0.037033562150048514,0.9626497768682695
75.418836664,-0.2682275459257229,-0.037187135103170545,0.9626375748896793
75.429095819,-0.26885146459245945,-0.036254968685409415,0.9624990738863645
75.438956748,-0.2686487870289618,-0.03634663243971378,0.9625522071753614
75.503889217,-0.26851144749800593,-0.03549243171165381,0.9626224025305662
75.504143616,-0.2685342302518372,-0.03549421332928496,0.9626159815851744
75.504398138,-0.26781227148914005,-0.03600895001263582,0.9627979760878264
75.504651378,-0.26738536057837303,-0.03564707094229015,0.9629300884703983
75.50495219,-0.268786843414454,-0.03386724941894293,0.9626040942277823
75.505197026,-0.2689900628912865,-0.034036139203934605,0.9625413691337283
75.508321917,-0.26937436420545785,-0.03365851212492829,0.9624471707426031
75.519304015,-0.2695960573706559,-0.03332855547239738,0.962396577945039
75.532336642,-0.2696530873381127,-0.03351240860658383,0.9623742156554328
75.538515989,-0.27071511387675573,-0.03184356906074976,0.9621326905516558
75.549377955,-0.2705927676849635,-0.03121943052146821,0.9621875603199755
75.558571494,-0.26998249042138917,-0.03220522332084081,0.9623264926503475
75.568431551,-0.26996892814647144,-0.03215170903839476,0.9623320868813197
75.579485178,-0.2703272554418794,-0.03238775619923957,0.9622235749625134
75.588384549,-0.27061165997009395,-0.03194403845524859,0.9621584629859053
75.602930148,-0.2710483582743971,-0.03186915954486518,0.9620380159570922
75.609139025,-0.2706940835339429,-0.03198495210493639,0.9621339179025775
75.619657838,-0.2724210686174524,-0.02997232766735131,0.9617111941469363
75.629607341,-0.27214025033983974,-0.02973105978437591,0.9617981847711439
75.6391589,-0.2708721032169604,-0.03060795231488472,0.9621286072838237
75.649076577,-0.27163713217597873,-0.029993454320841655,0.9619322539145434
75.667171289,-0.2712568636024301,-0.029901723083794365,0.9620424111780066
75.668439474,-0.27096734941414097,-0.029567185231759666,0.9621343342324635
75.679447821,-0.27165341057870235,-0.02886942381392171,0.9619620475307803
75.689254834,-0.27222945215949584,-0.02830158652017163,0.961816066395952
75.698442391,-0.27312147733272535,-0.027538372114596935,0.9615853039022944
75.708333913,-0.2738029211045345,-0.026722824755594447,0.9614145053158424
75.720561245,-0.273779716042545,-0.026890425868200722,0.9614164405086333
75.729240399,-0.27404785190924685,-0.02633642432156818,0.9613553805008228
75.73824447,-0.2743627423644322,-0.02640883876985678,0.9612635740716986
75.748487731,-0.27458529062025633,-0.026472008706904655,0.9611982890798397
75.758544036,-0.2738913087245378,-0.02764232633240506,0.9613633302763803
75.768517398,-0.2746037561370173,-0.02740129757180066,0.9611669709300372
75.779173897,-0.2754977236735228,-0.027102138725094135,0.96091960034502
75.788921848,-0.2743252797624546,-0.02778954611284969,0.9612353416360081
75.799226592,-0.2749929071152576,-0.026323142266816885,0.9610858407122126
75.811194488,-0.27564996894612853,-0.025556190396032775,0.960918298167144
75.819275886,-0.2751165451285201,-0.026239472504335646,0.9610527439632235
75.830113279,-0.27534433897946015,-0.025722985518988148,0.9610014687855343
75.838379613,-0.2760663980485165,-0.024613235596223585,0.9608233617590711
75.849641129,-0.27497926708756226,-0.02557180127741671,0.9611100278591498
75.858782452,-0.2737611625427479,-0.02664830042535571,0.961428465340861
75.869926778,-0.27428072486504235,-0.025690528079322497,0.9613064447586485
75.879259952,-0.27416363033332647,-0.02586875693505848,0.9613350670900788
75.8895677,-0.2724413111945823,-0.027180780617113095,0.9617884055859798
75.899426161,-0.27212969259731484,-0.027821523089858795,0.9618583020694116
75.90839242,-0.2720271070652531,-0.02820104462218729,0.9618762675645588
75.91829932,-0.27217218603384413,-0.028188225504352047,0.9618356019052707
75.928322939,-0.2742471546332673,-0.02598965096211565,0.9613079819799814
75.938709976,-0.27450828192000104,-0.024930405362475944,0.9612615034660402
75.948886018,-0.2741335755203064,-0.024822009097709097,0.9613712345586412
75.958270171,-0.2734576615602835,-0.02482254238786949,0.9615636997741667
75.970506099,-0.2744988719660814,-0.024015604106762147,0.9612874804389872
75.978704838,-0.27595890582704524,-0.021624018802671334,0.9609261595489852
75.98839278,-0.27742230818174,-0.02017403828374362,0.9605362414310257
75.998450822,-0.27731693995221984,-0.021627951675586395,0.96053503138712
76.008584883,-0.2776458688961051,-0.02147058767909277,0.9604435357425449
76.018630841,-0.27698470737485936,-0.021098593389938507,0.9606426605337853
76.028342627,-0.27701157307027824,-0.020416329662255168,0.9606496561537157
76.038651656,-0.27802223125820824,-0.01976898218629793,0.9603711919198353
76.067031531,-0.278486081938927,-0.02046609865602206,0.9602221831285233
76.067605215,-0.27768058660354505,-0.021409979500133843,0.9604348518256275
76.069031927,-0.27776547782422295,-0.022129646941260406,0.9603939910554086
76.082853425,-0.2775630461709821,-0.021326085672394697,0.9604706937070902
76.088315302,-0.27874509845295437,-0.020720420524176813,0.9601415699061019
76.099364567,-0.27922360867739227,-0.020429207289995678,0.9600087623801551
76.10920576,-0.27865955378369944,-0.020297822033219278,0.9601754274640532
76.11835852,-0.27831418924276247,-0.019873221878710354,0.9602844719760408
76.129217559,-0.2783943467930015,-0.019331171198796817,0.9602723017424698
76.138459124,-0.2778829961647944,-0.019280718373705576,0.9604214149744219
76.148366121,-0.2786728880087916,-0.017684551032845854,0.9602232439092516
76.159523874,-0.27528946996208853,-0.020695237039482093,0.9611386033719965
76.168434902,-0.2745511051550428,-0.020888499653670158,0.9613455992723758
76.179682954,-0.274160400929169,-0.021381516982781422,0.9614462571011821
76.188426755,-0.27426655564095415,-0.01991024143586858,0.9614475746200688
76.198511253,-0.27460332216618843,-0.020451480434034868,0.9613400815545707
76.208310795,-0.27580064663065956,-0.019285697385852483,0.9610213656284918
76.220122059,-0.2766974012546093,-0.017947597869294056,0.9607894836381526
76.229011896,-0.27736363030871664,-0.017082698719473956,0.960613136484417
76.238578293,-0.27659071981564154,-0.017167737682037856,0.9608344511385642
76.249755328,-0.27686354436891886,-0.016329015265909505,0.9607704934373898
76.258780104,-0.27631183279586324,-0.0165550526604409,0.9609254400256042
76.26914516,-0.27588824454267685,-0.016788382614510284,0.9610430930672926
76.279509442,-0.27561551821082514,-0.016833823565633087,0.9611205483733762
76.289323659,-0.27590028159918795,-0.01707747522122463,0.9610345438398962
76.299189752,-0.2755590456193117,-0.016354206204430604,0.9611450214805242
76.308923337,-0.27503825111654673,-0.016292454292559752,0.9612952285098871
76.319635606,-0.2745711217598603,-0.01580302925015505,0.9614369263566127
76.33126675,-0.2747552463077696,-0.0157998750116469,0.9613843760827265
76.339144784,-0.27518469092828757,-0.014566857984312983,0.9612810164188034
76.352144678,-0.27321755325695696,-0.015217244558365726,0.9618319001053838
76.359203576,-0.2725755658802281,-0.015474630409512913,0.9620099254679042
76.368424301,-0.2720678952529988,-0.015156601131789538,0.9621586863998761
76.379680174,-0.27163473966627244,-0.014659158107460256,0.9622887702192191
76.38840834,-0.2702818399898549,-0.015286512883083627,0.9626598825626702
76.401328996,-0.27047615714189394,-0.014719337234002523,0.9626141436365586
76.408660807,-0.26987836741518717,-0.014843061402796691,0.962780011388638
76.586648391,-0.2694052498917887,-0.014846148060359832,0.9629124587513203
76.586883323,-0.2682791306957625,-0.015420809183288933,0.9632177877703768
76.587123848,-0.26779086157284765,-0.015469525086300789,0.963352867983314
76.587544273,-0.2667279252544637,-0.015588417636909694,0.96364579339352
76.588027975,-0.2664408203116221,-0.01544201983193369,0.9637275721360161
76.588727427,-0.26615213045556896,-0.015062708018440622,0.9638133420331516
76.589059675,-0.2655709982468962,-0.015196139698823656,0.9639715360052915
76.589546419,-0.2658829740927651,-0.013062959485807234,0.9639168030369936
76.589814825,-0.2649997349850726,-0.01194477653859181,0.9641744980921683
76.5901347,-0.2625735599487946,-0.013256694223439695,0.9648209086012197
76.590403888,-0.2601957081304198,-0.013184626291854823,0.9654658767144769
76.590740565,-0.2604060874742359,-0.013706655516962587,0.9654018837773727
76.591088986,-0.2588487248835669,-0.014024109005798563,0.9658160601236371
76.591346715,-0.2588349321121834,-0.014808577275676197,0.9658080471592436
76.591723722,-0.25809868022157695,-0.014644153380809263,0.9660075672786624
76.592000639,-0.25727565308470596,-0.013687945751842843,0.9662411078353749
76.592271885,-0.2567708474352881,-0.014505681915551613,0.966363449794915
76.592560041,-0.25609336088604356,-0.013519928409946338,0.9665575006412607
76.631144962,-0.2558732286572061,-0.014094904847303632,0.9666075855867688
76.632225688,-0.255323332982457,-0.013835670841859129,0.966756727334796
76.632484184,-0.2548601091226106,-0.013477323955128758,0.9668840088226817
76.633018372,-0.2554386403473312,-0.014741806828171807,0.9667128736853295
76.638591107,-0.25560141542861897,-0.01387878834224749,0.9666826240628502
76.648635463,-0.254746780878574,-0.015318352900020003,0.9668864595682548
76.658640006,-0.25380139905283655,-0.014187385601418223,0.9671522982077949
76.668466002,-0.25294585072899073,-0.014587379182784048,0.967370459011213
76.67923126,-0.2521267568132747,-0.014444759637239818,0.9675864030761502
76.689190396,-0.25237067208774944,-0.015240835096378764,0.9675105998466078
76.698430399,-0.2516818529743187,-0.015293431639905816,0.9676891834840818
76.708362754,-0.25172654280215323,-0.01645767961193915,0.9676584585641086
76.718839087,-0.25081656668753854,-0.017633157354546954,0.9678740215734615
76.729100397,-0.2505740636696359,-0.017521220383297682,0.9679388645221171
76.738664445,-0.2509941976711548,-0.01776305835670346,0.9678255971471459
76.748558444,-0.25111562520533115,-0.01688359332362258,0.9678098403375625
76.758913572,-0.2508710678447364,-0.0172973136158103,0.9678659567626697
76.769495845,-0.25095134044194317,-0.01734247666069038,0.9678443383280524
76.779332752,-0.25106368437439763,-0.016868078199668093,0.9678235863659259
76.788431284,-0.2509374288329976,-0.01679464662006132,0.9678576066010908
76.802917736,-0.2507152168126464,-0.016775977380872484,0.9679155162727294
76.80831954,-0.25077130751556315,-0.01695715208665692,0.9678978284509399
76.818602215,-0.2508525271747014,-0.015514907371741417,0.9679009749242491
76.831207463,-0.25112500538657956,-0.015157066245412642,0.967835985594885
76.83832039,-0.2504136034023664,-0.015981415006753024,0.9680070359276447
76.848929562,-0.2501523578989851,-0.016848237275695614,0.9680598817936212
76.858824785,-0.2505889425810541,-0.017756665996400026,0.9679307220399616
76.868901135,-0.25007301555050276,-0.016915253615791267,0.968079212197324
76.88360156,-0.2504053567252913,-0.01802635433761976,0.9679732474983873
76.888787933,-0.2508581966079138,-0.018331305359362945,0.9678502613723091
76.898458068,-0.2509187831097246,-0.017295063716754464,0.9678536279075306
76.908420783,-0.2514786155613772,-0.015668126816315717,0.9677360258445488
76.918394967,-0.2511903599726645,-0.015872192388451306,0.9678075617423059
76.928443786,-0.25125850475106726,-0.016098735250442166,0.9677861305648031
76.938780852,-0.25079362525222443,-0.016293560326141335,0.9679034442674255
76.948214489,-0.25086221465052255,-0.01704379994008231,0.9678727489418419
76.958459762,-0.25119931822490327,-0.017686506596012803,0.9677737803886676
76.968415765,-0.2511659200262522,-0.01683117982574461,0.9677977020033887
76.978638273,-0.2506075150199208,-0.01732475931542196,0.9679337405681253
77.032500485,-0.2510293484791118,-0.01829334851605727,0.967806602375817
77.032799021,-0.2506294964459706,-0.017866065311791243,0.9679182089523444
77.033262323,-0.25063171703229054,-0.01729293360298303,0.9679280432267932
77.033479123,-0.25085136356191456,-0.017752485116623924,0.9678628222384165
77.033810668,-0.24983926238933513,-0.017641161605469892,0.9681266096879906
77.039369254,-0.2503656509831366,-0.018501006225832863,0.9679745624635092
77.050401161,-0.24971509582545956,-0.018267517530394753,0.9681470284621848
77.058478911,-0.2505581822883417,-0.018168020831986955,0.9679310514222647
77.070823455,-0.24990716595512788,-0.018511180454055712,0.9680928388344134
77.080761939,-0.2501462701262974,-0.018011969330694353,0.9680405014784926
77.088549165,-0.2491094913334232,-0.018749408215605386,0.968293819570882
77.099153902,-0.24956848376597776,-0.017829556104712287,0.9681929966901536
77.108270206,-0.24952160400382722,-0.017768430185572982,0.9682062032563609
77.118422785,-0.2485413455141725,-0.01791798457478828,0.9684555464236768
77.131698149,-0.2490298472426608,-0.017509546412370916,0.9683375191361379
77.139013949,-0.24789609672076798,-0.017909711243639763,0.9686210649545969
77.154135227,-0.24769329895585646,-0.017374547214173523,0.9686826904417499
77.16316012,-0.24775940532344956,-0.016575642702547716,0.9686797846258424
77.168462562,-0.24735718299278178,-0.01640747963587328,0.9687854347758712
77.233423785,-0.2473142261257409,-0.016417203789122595,0.9687962370775253
77.233779379,-0.247272513698948,-0.015385967157025797,0.968823810599041
77.234046106,-0.24633187339846024,-0.01598090195385353,0.9690537750407591
77.234461687,-0.2456456614260047,-0.015728865662583795,0.9692320732453861
77.234717481,-0.24539777109890645,-0.015432692787658672,0.969299626499985
77.234972283,-0.24494501030705923,-0.0155287746810497,0.9694126051803639
77.23858833,-0.24438514785552154,-0.016037520048772846,0.9695456139131982
77.25010365,-0.24404033781860504,-0.015780230274631935,0.9696366834283142
77.258326228,-0.2436080924591775,-0.016480844986732412,0.969733715530673
77.269031163,-0.24374321359010406,-0.016311783528113258,0.9697026201608928
77.279921993,-0.24422396722352352,-0.01600424800995075,0.9695867768690121
77.290166135,-0.2439342112605053,-0.01592927678405457,0.9696609503934106
77.299580169,-0.2430731526936763,-0.01699239621838428,0.9698591139491932
77.30851295,-0.24364198882319,-0.01715685203195491,0.9697134750588104
77.318601296,-0.24372166032177267,-0.01738844745582602,0.9696893286950592
77.330152232,-0.24368784756512873,-0.017546480994390726,0.9696949798538653
77.338386475,-0.24355954953577813,-0.017284629400128364,0.9697319152304048
77.382122608,-0.24309067403444673,-0.017864429642415,0.969839051776649
77.382560861,-0.24317579444149934,-0.017971725182250087,0.9698157299671517
77.382955811,-0.24299782086723867,-0.017938510437839165,0.9698609533830327
77.383332573,-0.2425980932782593,-0.016521690460118667,0.9699861848923895
77.4346992,-0.24330014955479454,-0.017593852985899796,0.9697914691126776
77.435084088,-0.2423885183218248,-0.016894734382372635,0.9700321510836122
77.435526115,-0.24210028769989286,-0.01621015815366223,0.9701158082766522
77.43582773,-0.24244489829990987,-0.01742285212403653,0.9700087192970022
77.436125448,-0.2403658528301009,-0.018040557797955423,0.9705147062603414
77.438942927,-0.24045576258052961,-0.01750399547921219,0.9705022598552153
77.449029163,-0.2400400901985101,-0.01642566977829199,0.9706240015937302
77.458424503,-0.2394970523567454,-0.016812983449409562,0.9707515055357682
77.469427939,-0.2394803887101688,-0.017318681773948977,0.9707467263322804
77.479285294,-0.23881861265371224,-0.016497330617495518,0.9709240486941568
77.488706179,-0.23964808068372573,-0.014300689037533872,0.9707544940496842
77.499472148,-0.23921699697988988,-0.013302793246449422,0.9708749991877254
77.508484817,-0.23856582642871302,-0.01288343755742962,0.9710408660283506
77.518559693,-0.23703134064828718,-0.014078852648739804,0.9713999842796843
77.529104014,-0.23667465445954639,-0.013607090359159026,0.9714936721504737
77.538319655,-0.2343898042460253,-0.014605874742666097,0.9720329665646692
77.55203345,-0.23358627097677023,-0.014859408057666935,0.9722225321413522
77.56000924,-0.23366287439836966,-0.014199545820111277,0.9722139857183677
77.57034045,-0.23225492232926817,-0.013913403129212583,0.9725554319765993
77.580698798,-0.23262730635330264,-0.011351885440773207,0.9724997023319577
77.588801851,-0.2317823065803546,-0.010829738524662149,0.9727073964557779
77.602018111,-0.2313150594631503,-0.009215091424127485,0.9728352508804378
77.610008348,-0.23058120327785592,-0.008031177960478973,0.9730199426915684
77.618692718,-0.22864452577242692,-0.007894155306740374,0.9734779726045656
77.631317534,-0.22896341536021206,-0.006232042848531293,0.9734150790225725
77.639507127,-0.22863545710971675,-0.00551511974224991,0.9734964875162414
77.648660906,-0.22746732460587424,-0.00571380317419877,0.9737689503624217
77.658795122,-0.227190879811846,-0.005111329141507295,0.9738368335839052
77.668657287,-0.22594885423641545,-0.005637274375323416,0.9741228548837506
77.679853017,-0.22540631820435736,-0.005144593660949553,0.9742512637249282
77.689240917,-0.22488547061373085,-0.003890912925768935,0.9743774350340042
77.699492946,-0.22522366081635734,-0.0017092382866164821,0.9743055891828589
77.70840673,-0.22383113019345582,-0.0021637338748044773,0.9746255400983699
77.735571439,-0.22256826440249688,-0.0023807538625536446,0.9749142011951135
77.735841348,-0.22092815993408013,-0.002069572709984779,0.9752878882755285
77.738773779,-0.22208564807814296,-0.0006084626205375094,0.9750269712633342
77.748870536,-0.22325963026821527,0.0011410794943454987,0.9747583471969284
77.75851727,-0.22486376564431326,0.0035163502006965745,0.9743838679809541
77.768774844,-0.22108063211800616,0.002386459106491533,0.9752526128728064
77.779382175,-0.21943056521508061,0.0030948566151250295,0.9756232105233671
77.788850119,-0.21892529833440016,0.0036952720118052468,0.9757346251486378
77.79934399,-0.21809390160150074,0.004468854652383706,0.9759175576975397
77.808336442,-0.2196424369244811,0.007057306816905696,0.9755549160976882
77.818988346,-0.2179325990612047,0.006739109068208849,0.9759405548881526
77.830824649,-0.21670835756489842,0.007385103096559344,0.976208455205023
77.838561263,-0.2164123526367571,0.008122421085924364,0.9762682622629536
77.849459513,-0.2153266192240941,0.0086427068732332,0.9765038405820151
77.860299722,-0.2144116422110069,0.006637187459617313,0.9767208380223108
77.868373219,-0.21500643075634873,0.01044541727056497,0.9765567715148255
77.880210039,-0.21217314896930012,0.009790840077256667,0.9771830403292072
77.889703391,-0.2121352472046836,0.008787245645456366,0.9772008090496929
77.8985847,-0.212234928602027,0.009668430496543904,0.9771708430632926
77.90843531,-0.21125342947428952,0.009038502770520008,0.9773895303322104
77.918821218,-0.2079767101250687,0.010499699690893627,0.9780774224732693
77.928724364,-0.20883231661415194,0.011340419489038621,0.9778857082621564
77.969639937,-0.20791746906619646,0.011121723188387238,0.9780831423403781
77.969930839,-0.20909171493200177,0.013776801919662381,0.9777989846976018
77.97017915,-0.20416187920831597,0.011066917596571899,0.978874583597429
77.982906119,-0.20609621045461982,0.01321835071452242,0.9784424496313686
77.983194053,-0.20324535110184944,0.014454255872653409,0.9790211446861881
77.988597061,-0.20303066598790373,0.013485924257520793,0.9790795057171959
78.00011415,-0.2048217237382678,0.016278126451102822,0.9786639280591304
78.008438625,-0.20227552417890757,0.014778977588081159,0.9792171332955726
78.020107767,-0.19928797265183543,0.013046188093315488,0.979854122271553
78.029157375,-0.20206937374601516,0.01768661610854809,0.979211494930754
78.051024368,-0.20282363925527758,0.01951260337886548,0.9790208525198143
78.051328411,-0.19951899933445216,0.018527074703626068,0.9797187945566346
78.058321273,-0.19559400820403122,0.017201207561107806,0.9805340903880503
78.068644127,-0.19802392853135678,0.018710801798634064,0.9800185863671467
78.081078535,-0.19586482401090272,0.01899391404369486,0.9804469398924548
78.08857495,-0.19620846839428843,0.018025953550789463,0.9803965024055076
78.098812243,-0.19248362954508633,0.01551580437245528,0.9811775130789666
78.108592502,-0.19462109675530778,0.01936136842498664,0.9806873946933717
78.118836579,-0.19637634193324813,0.021416617861080393,0.9802946805977826
78.129456847,-0.19549951809408436,0.021778151763884385,0.9804619577172436
78.138257529,-0.19525654619418217,0.021598197259790505,0.9805143543280977
78.149019482,-0.19030394298278944,0.018422856854484748,0.981552345843319
78.239153331,-0.19117543112070481,0.021680988811339744,0.9813164062930851
78.239844973,-0.19174020317422802,0.023460930793898046,0.9811652660041476
78.240810916,-0.18967351391596354,0.02178006782380795,0.9816056167139433
78.241179537,-0.1888361040836979,0.022510221679973175,0.9817505873257266
78.241764177,-0.1850250681209458,0.02084699152578576,0.9825126600258967
78.242303894,-0.18210011433295256,0.02077926138632613,0.9830604104815555
78.242838036,-0.17862074483590598,0.02649871981581812,0.9835611050475659
78.243373761,-0.17833043521163142,0.025446561694653154,0.9836415649895801
78.243896969,-0.1780373161815429,0.023902467427690848,0.9837333917773359
78.248275501,-0.17747654825724646,0.023709308877921522,0.9838393890728427
78.258385118,-0.1741205885629485,0.022284533810730835,0.9844721530806908
78.268814468,-0.17165207118610054,0.022273543805203966,0.9849058105747369
78.279674769,-0.16870328454363773,0.026346595055285298,0.9853147003435915
78.288566084,-0.16700540966745722,0.026416093056069644,0.9856020409726522
78.299380695,-0.16817513452528787,0.02546468971513478,0.9854281677043301
78.308475619,-0.16836702410486523,0.025499062127372556,0.9853945113631882
78.329565402,-0.16653444968444633,0.02488285389284768,0.9857216243191816
78.32999034,-0.16420286652413407,0.027506647035263072,0.986043002608981
78.338512029,-0.16282761524061037,0.02667115978209229,0.9862939809970119
78.349484594,-0.1602126477004815,0.027325842577746635,0.9867042139588833
78.358470016,-0.15754361428606561,0.026505408705684845,0.9871562555679967
78.371238451,-0.15672686042472003,0.025084710545182794,0.9873233758593355
78.379414049,-0.15503451621494146,0.02369017737253501,0.9876249664108623
78.388824346,-0.15609608743310058,0.026227935442847655,0.9873935926926425
78.400196795,-0.15551433254194266,0.025991332724136867,0.9874916419885574
78.408538689,-0.15545554342373188,0.027650648970012178,0.9874558297110658
78.438693908,-0.1546429560220189,0.028588975672995332,0.9875566953966445
78.439128959,-0.15382254980537502,0.027540753701029094,0.9877145994957007
78.439484429,-0.15427054506374532,0.02634292539329345,0.9876774013854211
78.469099921,-0.15304197674358203,0.024632493204467615,0.9879126447378578
78.469877739,-0.15138392631054431,0.02692838737525175,0.9881081766730666
78.470175506,-0.1505454904653794,0.028179358765297063,0.9882013858723915
78.481738484,-0.14867102928203663,0.028672399628374957,0.9884709497763557
78.48852005,-0.14639725864547812,0.027245943327237662,0.9888505960120052
78.498813727,-0.142982175521276,0.02399752318836134,0.9894342910795173
78.508408854,-0.14272456508362139,0.025751443311098157,0.9894273908120225
78.519993089,-0.14082139512602831,0.02959882687142364,0.9895924636549102
78.529131593,-0.1383808950527765,0.029486999524553567,0.9899400207807701
78.538467941,-0.13423984084690682,0.026040476704459987,0.9906066619513528
78.550159391,-0.13282013554320046,0.02411365199830351,0.990846780981596
78.558497621,-0.13281793787255852,0.024876503585263606,0.9908282166695969
78.568716221,-0.13000677205087677,0.028638270624677154,0.99109943430341
78.580884012,-0.12809013305483244,0.02776740390819643,0.9913737383520882
78.58836835,-0.12623742140545022,0.027891524644661634,0.9916078742577124
78.59872323,-0.12542723137065093,0.026283471134841238,0.9917546010862754
78.608901994,-0.12501236291644785,0.026768709901621373,0.991794003454472
78.618697896,-0.1201869829561661,0.029104743020553235,0.9923245452278212
78.629767682,-0.11968952138451412,0.027133151584949475,0.9924405325034917
78.63866926,-0.12040173407133556,0.02972650882137643,0.9922800799703216
78.649590947,-0.11813097413080172,0.031744734448621664,0.9924904759168697
78.658635345,-0.11364554172249422,0.03305355085001894,0.9929713760339751
78.668458798,-0.1114451481354132,0.02833592203680952,0.9933665257493832
78.684186646,-0.10999817101777791,0.025203328614482674,0.9936121952751455
78.688667776,-0.11143268412283729,0.027946975302341807,0.9933789425393665
78.699111435,-0.11022083196368039,0.029624170253215405,0.9934655387772859
78.70847003,-0.10996561405966492,0.03043547769919824,0.9934692976744186
78.719624905,-0.1100655107016539,0.029755975396167488,0.9934788197451453
78.729989912,-0.11057410510307679,0.029656099800247644,0.9934253283590526
78.739095971,-0.10801449985434544,0.029553510522808937,0.9937099465321829
78.825208634,-0.10563067314657962,0.027760272881853138,0.9940178711371971
78.826228229,-0.10578047846564106,0.026380318076537835,0.9940395209415773
78.826875926,-0.10776278648312129,0.027360707142332515,0.9938000671936307
78.827664661,-0.1052704423835202,0.027491718494493205,0.9940635489618346
78.828323618,-0.10355122718223654,0.02864271498255849,0.9942116164215147
78.82911636,-0.10116928644966515,0.025394111223049746,0.9945450792168534
78.829761028,-0.10205617266765706,0.027045566432147575,0.9944109185627407
78.830380358,-0.10039208503124564,0.029074661270600568,0.9945230481668482
78.830959971,-0.09664977329579548,0.029037036756685283,0.9948948043980641
78.839364129,-0.09465713656390343,0.026089991970644818,0.9951679952734082
78.84960062,-0.09187507217976235,0.029708750834201148,0.995327263384177
78.859580715,-0.08963699360558755,0.027519541708244267,0.9955942367257457
78.86979601,-0.08729179432632284,0.023801036834736763,0.9958984151452811
78.879551984,-0.08554873444015766,0.027874819218792347,0.9959439785897635
78.888693552,-0.08384548581898305,0.02765140836711683,0.9960950427158514
78.898586166,-0.08313091988306229,0.02426983697426397,0.9962430552694652
78.908732489,-0.08160810682852943,0.029302187012949014,0.9962336566971233
78.918926866,-0.07733968599545402,0.0312621811850009,0.9965145503191013
78.928635371,-0.0753446928312197,0.0265485676803161,0.9968040684188106
78.938604836,-0.0757646349366328,0.027225526704272026,0.9967539770618394
78.951420023,-0.07341972252956122,0.025532977143408728,0.9969742280630309
78.958365363,-0.07212393673296526,0.026762406301223673,0.9970365647051804
78.969518196,-0.07139620027884166,0.026569368638359788,0.997094103500719
78.978422259,-0.06960157363797619,0.027949079120290196,0.9971832679720641
78.98888026,-0.06868691182026292,0.028704145871815717,0.997225240431852
79.002537474,-0.06485310885171508,0.027614005400123962,0.997512677101414
79.008682508,-0.06421997639301749,0.028541121884596385,0.997527542974954
79.019436637,-0.06453520918736366,0.02911138999479238,0.9974907186273536
79.028532316,-0.06267518194553563,0.030633833443863792,0.9975637271957254
79.038676298,-0.06181812493953513,0.0327624409732368,0.9975495686382884
79.049276261,-0.0593225441740112,0.032119508224311824,0.9977219918114218
79.058525906,-0.057104498315545746,0.032307106862491455,0.9978453422842166
79.069191696,-0.0569307169336556,0.03389481780513745,0.9978026031211666
79.081902199,-0.0541187238238251,0.036644207685346375,0.9978618971454886
79.088862146,-0.053454328719349756,0.037303810816832206,0.9978732687268989
79.118076585,-0.052170500127501435,0.03658752288484375,0.9979677309841222
79.118609559,-0.05327924732029456,0.03853374186477181,0.99783589459534
79.119019995,-0.053733839903588744,0.03590883969494984,0.9979094295981865
79.129119347,-0.05209035810680906,0.036035833673108725,0.9979919905910011
79.13862532,-0.049057743313741374,0.03622726101030878,0.9981387295264392
79.148714923,-0.047369860195386235,0.03450100192264452,0.9982814118330579
79.173948297,-0.0449686165558139,0.03626830956269037,0.9983298218757772
79.174443405,-0.044149760425749855,0.03596797575038265,0.9983772350042687
79.179254265,-0.04295160689126431,0.036832032101282046,0.9983979972319399
79.189653538,-0.04315142831064129,0.0376122791237667,0.998360291024171
79.198860058,-0.0420065983633138,0.03883944155096784,0.9983621304286097
79.208424957,-0.04105790367068723,0.03898404526362273,0.9983959599082182
79.219887502,-0.0409755509669746,0.03964677969155228,0.9983732453762183
79.229252558,-0.04048479454065071,0.039402984381793994,0.9984029177805971
79.238842697,-0.04001435290856409,0.040074627348122886,0.9983951501305572
79.249599738,-0.040299980299555345,0.038662163007102415,0.9984393565657697
79.258627237,-0.039147073314431916,0.039448283941194776,0.9984544754494366
79.26918874,-0.03902291323975741,0.03860044301567532,0.9984924727013601
79.280385861,-0.03761915871675027,0.038176864946034166,0.9985626299238003
79.289484803,-0.03593811154464882,0.03898236263536807,0.9985934245437275
79.301468204,-0.033847765996066474,0.049262606197721236,0.9982121640050696
79.308411867,-0.03221991616222439,0.04188057671773893,0.9986029713035552
79.31859946,-0.03350630858011637,0.041768536652276464,0.9985653291754435
79.33076134,-0.03341048354791822,0.04134833616956955,0.9985860276836958
79.339505475,-0.03570170117594893,0.0413293642336778,0.9985075223478206
79.353101676,-0.035535196828868576,0.042063499985088765,0.9984828049372398
79.360156284,-0.03293472713664544,0.044668496542153206,0.9984588269754033
79.36900055,-0.030746003037389658,0.040925481659904644,0.9986890348091991
79.379478245,-0.030030930972383116,0.039573366965731646,0.9987652836437235
79.408643417,-0.03197233074564872,0.04256850242512903,0.9985818407461517
79.409087556,-0.030054165278047055,0.04661820052144149,0.9984605603275387
79.409644992,-0.028100884060903674,0.048538518726264204,0.9984259374209264
79.418709207,-0.024977680244998864,0.05177162669095848,0.9983465401148796
79.429231148,-0.025239124888721397,0.052257808793487966,0.9983146337678092
79.438973167,-0.02430510191803316,0.04596527629647698,0.9986473128165632
79.448830839,-0.023189103982965677,0.045805171288925146,0.9986812062613671
79.458500247,-0.022996917158675252,0.04680258772133271,0.9986394041814012
79.469115346,-0.02102868200728341,0.0437347273520443,0.998821840047803
79.479527938,-0.019520429141639876,0.04426637652750728,0.9988290347978733
79.488705841,-0.018628828688181692,0.04707537285997574,0.9987176157512195
79.500302236,-0.01921486231126236,0.04560771955783775,0.9987746117033076
79.508369706,-0.016716082516618155,0.04030772202989917,0.9990474764144385
79.519103807,-0.014337273911232707,0.03988140199277115,0.9991015545738507
79.529488922,-0.013855793818119534,0.040500939615348605,0.9990834253794543
79.53843759,-0.012080666026754231,0.03968854617762357,0.9991390678032046
79.55575388,-0.006598729731200499,0.04704596596615919,0.9988709295260552
79.558440975,-0.00633254870883901,0.04047792469949102,0.9991603657265797
79.568570685,-0.007875920034263208,0.04066026840829659,0.9991419881361103
79.581347096,-0.008179622425011244,0.042140425949490454,0.9990782142944464
79.588573787,-0.006415431772985471,0.03667587219904027,0.9993066209295353
79.599422108,-0.004967469835496087,0.03787800553949282,0.9992700240374389
79.609078835,-0.004143475614906554,0.03878493360508356,0.9992389906999616
79.619088438,-0.0028014525719741046,0.0462295767497129,0.9989269132909722
79.62963042,-0.0034873698979256936,0.04480006108940881,0.9989898862238699
79.639826961,-0.0035004592621332474,0.04418091766679447,0.9990174139118267
79.648880482,-0.004577256401952721,0.036027800192233374,0.9993403055701994
79.661756574,-0.004597585517633047,0.03541713706700275,0.9993620408087278
79.668564583,-0.0038488909979334505,0.03403914721819737,0.9994130890151198
79.680451628,-0.00331027012053357,0.03535923388176248,0.9993691843813397
79.689233964,-0.003263947273773414,0.03676834798448392,0.9993184853862588
79.698929966,-0.0032571870785325463,0.03727564888830423,0.9992997131653202
79.708578599,-0.003384951228876983,0.03737864924394553,0.9992954411413455
79.719700746,-0.0023424853470997843,0.03456266471773234,0.999399787357396
79.729366946,-0.0022124667470191824,0.03516359380219174,0.9993791205852801
79.738548022,-0.003181682478896618,0.03727528187888254,0.9992999701078017
79.74906408,-0.0036141057213100883,0.03585497808249822,0.9993504684476506
79.758456367,-0.0036897396081985133,0.03613164063440022,0.9993402275334914
79.783342073,-0.0034132955164420014,0.03503817286139061,0.9993801458185233
79.783592924,-0.001523358374842656,0.03310079240362679,0.9994508576821143
79.788973379,-0.002730707997152101,0.03527750845619532,0.9993738242674548
79.799007451,-0.0019763241607044205,0.03482264918354077,0.9993915535197663
79.808371371,-0.0012013060079613634,0.03332868843652841,0.999443722973423
79.81887186,-0.0006331296415530826,0.0313689635461429,0.9995076724432373
79.830596177,0.0012139794842535231,0.03128506717403335,0.999509765247808
79.83923182,0.002013249013939294,0.030676646875993266,0.9995273333755579
79.849907672,0.002374982739359941,0.02955081021976878,0.9995604579375591
79.859682201,0.0026454945434659467,0.029537297519981555,0.9995601779852159
79.868427925,0.0029062374162646507,0.029512438744544164,0.9995601881544853
79.879729259,0.003518441149945981,0.028599185014266598,0.999584767385135
79.889794421,0.004020465633897806,0.02811760994390167,0.9995965365421838
79.89868769,0.004044735184406881,0.02781038000609315,0.9996050334413112
79.909044776,0.0045491626633986475,0.026937683812960425,0.9996267635021858
79.918584165,0.004849713955780528,0.025753251739479538,0.9996565661762995
79.928592096,0.005121152400700779,0.026078738021920966,0.999646774226413
79.939009025,0.005028363523917257,0.026155018387283496,0.9996452523637736
79.949138386,0.005478254699550608,0.025317644874213147,0.9996644464936573
79.982654924,0.006422559156342114,0.026275370271402348,0.999634110888071
79.983026153,0.006738186459543943,0.025673003959912587,0.9996476847924527
79.983327009,0.0062762041571833285,0.024382308780428068,0.9996830058973261
79.988590232,0.006469679400062894,0.02639156833864802,0.9996307460102891
79.999542429,0.006524521761114503,0.025282871455581685,0.9996590453883512
80.008901253,0.007037193595009784,0.02607394445501361,0.9996352471411076
80.023901356,0.007326582077706756,0.026544456167362313,0.9996207846187661
80.028691111,0.00700049858728968,0.026970417325669047,0.9996117194235012
80.038673937,0.007158396408207352,0.02725973411835289,0.9996027532258301
80.049303274,0.007388008739376753,0.027463821747093838,0.9995954960992526
80.059464045,0.006979340599502876,0.028325197245489098,0.9995743954332765
80.069063171,0.007194790998768288,0.027520823321664195,0.9995953377573257
80.082051666,0.007296818704105617,0.027465430063221937,0.9995961217352947
80.088426812,0.007688138040123957,0.027786338667618992,0.9995843195633495
80.09900527,0.007624666953579623,0.02628418040672302,0.9996254330068808
80.108658268,0.007441526943237987,0.025172309029708483,0.9996554299031571
80.120057285,0.00771340059213942,0.026362095886613222,0.9996227004984282
80.129188037,0.0075174076137740015,0.026630507919833128,0.9996170790011044
80.138556449,0.007704723485265564,0.026484126001934,0.9996195417787356
80.148869473,0.008216863486810035,0.026180938067871553,0.9996234499231825
80.158950679,0.008798550927788085,0.027293431634540333,0.9995887424792168
80.168550381,0.00901365386720507,0.02715263641088456,0.9995906604105005
80.179491745,0.008990771901592204,0.027603277421876345,0.9995785237269679
80.188769117,0.00981290845971994,0.027016547076629982,0.9995868211474266
80.19885588,0.00964681020840501,0.026520813645521654,0.9996017134320963
80.208575066,0.009221275402840401,0.026353272073081368,0.9996101605781063
80.220099323,0.009385813505569534,0.027028976863356036,0.9995905866476329
80.229268167,0.009682388303906624,0.02713344838861221,0.9995849275250579
80.238574235,0.00978966093044707,0.027465872259282452,0.9995748038040494
80.249255089,0.009957325949356565,0.027648395793210327,0.9995681156729643
80.258605756,0.009683122364276283,0.02728923719787059,0.999580679422345
80.269164641,0.009388046752656119,0.027254449116703574,0.9995844434471332
80.280118836,0.00964241647595739,0.02663982754123878,0.999598591131999
80.289072713,0.010243328871174602,0.025856771839863624,0.9996131759654121
80.300203508,0.010132892455669916,0.02623430763373662,0.9996044645725929
80.309163323,0.010297739854821223,0.025987186705450055,0.9996092349918635
80.318997316,0.010378817439319885,0.02521383691221174,0.9996282021715504
80.330384332,0.009518066505524263,0.02503601971096241,0.9996412377083235
80.338976703,0.009998786366637726,0.026096685324982247,0.9996094173657245
80.350063955,0.010083459669807929,0.025678497104441356,0.9996193968844066
80.359947354,0.01042760398003069,0.025622639565011103,0.9996172994786341
80.369069703,0.010308962094407998,0.02530296790896596,0.9996266728711944
80.380256335,0.010438945640253496,0.025345040502579866,0.9996242580769249
80.389828649,0.009998316921714838,0.02518230220868584,0.9996328752668169
80.398911148,0.01013968060459638,0.02579854603163455,0.9996157371209651
80.408484961,0.010594848536778364,0.025327957935608377,0.9996230508203054
80.418463822,0.010663731415682666,0.0251450576826825,0.9996269358647899
80.429426819,0.010368106003573468,0.025547483467330764,0.99961984197313
80.439052853,0.010134946262390771,0.02451650120163122,0.9996480500821722
80.449473013,0.010609733391671736,0.02632722243637639,0.9995970742835051
80.458389384,0.010443048582571106,0.025653391938110243,0.9996163495153387
80.46908631,0.01064243743832829,0.025108450792150697,0.9996280829509491
80.479667183,0.010400267443712571,0.026865965035893835,0.9995849410429258
80.579212475,0.010324586518767664,0.026596171150333858,0.9995929404479399
80.579475551,0.010303907074829559,0.025635365712856385,0.9996182558976008
80.57978902,0.010732548399512348,0.02700581308682128,0.9995776600466678
80.580164879,0.01010693959610048,0.02740133716995574,0.9995734172602327
80.580446904,0.009201607536503844,0.02611462093801411,0.9996166050001412
80.588679326,0.009440041356517923,0.027355576252835908,0.9995811913331816
80.588934316,0.008905900357395627,0.02703901525688092,0.9995947061648348
80.589171289,0.009153619177443693,0.02772411612053436,0.9995737014554203
80.589453053,0.008504092265788814,0.027518377601699513,0.9995851235932361
80.589771613,0.009075812490796156,0.0270978506324372,0.9995915846578212
80.590042901,0.008653657314769615,0.027949634786281253,0.9995718744194397
80.599154658,0.008738181428284947,0.02820410351107283,0.9995639913134443
80.609444003,0.00861875734522962,0.028219086411797156,0.9995646053076848
80.618497722,0.008560190555624706,0.028281938680398293,0.9995633322016818
80.62941923,0.007935931882598102,0.029860534637565952,0.9995225707588167
80.639212086,0.007913152193377706,0.029700569150063187,0.9995275174874011
80.650345176,0.008142487765696031,0.028901759211939815,0.9995490924449087
80.658834944,0.007934397392865085,0.029257924714127883,0.9995404039754645
80.671151369,0.007912131613724914,0.02978015575851188,0.9995251575104682
80.679821256,0.007980279175833745,0.029164856077304506,0.9995427586222944
80.688893454,0.008373689372648253,0.028764334475651847,0.9995511464594813
80.698947874,0.008964801793159099,0.029883650766944898,0.9995131813766384
80.70832096,0.009035819759479544,0.030520967774267535,0.9994932838630765
80.718316269,0.008924500065268709,0.03115585550794252,0.9994746950104108
80.729336196,0.008465093774488397,0.03214865885208437,0.9994472501945272
80.738639706,0.009073197047383434,0.033014054825738375,0.9994137027674288
80.754479246,0.008982512194145878,0.033119336924299615,0.9994110385603997
80.759393989,0.009353087547791534,0.032325490740037335,0.9994336308138422
80.770702359,0.010239128477750251,0.03046489851919712,0.9994833916610276
80.780159457,0.009900838704180528,0.030496160037095186,0.9994858466311295
80.788809799,0.009441846858717934,0.03029095240697805,0.9994965281231221
80.799451153,0.009442076618139084,0.02864528053102206,0.9995450440537617
80.808665384,0.009402335998718793,0.027896778524371238,0.9995665889903131
80.818731104,0.00905641440436468,0.027981817449895724,0.9995674060564086
80.830344514,0.009114079578132676,0.027383452911026486,0.9995834532744694
80.838774974,0.008844788674174197,0.026799223396273483,0.9996017063504173
80.849212575,0.009209985740712313,0.027927621514744174,0.9995675185394857
80.859673104,0.009795076348396112,0.027741434832298684,0.99956714095291
80.868560601,0.009321135259983786,0.027311841232593614,0.9995835031481617
80.881369129,0.008859640740934606,0.02710183376727871,0.9995934160309343
80.889581582,0.00955335195486964,0.028265987513634905,0.9995547845997765
80.970174223,0.009295163053681502,0.029075139165250247,0.9995340095396088
80.970438783,0.008985049616886941,0.030370446011285548,0.9994983266081329
80.970685096,0.009333851516678263,0.029513479570708503,0.9995208020544115
80.970939567,0.009237688532702105,0.029430740271170132,0.9995241350951279
80.971192819,0.009292309385248174,0.026959352410855657,0.9995933404659499
80.971446482,0.00871732912135638,0.02598949712798688,0.9996242064956333
80.972949751,0.008180880416635117,0.027474649695706694,0.9995890239592006
80.973254541,0.008995291557593816,0.02801246670363643,0.9995670995180722
80.978837879,0.00904210127590327,0.028572102781217107,0.9995508367997977
80.989080797,0.007586423003313904,0.02690532767804035,0.9996091984013312
80.999016527,0.007317462450332309,0.024804937730179038,0.9996655289683094
81.008494267,0.0074126873533108695,0.022740818118559308,0.9997139127057804
81.019374018,0.0061529979253387235,0.020060267145407203,0.9997798389138409
81.028720806,0.005633272585901863,0.020619137202891304,0.9997715326118171
81.038534019,0.007671803569133399,0.024253691795363207,0.9996763985732043
81.051915081,0.007000880450915118,0.026203070486340855,0.9996321257192567
81.058531049,0.006772205031388052,0.023508457128887668,0.9997007000509863
81.068703622,0.006897768925303858,0.023798913114358063,0.9996929691252352
81.080794822,0.007257519385021717,0.025489318845511345,0.9996487498302431
81.088650541,0.007196695404261737,0.02450892073299772,0.9996737069563059
81.109747354,0.006789883134824458,0.02441515602842783,0.9996788472520177
81.110098814,0.0073640705855975265,0.024968300880579396,0.9996611197878745
81.118572964,0.0072862547516127215,0.024329351581318093,0.9996774445506545
81.130479994,0.008746800419050401,0.027421367733628552,0.999585695212795
81.138406599,0.009408017863521422,0.027502765206537928,0.9995774542804945
81.148746997,0.010625909345931852,0.028571090154675276,0.9995352834482361
81.159399495,0.011049257558838586,0.03110248671742882,0.99945512616995
81.168739551,0.011478437044066305,0.034462146302248,0.9993400852338847
81.179572207,0.011196521950604697,0.03676481155274123,0.9992612203661768
81.190650036,0.011389215007329126,0.04235557669632428,0.9990376824245615
81.199417718,0.011659088359360432,0.033420602944186424,0.9993733681449969
81.208517655,0.014210340944848581,0.03353251779147951,0.9993365981794098
81.236817093,0.01412898930417868,0.03986751678201748,0.9991050759389014
81.237055603,0.01347864073009792,0.03993585725841352,0.9991113319090644
81.238552267,0.011588219029022047,0.041781745379273885,0.9990595572501157
81.251065702,0.012899544703291504,0.04489710192731716,0.9989083301209255
81.258454853,0.014842060343069466,0.05293948796932023,0.9984874179769713
81.269481319,0.01396917187180567,0.04990140892052275,0.9986564532535515
81.279404823,0.018278591835787773,0.052882061105118054,0.9984334633283158
81.335138967,0.016897568130968217,0.05960698365080505,0.9980788945225282
81.335490018,0.01694222265602788,0.060618403041021514,0.9980172194427458
81.335878625,0.01853063720473397,0.06952934853030765,0.9974077827938469
81.336496958,0.020490359571497745,0.06611087419529933,0.9976018732328865
81.336958191,0.0198955615037864,0.0706326441389509,0.9973039638016031
81.340459486,0.02251587670658465,0.07520604767718775,0.9969137804689585
81.349232909,0.023613968009685116,0.08216754241281514,0.9963387353147903
81.359857545,0.022483658342475742,0.08035846591914922,0.9965124194221866
81.368491953,0.02570055176407792,0.08866141766912283,0.9957302017393684
81.380555645,0.02746491486085037,0.09081589004961042,0.9954889012772487
81.388936152,0.030518811838241587,0.09694576304936446,0.9948216529362229
81.399647612,0.03376341377378708,0.10299839096342467,0.9941083257619793
81.409222134,0.03460364925587908,0.10425103515962851,0.993948846332809
81.418552748,0.03614458718772817,0.10932141455073192,0.993349081208442
81.4294753,0.03629469254936619,0.11062811609052904,0.9931989303372248
81.438871776,0.03978137796469547,0.1170387789552968,0.9923302707203299
81.448719416,0.0388458268841886,0.12665823757417727,0.9911854985764709
81.458770169,0.04056636603198807,0.13768871702237767,0.9896444751281596
81.469505513,0.04150339170473227,0.13789852928001894,0.989576406397915
81.479345369,0.04198147469460135,0.14133485850551267,0.9890712884083196
81.488583791,0.04212389607255391,0.14356835209496618,0.988743498414227
81.500329886,0.041250527147174386,0.1423230563651486,0.9889603337025015
81.508428642,0.04169343010170025,0.14704286780353557,0.9882510070394397
81.519648034,0.0403703443814948,0.14601402809105798,0.9884584659433817
81.530413862,0.03948459662553835,0.14405926871467015,0.9887810140403753
81.538518654,0.03796764670620281,0.1509017815574704,0.9878193712042574
81.549671614,0.03937624484669673,0.14519876431276715,0.9886186474995394
81.559146363,0.03960294894708231,0.14619121285016823,0.9884633203716219
81.568642133,0.0402867579544772,0.1466555009597831,0.9883669061496103
81.649031598,0.03985952552903332,0.1499216413140625,0.9878940832347858
81.650559373,0.03603384202010378,0.1517499764431178,0.9877618674957965
81.650845145,0.03670290202652547,0.1519889491334265,0.9877004891788542
81.651142873,0.03611364002128419,0.1539151379959406,0.9874238883580364
81.651406225,0.03394026459828627,0.15458814119524072,0.9873958502246193
81.651714415,0.03640598954517685,0.15049901511725527,0.987939598545363
81.651998189,0.03314940640466315,0.1502265801011181,0.9880956894380932
81.652254719,0.030099944939223057,0.15299695269333283,0.9877681538606161
81.658806275,0.028495427087041333,0.1522257579047732,0.9879348810855121
81.668579969,0.027165462224763907,0.15125132813985367,0.9881219931759666
81.679479207,0.024385524308002882,0.15073456048351283,0.9882734634098328
81.688821446,0.019486630516613222,0.15053691036443997,0.9884123177343742
81.700435823,0.017456160212769134,0.14841575354095252,0.988770977816146
81.708694396,0.01271793536191749,0.14866834007323637,0.9888053290612863
81.718859595,0.008864680919258898,0.14811468164393987,0.9889304619202071
81.729744971,0.006184530481405986,0.14825256306571516,0.9889301942640697
81.738537424,0.006183982536082261,0.14787551030988277,0.9889866489546688
81.751199808,0.006909118440589003,0.14534536772428408,0.9893568558227445
81.758779517,0.004919822400225551,0.14246905313872396,0.9897870297419066
81.768748254,0.0021880227208399446,0.1428073377915916,0.989748087560391
81.7796327,-0.001043960469519971,0.14497602306432975,0.9894346177908822
81.788882144,-0.00403081697558831,0.14613036566089013,0.9892571297424769
81.799113294,-0.007089342812511054,0.14445944001396374,0.989485326525532
81.808522905,-0.009273781002603787,0.14295978482097108,0.989685049351488
81.818905656,-0.012487023101360963,0.1414896005584068,0.9898609837688769
81.829799515,-0.018318480880206423,0.14889414366297063,0.9886834514854147
81.839365634,-0.01994894894954679,0.14664340051882646,0.9889882469069508
81.849675747,-0.02089514315623701,0.13878338367674709,0.9901023004759221
81.858903569,-0.02376863445332807,0.1374878957048597,0.9902182237016616
81.87062801,-0.026011970719962137,0.1395808743952992,0.9898689594498393
81.879951628,-0.029701584075752695,0.13909979113087506,0.989832846500225
81.889977342,-0.03301707369913509,0.1362456804282023,0.9901247332578872
81.899877424,-0.03612761580436564,0.13436135588170336,0.990273609373653
81.909021314,-0.03627300094978262,0.13115569232480687,0.9906979629397134
81.918651181,-0.04031951982869423,0.13217764325302472,0.990405677964772
81.929944032,-0.044057132741343284,0.13134547835740396,0.9903571751492874
81.939189229,-0.0488909880799839,0.1309582912923873,0.9901815981052875
81.948903872,-0.05154736840318689,0.1287675064258602,0.9903341850605644
81.958599029,-0.05564767668832111,0.12629796584559858,0.9904302902791574
81.968975166,-0.05847510605919882,0.12383845925609457,0.9905779615862863
81.979486838,-0.06182454370193903,0.11991532477137049,0.9908572251747594
81.988721361,-0.06516894086896957,0.11577894054420877,0.9911348273935678
81.998796858,-0.06763508282076543,0.11294452709410088,0.9912966404519478
82.008643958,-0.07127092522481827,0.1093414739058255,0.9914458620124955
82.01892992,-0.07558451409061276,0.10883924282148393,0.9911816182979445
82.033228476,-0.0794449900287095,0.10921708942037993,0.9908380901731014
82.03841888,-0.08402707383437737,0.10824601018864213,0.9905666318532402
82.050190349,-0.08871389909208835,0.10676787008593279,0.9903183659940838
82.082637184,-0.09383363016250303,0.10324180228047419,0.9902203694695471
82.083195726,-0.09872269035847245,0.10050984274765545,0.9900260612323429
82.083511382,-0.10018956793861561,0.09712274934326473,0.990216755077533
82.08877046,-0.10439453663956164,0.09486305494253461,0.9900014048105088
82.099282884,-0.1090294983932378,0.09143388663445091,0.9898244353697464
82.109592966,-0.11347321592595552,0.09065326690154935,0.9893966921652295
82.119614609,-0.118057878138122,0.08960887069925473,0.9889553011645819
82.129732937,-0.11950546595456701,0.08674721493825094,0.9890365839075108
82.139566686,-0.12073990510923259,0.08594907606802632,0.9889563345452953
82.14881788,-0.12401033161434448,0.0896639636096998,0.9882215395763739
82.159577749,-0.12535273496066243,0.08949530015284371,0.9880674486533975
82.168971981,-0.12646366993868813,0.08617286116030445,0.9882212192546188
82.180735458,-0.12795789317951203,0.08178201161142397,0.9884019830766477
82.190022634,-0.12838142168771782,0.0781758848759719,0.9886388327338246
82.199697509,-0.1292903920621605,0.07690157476349331,0.9886203226311442
82.208924544,-0.1303602463127254,0.07816053675316535,0.9883810685538967
82.218457609,-0.13343607334734367,0.08097204440577918,0.9877440672332033
82.229547586,-0.13526109410396037,0.08103728362375737,0.9874904531612861
82.23864409,-0.13418290509721822,0.07898922666385741,0.9878034470737166
82.251047448,-0.13486563553443098,0.07857245004064974,0.9877437068625159
82.28209352,-0.13590461478398017,0.07649768715129922,0.9877641619034981
82.282346228,-0.13604590153139495,0.07467007615464691,0.9878845541881751
82.282596948,-0.13682784388030445,0.07548137794847705,0.9877148893896791
82.288609139,-0.1385080983406324,0.07593238842511167,0.9874460892029092
82.299315773,-0.13968399484405908,0.0764458939827127,0.9872408049091106
82.308972773,-0.1405444109453393,0.07449556349043784,0.9872677851384951
82.318866932,-0.14151262840321277,0.07462599114755412,0.987119616585376
82.330535389,-0.14236865903468726,0.07697629567458096,0.986815998466221
82.338576034,-0.14254335044402205,0.07705176516017284,0.9867848897960966
82.351452347,-0.14266458142647465,0.07621601531027407,0.9868322735990311
82.359954358,-0.14285670452601007,0.07529183288851968,0.9868754236843957
82.368490668,-0.1427184777646535,0.0745436310639009,0.9869522192955185
82.380075406,-0.14105804809026704,0.0716156045137481,0.9874076322669855
82.398860578,-0.14102995529418322,0.07126658439702288,0.9874368970512004
82.401506675,-0.14247000977218574,0.07196890684803005,0.9871791999240123
82.4094304,-0.14311813539792578,0.07185290839022986,0.9870938956736013
82.669458337,-0.1439786025133483,0.07232209827426637,0.9869344842083038
82.670692648,-0.1451075654519178,0.07122200282516736,0.986849137792697
82.670970648,-0.14584808356252307,0.07191060715540624,0.9866900228033524
82.671228928,-0.14570646868298992,0.0704377653857638,0.9868171797204348
82.671646421,-0.1469386625386992,0.06929394031745258,0.9867154500090792
82.672015129,-0.14729720956371667,0.0678767224439161,0.9867604991106069
82.672312024,-0.14773906709645296,0.06893492941410463,0.9866210739489312
82.672748559,-0.1478991878299771,0.06942518312646433,0.9865627066674932
82.672993025,-0.14782158609993754,0.06709638186146187,0.9867354530085558
82.67337157,-0.14749912475123378,0.06667183713812302,0.986812481847614
82.673721776,-0.14565626642227822,0.06422562020431614,0.98724835870276
82.674009367,-0.14717083279803714,0.06442516415602813,0.9870107112878771
82.674402804,-0.14697992728290415,0.06368526702797016,0.9870871733233537
82.674656821,-0.14675589636059969,0.06304229418090675,0.987161778042386
82.675034649,-0.1480541416886207,0.06565426768826894,0.9867975923476723
82.675471534,-0.15038314663180055,0.06749528699869403,0.9863210914515022
82.675833898,-0.15087415553255196,0.06645990480204335,0.9863164148720442
82.676270875,-0.15106500900113795,0.06757600954909802,0.986211359693705
82.676586925,-0.15146416302186505,0.06730794299651333,0.9861684684320748
82.676863542,-0.15226828565442468,0.06710220467443312,0.9860586510505818
82.677224447,-0.15299499316391443,0.0668263723530478,0.9859648918825181
82.677599285,-0.15340658054147802,0.06611386185486383,0.9859489734855487
82.677899614,-0.15422369869869415,0.06527247748677636,0.9858775555019156
82.678259074,-0.15432310025324325,0.06567402363698704,0.9858353327749801
82.678623555,-0.15385489563376706,0.06470107927912677,0.9859728401074944
82.679445352,-0.15412893435347422,0.06440593163954644,0.9859493635905976
82.680410394,-0.1546618894984657,0.06425033349476504,0.9858760543712256
82.69024568,-0.15443341264887078,0.06328569169342088,0.985974260457396
82.698884654,-0.1543671199695804,0.06236842022627114,0.986043088526448
82.708502104,-0.15508543911890776,0.061630881909962694,0.9859767446386837
82.729540425,-0.15488733706119404,0.06192239758872842,0.985989619364705
82.729842395,-0.15455018920763752,0.0602053129838594,0.9861488525087878
82.738629734,-0.15462737432113324,0.05912275271007555,0.9862022486399712
82.752046652,-0.15499075242507324,0.059457518441152886,0.9861250783564577
82.758658771,-0.15521239236465342,0.05974772209541342,0.9860726763078115
82.768688276,-0.15533352842043774,0.05917113499524236,0.986088369129173
82.782841158,-0.15543779310252365,0.05929915532619091,0.986064248744988
82.789016544,-0.15544346702737177,0.05883499721423273,0.9860911578861823
82.799213305,-0.15581419080036887,0.05934818888920794,0.9860018916923017
82.808440575,-0.15573437389242634,0.059609861107483765,0.9859987166558993
82.818741507,-0.15621491879572638,0.05916269673710532,0.9859496307927896
82.830699811,-0.15649225140205753,0.057996712819981526,0.9859749269394187
82.838969931,-0.15664885073194423,0.05869846250305259,0.9859085292582364
82.852860127,-0.1573219092837841,0.05875096497532171,0.9857982252843497
82.858458164,-0.157563981409573,0.05908768394364444,0.9857394368536443
82.868511062,-0.1576958419349255,0.058681663290161466,0.9857426052626189
82.880013656,-0.15988249489943585,0.057527383590471576,0.9854583643979925
82.888482111,-0.1606985812357243,0.05624058017083221,0.9853999001069941
82.898974053,-0.1608508891815096,0.056870591785380536,0.9853388895397859
82.908956007,-0.16152275908264177,0.056969066985214305,0.9852232862174772
82.919042317,-0.1618564003777505,0.05601859626058327,0.985223031871338
82.929574403,-0.16280674477783716,0.056939988201871634,0.9850136047783375
82.939081969,-0.16319984091500717,0.056423074535821786,0.9849782985351715
82.949819437,-0.16322274912646825,0.056889161537084766,0.984947692756933
82.958631293,-0.1637050101753288,0.05630585264845259,0.984901173012311
82.969146554,-0.1642475518391136,0.05498202248610298,0.9848856374819339
83.070366805,-0.1648377248378306,0.05557703673598448,0.9847536328736923
83.071082513,-0.16552377653717476,0.0567933809789055,0.9845691399174852
83.07150948,-0.16436525742286004,0.057078377286982535,0.9847467293667962
83.071932794,-0.16594849391842909,0.05571467779777297,0.9845592780752694
83.072188869,-0.16529142525959978,0.05662922794455123,0.9846176289697715
83.072437324,-0.16592022304718893,0.056731990796826566,0.9845059475717757
83.072692175,-0.1661480032927932,0.05631018033369514,0.9844917493776192
83.07294636,-0.1664682679792521,0.056492942478808636,0.9844271751663878
83.073201744,-0.16691266877308003,0.055878890418004035,0.9843869719824114
83.073469187,-0.16762484020821122,0.055014923140089766,0.9843146200159081
83.08115054,-0.16802724051614795,0.05590362604161247,0.9841959312250425
83.089767171,-0.1685971180766063,0.05630693977112399,0.9840754749051894
83.101271662,-0.16824408202722,0.05557555683206675,0.9841774668958967
83.108591024,-0.16806217458301495,0.055644709833310164,0.984204639158948
83.118809661,-0.16803486483482993,0.05511071941207035,0.9842393473164058
83.130799837,-0.1682470619028621,0.05493610345899859,0.9842128584294135
83.139126492,-0.1677916326743213,0.05343842260804408,0.9843730507250033
83.151581146,-0.16819276871693245,0.05134367392452974,0.9844160805773461
83.159666033,-0.16872657479617625,0.050119899359752834,0.9843877989114446
83.168779257,-0.16904357680970877,0.047859141116007246,0.9844459211917221
83.180189827,-0.16937320693093763,0.04801512033209714,0.9843816663232937
83.189445845,-0.17023289165809952,0.04699840812709113,0.9842824351939037
83.199112399,-0.17072263896841608,0.04601585197548468,0.9842440357506008
83.208549363,-0.17141262816340463,0.044870356023445954,0.9841769973213375
83.219181012,-0.17225662413939197,0.04406966880664313,0.9840658106708987
83.229316496,-0.17279240449559846,0.044105580804621514,0.9839702651455056
83.239012326,-0.17308423970521783,0.04310065243208812,0.9839635052813671
83.249383992,-0.17368992969413374,0.04216912847661139,0.9838971353380241
83.25906727,-0.1731572766685635,0.041642110416261056,0.9840134613798769
83.270630556,-0.1731897686160879,0.041844606004150804,0.9839991529442815
83.280555955,-0.17324454508559076,0.04144462685388723,0.9840064382426716
83.288531844,-0.1727540455024674,0.040382507155112456,0.9841368262992697
83.300294889,-0.1723566467803702,0.039012788073667565,0.9842617480514754
83.308607273,-0.172901502547771,0.03855829596171045,0.984184092652006
83.347824481,-0.17171188409955734,0.03765067435483622,0.9844274760385381
83.34811259,-0.17049112772973768,0.03760851211270961,0.9846412418653356
83.349053635,-0.1698086405019712,0.03558428873437029,0.9848343942034831
83.350836292,-0.16835833134191697,0.03418877957452898,0.9851327827348806
83.35991472,-0.1668655971202247,0.03293583643143543,0.9854294004018109
83.368884082,-0.16706285169927182,0.03223242306704783,0.9854192379314167
83.380246413,-0.16742688880061682,0.031029662728446563,0.9853960609508772
83.389977539,-0.16748276413937935,0.03178861254758947,0.9853623738648296
83.401329726,-0.16693598378492067,0.02894396339220023,0.9855428069347935
83.408994185,-0.16574705353075564,0.026466343686637608,0.9858130892302727
83.418867057,-0.16645341797134863,0.025073110517246446,0.9857304899284821
83.43001707,-0.1673818184198466,0.025954141972782733,0.9855504600866067
83.439481719,-0.16834896863544146,0.027047697506308428,0.9853563045005549
83.449047679,-0.1674521082096537,0.02651150316127563,0.985523683965166
83.459237171,-0.16771809506456706,0.025452196209013768,0.9855063806470513
83.469695914,-0.16766403759744394,0.025213756251721994,0.9855217080268712
83.479899955,-0.16710629834776275,0.023341851344966733,0.9856625401364799
83.488755708,-0.16604865488232376,0.021418830575275907,0.9858849212299368
83.501852962,-0.16504974766563038,0.01947784799502719,0.986092893308229
83.508927002,-0.16633540586897919,0.0253072045458992,0.9857444284156387
83.519567037,-0.16550138394713573,0.02480339625530461,0.9858976029212085
83.52920676,-0.16507773320077246,0.024072082179871973,0.9859867528830295
83.538464286,-0.1652790375327162,0.023320933264781477,0.9859710816367379
83.552025785,-0.16597709663969692,0.023589190344006167,0.9858474291136388
83.558360413,-0.16473286127905803,0.022385645154984573,0.9860841583281875
83.568485021,-0.1646766639332451,0.02166140823218649,0.9861097199344583
83.580801252,-0.16561231595291068,0.02234913885145989,0.9859376637482269
83.58873125,-0.16523114689103655,0.023280642634729502,0.9859800605365135
83.599061822,-0.16543779485619967,0.023546565582363867,0.9859390930896256
83.609799523,-0.1654795008793096,0.022432132699248538,0.9859580793377061
83.618738603,-0.16476271908040513,0.02209816712580261,0.9860856541958775
83.629800098,-0.16514238119409727,0.02190143687652793,0.9860265315884188
83.639468968,-0.1647119192926225,0.021549742408639654,0.9861062783721956
83.648833613,-0.1643581067340593,0.02107322720511237,0.9861756090301349
83.659027734,-0.16350317469818515,0.020887697062927167,0.986321659487929
83.668535403,-0.16455495510175885,0.019958309386960853,0.9861659762118508
83.682098194,-0.1642683380200248,0.020936674433569506,0.9861934743181997
83.690094111,-0.1650332139625132,0.021292295384957062,0.9860581506414533
83.699831228,-0.16501992376701513,0.021413982285672185,0.9860577397508714
83.708449916,-0.16475802034178827,0.021346378915619316,0.9861030001172523
83.720170833,-0.16555595674151108,0.021895245535400554,0.9859573131785917
83.735161943,-0.1657543648445989,0.022131437385037898,0.9859187035522938
83.738386629,-0.1647672625343928,0.013462269437144622,0.9862405976730648
83.756083252,-0.1652265483567483,0.012674729913057037,0.9861741930002763
83.758632209,-0.16489874016915054,0.012190229281676481,0.9862351665808147
83.768948402,-0.16509609222000537,0.012587655487619195,0.9861971563855824
83.779525126,-0.16672553386863265,0.014357465526249261,0.9858988079614877
83.82438734,-0.1675200932530527,0.01380132949838832,0.9857720536009152
83.824695451,-0.167954387704851,0.01370389213237304,0.9856995115100307
83.824989502,-0.16846076266642607,0.014554867004570097,0.9856008965541404
83.825361371,-0.16801092607309584,0.014075781706139563,0.9856846357174397
83.831239023,-0.16787927773518077,0.015227334015333271,0.9856899494292816
83.839191318,-0.1681723018673134,0.015087529830451554,0.9856421477028386
83.848998467,-0.16845036553761752,0.01492117761924615,0.9855971960231512
83.858938555,-0.16883040152398462,0.015081345825488642,0.98552972990638
83.86864944,-0.1695299928452578,0.015282481985078871,0.9854065289362877
83.883048277,-0.16719991572937015,0.014064792814671847,0.9858226867866108
83.889486611,-0.16735951787585537,0.013176412409755216,0.98580787881431
83.901153567,-0.16741453979342105,0.012094405296893197,0.9858124046826919
83.909035427,-0.1681720367462045,0.012511952535005207,0.9856782523219203
83.918869991,-0.16836660358273903,0.012054905955988555,0.9856507322781256
83.929380844,-0.16922597007437423,0.014720857770566281,0.9854673345164141
83.939260687,-0.16907834247236594,0.013858666514179102,0.9855051757698922
83.9498897,-0.16807723918569573,0.013380034713831604,0.9856830202142935
83.958654482,-0.1722828857406523,0.018296613526950983,0.9848775767649087
83.969285314,-0.1747789433841739,0.02051285989718375,0.9843939981167857
83.979480294,-0.17142861967442075,0.017636686518547863,0.9850386670812317
83.988933942,-0.1732010523229188,0.020915480065405643,0.9846643784396119
84.002991118,-0.1717097698156744,0.014887817598507594,0.9850350794956503
84.008434547,-0.17337060709718663,0.0157568814623156,0.9847305993424473
84.019037552,-0.17416700128823479,0.020122559527254846,0.9845105069324228
84.031542866,-0.17443713339782074,0.021336795112355193,0.9844371120931416
84.038662716,-0.1775479693216388,0.021319754659419803,0.9838811852307293
84.050370164,-0.17515058673395423,0.022300610848790658,0.9842890605520933
84.058515005,-0.17607680641232412,0.022717404757196216,0.9841142605230018
84.068907384,-0.1760081325079819,0.02153875622323184,0.9841530466707955
84.081204409,-0.1766328499848223,0.022647973433967624,0.9840162120644018
84.088620645,-0.17663013895623636,0.018082975590049146,0.9841111725847392
84.105223363,-0.17697193678376927,0.021216263843601275,0.9839871969388222
84.108585547,-0.1787311109894989,0.023005333363818048,0.9836289669388956
84.119143025,-0.17764554713650954,0.023372602503972148,0.9838169448808868
84.129326261,-0.17846552029279047,0.02188942253021235,0.9837026538786594
84.138663254,-0.18030164548018415,0.029586478970465527,0.9831662915800502
84.148703657,-0.17658779006417633,0.022586561506514405,0.9840257108630663
84.158650996,-0.1780881535114265,0.02161367885425231,0.9837771386169105
84.169113428,-0.18230380050979358,0.023898948640024502,0.9829517610613386
84.179293876,-0.18005889888387458,0.023500148601820182,0.9833750738901302
84.188777119,-0.17941883642238185,0.02273423093283694,0.9835100588609813
84.198549668,-0.18105999046752355,0.023490563824635057,0.9831914733474356
84.208611713,-0.183882833933245,0.02266262240448529,0.9826868824454871
84.218877039,-0.18482979282197753,0.024151662638436683,0.9824737374999823
84.230713001,-0.18508563506785156,0.02690849146727034,0.9823539284690045
84.238779721,-0.18546003112212348,0.03080824771122252,0.9821687374016468
84.250169467,-0.18700024907809637,0.033458876655411876,0.981789901362653
84.258530136,-0.187339129100597,0.0325161471105125,0.981756971396138
84.268865159,-0.18878266617000344,0.03114759710918111,0.981524799558355
84.279365219,-0.18698629128176167,0.029386626777200983,0.9819228854850822
84.288729893,-0.1891078559581419,0.033953564992659564,0.9813691325078469
84.30028642,-0.19045326234186583,0.036050610473892006,0.981034101521349
84.312280121,-0.19064989723932435,0.03592846049057265,0.9810003885877989
84.318695804,-0.19048011299362735,0.04321072420325388,0.9807395983989662
84.330470978,-0.19064284131527992,0.03680714777918402,0.980969184494395
84.338798035,-0.19127633100522515,0.036576142921702075,0.980854500405718
84.348696256,-0.1927329605457437,0.03821882791909182,0.9805066685707771
84.360001993,-0.19327369774702208,0.0397122368709333,0.980340867250723
84.368786865,-0.19229572375940293,0.047699568522611244,0.9801770787906664
84.380091395,-0.19088279773220476,0.047852590522920735,0.9804457593922123
84.389869253,-0.19136121275083517,0.03977375163305349,0.9807134825908951
84.399623987,-0.1906329085813524,0.039673378363350505,0.980859376880831
84.408767749,-0.19047854606069425,0.04065487742535882,0.9808491751702365
84.420936814,-0.1928494851818822,0.042426215287970775,0.9803107121323433
84.430449006,-0.19399229602401255,0.050157074533769185,0.9797199890568457
84.439012676,-0.1978985502331906,0.046345406861882626,0.9791262773914343
84.449041135,-0.19645040223869678,0.04529873878610857,0.9794668262502013
84.45869336,-0.19602243257361723,0.0476959952202958,0.9794387668291812
84.468831976,-0.19520438934864603,0.046595276377100134,0.9796551059420677
84.479817604,-0.19702975544427775,0.04876338338853089,0.9791840521117934
84.488565517,-0.19926867784397706,0.049542601648169135,0.9786917413834879
84.499588896,-0.201470574903253,0.056520274708472464,0.9778624985114378
84.508663249,-0.2017139967655476,0.05178280822937865,0.9780746414669732
84.518867864,-0.19979460398276888,0.048907677918753015,0.9786164495142948
84.530034332,-0.19964711977757807,0.046176220448299894,0.9787792316092673
84.538703987,-0.1996731385836787,0.04505223290681249,0.9788263043248548
84.550353534,-0.20301405266773886,0.05546872321277795,0.9776034549675879
84.558883046,-0.20276862184849043,0.05572353949881242,0.9776398995230239
84.568871819,-0.201824031990207,0.05040180978648984,0.9781240809229996
84.580394412,-0.2020593656103452,0.05085671381625282,0.9780519451588227
84.588783002,-0.20279255121106024,0.05017799606383245,0.9779352483085614
84.598825975,-0.20445644131468246,0.047938396302718546,0.977701116786137
84.609641894,-0.20618176220651316,0.047132551819311676,0.9773779225521809
84.618658194,-0.20709033345128594,0.05597602758793328,0.9767191398383213
84.629811703,-0.2082698240732561,0.05718626217313952,0.9763981830171337
84.638869064,-0.20898289597615852,0.04844452719335925,0.9767186273305276
84.649088787,-0.20638371113694745,0.04272346422349216,0.9775379631411176
84.659035468,-0.20537030701119394,0.04209050588102055,0.977778822798289
84.669179009,-0.20866352011094266,0.043474683153823544,0.9770207199950188
84.679770564,-0.21014228030997248,0.05367781084912387,0.9761961455817015
84.689735651,-0.20966844090475137,0.05642301095097846,0.9761432214197856
84.698942898,-0.20774026712620994,0.04931602818434514,0.9769400753262463
84.708757789,-0.20622830764510688,0.04461468667181407,0.9774862734887949
84.719887961,-0.20658288773728148,0.04658467181367755,0.9773194865785384
84.729878093,-0.2085362832423374,0.05654079836100158,0.9763789001674361
84.73866528,-0.20925760185393258,0.05844003278001418,0.9761127079569306
84.748850111,-0.20579062928328926,0.049082143438263504,0.9773643947344786
84.760538806,-0.20628756231723402,0.04633573686122614,0.977393698119003
84.769504727,-0.20840668873496712,0.04807202036932041,0.9768601399116141
84.779297596,-0.21066187428551908,0.04796166458100636,0.9763817150342028
84.788694828,-0.21492323657629658,0.04877067815036593,0.9754124375526092
84.800441313,-0.21415690637359042,0.04883060059225386,0.9755779783791213
84.808994406,-0.21333070263280338,0.04681228473139709,0.9758578899165703
84.818796767,-0.21138767771906022,0.04934148069734143,0.9761560674354981
84.830759356,-0.2126860870508744,0.05400537148356181,0.9756270026121204
84.83878629,-0.2132764898513465,0.054166025284758376,0.975489200648341
84.849187949,-0.2152052742333061,0.05147273258154886,0.9752113861839166
84.8601957,-0.21600044585287895,0.04821380371251835,0.9752021516193083
84.86895636,-0.21552083559814736,0.049112998158375144,0.9752633915178873
84.880699568,-0.21521981533240137,0.04815971669661592,0.9753774001769719
84.890220076,-0.21860208306591394,0.049395519326838534,0.974563087721711
84.898640832,-0.22130930768386067,0.05440275594321463,0.9736850263192268
84.909653387,-0.21784879430553003,0.05085105907279884,0.9746568999452071
84.918807387,-0.21509473753852298,0.04690408695598079,0.9754661759948726
84.929190392,-0.21471896200878313,0.04818695199701081,0.9754864350728351
84.952049062,-0.2162298196965635,0.049925699644414755,0.9750651719700625
84.952504824,-0.22089809557265566,0.05095916000939343,0.9739646787145368
84.958726798,-0.2232321786841223,0.049239143505449216,0.9735208786393799
84.969421535,-0.22373370082579205,0.04551409086907668,0.973587026745507
84.978943139,-0.22048599164420937,0.05384700593842697,0.9739026786286896
84.988726102,-0.21815010282342287,0.05604986636219564,0.9743043390639858
84.998522293,-0.22032286365237838,0.0508550046999824,0.9741004076834073
85.008625502,-0.22222380435475608,0.04818515832820538,0.973804277714462
85.019036539,-0.2233310859129343,0.04713996765342545,0.9736021002003763
85.029853099,-0.22210032950124808,0.04589342665806341,0.9739431384968109
85.038601226,-0.22471328512282082,0.05893824205252632,0.972640850012515
85.050478445,-0.2225519932091093,0.058943103127672467,0.9731373597351678
85.058630768,-0.22056995040867022,0.057711407953621854,0.9736623081791383
85.068887934,-0.21958858432819037,0.048661605313181,0.9743782129137974
85.095852008,-0.22312787239087914,0.05051666816794985,0.9734793366063447
85.096171867,-0.22493300547612977,0.0535173431528161,0.9729034058062184
85.098680067,-0.22287128962769798,0.05241551553182454,0.9734377237354324
85.109597015,-0.2221701787508716,0.05514135386179742,0.9734474011306898
85.11966374,-0.22116912003009825,0.05435649702643338,0.9737194624614048
85.130300191,-0.22123037736591242,0.05298225768854354,0.9737812898699384
85.138902598,-0.22012405339858068,0.0469649628206952,0.9743406454534418
85.14885281,-0.22358897282527576,0.04794479747938454,0.9735036043208053
85.158897703,-0.2247937825334896,0.0486843138504158,0.9731893921119366
85.168676196,-0.22531229491691104,0.050284387677553256,0.9729881037891308
85.179852981,-0.2249775824027097,0.04970110574498852,0.9730955181810044
85.190005426,-0.22605737530595135,0.05804872620138621,0.9723828507620755
85.19881213,-0.22388017314130307,0.05729322956837284,0.9729312174659861
85.208579707,-0.22283601727195806,0.05724315254357681,0.9731738441271655
85.219140973,-0.22243764627846868,0.05316803458556902,0.9734960984084131
85.232227906,-0.22288168979614503,0.05461926027051792,0.9733141778280621
85.240239784,-0.22236952299747426,0.051329405836394774,0.9736103364993403
85.249157205,-0.22563616497426023,0.0534411479183032,0.9727447582818848
85.259004162,-0.22576554418678008,0.052979037830530346,0.9727400169668144
85.268941794,-0.22580420770626922,0.051538569865533436,0.9728084269774597
85.279642787,-0.22659467048770549,0.05726381790650372,0.972304330168975
85.288679481,-0.22766145132597612,0.05148143039859341,0.9723784890176588
85.300771771,-0.22634535029930072,0.052024617450500577,0.9726567850876362
85.308787433,-0.2263502325191229,0.05158035979222576,0.9726793092907055
85.318676836,-0.22562714188457592,0.05120795345319411,0.9728669684741758
85.330958918,-0.22546553429322305,0.05229641567207132,0.9728465335055294
85.339250162,-0.22686769652181585,0.056531546142012584,0.9722835144985638
85.348636816,-0.22641566876186842,0.05608063852118409,0.9724149869896969
85.359840843,-0.2257725159981489,0.0541987782537985,0.9726712000751647
85.369314006,-0.22586929924877677,0.050939271142055764,0.9728248816268953
85.37959911,-0.22749721341753484,0.05102316628511552,0.9724410801634709
85.391471425,-0.22816949316855192,0.05753282363172207,0.9719200875546135
85.39917759,-0.22801234817109883,0.058711083003701175,0.9718865045950756
85.409528249,-0.22728801279991892,0.05866963906948127,0.9720586570207174
85.418592889,-0.22457555917909514,0.05134497321516398,0.9731030325432816
85.429452342,-0.22319035592383074,0.048657421846392705,0.9735597158479062
85.482983582,-0.22429362627473015,0.05257505752883847,0.9731023751581181
85.483397283,-0.22379366060940917,0.052279784369612635,0.9732333849685323
85.483709484,-0.22454040126281766,0.05141168202646853,0.9731076236223526
85.48409399,-0.22620599380846831,0.05168492583664443,0.972707313021951
85.484351992,-0.22735893545493438,0.053866476058893005,0.9723200693320053
85.489185669,-0.22638477675957788,0.05665986251675217,0.9723886017591418
85.500013036,-0.22591075552783546,0.0558308209386271,0.9725467854916604
85.517532336,-0.22667217347832527,0.05770604564742419,0.9722601185209386
85.519188583,-0.22663075786610135,0.05703259009834569,0.9723095100099096
85.529764259,-0.22606220033158964,0.05377232857534681,0.972627584567097
85.538915624,-0.2286193456014361,0.06012428530847456,0.9716574834440974
85.551226569,-0.2324845312194357,0.06173297949259964,0.9706389555270515
85.558691328,-0.23367089673470548,0.05346135117250606,0.970844887688043
85.56906719,-0.23317077877426853,0.05186785481487575,0.9710515504146545
85.580303358,-0.23137614349496513,0.053396541893140026,0.9713979048439684
85.588472005,-0.22809608405683507,0.05407611310226987,0.9721357674881055
85.59937848,-0.22784384353728293,0.05495357892498495,0.9721457129080464
85.609237182,-0.22809545633169326,0.05500489776280464,0.9720838050409749
85.618988893,-0.2295189194230337,0.056072190625476435,0.9716876942028972
85.630143841,-0.23274009897505035,0.060083046079987,0.9706812421711022
85.638644894,-0.23013959723365743,0.06016775914294586,0.9712958388384284
85.650018132,-0.22937458396631957,0.05915056843294131,0.9715392480411371
85.659148251,-0.22911477058720445,0.05825759308867615,0.971654503795607
85.668626931,-0.22973371361381792,0.057738541164810704,0.9715393361533871
85.680299817,-0.2301465859922935,0.057152098864687514,0.9714762923259902
85.690493375,-0.22993766932089682,0.0559442168278317,0.9715960646435301
85.70324498,-0.22993798225702897,0.05300450458789191,0.97176079711468
85.708854757,-0.23034166451144425,0.0549620288547861,0.9715564280957967
85.71906591,-0.22818620648339719,0.051587225222141,0.9722498718768733
85.733630656,-0.23274916249521796,0.04822296710270524,0.9713405030171376
85.738758242,-0.23510871860999452,0.05000177758736765,0.9706820863040946
85.753310052,-0.2339224619242063,0.04990940740787335,0.9709733945168184
85.758540957,-0.2319258583904559,0.05370372487485866,0.9712498680280043
85.769144895,-0.23442811491261212,0.05626946522770488,0.9705035838272352
85.779650587,-0.2347155490476182,0.059369296239709456,0.970249399741776
85.789417697,-0.2339344656414908,0.05950980413403918,0.9704294147422359
85.802334684,-0.23317400911280894,0.06010359178069685,0.9705758289434778
85.808591672,-0.232167752572059,0.06050886809526159,0.9707918476931446
85.819090161,-0.23281838604431412,0.06015993418732319,0.9706577055987851
85.830613578,-0.2338735005592772,0.06357886530053206,0.9701860201132804
85.838853816,-0.23546118528920607,0.06093352721145122,0.9699717189092544
85.850051197,-0.23339198188749885,0.06176542239402219,0.9704190926538458
85.860375535,-0.23508351804502675,0.06035050970455504,0.9700997657570968
85.86897441,-0.23671222567841582,0.06078395269598204,0.9696765611836885
85.88068834,-0.23582408117320472,0.0595472508935544,0.9699696529530365
85.905312225,-0.23741359739915371,0.06266193199234538,0.9693855095105245
85.905565464,-0.23537850407178945,0.060233211827875,0.9700355251297887
85.908571661,-0.23437189980392883,0.06168420925221008,0.9701880595591902
85.918736162,-0.23399479641005105,0.06133038000915127,0.9703015097076537
85.92965773,-0.2325893442507107,0.06077880074383262,0.9706740618359831
85.939240929,-0.23292566423010616,0.059857978646823184,0.970650636086579
85.948916207,-0.23375248802843537,0.05977511190005283,0.970456959549393
85.958770865,-0.23487578471195336,0.05923972551241438,0.9702185427403242
85.969556553,-0.23604577997578496,0.05974126648430605,0.969903794628351
85.97907856,-0.23924886685667837,0.06213867527004379,0.9689678863324003
85.989211641,-0.24082917366607098,0.06094769586771639,0.9686519950321343
86.00164114,-0.23880271073892567,0.05827370363593588,0.9693180287234383
86.008995381,-0.23943484769095516,0.06443892648528776,0.9687716854164521
86.019541942,-0.2388268912151575,0.058659689912842865,0.9692887891706128
86.029166414,-0.23731673005678716,0.05775650308985815,0.9697138526317881
86.038761122,-0.23745744978991307,0.058988969108739235,0.9696052088673818
86.05124449,-0.23751948278415863,0.06127671486921066,0.9694481211043648
86.059621902,-0.23494709811627837,0.059395635994766466,0.9701917436834417
86.071170445,-0.23437853676463194,0.05988359800538021,0.9702992611529704
86.107215049,-0.23440267503296414,0.0581571356286458,0.9703984405968827
86.107463903,-0.23569616610581515,0.05933353474996479,0.9700138395595678
86.107797534,-0.2391372929882129,0.06366596810067682,0.9688962790763898
86.109759842,-0.2358318616428795,0.06143553443051421,0.9698499925984899
86.119299517,-0.23465856966369958,0.060415422001057525,0.9701986046515532
86.130256601,-0.23258264207017204,0.0590385368720343,0.9707830683379619
86.13960098,-0.2332947863936457,0.060539603484242484,0.9705197056482233
86.148668787,-0.23151945921042794,0.059477382843349066,0.9710103917760184
86.159274754,-0.23176941881380925,0.058539260309411464,0.9710077710838035
86.168696833,-0.2341906091359736,0.06135104324538929,0.9702529608742373
86.179940003,-0.23498740587746741,0.06170088444212357,0.970038102312501
86.189252651,-0.23653269703369126,0.06324500007824486,0.9695629702082639
86.200355686,-0.23664652311138817,0.06476358358711004,0.9694349391992464
86.208515858,-0.23914825258416272,0.06491356392708772,0.9688107877724242
86.219514035,-0.23932370931455976,0.06505738554425829,0.9687578122245343
86.2298759,-0.23765124128007475,0.06896517968601296,0.9688992163836834
86.238626144,-0.23940558216245042,0.0686362636585061,0.9684905939349429
86.248930443,-0.24007221763089118,0.0674129979320129,0.9684114921001322
86.258765252,-0.24044137005921656,0.06601091447995014,0.9684164944555456
86.285882657,-0.23949249297510977,0.06465179033505156,0.9687432538165309
86.286260005,-0.2388169714742712,0.06116319787834207,0.9691364802550526
86.288710838,-0.2385460796752045,0.06016964072807117,0.9692653827545096
86.300715553,-0.23784540014966823,0.06059098492643651,0.9694113152698851
86.30870803,-0.23825169600433108,0.06126782545938086,0.9692689940953123
86.319056444,-0.2378516512105221,0.0609881277668667,0.9693848772742024
86.33048276,-0.2382886976409111,0.06119773925672216,0.9692643258092525
86.338633777,-0.2380680396346851,0.06212886414287972,0.969259311404752
86.348858239,-0.2386813200792313,0.06430912132874798,0.968966234891165
86.360846722,-0.23677598095096478,0.06327831386093706,0.9695014130157961
86.369210067,-0.23465465019112386,0.0631214594075154,0.9700272555479803
86.379741808,-0.23429839917743112,0.06265650933866398,0.9701435058693054
86.389611673,-0.23395604790278848,0.06273427826533481,0.970221097472239
86.398898457,-0.23355493061565047,0.06187493433474359,0.9703729112491701
86.40885531,-0.2329568655298769,0.05870431565228666,0.9707136045849424
86.418647175,-0.2320815505142732,0.05698325325421581,0.9710257786276618
86.429745579,-0.23521671420921392,0.0643650765300207,0.96980938038354
86.438933287,-0.2335185446531936,0.0633928858592636,0.9702836860039896
86.450222268,-0.2319831156521862,0.06097129292949971,0.9708070536882236
86.460272563,-0.23219611948510166,0.06049928895373757,0.9707856602423384
86.469650235,-0.23130440666033025,0.057863698491247395,0.9711591341569241
86.479852809,-0.23020315101458869,0.058706564175513676,0.9713701913203128
86.488829312,-0.22775172411444022,0.05498286189445439,0.9721656428103163
86.500107466,-0.22617867118311177,0.053023711741465425,0.9726416065000509
86.508665869,-0.2240789869662063,0.05204429870950421,0.9731803525411078
86.519405776,-0.21970174535027842,0.050204931445604256,0.974274400745798
86.530182847,-0.2181861609451963,0.04977900034039422,0.9746367786499276
86.538935349,-0.2179229072127444,0.05112920466644753,0.9746257799494749
86.55039885,-0.21831093706177193,0.05208372089889388,0.9744883892466534
86.558657787,-0.22091091522195555,0.054365602756443025,0.9737775663737211
86.568973018,-0.21846981652960934,0.0478166946694148,0.9746714846431134
86.580948678,-0.21639671818987125,0.045874060233526505,0.9752271688967368
86.58881585,-0.21467243334542016,0.04552148955360776,0.9756246923640142
86.59905636,-0.212704931945225,0.04602557449237965,0.9760318941606487
86.61457717,-0.20966661995656372,0.042776390692021646,0.9768367769875137
86.61897812,-0.20402623685394214,0.037622782151133585,0.978242209750953
86.632802258,-0.20090635940614796,0.036243966883618466,0.9789397374786187
86.638712631,-0.20003635047059815,0.03757846393479031,0.9790675755731602
86.649960094,-0.19712130627502097,0.035841483547578885,0.9797237256847147
86.658764844,-0.19151757907095268,0.0323657817256079,0.9809553879153178
86.668752126,-0.1893951305482636,0.025804031365022104,0.9815618352859484
86.679851339,-0.1847080663529988,0.029743511886286527,0.982343246388352
86.688786308,-0.1779028474832845,0.028922453347712544,0.9836229300650167
86.699149579,-0.17836959704906072,0.021741273485716674,0.9837233370596508
86.708699681,-0.1759126574088444,0.019673743416101272,0.9842091651591931
86.718765961,-0.16690421781270734,0.01550646635128994,0.9858511711093235
86.731381877,-0.15801993879916412,0.010946637191103835,0.9873752427907614
86.738712208,-0.1551807269124632,0.0066828950188001016,0.9878634930541199
86.748972326,-0.14598880607358114,0.008376515235237868,0.989250778363972
86.758587267,-0.14060530778504468,0.0066419557349337,0.9900434494741572
86.7689551,-0.1308842492567482,-0.003848672418151074,0.9913901860605214
86.779280563,-0.1260768324879894,-0.0077050070549246575,0.9919905569994499
86.789560527,-0.11998534573539456,-0.01218223344724135,0.9927009166899137
86.801698646,-0.11091052001169002,-0.0163628311491467,0.9936956849596968
86.8085055,-0.10329876523196752,-0.020632222632023068,0.9944363612070979
86.819238867,-0.09967529941248573,-0.025677763623186026,0.994688638289562
86.83028426,-0.09134997283615576,-0.023545540239538858,0.9955404512111308
86.838677516,-0.08414355056663606,-0.02986656014071019,0.9960059495220907
86.848850201,-0.08169999410763935,-0.032023702231270185,0.9961423560205712
86.859160443,-0.08020797552199915,-0.03477266580243822,0.9961714422606455
86.87035406,-0.07464609841593745,-0.0374287281278714,0.9965074261148325
86.87947087,-0.07463720662648465,-0.03691229427916874,0.9965273553285147
86.888420611,-0.07514467866141587,-0.03443666055890862,0.99657784125397
86.898798501,-0.0733911061856863,-0.03997590935382801,0.9965017171105004
86.908981545,-0.07277260903328431,-0.039780199833363526,0.9965549072056724
86.922847268,-0.07074706681165713,-0.04362036456220091,0.9965400726177587
86.931590761,-0.06909965443925328,-0.04688555491745941,0.9965073920932337
86.939762557,-0.06788000583841743,-0.047303514301483315,0.996571463740612
86.948799129,-0.06791054591966224,-0.040994262580062016,0.9968488492185817
86.959706746,-0.06696738103864758,-0.04345281242398752,0.9968085187082173
86.969937122,-0.06711058232157474,-0.04164443888641767,0.996876075773862
86.979192348,-0.06634003273085651,-0.04303947002226555,0.9968683985749932
86.988699213,-0.06556249002453374,-0.04571011030904353,0.996800955917137
86.99941845,-0.06498560849578337,-0.05048741726121876,0.9966081935177556
87.008890913,-0.06492698664463131,-0.05006010255770173,0.9966335698425778
87.019493912,-0.06579752281317637,-0.0489263241172717,0.9966327813191883
87.029335363,-0.06608680428584068,-0.046216932865417615,0.996742960554926
87.038720192,-0.06592837180968328,-0.04845193881466739,0.9966473094408191
87.052054475,-0.06498270065506055,-0.05019165743300493,0.9966233220930075
87.058807674,-0.06503768879291798,-0.05018840914248459,0.9966198987699485
87.069212627,-0.06483365544966731,-0.0543956208739298,0.9964124214153363
87.080732303,-0.06430894759945151,-0.05614740129749599,0.996349250306432
87.088693085,-0.0633889129546828,-0.05557289628146689,0.9964404141308767
87.0991462,-0.06373037973347867,-0.05477645960763137,0.9964627329568729
87.136190826,-0.06279843526813464,-0.05520760978662315,0.9964981065458789
87.136727263,-0.06209274759958549,-0.05553704921675919,0.9965240222191483
87.137011415,-0.064071837520762,-0.05853244951962596,0.9962272592084326
87.138758124,-0.06457034187952394,-0.057848756465642366,0.9962350085822824
87.148842259,-0.06508656927884184,-0.05875639594571633,0.9961482943994739
87.158970063,-0.06612610320446932,-0.05819757206229773,0.9961126347361756
87.169072054,-0.06654550639545836,-0.0583902447420958,0.9960734284667623
87.1801772,-0.06289666820799616,-0.05508388076242717,0.9964987582573719
87.189159641,-0.06410793581952705,-0.05507653207204922,0.9964219729511569
87.198728302,-0.06291145228604046,-0.055121969179770317,0.9964957188493113
87.208847891,-0.06280219012993406,-0.05491109101410063,0.9965142532841789
87.219513182,-0.06287848254532248,-0.05464090547174618,0.9965242936737796
87.22944284,-0.0628189472050515,-0.05481539382614014,0.9965184656953097
87.239387344,-0.06547506424101673,-0.058468427961115656,0.996139778793313
87.251523849,-0.06508404288062067,-0.058561005178675074,0.9961599650833077
87.25859222,-0.06454345980712572,-0.05844117458000825,0.9962021737126631
87.269346585,-0.0650899094087586,-0.058324765355933283,0.9961734414444781
87.283495705,-0.06461304921942507,-0.057888624149986904,0.9962299237949992
87.289296915,-0.060759422910848196,-0.056257417210841834,0.9965658009064459
87.300163219,-0.062077668658447216,-0.055848404568556526,0.9965075608148084
87.309560557,-0.062305511717920085,-0.05583911269799625,0.9964938618489674
87.319568746,-0.06236337754664935,-0.055502098740506114,0.9965090697913257
87.330976151,-0.061933508801899156,-0.05567379880144762,0.9965263010149311
87.339065265,-0.06188220604917603,-0.05516140965702531,0.9965579819855628
87.349537798,-0.06197412154892312,-0.055274415050934785,0.9965460086212861
87.358997685,-0.060075328805767325,-0.058091327248028006,0.9965020584863042
87.400877208,-0.05981834330243886,-0.05850087181335563,0.9964935593377556
87.401830916,-0.05965872971809214,-0.05825069214750003,0.9965177835005058
87.402292558,-0.059590317980485544,-0.05869082834530596,0.9964960515080461
87.402592019,-0.062218640399391616,-0.05670189841941216,0.9964505685193249
87.409255811,-0.06236521242198624,-0.05640375788689905,0.9964583264621741
87.418832253,-0.06246578526228496,-0.05543437488169327,0.9965064253445846
87.429498184,-0.06450050810275335,-0.05881992571920814,0.9961826643707837
87.439955823,-0.06648142741230817,-0.05927774140120077,0.9960252854137762
87.449178162,-0.06723299599932574,-0.05970051384991784,0.9959495835106366
87.459004745,-0.062320683206063814,-0.05676915456724303,0.9964403622567936
87.469363804,-0.06299576313733256,-0.05686394547032813,0.9963925057587961
87.480222712,-0.0628076266418823,-0.05761388776613526,0.9963613009205472
87.489117104,-0.06253402356168519,-0.05783133240475834,0.9963659131511259
87.499356211,-0.0630369611253155,-0.0570976352445156,0.9963765360452693
87.50915959,-0.06394378686651338,-0.05767363609658752,0.9962855734279045
87.519174292,-0.06412354344172083,-0.05770425762231959,0.996272246842566
87.530244424,-0.06465466572540739,-0.05774151503501251,0.9962357610733501
87.539220634,-0.06487865843980223,-0.05866152004722308,0.9961674486474654
87.553190167,-0.06496072316680072,-0.058442341480595635,0.9961749832072234
87.558898909,-0.06500575224748445,-0.05967589215217906,0.9960989107867653
87.569006938,-0.06598113959039037,-0.058916832697718226,0.9960799646831687
87.581107359,-0.06687699105408616,-0.05884495466300934,0.9960244672588421
87.589152871,-0.06710282840893407,-0.05936070004885556,0.9959786733204837
87.599777523,-0.06735997256550516,-0.05991704537580145,0.995928000293901
87.629078888,-0.06805094080554394,-0.05949954873911007,0.9959060563905225
87.629507395,-0.06882478543850878,-0.05939628439641567,0.9958590413854982
87.630181919,-0.06868490681398719,-0.0590887300245422,0.995886994372374
87.638913669,-0.06840233978284967,-0.05930050846072369,0.9958938545891982
87.648889747,-0.06876794329082356,-0.059009200140206365,0.995885979555071
87.658900068,-0.06860946117116559,-0.05947967495078096,0.9958689221506772
87.668932212,-0.06922875293129648,-0.05961004334190586,0.9958182678081144
87.680081119,-0.06921757027523062,-0.05957161727138095,0.9958213446099986
87.689281971,-0.06966734115942436,-0.059919663045995344,0.9957690975101763
87.698890973,-0.06973987598945863,-0.060677281431244706,0.9957181414512284
87.709009676,-0.06978765911993653,-0.060554563166020876,0.9957222642455738
87.719640216,-0.06977126696877681,-0.060288479690224175,0.9957395590827017
87.729691255,-0.06888311757716457,-0.05655865744506713,0.9960201977775662
87.760205799,-0.06922038056035457,-0.056191422364417355,0.9960176017359048
87.760489621,-0.06987142913959025,-0.05572993289938335,0.9959980712677218
87.76091335,-0.07064837296533616,-0.058826666489765485,0.9957651483693596
87.769270232,-0.07193616025724918,-0.05895896470544386,0.9956651190678045
87.780363532,-0.07059073312744904,-0.05579089049961998,0.9959439366419119
87.78905741,-0.0702470926415446,-0.0550679632444131,0.9960084665300403
87.800595681,-0.070011549866254,-0.055284420758588686,0.9960130600081069
87.808917039,-0.07012622294527325,-0.05524953022754046,0.996006928823824
87.849980487,-0.07017611955465608,-0.055902797802423666,0.9959669620233955
87.850341254,-0.0702055243557834,-0.055654104159411015,0.9959788175659877
87.850797764,-0.07052147165839551,-0.05561223703994194,0.9959588350562223
87.85105193,-0.07065239030257399,-0.055701672109897016,0.9959445584311882
87.859000707,-0.07113687777171425,-0.053925767133906545,0.9960078093368103
87.869749446,-0.07147468475079033,-0.05299747063236285,0.9960334520217415
87.880219657,-0.07147514473108049,-0.052930329735821145,0.9960369892126139
87.891423189,-0.07116289010814748,-0.052636274912856766,0.9960749297290611
87.899863459,-0.07115063849101626,-0.051497792503794396,0.9961353141062498
87.909104451,-0.07094751827358936,-0.05105491557243344,0.9961725981207828
87.918976785,-0.07112247064179872,-0.05134558507178411,0.9961451827236042
87.928879087,-0.07136165728074026,-0.05043579920120457,0.9961745549998163
87.957739503,-0.07130607469817488,-0.05021582204304751,0.9961896480729358
87.958072324,-0.07176291093052559,-0.04944447844930393,0.9961954266938059
87.971879836,-0.07252053482658649,-0.05444022589877846,0.9958800298392151
87.972133051,-0.07330556731158032,-0.052200647243488656,0.9959424613041099
87.980253162,-0.07337665052700079,-0.0526691792772816,0.9959125587679353
87.989092117,-0.0724528874667725,-0.05371672159075744,0.9959242405520956
88.001466545,-0.07275836120927544,-0.05415060657084804,0.9958784728480428
88.009103196,-0.07352605595639283,-0.05275789803638606,0.995896843699326
88.049506131,-0.07366201009386775,-0.05187025728430788,0.995933423818174
88.050749984,-0.07237659401761048,-0.05193654753929573,0.9960242083745299
88.050996039,-0.07273018748559307,-0.051785974013436736,0.996006291508136
88.051246514,-0.07419563208458539,-0.04812438636756471,0.9960818498578891
88.059030015,-0.07526728811600845,-0.04643262079875707,0.9960817471801302
88.069262788,-0.07605322093974089,-0.04522950554230051,0.9960774063360188
88.081483149,-0.07705746222653527,-0.045644672126118335,0.9959812806582791
88.08891709,-0.07769963715910225,-0.04621822667826834,0.9959049361801859
88.101665049,-0.07938098085302271,-0.045053277707257644,0.9958257187111834
88.109963246,-0.07948033895703416,-0.04533664210339325,0.9958049330074963
88.118709306,-0.079036166976063,-0.045493574578125695,0.9958331280801198
88.129763753,-0.07886662897981386,-0.04520044569862902,0.9958599171279089
88.138582212,-0.07821222588491422,-0.04508828986502756,0.99591660988216
88.150327928,-0.07804588685187959,-0.043864164276755976,0.995984324494018
88.159726634,-0.07790938022461148,-0.0438241916748129,0.9959967714290375
88.168732676,-0.077272432428054,-0.04591893532057509,0.9959520182045302
88.180365244,-0.07832802838233613,-0.04381006580300534,0.9959645566505227
88.189216919,-0.07918692431744513,-0.043221476565268875,0.9959223538914372
88.198712775,-0.07826384135675676,-0.042485341988030154,0.9960269910259684
88.210123415,-0.07849647205829008,-0.04322765726921025,0.9959767434641322
88.219484144,-0.0788849341744354,-0.04413026758518897,0.9959064648063867
88.229463695,-0.07911275855587654,-0.04304183795384364,0.9959360278749005
88.238982663,-0.0786433481076372,-0.04352044699215829,0.9959524057363504
88.305709805,-0.07706236108894576,-0.04306400124957315,0.9960958208424397
88.305969697,-0.07651952539101835,-0.04257501460358876,0.9961586873412476
88.306664094,-0.07613574196538044,-0.03764402096353244,0.9963866099467005
88.306926287,-0.07536006830911969,-0.037758430996065025,0.9964412481391767
88.30720841,-0.07414664908294205,-0.03738287966289126,0.9965464338092234
88.307575613,-0.0742316034207852,-0.037346974701399256,0.9965414555020943
88.308755479,-0.07442022589789338,-0.037000088386196575,0.9965403270498994
88.319155246,-0.07365614611938673,-0.037542532271574364,0.9965768060764195
88.330598395,-0.07349878511222242,-0.03639119945082592,0.9966311299520788
88.338634409,-0.07365972385902621,-0.035515600887027605,0.9966508351346751
88.351168731,-0.07349741505903201,-0.035884093627049835,0.9966496183735815
88.359992,-0.07436158385231854,-0.034146728412990275,0.9966465550964716
88.368641305,-0.07422874083712408,-0.03438070443380507,0.9966484140339413
88.380433335,-0.07456596920691536,-0.03332024079489173,0.9966592586183123
88.390368089,-0.07405942613862516,-0.0331338746116447,0.9967032395619256
88.399053704,-0.07460490290011185,-0.03242547336562391,0.9966858567975571
88.40993756,-0.07100409384215461,-0.03348022063875267,0.9969139849975198
88.418691133,-0.06922486034512768,-0.03467761395979014,0.996998185454845
88.429471465,-0.06885868373360009,-0.034590249599297414,0.9970265775329836
88.440375986,-0.07039990222534336,-0.03300873719789138,0.9969725558084649
88.450770606,-0.07056669219359216,-0.0321912321528863,0.9969874956715022
88.458875802,-0.07112345512605303,-0.030610771419179273,0.9969977105309997
88.469991854,-0.07081796223898865,-0.030956109586271065,0.9970087940954182
88.479670895,-0.0728464016453225,-0.03474434362607929,0.9967377951865383
88.488950033,-0.07355762960258613,-0.03840635121653241,0.9965511664302447
88.499074217,-0.07435744313700088,-0.037918975283911666,0.9965104725809687
88.509176452,-0.07511733798726261,-0.0336897344608802,0.9966054321172763
88.5198622,-0.0746414632090988,-0.030293679943322153,0.9967501918361974
88.529634394,-0.07406332906791484,-0.030248340544373985,0.9967946935962738
88.539439355,-0.07378831637037854,-0.029406863044317465,0.9968402684347767
88.562817649,-0.07304462953094557,-0.029321474747357166,0.9968975540221408
88.56313078,-0.07345749819075599,-0.027712960255055187,0.9969132298216614
88.569710683,-0.07329912005878009,-0.027812429853411272,0.9969221171908355
88.580023957,-0.07347352789006877,-0.028386624361626176,0.9968930936949756
88.588853899,-0.07418115987508786,-0.027611669932262804,0.9968624535025574
88.598964225,-0.07364002776078547,-0.02737128801937878,0.9969092029385379
88.611779254,-0.07554101896452842,-0.02599610558639101,0.9968037705326672
88.619617558,-0.07500992635897433,-0.028086732095402436,0.9967871620500649
88.629827586,-0.07432978207075121,-0.032080285974631625,0.9967175822413793
88.638648963,-0.07466400976163488,-0.03491546474443296,0.9965973088303995
88.648805436,-0.07544132880130577,-0.03663038650997893,0.9964772053051805
88.659265606,-0.0742158876498199,-0.03921225095487224,0.9964709736843326
88.668776198,-0.07304308618975369,-0.03727817220789965,0.9966318505028396
88.679804929,-0.0769282418563988,-0.03980254483560981,0.9962418396300633
88.689886917,-0.08017742496181285,-0.037325140678998184,0.996081529996308
88.69908132,-0.07702572022389165,-0.03710634596101364,0.9963383750079148
88.70888767,-0.0781051399446347,-0.040792055832237016,0.9961102325020101
88.718988423,-0.07597434633808417,-0.04065653480907711,0.9962805553034845
88.732312976,-0.0747351518204411,-0.039073099728591416,0.9964376297390496
88.7387664,-0.07408273191923119,-0.03937473018024507,0.9964744750642719
88.751018335,-0.07256169855464067,-0.044653712940425826,0.9963638119800916
88.785161203,-0.07293108345106222,-0.047886577684685516,0.9961866957274139
88.78545091,-0.0772861296431329,-0.043406122439883774,0.9960636338605675
88.785732013,-0.0784523813353856,-0.04481779395988542,0.9959099302684841
88.788645544,-0.07430213192954545,-0.04751453250405922,0.9961031886263818
88.799661716,-0.0767518123828356,-0.048716786434358963,0.9958593444937187
88.808725172,-0.07669569560908607,-0.04595888775552085,0.9959947544597382
88.819598665,-0.07744439732166133,-0.04937371751681983,0.9957733684639563
88.831552722,-0.07616077440120739,-0.04834521692683547,0.9959228265497813
88.838818373,-0.07477927237530481,-0.05071153960611996,0.9959098353635218
88.849620703,-0.07269087467276608,-0.05707548993105044,0.9957200536237276
88.859918101,-0.075425238772047,-0.05714111512021913,0.9955128961088338
88.868708346,-0.07763999917611074,-0.05861891496268089,0.9952566771122571
88.879854307,-0.07914629517713932,-0.0576592539953866,0.9951940888029976
88.890351717,-0.07841563475295951,-0.05610784486485064,0.9953405939531013
88.898657234,-0.07704321281848456,-0.054848543215956114,0.9955179459284966
88.909519604,-0.07949143560092917,-0.05407879771046226,0.995367567938746
88.920684251,-0.08065273842729272,-0.05350347594230739,0.9953052365210734
88.92869597,-0.07993459146652215,-0.05844309095693208,0.9950853562416041
88.939987035,-0.07961812357968219,-0.06342473518978545,0.9948056379834987
88.948723704,-0.07403897688460445,-0.06482805965628556,0.9951459956122428
88.959140445,-0.07753297643705546,-0.06047934211754682,0.9951537000593627
88.969609828,-0.07868689130766326,-0.05845197647971858,0.9951842741834049
88.978932256,-0.08097185885063256,-0.05425701811458792,0.9952385312374047
88.989753557,-0.08421426883867128,-0.06157867633122159,0.9945431230194408
89.002055654,-0.07676227409236172,-0.06098050388052381,0.9951828633083704
89.0094191,-0.08138630967064134,-0.057341192782985884,0.995031786531676
89.023388205,-0.08528622811429445,-0.056294139961774334,0.9947649114740632
89.029966272,-0.08647603515111829,-0.05553640231500473,0.9947047820144672
89.038732615,-0.0834353731312237,-0.057091855956346436,0.9948764036270603
89.049140887,-0.08230604001897582,-0.05741717222892726,0.9949517496389605
89.058816602,-0.08248753714876897,-0.0581864534097165,0.9948920257267767
89.068785674,-0.08768812069957412,-0.06625632014145837,0.993942097674452
89.085870599,-0.08901881140545302,-0.0677199188670768,0.9937251449996609
89.088777625,-0.08645481447162737,-0.06734932173617778,0.9939766767466698
89.10002422,-0.09310113780240088,-0.06581650040140301,0.9934789209715578
89.108811184,-0.09495479884668202,-0.06370363049266277,0.9934412079423928
89.119015236,-0.08930078379230559,-0.07376757413565284,0.9932692057142519
89.129480045,-0.08925014525991716,-0.07637060692469569,0.993077007068957
89.13884273,-0.09431288118873021,-0.07197942210077293,0.9929370791927952
89.148780319,-0.09364634422396005,-0.07675626944720033,0.9926423511587829
89.21898162,-0.09202642327753467,-0.08128634828020771,0.9924332053100666
89.219536972,-0.09156850792339066,-0.0858943547434844,0.9920873793068253
89.219814222,-0.09404026208631222,-0.08696224225093949,0.9917630753004605
89.220088358,-0.09903060676082152,-0.09032323863310189,0.9909766150053247
89.220357265,-0.10325002431077535,-0.09490162637019248,0.9901177272385929
89.220627609,-0.09977203822469342,-0.09592288915031487,0.990375857806291
89.229664051,-0.10042065511442001,-0.09764906804158686,0.9901415815614453
89.229913107,-0.10143698867607512,-0.09670814534537935,0.9901303307909454
89.239785925,-0.10200359759574619,-0.10379153452676335,0.9893546297653358
89.251037367,-0.10320111612939245,-0.10609100946221751,0.9889864646904605
89.259420102,-0.10830521832351848,-0.10031452713928607,0.9890434648329246
89.269224661,-0.10589792070023758,-0.1072603605536755,0.988575159229313
89.280115058,-0.10531086785811175,-0.11191291155152748,0.9881220174346038
89.289573915,-0.11168267034260705,-0.1178784517520258,0.9867277495630139
89.301314369,-0.11069183388129773,-0.1144761819914533,0.9872398501218713
89.30915498,-0.1087447081636642,-0.11627244877493766,0.9872463249373374
89.319291554,-0.10994239180948708,-0.11823992929696886,0.98687992663903
89.331205673,-0.11198470742797982,-0.11531435968110398,0.9869964659276176
89.338855543,-0.11560066882990229,-0.11679866194690748,0.9864048651205504
89.348994784,-0.11614177068030328,-0.1133265137368121,0.986746264440613
89.360257582,-0.12083939088203438,-0.11498933587843313,0.9859895000685839
89.36942954,-0.1209875280294382,-0.11827828314809603,0.9855821963676419
89.379282581,-0.11933914503584313,-0.1208868639531387,0.9854666582821
89.388820818,-0.11991506143403363,-0.12222816344335566,0.9852312693487436
89.398687343,-0.12069832060140562,-0.1250663606953425,0.9847793259540043
89.409297197,-0.12291330603748347,-0.1252378608122618,0.9844835181038353
89.419013975,-0.12321547319118824,-0.13239558317330996,0.983508696820964
89.430237705,-0.12403827603999852,-0.12847507885084017,0.9839251293626439
89.439666067,-0.12446231554287182,-0.13670994957075536,0.9827611722580762
89.449025752,-0.12420446901860577,-0.13941294119138553,0.9824140072821507
89.45886871,-0.12129165722204677,-0.14123453206310949,0.9825177559928595
89.468622252,-0.12432861149897093,-0.1341489715196044,0.9831309423484598
89.479730005,-0.12476563597010633,-0.1364496862127194,0.9827588815235532
89.48976696,-0.12555857082664634,-0.13768312089977297,0.9824858286567133
89.50152182,-0.13111174149783533,-0.14151224321221223,0.9812155707399127
89.509195132,-0.12834673332231886,-0.13694142895308448,0.9822291795104525
89.519384964,-0.1270122133933677,-0.14238648276635846,0.9816282326697533
89.533819763,-0.1252851823451115,-0.14235255513225403,0.981855067274224
89.53861673,-0.1271760627761815,-0.13543246866453307,0.9825906042132599
89.549813571,-0.12863093269736361,-0.13226376307518778,0.9828328342757975
89.558834564,-0.13006429675015874,-0.1334104115155695,0.9824891555687183
89.57154651,-0.12877651545537655,-0.13794932087345463,0.9820318701232277
89.584939836,-0.13755986781832197,-0.14735365714438753,0.979471379108129
89.588640026,-0.13509623345262703,-0.1474065862673145,0.9798062594370023
89.669419473,-0.13143085582012184,-0.14684733240053327,0.9803885918885621
89.67015354,-0.1313239863948372,-0.14461675850325018,0.9807344206039581
89.671115146,-0.13268821521025392,-0.14098329578925364,0.9810797866905206
89.671490094,-0.13271493431034487,-0.1386100250870659,0.9814142892562568
89.672070397,-0.1348299261084138,-0.13687588948712504,0.9813693911584507
89.672646709,-0.13553404517899983,-0.1375661746182346,0.9811758609945123
89.673200164,-0.13492108006785108,-0.142026196734398,0.9806247302584646
89.673897743,-0.13906016747057423,-0.14963087985041712,0.9789141278060328
89.679461977,-0.13619271840154634,-0.1438787223163034,0.9801787881397074
89.690201134,-0.1372925384852555,-0.14109119961390035,0.9804305341368073
89.698751219,-0.14019111847169258,-0.13980447462704487,0.9802046516804089
89.708776882,-0.13933962135083908,-0.14019156264869992,0.9802707767162706
89.718928677,-0.13498119558006375,-0.14509914249970654,0.9801664734552118
89.731510573,-0.13284954780698202,-0.14808810984608867,0.9800106679876978
89.73983076,-0.13733576323548166,-0.13755911274484503,0.980926286036509
89.74886265,-0.1375432423257725,-0.13738780501756961,0.9809212239129951
89.759093742,-0.14004689637193313,-0.13360359960274698,0.9810896722470266
89.77216522,-0.14423352161043762,-0.1368403384344053,0.9800364345375171
89.779577866,-0.14214265473223622,-0.1341259038806879,0.980716935519042
89.788891199,-0.1420305208826696,-0.13575215186206815,0.9805094004662147
89.801707321,-0.14236858534403515,-0.139880507235486,0.9798799057041028
89.808773877,-0.1422145597467698,-0.14097823654278926,0.9797449442672913
89.818870773,-0.14370616893545765,-0.1399861433614054,0.9796695446305831
89.830993177,-0.14716207741867668,-0.13706022603456403,0.9795702207647871
89.839719487,-0.14363179333609893,-0.14536127468963414,0.9788973428116255
89.883543226,-0.14061865839983473,-0.14193926209748142,0.9798365367677677
89.884445402,-0.14170542588399496,-0.13999444714353976,0.9799597578696843
89.885083532,-0.14262610424950903,-0.13893869535916448,0.9799764452875904
89.885918204,-0.15110613084109054,-0.1485643789189504,0.9772899071097899
89.889689916,-0.15465982194242206,-0.14935909485425206,0.9766126152477538
89.898800221,-0.1489388567190699,-0.13933138465443817,0.9789810938978818
89.91544281,-0.14765260715528397,-0.1399839874536809,0.979082831458511
89.919117127,-0.14497153149376227,-0.1451376060315259,0.9787330230311996
89.929438513,-0.14475628332838703,-0.14621357055481582,0.9786047262416853
89.939341972,-0.14485979687386374,-0.1483250785083837,0.9782715933395719
89.948657898,-0.15272967133328755,-0.1524718373586722,0.9764353467111362
89.959156621,-0.1558068267712925,-0.15098349084757096,0.9761804229869302
89.969885485,-0.15213287438424916,-0.14418629495606775,0.9777862245288733
89.979387003,-0.1495734606511209,-0.14009569239840566,0.9787752432710275
89.989291316,-0.15272040410762608,-0.13515166898729733,0.9789844250748586
90.001891786,-0.150675744348689,-0.1401273391705517,0.9786016293068134
90.008773846,-0.1462753297587952,-0.14840473702099452,0.9780488545740879
90.019287606,-0.14618590586432664,-0.14536173882385992,0.9785191085577891
90.029767769,-0.1457815288107731,-0.1478817387720173,0.9782017875649986
90.039151268,-0.14763752366236857,-0.14624503979352324,0.9781694893742262
90.04958622,-0.1491153935989549,-0.13860708592906518,0.9790570336410855
90.058887136,-0.14839029428387163,-0.140006768273327,0.9789680410513947
90.068824339,-0.1470215848815921,-0.14177791589948377,0.9789196474390038
90.080391897,-0.14936888566106454,-0.13250601608984272,0.9798627922808225
90.088945566,-0.15024219581665996,-0.1293647176249967,0.9801489950155504
90.099906604,-0.14781325541509746,-0.13694675148001823,0.9794880442265038
90.108816223,-0.14800123495566536,-0.13595952402070954,0.9795971836829974
90.119046777,-0.14574264590772987,-0.13864976042114802,0.9795587399941733
90.1301942,-0.1459945729526978,-0.13563494375559318,0.9799432364687133
90.140709927,-0.14390332004771503,-0.1393355345496966,0.9797333531583966
90.15065464,-0.1492900501260935,-0.14277072547533975,0.9784319091692553
90.160078023,-0.1501397986811467,-0.1419222854713669,0.978425319448842
90.169711939,-0.1441908003470673,-0.14141555966894312,0.9793930021083427
90.179843051,-0.1431343026377078,-0.14249028962986385,0.9793922037517016
90.189884247,-0.14665455854035261,-0.14274333708499098,0.9788343987504602
90.199110725,-0.15094765287202055,-0.13172562546143915,0.9797260666580332
90.20888368,-0.1454100497858742,-0.13576733695829496,0.9800118099474733
90.220584812,-0.1426205853534921,-0.13467258192804427,0.9805726206203504
90.231441599,-0.14203610058147198,-0.13800072976013872,0.9801946463418779
90.239330221,-0.1455149155941211,-0.13740522052749315,0.9797679392138869
90.249968996,-0.1494378440703039,-0.12935478081408058,0.9802732636567014
90.259106757,-0.14651679474680018,-0.13287584037679762,0.9802432554734992
90.26926933,-0.14367726646812803,-0.1347863543459029,0.9804027140835482
90.279811246,-0.14422878408629372,-0.1341826033654617,0.9804045526184876
90.288807205,-0.14398560229831395,-0.12836344593757276,0.9812191254138005
90.300476046,-0.14391293075781258,-0.1274807227435275,0.98134485971522
90.308725992,-0.14390617782451465,-0.13130675551365292,0.9808412450240951
90.318968786,-0.14142944415777298,-0.13499448955794494,0.9807008718840895
90.330442953,-0.14198450904796084,-0.13136385809049675,0.9811136203202917
90.338937696,-0.13690731851103471,-0.13185538137649794,0.9817690892160827
90.348861481,-0.14429075075605785,-0.13074577090165876,0.9808596854991973
90.360455489,-0.14490545000839586,-0.13708790925232425,0.9799027072595987
90.369524838,-0.1405691470119276,-0.13931226680379133,0.9802205911050474
90.379265104,-0.13671630174918706,-0.13189399910686916,0.9817905203431242
90.389250184,-0.1362906992816454,-0.12938981131731134,0.982182835329854
90.399008337,-0.1355408999249874,-0.12811725714781128,0.9824533743992364
90.408861975,-0.1338875716500199,-0.12865276634605952,0.9826100874045447
90.4188608,-0.13436380586485377,-0.13082066228203942,0.9822587856535571
90.430653662,-0.13681805597553268,-0.12963087977820073,0.9820777232821268
90.439078219,-0.1363388460820271,-0.12935281887770558,0.982181025726629
90.448935143,-0.1337837871784043,-0.12994723399512384,0.9824538740649458
90.459005306,-0.1303236271365553,-0.13060096038437222,0.982832204069775
90.46903674,-0.13058314245202504,-0.12900036298670178,0.9830091297931334
90.490324639,-0.13276798667709147,-0.12626672782263568,0.9830713988102168
90.490982447,-0.1344206029878341,-0.1236154666429396,0.9831837660880267
90.499972074,-0.13565298195918965,-0.12057155707244599,0.9833924791814841
90.50884585,-0.13677382279984343,-0.11772665834483699,0.9835819006629163
90.51936084,-0.1356485826084552,-0.11653285789547191,0.9838798478813514
90.530764005,-0.1354590369405736,-0.11895803902276988,0.9836156943964394
90.53887413,-0.13634154371284835,-0.11726902094453355,0.9836965793295757
90.549503898,-0.13697061606300553,-0.11659326760317636,0.9836895141684366
90.559028292,-0.1388708708622618,-0.11568083551803236,0.9835307954099897
90.569002312,-0.1402147024805603,-0.11228607772342923,0.9837335380873095
90.580523804,-0.14139790739171482,-0.109982935209429,0.9838243673278084
90.588817835,-0.1386069040052092,-0.10717446961817738,0.9845312383180908
90.690927862,-0.1342629031724869,-0.10926082486559423,0.9849038252445695
90.691188672,-0.1321001357694116,-0.1103354693273144,0.9850764631936062
90.691422145,-0.13088213415385538,-0.11122841003537054,0.9851386236263077
90.691767915,-0.13612258018221193,-0.11361358751577494,0.9841557782670042
90.692031959,-0.13066843148660984,-0.11012329534978009,0.9852911350632026
90.692418308,-0.13191273950452068,-0.10298663316175517,0.9858969431671948
90.692783267,-0.12848999935875413,-0.10540778019938557,0.9860930584575806
90.693090283,-0.13018441252115937,-0.09815708558132342,0.9866190781080109
90.693535367,-0.13128601855623753,-0.09277398367004344,0.9869939053943758
90.693867418,-0.12567587229236962,-0.1015629873137124,0.9868589234188778
90.699248867,-0.1232170239420125,-0.10392681509220353,0.9869228855972814
90.709087979,-0.12364279899909764,-0.09772412139535121,0.9875031414396491
90.720750405,-0.12250574575723382,-0.0925739731725717,0.988140881528291
90.729603233,-0.1222609755122355,-0.08954913799974949,0.988449900475638
90.74201462,-0.12057436521436635,-0.08866516317775959,0.9887367249636346
90.751542738,-0.12100555023072904,-0.09622166355357699,0.9879772508900905
90.758891949,-0.11491138770342284,-0.10041148980021283,0.988287865802356
90.77200921,-0.11947796288509933,-0.0919570749012755,0.9885691239161923
90.779587422,-0.11480654074334515,-0.08613247147583403,0.9896467327081979
90.788874388,-0.11516743160621262,-0.08347285621071102,0.9898326853429595
90.799655403,-0.11199284204893507,-0.08331571251741983,0.9902101268809147
90.80882026,-0.1142259547104428,-0.09027749305146786,0.9893444321968108
90.820362221,-0.11094043430722139,-0.09020915863074773,0.9897244706153615
90.832574215,-0.1129711885223084,-0.08329148663085535,0.9901010245518784
90.83894107,-0.11312748438257755,-0.08279017137549165,0.9901252243029093
90.851857895,-0.10944877059281616,-0.07540534816073087,0.9911281451378928
90.859255176,-0.11022239670319302,-0.08299021909297641,0.9904360892051055
90.868880691,-0.1094979620050064,-0.08318457225293699,0.9905001379383277
90.880215298,-0.10549080613503799,-0.07591716386688177,0.9915181662740168
90.890091653,-0.10262530578008366,-0.07669219157372914,0.9917592219713225
90.898977733,-0.10560598375346199,-0.07174801368238291,0.9918163129975712
90.909202768,-0.10472849649264772,-0.0709960649640858,0.99196345738238
90.919345576,-0.10530109044042024,-0.06891096111087638,0.9920498776729091
90.929001772,-0.10647551501325964,-0.07116312551786932,0.9917654835036301
90.93907728,-0.10428409654816323,-0.06694315138275567,0.9922920143234445
90.948719663,-0.1018173773723052,-0.06249117913416755,0.9928383927887997
90.959031037,-0.10332043806384694,-0.06264188310378087,0.992673602731284
90.969375139,-0.09990068605373519,-0.07146862457943916,0.992427371965685
90.983677221,-0.0952022913464991,-0.07273839316713303,0.9927968824899884
90.98936301,-0.09664410016902746,-0.06904457515348854,0.9929213284769309
91.000531552,-0.09383385716140276,-0.06622471315989928,0.993382853997945
91.008717903,-0.0931452502990155,-0.0613682006807127,0.9937594811079518
91.019588712,-0.09250638420403377,-0.05676765787638344,0.9940925519793041
91.030592089,-0.09053534418189808,-0.05631922576643319,0.9942995002829553
91.038846654,-0.09215160010856767,-0.0597836675934854,0.993948688658777
91.049504396,-0.08826454670222457,-0.05576592575352935,0.9945348316274815
91.058836194,-0.08845775053317531,-0.05330994453112276,0.9946523393551633
91.068765351,-0.08867193192837196,-0.05138293066031639,0.9947346796632996
91.081067355,-0.08907104417849956,-0.047306794590515636,0.9949012093039804
91.089023597,-0.08905128592618224,-0.04290136922470153,0.9951026786184124
91.100364101,-0.08934808132605769,-0.04182439392071593,0.9951219223977115
91.108948996,-0.0864493508862503,-0.04385362539741919,0.9952905953895319
91.121538218,-0.08589475832015937,-0.04432828183607493,0.9953175844536171
91.129804318,-0.08966241673735935,-0.038202641052617246,0.9952392723568644
91.139225896,-0.0887364159910665,-0.03667891006365909,0.995379578871097
91.15128319,-0.08858252766229427,-0.03602760390672159,0.9954170721610612
91.159463456,-0.08877611179389992,-0.034521279585280604,0.995453204942629
91.171851431,-0.08842863866683959,-0.03440096986601438,0.9954882968351799
91.180337044,-0.09030569729437217,-0.030229611659119308,0.9954551981958386
91.189637445,-0.09141562474911938,-0.02892688593236516,0.995392595322059
91.199397474,-0.08870092118866175,-0.030916639654544026,0.9955783786185566
91.208733255,-0.08859920570904427,-0.032015410604900416,0.9955527079123064
91.219663764,-0.08945755040348453,-0.029055297881402185,0.9955667412789718
91.230178665,-0.09241541893424796,-0.020611254928454947,0.9955071905885371
91.238902862,-0.09157343115266911,-0.01705538517964628,0.9956522588450756
91.250452023,-0.08263933376538857,-0.013029976932047042,0.9964943352653658
91.258801853,-0.0833125933368399,-0.008507857766174253,0.9964871439952053
91.26877082,-0.08156008195925453,-0.006595524643045738,0.9966466034083911
91.282094588,-0.08037260773600384,-0.004420665043169741,0.9967550860900036
91.311159631,-0.07686451279035034,-0.0022687375656538908,0.9970389658901804
91.311394805,-0.07296336872088978,0.004107360382366692,0.9973261635069988
91.311652885,-0.0719871999094688,0.010432568210531115,0.997350993667589
91.319231651,-0.07152255348768799,0.011976796828613247,0.9973670741910057
91.330611647,-0.06903324811114842,0.007490324155637483,0.9975862397303145
91.339007898,-0.07008715159663276,0.010105090274645973,0.9974896883334744
91.349182241,-0.06933740064749634,0.0096359425039438,0.9975467274686982
91.359515834,-0.07108716771004422,0.016563393764907508,0.9973325767134817
91.369718697,-0.07300535862108117,0.020724041223008784,0.9971162077350836
91.379994266,-0.07195743680461959,0.016882699772552832,0.9972648102369296
91.389774506,-0.07204213440381058,0.014613590104039554,0.9972945271356976
91.398774476,-0.07187510296236628,0.013646314554702053,0.9973202833960731
91.408870354,-0.07147035102018925,0.015319072356303712,0.9973250798747585
91.458716775,-0.07187857988905041,0.01704410547019675,0.9972677515200491
91.459551775,-0.06971236359801046,0.015946881150383882,0.99743966401139
91.459845069,-0.06864955531661865,0.016462141106003064,0.9975050057343254
91.460299188,-0.0666357837113931,0.015746460647442496,0.9976531066990405
91.460747231,-0.06953051798726725,0.02037363395456635,0.9973717572239089
91.469529414,-0.06952715804950266,0.02105047243028229,0.9973579357001284
91.479377124,-0.06861124429798902,0.02045362932630183,0.9974337803600117
91.488825082,-0.06846728336472166,0.023324140029182403,0.9973806773747695
91.499150319,-0.06732860722320291,0.022650554913815592,0.9974737144463909
91.508854554,-0.06930989062156341,0.025311886274978705,0.997274008222028
91.519993338,-0.0684535293373566,0.02308655127483348,0.9973871492412032
91.529675465,-0.06571282490157124,0.01749298030355648,0.9976852310641643
91.53885566,-0.06507851763891069,0.016944673962867737,0.9977362700464558
91.551824815,-0.06497506518798325,0.017742500356820047,0.9977291438987366
91.558755372,-0.06276651689140163,0.018539385092683845,0.9978560294740453
91.56909569,-0.06039707304958108,0.017525029357937157,0.998020574393658
91.580667431,-0.05618547606529065,0.01550934625721925,0.9982998810267335
91.589369633,-0.05760101928173477,0.0178422470244389,0.9981802326227586
91.601751763,-0.055858004341590065,0.015553654066564884,0.9983175683098804
91.609483127,-0.06574016665471782,0.016420203582513778,0.9977016625236819
91.618895594,-0.06699943857109379,0.016270713564436136,0.9976203381603957
91.630518175,-0.062043935857380585,0.016758440776680542,0.9979327155104496
91.640554719,-0.05871869740444793,0.02325393227880757,0.9980036919814964
91.650736777,-0.059096491778724156,0.022699546413092866,0.9979941559208085
91.659499094,-0.06120051267601079,0.02111824802638744,0.9979020577433888
91.668726726,-0.06094029181821192,0.01916850735345046,0.99795733834616
91.679668396,-0.06020522121111245,0.01939840811909764,0.9979975115707284
91.689523346,-0.057389826627227386,0.018569238297731147,0.998179137824839
91.698998038,-0.05674553297212638,0.017837515472577052,0.9982293161040078
91.708808428,-0.0533092552129733,0.01684126045173377,0.9984360246180198
91.719764531,-0.05507355959343962,0.017813228186262478,0.9983233904578677
91.730161724,-0.05993180608906238,0.016377811209321774,0.9980681068538835
91.739437099,-0.061688692173020275,0.01658195265142938,0.9979576865299692
91.751698597,-0.05623714888543479,0.01628424556818161,0.9982846319720207
91.758751425,-0.05517998830502709,0.015259745015529015,0.998359809423796
91.769330159,-0.049380326296120214,0.015374346175237245,0.9986617109184535
91.781095087,-0.04685248924691328,0.014886058106892306,0.9987908937937942
91.790612538,-0.046219433357782246,0.017344562936860746,0.998780721738568
91.800921888,-0.045508305989407014,0.016672721784630664,0.9988248166892265
91.808565273,-0.045673265831012,0.0157432072492062,0.9988323704275098
91.818784911,-0.04491922815866884,0.014750673783930588,0.998881715001606
91.834966106,-0.04425592666993516,0.01406679378432526,0.9989211872150949
91.838661227,-0.0449678473426931,0.013867394812285187,0.9988921804011105
91.853833698,-0.0440296812861263,0.013495846582619804,0.9989390618505519
91.859442171,-0.04316176174215923,0.011556324185172643,0.9990012581046335
91.868735115,-0.03931827665756374,0.018123879579168847,0.9990623594699578
91.879856506,-0.039112656160509206,0.013922233432432136,0.9991378140898896
91.88959295,-0.03853598385551645,0.013994101840201684,0.999159218073863
91.901891599,-0.03954525463907218,0.01467741848291403,0.9991099770406703
91.908929753,-0.04077082454690414,0.013712034734563429,0.9990744316462131
91.918947664,-0.04005365171377047,0.013483581789070796,0.9991065498767034
91.928766982,-0.038337826811244466,0.010846730140054358,0.9992059644941378
91.960591645,-0.03850051254084617,0.010706789223157704,0.9992012185734278
91.960887115,-0.039004995438933786,0.010258894191329486,0.9991863516986107
91.961179894,-0.04212268195364559,0.013641766866672485,0.9990193100545091
91.969794112,-0.0442508936952519,0.01603571617253181,0.998891742990203
91.978863263,-0.04342062806505797,0.007386601098915872,0.9990295727267744
91.988933524,-0.04419732911551874,0.006078213865061541,0.9990043300282863
91.99999534,-0.04139036733599244,0.0036384671910244,0.9991364266446757
92.008743893,-0.04912986699735206,0.003693659483135493,0.9987855691030209
92.019625691,-0.053621419751666274,0.002260256701779709,0.9985587787323577
92.029485388,-0.04884525873456515,0.004500750953901554,0.9987962174237569
92.039121122,-0.04802385869834364,0.0026532341855038683,0.9988426649598416
92.050060041,-0.04831857909879226,0.005239676849311148,0.9988182320624652
92.058617697,-0.049271326053500694,0.004853901072824533,0.9987736360523863
92.069056796,-0.04852583462218405,0.006650138642735497,0.9987997892622189
92.081254724,-0.04869531313442286,0.006703330547278711,0.9987911853026711
92.088587233,-0.051164688174870486,0.009278288369916789,0.9986471288943323
92.101897431,-0.05192225295247003,0.001351154889476617,0.9986502160560545
92.109451886,-0.06274221244142715,-0.005371333324943748,0.9980153122854716
92.119667668,-0.05215231805420572,-0.008187691433780843,0.99860557650684
92.129983298,-0.050586902582222135,-0.005619842685768854,0.9987038513269706
92.139872479,-0.06387361183752696,-0.0030826751862286306,0.9979532347883469
92.15013932,-0.06710658570583962,-0.006337509878136026,0.9977256848069259
92.160415653,-0.06567089613129902,-0.002211035474217743,0.9978388871573627
92.169948502,-0.06499797122732788,-0.003943954020042881,0.9978776021952889
92.184035979,-0.0636182204131362,-0.002564600538054111,0.9979710140357513
92.189545582,-0.05951019575555203,-0.0005310892793476396,0.9982275564946668
92.199074422,-0.0590315470232086,-0.0014962532112791894,0.9982549963222697
92.208814849,-0.05865852551546697,-0.002528894423797233,0.9982749030589443
92.218988271,-0.05713920317296981,-0.0037581892396417915,0.998359147538799
92.230472749,-0.05677451435137029,-0.004829592055005005,0.998375345028486
92.239087342,-0.05602413651495958,-0.0061267579173343665,0.9984106164124937
92.248915014,-0.05717266664248327,-0.005940952984790184,0.9983466288151726
92.258808393,-0.060646674408933,-0.007689103328607449,0.9981296802385645
92.268947196,-0.06228707227971455,-0.007094272311891022,0.9980330615401407
92.280498426,-0.05988866784054247,-0.0033038783993515953,0.9981995951971767
92.288885023,-0.05839648599489078,-0.004636523682999352,0.9982827019795473
92.30606708,-0.05811189230507612,-0.00454848124594834,0.9982997141595698
92.308606639,-0.05787165721279851,-0.004340943446018127,0.9983145934531075
92.31939544,-0.05749370186829552,-0.004216398409796861,0.9983369652727127
92.331171244,-0.05756744166545431,-0.004147940876066825,0.9983330026832645
92.338812607,-0.05754130221957148,-0.004018075230879784,0.9983350407605229
92.349160837,-0.05782502259603627,-0.0034711317573015332,0.9983206989770829
92.358995195,-0.057624125356917806,-0.004214379773804431,0.9983294542283987
92.368775181,-0.057576441405733834,-0.0042081189784922085,0.9983322318395391
92.388738081,-0.05762864141799842,-0.003979488344687496,0.9983301574934168
92.389006159,-0.05795382047662392,-0.003921061289910184,0.9983115645781752
92.399964701,-0.05781647643281462,-0.003274795482350497,0.9983218573022644
92.40903709,-0.05748413076494522,-0.003294596361678595,0.9983409840054711
92.419044213,-0.0570538644960365,-0.0036357236754796453,0.9983644815694435
92.429808365,-0.05710855843833878,-0.004027885318407485,0.9983598492993179
92.439202784,-0.05730099827878469,-0.0037433760663029697,0.9983499300004389
92.450023369,-0.05709319655992823,-0.0036618676853157435,0.9983621375190591
92.458928683,-0.05708321342079399,-0.0034227202917003767,0.9983635568926587
92.469738818,-0.05716839862218401,-0.002926283714378723,0.9983602611595666
92.479361603,-0.05697138561488385,-0.0027251874984696523,0.9983720922452805
92.489316238,-0.05667960910434765,-0.003044054059112427,0.9983877781937556
92.504041476,-0.0563933564403724,-0.0029586505750545627,0.9984042446505142
92.508729068,-0.05627855519869889,-0.002744580948912652,0.998411333819965
92.51897035,-0.0567162246142805,-0.0016932227331045455,0.998388903615359
92.533229515,-0.05655976494549234,-0.0019648565110116437,0.9983972818113048
92.539295723,-0.05715172314727016,-0.0015196689958388318,0.9983643478948158
92.55034285,-0.05655939028251566,-0.0019969036533121383,0.9983972394526487
92.558700993,-0.05657687152742606,-0.0014148401986771033,0.9983972435034972
92.570536841,-0.056532096190060076,-0.0013419651445082453,0.998399880423625
92.580844766,-0.0565557648783013,-0.0010088056153900015,0.998398932176042
92.589125774,-0.05641837245427797,-0.0011906239331099036,0.9984065052193223
92.599476527,-0.05633248761247278,-0.0008771119903131239,0.9984116793757709
92.610473536,-0.05637603411548217,-5.194027082794292e-05,0.9984096053622573
92.618997338,-0.05628574691468117,-0.0008153508906001169,0.9984143678339077
92.629984596,-0.056572421660797165,-0.0005108153503118496,0.9983983674741815
92.6405505,-0.05631188514845288,-0.0007989763306298758,0.998412907182119
92.649627821,-0.05653353857211843,-0.00017253506217276477,0.998400685721002
92.659299092,-0.056315106594045206,-0.0005798679054819617,0.998412876781201
92.669234771,-0.05673848703396342,-0.0007416052089399459,0.9983887990711889
92.679522893,-0.05748203971988806,0.000198912277717146,0.9983465207749997
92.689294373,-0.05744117790172205,0.0002868486364171188,0.9983488512534696
92.716637071,-0.05768397902729622,0.0010948836602518665,0.9983342926061135
92.716930981,-0.058270663732296175,0.0014917130392451555,0.9982997067716721
92.719623844,-0.057406293627347844,0.0004987263265916861,0.9983507743894536
92.729486799,-0.0589423616236484,0.002025923947595054,0.9982593318563997
92.740768066,-0.05878208692141797,0.0025614620037698148,0.9982675518965677
92.749069937,-0.05900471189038303,0.0031005168432730137,0.9982528891869222
92.758714528,-0.05966361238970259,0.0037565826212129505,0.9982114713043632
92.771454579,-0.060801873168702315,0.005238046839075048,0.9981361105002107
92.779526742,-0.06160228069675076,0.0067842903099526244,0.9980777186261344
92.788718377,-0.061831215345586624,0.006677354999774913,0.9980642833701118
92.800081396,-0.0616949151413725,0.005948468423005428,0.9980773282512331
92.809712954,-0.061290633241824585,0.004566335305843553,0.9981095164653481
92.818844834,-0.06311659229001508,0.006287755850651112,0.9979863525640311
92.831269164,-0.06305496277425242,0.005577706403022981,0.9979944693538234
92.838951764,-0.06338687971077443,0.005816805113192667,0.9979720778953723
92.849368923,-0.06364927973225125,0.0063929078298870234,0.9979518525054424
92.861967818,-0.06347974301059825,0.006061643754195416,0.997964718165079
92.86903841,-0.06385452409643207,0.007560676153115298,0.997930576707882
92.879596777,-0.0643284276056919,0.009172859738462647,0.9978866228414919
92.888802735,-0.06523796920454317,0.009741089151005107,0.997822187845219
92.899066951,-0.06522264936455885,0.010492573039915843,0.9978155700934265
92.912706482,-0.0648678224435084,0.008168888441709245,0.997860428553545
92.920545992,-0.06678113108448375,0.010790806889345762,0.9977092958461166
92.928894793,-0.06512307257693122,0.008545973345003142,0.9978406444707122
92.93902396,-0.06736539425186094,0.011291357424795487,0.9976644771188342
92.94880351,-0.06639500182032278,0.00885527154272199,0.9977541219655192
92.959007386,-0.06598962135242922,0.008847745997950358,0.9977810818333442
92.970508339,-0.06602326095633404,0.008906405868657626,0.9977783345749669
92.983519331,-0.06589293256037694,0.008716663292476836,0.9977886255212771
92.989040407,-0.0655425354566539,0.00887668344081024,0.9978102928598226
93.001002182,-0.06510345988567372,0.00877799628644137,0.9978399101519791
93.008846054,-0.06546126404892705,0.009265578637018677,0.9978120925112292
93.019917731,-0.06590085684170116,0.009400553697690276,0.9977818933302541
93.029487051,-0.06588349630999833,0.008190019891846706,0.9977937103871429
93.038883851,-0.06580322432269403,0.007928646515035234,0.9978011185768318
93.049668147,-0.06546217563791087,0.007925073236629339,0.9978235799854329
93.05923271,-0.06379947337088268,0.00711446796876992,0.9979373785679737
93.068744171,-0.06339445065505814,0.004840982713036993,0.9979768076025192
93.081261138,-0.06306117180021457,0.004897341424415861,0.9979976476215545
93.08873371,-0.06302691925802112,0.005824506228702817,0.9979948309365307
93.100250754,-0.06304622832319817,0.005096635790664416,0.9979975938837912
93.108733382,-0.0650960612267874,0.009443216996392858,0.9978343191459781
93.120205483,-0.06371066812611839,0.008863404500511625,0.9979290509989094
93.129330551,-0.06306615895672314,0.008651078247727793,0.997971852528716
93.138787589,-0.062387718494362976,0.008577638014737482,0.9980151284961348
93.148822937,-0.06267931998116935,0.008796817011786343,0.9979949493144539
93.159600245,-0.062389653592128794,0.006651736856779947,0.9980297017230711
93.169058245,-0.0689377441921096,0.007456380665454592,0.9975930983186858
93.248835301,-0.07046728334238908,0.006855543621589507,0.9974905330377808
93.249523383,-0.06999624409344544,0.008472709530757771,0.9975112726210257
93.249820895,-0.07395883849375329,0.011011846410549747,0.9972004961126351
93.250061094,-0.07101058958787988,0.011691867877021084,0.9974070364660197
93.250311415,-0.06950208662199964,0.011794246454202614,0.9975120829873518
93.250624313,-0.06774902695518135,0.010805930020886628,0.9976438749488766
93.250880487,-0.06656053221098489,0.009407178828507206,0.9977380420422381
93.251131133,-0.06658326271784722,0.013196251077636344,0.9976936043111342
93.259179377,-0.06497523115878313,0.012131911151640124,0.9978131268266975
93.269375396,-0.06589845624112287,0.01250404020400214,0.9977479854370107
93.280156595,-0.06656392405326436,0.009758293005787183,0.9977344434929791
93.289047013,-0.06810417338092514,0.012605862650849314,0.9975985734727817
93.301773328,-0.07007597672013591,0.015224675785124703,0.9974254692627199
93.30874607,-0.07256033161706392,0.012934639891893845,0.9972801478854821
93.321817376,-0.07024858424309777,0.0137599435362953,0.9974346095688271
93.330924236,-0.07337399708336254,0.013644086525304237,0.9972111589101382
93.338831154,-0.06655402240240628,0.010657325033336402,0.9977259060108612
93.351536634,-0.06654477151776653,0.007731698146379633,0.9977534836959586
93.360039448,-0.06844112936119395,0.01168241326021169,0.9975867546395062
93.369184124,-0.07267533125427879,0.015018827706119087,0.9972425637934911
93.380017258,-0.07235809407477649,0.015849008134853515,0.9972527839835832
93.389136241,-0.06756592016077473,0.008348314462143902,0.9976798845714336
93.399866549,-0.07060974810856642,0.011646231711356269,0.9974360274017429
93.408975927,-0.07128612110149248,0.015150450789264556,0.997340840825836
93.418857926,-0.07411671595051693,0.017375009379655595,0.9970982005127516
93.429486678,-0.07485634749779173,0.017230193179784577,0.9970454591854261
93.439184046,-0.07547215669490656,0.01956289284027066,0.9969559903965369
93.449772251,-0.0762906254167098,0.01155830004177851,0.9970186287997188
93.459250079,-0.06845381711521464,0.007276636305157298,0.997627748955711
93.469219514,-0.07136300369884611,0.010835212432481246,0.9973915579523528
93.479741912,-0.07253198251522368,0.01475935115458951,0.9972568741632754
93.488849914,-0.07749097840759472,0.019904696530662885,0.9967943375247754
93.500501626,-0.07759835495085614,0.020094614412396537,0.9967821736871793
93.509016483,-0.07319149474520326,0.012468252135972788,0.9972399649962073
93.521956792,-0.07473439800013193,0.01204841919650649,0.997130686194354
93.539041804,-0.07690222220975704,0.01923414804527651,0.9968530963828993
93.539328424,-0.07792897281110556,0.019676022251999374,0.996764731190337
93.549607528,-0.08229982310348548,0.028788908980870706,0.9961917174102716
93.55909793,-0.07809493942988864,0.0188972216204177,0.9967668109695822
93.569269281,-0.07731963341806491,0.020933225084051474,0.9967865741349433
93.579880021,-0.08423997744516076,0.01628620804843392,0.9963123935932154
93.588925801,-0.07907873174218678,0.02142535516302416,0.9966381029953579
93.599185123,-0.07962239679463318,0.02412334568922262,0.9965331595694327
93.609351599,-0.07864518775351975,0.020298940675957465,0.9966959854693144
93.619203782,-0.07841298620244844,0.02085073334740875,0.9967028897889731
93.630398772,-0.07465869389490076,0.01493229503469341,0.9970973402787233
93.638873551,-0.07602760077528545,0.015651514551161084,0.9969828654558756
93.649120194,-0.08087721585850356,0.024813757049917118,0.9964151511373384
93.659181292,-0.07780250916880406,0.01668546221341297,0.9968291553309238
93.66890263,-0.07729841137209154,0.01591405736042359,0.9968809850617475
93.679720913,-0.07846313658856567,0.013829448547913771,0.9968210885357235
93.689546325,-0.08052968222899273,0.018362621261553316,0.9965830544518116
93.699343184,-0.08216408205909119,0.02022310397663814,0.9964136137593349
93.709158323,-0.07413742450998465,0.016983665196412256,0.9971034035663114
93.744825137,-0.07746670591588531,0.0183787486758863,0.9968255268960814
93.74511899,-0.07922036818610591,0.01654346828251594,0.9967198437483038
93.74537317,-0.08278302602735875,0.023846614806873657,0.9962822439268936
93.749900021,-0.08417708420336975,0.021021908590633794,0.9962290388531273
93.759410246,-0.09136763655396848,0.01521052473945706,0.9957010570084237
93.769134355,-0.08960590355980574,0.012270041646413259,0.9959017160971388
93.800678229,-0.08658599435028351,0.013728343211368134,0.9961497870175166
93.801651303,-0.08483394925558074,0.012405366951448692,0.9963178749397712
93.807679283,-0.07955691555442884,0.011045063295130454,0.9967691326301552
93.808709976,-0.07987553528609397,0.014394988002281209,0.9967008995597296
93.819597735,-0.07671181580942205,0.014836150372279942,0.9969429201099492
93.830983325,-0.08329168785667676,0.011012398598349245,0.9964643605323259
93.838943352,-0.07421485659992408,0.01215839407588246,0.9971681545824398
93.849269464,-0.0790026709751328,0.0003621750996762747,0.9968743385241653
93.859010236,-0.07726898250175322,1.561063896958014e-05,0.9970102828453936
93.869069682,-0.07028906279869254,0.004965593420424797,0.997514305928925
93.880690175,-0.06781978176840119,0.010209881161248432,0.9976453455650257
93.889803041,-0.06058733721771718,0.003785547555392082,0.9981557214175414
93.934292458,-0.06367865075586109,0.0028613565459512658,0.997966353178618
93.934540552,-0.0518217113101307,0.003026376161361664,0.9986517667756961
93.934914534,-0.053586139170186356,-0.008415379108289298,0.9985277698107836
93.935267976,-0.051536275407561,-0.011063545352176372,0.99860983886669
93.939013322,-0.03657907271020608,-0.005409932157915885,0.999316118189689
93.949066978,-0.02837208239674325,-0.01287673712439921,0.9995144894304944
93.959196679,-0.026791550652386777,-0.011941420162214758,0.9995697150765175
93.970192562,-0.01661854904414335,-0.011441151530881483,0.9997964412215693
93.978998206,-0.008377607336034728,-0.01711781772504582,0.9998183815131904
93.98899913,0.0006069629781368148,-0.024279453913573293,0.9997050263520744
94.001896283,-0.010788667485062405,-0.024597991306617918,0.9996392066528685
94.009231717,-0.006512085989023052,-0.01848117813170659,0.999808000963653
94.01996804,0.0036346698742877855,-0.023523286919510826,0.9997166819391419
94.029945122,0.01190483622226029,-0.029652555002166427,0.999489370056713
94.039725611,0.029634311098720237,-0.035678144954328375,0.9989238597502426
94.050418199,0.04157514439876664,-0.039597355495929076,0.998350417842328
94.060082215,0.04172325050440515,-0.04986614299561402,0.9978840304113938
94.069269148,0.04573880825086312,-0.05662173101547694,0.9973474524941656
94.081354949,0.05024149149556721,-0.06082001947345265,0.9968835026037646
94.089346958,0.06461954130656972,-0.04721543572447783,0.9967923642919203
94.104244755,0.06478895545796574,-0.05339651996914691,0.9964693687745
94.109900704,0.07782490798194364,-0.054340618770745946,0.9954849978021841
94.1190006,0.07366450587914025,-0.0646808436858193,0.9951833645282023
94.129740869,0.07910152841078535,-0.06256086469654111,0.9949015460896112
94.140651283,0.0721038201868054,-0.04907904696869512,0.9961888808168428
94.1494917,0.067338561021641,-0.05000737665806083,0.996476181591569
94.15962626,0.06793459629123985,-0.04295394266580056,0.996764691106286
94.169240389,0.06197399016812367,-0.034297537580477204,0.9974882974043139
94.182800645,0.06437938403336396,-0.03598466276658601,0.9972764907271504
94.190148011,0.06376235923167094,-0.05457242390757093,0.9964718822395663
94.199300525,0.07201812142824761,-0.043753672194054787,0.9964431776852514
94.209034992,0.06874159837418885,-0.04967265434720298,0.9963971196581536
94.219204691,0.07278112557767118,-0.045671471643336785,0.9963016734090029
94.229829549,0.0690270327415842,-0.038563170458474974,0.9968691742827055
94.238981348,0.06912133859713018,-0.044599722858418796,0.9966108093290446
94.248768684,0.06921875256532668,-0.05421496522052711,0.9961272518305265
94.258963154,0.06375639908602561,-0.04724819426980357,0.9968463922359485
94.268967143,0.06241686231874196,-0.04351220621782298,0.9971012101127653
94.282594269,0.05548183819455045,-0.0358217709129249,0.9978169002172773
94.288698354,0.05999628460035734,-0.0261197373021582,0.9978568059383166
94.299622137,0.06302297076787579,-0.029085009878396056,0.9975881752286186
94.309024465,0.05895419936269598,-0.04201045227824512,0.9973763202908322
94.318785247,0.06266665222642136,-0.045221615237658205,0.9970094764915879
94.370623838,0.06268167342104622,-0.03512172939190734,0.9974153958816051
94.371011333,0.060690711787905714,-0.03592573775575127,0.9975098891085654
94.371499682,0.05270473865435938,-0.027264133570495393,0.9982378862495783
94.371915021,0.054150128414129466,-0.022289372691200147,0.9982840014032911
94.372559046,0.054405503426080186,-0.026550842621790645,0.9981658649508245
94.380093166,0.0517852319373045,-0.02502135778573912,0.9983447407623068
94.389009729,0.04738728553424219,-0.022152745517557516,0.9986309133186948
94.399246172,0.04787277027823444,-0.025451881116307522,0.9985291180599235
94.408916993,0.04747811459567252,-0.025632066658473736,0.998543351984908
94.41946245,0.04421337811123637,-0.03045495017550695,0.9985577966276167
94.430033565,0.042294032109611246,-0.02442019748866331,0.998806722445602
94.439072944,0.04084274664819235,-0.02503401469542671,0.9988519250391725
94.449249785,0.038381755437403235,-0.02323295180406632,0.9989930284041092
94.459181261,0.034081899823710377,-0.0234974609084535,0.9991427793039704
94.469115986,0.024430085444870787,-0.022370018968675017,0.9994512260118038
94.479738616,0.018124235258979868,-0.021738172371222542,0.9995994017396351
94.488948547,0.011000393195698685,-0.01933431775088486,0.9997525571393394
94.500586702,0.012113737148979602,-0.01134516184488537,0.9998622628517385
94.508625551,0.0037606820340895745,-0.015200390632847005,0.9998773951816531
94.519187825,-0.002813267210021515,-0.02004311916909271,0.9997951584707632
94.529617185,-0.0021692938572528543,-0.03019105835806708,0.9995417921024518
94.538820345,-0.0007031824533615231,-0.03274066760191359,0.9994636332650721
94.550426105,-0.007679454060631747,-0.0275252385664352,0.9995916102224905
94.559146953,-0.012753746337843376,-0.01808874985534082,0.9997550395386967
94.570223041,-0.012746204396271481,-0.02499553483093044,0.999606301256652
94.579922547,-0.015338996696435118,-0.015107917078498888,0.9997682061467529
94.588811551,-0.01936519534900206,-0.006101243892883201,0.9997938607693361
94.602100703,-0.027180437742210795,-0.0026186278232915726,0.9996271137741638
94.609698763,-0.02517101758479494,-0.019115029681536253,0.9995003929534094
94.619070653,-0.029381091423970378,-0.013031924385927532,0.9994833267311345
94.648610353,-0.028169247744970753,-0.005877813289735753,0.999585886651274
94.648885011,-0.036653060600304425,-0.010701954894968595,0.9992707447484173
94.649300569,-0.02821751436052437,-0.0014540730320110583,0.9996007490768158
94.659361826,-0.028542699140557782,-0.0022061540924427155,0.9995901396121774
94.668964885,-0.04072674405595865,-0.006094992205787457,0.9991517319149339
94.679594324,-0.04582171481464133,-0.00976385197132516,0.9989019159287502
94.689021832,-0.04545573891670443,-0.009543544257234983,0.9989207659081609
94.699988851,-0.04791539998336784,-0.008556495571086738,0.9988147480028394
94.708706365,-0.05474587270489746,-0.011015723090085106,0.9984395541376463
94.744442112,-0.05483247538144167,-0.00991429588410101,0.9984463462703772
94.744965875,-0.05694283940222019,-0.009184982758962153,0.9983351887680463
94.745267034,-0.05856579175640048,-0.007598316725252255,0.9982546336576098
94.750645783,-0.05949638900418896,-0.002128912123745311,0.9982262506208859
94.768901049,-0.04104029242998724,-0.0006529756216719363,0.9991572789206405
94.769235737,-0.05191300668486318,-0.002756932919883534,0.9986478053136715
94.780803045,-0.052914246968540385,-0.001851160723843223,0.9985973441140963
94.790113953,-0.053969058301814934,0.0006853552310282706,0.998542373179137
94.802314066,-0.06119675998830605,-0.011677677674522812,0.9980574073724735
94.808675833,-0.06532524446861476,-0.01436786210838246,0.9977605809880196
94.818961943,-0.06353677852855087,-0.005607710451541493,0.9979637425065631
94.833810853,-0.0680484872130749,0.0008104497624685725,0.997681685989672
94.838650623,-0.06700505011011433,0.0002655155421961357,0.9977526009794403
94.849652319,-0.06698189567440806,-0.004414233042369382,0.9977444262928811
94.858728524,-0.0666003000445801,-0.002006908947378542,0.9977777169041453
94.869946356,-0.07290174991025344,0.004071523720396412,0.9973308165070491
94.880563513,-0.07259497390431385,0.0057218888386694295,0.9973450906040247
94.889177985,-0.07430664374277897,0.006776199291512237,0.9972124176016088
94.901097715,-0.07621957959191947,0.0026546874938364546,0.9970875228991392
94.908976478,-0.060400666760372076,0.008339147406466815,0.9981393780807548
94.918791168,-0.06492367693860801,-0.008597978908627932,0.9978531910714411
94.929037292,-0.0654798561899473,-0.010262134903405032,0.9978011209758026
94.939046587,-0.06918214837773537,-0.006442273983064914,0.9975832433695787
94.950128821,-0.0674157982408783,-0.008008691424524438,0.9976928239739985
94.960458432,-0.06684072861152396,-0.009681786884921712,0.9977166832329685
94.970509979,-0.06659381379301156,-0.010457920425125295,0.9977253609410174
94.979511373,-0.06762139109843401,-0.011123106393614805,0.9976490484985535
94.98896025,-0.06899416344230036,-0.009449296349004844,0.9975723112684141
95.003085896,-0.07036332235590004,0.00020634254829140502,0.9975214084368278
95.009678324,-0.07050433333535958,0.0009899216863184436,0.9975109819124758
95.019081161,-0.07159663206541536,-0.0017517342184853032,0.9974321298735656
95.029204128,-0.069499817505178,-0.00047166758692036853,0.9975818527301077
95.038820887,-0.07795663050715242,-0.01602152381895272,0.9968280064958499
95.049950651,-0.07996655433208179,-0.016240046640394943,0.9966652452420383
95.058711597,-0.08029786159669905,-0.012754179271035459,0.9966893118390101
95.070982954,-0.0802297921099675,0.0002268779958044446,0.9967763685924576
95.087335576,-0.08402365762008834,-0.01715276659428341,0.9963161182869141
95.088583147,-0.08505425469441384,-0.01964057616096609,0.99618272496889
95.099257779,-0.0842504251315682,-0.019222316430084457,0.9962591873685341
95.119224483,-0.08549536081012848,-0.017518238493733282,0.9961845484648028
95.119569212,-0.085637441036628,-0.02291999169311372,0.9960627001717742
95.130022473,-0.08651174988123692,-0.025834190016228324,0.9959158155982322
95.138703515,-0.08255710441051009,-0.006885595565157302,0.9965625485061463
95.148954674,-0.07440141455243962,-0.0037043004908017692,0.9972214937868467
95.15949164,-0.07283593437068052,-0.009330872818807531,0.9973002865119358
95.171232232,-0.07683321400309363,-0.01198746789774647,0.996971894207332
95.17989627,-0.07934849191325404,-0.014181181143696356,0.9967460614080509
95.190067087,-0.08163849041893556,-0.016482169715327184,0.9965257121437422
95.200925606,-0.08353243470566901,-0.019051089417805322,0.9963229337640171
95.220812967,-0.08486707587131467,-0.014015812038214037,0.9962936998927385
95.221206027,-0.08685787079391016,-0.011186574025967323,0.9961579045727189
95.232516403,-0.08983321224409016,-0.008832457946281326,0.9959176580744693
95.240757147,-0.09008179021202964,-0.005630394701464174,0.9959184553605288
95.249704227,-0.08918984522507849,-0.007037145610544017,0.9959897841295275
95.259029761,-0.08368785622799493,-0.021046823434174734,0.9962697295126924
95.269248039,-0.0839463007116185,-0.021535139173304085,0.9962375501744657
95.279703126,-0.0968327714056002,-0.01983858010880488,0.9951029319227118
95.288757713,-0.10148695146868784,-0.013932072998277928,0.9947393105852221
95.299595203,-0.10066660417549574,-0.024852730723802542,0.9946097609511704
95.308722769,-0.10082825163356811,-0.020844902921725604,0.9946854546512187
95.321088889,-0.09980140528609341,-0.008034397990920207,0.9949749383536474
95.330927956,-0.09386380415426497,-0.01249993178072275,0.9955065735469389
95.338865974,-0.0976319703926726,-0.015152254667252377,0.995107234189232
95.351831498,-0.0966428801858005,-0.007689136122918917,0.99528942066872
95.359821025,-0.09294630827119536,-0.009962036715474895,0.9956212842257017
95.36948832,-0.09749133408343222,-0.008908273716065368,0.9951965044341908
95.429792839,-0.10728105326960859,-0.005928216317944852,0.9942110600172637
95.430581428,-0.11265740929423299,-0.02077625445704258,0.9934166574916329
95.430910862,-0.11331849195488637,-0.02583302173352671,0.9932228221145472
95.431157506,-0.10679093917660311,-0.01303487118405883,0.9941960508083877
95.431460054,-0.11006577861520958,-0.015044018045859114,0.9938104456579553
95.431874479,-0.11048021864335333,-0.01959722997469377,0.9936850959261874
95.439032921,-0.11166866744324305,-0.023573650435923084,0.9934658482889965
95.449064139,-0.11018534540866703,-0.021825323416270425,0.9936713968485498
95.45886155,-0.1079192796863422,-0.020833401981545797,0.9939413455701783
95.476297169,-0.10696473387674098,-0.019836275214291432,0.9940649213669603
95.48064929,-0.10692812161807128,-0.019882850720909024,0.9940679297987844
95.490091911,-0.10827964023166652,-0.02026048835393171,0.9939139963412132
95.499336667,-0.10884061677030873,-0.021131238570470914,0.9938345893042446
95.508994991,-0.10993681411555502,-0.02206023761473085,0.9936937369323124
95.520614111,-0.10918662856946564,-0.021703684048544523,0.9937842976422775
95.529431228,-0.10865706258229939,-0.023395859942851312,0.9938039426811109
95.572492493,-0.1098279916806277,-0.02460622216235663,0.9936459862920479
95.572862133,-0.10934671745124233,-0.024053455087573377,0.993712597626189
95.573118225,-0.11082582313962965,-0.023656174881013053,0.9935582631710245
95.573371725,-0.11144250730867247,-0.024767376411220954,0.993462200906739
95.582928309,-0.10623891665830203,-0.029330471875163116,0.9939079514758148
95.588897947,-0.10771577620926627,-0.028263186961919432,0.9937799071315494
95.599227264,-0.11269871550025096,-0.01649172535494087,0.993492336417051
95.608806288,-0.10593763101838177,-0.018695027672761017,0.9941970198479414
95.618888771,-0.1045837818019326,-0.014167323688461244,0.9944151645683568
95.62963808,-0.10810273324101459,-0.013866275522955282,0.9940430199286867
95.638745341,-0.10948170641073676,-0.012136615876976864,0.9939147139047937
95.688939823,-0.11580903019758909,-0.0051597745680849435,0.9932580959907151
95.689751634,-0.11528754409603602,0.0005118358907508989,0.9933320291827531
95.690036155,-0.11605342811736072,0.0019788246884807708,0.9932410010038152
95.690401075,-0.11955276125674313,0.0028141263175053563,0.9928238604953838
95.690668655,-0.10922518135567744,-0.01832934742851098,0.9938480239858932
95.698797925,-0.11206640965135663,-0.021024417070458164,0.9934782804443697
95.70878751,-0.1137306449396272,-0.022788656568697534,0.9932502290628533
95.71896618,-0.11036175419112552,-0.03318210412769096,0.9933374206066723
95.729580092,-0.11318845882720552,-0.02804808747547682,0.9931775659857054
95.738870906,-0.11407384952743382,-0.03407339024563645,0.9928877886907266
95.751088605,-0.11630991498111094,-0.03276138001681209,0.9926725017126649
95.758708917,-0.11390127294737526,-0.03556503953699796,0.9928552905553252
95.773427435,-0.11252851234816923,-0.03161076574711006,0.9931455549906012
95.869224737,-0.11470727222111926,-0.01823394833408502,0.9932319793621932
95.872828218,-0.11191645916544561,-0.018636738379483025,0.993542841628102
95.873500407,-0.11842002754674631,-0.013225397113137966,0.9928755138218627
95.873922867,-0.11824228883611772,-0.014232036675287916,0.9928827777048352
95.874676386,-0.11848397189394368,-0.015223787853494403,0.9928392542036334
95.87503443,-0.11811288192928304,-0.020704121426736877,0.9927843101491413
95.876065271,-0.11940591955383059,-0.021972852630869642,0.9926023474296071
95.87679101,-0.12477464746823959,-0.009056250885490901,0.9921437757044469
95.877249048,-0.1263907488341857,-0.004244973801229183,0.9919714506005507
95.877588373,-0.12797312989690945,-0.0032415731528555405,0.9917723379021434
95.882561921,-0.12871634435056806,-0.006383892830325453,0.9916609040439969
95.890245639,-0.1330715062771194,-0.01653482712282903,0.9909685028845049
95.900567734,-0.1362588825232776,-0.03424802717298275,0.9900811025205289
95.909101699,-0.13053596871959977,-0.03718331160347229,0.9907460634333275
95.918887582,-0.13092963665658172,-0.03307953811906583,0.9908396310214912
95.929152988,-0.13094060983198516,-0.03458031775664576,0.9907869389130427
95.939397802,-0.13208378661046,-0.03735394182604534,0.9905344801392322
95.948646982,-0.1329259498628433,-0.03601171446355049,0.9904715282502858
95.958822475,-0.13169539118438658,-0.03819758264977377,0.9905540210511011
95.970658748,-0.1313917420485433,-0.03987504757552883,0.990528238215498
95.979016607,-0.131509394796763,-0.03909395226717566,0.9905437607578581
95.989853335,-0.13163540317196326,-0.036723031933167324,0.990617756532453
95.999301863,-0.13269059204504088,-0.038250201771592135,0.9904191682551227
96.008946433,-0.13256483463427596,-0.038032476348723795,0.9904443928667428
96.019157145,-0.13314871049074453,-0.03709158560910025,0.9904017544267855
96.029062215,-0.13306839924053213,-0.037552866762591064,0.9903951652353084
96.039337423,-0.13357663286643948,-0.03834323047964404,0.9902964605755438
96.049674753,-0.13400378110405994,-0.03891101944933134,0.9902166021710751
96.058743984,-0.13397633351573338,-0.038382163010157656,0.9902409563436279
96.06923974,-0.13563223386510276,-0.03678375740632298,0.9900761851129614
96.081081508,-0.13616431173775861,-0.038481710011472256,0.9899386032495023
96.088870843,-0.13369996736554524,-0.03834503578879874,0.9902797468174374
96.104143052,-0.13261371385404253,-0.03817239850777255,0.9904324665972951
96.110423927,-0.13277347898035866,-0.03882854043374039,0.9903855550881372
96.118783568,-0.13231584631226956,-0.037870635833290235,0.9904838876812941
96.129552883,-0.13295640674475384,-0.03640118281082672,0.9904532032334978
96.138729766,-0.13290263927041776,-0.03597652950960567,0.990475934992568
96.149038663,-0.13268144589447783,-0.038547995751102494,0.9904088478698703
96.159241584,-0.13241390040203788,-0.03838016732221883,0.9904511707987617
96.168756947,-0.13257875265020674,-0.03711723022777621,0.9904772514126376
96.179760751,-0.13284746851384396,-0.03904711962620015,0.9903670393133853
96.189290581,-0.13353294052119483,-0.03938555789232978,0.9902614460965715
96.257801992,-0.13192962144981848,-0.03956393038142997,0.9904692172888974
96.258228255,-0.13451609743102177,-0.03828193205097413,0.9901716584564378
96.258689355,-0.1381690558579975,-0.01802100785781871,0.9902446946482967
96.258981377,-0.13220658616523553,-0.013704711614813112,0.9911274385537358
96.259303183,-0.1323211929629984,-0.01121063361619305,0.9911434929346874
96.259706574,-0.13347087351852277,-0.01700924313314436,0.9909067622991783
96.259999626,-0.13201049064397838,-0.017106166141594856,0.9911007060031147
96.269768331,-0.1197786246079453,-0.011574122130788164,0.9927331568875548
96.283335714,-0.12324918156915168,-0.01672117603253264,0.9922348721520643
96.289093861,-0.12549428729445408,-0.016779272275226076,0.9919524383146456
96.301527789,-0.139283726671121,-0.04733788639700359,0.9891204011626031
96.309105971,-0.13815072828845282,-0.03694800142772778,0.9897217899308205
96.320055401,-0.1420697412116271,-0.02968834923404904,0.9894113353665495
96.331757431,-0.14334842016982222,-0.028795211767090975,0.9892532871889305
96.338898883,-0.14198839400799756,-0.03596864881341147,0.989214613857664
96.348900416,-0.13861498778714834,-0.04068289240477027,0.9895103776243838
96.359674159,-0.14078809792392857,-0.03810930355320505,0.989306015581454
96.36891395,-0.14137718836185495,-0.03474742446809633,0.9893457975368021
96.380140845,-0.14030605063865453,-0.03136251954568238,0.98961134013406
96.389191519,-0.13767722144581745,-0.027071025612546335,0.9901071367621002
96.399044311,-0.133930579394875,-0.028059399937244267,0.9905933928601154
96.409556121,-0.12853268035582074,-0.04368899484381791,0.9907424598805108
96.418966238,-0.13019195177341655,-0.032292989516550866,0.9909627735296177
96.429618412,-0.1334826783200919,-0.041569199764600134,0.9901789617131974
96.439438019,-0.13441920233120674,-0.047210176506147714,0.9897993116177141
96.468651899,-0.13448571450273603,-0.040773459355924656,0.9900763190819379
96.46948213,-0.13594773760539644,-0.04096563138874796,0.9898686931532361
96.469746342,-0.1232740041177226,-0.0287747018609593,0.9919554105107732
96.479789338,-0.13766085239131706,-0.01929891054546757,0.9902913923541162
96.488982636,-0.13857382708613336,-0.03249346291199658,0.9898189073334017
96.499836016,-0.13658443957565156,-0.03097914422171026,0.9901439205939183
96.508748124,-0.13310018460805845,-0.03162077733385655,0.9905980351777928
96.519619175,-0.13304494354415328,-0.03130125275392506,0.9906156038410501
96.531820075,-0.13681794095277514,-0.030853842307360203,0.9901155949929865
96.538982186,-0.13926722491220597,-0.029058755293044962,0.9898283835120472
96.550047114,-0.14642315313107754,-0.04346466732499062,0.9882667063710491
96.559629664,-0.14532268030958856,-0.04061657042678709,0.9885502581024411
96.568833176,-0.13639946702866088,-0.03222052754513865,0.9901298010862063
96.580358282,-0.13360864043553558,-0.03229586618269223,0.9905078032143299
96.588768049,-0.13251619118778063,-0.023074137147004178,0.9909122278325184
96.598983244,-0.13884492168757248,-0.02327089214463477,0.9900406826491347
96.609979992,-0.13397593314910614,-0.032934055920947676,0.9904371748361539
96.619150995,-0.13847889803522714,-0.03371566058945035,0.9897913158994507
96.629493002,-0.13779778936311102,-0.0400987034940905,0.9896483533178504
96.63880853,-0.13912701123848997,-0.0459667708084171,0.9892071222576652
96.64898736,-0.13980338765732578,-0.043844874177627634,0.9892080872131422
96.659017024,-0.14123231312310533,-0.04498590989765517,0.988953842017198
96.668875842,-0.14171634274131947,-0.042642970620007506,0.9889883999606497
96.679576037,-0.1422059190079158,-0.04272185797630424,0.9889147179864229
96.689097069,-0.14379657405251547,-0.04537976516680124,0.9885662457337725
96.698827445,-0.14370482521885697,-0.043755598373750496,0.9886528060040961
96.709328134,-0.14301822413994075,-0.04167261217248756,0.9888423438337273
96.720191302,-0.1446841646809136,-0.03377175793067115,0.9889013908660754
96.730178112,-0.1467940316038459,-0.037148660035698715,0.9884692657554108
96.739399292,-0.15126708162082375,-0.028797110199642748,0.9880733760516314
96.749930869,-0.1531161411163325,-0.026650644058136337,0.9878487690435869
96.759322971,-0.15108170439068436,-0.033815309969814196,0.9879427328595779
96.769648608,-0.14852433444365074,-0.03733861914875255,0.9882035972400298
96.780718288,-0.149679327472055,-0.03508248735583839,0.9881119966929056
96.870541818,-0.1474562348075564,-0.036935797396487426,0.9883786752490488
96.871058765,-0.15219190567846994,-0.03774265480682936,0.9876300500967395
96.871553977,-0.15089753303986778,-0.03983310592710643,0.9877465556480984
96.871918309,-0.14760420108581948,-0.046899576447215326,0.9879339196276687
96.872406161,-0.14996475644467322,-0.05236413563705987,0.9873036863718647
96.872851467,-0.16012255188144586,-0.045188716595936824,0.9860622436090867
96.873190779,-0.15748186305520132,-0.03686024068623106,0.9868337172316397
96.873490901,-0.16451986808005956,-0.03652215698172135,0.9856973902046826
96.873817328,-0.16588434982923553,-0.03146378816895521,0.9856431466386762
96.88196899,-0.1683575404847063,-0.037476636163381545,0.9850133198611164
96.889242058,-0.17305318350816618,-0.04298251128309766,0.9839741355348155
96.899158711,-0.17612580995878316,-0.04541112922447652,0.9833196471183319
96.909213605,-0.19085983158572664,-0.0700621856653379,0.979113790540642
96.919805141,-0.1901474430994468,-0.06825504068337068,0.9793800076089231
96.929073329,-0.19320811348600683,-0.0852706077509488,0.9774454196204319
96.939258526,-0.19314142796909012,-0.09264106702567727,0.9767876030654796
96.948977396,-0.19050143007167394,-0.09303812016487704,0.9772681890539735
96.958971798,-0.18424503961892513,-0.06682406383846078,0.9806060931219701
96.969273626,-0.18355380126218052,-0.07562927747698943,0.9800960230663691
96.979522421,-0.1815576830251298,-0.07931971258933042,0.9801761019986626
96.989174818,-0.1825140883941471,-0.08223307298765672,0.9797583014420751
97.000597553,-0.1830543658749302,-0.08532095794910144,0.9793934006663385
97.00891419,-0.18630666301769605,-0.08836552504508512,0.9785097655612421
97.018882178,-0.18442890433431552,-0.09977723703586944,0.9777681127013357
97.028877564,-0.19020749650979057,-0.10663761621841278,0.9759352063937097
97.039041858,-0.1775185087427691,-0.08969017701371608,0.9800218626137848
97.050382611,-0.19005651478893368,-0.09577082393525052,0.9770908199696932
97.058955626,-0.1917346130274186,-0.09413099553783434,0.9769223069652379
97.069346944,-0.1900971737170338,-0.09103157681343996,0.9775358390195494
97.081206681,-0.19117486775956982,-0.09632902897132502,0.9768177353603653
97.088981796,-0.1935852771724957,-0.09804196835287587,0.9761723786829566
97.101526559,-0.1936178541393422,-0.09912269722354825,0.9760567695854608
97.110311462,-0.19396293790841262,-0.09997070011353491,0.9759017562422699
97.11924623,-0.19467710950309589,-0.09432083072051332,0.9763218751660295
97.129953297,-0.2014012512293721,-0.09373287869555953,0.9750136837268937
97.176559048,-0.2052627078356104,-0.09169390817465473,0.9744020976863972
97.176926431,-0.20605715756775628,-0.0891085995769099,0.9744742712337453
97.177179202,-0.2096586188678927,-0.09232927014586419,0.9734056551144235
97.177453935,-0.2138258218382376,-0.11421644752051618,0.9701716966759005
97.179801314,-0.20813724075929177,-0.09132794269030275,0.9738265224838897
97.189916276,-0.20747910911435533,-0.07950335271634729,0.9750034031673805
97.199083094,-0.2073206328849431,-0.07907191098289845,0.9750721963391733
97.209377503,-0.20765367964040182,-0.0843647754186399,0.9745576093799504
97.251789644,-0.21614379868565495,-0.10109357461153083,0.9711137664877366
97.252043679,-0.2221587002202457,-0.12036834609564799,0.9675520519200244
97.252282594,-0.22356179925097183,-0.138176973554366,0.9648457109274126
97.252538402,-0.2122502699399003,-0.1368844679349784,0.9675807280783332
97.260069514,-0.20186695341900895,-0.1336907143663327,0.9702456008710102
97.269943066,-0.2044346353824675,-0.1092926456914409,0.9727597840442433
97.27998554,-0.20247513229406877,-0.1016002043802596,0.9740026792942558
97.371352307,-0.20684471627147524,-0.10135100412069108,0.9731100848898344
97.372190915,-0.21178212349505873,-0.09991936861933214,0.9721956860337522
97.372445258,-0.21334505015552055,-0.10350032307447019,0.9714790644669697
97.372740252,-0.21954865177530852,-0.10790258833188318,0.9696161203976162
97.373045906,-0.2186082569636776,-0.0910974844139538,0.9715511712312183
97.373306842,-0.21678235427437711,-0.08227450990746459,0.9727467891978596
97.373554808,-0.21386211141690312,-0.07922459413611217,0.9736459628552221
97.373817191,-0.19649531823705726,-0.09998390309517675,0.975393668747533
97.374078145,-0.21163559755860442,-0.10303259740545372,0.9719025968263991
97.38004161,-0.21522073743283243,-0.10326332350060027,0.9710904799237188
97.415240625,-0.21262629479495357,-0.1034208750086186,0.971645090233168
97.417582108,-0.21370352691632646,-0.10368597167812363,0.9713804722459096
97.420633527,-0.21122485334962723,-0.10002267443971517,0.9723062922378705
97.421170033,-0.2085727201751193,-0.08645092001389813,0.974178453276145
97.429528432,-0.2154395400867318,-0.08509233892771578,0.9728027027218974
97.439463469,-0.2220241536389369,-0.08585377705295269,0.9712540368856419
97.448930712,-0.223850587266966,-0.0864148033877233,0.9707849382513595
97.458889162,-0.22620524544464302,-0.09735564838683954,0.9692022826327366
97.469707484,-0.22620197827716934,-0.11772748092729972,0.9669399698316371
97.57714578,-0.22542029094059204,-0.12404091046663275,0.9663330403969782
97.578162511,-0.24585882354518548,-0.12528192891774276,0.9611752583018495
97.578992694,-0.2349645806502088,-0.12574359666816018,0.9638361861524117
97.57950134,-0.220535587040575,-0.12113809088625384,0.9678272665021909
97.579862175,-0.2256319016507041,-0.1270583737650909,0.9658915128593157
97.580123142,-0.22782153559911858,-0.12720148621220137,0.9653585498780579
97.580381799,-0.24077057211349676,-0.11727575424277632,0.9634707722971815
97.580642078,-0.235432549883496,-0.11685234189158988,0.9648404244484194
97.580900321,-0.2330721942625957,-0.11597433324831237,0.965519190016039
97.581158836,-0.2313208087567442,-0.11517511714522473,0.9660359081456079
97.581441607,-0.22826312074279936,-0.09586014005662102,0.9688688152980689
97.652846714,-0.22888052850866586,-0.09969006006824757,0.9683365094806572
97.65379064,-0.2280652965862294,-0.10526322277793843,0.9679389827997616
97.65410063,-0.22511492318537984,-0.10912133656768197,0.9682023576014073
97.654369752,-0.2261656522028057,-0.11200441399620169,0.9676280840328307
97.65463042,-0.22713000032160857,-0.11277954430647634,0.9673121199178317
97.654890446,-0.22875211130039177,-0.11288491621339004,0.9669175079949216
97.655149564,-0.21829995088991874,-0.10857195407756938,0.9698233149544495
97.658989857,-0.21002281328539232,-0.09753901053318222,0.9728188728246883
97.677591674,-0.21854847535378408,-0.0870890420181547,0.9719321286390817
97.679717343,-0.2318572812374031,-0.09309629892037984,0.9682847103329305
97.6891417,-0.22856907026969014,-0.09280435719515698,0.9690941808728619
97.699074507,-0.2246424412160414,-0.09628815370250161,0.9696722977692314
97.709062336,-0.21776910752670042,-0.09221372065697048,0.9716343167723249
97.720187602,-0.226699246350929,-0.09724638076175289,0.9690978243359444
97.729638686,-0.22962097792666444,-0.09306928127348024,0.968820063468568
97.739788883,-0.2277949081897673,-0.09646171142374449,0.9689193041899917
97.749710709,-0.22815076968598894,-0.10564053466732842,0.9678777318064983
97.75936798,-0.22936462392438625,-0.11241560005241914,0.9668270797598086
97.769285967,-0.23076380093724486,-0.11984983852676412,0.965600375094223
97.780184461,-0.2264713108491112,-0.09482102669101064,0.9693914164358729
97.789048142,-0.23422353115276676,-0.08585968002180788,0.9683839387355005
97.799795163,-0.22577240145729752,-0.09052161266218896,0.9699652882352242
97.809031303,-0.23481122087505446,-0.08512895314304748,0.9683061250905807
97.819204704,-0.23307229146369848,-0.10440268149286899,0.9668388630216307
97.830479688,-0.22595546046744497,-0.09930875054274041,0.9690623828993594
97.839048176,-0.22482973053826402,-0.08335269532793754,0.9708264110785509
97.850575631,-0.2181571839828728,-0.06288140990976925,0.9738857075470522
97.863647029,-0.2322732988789787,-0.086585328566119,0.9687889839923727
97.868825744,-0.2306046472929666,-0.10157885988850511,0.9677309708129828
97.880098318,-0.2243621531131711,-0.10135884782294197,0.9692203094335302
97.889845882,-0.22087175495414027,-0.09461992937570537,0.9707021875057329
97.899075694,-0.20907952965262983,-0.09812461157267677,0.9729631600856973
97.909067378,-0.2074344486019377,-0.09906766016441149,0.9732196813889242
97.918961343,-0.2107529726835337,-0.1055521935988329,0.9718240164410058
97.933817993,-0.21858927345413356,-0.10023216671887272,0.970655573458286
97.939336836,-0.2103212790431398,-0.08645696646076065,0.9738019062068325
97.949274619,-0.20865657122862025,-0.07129978938904266,0.9753864748478903
97.95904366,-0.2016431976348795,-0.08693947172772812,0.9755929218189751
97.975274633,-0.20468995436197443,-0.08824234735765392,0.9748411720460438
97.978831557,-0.20176316832156668,-0.08776661511249602,0.9754940518427255
97.989285985,-0.19471163271878766,-0.0850917006908909,0.9771626182767718
98.003572824,-0.19356101880586554,-0.07519155014669696,0.9782026184719462
98.009168427,-0.1980957925289496,-0.07197934348941844,0.9775362044922735
98.019113572,-0.19483282771082533,-0.0827211851609345,0.9773419947857427
98.0290148,-0.18874924479413696,-0.05632872592374135,0.9804084848803845
98.040754826,-0.19179596028105084,-0.0558465204536107,0.979844618178359
98.050848051,-0.18638477867707123,-0.060911688393435054,0.9805868041609372
98.059204527,-0.1923276210950492,-0.08252299378715901,0.9778548162484673
98.071258521,-0.1908149094536192,-0.08479341916126613,0.9779569246123007
98.081266702,-0.1889113629085131,-0.0864837962021817,0.9781784346214691
98.0889509,-0.1792466393667098,-0.08781348363583256,0.9798772547454503
98.103375087,-0.1783620443291788,-0.083258230942643,0.9804361519869703
98.110577639,-0.17524268933654652,-0.08521236617425118,0.9808306951177048
98.118948112,-0.175767177507811,-0.09035478728407016,0.9802764465832015
98.130165413,-0.19045582272456976,-0.07442552739832325,0.9788704819646922
98.139327708,-0.1793623427317336,-0.07463257108881408,0.9809480767820778
98.149523372,-0.15870564173867543,-0.07558880604050155,0.9844281851316969
98.159414851,-0.15543719837012798,-0.07149475350000464,0.9852551839928676
98.168998467,-0.1662919729682623,-0.06704336003121618,0.9837947792106072
98.267114885,-0.17876156034585222,-0.04891772399099585,0.9826756132225206
98.267517823,-0.16068671799434983,-0.06486189476976015,0.9848719273423733
98.267853092,-0.17579953016042965,-0.06774003950866297,0.9820925680620626
98.268156341,-0.17726699927229145,-0.07646684562481625,0.9811876642565316
98.268423653,-0.16941250005554254,-0.07337649736180303,0.9828098974165066
98.268681132,-0.16692356723355978,-0.0766285354452722,0.982987583979338
98.268938596,-0.15581902722974747,-0.07609010876155076,0.9848506110582612
98.269197005,-0.15073447340606227,-0.07275488113250574,0.9858934251725144
98.269461231,-0.1544364761773462,-0.060640037657743506,0.9861400309584798
98.270054986,-0.1488969001293634,-0.073759103113485,0.9860980214155999
98.280340504,-0.1634716036179967,-0.06909449045633007,0.9841254931151519
98.289699787,-0.16821810701638992,-0.0674691831930476,0.9834381413139748
98.29976787,-0.16793307252575193,-0.07422698553630387,0.982999917482323
98.309021593,-0.16892545935249983,-0.07154481682052269,0.9830287525645751
98.31938521,-0.17147514922422288,-0.08242165796742812,0.9817346604334752
98.331319577,-0.1716067476905005,-0.08910794355062952,0.9811273610206102
98.339471353,-0.16995015099779337,-0.09317487071744301,0.9810379144776288
98.349791428,-0.16019384558498329,-0.09505140313983737,0.9824984288017171
98.359047689,-0.16795251424369914,-0.09366853042852422,0.9813348864513993
98.370587904,-0.14933441609322415,-0.07647135574748747,0.9858252197627312
98.380716831,-0.15441176993953531,-0.06498645116398807,0.9858670125677452
98.408990922,-0.1381253211078407,-0.0734684751930577,0.9876860730118974
98.409255376,-0.1434540340241598,-0.06515833458594777,0.9875096615001704
98.409468316,-0.1471033304422672,-0.06206647888019263,0.98717190112574
98.418967356,-0.14869593396476524,-0.03861758067166303,0.9881286362035128
98.43312702,-0.16712240985545018,-0.054024283382610866,0.984454913609101
98.439440134,-0.15240023212418594,-0.051209967356744886,0.9869912403318559
98.450250956,-0.13864672762662453,-0.056494224290047045,0.9887292286264701
98.4595328,-0.1384281914188187,-0.04644762608897057,0.9892826966298431
98.470036148,-0.14019388117991294,-0.040481010188131904,0.9892961960372946
98.479621581,-0.13821924010404998,-0.04028534672771285,0.9895819988783582
98.489055241,-0.13527322220075902,-0.039354708210651415,0.9900264452513773
98.500805571,-0.13358003218898745,-0.03747062796266907,0.9903294032999688
98.508899395,-0.12920867906925176,-0.039390898442165034,0.990834736155883
98.519846355,-0.13322382628802154,-0.0605933802503839,0.989231951758035
98.530321678,-0.13210883847544874,-0.058448725387455554,0.989510485693431
98.538880476,-0.12874465127190224,-0.056340982244196425,0.9900760114701476
98.549392837,-0.121922426432815,-0.05572132075148427,0.9909742965114914
98.559123586,-0.11724101877791328,-0.0597096944583138,0.9913068626331667
98.569093462,-0.11840664050714673,-0.06455128995284114,0.9908647730388016
98.580808717,-0.11266560663646671,-0.06172366120992778,0.9917139964365124
98.589501856,-0.11395793907875727,-0.05831517972119934,0.9917726190690114
98.62196895,-0.11366375902400558,-0.05759401053601361,0.991848516576453
98.622385385,-0.11824462959902088,-0.06446907412850016,0.990889472167307
98.62268884,-0.1185667029924803,-0.06354392550703704,0.9909107459668853
98.629614709,-0.10587723507419806,-0.06616603387305087,0.9921754215130273
98.639283349,-0.10551526812130736,-0.06761337072878472,0.9921164046078366
98.64921779,-0.10773320213930203,-0.06858364675747884,0.99181139364007
98.659427415,-0.10400161781235258,-0.06602519761519751,0.9923831602623493
98.669319713,-0.10352269404577619,-0.06469960961993604,0.9925205349676814
98.759948801,-0.10490616602920022,-0.06433700906084194,0.9923988339343003
98.760291352,-0.10636879005343351,-0.06984677157262446,0.991870510199517
98.760600655,-0.0985587892967965,-0.06955207803114828,0.9926976747700677
98.76087654,-0.09907258155965575,-0.06180845590243087,0.9931587679530713
98.761137348,-0.09819121222542818,-0.06275528167744909,0.9931869212103455
98.761454972,-0.0989403035615013,-0.05977416597031661,0.9932964640094675
98.761715856,-0.09682033593364024,-0.06698116694891174,0.9930454903094114
98.762085997,-0.09818670286838344,-0.06161560409037702,0.9932587219412744
98.762355398,-0.09649178871407892,-0.06774556657776194,0.9930256154399117
98.770319888,-0.10017377744789568,-0.06762696545202412,0.9926690323846968
98.780249271,-0.10448777614762002,-0.07033377956282763,0.9920360195517763
98.789341477,-0.10647367115058058,-0.07215329105216979,0.9916941362850035
98.800462735,-0.10806565192697506,-0.07220193319565128,0.9915183789100476
98.80932439,-0.109624361888327,-0.07218138972037959,0.9913487510753277
98.819748372,-0.10994400320316955,-0.07219446240904838,0.9913124006876591
98.832020438,-0.11024955458091006,-0.07192819735220854,0.9912978211114825
98.840164981,-0.11073430620172175,-0.07181468480811695,0.9912520186491094
98.852267832,-0.10889562963439524,-0.0651446309992214,0.9919162862351358
98.860428947,-0.10923978597424848,-0.06717220251751091,0.9917431947683064
98.869540458,-0.10882197750633532,-0.06743470061782027,0.9917713135416831
98.879914215,-0.10953686189281128,-0.06706066544911865,0.9917179755536333
98.888828534,-0.1094959897174557,-0.06563743920739498,0.9918177024081041
98.899535848,-0.10811312755056811,-0.06318329809246066,0.9921287328232128
98.908864978,-0.106989805487828,-0.06464484671110353,0.9921563512447898
98.918895686,-0.10737373778407137,-0.06725245393142915,0.9919415244229262
98.929047074,-0.10498141003375333,-0.06441876441873616,0.9923855734229959
98.940550831,-0.10646088814998857,-0.06271171381878704,0.9923373016491048
98.950393105,-0.10827821848509538,-0.06284834633537066,0.9921320036994086
98.959446123,-0.10531565858804454,-0.06537645342719488,0.9922875245580025
98.984060747,-0.10337170676045822,-0.06750276661514673,0.992349568821759
98.984343243,-0.10462208551240969,-0.06481431745480107,0.9923977647475344
98.98955988,-0.10529220576690668,-0.06658124961487273,0.9922099014847925
99.001122548,-0.10731805142785682,-0.060417228296045476,0.9923873207386072
99.008966679,-0.1167950291962176,-0.06451055066926964,0.991058681414679
99.019608,-0.12031264878432976,-0.06268760851930598,0.9907548285426767
99.08192334,-0.12286112399194103,-0.06123004954003,0.9905332024948797
99.082629673,-0.13907364410783293,-0.06588896958842172,0.9880876303249342
99.082870178,-0.13445112416377253,-0.05908735895374792,0.9891570043339777
99.083159704,-0.12166860752271835,-0.05569297939149744,0.9910070847324861
99.083454475,-0.12446258826148623,-0.056264245242246484,0.9906277801629491
99.083711194,-0.1270943803497405,-0.05413288169355891,0.9904123634138796
99.089003671,-0.13605602730822444,-0.05831327410578651,0.9889834778681427
99.098908633,-0.13596174667186595,-0.03902446580632742,0.9899451977308976
99.136002042,-0.13457857836032935,-0.06816834326141705,0.9885553516235226
99.136293351,-0.13483955211496532,-0.06288194343204954,0.988870141310599
99.13658527,-0.13126479881695502,-0.08141611265203147,0.987998466189182
99.139132603,-0.1358730092518166,-0.05643336168506492,0.9891176881674791
99.149239726,-0.13782633475065853,-0.06154825974498835,0.9885422161807572
99.159517343,-0.14273721269132406,-0.08062175859857723,0.9864716012909771
99.168961621,-0.14259645860842696,-0.08294405240532546,0.9862994140538246
99.180132972,-0.14211863471372624,-0.08665559935276843,0.9860492385108965
99.189019225,-0.14406851382886451,-0.07899688508419275,0.9864095272604261
99.218040289,-0.1419687636251149,-0.07734736737928578,0.9868445951183247
99.218307649,-0.1397915984441944,-0.06372227967116395,0.988128422867153
99.219506814,-0.12110996760646019,-0.055729597829968065,0.9910734522082973
99.229934018,-0.11923671536163667,-0.05487243021323984,0.9913483858423643
99.238901003,-0.12165224527261938,-0.052691989079646166,0.9911731864346215
99.25062855,-0.1268926971832037,-0.051971492699444906,0.9905539901227814
99.259127721,-0.1306071915357411,-0.05225354313034183,0.9900562250445537
99.282974844,-0.13082263014814252,-0.05225415831408555,0.9900277482878996
99.283252052,-0.126252634611618,-0.05255114627063459,0.9906051934445266
99.289285587,-0.12602738155632343,-0.056006145356210485,0.990444552097893
99.300075072,-0.12473082184711821,-0.05652260028327912,0.9905793343990975
99.484561223,-0.14167628908235216,-0.058551096977101987,0.9881799421940479
99.485242421,-0.13691378582345504,-0.059021983080621426,0.98882304825723
99.485758585,-0.13362383093719268,-0.05575058660628649,0.9894627551852185
99.486017577,-0.13054800224678303,-0.052259923964682174,0.9900636946462483
99.486273319,-0.1282059861420696,-0.03969788453436422,0.99095272494748
99.486527784,-0.12751910936672747,-0.04187372673158759,0.9909517989064478
99.486782702,-0.12129934588211783,-0.0387194086800674,0.9918605124109118
99.487037191,-0.12234120099369039,-0.049271689973779245,0.9912643094082171
99.487290737,-0.12474586264646241,-0.048169984975395264,0.9910187295404967
99.487548661,-0.13004044997627728,-0.04591768472092327,0.9904448735794625
99.487803318,-0.1326409308420882,-0.044545492849619624,0.9901626545836442
99.488053109,-0.13355813207647438,-0.04357500396416381,0.9900825442283921
99.488301569,-0.13386628131005626,-0.04366208757737704,0.9900370906368117
99.488549837,-0.13120265902127612,-0.041977082036844617,0.9904664491286006
99.48905455,-0.12973037277801056,-0.042359116622841725,0.9906441013895005
99.489373106,-0.1284149488117784,-0.04221258806084502,0.9908217288346446
99.489813812,-0.1269542325154788,-0.042943232252550805,0.99097855761369
99.490222707,-0.12681920153376172,-0.043327580591550174,0.990979117278675
99.4906244,-0.12923141359619078,-0.04533942968698197,0.9905773961965767
99.499981684,-0.12994677250872094,-0.04062646346593911,0.9906883096013689
99.508943147,-0.13568741171164697,-0.04353792448323299,0.9897946127529118
99.519899684,-0.14301247705509548,-0.044353234877808366,0.9887265658221387
99.530795027,-0.14031146144315412,-0.03849835822427299,0.9893586661073536
99.538852934,-0.1343176039891641,-0.03550541435898445,0.9903020482710347
99.551977562,-0.12820299821363118,-0.030376071803184267,0.9912826466305378
99.558930908,-0.12185808292423495,-0.03004443103393998,0.9920927072556665
99.56886764,-0.12256344999515978,-0.02796391366787577,0.9920666410366088
99.586937789,-0.12277965353977227,-0.0274699743456572,0.992053706805283
99.588847667,-0.11545749635445032,-0.03457481608839704,0.992710505952272
99.599275077,-0.11309619130305144,-0.033690656757391406,0.993012684289581
99.684630773,-0.11980697349897332,-0.027635884219531826,0.9924124883355817
99.684985389,-0.12277735957101997,-0.024058270190793925,0.9921425903629958
99.685236674,-0.12421380609115507,-0.023880224290654384,0.9919680767364327
99.685460295,-0.12356387303363608,-0.02296986108115557,0.9920707408057351
99.685718369,-0.12288658121927111,-0.02376718399579084,0.9921360839729345
99.685971746,-0.12166603772217423,-0.024571320152339877,0.992266912423748
99.686225692,-0.1284070087862678,-0.025664349781028748,0.991389419574811
99.686524878,-0.13248722077871292,-0.02439013510692087,0.9908845834100956
99.734321255,-0.1375875762417249,-0.024806458034004015,0.9901789224699417
99.73457408,-0.1383744995017051,-0.024291710968091924,0.9900820221910381
99.734919513,-0.13750458588567444,-0.02373071770351129,0.9902168156003439
99.735156607,-0.14086744145948374,-0.030959452099461646,0.989544277060082
99.735390245,-0.13530331962377334,-0.025504486029347722,0.9904759123225391
99.73895744,-0.1342671968127389,-0.02494409834762681,0.9906311684061193
99.750296428,-0.13364949519766262,-0.02300943118540233,0.9907615144473135
99.759270429,-0.1371896717400919,-0.02384090572522772,0.9902578478265379
99.769515316,-0.13616085298843555,-0.021639069465130303,0.9904503888565772
99.781609953,-0.13687645698017875,-0.02253207015493016,0.9903318339521794
99.789721375,-0.1322265939048101,-0.016334426837469117,0.9910849178371265
99.804248271,-0.13219943560621555,-0.016236060365442645,0.9910901571346613
99.809286312,-0.13125784857034486,-0.016259540066645713,0.9912149133994633
99.820724468,-0.13117367470363425,-0.01463341977893592,0.9912513960092659
99.831023745,-0.1297689439411415,-0.010580083101038765,0.9914878128499492
99.841964611,-0.1301983862275351,-0.010834218695679953,0.991428766946471
99.850353017,-0.1299196131583573,-0.011125690619994777,0.9914621087691706
99.865640988,-0.1308287629107148,-0.006556707128112651,0.991383298420388
99.868948466,-0.133165350977679,-0.010160076412447629,0.9910417560054092
99.879842714,-0.13124430494998945,-0.006497782737061911,0.9913287604209293
99.889688262,-0.12631075231794384,-0.005648725234117193,0.991974639671854
99.899670884,-0.12370801134206537,-0.0024565882907044167,0.9923156217170832
99.914624651,-0.12125864231458322,-0.0003642872720139156,0.9926208787642982
99.918979252,-0.11592023630159994,-0.003235426993486537,0.9932532561376033
99.929099923,-0.11449217893366245,-0.0034411149421054296,0.9934181897322887
99.939374145,-0.1133927258444262,-0.0025499424539550744,0.9935469729806701
99.949611495,-0.11270049681327471,-0.0025533789074161863,0.9936257234362427
99.959126864,-0.11196660284257044,-0.00210541337959701,0.9937097398548508
99.97021604,-0.11214437858556789,-0.0011088558640714244,0.9936913045761896
99.979399111,-0.11152371806902948,-0.0014312175834484706,0.9937607417906428
99.988973424,-0.11316805365802068,-0.002518832545722394,0.9935726682602849
99.999296286,-0.11612526603930716,-0.0005873870731097587,0.9932344021245573
100.008959368,-0.11551840081354796,-0.0006147349398842981,0.993305150079488
100.019969404,-0.11557780024513967,-0.000823052376914481,0.9932980895357041
100.035502391,-0.11468038202924165,-0.0007375212508138712,0.9934021673219924
100.039277302,-0.11417981713615333,-0.00031323039855612463,0.9934600501507206
100.050697041,-0.11439372034926099,-0.00016731359392618207,0.9934354779002089
100.059529366,-0.11436351006262026,0.00010782938133757937,0.9934389643752563
100.069640913,-0.11455405788965864,0.0005055285184043043,0.9934168874455124
100.081199248,-0.11597460901965803,0.0006198153809146291,0.9932519850932245
100.089180043,-0.11674054038874948,0.002763963869345291,0.9931586009965739
100.099441587,-0.11701420349838199,0.003612569331500893,0.9931236708096655
100.108838829,-0.11696638982704649,0.004383432623461788,0.9931262000215598
100.119214082,-0.11813522643991785,0.00501258577641498,0.9929848650698678
100.1300099,-0.11878533472237617,0.005393745373776309,0.9929053085595504
100.13895301,-0.11980213565413,0.005434724159747594,0.9927829128596124
100.149526655,-0.11844909604012442,0.007180725320265771,0.9929341613778591
100.159047292,-0.11490790321089941,0.010847943255932694,0.9933169161485125
100.169250949,-0.11589418003563223,0.008825269363518868,0.9932223586158992
100.180101891,-0.11827857978656478,0.005063028864816569,0.9929675439320197
100.191153544,-0.11742672179912578,0.003348656000814632,0.9930759042039531
100.199393492,-0.1146413078524153,0.004756048326278561,0.9933955659948387
100.209172729,-0.1124645633055183,0.00425778354314102,0.9936466138823192
100.219420273,-0.11136505144935521,0.0019021449143499618,0.9937777453537624
100.229677554,-0.10763393438626083,0.0025415940015274027,0.9941873447537268
100.238935115,-0.10368795162747863,0.003787062405665307,0.9946026678255158
100.249856761,-0.10302501570062375,0.004505251377836181,0.9946685623110387
100.259141175,-0.10313186479719057,0.00498861204104025,0.994655182569999
100.270159928,-0.1035610523450485,0.004770462841287733,0.9946116584483946
100.282411432,-0.1021030904349821,0.005728948341988087,0.9947573262230949
100.28951314,-0.10475954341432481,0.003894695019573125,0.9944899544059391
100.300773451,-0.1088813764699742,0.0069677301508213885,0.9940303298162231
100.308975679,-0.11079517340191061,0.010225314740814052,0.9937906582823628
100.319313824,-0.11130898842031772,0.00333223794735314,0.9937802600611003
100.36147372,-0.10080095355265732,0.00677028171433461,0.994883576630142
100.361790554,-0.09942427361831795,0.004801192192174851,0.9950335483635734
100.362106932,-0.10192497547617026,0.006432854429579049,0.9947712891705661
100.362381998,-0.10202686844229021,0.00736832593538067,0.9947543545462718
100.36967555,-0.10236527040738883,0.006647617927997025,0.9947246657192662
100.380605511,-0.10524789399185126,0.011145773219591192,0.9943835540422103
100.388949094,-0.10366004912069911,0.010316003887892986,0.9945592864581174
100.461350521,-0.10372706114406004,0.008098325917976053,0.9945728298640291
100.461602568,-0.10489745041227044,0.0072549233200666485,0.9944565807437876
100.461837627,-0.10909521507295647,0.013000834524502352,0.9939462824266972
100.462113244,-0.09939298706815865,0.012593870563422916,0.9949685565614125
100.462369415,-0.10044982420250777,0.017289518599110924,0.9947918904797608
100.462675382,-0.1162634537038435,0.01090403734865101,0.9931585529523238
100.462945941,-0.11712679327490903,0.013288459129942197,0.9930280616131091
100.469842507,-0.11702758764807196,0.012056138028936044,0.9930554834776857
100.479783764,-0.12546795647014877,0.00740135166591756,0.9920700640039101
100.490119609,-0.1251406986192411,0.007784061123960295,0.9921084688387187
100.499854111,-0.11936486254532055,0.008476528317398086,0.992814271682887
100.508895518,-0.11525245234249784,0.01097309702972859,0.993275623062711
100.519809845,-0.1136219403898323,0.010604385056402214,0.9934674638253761
100.598640485,-0.10796644384139088,0.00894633635275925,0.9941142842098726
100.599714979,-0.10682925379896194,0.013282658698644083,0.9941886548893286
100.601531349,-0.10554667283986512,0.012283507603684185,0.9943384812494107
100.601876489,-0.11312315701319706,0.007522455597302732,0.9935524968561823
100.603655182,-0.1194129656800907,0.010711837439798078,0.9927868855732075
100.603988927,-0.11572637037278284,0.026890667297196278,0.9929170656266579
100.604256666,-0.11329095477317883,0.028322053729302802,0.9931581046536024
100.605128817,-0.11374199322130574,0.027136018554525503,0.993139665643787
100.609466265,-0.11780183032002456,0.01949818215573365,0.992845682704958
100.618751841,-0.12328648698108788,0.012527590216213198,0.9922920445167525
100.633165803,-0.12256437636893716,0.011594746554930601,0.9923928332558739
100.663788555,-0.10343265050973349,0.012290976146238785,0.9945605153603797
100.664119234,-0.09715367209210136,0.009072554219722171,0.9952280405811277
100.664466864,-0.09592391415300337,0.006753377792667293,0.9953657591970687
100.66881883,-0.09755355384110308,0.005609179501757872,0.9952144699703116
100.67998801,-0.09867314649931795,0.005644032480382738,0.9951038915898605
100.68979602,-0.1029868294047201,0.0070985682915100864,0.9946573899073863
100.699400852,-0.10502845214392127,0.008790110090472472,0.9944303687060495
100.709209881,-0.1039221254141805,0.009216718273120116,0.9945427310848305
100.719078788,-0.1048685648803922,0.007929975049571873,0.9944544733649903
100.729764845,-0.10450144310106316,0.0047783959467899385,0.9945132554782622
100.739061968,-0.10652239550418918,0.006386599725014483,0.9942897920626571
100.750216422,-0.10380878621037681,0.010542318353679084,0.994541399555221
100.759077124,-0.0962108411379124,0.011467455974228177,0.995294916846768
100.769270604,-0.08858248950322763,0.008318836329676659,0.9960341055985636
100.78019712,-0.08893185722784609,0.010561626818014659,0.9959817150977036
100.788908786,-0.10219108586522913,0.010997081012957217,0.9947039992776143
100.800031845,-0.11290353332868612,0.010987897240186466,0.9935451968965163
100.80905586,-0.11305871007980003,0.010573195743935341,0.9935320506188274
100.818840504,-0.10740806178271903,0.01080676703851027,0.9941562865315771
100.830458893,-0.10226206225153804,0.009334083590864545,0.9947137002713802
100.839060348,-0.10036144875478085,0.007996699382535014,0.9949189074506659
100.853382546,-0.10027408242558797,0.007580838610215396,0.994930972118002
100.859102262,-0.10746965717671918,0.006679010010052592,0.9941859301014093
100.869108698,-0.10737872833858568,0.008863659521096409,0.9941786782265463
100.88083736,-0.10181429911665331,0.007552854023459761,0.9947747498260523
100.889010375,-0.10082804621624758,0.007896247074180256,0.9948725317237167
100.899390094,-0.09738978533003557,0.011178316940853195,0.9951835383203138
100.909018094,-0.10065869402732394,0.0013089767077718987,0.9949201545333636
100.918818635,-0.09814567744631619,0.015328227414178844,0.9950540042846633
100.929285606,-0.08485654027311006,0.012680330994568516,0.9963124895226126
100.939608995,-0.07991027185272118,0.013779666400676467,0.9967068120798164
100.949439049,-0.09457760328172182,0.01939716256397945,0.9953285020745423
100.95907892,-0.09317870902876384,0.01585825729809805,0.9955231006155509
100.969657232,-0.09700332667591627,0.01624784353587529,0.9951514267659166
100.980300709,-0.10187198119746657,0.01928781444042612,0.9946105165646574
100.989189533,-0.11011216221795439,0.010822212948315275,0.9938602474385361
101.001995139,-0.11017522346084684,0.021238311123265165,0.9936852390349692
101.010706306,-0.10706772546534804,0.03919024204191383,0.9934790521658587
101.019296869,-0.10907249649048921,0.035223319513387835,0.9934095370348475
101.02954872,-0.11289054945928031,0.029444439897055124,0.9931710571708835
101.038848922,-0.11452398436091393,0.024247375240403473,0.9931245248205547
101.050509278,-0.09862634102600898,0.03213686745459585,0.9946054828956188
101.060186933,-0.09501978729820713,0.034796545371632556,0.9948670466208052
101.069046585,-0.08450908080032699,0.023600320587439928,0.9961431825447856
101.081023674,-0.09170708232342294,0.022666763315424058,0.9955280151218887
101.08912705,-0.09014958478462023,0.012942101391461276,0.9958441416078792
101.099570338,-0.09642050557893785,0.01713737496086732,0.9951931453156984
101.11080683,-0.08853540388600804,0.02814566189929668,0.995675300474503
101.119006836,-0.08636404101938383,0.04108067114304271,0.9954163103331386
101.268996875,-0.09273363399044988,0.02239655953421842,0.9954390324113053
101.269520739,-0.08388640314136421,0.018523592488421406,0.9963031405598034
101.26985366,-0.07478067727669126,0.012180298903282347,0.9971256142656582
101.27010974,-0.06991844256958822,0.0166595430410989,0.9974135907507502
101.270398745,-0.0740420262509818,0.02114985314573046,0.9970308230243252
101.270678641,-0.06823407585858833,0.014137526001663592,0.9975691661485316
101.270933155,-0.05166677906549787,0.017041345950955907,0.9985189715118972
101.271187014,-0.037991605861804306,0.009434113674004842,0.9992335239488452
101.271440361,-0.02676806833247157,0.010783975533446387,0.9995835014592038
101.271694315,-0.025475375846015696,0.009411988059579242,0.9996311418249587
101.271940852,-0.02805000048711783,0.011337766793664958,0.9995422214778149
101.272194524,-0.03366861619390832,0.008599905493284795,0.9993960505770942
101.272494009,-0.0333482553442878,0.012167981280775994,0.9993697184210871
101.272758768,-0.020468448197256066,0.011235051997764497,0.9997273709542036
101.273016182,-0.02569225052362582,0.0052249840292116715,0.9996562448186505
101.284968585,-0.02533891540746235,0.005406064070460745,0.9996643005715666
101.289129218,-0.018155548781510652,0.008926101446431644,0.9997953294356852
101.300183564,-0.021252526651708896,0.005590695242279904,0.9997585079596105
101.309967841,-0.023909295723061653,0.0023460582327053427,0.9997113791433986
101.319898362,-0.02041463199948665,0.005044037333158163,0.9997788757958967
101.330869988,0.001565131310345603,0.012197905712542048,0.9999243778707514
101.33955455,-7.443530390469327e-05,0.004210615751333554,0.9999911325478743
101.349625012,-0.009427051319237389,0.007461340551849058,0.9999277269385993
101.359249526,-0.008580601827056854,0.0011593877680879745,0.9999625138435385
101.369555816,-0.009122630846081196,0.0028927959979532236,0.999954203620226
101.380853684,-0.013881381027964535,0.007377214571136306,0.9998764343487289
101.389320528,-0.011857779432477181,0.004451548737605883,0.9999197851731746
101.399859835,-0.0023367761946312695,0.005092772734303651,0.9999843014482241
101.442303272,-0.007038927326895944,0.0052711920716365795,0.9999613332705575
101.442540622,-0.012389622001005378,-0.0062994889898568005,0.9999034021870007
101.443173387,0.0001894714493083244,-0.0008833570476777303,0.9999995918903648
101.443435966,-0.004438247288909427,0.015197054169360229,0.9998746678987203
101.449216049,-0.008639474371728293,0.014438364217204736,0.9998584365405493
101.458908293,-0.015019477418367348,0.013095901511624269,0.99980143661713
101.469898805,-0.008990402076732596,0.006603684487598327,0.9999377800751841
101.479759382,0.001890250017941187,0.002399916632361124,0.9999953336666264
101.489001756,0.0023376154236665466,0.006276238487755299,0.999977571940779
101.501426316,-0.0037452522076611722,0.008863690346299167,0.9999537029679655
101.509057048,-0.0018584236319506339,0.021808106839939934,0.9997604476761731
101.520263423,-0.002410848164905126,0.02569790453708162,0.9996668472613909
101.530018296,-0.0015261142500881193,0.02687773162187999,0.9996375635789994
101.53915439,-0.0034589022455661605,0.03400787398568756,0.9994155794774411
101.549484416,-0.0033899944528365043,0.031627599127548034,0.9994939734240706
101.559014895,-0.0017908453199386948,0.030304148691084384,0.9995391195171646
101.569645814,-0.0011457204735863102,0.02731190842935272,0.9996263036667968
101.580530808,-0.0010760647802404118,0.027702789407951886,0.9996156248996948
101.589116359,-0.0014765944277310272,0.028334004067136626,0.9995974209062465
101.601878752,-0.002069118276142784,0.0273028089790917,0.9996250673984775
101.608668226,-0.00248001781896164,0.02756341130468092,0.9996169805824963
101.618900749,-0.00039939518438075977,0.03252251938227012,0.9994709231471002
101.630089648,-0.0036247869588647307,0.028034142253681713,0.9996003940513446
101.63891217,-0.0006281747214060165,0.032384972842614754,0.9994752717954068
101.64928559,-0.008667549553635452,0.03321023288230847,0.9994108034320214
101.659085095,-0.015378201817433018,0.028113165250382318,0.9994864485566911
101.668932528,-0.017529872084365298,0.02507231419613429,0.9995319317788484
101.679854825,-0.018391968627897517,0.024117374074625643,0.9995399380503688
101.690944398,-0.01608672057099427,0.02824924767304372,0.9994714590358136
101.698892466,-0.020227186646863755,0.02095568201584479,0.9995757701703278
101.709018676,-0.02038509290375669,0.020543001268325624,0.9995811288165632
101.720946857,-0.0225829166799874,0.019972094650671634,0.9995454603515986
101.735000133,-0.02217972570281873,0.019874057292296344,0.9995564424355888
101.739065542,-0.022017014590568703,0.02280911035278915,0.9994973714589915
101.751853731,-0.01839827829949136,0.028315816784590577,0.9994296963145712
101.758892905,-0.01926273887972879,0.028415290161905617,0.9994105853831378
101.769557448,-0.024537209188571135,0.02852429674516006,0.9992918942233198
101.78037334,-0.017190745836368856,0.03975515709233945,0.999061562538642
101.844569064,-0.015549575132116565,0.041140203304592705,0.99903237904748
101.844966448,-0.012572863409829238,0.04323674160870311,0.998985739277964
101.845417073,-0.01577233731500841,0.04077421901258093,0.9990438911476992
101.845755562,-0.013133072470768527,0.04634845286369049,0.9988389976991388
101.846084313,-0.014089660811666379,0.04846094451285073,0.9987256972337974
101.846383913,-0.014396421229981853,0.050851520013097215,0.9986024564200343
101.849699733,-0.013380860071621219,0.04987377245729026,0.9986658897772679
101.859390755,-0.01790343578687375,0.05684321341382731,0.9982225784241786
101.869621099,-0.022542576518657285,0.05485882959979656,0.9982396210624185
101.883932057,-0.02442322161178888,0.04515260183840691,0.9986815051823698
101.88973995,-0.028517640597200997,0.04438780856129968,0.998607263455406
101.899453638,-0.006628362818677181,0.035900392184012093,0.9993333911400031
101.908911392,-0.015801658434721578,0.046901652386736964,0.9987745203969244
101.919278893,-0.017337815987153227,0.054419949233979865,0.9983676022699088
101.929991675,-0.022976255781327445,0.04177968056107462,0.9988626281739075
101.939682671,-0.021863871877000327,0.04253171218126924,0.9988558577519961
101.949258264,-0.022488881103313298,0.04692834885062083,0.9986450722358147
101.958923426,-0.02010456075409611,0.05685298176877406,0.9981801165625792
101.970432233,-0.018138780406381862,0.06563829420921626,0.9976786050520846
101.979290138,-0.016801955756547367,0.07640097833135515,0.9969355971138593
101.989018614,-0.021674727874271178,0.07396089977509154,0.9970255721274331
102.000102335,-0.024616624160003996,0.0711167478250555,0.9971641940993232
102.008817709,-0.014703004391184524,0.0784814096210821,0.996807147850456
102.020480485,-0.021422641963464523,0.07728302788829824,0.9967790146324922
102.029270412,-0.018965156540553543,0.08304437696051804,0.9963653718855506
102.038982976,-0.021008856149371327,0.07796686372052808,0.9967345665345814
102.049423984,-0.022849113493581038,0.07429315123954877,0.9969746464637178
102.05915056,-0.02068814705442431,0.07128100748794504,0.9972417051763118
102.068935603,-0.01517371747235428,0.07768183200548831,0.9968627243880376
102.081798784,-0.002444704878699205,0.06615110661704435,0.997806621801738
102.088810881,-0.013959392914855652,0.06747358481296792,0.9976234012401354
102.099745152,-0.019865591280123523,0.071372292122321,0.9972519010763014
102.11083588,-0.02095177889373243,0.07493131810972088,0.9969685654660974
102.118881459,-0.01923979140751853,0.08362764443179455,0.996311320578756
102.130209829,-0.023601171049389667,0.07719048538947583,0.9967369832059181
102.140463058,-0.026000989776388022,0.07335668377910631,0.9969667725032667
102.152534352,-0.019613243291400868,0.06897172973275034,0.9974257973329468
102.159614697,-0.011340098256527651,0.07815539987323844,0.9968766902893188
102.169037386,-0.014208199816978044,0.08260746070647647,0.9964808751268582
102.179933293,-0.017807447213185636,0.08065843053412317,0.9965827172932119
102.188970029,-0.017825490764144615,0.07963380409709474,0.9966647927583491
102.199986606,-0.012596355030777585,0.0836879153705635,0.9964123968823693
102.209040303,-0.0009308783322285808,0.10921871109838131,0.9940173069979915
102.219802925,-0.0072458805323137145,0.10506166420143284,0.9944393113360598
102.236981116,-0.0237121841626331,0.08072309555181569,0.9964544716979146
102.23939041,-0.011703770349172233,0.0901682862011135,0.9958577719349124
102.250950388,-0.019065760473722538,0.09659283130621289,0.9951413576561916
102.258944072,-0.02205685699352105,0.09802315523279655,0.994939674602322
102.269518878,-0.022786154892187806,0.10619730228893978,0.9940839623149449
102.280019686,-0.022647109090818403,0.13244995664711676,0.9909309347447003
102.289072369,-0.023228340202488387,0.13380620000689072,0.9907352547735209
102.384063148,-0.029744303566954927,0.11652526421821952,0.9927422320039533
102.384308861,-0.0289047392560052,0.1177858216002613,0.9926182631195609
102.38473403,-0.029084580011132295,0.11846600156925363,0.9925320617883181
102.384999015,-0.025592535089690904,0.1349930313271331,0.990515978488381
102.385259569,-0.024609807306341068,0.13296835702462562,0.9908147018562636
102.388730201,-0.026415396532058495,0.137256616762387,0.9901832395981046
102.388991536,-0.026444237199369475,0.1379159248314941,0.9900908544152993
102.389277362,-0.02833833652334524,0.13960017477913758,0.9898023691044208
102.389532931,-0.02948372137778305,0.12685095662793014,0.991483507163027
102.38977346,-0.031493050031775924,0.1269882637572799,0.9914041399286205
102.400658516,-0.03443068618214421,0.127794974965187,0.9912027906652978
102.40910517,-0.0324170664961355,0.12887847650422482,0.9911304011550324
102.419218511,-0.05074222035091509,0.12326024408357182,0.9910762530210869
102.430356726,-0.040121151832810675,0.13311313182136705,0.990288436422599
102.439650858,-0.04769121375514938,0.12939195120146052,0.9904459960516977
102.449243301,-0.050447598287773086,0.13011708851329779,0.990214412692432
102.459034561,-0.04489466357194592,0.13517022739065992,0.9898047680274729
102.470252749,-0.03559098666038302,0.12852271194621176,0.9910677041365699
102.4802201,-0.03391271831232603,0.13616641076674907,0.9901053661684548
102.489426608,-0.03307354558323897,0.13992978107549206,0.9896089111112117
102.499630249,-0.035835345144619564,0.149843810654094,0.9880600490086755
102.509030768,-0.04564184066530884,0.13572060951604153,0.9896952755940976
102.519674012,-0.04610829296206576,0.14098095807160152,0.9889380136193257
102.53031408,-0.047110955393146144,0.14210456258390183,0.9887299182156788
102.53925687,-0.04502738047139381,0.147022445609131,0.9881077550019505
102.553067129,-0.04827257899167709,0.1387040611088932,0.9891566820020945
102.558951803,-0.04896217653217617,0.13883584848672592,0.9891042980617377
102.569017935,-0.048829922411117305,0.1399755629394858,0.9889501910900763
102.580974787,-0.046874945623505755,0.14304133845198505,0.9886060463939405
102.589171468,-0.04766175417405736,0.14304151280052135,0.9885684006707832
102.601715038,-0.04608472765301013,0.14305715664355956,0.9886409094358821
102.61063755,-0.05039264295219625,0.14664995488004529,0.9879040298885177
102.618925782,-0.05143770017712241,0.14745068796183683,0.9877309641901835
102.629509389,-0.04415814699871706,0.1526301116846241,0.9872963623253045
102.640711164,-0.04769033411591823,0.15745300594643252,0.9863742610948164
102.650551598,-0.03871239327809186,0.14932012431432926,0.9880307946017856
102.659056618,-0.040658710309337466,0.15757255272716789,0.9866700359811408
102.670281535,-0.04012799856181583,0.15731272253083425,0.9867332218291628
102.680314407,-0.032321169447154185,0.13981466885930188,0.9896500393458953
102.68918426,-0.03785269600030674,0.14083741267704925,0.9893088479316977
102.699019565,-0.03768474265834511,0.14097216094545567,0.9892960679236237
102.70899691,-0.03286418727330295,0.1436889544623236,0.9890770594652317
102.721843956,-0.04103170504476185,0.14571309714683092,0.988475640823282
102.730260169,-0.040797151980750485,0.14547899446761678,0.9885198301293459
102.739721383,-0.04155843637785614,0.1477153734110146,0.9881563969452772
102.752788791,-0.04141176628575869,0.14711626035637573,0.9882519271682948
102.758988663,-0.039969956960799524,0.14711889341432868,0.9883108993333501
102.77112967,-0.04034384125937413,0.14738334790232152,0.9882563044238787
102.779683744,-0.040434448929309794,0.1482742589893473,0.9881193245053671
102.78890086,-0.03974109569246512,0.14764177712674773,0.9882421519850376
102.803353026,-0.039188156273483536,0.14657606901008502,0.9884228570816419
102.808787814,-0.03850567178220063,0.14705101460759334,0.988379133907368
102.818973522,-0.039757518537858964,0.14934643454730331,0.9879853147733118
102.832102151,-0.03905247228269611,0.14989141780689183,0.9879309020758734
102.839285589,-0.042336734829674386,0.15679453597099233,0.986723403175177
102.849735254,-0.039167442593172036,0.15699277501142916,0.986822770326527
102.858831699,-0.037794580083969145,0.16256586831830822,0.9859735839129724
102.869194873,-0.042844703395219584,0.15790265919954127,0.9865247496179147
102.880586736,-0.041267661053840006,0.17293445161014762,0.9840684201809563
102.890890509,-0.043839162877376235,0.16800240257245358,0.9848113121446636
102.899793783,-0.043553474286967646,0.15546179985537834,0.9868813118421388
102.909678882,-0.0438770961754269,0.1589929173601669,0.9863042394010662
102.91939077,-0.03565613324122347,0.1520873208391424,0.9877236896026418
102.930028203,-0.03637144022674038,0.14762968130869966,0.9883737124855784
102.940164672,-0.04114897302940023,0.13867831455005053,0.9894822318223723
102.950848994,-0.0353720053440556,0.14338586864696157,0.9890345362576053
102.959470017,-0.0365745026352831,0.1413464028534281,0.9892843373658445
102.96949599,-0.022779675364737084,0.13330611114010685,0.9908130838472908
102.979928393,-0.02025213869832875,0.13164980997801268,0.9910893897176466
102.989187224,-0.034706601365748095,0.131140904367604,0.9907560320398185
103.004430366,-0.04850969323200383,0.14234491239918848,0.9886277032212907
103.009045834,-0.047903556204486546,0.14775575825783885,0.9878630903139437
103.019339892,-0.04776288822591261,0.1384510847048429,0.989216863813174
103.02982643,-0.04816876763083437,0.13476197575314164,0.9897065119094833
103.039434832,-0.03730507492643619,0.14824835969625977,0.9882463029185091
103.11758329,-0.0340781650620278,0.14392576034069968,0.9890015440717758
103.118383014,-0.03253842794817297,0.15855756187923278,0.9868134323556682
103.118627669,-0.03182624411801803,0.14205780978355917,0.9893465868262945
103.118938516,-0.04045717677717708,0.15111866150927306,0.9876873832295653
103.119403311,-0.0387649773448756,0.1442235944962464,0.9887855335319351
103.119702975,-0.03688421310881878,0.14593566952498918,0.9886062589239643
103.11997162,-0.04178142538548465,0.1421634420190598,0.9889610044112209
103.12029482,-0.037485576891617356,0.15223734005021886,0.9876328385688361
103.129717002,-0.04121459021589021,0.1556480272874751,0.9869524047059482
103.139266788,-0.04172862198303597,0.14351674673579423,0.9887677510486327
103.152145609,-0.03835210337305251,0.1514635257498366,0.987718541151421
103.161129349,-0.03685564734567993,0.15476857745053038,0.9872630595199388
103.169097096,-0.023832801634060846,0.14299546816632813,0.9894363514901625
103.185520991,-0.030855868611197993,0.14748017871390917,0.9885835889082732
103.211394046,-0.038338733171533926,0.1464347892514029,0.9884771085036311
103.212771916,-0.03666445737618431,0.15892336321016431,0.9866098936212225
103.213887581,-0.03842646164184882,0.12946883037891002,0.9908386493299526
103.219361398,-0.033733651933624806,0.13529447625370206,0.9902310060902243
103.230442583,-0.036053256170950954,0.14388915636802901,0.9889368399443762
103.23903183,-0.03222555686680001,0.1520548913431736,0.9878465586837059
103.254956378,-0.027319798176984995,0.14327844633273973,0.9893052690873758
103.258896148,-0.03970368311238044,0.14633287570086614,0.9884383172643737
103.269439361,-0.03824418673805938,0.15031568629968245,0.9878980598386659
103.285676917,-0.03690035132889141,0.15171707355958708,0.9877349308707875
103.288810622,-0.040470193459336876,0.13867543838614657,0.9895106296699263
103.299649121,-0.04388496843955234,0.13446217061242483,0.9899464804822808
103.309004331,-0.03963462637628751,0.13033717662388214,0.9906772011012098
103.319074779,-0.04350851333630382,0.13049961330178406,0.9904932408630306
103.330331627,-0.032168790316425784,0.1190467263786866,0.9923673946014631
103.338946275,-0.0354297634852071,0.1187984884963267,0.9922860731615508
103.349292958,-0.044299654299493084,0.13826410371823533,0.9894041531406359
103.445681829,-0.047198575386724194,0.1299749334743482,0.9903932608564149
103.445928403,-0.046304306247474385,0.11561383993652251,0.9922143675829697
103.446251684,-0.041710472837712745,0.12181097586834568,0.9916765211568013
103.446582091,-0.03778578472967725,0.11091029548787971,0.9931118470883094
103.446838017,-0.03705989820359386,0.10677686041119229,0.9935921024373473
103.447102945,-0.02907075266105046,0.10354928776742453,0.9941993946601352
103.447505988,-0.04570147300206969,0.13285758947727272,0.990080924108595
103.44792449,-0.05855075950787235,0.13586983140476838,0.9889950442115931
103.448251352,-0.06503321214675313,0.10462566352634216,0.9923830670913064
103.451429472,-0.06578514451990775,0.10142172567445154,0.9926660809767358
103.459539018,-0.061338544078033116,0.10057619635022678,0.9930367625310293
103.469579758,-0.056935865782865344,0.08759524709830098,0.9945277169960338
103.479572711,-0.06107941329126274,0.08652316834116652,0.9943757069700573
103.489360477,-0.06603201652158606,0.09355544578812715,0.9934219402436599
103.500244624,-0.06852822192315834,0.08743078956103577,0.9938107163020452
103.509125716,-0.0792855922415155,0.08911832195936817,0.9928603726375924
103.520494703,-0.07907673313192563,0.08595895578653821,0.9931555407876805
103.53561643,-0.08074734625564128,0.08476046513281953,0.9931241259898682
103.538933146,-0.06988392214369767,0.06541845139558983,0.9954077876141098
103.552658523,-0.06840643435615491,0.058828381820627,0.9959215738355323
103.558892942,-0.09535979270330533,0.07333290079713671,0.9927380296917511
103.570636464,-0.08625477506825846,0.07320082341157412,0.9935802701492173
103.580460454,-0.07325223525207462,0.05852064327132664,0.9955950202475327
103.589153971,-0.07753560340326549,0.059811985653332234,0.9951938286470114
103.601493758,-0.09271448827594776,0.049328792541212745,0.9944700568092311
103.60991272,-0.10174679197289735,0.07430236426258614,0.9920316270100535
103.618998206,-0.10076296418297666,0.06228327050152942,0.992959021946371
103.635654204,-0.10848507645891266,0.06739669043653819,0.9918108057003138
103.639891405,-0.1047479055561559,0.0671794351436068,0.9922271916125786
103.652012959,-0.10767903518711214,0.04525398656680334,0.9931552255720071
103.659139515,-0.11606997091446201,0.038964063123518175,0.9924764801428911
103.669579958,-0.1081948801887399,0.03587161502511805,0.9934823074098673
103.679847689,-0.08781835635148887,0.04262279228665714,0.9952242128613088
103.689476066,-0.10082448682059507,0.04795361104968721,0.9937478925988518
103.699142325,-0.10680045112312504,0.052962865681560806,0.9928688727615012
103.709110758,-0.10514650939945551,0.05070589294783342,0.9931631910121687
103.720662441,-0.09539880917124732,0.044553923970052325,0.9944415594028533
103.729660478,-0.10088530367786656,0.042054579082780805,0.9940088369224868
103.739666906,-0.09214617810543614,0.02342760956236784,0.9954698533711379
103.749875908,-0.0925971362388944,0.020625091066348362,0.9954900180207035
103.855261003,-0.09534858795763357,0.01871916788449327,0.9952679234900508
103.855820235,-0.0991128703885979,0.01587142120013921,0.9949496152632157
103.859574119,-0.10230408742263257,0.01341762771730874,0.9946626769729838
103.861843324,-0.10719257825416051,0.01207162712221319,0.9941649898210296
103.863083736,-0.10923037440477758,0.009637214000336486,0.993969742705332
103.863629823,-0.11187443762766024,0.007028799793036815,0.9936974922877507
103.864179987,-0.12403261311196151,0.020967828632172593,0.992056581575401
103.864786005,-0.1251034032365088,0.01925411733664308,0.9919568627033286
103.865329231,-0.12919394079173466,0.02153394015375546,0.9913855027607354
103.865931708,-0.12950841130946097,0.019224203910889633,0.991391951442058
103.866490165,-0.12358055683746093,0.0065949561949762685,0.9923126284213708
103.869187226,-0.12236373672795568,0.0005066462095269164,0.9924851934631518
103.881256866,-0.1232101279174494,-0.00436137271944067,0.992371020741017
103.890796263,-0.12529654458849931,-0.0059787583658347425,0.9921013206132655
103.899133882,-0.126774509005017,-0.00815416299690193,0.9918980459161904
103.909609959,-0.12975110012923927,-0.009410571633081587,0.991501938049942
103.919148168,-0.13146078087101312,-0.013121470720458045,0.9912345283024173
103.929484065,-0.1385097261403701,-0.008554424228842719,0.990324127541399
103.939231041,-0.14075211180922403,-0.011396872736206752,0.9899792696380457
103.949341091,-0.14256975048848627,-0.014207801632102826,0.989682779792815
103.959241248,-0.14633077893794794,-0.02727086355210045,0.9888597489717823
103.971428835,-0.15428646825130943,-0.03975934208578559,0.9872258507714653
103.980155556,-0.14587183737874987,-0.03161761662142063,0.9887981256954974
103.989015372,-0.14819801300405375,-0.03415355486353164,0.9883677876336491
104.002124052,-0.1564827860343692,-0.03181507685548324,0.9871681409768052
104.008685544,-0.16264459736655618,-0.04663361815536487,0.9855820821246754
104.019669126,-0.17136428258364408,-0.04701994776013571,0.9840850609409875
104.029295012,-0.17277462877778443,-0.03174754448015779,0.9844496031134247
104.039208783,-0.17826964800899425,-0.02932554603443777,0.9835445820848852
104.053426721,-0.18136226054691199,-0.029791805942052805,0.9829649936533981
104.058711162,-0.1832134695004831,-0.03141934125665798,0.9825709387054928
104.069265075,-0.17307711795021744,-0.042363674932176805,0.9839967633525465
104.082428876,-0.16819891232465722,-0.02723493244814615,0.9853767727866063
104.089181256,-0.17713564874693546,-0.03914925361809781,0.9834074933028263
104.09945177,-0.17816443125123144,-0.042054714667002766,0.9831016409360744
104.110621226,-0.1874280700328702,-0.038244802513797485,0.981533521406393
104.121728414,-0.19065216742694419,-0.03837600255576541,0.9809072501940478
104.268526277,-0.1918496623855578,-0.03234609586992476,0.9808911443807213
104.269751165,-0.18998852779905548,-0.027097829070028587,0.9814122818491927
104.270167863,-0.1819468891333507,-0.030082538485995344,0.9828480912190525
104.270565265,-0.19882612350522413,-0.05762401121420708,0.9783392284598784
104.270966225,-0.20335445509447636,-0.057210207593112156,0.9774323289826164
104.271363851,-0.19791260407757572,-0.06219030883056138,0.9782448398201712
104.27175959,-0.19983996526683206,-0.06455770587606431,0.9776994890528331
104.272156105,-0.2008584404659167,-0.06657202893333336,0.9773556424645532
104.272585309,-0.20448693461693387,-0.06915072958941341,0.9764237144642799
104.273013198,-0.20426507154252693,-0.069226516078381,0.9764647817609071
104.273445426,-0.20366192578176315,-0.07035018684640296,0.9765104562663627
104.273874143,-0.20716512938643902,-0.0732724841024828,0.9755581747080753
104.274304375,-0.22894702839672593,-0.059246597245883416,0.9716342413187654
104.274733279,-0.21470071175912062,-0.0749358533723191,0.9738009150999445
104.275120929,-0.21544423323109452,-0.07909094550389346,0.9733079701239306
104.280220224,-0.21364788924692701,-0.08246163255929201,0.973424192516289
104.289063449,-0.21790936422820154,-0.08426280854287727,0.9723246824379846
104.300561919,-0.19989284758688974,-0.08748778089389347,0.9759040617180905
104.309265819,-0.20399298374662395,-0.09101439471906789,0.9747323953455489
104.31909421,-0.20013231565603953,-0.08450898159695054,0.9761174561801451
104.330740641,-0.2262927137166866,-0.07492027615663925,0.971173805216837
104.33923121,-0.21172061276082588,-0.08674342692323692,0.9734731429360513
104.349052872,-0.21232626049221615,-0.0861885741040298,0.9733905119731269
104.358741239,-0.2110331082120494,-0.0885108010383992,0.9734633353844934
104.369094993,-0.21112371105049826,-0.08803291658775399,0.9734870231437701
104.381081309,-0.210148632588464,-0.08897963774162491,0.9736119228360796
104.389623103,-0.21204635077422257,-0.08893383730011147,0.9732045610797417
104.39924498,-0.20800192810537801,-0.0895854294517314,0.9740172733244489
104.409291432,-0.20971589493126488,-0.09008931606625474,0.9736031833061627
104.419234319,-0.2213561078746977,-0.07342257376775525,0.9724251123700394
104.430403261,-0.19905967618926834,-0.08679825397706338,0.9761359067373543
104.439421819,-0.20576550327244347,-0.06077857915952205,0.9767120977946305
104.449041657,-0.2066894469993475,-0.0662835460234891,0.9761587801303925
104.459019601,-0.21052484018764678,-0.06477252140775139,0.9754403170540206
104.496418374,-0.19654339885878616,-0.08442544237354209,0.9768536415682074
104.496681789,-0.19463948704494669,-0.08472082563554216,0.9772092159750194
104.497012386,-0.1940477217956163,-0.08465803805317086,0.9773323376717458
104.499556403,-0.1937647921957036,-0.08355877222387356,0.9774830622009747
104.509138993,-0.19306936623653295,-0.083760789031882,0.9776033705147401
104.53082447,-0.1947725317215627,-0.08354332420171938,0.9772840804331663
104.5313378,-0.19492336835038887,-0.08281122139312011,0.9773163162877812
104.539179141,-0.1933286889246572,-0.08275227237263266,0.9776380104393645
104.550960499,-0.19424966948937575,-0.08298759238761,0.9774354840156848
104.559324876,-0.19597145798539833,-0.08388857835987514,0.9770147870302868
104.56944527,-0.19464881056169425,-0.0834056802496405,0.9773204863549175
104.580910957,-0.1923396789337431,-0.08213660173502835,0.97788497614141
104.589563937,-0.20958476126748257,-0.06175862853097324,0.9758381523830811
104.608011351,-0.19401507527757803,-0.08262997594435925,0.9775123721163176
104.610051825,-0.19400496180010487,-0.083343879185645,0.9774537700572998
104.619024068,-0.19364928290052252,-0.0831612325267871,0.9775398532217185
104.630022736,-0.196143170741123,-0.07841206221748141,0.9774351155296298
104.641342187,-0.19553253249162644,-0.08474228005283843,0.9770290552019716
104.650139156,-0.19664181980974627,-0.0838548118774915,0.9768829844085226
104.659021022,-0.19313633384697243,-0.08307317055360097,0.9776488146989815
104.669738909,-0.19288193896331451,-0.0838053926066227,0.977636544832384
104.680232194,-0.19099882518047293,-0.08458136098392885,0.9779393857258156
104.690063338,-0.19114344658556431,-0.0829756468140779,0.9780486822562449
104.69917436,-0.19050177649181016,-0.08314824489044459,0.9781592112356267
104.761610026,-0.18993646384731305,-0.08391861494719544,0.9782033560392863
104.761854574,-0.18639518472467936,-0.08327442679369614,0.9789393264925228
104.762097765,-0.18116286863977385,-0.08225294300983423,0.9800073818050704
104.762339411,-0.22779339840488913,-0.11771247324882737,0.9665681255270089
104.762632674,-0.22237187489631496,-0.11910342782431303,0.9676596109870435
104.762888036,-0.221113631629113,-0.11890477937194302,0.9679723215827478
104.769765799,-0.1943081795538344,-0.06840817111348621,0.9785523253681343
104.858121693,-0.20427297751542633,-0.05709532773194562,0.9772474989521148
104.858446105,-0.20586892134990356,-0.05503316967144889,0.9770308784568381
104.858775767,-0.19323728131031118,-0.07672203781248137,0.9781477812813868
104.859042845,-0.1952849583829225,-0.08131170349991691,0.9773700383699726
104.859308766,-0.18798599983622985,-0.08289314839762038,0.9786674561945459
104.85956386,-0.18087817514794258,-0.08499764720343132,0.9798257425302886
104.859817848,-0.19832042516760776,-0.07579461741497152,0.977202223151512
104.860121011,-0.19305112396128551,-0.06576724408924156,0.9789820903071672
104.860445939,-0.1796068446438167,-0.06328115589954776,0.981701011848877
104.868882343,-0.16836474992487957,-0.06078133749497381,0.9838490432963052
104.880796847,-0.1678391880927397,-0.05767396629392114,0.9841258662144277
104.889032489,-0.1730014767811262,-0.05436942295624394,0.9834197755175329
104.925303579,-0.15992572797584578,-0.07638116674030482,0.9841695376807724
104.926448866,-0.15808095750103635,-0.07603975253756319,0.984493964892412
104.926899439,-0.1554260461655118,-0.07722342367505161,0.9848244955367731
104.929486504,-0.1516730930239676,-0.07772691431650362,0.9853698796103815
104.939234436,-0.14886315274213244,-0.07955573733146046,0.9856523963412863
104.94925963,-0.14559828091465457,-0.08010704154349119,0.9860953313396462
104.959184062,-0.16642218385831115,-0.056320565461975496,0.9844448438718513
104.96982404,-0.1656855122448456,-0.03477929438682582,0.9855651737526635
104.979324164,-0.16553351724712334,-0.03941308468103373,0.9854162894044943
104.988923802,-0.16261456867283555,-0.04040719202238602,0.9858619380462021
105.001263488,-0.16246391423455386,-0.041775604324386796,0.9858297395873791
105.043692217,-0.15949421521419452,-0.04159909043042745,0.9863220118138748
105.044282037,-0.16127040430601272,-0.04679363296564724,0.9858002904284678
105.044539562,-0.16548100993410936,-0.05174517343443818,0.9848545437664525
105.044790849,-0.15622908919748585,-0.06532673253508925,0.985558161502817
105.049753587,-0.14700222670837734,-0.07504825393146615,0.9862850018755315
105.108824261,-0.15211152306355183,-0.045878738134956756,0.987297941828317
105.109287354,-0.15752667352027813,-0.042082232976169566,0.9866176730615437
105.109562049,-0.15791974548310891,-0.04256954136125084,0.9865339264996633
105.109819975,-0.14956808385220455,-0.040356284076523,0.987927506767736
105.110091105,-0.12982323321369849,-0.06479617489822692,0.989417699374991
105.110566349,-0.13716921337938293,-0.052409002195114046,0.9891602010745246
105.119127183,-0.13622590626181313,-0.05326071530962187,0.9892450650207233
105.129983277,-0.1364477658639754,-0.051782513714695735,0.9892929689753774
105.138771706,-0.12405432681509175,-0.06486204272554673,0.9901532403683401
105.149601511,-0.12206268874360801,-0.0674658953636443,0.9902267684623876
105.159903522,-0.13279801760215168,-0.0650419742414203,0.989006687595042
105.16956949,-0.12333148268426378,-0.0648459357292015,0.9902445909967423
105.17974302,-0.11881756147755528,-0.06499842183122088,0.9907863504530017
105.189665947,-0.13045146423616677,-0.048812698200072224,0.9902523597412273
105.200280588,-0.12879855934602233,-0.04930695805871325,0.9904442210429548
105.209098676,-0.12849462632612413,-0.049340898244711474,0.9904820072902459
105.219581944,-0.12779459159106352,-0.04849285814781485,0.9906144482434776
105.229658777,-0.147076718374872,-0.02656141784092228,0.9887683904708718
105.239638212,-0.1347912107257873,-0.03561950382208628,0.9902335989343853
105.250524613,-0.13571954145815843,-0.037803934544017745,0.9900257918859381
105.258809681,-0.13619106363446706,-0.039843284384056654,0.9898810569334096
105.269174081,-0.11616714576028266,-0.056299780543304256,0.9916327591183568
105.280510653,-0.14441374850797528,-0.048620110933142585,0.9883221914207554
105.289002233,-0.12913954193209173,-0.0717969997093474,0.9890238468016358
105.300772206,-0.1122622119697076,-0.06542946937424117,0.9915221532074177
105.309049996,-0.12129551015195023,-0.047581415156241216,0.9914753694110144
105.320822193,-0.11021283913423534,-0.06840237728700829,0.991551433296053
105.329880871,-0.11150863205043407,-0.0641808085487247,0.991688786259214
105.339184283,-0.1119856322838391,-0.06219892684768604,0.9917613178890297
105.350391024,-0.111393021420549,-0.06289154935779744,0.9917843756574194
105.359122737,-0.11180467876700913,-0.06324523188249379,0.9917155612623689
105.36932677,-0.12163611784762474,-0.05783057973096319,0.9908886309181973
105.379967779,-0.12462704571811623,-0.05500159307354273,0.9906780123909822
105.388947777,-0.12445094910553124,-0.0538138542240428,0.9907653760403046
105.399923859,-0.12332920245232727,-0.05222454771154451,0.9909906681895635
105.409268263,-0.1224026892891176,-0.05321861871253199,0.9910526526260459
105.419413374,-0.1265102151959618,-0.051433087532462965,0.9906310125157347
105.429927378,-0.12533935814415872,-0.04463031346670756,0.9911095703401688
105.439293783,-0.12715431832129664,-0.03923225318978471,0.9911067599617608
105.448951465,-0.1253838227846583,-0.043259762285483366,0.9911647138346426
105.459135314,-0.12531431938968812,-0.04426368214213261,0.9911291781594967
105.468924661,-0.12436613965961806,-0.04309724313368544,0.991300000474347
105.480815433,-0.12047982392649476,-0.07384422381870401,0.9899654754764199
105.488953708,-0.11598233467026056,-0.08062642736777238,0.9899734730053857
105.500213564,-0.11441232204478685,-0.08678160613017831,0.9896356771063716
105.509083806,-0.1080174312662733,-0.06270708302399375,0.9921693687477244
105.519261942,-0.10846387405521864,-0.060438281859157096,0.9922614585434862
105.53015845,-0.09985561744685068,-0.06878628009292886,0.9926214300201691
105.539061274,-0.10480781081636881,-0.05862824171287127,0.9927628377742277
105.554952931,-0.11730554529415332,-0.052176738607315885,0.991724254514099
105.558863032,-0.13182260662543963,-0.04192521705897443,0.9903863269235054
105.569344136,-0.1497321889949068,-0.03527421123745066,0.9880971620242461
105.580680356,-0.14412128309583958,-0.03429864627812098,0.9889654486493941
105.58894012,-0.1243732907581083,-0.06117870638460893,0.9903476412003539
105.600850465,-0.11236439458448194,-0.09346761647759697,0.9892613646047539
105.610431624,-0.10670581962458557,-0.0693576004470398,0.9918686361199623
105.619240285,-0.11670585916611934,-0.06761287992899119,0.9908623723323062
105.630531481,-0.11980728369628389,-0.05923066110318638,0.9910287299360184
105.640259247,-0.11933389697479786,-0.05711733530073113,0.9912098824370913
105.648869314,-0.12500546992719128,-0.04833358876681597,0.9909780505567227
105.659351592,-0.1261792495856617,-0.04033048614168547,0.9911872925242609
105.784995957,-0.11461723093775687,-0.051352953597984176,0.9920815311903173
105.785933205,-0.11466101662148091,-0.05172405889494309,0.9920571924031198
105.786213986,-0.11620644100877979,-0.05110082326578996,0.9919096576451062
105.786468749,-0.12369073110486004,-0.042780287140957385,0.9913982298102425
105.786782217,-0.1244010950271595,-0.04174011627634329,0.9913536857495819
105.787022261,-0.11725390232032269,-0.05026489921530182,0.9918290993399679
105.78726676,-0.11679520814842832,-0.05078848614055455,0.9918565465979019
105.787505606,-0.11026664628553201,-0.07349245494526707,0.9911811770726173
105.787748967,-0.11394418593170168,-0.07700432235113641,0.9904983881014668
105.787982802,-0.12822302606037622,-0.07078531158255001,0.9892160003012899
105.788227212,-0.14894068153705145,-0.0621626189341437,0.9868903090974839
105.788472517,-0.1295492613680303,-0.0708710271049287,0.9890370500623777
105.789075994,-0.13658442735389928,-0.08023902609367332,0.987373481969182
105.80234038,-0.1380851749142946,-0.07265785241046287,0.9877516494301531
105.808956685,-0.1375759473214479,-0.07370013766116056,0.9877454876775353
105.819629631,-0.13642202966100325,-0.07054702448960427,0.98813569268539
105.831062612,-0.127218816254846,-0.06547050762651323,0.9897115667818793
105.839774031,-0.1288169314007904,-0.055332137953980044,0.9901235037579533
105.849460744,-0.13108877699932303,-0.051320468557669426,0.9900413840097004
105.860647666,-0.12439281347936088,-0.05697849465992956,0.9905957193027725
105.869090394,-0.11838575103290341,-0.054829950508780034,0.9914527172183151
105.880770266,-0.1186998566125912,-0.054747524897872275,0.9914197156389957
105.892388226,-0.14099856722342347,-0.04289228498397535,0.9890802070255957
105.899081057,-0.14860419873367683,-0.04306016167014654,0.9879588121959654
105.909053397,-0.1273269964127156,-0.041198293070349466,0.9910048116092102
105.91975621,-0.13383731141459795,-0.03555010014107622,0.9903654701438613
105.929748525,-0.13427363749428076,-0.03344684387254333,0.9903796741194865
105.939354933,-0.13024430074685853,-0.03230310132773434,0.9909555649813829
105.950088925,-0.14307498938252755,-0.029739678973526404,0.9892649285746167
105.959069508,-0.14107318302864413,-0.029567148244464707,0.9895575479853896
105.969994661,-0.13925640271883166,-0.024348435663272567,0.9899569727935463
105.984948135,-0.14080823404124873,-0.024842424150158467,0.9897251614405529
105.988985931,-0.1508726373186165,-0.015352619694763776,0.9884339858468209
105.999869723,-0.14620889597238446,-0.01602120468630366,0.9891239961394811
106.009448801,-0.14150477381864707,-0.0219933676363344,0.9896932306359111
106.01962187,-0.1445578078648943,-0.020769402874937837,0.989278359254621
106.035281046,-0.15479733856334305,-0.010895479455772475,0.9878861637360525
106.03910472,-0.16213716754471366,-0.00548287650168734,0.9867529969378582
106.050400772,-0.16173894301330588,-0.0055835626415932215,0.9868177836567226
106.058866343,-0.16358253391186678,-0.003732263414554568,0.9865225921431183
106.069725629,-0.16497669687694272,-0.003020839658374573,0.9862928388746072
106.081290229,-0.16616085165217528,-0.001933311446213216,0.9860967668971823
106.090659336,-0.16738158497950956,-0.0011234263524328365,0.9858915472418748
106.09955658,-0.17424415699569326,0.0060747521393103325,0.9846837416852713
106.10963418,-0.1748789083204003,0.006736775511042363,0.9845669013735832
106.119428678,-0.16837934404541516,0.0005788170199226344,0.9857221015426677
106.13063979,-0.17410548252901373,0.006293046324482206,0.9847068998038438
106.13953943,-0.17707435636926933,0.013315249025061145,0.9841074008764539
106.149470426,-0.17775998026235165,0.013693078391454337,0.9839786019123048
106.159715188,-0.17792481961073567,0.013882528915141305,0.9839461539928939
106.169432324,-0.16997447580412897,0.005112490164689997,0.9854352033591187
106.180026413,-0.16671203861261738,-0.015272530671761694,0.9858873393996421
106.190741414,-0.1783149405093356,0.0049272067556148024,0.9839611296310132
106.361807405,-0.18245804231039753,-0.0039047432544933006,0.9832058867685718
106.362170097,-0.16401886929501794,-0.030983899966697405,0.985970490662899
106.36325916,-0.17825734221101386,-0.015682510562904328,0.9838589222090279
106.365102323,-0.16223128278697443,-0.033932545670114396,0.9861691504146936
106.365346337,-0.16336364730312009,-0.03330463221959421,0.986003610648835
106.365605735,-0.18332301753132388,0.005796832761844613,0.9830356392182031
106.365837375,-0.1778413572832642,-0.003921481864994819,0.9840513572063346
106.366108349,-0.17862638634743608,0.0001273474974619974,0.9839169669657452
106.366374014,-0.1807890537848601,0.050487108724858655,0.9822252134231637
106.36789628,-0.17713339960975874,0.04965053157011553,0.9829336617786038
106.368351059,-0.1802512184647753,0.06014222477767991,0.9817802254276436
106.368705528,-0.18075565747847086,0.060816724312877275,0.9816459230972119
106.368965522,-0.18123871128567792,0.06172809063515562,0.9814999604472966
106.369217574,-0.1769287403377512,0.05929704100429973,0.9824357901515147
106.380219645,-0.18499756179754612,0.05321617402730496,0.9812970706931
106.38047651,-0.19027079953026282,0.06253579985989982,0.9797378713625381
106.380800461,-0.19077865772602545,0.05691283342999701,0.9799818534785353
106.381057218,-0.19205822366255917,0.04666933811257159,0.9802732331364133
106.38131353,-0.1933076796605762,0.0380010839412697,0.9804019882698793
106.390492241,-0.19230888719965333,0.034621015792146305,0.9807235477796744
106.462322919,-0.1896710011912549,0.03239940125923255,0.9813129929360715
106.462791062,-0.18593966358466893,0.02601494138825871,0.9822167094539707
106.463538513,-0.18581529276125056,0.02526352908499734,0.9822598592400192
106.464081529,-0.20957460070743633,0.02996402586832654,0.977333435369977
106.464373587,-0.21239506375743492,0.030159106389939305,0.9767183653404065
106.464636434,-0.21347788318235322,0.029139124684519874,0.9765132384174838
106.464952439,-0.21494790708147715,0.030123522028484666,0.9761608323744055
106.469847944,-0.20589153098292945,0.03216059101363849,0.9780462023110968
106.480135467,-0.2080701501920864,0.035233149236006796,0.9774791239683618
106.488902,-0.20833300527735774,0.03581340614028053,0.9774020456561036
106.499581402,-0.21305763981970208,0.012683357836851879,0.9769573043631132
106.509236544,-0.2031341936833204,0.003096458331589672,0.979146011227349
106.520359691,-0.18408394403774064,0.02115902454563483,0.9826827551289313
106.531456883,-0.21010897788219185,0.020810634145970685,0.9774564619049501
106.540286777,-0.21460455706260506,0.027075438229553588,0.9763256653046876
106.550297605,-0.2180584529798408,0.04188489522748549,0.9750364950276585
106.559453397,-0.21969716817386958,0.04239716001652182,0.9746464154342929
106.570809192,-0.2161590958948283,0.0380134297970412,0.9756178680287667
106.580436325,-0.20687162694869052,0.022995647867380568,0.9780978121551861
106.589136533,-0.20770843997741556,0.038408888936788094,0.9774364231052525
106.599165522,-0.2210180579808977,0.03480643842576825,0.9746484134755803
106.609679995,-0.22527928845940792,0.031449051023860745,0.9737865265965233
106.619058626,-0.20968228341532535,0.03795588782378696,0.9770325944415793
106.63021874,-0.21307977512604226,0.0385131954598344,0.976275444333057
106.642758728,-0.20490335568552098,-0.0005724243774316163,0.9787820427240913
106.650585588,-0.22134094691005113,0.00780400113888141,0.9751652592187573
106.659284228,-0.229951301941095,0.000153361737086316,0.9732021245433926
106.669295607,-0.22593161504207296,0.003894198803264496,0.9741353810123936
106.680244879,-0.23193505318856916,0.0042682821861653505,0.9727219093192025
106.689418509,-0.21239488530321698,0.005146079037846101,0.9771703692640141
106.699251262,-0.21973038907065315,-0.01229053189148529,0.9754832130511953
106.709106503,-0.2221770076845034,0.003273282222824434,0.9750008527585244
106.72043463,-0.2065263050201571,-0.005756118837695437,0.9784241168484389
106.730257948,-0.19624477281500957,-0.004742488825714452,0.9805434707051611
106.739011684,-0.21694950677349728,0.03667763957338784,0.9754935480391765
106.750051481,-0.2315076504078207,0.03685773090861022,0.9721346179798962
106.759049512,-0.23360632785163685,0.03978307369971669,0.9715170562757386
106.769958473,-0.22744354254557952,0.016181476154594664,0.9736568157126902
106.780400074,-0.22507914788866107,0.0027632770821260874,0.974336564789335
106.789230828,-0.23084700453571058,-0.00017599539778230406,0.972990045952429
106.800386568,-0.2307444504112026,0.004420204500421769,0.9730043475733327
106.809692178,-0.2319115324548685,-0.006098658021731472,0.9727177635289532
106.819713852,-0.25165941794241237,-0.015093694436960474,0.9676981542553081
106.833228201,-0.25730139747340225,0.007784498727402939,0.9662998460301012
106.839555762,-0.23482551463867754,0.03629484779010454,0.9713596973822691
106.85106949,-0.23023211945107067,0.03267230016431927,0.9725871127950652
106.859655492,-0.2370940289419733,0.034849913427266496,0.9708614241868788
106.886559877,-0.23556851503982495,0.028616997010760415,0.9714363294647869
106.88682805,-0.22851403674782197,0.03471832079664246,0.9729213602394988
106.899374836,-0.228472855814757,0.02790765543718091,0.9731502026531408
106.899843277,-0.21347293698595474,0.009413163916140176,0.9769036275496568
106.90986174,-0.21402257032151503,-0.013248225628571655,0.9767388719154504
106.931986351,-0.21332853759546327,-0.013971826754997212,0.9768806084187102
106.932414299,-0.23175685715407301,-0.007316793740058294,0.9727462277960436
106.939032877,-0.24102966757073377,0.004688764157209801,0.9705064218445028
106.949809262,-0.24099758560658616,0.04144452911280909,0.9696404048606957
106.959213338,-0.25229497140744056,0.009427963055836945,0.9676044444478004
106.970515219,-0.22427628925321694,-0.003330743266329215,0.974519908584787
106.984463429,-0.22321515747426632,-0.010847855248503168,0.974708837299758
106.989889767,-0.22661538568722703,-0.009066000718151505,0.9739421310328492
107.001444855,-0.23154094425871516,0.013915095239230766,0.9727256351388431
107.009015607,-0.23835749676956514,0.015688185590203168,0.9710507631255094
107.019949931,-0.2419834840360961,0.003208594568701121,0.9702750632550783
107.031302664,-0.2492420211851934,0.017826777694591556,0.9682771405297902
107.039639009,-0.26755656677450573,0.03714594136836762,0.9628258734660683
107.053694983,-0.2703586058712883,0.025988674786069272,0.9624088595883754
107.0596783,-0.2787513664686563,0.01917535394187273,0.960171849979503
107.069153357,-0.2238612438307024,-0.003061722489799313,0.974616216449309
107.087403069,-0.2164956527151208,-0.003126735398152108,0.9762785749370945
107.089185318,-0.2437265219266473,0.01916911728277132,0.9696545402627366
107.104290398,-0.2536434628426644,0.018771598338687075,0.9671156191753874
107.108881401,-0.23680708071956444,0.004224409022596705,0.9715475083028556
107.12032674,-0.2349953611455202,-0.0011779106702802357,0.9719957781629195
107.129681341,-0.23146080045334705,-0.005887395185049296,0.9728264163926836
107.140618364,-0.23317926069061268,-0.004470931702585979,0.9724234896142167
107.150725337,-0.2522828315279474,0.015021125384095415,0.9675369443635919
107.159368192,-0.2646108190381163,0.027246722568522078,0.9639702954745293
107.169222402,-0.24516069326037326,0.008688421692691182,0.9694435237849512
107.185298686,-0.25142674126745024,0.013230904734440796,0.9677858941602419
107.191597518,-0.2604328440720335,0.015823163940177066,0.9653622953127361
107.199386664,-0.2628658471395728,0.016706848481619477,0.9646877358095765
107.209930612,-0.2636879727380921,0.013908348061794073,0.9645077557425172
107.219668132,-0.2634847398296821,0.013283230939332234,0.9645721059893331
107.231269765,-0.2627717368994525,0.010755254371643558,0.9647980818752939
107.239253152,-0.2638574729364815,0.009822496108518035,0.9645116653238426
107.251515778,-0.26125663977566493,0.0061277219795737685,0.9652499257686943
107.259219557,-0.27054477262198784,0.014443895263428397,0.9625990338123844
107.269292343,-0.27477891103493474,0.018842747125284567,0.9613227870654207
107.284232849,-0.26249138537501543,0.01122067592143171,0.9648690942484226
107.28886782,-0.25507676514377725,-0.0062212991745821886,0.9669007908365609
107.304701363,-0.2510792485937794,-0.00959141037534642,0.9679190130236077
107.308841652,-0.2506769216925869,-0.010190141451358405,0.9680171702753676
107.319617262,-0.25399408173088117,0.007929784954517112,0.9671732652199716
107.336427181,-0.2945731143701876,0.03933925182306869,0.9548188852113524
107.362316687,-0.27390487746757874,0.03498982082054228,0.9611200916318506
107.362751618,-0.2949016828173512,0.029372496054387156,0.9550760461591681
107.363013558,-0.2973890180041817,0.032865814542385505,0.9541905523557516
107.464808822,-0.3011492276221667,0.00952626917826371,0.9535294399745169
107.465186059,-0.3019516703534831,0.009078495489166838,0.953280005921867
107.465744568,-0.2796713919458338,-0.00013470995910833456,0.9600957735456951
107.467032442,-0.2834237192435327,-0.007649420424286617,0.9589642755271625
107.467446044,-0.29783463175115404,0.011003379278635095,0.954554062258448
107.467847385,-0.29703265924311384,-0.02250429752388706,0.954602092987398
107.468467175,-0.28567075878655457,-0.020460335878945062,0.9581093842719813
107.469706605,-0.2936492988266436,-0.014381291837576771,0.9558050364711953
107.470208329,-0.29598843154651217,-0.019936901418688393,0.9549834387843893
107.470505969,-0.2723370652192976,-0.01209798195852734,0.9621258554577313
107.471130299,-0.2733976686829393,-0.01625036985648256,0.9617638172848162
107.480173974,-0.31162430371692135,-0.03685225321375596,0.9494904974595656
107.489304529,-0.30834107321524734,-0.0240880089579548,0.9509708462371026
107.501124083,-0.29302431223110065,0.025211862694073477,0.9557725223195035
107.509206797,-0.2974260067792832,0.01982662029890573,0.9545389859083038
107.540659593,-0.3216895165783684,0.05048639726312887,0.9454982700221959
107.541586987,-0.32723234613336505,0.022629504914073437,0.9446729048466445
107.542320618,-0.30965760869990056,0.01532517222582166,0.9507246207343681
107.552688788,-0.30144117232987533,-0.005721935189166529,0.9534676077780941
107.558945082,-0.3112670012615072,-0.0036254346093210947,0.9503155845031492
107.793277544,-0.31153110815239493,-0.0034617363086614557,0.9502296485771585
107.793532466,-0.30361018136301576,-0.024022520601214122,0.9524934520912366
107.793803333,-0.29762934450039336,0.01822979346650757,0.9545074373321744
107.794163228,-0.2812605193915303,0.0012566157298965189,0.9596306274543941
107.794403239,-0.28235746076223744,0.0024575583752151145,0.959306116293821
107.79474221,-0.286219683239874,0.0050830586307622815,0.9581505390287177
107.795037123,-0.28764013242661296,0.012019700737994566,0.9576631354561841
107.795391062,-0.3032632705119011,0.016379507596255383,0.9527660260994457
107.795642016,-0.314359367778056,0.04351381761985859,0.9483062456645146
107.79587117,-0.30657208804689284,0.015209567526160052,0.9517259184693014
107.796256659,-0.2910060600495629,-0.019349616083414654,0.9565255173657704
107.796515052,-0.31382587996776956,-0.023235564281319124,0.9491961997474411
107.796784201,-0.3275029621742582,-0.04792656258312985,0.9436338560935866
107.797161534,-0.31494773679584703,0.008953519514772653,0.9490667824634221
107.797430378,-0.3156173050992655,0.005572708964830533,0.9488702027341097
107.797844532,-0.3020723172919118,0.003338325158078805,0.9532791672490455
107.798084236,-0.33658601818503725,-0.012760183889563017,0.9415662643008437
107.798365793,-0.3126693328420658,-0.0361155929942652,0.9491751957582806
107.798652873,-0.31609110162258885,0.02050153568383822,0.9485073022964149
107.799074112,-0.3165590119924649,0.03935940573890025,0.9477558910955052
107.799533797,-0.3192768526254838,0.07221893145547305,0.944905665829661
107.800308889,-0.3127702615239797,0.09879004274123938,0.9446773475432791
107.80071238,-0.3155896408023559,0.04018502317979618,0.9480444834132411
107.801109616,-0.31210135137762773,0.04033748339323787,0.949192095364136
107.809770306,-0.29599331966735676,0.035530023805939316,0.9545289791937422
107.819028059,-0.312066490314003,-0.0015515483904340191,0.9500589972842172
107.831735071,-0.3175989412219982,-0.0022184956113340507,0.9482225428726573
107.850339243,-0.28759568925464474,-0.0012778746443205175,0.957751056673152
107.850762442,-0.29530451767078103,-0.015175137905933337,0.95528265818697
107.860753327,-0.2637029572433894,-0.01274247509783483,0.9645197663446158
107.869373346,-0.27571914257720725,0.09636096049658963,0.9563961102538343
107.892582496,-0.2637624734063681,0.04369216277662319,0.9635976092407329
107.892908786,-0.2986308844835779,0.024066786307446554,0.9540651888783008
107.900242879,-0.3027742442538233,0.021594665500191002,0.9528176254868825
107.911223112,-0.31101227185046154,0.009372183234292121,0.9503596839827737
107.919563529,-0.3062601941245408,0.014085929430507174,0.951843621655825
107.929682683,-0.2865571305390068,0.03423278621979019,0.9574513707154431
107.939974643,-0.2794101238372116,0.030230800834508912,0.959695827529837
107.950920261,-0.2717562786858218,0.02765258702426855,0.9619687413974009
107.959190248,-0.25484978846362033,0.012938384747618615,0.9668940911600249
107.970009149,-0.24655824900107676,-0.010208536611970466,0.9690742054299893
107.980076167,-0.24146057778201052,-0.025352839873228818,0.970079389992149
107.989007361,-0.27723178746083865,-0.01872686056925362,0.9606205498085538
107.999278102,-0.24078440853790514,0.008337512408902908,0.970542814352815
108.009718139,-0.24586805271294593,0.004699542773391098,0.9692919142099892
108.019659492,-0.24266392665123426,-0.0019342546474564592,0.9701084874183727
108.030162885,-0.24922905343362678,0.01935028311237331,0.968251230553336
108.039326805,-0.22784783638589579,-0.025590500899320186,0.9733604110081672
108.053244698,-0.23603993951722144,-0.01575581753384956,0.9716156138960235
108.058874869,-0.2280168491872934,-0.023851214475022024,0.9733650065904186
108.069519833,-0.24167692384030576,-0.025269868075274066,0.9700276791156763
108.082150583,-0.2569787554950871,-0.018972972775348866,0.9662307930966918
108.088958722,-0.27752300350482784,-0.04166125608978326,0.9598152542373355
108.099650605,-0.2757264327722146,-0.011287989022809275,0.9611698682202487
108.110004667,-0.2659930502417872,0.036843608078814545,0.9632705984129302
108.119355438,-0.2649769013970834,0.036528963231130696,0.9635625960835441
108.12976015,-0.2673246274363008,0.03245680476207231,0.9630597589924934
108.139005959,-0.274713101573822,0.06286406133555725,0.9594690310875543
108.149489162,-0.26119313446275666,0.02146782132042962,0.9650478118504153
108.159392337,-0.2551958214025694,0.02821047858282752,0.96647776054951
108.170169631,-0.25888501284351717,0.027654081873809935,0.9655121966504249
108.185348063,-0.26063821826839106,0.03559902895248291,0.9647799895911601
108.191229079,-0.25795159029203185,0.03261166346456375,0.9656072993054091
108.250436642,-0.2638154439199651,0.03011691580087112,0.9641028902207249
108.250814206,-0.27202423243449575,0.056351184182072765,0.960639037833515
108.251086191,-0.273784673249824,0.05965781542844048,0.9599390073081692
108.251401752,0.21455143102931193,-0.05365083218232812,-0.9752380589627428
108.251655352,0.18853034788134665,-0.025080992373221173,-0.9817470406114363
108.251908196,0.19972729886131968,0.006185784968612793,-0.9798319969024707
108.259645486,0.1830548644349787,-0.005244490850144853,-0.9830887100981346
108.269635423,0.1882860641818003,-0.016596548285369633,-0.9819739877511718
108.294616807,0.1881893131427557,-0.02168711157894553,-0.9818932995036783
108.295127223,0.1872755603618493,-0.026909381917634895,-0.9819387708283884
108.300137604,0.17525973298093098,-0.016423582329112396,-0.9843852355348143
108.30930559,0.20120423497502235,-0.054565902278116245,-0.9780283319703428
108.319432568,0.18443035515975512,-0.04990183150714979,-0.9815779394973579
108.330937024,0.19443250322674804,-0.016320436213424553,-0.9807801206441656
108.339008481,0.16651654347238593,-0.014347704800450311,-0.9859342696736778
108.349893045,0.16823836346548532,-0.045523240023198894,-0.9846946164553991
108.359013969,0.16169623347897563,-0.004999507025857337,-0.9868279145870424
108.369378852,0.17748527842440198,-0.06698432404302031,-0.9818411665208953
108.435468279,0.17589125039196152,-0.07136595424148796,-0.9818193156639129
108.435729232,0.14872332725712847,-0.002666147181928523,-0.9888752517829402
108.436066292,0.15423778518949682,-0.05433577966320793,-0.9865385591390892
108.436298191,0.1864291188401828,-0.00019624545602334151,-0.9824683939629785
108.436552717,0.14949668526636725,-0.059771063093217204,-0.9869539812529636
108.436912686,0.12951854053607412,-0.010471801706204369,-0.991521703759646
108.469703328,-0.12035887373969388,0.026239064080303888,0.9923836219065196
108.480267539,-0.10877397375391681,-0.021708735060147633,0.993829438815268
108.489352868,-0.10236534626033215,0.01801534213506191,0.9945837236415841
108.499397079,-0.08959334224382338,0.016344982062402976,0.9958443023821348
108.509192378,-0.09986947361700295,0.014420153435949335,0.9948960485469558
108.519537182,-0.14782650756415566,-0.009829637521026014,0.9889644593652442
108.549845897,0.09097379085192439,-0.08960948203535614,-0.9918134452140612
108.684544445,0.09161170077779683,-0.0039505997608149926,-0.9957869697089481
108.685010316,0.08614786799420486,-0.014310664060663841,-0.9961795770513447
108.685248201,0.12712875314395417,-0.03638928302243664,-0.9912184926670691
108.685499561,0.061819516708009295,0.004751853370547229,-0.9980760327968671
108.685741583,0.05869536504405607,0.010128759927544107,-0.9982245550699878
108.685982092,0.18136146950169107,-0.020499407721502928,-0.9832028232583827
108.690709854,0.05789509154266024,0.0603146857549435,-0.9964990200986397
108.699603971,0.0531173111971299,0.01795708229195128,-0.9984268097596074
108.709791634,0.05139383840610027,-0.005821080996929413,-0.9986614984016932
108.720078101,0.044015280587061154,0.050485077138365385,-0.9977544347489392
108.730390674,0.042905485390579486,0.03026534750739294,-0.9986206126771345
108.798031175,0.05270188230881071,0.007613175788905459,-0.9985812691791867
108.798354064,0.042576422650587996,0.010990201372700207,-0.9990327640813719
108.79885122,0.04113913889646885,0.005696706075166208,-0.9991371871723873
108.799172378,0.044540107074037216,-0.008172002722228011,-0.9989741724555952
108.799509843,0.04329113720138768,-0.010441620538657872,-0.9990079329016047
