,times,Mean Divergence
0,0.0,1.4933930977416245
1,0.1,2.0514782016370767
2,0.2,2.1023848508910574
3,0.30000000000000004,2.1825979690927566
4,0.4,2.1745910130022916
5,0.5,2.0997089704824097
6,0.6000000000000001,2.085515552607529
7,0.7000000000000001,1.5254782335739083
