,times,Mean Divergence
0,0.0,2.298621750893099
1,0.01,2.5260080592695755
2,0.02,2.603521546466733
3,0.03,2.6705903667254374
4,0.04,2.618026540306222
5,0.05,2.5445711090570864
6,0.06,2.499991271819869
7,0.07,2.3199665595939436
8,0.08,2.5282528776003943
9,0.09,2.6053246542624007
10,0.1,2.6706131644257582
11,0.11,2.6178868548381624
