,times,Mean Divergence
0,0.0,2.2974301995416613
1,0.01,2.526032680192343
2,0.02,2.601807718508982
3,0.03,2.6705861348427513
4,0.04,2.618224617702011
5,0.05,2.543891549921873
6,0.06,2.500329076048325
7,0.07,2.3193205304219915
