,times,Mean Divergence
0,0.0,2.2974301995416613
1,0.1,2.526032680192343
2,0.2,2.601807718508982
3,0.30000000000000004,2.6705861348427513
4,0.4,2.618224617702011
5,0.5,2.543891549921873
6,0.6000000000000001,2.500329076048325
7,0.7000000000000001,2.3193205304219915
